date,open,high,low,close,volume,funding_rate
2020-06-16,0.2525,0.289,0.2286,0.2355,18727197.1,0.0003
2020-06-17,0.2353,0.2473,0.2301,0.2446,26630853.6,0.00031824
2020-06-18,0.2446,0.2514,0.2378,0.2406,61713908.0,0.00190404
2020-06-19,0.2405,0.2405,0.2313,0.2321,53412828.2,0.0003
2020-06-20,0.2321,0.2351,0.2265,0.2312,33250099.0,0.00057524
2020-06-21,0.2312,0.2405,0.2312,0.2325,38937815.8,0.0003
2020-06-22,0.2325,0.2416,0.2324,0.2414,49057922.1,0.0003
2020-06-23,0.2414,0.2515,0.2357,0.2498,111031891.3,0.00121831
2020-06-24,0.2497,0.2571,0.2312,0.2387,389331738.0,0.00058326
2020-06-25,0.2387,0.2398,0.2245,0.2353,22490797.0,0.0003
2020-06-26,0.2353,0.2353,0.221,0.2234,17346450.1,0.0003
2020-06-27,0.2234,0.2235,0.1948,0.2052,22725094.7,0.0003
2020-06-28,0.2052,0.2125,0.1982,0.2077,12535123.4,0.0003
2020-06-29,0.2077,0.2152,0.2063,0.2135,13455775.9,0.0003
2020-06-30,0.2132,0.2141,0.2068,0.2083,5947841.6,4.280000000000007e-06
2020-07-01,0.2082,0.2178,0.2073,0.2139,10467348.4,0.0003
2020-07-02,0.2137,0.2184,0.2005,0.205,13607495.4,4.5740000000000006e-05
2020-07-03,0.2049,0.2081,0.2021,0.2038,8869347.8,0.0003
2020-07-04,0.2038,0.218,0.2031,0.2178,15172748.4,0.0003
2020-07-05,0.2178,0.2195,0.209,0.2154,15765869.0,0.00035612
2020-07-06,0.2154,0.2319,0.2153,0.2293,30841709.1,0.0014422799999999
2020-07-07,0.2295,0.237,0.2235,0.2333,27746292.7,0.00115925
2020-07-08,0.2333,0.2533,0.229,0.2474,43526297.8,0.0011246
2020-07-09,0.2474,0.2555,0.2326,0.2418,51721542.5,0.00121846
2020-07-10,0.2418,0.2536,0.2275,0.2501,36243710.5,0.0003
2020-07-11,0.2501,0.2935,0.2486,0.2795,138958075.3,0.0003
2020-07-12,0.2795,0.2867,0.2605,0.2797,46893879.0,0.0010339
2020-07-13,0.2797,0.2916,0.259,0.2655,62775742.5,0.00280205
2020-07-14,0.2655,0.2777,0.2496,0.2724,45097340.2,0.00052846
2020-07-15,0.2723,0.2923,0.2609,0.2881,65266490.0,0.0003
2020-07-16,0.2881,0.3597,0.2642,0.3533,267825308.9,0.0003
2020-07-17,0.3531,0.3844,0.3321,0.3461,175495944.5,-0.00232233
2020-07-18,0.3461,0.3641,0.332,0.3559,69321147.7,0.0003
2020-07-19,0.356,0.3988,0.3397,0.3871,81356399.0,0.0003
2020-07-20,0.3871,0.3923,0.3421,0.3569,130636025.2,-0.0011498799999999
2020-07-21,0.3564,0.3703,0.3359,0.3472,75591455.8,0.0009197
2020-07-22,0.3469,0.3595,0.3432,0.3475,43116032.3,0.00110149
2020-07-23,0.3477,0.35,0.323,0.3295,50343172.4,0.0016911399999999
2020-07-24,0.3295,0.3317,0.3102,0.3129,45524172.7,0.0026871
2020-07-25,0.3129,0.3374,0.311,0.3199,47493441.2,0.00114925
2020-07-26,0.32,0.3333,0.3047,0.3212,50565977.5,0.00421356
2020-07-27,0.3215,0.325,0.2677,0.288,99079171.0,0.00141983
2020-07-28,0.2881,0.3173,0.2777,0.3149,73500655.0,0.00094233
2020-07-29,0.3149,0.3287,0.3068,0.3085,56395131.8,0.00157549
2020-07-30,0.3085,0.3471,0.3037,0.335,96009005.2,0.00196428
2020-07-31,0.3347,0.349,0.3175,0.3273,39115128.8,0.00150626
2020-08-01,0.3276,0.3374,0.3224,0.3285,41346696.8,0.00298013
2020-08-02,0.3285,0.3384,0.245,0.3021,67607219.1,0.00282065
2020-08-03,0.3022,0.3237,0.2983,0.31,36050905.3,0.0004392499999999
2020-08-04,0.31,0.3328,0.31,0.3273,37492410.8,0.00136001
2020-08-05,0.3273,0.3475,0.322,0.3355,76022426.1,0.00242994
2020-08-06,0.3354,0.375,0.3342,0.3649,98050777.7,0.0032543299999999
2020-08-07,0.3649,0.3812,0.3365,0.3702,80170518.7,0.00291087
2020-08-08,0.3701,0.4629,0.3684,0.4534,142043120.5,0.00082325
2020-08-09,0.4535,0.4722,0.4101,0.4254,114659624.8,0.00197117
2020-08-10,0.4254,0.4897,0.4055,0.4707,131767775.0,0.00412274
2020-08-11,0.4707,0.4903,0.3931,0.4375,130100729.0,0.00297917
2020-08-12,0.4373,0.5446,0.4066,0.5242,148192509.9,0.00105107
2020-08-13,0.5242,0.6983,0.4977,0.6718,275647117.9,0.00211301
2020-08-14,0.672,0.7647,0.6212,0.6411,178256041.3,0.00190657
2020-08-15,0.6395,0.7111,0.6,0.6376,110968231.2,0.00371569
2020-08-16,0.6376,0.669,0.6176,0.631,90293227.3,0.0053764799999999
2020-08-17,0.631,0.695,0.5819,0.5885,100497610.9,0.00476608
2020-08-18,0.5886,0.6088,0.5065,0.5575,114041946.3,0.00392247
2020-08-19,0.5575,0.6285,0.5,0.5977,160198171.2,0.00088607
2020-08-20,0.5979,0.6679,0.5928,0.6274,104889635.8,0.00030965
2020-08-21,0.6278,0.6369,0.5241,0.5329,111848114.7,0.0010726499999999
2020-08-22,0.5325,0.587,0.511,0.5651,91000857.6,0.00035794
2020-08-23,0.5642,0.639,0.5439,0.6165,85775153.8,0.00051863
2020-08-24,0.6166,0.6656,0.5935,0.6306,95823648.5,0.00247566
2020-08-25,0.63,0.6409,0.5285,0.5616,98977230.7,0.00243172
2020-08-26,0.5616,0.59,0.5298,0.5507,63081968.5,0.00041857
2020-08-27,0.5509,0.5599,0.4909,0.5228,67724423.5,0.00105848
2020-08-28,0.5231,0.5634,0.513,0.5349,48174324.8,0.0003
2020-08-29,0.5351,0.5499,0.5244,0.5353,31981278.2,0.00190521
2020-08-30,0.535,0.5525,0.5105,0.5187,41845911.4,0.00432852
2020-08-31,0.519,0.5283,0.5024,0.5024,32234218.8,0.0028085
2020-09-01,0.5024,0.5544,0.491,0.5175,72131369.1,0.00265013
2020-09-02,0.5178,0.5285,0.411,0.464,88494138.4,0.00303864
2020-09-03,0.4644,0.472,0.3252,0.3482,98871787.3,0.0003
2020-09-04,0.3476,0.3873,0.3317,0.374,88533087.9,0.0003
2020-09-05,0.374,0.4,0.315,0.342,67536353.9,0.0003
2020-09-06,0.3416,0.387,0.3181,0.3752,49494032.8,0.0003
2020-09-07,0.3753,0.3848,0.3284,0.3725,56086731.5,0.0003
2020-09-08,0.3726,0.3766,0.3359,0.3487,38370850.6,0.0003
2020-09-09,0.3485,0.4329,0.337,0.4131,74565268.6,0.0003
2020-09-10,0.4131,0.45,0.4008,0.4137,79001868.1,0.0003
2020-09-11,0.413,0.4151,0.39,0.411,44156629.0,0.0003
2020-09-12,0.4108,0.4185,0.3972,0.4085,39372102.3,0.0003
2020-09-13,0.409,0.4165,0.3561,0.3773,41394582.1,0.0003
2020-09-14,0.3775,0.3903,0.364,0.3817,23352835.8,0.0003
2020-09-15,0.3822,0.3888,0.3512,0.354,33100590.5,0.0003
2020-09-16,0.354,0.3629,0.3363,0.3591,28437072.4,0.0003
2020-09-17,0.3593,0.3763,0.3455,0.3564,38499123.1,0.0003
2020-09-18,0.3565,0.3634,0.3281,0.3366,37829160.9,0.0003
2020-09-19,0.3366,0.3459,0.3259,0.3421,21608282.3,0.0003
2020-09-20,0.3419,0.3592,0.3111,0.3276,43270083.1,0.0003
2020-09-21,0.3275,0.3303,0.2739,0.2873,87421012.8,0.0003
2020-09-22,0.2874,0.3132,0.2763,0.3059,52267183.2,0.0003
2020-09-23,0.3062,0.3098,0.2624,0.2689,55790723.5,0.0003
2020-09-24,0.2692,0.3019,0.2633,0.2938,38856210.9,0.0003
2020-09-25,0.2938,0.3276,0.2873,0.3172,52618441.4,0.0003
2020-09-26,0.3175,0.342,0.3135,0.3254,48187320.4,0.0003
2020-09-27,0.3251,0.3276,0.3026,0.3205,30696538.5,0.0003
2020-09-28,0.3203,0.3503,0.3191,0.3271,47756826.0,0.0003
2020-09-29,0.3274,0.344,0.3182,0.3394,51365815.5,0.0003
2020-09-30,0.3395,0.3559,0.32,0.3468,52598465.8,0.0003
2020-10-01,0.347,0.373,0.3245,0.3348,66126767.0,0.0003
2020-10-02,0.3347,0.3402,0.2911,0.3155,61284604.2,0.0003
2020-10-03,0.3158,0.3293,0.3123,0.315,24244840.4,0.0003
2020-10-04,0.315,0.3202,0.3059,0.3121,19519287.3,0.0003
2020-10-05,0.3124,0.3224,0.3074,0.3182,19231203.3,0.0003
2020-10-06,0.3181,0.3212,0.2815,0.2859,35585419.1,0.0003
2020-10-07,0.2863,0.3108,0.2765,0.3065,45735962.7,0.0003
2020-10-08,0.3062,0.315,0.288,0.3085,43412434.2,0.0003
2020-10-09,0.3084,0.3325,0.3003,0.3286,34913325.0,0.0003
2020-10-10,0.3287,0.3399,0.3202,0.3267,34533033.8,0.0003
2020-10-11,0.3264,0.3386,0.3164,0.3321,36783816.3,0.0003
2020-10-12,0.3321,0.3633,0.3285,0.3445,84708586.3,0.0003
2020-10-13,0.3444,0.3567,0.3317,0.3427,36444961.7,0.0003
2020-10-14,0.343,0.348,0.32,0.3277,40467538.0,0.0003
2020-10-15,0.3278,0.3329,0.306,0.315,48540669.1,0.0003
2020-10-16,0.3148,0.3168,0.2942,0.3,31047838.8,0.0003
2020-10-17,0.3,0.318,0.299,0.3133,31203809.2,0.0003
2020-10-18,0.3132,0.3175,0.3097,0.316,15701667.2,0.0003
2020-10-19,0.3156,0.3179,0.3018,0.3036,23423778.4,0.0003
2020-10-20,0.3037,0.3042,0.2813,0.2866,30943780.6,0.0003
2020-10-21,0.287,0.3127,0.285,0.3015,36097569.4,0.0003
2020-10-22,0.3018,0.3261,0.3011,0.3166,33894488.8,0.0005747
2020-10-23,0.3165,0.3246,0.3017,0.3097,29008704.2,0.0004303
2020-10-24,0.3097,0.3136,0.3036,0.308,17843222.1,0.00067799
2020-10-25,0.3079,0.3125,0.2977,0.3025,19903077.7,0.00043856
2020-10-26,0.3026,0.3071,0.2845,0.2911,32133983.1,0.00066361
2020-10-27,0.291,0.3009,0.2834,0.2881,34696926.4,0.0003
2020-10-28,0.2882,0.2929,0.2678,0.2767,52465715.0,0.0003
2020-10-29,0.2767,0.2846,0.254,0.2573,45510116.6,0.0003
2020-10-30,0.2573,0.2587,0.236,0.2541,76891962.4,0.0003
2020-10-31,0.2541,0.2645,0.2485,0.2488,28989179.0,0.0003
2020-11-01,0.2488,0.262,0.2445,0.259,23835299.0,0.0003
2020-11-02,0.2591,0.2625,0.2432,0.2472,35138766.1,0.0003
2020-11-03,0.2471,0.2471,0.2256,0.2338,42735379.7,0.0003
2020-11-04,0.2338,0.2444,0.2224,0.2386,38064826.0,0.0003
2020-11-05,0.2387,0.255,0.234,0.2482,47000887.9,0.0003
2020-11-06,0.2484,0.2826,0.2481,0.2769,67397684.8,0.00038015
2020-11-07,0.277,0.2981,0.242,0.2583,134468090.7,0.0004885
2020-11-08,0.2581,0.2765,0.2539,0.2667,41746488.7,0.0003
2020-11-09,0.2666,0.2738,0.2535,0.2609,48432338.3,0.0003
2020-11-10,0.2609,0.2935,0.2564,0.2889,81388624.9,0.0003
2020-11-11,0.2891,0.2962,0.2769,0.2788,58242400.1,0.0003
2020-11-12,0.2787,0.2788,0.2606,0.2668,41634925.2,0.00038655
2020-11-13,0.2668,0.2827,0.2631,0.281,47065397.8,0.00045249
2020-11-14,0.2808,0.2815,0.2627,0.2665,39292768.5,0.00092204
2020-11-15,0.2666,0.2735,0.2493,0.2572,58711479.9,0.00133458
2020-11-16,0.2572,0.2743,0.2541,0.2716,50040356.8,0.00049451
2020-11-17,0.2716,0.2799,0.2685,0.2754,54311079.9,0.00078863
2020-11-18,0.2755,0.2799,0.2532,0.2674,68132808.8,0.00208048
2020-11-19,0.2677,0.2728,0.2551,0.2658,43141118.0,0.00072759
2020-11-20,0.2659,0.29,0.2644,0.2851,72115283.9,0.00224194
2020-11-21,0.2852,0.3266,0.2847,0.3176,119180400.5,0.00317699
2020-11-22,0.3181,0.3253,0.2794,0.2987,121007540.5,0.00202353
2020-11-23,0.2988,0.3424,0.2939,0.3365,122164444.8,0.00231282
2020-11-24,0.3368,0.3777,0.3274,0.3589,191300487.3,0.00237779
2020-11-25,0.3588,0.4225,0.3303,0.3432,195347235.3,0.00155292
2020-11-26,0.3428,0.3577,0.2772,0.3016,178111090.0,0.0003
2020-11-27,0.3018,0.3166,0.2847,0.3005,47885425.9,0.0003
2020-11-28,0.3002,0.3246,0.295,0.3128,45958847.3,0.0003
2020-11-29,0.3127,0.324,0.3008,0.3173,42533153.0,0.0003
2020-11-30,0.3174,0.3359,0.3126,0.3295,66745906.3,0.0003
2020-12-01,0.3294,0.348,0.3033,0.3084,79937612.1,0.0005042
2020-12-02,0.3083,0.3499,0.2988,0.3413,90503026.5,0.0003
2020-12-03,0.3412,0.3583,0.3377,0.3405,65759528.6,0.0003
2020-12-04,0.3404,0.3743,0.3219,0.3259,105079500.1,0.0003
2020-12-05,0.326,0.3515,0.3176,0.3436,56892072.4,0.0003
2020-12-06,0.3436,0.3496,0.3272,0.337,51098264.2,0.0003
2020-12-07,0.3374,0.3442,0.3236,0.3315,33713403.2,0.0003
2020-12-08,0.3315,0.3329,0.2919,0.3014,63902240.0,0.00030504
2020-12-09,0.3013,0.3089,0.2852,0.3059,44695726.2,0.0003
2020-12-10,0.3057,0.3079,0.2912,0.2942,25550174.3,0.0003
2020-12-11,0.2943,0.296,0.2762,0.2886,33258594.3,0.0003
2020-12-12,0.2884,0.3167,0.2881,0.3095,46795531.4,0.0003
2020-12-13,0.3093,0.3204,0.305,0.3093,32800476.7,0.0003
2020-12-14,0.3094,0.3191,0.3033,0.313,32494340.7,0.0003
2020-12-15,0.3131,0.3403,0.3131,0.3252,51719049.8,0.0003
2020-12-16,0.3253,0.345,0.3178,0.3402,57845852.1,0.00046403
2020-12-17,0.3405,0.359,0.3232,0.333,96568286.3,0.00222979
2020-12-18,0.333,0.3659,0.3169,0.3537,95218961.5,0.00111824
2020-12-19,0.3538,0.3849,0.351,0.3558,85949512.4,0.00117249
2020-12-20,0.356,0.3588,0.3279,0.34,54127487.7,0.00041942
2020-12-21,0.3399,0.3672,0.3123,0.3249,65697392.5,0.0003
2020-12-22,0.3247,0.3486,0.3171,0.3365,48830027.6,0.0003
2020-12-23,0.3366,0.3523,0.2644,0.2892,81937752.0,0.0003
2020-12-24,0.2891,0.3149,0.2806,0.3144,38176286.0,0.0003
2020-12-25,0.3144,0.3294,0.303,0.309,42802778.4,0.0003
2020-12-26,0.3091,0.322,0.2992,0.3093,36526497.5,0.0003
2020-12-27,0.3096,0.3385,0.3,0.3193,58503906.7,0.0003
2020-12-28,0.3193,0.3583,0.3154,0.3581,52764988.9,0.0003
2020-12-29,0.3582,0.3631,0.3203,0.3468,70369147.7,0.0003
2020-12-30,0.3469,0.36,0.3272,0.3357,41848776.7,0.0003
2020-12-31,0.3357,0.3373,0.3151,0.3361,39277464.6,0.0003
2021-01-01,0.3363,0.4334,0.3315,0.3987,224658043.0,0.0003
2021-01-02,0.3987,0.4634,0.3806,0.408,235249576.8,0.0006142
2021-01-03,0.4083,0.439,0.399,0.4278,123872741.8,0.00150382
2021-01-04,0.4272,0.463,0.3676,0.4461,150606365.4,0.00460521
2021-01-05,0.4468,0.4964,0.4027,0.4796,199994367.3,0.00095572
2021-01-06,0.4803,0.5334,0.458,0.5128,144971311.5,0.0039431
2021-01-07,0.5129,0.5222,0.4317,0.4624,109653760.3,0.00261835
2021-01-08,0.4628,0.4892,0.4115,0.4563,98251864.9,0.00097035
2021-01-09,0.456,0.4955,0.4372,0.4858,62839971.0,0.00077675
2021-01-10,0.486,0.5163,0.4147,0.4592,96626921.2,0.0029146
2021-01-11,0.459,0.4613,0.3711,0.4172,96127175.5,0.00033972
2021-01-12,0.4178,0.431,0.3914,0.3992,51681340.8,0.0003
2021-01-13,0.3992,0.4528,0.3811,0.4504,54105831.3,0.0003
2021-01-14,0.4505,0.4677,0.43,0.4568,47849296.3,0.0003
2021-01-15,0.4563,0.4992,0.4248,0.4866,93421124.9,0.00050484
2021-01-16,0.4867,0.5524,0.4848,0.5195,98657370.9,0.00097264
2021-01-17,0.52,0.5901,0.4827,0.5883,97748991.9,0.00076299
2021-01-18,0.5876,0.6109,0.5423,0.5682,70171368.4,0.00200648
2021-01-19,0.5683,0.579,0.5149,0.5221,53850309.5,0.00367745
2021-01-20,0.5223,0.5501,0.4858,0.5483,53923308.0,0.00098895
2021-01-21,0.5483,0.5507,0.4489,0.4616,47191615.1,0.0003
2021-01-22,0.4616,0.5388,0.429,0.5085,55779622.0,0.0003
2021-01-23,0.5086,0.5724,0.5015,0.5567,65911199.5,0.0003
2021-01-24,0.5566,0.5832,0.5464,0.5631,48035523.6,0.0003
2021-01-25,0.5634,0.635,0.5506,0.5562,84397235.4,0.00109221
2021-01-26,0.5558,0.618,0.5353,0.6005,53585903.8,0.0003
2021-01-27,0.6005,0.6019,0.5248,0.5414,39538378.4,0.0003
2021-01-28,0.5414,0.58,0.5256,0.5589,39892489.5,0.0003
2021-01-29,0.5595,0.6875,0.5532,0.6376,81109575.8,0.00110688
2021-01-30,0.6379,0.7043,0.6137,0.6657,83189197.8,0.00041322
2021-01-31,0.6652,0.7036,0.6209,0.6531,56579408.0,0.00088209
2021-02-01,0.6531,0.6688,0.6165,0.6452,48578190.2,0.00098278
2021-02-02,0.6451,0.6747,0.6258,0.652,45190579.3,0.00233516
2021-02-03,0.6517,0.7546,0.6492,0.7472,66305032.2,0.0038062599999999
2021-02-04,0.7472,0.7675,0.668,0.7076,72677101.4,0.0039117299999999
2021-02-05,0.7075,0.8943,0.7005,0.8357,91288909.0,0.00413275
2021-02-06,0.8363,0.8671,0.735,0.8119,78083901.8,0.00239732
2021-02-07,0.812,0.879,0.7678,0.8461,92949267.1,0.00221208
2021-02-08,0.8456,1.0968,0.8389,1.0059,138777014.2,0.00272199
2021-02-09,1.0042,1.0829,0.9643,1.0314,91175579.0,0.00475627
2021-02-10,1.0315,1.0548,0.9077,1.0345,85718269.6,0.0048571
2021-02-11,1.0339,1.3083,1.0337,1.2389,122165076.2,0.00384193
2021-02-12,1.2392,1.8513,1.178,1.7223,172847072.7,0.00344043
2021-02-13,1.7224,1.8046,1.35,1.6762,143930525.2,0.00620558
2021-02-14,1.6772,1.6971,1.4015,1.4738,71953009.8,0.00588346
2021-02-15,1.4737,1.55,1.0023,1.358,115339805.4,0.0017746899999999
2021-02-16,1.3584,1.4731,1.2665,1.3168,66646963.6,0.00247235
2021-02-17,1.3158,1.4268,1.2,1.3704,85267313.6,0.00304447
2021-02-18,1.3705,1.4592,1.3478,1.3994,70122865.4,0.00674602
2021-02-19,1.4005,1.44,1.3,1.3769,67677415.9,0.00777523
2021-02-20,1.3775,1.5046,1.2188,1.3114,114498352.5,0.01133513
2021-02-21,1.3113,1.359,1.2642,1.3091,50608871.8,0.0023137
2021-02-22,1.3091,1.3222,0.9329,1.1448,113291667.1,0.00214342
2021-02-23,1.1446,1.1522,0.8265,1.0055,153347987.9,0.0003
2021-02-24,1.0058,1.1871,0.9543,1.0591,84201338.8,0.0003
2021-02-25,1.0598,1.1517,0.9702,0.9828,78810109.6,0.0003
2021-02-26,0.9831,1.0533,0.898,0.9723,81469187.7,0.0003
2021-02-27,0.9719,1.1954,0.9716,1.0972,93011325.4,0.0003
2021-02-28,1.0971,1.1331,0.9435,1.0226,101055041.5,0.0003
2021-03-01,1.0226,1.1123,1.0062,1.0917,61500808.7,0.0003
2021-03-02,1.0913,1.1681,1.04,1.084,91716440.1,0.00045638
2021-03-03,1.0838,1.2367,1.0588,1.1803,109791479.1,0.00128149
2021-03-04,1.1813,1.2545,1.0502,1.0915,85360897.1,0.00172651
2021-03-05,1.092,1.0974,1.005,1.0544,63095778.4,0.0003641799999999
2021-03-06,1.0544,1.0725,1.005,1.0524,39925564.5,0.0009313699999999
2021-03-07,1.0524,1.14,1.0514,1.1088,62214955.8,0.00174163
2021-03-08,1.1095,1.1701,1.063,1.1582,67693972.1,0.00240589
2021-03-09,1.1582,1.1894,1.1163,1.1852,72379619.2,0.00396874
2021-03-10,1.1853,1.2343,1.08,1.1099,81312165.7,0.00429205
2021-03-11,1.1103,1.1296,1.0494,1.0855,63889621.2,0.00223681
2021-03-12,1.0853,1.1588,1.0291,1.0515,105357348.4,0.00407042
2021-03-13,1.0516,1.1776,1.0141,1.1422,90626919.7,0.00235032
2021-03-14,1.1421,1.1745,1.0883,1.1166,95526539.9,0.0047809
2021-03-15,1.1173,1.3522,1.112,1.1947,225336592.0,0.0033956
2021-03-16,1.1943,1.2512,1.12,1.2045,125279868.8,0.00184376
2021-03-17,1.2046,1.3,1.1551,1.2904,91033230.1,0.0032308199999999
2021-03-18,1.2903,1.387,1.24,1.2583,103746511.2,0.0033913199999999
2021-03-19,1.258,1.3138,1.2112,1.251,51142214.0,0.00210504
2021-03-20,1.2509,1.3184,1.202,1.2103,46697121.9,0.0034958
2021-03-21,1.2107,1.2384,1.1515,1.1808,56099032.8,0.00188954
2021-03-22,1.1812,1.2319,1.0634,1.1031,66579300.8,0.00217619
2021-03-23,1.1036,1.1602,1.0632,1.1114,61975674.5,0.00048405
2021-03-24,1.1114,1.1857,0.9814,1.028,78127987.2,0.00083903
2021-03-25,1.0283,1.0782,0.9728,1.0439,84349409.0,0.0003
2021-03-26,1.0438,1.1261,1.0407,1.1178,55136558.7,0.00031085
2021-03-27,1.118,1.22,1.093,1.1611,98497038.1,0.0010475699999999
2021-03-28,1.1613,1.2701,1.148,1.2376,88456162.8,0.00185213
2021-03-29,1.2374,1.4544,1.2179,1.4054,114339466.5,0.00222346
2021-03-30,1.4059,1.4335,1.305,1.3269,92391938.0,0.00357248
2021-03-31,1.327,1.3749,1.243,1.3683,92312836.0,0.00440949
2021-04-01,1.3684,1.4059,1.2928,1.3242,58338779.3,0.00424209
2021-04-02,1.3246,1.3738,1.3055,1.3628,49293475.2,0.00566235
2021-04-03,1.3628,1.4737,1.2613,1.264,107145461.6,0.0063184
2021-04-04,1.2639,1.3515,1.2342,1.3115,56464799.8,0.0015882799999999
2021-04-05,1.3113,1.4347,1.2733,1.4048,74081604.4,0.00327286
2021-04-06,1.405,1.4945,1.352,1.4014,88776550.4,0.00507132
2021-04-07,1.4011,1.4854,1.25,1.3043,98892921.2,0.00266817
2021-04-08,1.3047,1.3831,1.295,1.3533,53739315.0,0.00227176
2021-04-09,1.3533,1.4323,1.322,1.3955,58855424.0,0.0036316
2021-04-10,1.3952,1.4807,1.3573,1.393,54125782.2,0.00412729
2021-04-11,1.393,1.551,1.3653,1.5245,72925931.2,0.00458642
2021-04-12,1.5251,1.6031,1.4346,1.4852,86392775.4,0.00617968
2021-04-13,1.4853,1.5613,1.4203,1.5187,66983005.7,0.00579283
2021-04-14,1.5187,1.5363,1.3755,1.4664,67809058.4,0.00684737
2021-04-15,1.4667,1.6287,1.4506,1.5733,85703403.2,0.00474373
2021-04-16,1.5733,1.6028,1.4106,1.5086,78359876.3,0.00590222
2021-04-17,1.5087,1.803,1.5086,1.7055,144391201.7,0.00444062
2021-04-18,1.7066,1.7259,1.181,1.4584,163289935.7,0.00175249
2021-04-19,1.459,1.5134,1.2856,1.2931,86789998.4,0.0003
2021-04-20,1.2929,1.3506,1.1586,1.2921,87341657.9,0.0003
2021-04-21,1.2925,1.3445,1.1916,1.2111,95518405.8,0.0003
2021-04-22,1.2118,1.3266,1.13,1.1621,93764938.8,0.00059608
2021-04-23,1.1618,1.1958,0.9133,1.1678,111753248.4,0.0003
2021-04-24,1.1677,1.171,1.0764,1.0875,39705114.5,0.0003
2021-04-25,1.0878,1.1924,1.0478,1.0937,51460496.3,-0.0010218
2021-04-26,1.0936,1.2494,1.081,1.2357,57440724.8,0.0003
2021-04-27,1.2356,1.3332,1.2225,1.3087,48100654.0,0.0003
2021-04-28,1.3088,1.3379,1.2103,1.2903,43708213.1,0.0003
2021-04-29,1.29,1.3845,1.243,1.3229,65146600.2,0.000418
2021-04-30,1.3227,1.4492,1.2947,1.4037,54991262.3,0.0003
2021-05-01,1.4035,1.422,1.3481,1.3958,40533990.2,0.00114098
2021-05-02,1.3958,1.4149,1.3221,1.3891,43337851.8,0.00089262
2021-05-03,1.389,1.4762,1.389,1.4375,45387899.0,0.0009710699999999
2021-05-04,1.4388,1.4478,1.2729,1.2738,58893053.5,0.00107516
2021-05-05,1.2743,1.4555,1.2543,1.4441,45744963.2,0.00050672
2021-05-06,1.4439,1.5834,1.4135,1.5469,75291250.3,0.00299118
2021-05-07,1.5468,1.6991,1.4725,1.5786,83797526.8,0.00172464
2021-05-08,1.579,1.6287,1.494,1.5203,41289983.0,0.00202425
2021-05-09,1.521,1.5338,1.4288,1.5168,43257460.8,0.00196078
2021-05-10,1.5176,1.559,1.3043,1.3703,59787584.8,0.00262736
2021-05-11,1.3706,1.4805,1.3253,1.4764,43825542.4,0.0003
2021-05-12,1.4765,1.5019,1.2395,1.2711,58839521.6,0.00060648
2021-05-13,1.2711,1.4539,1.1922,1.3527,88429508.9,0.0003
2021-05-14,1.3535,1.4931,1.3224,1.4794,85456379.6,0.0003
2021-05-15,1.4794,1.5346,1.3724,1.391,81108508.9,0.0003
2021-05-16,1.3904,1.544,1.3354,1.398,71786997.2,0.00077316
2021-05-17,1.3985,1.4146,1.256,1.2872,71746043.8,0.00040783
2021-05-18,1.287,1.3942,1.262,1.3663,54805793.5,0.0003
2021-05-19,1.3671,1.39,0.7321,0.9328,129848887.6,-0.0073
2021-05-20,0.9332,1.1196,0.8366,1.1097,95708591.3,0.0003
2021-05-21,1.11,1.1478,0.8453,0.9722,70847666.9,0.0003
2021-05-22,0.9731,1.012,0.8536,0.9734,57229940.2,0.00025506
2021-05-23,0.974,1.0394,0.6759,0.8173,89706272.0,0.0003
2021-05-24,0.8176,1.0048,0.799,0.9815,59757675.8,0.0003
2021-05-25,0.9821,1.0178,0.8669,0.9758,55463175.1,0.0003
2021-05-26,0.9758,1.0598,0.9537,1.0244,49625730.1,0.0003
2021-05-27,1.0244,1.0342,0.9349,0.9755,34138804.1,0.0003
2021-05-28,0.9757,0.9877,0.845,0.9002,39592800.0,0.0003
2021-05-29,0.9004,0.9306,0.7897,0.831,35808965.9,0.0003
2021-05-30,0.831,0.8937,0.7784,0.8488,33347767.6,0.0003
2021-05-31,0.8476,0.938,0.8133,0.9347,36848202.2,0.0003
2021-06-01,0.9351,0.9516,0.8754,0.8949,28558995.5,0.0003
2021-06-02,0.8948,1.0697,0.8717,1.019,62283732.4,0.0003
2021-06-03,1.0198,1.1526,1.0049,1.1109,75744024.9,0.0003
2021-06-04,1.111,1.1336,0.9714,1.0277,55660777.4,0.0003
2021-06-05,1.0277,1.0929,0.9505,0.9763,37797166.4,0.0003
2021-06-06,0.976,1.0254,0.9646,1.0249,24615605.4,0.0003
2021-06-07,1.0252,1.089,0.9463,0.9628,39022443.7,0.0003
2021-06-08,0.9631,0.977,0.8555,0.9394,52219910.7,0.0003
2021-06-09,0.9398,1.14,0.9073,1.0417,140985154.3,0.0003
2021-06-10,1.0418,1.0514,0.9743,1.0491,61350095.5,0.0003
2021-06-11,1.0493,1.0811,0.9557,0.9734,70370049.6,0.0003
2021-06-12,0.9729,1.02,0.9105,0.9894,55934361.4,0.00027046
2021-06-13,0.9895,1.0664,0.9613,1.0403,45748276.9,0.00029005
2021-06-14,1.0403,1.0868,1.0232,1.055,39980726.2,0.0003
2021-06-15,1.0551,1.094,1.023,1.0321,32347528.3,0.0003
2021-06-16,1.0325,1.0562,0.9977,1.0165,28742255.8,0.0003
2021-06-17,1.0164,1.085,1.0124,1.0641,34987592.3,0.0003
2021-06-18,1.0642,1.0923,0.9603,0.9909,46151118.1,0.0003
2021-06-19,0.9909,0.9917,0.9331,0.9342,30633572.7,0.0003
2021-06-20,0.934,0.9519,0.8771,0.9343,31795022.2,0.0003
2021-06-21,0.934,0.9411,0.7495,0.7531,64802745.3,0.0003
2021-06-22,0.7532,0.8541,0.6701,0.743,94381761.4,0.0003
2021-06-23,0.743,0.8704,0.7118,0.8319,59935151.3,0.0003
2021-06-24,0.8319,0.894,0.7949,0.8743,39620219.5,0.0003
2021-06-25,0.8743,0.8985,0.7775,0.7904,44221615.1,0.0003
2021-06-26,0.7906,0.8254,0.76,0.8088,39866555.9,0.0003
2021-06-27,0.8088,0.8437,0.771,0.8354,39158884.6,0.0003
2021-06-28,0.8354,0.8655,0.8216,0.8428,34977230.9,0.0003
2021-06-29,0.8427,0.924,0.8386,0.8877,40730271.4,0.0003
2021-06-30,0.8877,0.9108,0.8331,0.8832,40323484.4,0.0003
2021-07-01,0.8835,0.8838,0.8099,0.8327,36077254.1,0.0003
2021-07-02,0.8325,0.8454,0.7978,0.845,28499587.7,0.00014243
2021-07-03,0.8452,0.8844,0.8327,0.8759,20912542.8,0.00028023
2021-07-04,0.8759,0.9138,0.8554,0.8788,24213905.4,0.0003
2021-07-05,0.8788,0.8916,0.8378,0.8719,32684717.1,0.0003
2021-07-06,0.8719,0.9317,0.8711,0.9127,39323225.2,0.0003
2021-07-07,0.9124,0.9411,0.9008,0.9056,29790134.4,0.0003
2021-07-08,0.9057,0.9076,0.8463,0.8665,36237228.8,0.0003
2021-07-09,0.8663,0.933,0.8274,0.9053,62808936.1,0.00025416
2021-07-10,0.9053,0.9221,0.8658,0.8915,32107214.3,0.0002539
2021-07-11,0.892,0.9182,0.8845,0.8941,23700070.1,0.0003
2021-07-12,0.8941,0.9042,0.8492,0.8669,25812732.0,0.0003
2021-07-13,0.8668,0.8968,0.8479,0.8747,30452047.1,0.0003
2021-07-14,0.8744,0.8809,0.8208,0.8576,28955255.9,0.00028671
2021-07-15,0.8576,0.8788,0.8189,0.8345,21436904.6,0.00025868
2021-07-16,0.8346,0.8508,0.7732,0.7834,31003892.1,0.0003
2021-07-17,0.7832,0.8066,0.7708,0.7829,25705324.2,0.00029628
2021-07-18,0.7832,0.8133,0.774,0.7975,18652553.8,0.0003
2021-07-19,0.7974,0.8084,0.7471,0.7503,24845794.9,0.0003
2021-07-20,0.7504,0.7652,0.6754,0.6952,46956277.5,0.0003
2021-07-21,0.6957,0.7823,0.6806,0.7697,44817812.0,9.961000000000002e-05
2021-07-22,0.7698,0.7993,0.7532,0.796,38479279.7,0.0003
2021-07-23,0.7959,0.8156,0.7706,0.8075,35619406.0,0.00027809
2021-07-24,0.8072,0.846,0.8027,0.8263,35976546.0,0.0003
2021-07-25,0.8261,0.9064,0.7954,0.8898,52840337.3,0.0003
2021-07-26,0.8898,0.9337,0.8385,0.847,67222739.8,0.0003
2021-07-27,0.8471,0.8717,0.8165,0.856,42274514.5,0.0003
2021-07-28,0.8563,0.8721,0.8275,0.8479,30826538.1,0.0003
2021-07-29,0.8479,0.856,0.8245,0.8464,28142263.2,0.0003
2021-07-30,0.8462,0.8555,0.8078,0.853,31089695.9,0.0003
2021-07-31,0.853,0.8591,0.8209,0.8395,42077882.2,0.0003
2021-08-01,0.8397,0.8773,0.802,0.8118,58153654.5,0.0003
2021-08-02,0.8117,0.8399,0.8003,0.8168,38424468.6,0.0003
2021-08-03,0.8165,0.8367,0.79,0.8188,32643564.5,0.0003
2021-08-04,0.8192,0.8421,0.802,0.8286,45055131.6,0.0003
2021-08-05,0.8285,0.8599,0.8104,0.851,64992578.0,0.0003
2021-08-06,0.8511,0.8699,0.8237,0.8563,58263378.2,0.00042096
2021-08-07,0.8562,0.897,0.844,0.8766,89631501.1,0.00084793
2021-08-08,0.8762,0.887,0.8174,0.8261,66095636.6,0.00072562
2021-08-09,0.8257,0.8715,0.8041,0.8557,61158589.8,0.0003
2021-08-10,0.8559,0.911,0.8387,0.884,72254679.4,0.00068633
2021-08-11,0.8841,0.972,0.8786,0.9127,131757141.7,0.00170898
2021-08-12,0.9127,0.9668,0.8538,0.8845,144199781.1,0.00134239
2021-08-13,0.8849,0.9573,0.8717,0.956,84059144.7,0.00067981
2021-08-14,0.956,0.9839,0.9109,0.9339,84939436.9,0.00120514
2021-08-15,0.9339,1.0261,0.9241,0.9973,115481865.0,0.00163468
2021-08-16,0.997,1.0299,0.9364,0.9462,102626980.1,0.00197121
2021-08-17,0.9461,0.9939,0.88,0.8841,90883420.9,0.00044444
2021-08-18,0.8849,0.9643,0.845,0.9229,83350387.9,0.0003
2021-08-19,0.9227,1.073,0.912,1.0451,202201260.1,0.0003
2021-08-20,1.0457,1.1563,1.0408,1.1383,172750944.4,0.00084515
2021-08-21,1.1387,1.2247,1.0934,1.1499,131526288.9,0.00164066
2021-08-22,1.1499,1.2466,1.1201,1.1584,88838304.9,0.00115584
2021-08-23,1.1586,1.1882,1.1103,1.1592,71052529.6,0.00157485
2021-08-24,1.1592,1.1615,1.0144,1.0374,103761984.8,0.0013821299999999
2021-08-25,1.0372,1.0807,1.001,1.0651,60355616.1,0.00034384
2021-08-26,1.0648,1.0761,0.97,0.9891,54338785.0,0.0003
2021-08-27,0.989,1.0669,0.9601,1.0653,58356233.5,0.0003
2021-08-28,1.0655,1.0763,1.0224,1.04,47651738.0,0.0003
2021-08-29,1.04,1.0679,1.0001,1.0228,55348335.1,0.00064619
2021-08-30,1.0227,1.0975,0.9766,1.0214,63272682.3,0.00044673
2021-08-31,1.0212,1.17,1.0031,1.1138,119489344.9,0.00030964
2021-09-01,1.1139,1.1869,1.0807,1.1629,83083439.4,0.00064147
2021-09-02,1.1629,1.1816,1.1225,1.1448,59940189.8,0.0019174399999999
2021-09-03,1.145,1.2722,1.1103,1.2196,134461970.4,0.00226185
2021-09-04,1.2197,1.243,1.1914,1.21,69167355.7,0.00293043
2021-09-05,1.2106,1.3519,1.1829,1.3164,108499259.2,0.00251912
2021-09-06,1.3163,1.489,1.2901,1.4606,157309970.6,0.00250873
2021-09-07,1.4608,1.518,0.992,1.2772,219396255.9,0.00096752
2021-09-08,1.2772,1.971,1.2332,1.9187,816771782.3,0.0003
2021-09-09,1.9177,2.4899,1.9043,2.3057,873968679.9,0.00046334
2021-09-10,2.3054,2.4294,1.8391,2.0158,643086924.6,0.0005059099999999
2021-09-11,2.0159,2.2927,1.96,1.9969,416489995.4,0.0003
2021-09-12,1.9963,2.4776,1.9,2.3792,458836560.4,0.00031865
2021-09-13,2.3795,2.5558,1.9203,2.1657,522811011.6,0.00038999
2021-09-14,2.1658,2.2736,1.9723,2.0399,240879075.0,0.0003
2021-09-15,2.0397,2.0942,1.9909,2.016,170238343.5,0.0003
2021-09-16,2.0163,2.2272,1.8602,2.0384,373848824.1,0.00077776
2021-09-17,2.0381,2.16,1.89,1.9245,212830709.4,0.0003
2021-09-18,1.9245,2.13,1.8952,2.0724,221114880.8,0.000465
2021-09-19,2.0727,2.1578,1.936,1.9741,209875529.0,0.00053163
2021-09-20,1.9746,1.9778,1.546,1.6726,347203098.9,0.0003
2021-09-21,1.6724,1.825,1.5137,1.5757,276943493.3,0.0003
2021-09-22,1.5759,1.8974,1.545,1.8454,228574569.0,0.00021213
2021-09-23,1.8457,2.0541,1.7881,2.0036,249437823.0,0.0003
2021-09-24,2.0035,2.0084,1.6812,1.7863,253939666.4,0.0003
2021-09-25,1.7861,1.8162,1.6901,1.73,122604294.5,0.0003
2021-09-26,1.73,1.782,1.5651,1.7755,141537233.9,0.0003
2021-09-27,1.7749,1.86,1.6671,1.6724,156382829.1,0.0003
2021-09-28,1.6729,1.72,1.5523,1.5642,103581981.1,0.0003
2021-09-29,1.5639,1.7487,1.55,1.6049,139965105.0,0.0003
2021-09-30,1.6049,1.6623,1.5717,1.6271,109258592.0,0.0003
2021-10-01,1.6276,1.8156,1.595,1.7738,150456956.5,0.0003
2021-10-02,1.7739,1.8854,1.7116,1.7701,140169583.8,0.0003
2021-10-03,1.7699,2.0017,1.7301,1.9852,219579960.9,0.0005688399999999
2021-10-04,1.9853,2.0956,1.878,1.9411,326632619.2,0.00039478
2021-10-05,1.9415,2.0654,1.9215,1.9538,141259862.1,0.00032307
2021-10-06,1.9537,1.99,1.7774,1.8163,173233410.9,0.00057328
2021-10-07,1.8165,1.9424,1.753,1.8935,162591350.5,0.00120551
2021-10-08,1.8932,2.0038,1.8786,1.9007,157456293.2,0.00138214
2021-10-09,1.901,1.9504,1.8611,1.8945,72678990.4,0.00086332
2021-10-10,1.8949,1.8957,1.7599,1.7667,76071087.9,0.00088284
2021-10-11,1.7667,1.8355,1.68,1.7178,83321833.4,0.00066627
2021-10-12,1.7177,1.762,1.6077,1.7489,130932815.8,0.0004478
2021-10-13,1.7487,1.846,1.6867,1.8375,94834619.2,0.0003
2021-10-14,1.8384,1.8858,1.7785,1.8125,104082599.5,0.0007979199999999
2021-10-15,1.8127,1.8129,1.727,1.7568,96666339.0,0.00102753
2021-10-16,1.7569,1.8547,1.7365,1.8011,101520268.1,0.00165651
2021-10-17,1.8008,1.8959,1.7208,1.7702,123009252.0,0.00177517
2021-10-18,1.7705,1.7893,1.7118,1.7377,59892506.4,0.00088495
2021-10-19,1.7378,1.7705,1.6867,1.7123,60536484.7,0.00095476
2021-10-20,1.7119,1.8269,1.6874,1.7928,81591387.1,0.00065473
2021-10-21,1.7928,1.8888,1.7502,1.7847,157161614.7,0.00229745
2021-10-22,1.7848,1.945,1.7735,1.8633,180139054.6,0.00150169
2021-10-23,1.8631,1.9445,1.847,1.9101,102435702.8,0.00145623
2021-10-24,1.9101,1.9211,1.7832,1.8175,76189819.2,0.00189688
2021-10-25,1.8175,2.0783,1.8088,2.0522,164747506.6,0.00176976
2021-10-26,2.0523,2.1047,1.95,2.0482,173553198.8,0.00271606
2021-10-27,2.0482,2.091,1.662,1.7954,210864687.7,0.00153846
2021-10-28,1.7945,1.8805,1.7505,1.8448,131839752.5,0.0003
2021-10-29,1.8444,1.9199,1.829,1.8783,95461075.7,0.00048463
2021-10-30,1.8784,1.8801,1.7694,1.8227,52962363.1,0.00060989
2021-10-31,1.8227,1.8584,1.755,1.8299,77869077.3,0.00099766
2021-11-01,1.83,1.8698,1.7778,1.8348,71937294.3,0.0011997
2021-11-02,1.8351,1.9149,1.8321,1.8661,75192652.2,0.0017532
2021-11-03,1.866,1.9817,1.8181,1.9354,130566913.0,0.0015766
2021-11-04,1.9355,1.9665,1.82,1.8592,88524615.7,0.00145356
2021-11-05,1.8594,1.9169,1.83,1.8441,71051829.9,0.00141582
2021-11-06,1.8442,1.8686,1.778,1.8376,54838324.3,0.00092097
2021-11-07,1.8376,1.8734,1.8211,1.8685,39357244.7,0.0014521
2021-11-08,1.8685,2.0916,1.8372,2.0488,182027945.5,0.00227612
2021-11-09,2.0488,2.06,1.9303,1.9484,130179997.6,0.00207384
2021-11-10,1.9484,2.2939,1.78,1.934,308015625.6,0.00211417
2021-11-11,1.9331,2.0636,1.8714,2.0213,200225608.2,0.00034578
2021-11-12,2.0217,2.3485,2.0033,2.1448,490849198.2,0.00045087
2021-11-13,2.1447,2.1636,2.0344,2.076,128000629.6,0.0004550799999999
2021-11-14,2.0761,2.1111,1.92,1.9875,118245408.3,0.00084352
2021-11-15,1.9876,2.012,1.8555,1.8923,141766506.0,0.00134085
2021-11-16,1.8923,1.8925,1.5388,1.7217,253063358.0,0.00041011
2021-11-17,1.7214,1.762,1.5952,1.6601,147655643.7,0.0003
2021-11-18,1.66,2.8717,1.6475,1.8495,1033481913.7,-0.00333262
2021-11-19,1.8496,1.908,1.7514,1.8784,208172409.0,0.0003
2021-11-20,1.8786,1.907,1.7566,1.8396,109266230.0,0.0003
2021-11-21,1.8395,1.8941,1.783,1.8287,110370907.1,0.00055053
2021-11-22,1.8295,1.8381,1.7145,1.7398,116214739.1,0.0003
2021-11-23,1.7397,1.8516,1.697,1.8381,108634966.7,0.00039425
2021-11-24,1.8382,1.8734,1.72,1.7438,103316436.2,0.00101409
2021-11-25,1.7437,1.8449,1.7262,1.8232,87463221.1,0.00089345
2021-11-26,1.8235,1.8255,1.5846,1.606,148151892.1,0.0010962
2021-11-27,1.6059,1.7247,1.6015,1.6759,78681237.1,0.0003
2021-11-28,1.676,1.7159,1.5682,1.7134,90656271.2,0.0003
2021-11-29,1.7137,1.8333,1.6912,1.7738,110574273.1,0.0003
2021-11-30,1.7739,1.8835,1.73,1.8134,125940089.8,0.0003
2021-12-01,1.8134,2.0265,1.8019,1.9616,169165950.9,0.0003
2021-12-02,1.9616,2.0448,1.8505,1.8886,143398459.3,0.00031101
2021-12-03,1.8885,1.9423,1.671,1.7465,112176546.3,0.0003
2021-12-04,1.7461,1.7461,1.317,1.6496,220210322.9,-2.0129999999999985e-05
2021-12-05,1.6495,1.765,1.5851,1.763,212711176.9,0.0003
2021-12-06,1.7631,1.8672,1.6134,1.7624,378104422.2,0.0003
2021-12-07,1.7623,1.8114,1.6623,1.6834,112498242.5,0.0003
2021-12-08,1.6834,1.7015,1.5889,1.7005,76799687.5,0.0003
2021-12-09,1.7006,1.7123,1.5425,1.5459,88651781.1,0.0003
2021-12-10,1.5457,1.5995,1.4548,1.4576,78546548.6,0.0003
2021-12-11,1.4574,1.5765,1.4291,1.5275,63162628.9,0.0003
2021-12-12,1.5274,1.5648,1.507,1.5384,45578012.7,0.0003
2021-12-13,1.5383,1.559,1.3171,1.3219,102962982.4,0.0003
2021-12-14,1.3217,1.3926,1.3091,1.3789,75059147.4,0.0003
2021-12-15,1.3789,1.4545,1.3008,1.4262,77333826.1,0.0003
2021-12-16,1.4262,1.4676,1.3823,1.3867,54004126.0,0.0003
2021-12-17,1.3867,1.4031,1.3162,1.3462,62626076.5,0.0003
2021-12-18,1.3463,1.3987,1.3244,1.3776,45807970.9,0.0003
2021-12-19,1.3776,1.4354,1.3513,1.3547,51694680.3,0.0003
2021-12-20,1.3548,1.3572,1.2553,1.2965,64309250.5,0.0003
2021-12-21,1.2966,1.3635,1.2894,1.3571,66918216.3,0.0003
2021-12-22,1.3567,1.4169,1.3421,1.3644,81513839.9,0.0003
2021-12-23,1.3646,1.4889,1.3431,1.4703,89028145.2,0.0003
2021-12-24,1.4704,1.6502,1.4454,1.5753,158009790.8,0.0003
2021-12-25,1.5753,1.5999,1.5309,1.5748,77262635.8,0.0003
2021-12-26,1.5749,1.6432,1.5445,1.6066,112693009.9,0.0003
2021-12-27,1.6071,1.7253,1.5802,1.6629,108714842.9,0.0003
2021-12-28,1.6622,1.663,1.4497,1.4647,129594912.2,0.0003
2021-12-29,1.4652,1.6442,1.406,1.5823,164749653.7,0.0003
2021-12-30,1.5826,1.7662,1.5189,1.7289,332300726.3,0.0003
2021-12-31,1.7289,1.788,1.6271,1.6591,185796894.8,0.0003
2022-01-01,1.6593,1.7709,1.6301,1.7416,79006972.2,0.0003
2022-01-02,1.7416,1.785,1.6589,1.6721,86533278.7,0.0003
2022-01-03,1.6724,1.8355,1.6251,1.7957,173994027.1,0.0003
2022-01-04,1.7957,1.8467,1.6568,1.6719,163266885.3,0.0003
2022-01-05,1.6722,1.804,1.4431,1.5542,167579181.3,0.0003
2022-01-06,1.5542,1.6043,1.4822,1.5626,114352141.0,0.0003
2022-01-07,1.5626,1.5696,1.391,1.4457,123837037.9,0.0003
2022-01-08,1.4458,1.4696,1.314,1.3846,83009373.1,0.0003
2022-01-09,1.3842,1.4406,1.3673,1.4005,54273777.0,0.0003
2022-01-10,1.4004,1.4496,1.2976,1.3619,121248671.8,0.0003
2022-01-11,1.362,1.4541,1.3481,1.446,106017747.6,0.0003
2022-01-12,1.446,1.5047,1.4371,1.499,100557671.9,0.0003
2022-01-13,1.4989,1.5016,1.341,1.3605,133906779.8,0.0003
2022-01-14,1.3603,1.4114,1.3202,1.3811,102432324.4,0.0003
2022-01-15,1.3812,1.4152,1.3567,1.3776,61060208.4,0.0003
2022-01-16,1.3776,1.4487,1.3652,1.429,75682448.4,0.0003
2022-01-17,1.4286,1.4434,1.3362,1.3414,97889302.6,0.0003
2022-01-18,1.3413,1.3614,1.2766,1.3164,86968224.6,0.0003
2022-01-19,1.3163,1.3217,1.2243,1.2643,86065727.4,0.0003
2022-01-20,1.2642,1.3266,1.1524,1.1601,99920962.6,0.0003
2022-01-21,1.16,1.1957,0.9978,1.0298,192623516.4,0.00021385
2022-01-22,1.0298,1.0611,0.7948,0.95,238847998.0,0.00014951
2022-01-23,0.9502,1.0045,0.924,0.9881,127222147.8,-4.599e-05
2022-01-24,0.9882,0.9885,0.8163,0.9121,146600986.9,0.00024833
2022-01-25,0.912,0.9492,0.8671,0.9217,123500863.9,0.0003
2022-01-26,0.9216,0.9961,0.8914,0.9223,126585602.5,0.0003
2022-01-27,0.9222,0.9564,0.8758,0.9356,108067994.6,0.0003
2022-01-28,0.9356,0.9849,0.9194,0.9576,124561293.6,0.0003
2022-01-29,0.9576,1.0068,0.9536,0.9685,90886667.3,0.0003
2022-01-30,0.9681,0.9892,0.9274,0.9436,74698772.8,0.00027527
2022-01-31,0.9437,0.9709,0.9017,0.9493,84641477.0,0.00025803
2022-02-01,0.9493,0.9915,0.9456,0.966,76861973.6,0.0003
2022-02-02,0.9659,1.0295,0.9204,0.9224,161928797.5,0.0003
2022-02-03,0.9226,0.94,0.8997,0.9351,106077317.6,0.00023158
2022-02-04,0.9349,0.9998,0.9255,0.9976,101215564.9,0.00011006
2022-02-05,0.9976,1.0444,0.9801,1.0007,86684932.2,0.0003
2022-02-06,1.0008,1.0311,0.9692,1.025,67733888.8,0.0003
2022-02-07,1.0248,1.0981,0.9978,1.07,144410759.6,0.0003
2022-02-08,1.0705,1.1019,0.9861,1.0229,135117466.9,0.0003
2022-02-09,1.0227,1.0457,0.9956,1.036,89158045.1,0.0003
2022-02-10,1.0359,1.0497,0.9722,0.9804,137490860.6,0.0003
2022-02-11,0.9805,0.9957,0.8951,0.9153,104707107.9,0.00019016
2022-02-12,0.9154,0.9398,0.8877,0.9178,66157527.9,0.00011992
2022-02-13,0.9179,0.9338,0.8812,0.8957,62755067.8,0.00024382
2022-02-14,0.8954,0.9098,0.87,0.8989,76855276.3,0.00024735
2022-02-15,0.8989,0.9748,0.8978,0.9693,88621405.8,0.00028551
2022-02-16,0.9691,1.0072,0.9518,0.9775,162225138.9,0.0003
2022-02-17,0.9772,0.9883,0.8857,0.8969,107221164.8,0.0003
2022-02-18,0.8972,0.9258,0.8722,0.8933,72031264.1,0.00013614
2022-02-19,0.8933,0.917,0.8695,0.8987,58687142.5,0.00022468
2022-02-20,0.8986,0.9,0.8309,0.8446,64108751.6,6.91e-05
2022-02-21,0.8446,0.8783,0.7782,0.7839,119998269.6,9.211e-05
2022-02-22,0.7838,0.8201,0.7576,0.81,110054661.7,5.602e-05
2022-02-23,0.81,0.8504,0.7808,0.7842,104680566.7,0.00017769
2022-02-24,0.7844,0.7963,0.6875,0.7766,183897027.7,2.009999999999989e-06
2022-02-25,0.7764,0.8404,0.7673,0.8291,105572789.7,2.0610000000000008e-05
2022-02-26,0.8293,0.8814,0.8169,0.8589,93867334.7,-0.00017558
2022-02-27,0.859,0.8628,0.7801,0.7973,105203360.4,0.00028645
2022-02-28,0.7975,0.869,0.7835,0.8671,115040066.0,5.0750000000000014e-05
2022-03-01,0.8671,0.8947,0.8352,0.8557,148776528.7,0.0003
2022-03-02,0.8558,0.8597,0.8071,0.819,116991309.6,0.0003
2022-03-03,0.819,0.8504,0.7864,0.7957,145144367.6,0.0003
2022-03-04,0.7957,0.81,0.7512,0.7597,118342991.6,-0.00025852
2022-03-05,0.7596,0.7771,0.7408,0.7731,65589229.4,0.0003
2022-03-06,0.773,0.7815,0.7423,0.7457,90725112.4,0.00010866
2022-03-07,0.7457,0.7726,0.719,0.7272,116334441.0,-5.864000000000001e-05
2022-03-08,0.7272,0.7593,0.724,0.7394,90679996.5,3.971999999999999e-05
2022-03-09,0.7395,0.7797,0.7383,0.7665,81228461.0,0.00021585
2022-03-10,0.7666,0.781,0.7217,0.7304,94630634.1,0.0002144
2022-03-11,0.7304,0.7316,0.6981,0.7011,86769856.7,0.00026301
2022-03-12,0.7011,0.7241,0.7004,0.7041,46520161.1,0.00018
2022-03-13,0.7041,0.7164,0.6725,0.6805,63419129.1,0.00022378
2022-03-14,0.6803,0.7134,0.6724,0.7056,108091437.6,-8.638e-05
2022-03-15,0.7056,0.727,0.6775,0.7156,107554143.8,0.00024346
2022-03-16,0.7156,0.7388,0.6956,0.7365,109697864.8,0.00028409
2022-03-17,0.7366,0.7609,0.7201,0.7415,105928620.3,0.0003
2022-03-18,0.7415,0.7632,0.7252,0.7548,99378604.5,0.0003
2022-03-19,0.7549,0.7805,0.751,0.7646,89924438.4,0.0003
2022-03-20,0.7647,0.7773,0.7333,0.7412,80267902.2,0.0003
2022-03-21,0.7413,0.8286,0.7292,0.8268,263893992.7,0.0003
2022-03-22,0.8271,0.8518,0.8027,0.8266,200411676.8,0.0003
2022-03-23,0.8266,0.8391,0.8038,0.8386,93659112.7,0.0003
2022-03-24,0.8386,0.908,0.8206,0.8906,173835772.3,0.0003
2022-03-25,0.8904,0.9495,0.8813,0.8886,248562193.9,0.0003
2022-03-26,0.8887,0.92,0.8729,0.9112,97817056.7,0.0003
2022-03-27,0.9112,0.9501,0.8945,0.9491,90184008.8,0.0003
2022-03-28,0.9489,0.974,0.8907,0.9066,139581963.2,0.0003
2022-03-29,0.9065,0.9645,0.8972,0.9228,149061077.1,0.0003
2022-03-30,0.9226,0.956,0.8804,0.9267,139580586.6,0.0003
2022-03-31,0.927,0.9893,0.9086,0.9295,191043124.4,0.0003
2022-04-01,0.9297,0.9626,0.888,0.9394,128915322.3,0.0003
2022-04-02,0.9399,0.9776,0.897,0.9067,138983747.2,0.0003
2022-04-03,0.9067,0.9481,0.8875,0.9359,109371756.2,0.0003
2022-04-04,0.9359,0.9374,0.8486,0.8822,166684548.6,0.0003
2022-04-05,0.8825,0.9009,0.83,0.8348,140060187.9,0.0003
2022-04-06,0.8349,0.8376,0.7639,0.7655,185319461.5,0.0003
2022-04-07,0.7654,0.8077,0.75,0.7984,119517487.4,0.0003
2022-04-08,0.7983,0.8094,0.7506,0.7582,96413987.6,0.0003
2022-04-09,0.758,0.7896,0.7567,0.7875,61688929.2,0.0003
2022-04-10,0.7876,0.7897,0.746,0.7499,59216730.1,0.0003
2022-04-11,0.7499,0.7604,0.6804,0.693,135674507.4,0.00018427
2022-04-12,0.6932,0.744,0.6851,0.7254,112600350.1,0.00010551
2022-04-13,0.7254,0.7476,0.7128,0.7457,97187172.1,0.00027126
2022-04-14,0.7457,0.7609,0.7142,0.7261,82663110.0,0.00015578
2022-04-15,0.7261,0.7429,0.7203,0.7388,67163011.1,0.00026609
2022-04-16,0.7387,0.7514,0.7273,0.7431,47569250.7,0.00028997
2022-04-17,0.743,0.7456,0.705,0.7098,66721345.6,0.0003
2022-04-18,0.7097,0.7402,0.6867,0.7363,125298884.2,0.00022369
2022-04-19,0.7362,0.7631,0.7278,0.7588,99446897.1,0.0003
2022-04-20,0.7588,0.7717,0.73,0.7415,109477153.7,0.0003
2022-04-21,0.7414,0.774,0.707,0.718,114798313.8,0.0003
2022-04-22,0.7179,0.7312,0.7108,0.7187,79693933.3,0.00014955
2022-04-23,0.7187,0.7234,0.7029,0.7067,50202177.2,0.0003
2022-04-24,0.7069,0.7143,0.696,0.7005,50330958.4,0.00029024
2022-04-25,0.7004,0.7056,0.6548,0.7027,151259718.7,0.00010325
2022-04-26,0.7027,0.7281,0.6417,0.6555,174158209.7,0.00013813
2022-04-27,0.6554,0.6782,0.6481,0.671,128479521.6,2.341000000000002e-05
2022-04-28,0.671,0.7154,0.6605,0.6979,167676837.1,0.00028893
2022-04-29,0.6979,0.7096,0.6185,0.6374,170487778.4,0.00029833
2022-04-30,0.6374,0.6393,0.5357,0.5667,138983132.2,-7.120000000000013e-06
2022-05-01,0.5665,0.6049,0.5627,0.6008,140260047.1,-0.00017352
2022-05-02,0.6008,0.6476,0.579,0.6156,224910635.9,-0.0001894
2022-05-03,0.6156,0.746,0.6105,0.6705,1636979995.5,-1.1419999999999996e-05
2022-05-04,0.6706,0.7186,0.6524,0.7151,622765075.0,0.00026076
2022-05-05,0.7152,0.73,0.612,0.6334,328220349.8,0.0003
2022-05-06,0.6335,0.7249,0.625,0.6974,741635338.1,-2.699999999999957e-07
2022-05-07,0.6971,0.7742,0.6718,0.7477,1130011520.6,0.0001038199999999
2022-05-08,0.7479,0.7865,0.7072,0.7291,1058097992.5,0.0001899
2022-05-09,0.7292,0.7554,0.5642,0.5731,893261365.1,0.00022258
2022-05-10,0.5731,0.6605,0.551,0.5841,653943642.3,7.697e-05
2022-05-11,0.5842,0.6072,0.4031,0.4502,911615510.1,-0.00041223
2022-05-12,0.4503,0.4807,0.3562,0.4229,754988221.3,-0.00040479
2022-05-13,0.4229,0.5089,0.4143,0.4428,306531574.0,0.00018845
2022-05-14,0.4429,0.4734,0.4177,0.463,182932491.3,0.00026601
2022-05-15,0.4633,0.4937,0.4435,0.4902,124439053.3,0.0003
2022-05-16,0.4902,0.4902,0.4374,0.46,235296269.1,3.100000000000004e-07
2022-05-17,0.4599,0.5085,0.4587,0.4947,247581624.8,8.946e-05
2022-05-18,0.4946,0.5042,0.4306,0.4333,220459984.8,-0.00025945
2022-05-19,0.4334,0.4639,0.4203,0.451,218151413.4,-0.00021778
2022-05-20,0.4509,0.4593,0.4192,0.433,215966412.1,-0.00013721
2022-05-21,0.4328,0.4435,0.4205,0.4347,137939546.2,-0.00012827
2022-05-22,0.4347,0.4486,0.4233,0.4423,152915164.9,-0.0003985299999999
2022-05-23,0.4422,0.4526,0.4098,0.4166,214586480.0,0.00011384
2022-05-24,0.4166,0.4218,0.3899,0.4187,183774081.1,-0.00053157
2022-05-25,0.4185,0.4222,0.3983,0.4053,154089724.1,-0.00017651
2022-05-26,0.4053,0.4123,0.3658,0.3791,184249555.0,-0.00045337
2022-05-27,0.379,0.3844,0.355,0.3603,185243046.2,-0.00014674
2022-05-28,0.3604,0.3737,0.3543,0.3667,136365709.9,-2.755000000000002e-05
2022-05-29,0.3668,0.3797,0.3521,0.3785,132791829.6,-8.995e-05
2022-05-30,0.3785,0.4237,0.3759,0.4199,185057184.6,0.00028381
2022-05-31,0.4199,0.4253,0.395,0.4112,201904800.1,0.0003
2022-06-01,0.4111,0.4287,0.3736,0.3846,258364593.7,0.00018384
2022-06-02,0.3845,0.3969,0.376,0.3945,146618685.4,-0.00012993
2022-06-03,0.3945,0.3967,0.371,0.3809,138938539.8,-4.322e-05
2022-06-04,0.3808,0.3902,0.3668,0.3878,122812217.5,-0.00012838
2022-06-05,0.3878,0.4029,0.3787,0.3916,262422683.9,-0.0002436
2022-06-06,0.3916,0.425,0.3904,0.4125,185178021.0,0.00025253
2022-06-07,0.4125,0.4133,0.3764,0.3989,189370680.4,0.00020793
2022-06-08,0.3989,0.4319,0.3983,0.4164,250940109.2,0.0003
2022-06-09,0.4164,0.4182,0.3988,0.4039,146239747.4,0.0003
2022-06-10,0.4039,0.4048,0.3622,0.3686,190108082.9,0.00023478
2022-06-11,0.3686,0.3797,0.3378,0.3503,160400485.8,-0.00025848
2022-06-12,0.3503,0.3517,0.3229,0.3242,191448391.4,-0.00042563
2022-06-13,0.3242,0.3291,0.2876,0.3041,485272358.5,-0.00077091
2022-06-14,0.3041,0.3115,0.2818,0.3084,346734187.5,4.881e-05
2022-06-15,0.3084,0.3415,0.278,0.3402,573277666.5,-0.00035847
2022-06-16,0.3402,0.3447,0.2953,0.3016,249244069.5,0.0001388
2022-06-17,0.3017,0.3178,0.2984,0.3098,175541218.6,0.0001836
2022-06-18,0.3099,0.3147,0.2745,0.2954,219193241.4,0.00020401
2022-06-19,0.2955,0.3189,0.2845,0.3143,173497472.0,7.779e-05
2022-06-20,0.3143,0.3268,0.3012,0.3186,189569884.5,0.0003
2022-06-21,0.3185,0.3439,0.3142,0.3254,151501433.6,0.0003
2022-06-22,0.3255,0.3319,0.3116,0.3137,130582032.5,0.00014871
2022-06-23,0.3137,0.3377,0.3116,0.3358,141755327.4,0.0003
2022-06-24,0.3358,0.3584,0.3343,0.3497,144400783.2,0.0003
2022-06-25,0.3497,0.3572,0.3343,0.3513,113117632.7,0.0003
2022-06-26,0.3516,0.3602,0.3308,0.3315,117251695.9,0.0003
2022-06-27,0.3315,0.3465,0.3243,0.3309,131252116.1,0.00013645
2022-06-28,0.3309,0.3375,0.31,0.3122,147494338.9,0.00028776
2022-06-29,0.3122,0.3167,0.2946,0.3012,167824343.3,-0.0002326
2022-06-30,0.3013,0.3171,0.2831,0.3144,333995300.5,-0.00042346
2022-07-01,0.3144,0.3235,0.299,0.3062,240764147.6,-0.00059412
2022-07-02,0.3063,0.312,0.2986,0.3074,168833425.7,0.00021104
2022-07-03,0.3074,0.3153,0.3008,0.3093,124245029.6,0.00029766
2022-07-04,0.3093,0.3209,0.2996,0.3195,145284989.3,0.00023321
2022-07-05,0.3195,0.3229,0.301,0.3076,142294034.7,0.0003
2022-07-06,0.3076,0.313,0.3006,0.3106,119416197.3,0.0003
2022-07-07,0.3106,0.3255,0.3097,0.3221,142813712.8,0.0003
2022-07-08,0.3221,0.3296,0.3092,0.3138,140278829.4,0.0003
2022-07-09,0.3138,0.3241,0.3138,0.3212,94059495.9,0.0003
2022-07-10,0.3212,0.3227,0.3054,0.3099,97623649.5,0.0003
2022-07-11,0.31,0.3101,0.296,0.2967,110868791.8,-0.0001925199999999
2022-07-12,0.2967,0.3044,0.2911,0.2922,111969763.5,-0.00057595
2022-07-13,0.2921,0.3112,0.2893,0.3096,168884202.6,-0.00060722
2022-07-14,0.3097,0.3326,0.3009,0.3295,146823795.0,-7.230000000000005e-06
2022-07-15,0.3296,0.3324,0.3203,0.3274,140552726.7,0.0003
2022-07-16,0.3273,0.3456,0.3243,0.3401,190238281.5,0.0003
2022-07-17,0.3401,0.3436,0.3322,0.3362,135908709.7,0.0003
2022-07-18,0.3361,0.3674,0.3358,0.3593,167335602.5,0.0003
2022-07-19,0.3592,0.3786,0.3459,0.3718,179401800.6,0.0003
2022-07-20,0.3719,0.3775,0.3412,0.3444,155366775.2,0.0003
2022-07-21,0.3444,0.3515,0.3325,0.349,142236123.5,0.0003
2022-07-22,0.3489,0.3576,0.3329,0.3375,114481216.1,0.0003
2022-07-23,0.3374,0.3444,0.3253,0.3344,84474520.0,0.0003
2022-07-24,0.3346,0.3479,0.3341,0.34,82570511.2,0.00026634
2022-07-25,0.34,0.3434,0.3109,0.3117,126271150.2,0.0003
2022-07-26,0.3117,0.3126,0.3006,0.3112,105764223.2,0.00014629
2022-07-27,0.3112,0.329,0.3051,0.3285,162986519.1,0.00026515
2022-07-28,0.3286,0.3426,0.3184,0.3365,149604941.0,0.0003
2022-07-29,0.3365,0.3453,0.3251,0.3365,194606697.7,0.0003
2022-07-30,0.3367,0.355,0.3288,0.3377,203303287.1,0.0003
2022-07-31,0.3377,0.3561,0.3315,0.3358,190720306.3,0.0003
2022-08-01,0.3357,0.3444,0.33,0.3423,148813398.7,0.0003
2022-08-02,0.3424,0.3482,0.3195,0.3262,176679799.8,0.0003
2022-08-03,0.3263,0.339,0.3169,0.3263,134680554.1,0.0003
2022-08-04,0.3263,0.3422,0.3253,0.3362,174444927.3,0.0003
2022-08-05,0.3362,0.3598,0.334,0.3585,145074620.5,0.0003
2022-08-06,0.3584,0.3594,0.3464,0.3488,107798285.7,0.0003
2022-08-07,0.3488,0.3658,0.3421,0.3557,141899847.7,0.0003
2022-08-08,0.3557,0.3722,0.3532,0.3627,138264449.5,0.0003
2022-08-09,0.3626,0.3768,0.3402,0.345,174017997.6,0.0003
2022-08-10,0.3451,0.3658,0.335,0.3641,174086464.1,0.0003
2022-08-11,0.3642,0.3711,0.3584,0.3609,118088568.8,0.0003
2022-08-12,0.361,0.366,0.3521,0.3653,119154935.8,0.0003
2022-08-13,0.3652,0.3744,0.364,0.3683,108945304.0,0.0003
2022-08-14,0.3684,0.3837,0.3583,0.3638,161452166.0,0.0003
2022-08-15,0.3638,0.3755,0.3497,0.3573,138543276.7,0.0003
2022-08-16,0.3572,0.3603,0.3487,0.3525,110418382.0,0.00027624
2022-08-17,0.3523,0.3647,0.337,0.3405,152930079.8,0.0003
2022-08-18,0.3405,0.3475,0.323,0.3334,123502877.0,0.00018371
2022-08-19,0.3333,0.3334,0.2993,0.3026,214506915.8,-0.00012845
2022-08-20,0.3025,0.3124,0.2932,0.3,121007969.9,-0.0002379
2022-08-21,0.3,0.309,0.2969,0.306,100740309.2,-0.0001551899999999
2022-08-22,0.306,0.3065,0.2897,0.3026,115853803.1,-0.00022667
2022-08-23,0.3027,0.3095,0.2926,0.3074,127965615.4,0.00014999
2022-08-24,0.3075,0.3092,0.2983,0.3018,120306221.0,0.00027745
2022-08-25,0.3019,0.3102,0.2984,0.3068,133023489.8,0.00021648
2022-08-26,0.3068,0.308,0.2789,0.2824,173465114.1,0.00016101
2022-08-27,0.2825,0.2905,0.2781,0.2883,89333559.4,-0.00076224
2022-08-28,0.2883,0.2953,0.2807,0.2822,93589653.7,-0.0001837399999999
2022-08-29,0.2822,0.2993,0.2796,0.2979,117350844.8,0.00024625
2022-08-30,0.2978,0.3021,0.2837,0.2915,114875157.8,0.0003
2022-08-31,0.2915,0.3011,0.2869,0.288,97803697.0,0.00029814
2022-09-01,0.2881,0.2936,0.2829,0.2934,84153623.3,2.037999999999999e-05
2022-09-02,0.2935,0.307,0.2897,0.302,155317760.1,0.00024432
2022-09-03,0.302,0.3033,0.295,0.303,82156560.2,0.0003
2022-09-04,0.3029,0.3188,0.3028,0.3124,211693109.6,0.000223
2022-09-05,0.3124,0.3144,0.2967,0.3042,107004412.5,0.0003
2022-09-06,0.3044,0.3097,0.28,0.2849,177298201.8,0.00029283
2022-09-07,0.2849,0.3017,0.2807,0.2988,153605152.9,-0.0001659299999999
2022-09-08,0.2987,0.3082,0.2926,0.3075,122281023.8,0.00026495
2022-09-09,0.3076,0.3262,0.307,0.324,158143700.7,0.0003
2022-09-10,0.3241,0.3278,0.3172,0.3218,102358653.2,0.0003
2022-09-11,0.3218,0.3308,0.3162,0.3262,117843824.6,0.0003
2022-09-12,0.3262,0.3326,0.3165,0.3233,112750658.9,0.0003
2022-09-13,0.3233,0.3236,0.2941,0.2961,149403882.6,0.0003
2022-09-14,0.2961,0.3047,0.2945,0.3027,85573998.7,0.0002022999999999
2022-09-15,0.3026,0.3028,0.2885,0.2946,109691150.5,0.0003
2022-09-16,0.2947,0.3003,0.2897,0.2975,89606197.7,0.00023864
2022-09-17,0.2975,0.3112,0.2973,0.3106,60334420.1,0.0003
2022-09-18,0.3106,0.3176,0.288,0.2925,148318518.7,0.00026071
2022-09-19,0.2926,0.324,0.2908,0.3169,481837794.2,-9.867999999999998e-05
2022-09-20,0.3169,0.3472,0.3167,0.3294,875894687.0,0.00021857
2022-09-21,0.3294,0.3408,0.3076,0.3349,578838139.4,0.00027369
2022-09-22,0.3348,0.3863,0.3281,0.3699,1488064689.8,-0.00072709
2022-09-23,0.3699,0.41,0.3628,0.3991,1077719782.4,0.0003
2022-09-24,0.399,0.4044,0.3694,0.3852,473251008.9,0.0003
2022-09-25,0.3852,0.4013,0.3775,0.388,546721493.7,0.0003
2022-09-26,0.388,0.3921,0.3567,0.3684,491736900.4,0.00026028
2022-09-27,0.3683,0.3752,0.3371,0.3519,433868860.7,0.00025058
2022-09-28,0.352,0.3565,0.3314,0.3492,402170942.9,0.00023314
2022-09-29,0.3492,0.364,0.3331,0.3546,436794697.5,0.00026874
2022-09-30,0.3547,0.3662,0.3463,0.3533,401647520.6,0.00020196
2022-10-01,0.3534,0.3684,0.352,0.3548,254404173.7,0.0003
2022-10-02,0.3548,0.3724,0.3512,0.3541,356820128.5,0.0003
2022-10-03,0.3541,0.3613,0.343,0.354,283696767.8,0.0003
2022-10-04,0.354,0.3599,0.3493,0.3574,215907034.4,0.00025619
2022-10-05,0.3574,0.3603,0.344,0.3536,201253365.3,0.0003
2022-10-06,0.3536,0.3588,0.3465,0.3489,192021974.1,0.0003
2022-10-07,0.3489,0.35,0.3354,0.3412,179684672.2,0.0003
2022-10-08,0.3412,0.3414,0.3301,0.3345,131476426.6,0.0003
2022-10-09,0.3345,0.3396,0.3301,0.3386,106227678.1,0.00025846
2022-10-10,0.3385,0.34,0.3186,0.3192,175905480.8,0.0003
2022-10-11,0.3192,0.3237,0.3078,0.3175,156238731.8,0.0003
2022-10-12,0.3175,0.3211,0.3109,0.3134,113374666.2,0.0003
2022-10-13,0.3133,0.3239,0.2856,0.319,338672914.7,-3.918999999999998e-05
2022-10-14,0.319,0.3294,0.3121,0.3171,188748264.0,0.0003
2022-10-15,0.317,0.3257,0.312,0.3186,116830032.3,0.0003
2022-10-16,0.3187,0.3277,0.3182,0.3222,113294334.3,0.0003
2022-10-17,0.3222,0.3318,0.3175,0.33,125137847.3,0.00028925
2022-10-18,0.33,0.3328,0.3148,0.3191,138017556.5,0.0003
2022-10-19,0.3191,0.3203,0.3032,0.3071,111198191.6,0.0003
2022-10-20,0.3072,0.315,0.3024,0.3062,114649460.7,0.00028196
2022-10-21,0.3062,0.3133,0.2952,0.3127,133517998.3,0.00013172
2022-10-22,0.3128,0.3146,0.3086,0.3136,61597835.6,0.0002853
2022-10-23,0.3135,0.3167,0.3063,0.3155,80696586.8,0.0003
2022-10-24,0.3155,0.3165,0.305,0.3145,124292457.9,5.2010000000000005e-05
2022-10-25,0.3145,0.3394,0.3129,0.331,418964497.7,0.00017465
2022-10-26,0.331,0.3436,0.3285,0.3388,255523828.9,0.00022317
2022-10-27,0.3387,0.3443,0.3245,0.3255,215459756.4,0.00027061
2022-10-28,0.3256,0.3376,0.3191,0.3327,142049759.7,0.00027406
2022-10-29,0.3328,0.3459,0.3327,0.3394,138999094.9,0.0003
2022-10-30,0.3395,0.366,0.335,0.3589,313647742.1,0.0003
2022-10-31,0.3589,0.3797,0.3511,0.3583,425853296.4,4.787e-05
2022-11-01,0.3583,0.3701,0.3453,0.3599,254122397.5,0.00029972
2022-11-02,0.3599,0.3658,0.343,0.3615,306694363.2,0.00018621
2022-11-03,0.3615,0.3847,0.3595,0.3694,409385925.9,0.0003
2022-11-04,0.3695,0.4299,0.3652,0.4148,556669347.8,0.0003
2022-11-05,0.4148,0.453,0.4029,0.4237,655128828.5,0.00017487
2022-11-06,0.4237,0.448,0.4015,0.4022,626296095.3,0.0001214599999999
2022-11-07,0.4022,0.4487,0.3956,0.419,795401868.5,0.000286
2022-11-08,0.419,0.42,0.2773,0.3324,1251103617.0,-0.0002960299999999
2022-11-09,0.3324,0.3353,0.251,0.2651,809802995.0,-0.00147559
2022-11-10,0.2652,0.3289,0.2609,0.3204,467981790.1,-0.00091957
2022-11-11,0.3204,0.3292,0.2814,0.3027,406459276.9,-0.00043479
2022-11-12,0.3028,0.3034,0.2702,0.2737,270889972.0,0.0003
2022-11-13,0.2737,0.2777,0.2552,0.2619,320572444.3,0.00015156
2022-11-14,0.2619,0.2675,0.2367,0.2614,435613378.1,0.0003
2022-11-15,0.2613,0.2915,0.2564,0.2812,495747080.0,0.0003
2022-11-16,0.2812,0.2983,0.2638,0.2753,705525676.5,0.0003
2022-11-17,0.2754,0.2798,0.2572,0.2675,351800879.0,0.00024494
2022-11-18,0.2676,0.2989,0.2669,0.2978,772602072.8,0.0003
2022-11-19,0.2977,0.312,0.2879,0.2981,1507527636.3,0.0002195
2022-11-20,0.2982,0.2992,0.2531,0.2561,968873293.5,0.0003
2022-11-21,0.256,0.2571,0.2372,0.2446,711520927.9,0.0002939
2022-11-22,0.2447,0.2487,0.2257,0.2412,558246766.3,4.071000000000001e-05
2022-11-23,0.2412,0.2475,0.2356,0.2472,363833785.4,6.986000000000001e-05
2022-11-24,0.2472,0.2492,0.2375,0.2422,237331230.5,-0.0001201999999999
2022-11-25,0.2421,0.2456,0.2333,0.2436,234069937.5,0.00022743
2022-11-26,0.2435,0.2475,0.237,0.2407,182251952.2,0.00029394
2022-11-27,0.2407,0.2494,0.2388,0.24,192827612.4,0.00014085
2022-11-28,0.24,0.2418,0.2261,0.2357,279375067.4,-0.00020688
2022-11-29,0.2357,0.2425,0.2333,0.2405,163231797.0,0.0003
2022-11-30,0.2405,0.2498,0.2367,0.2475,252720137.4,0.00029748
2022-12-01,0.2475,0.2483,0.2382,0.241,149557860.7,0.0003
2022-12-02,0.2409,0.246,0.235,0.244,205636361.9,0.0003
2022-12-03,0.2439,0.2459,0.236,0.2373,133780600.9,0.00026625
2022-12-04,0.2373,0.2407,0.2363,0.2392,94385283.0,-2.48e-05
2022-12-05,0.2391,0.2468,0.2331,0.2362,221438690.8,0.0003
2022-12-06,0.2362,0.2369,0.2312,0.2336,148732126.3,-2.4329999999999992e-05
2022-12-07,0.2336,0.2346,0.2162,0.2208,254851259.1,1.1309999999999998e-05
2022-12-08,0.2209,0.2264,0.2171,0.2242,203066923.8,-0.00013792
2022-12-09,0.2243,0.226,0.2211,0.2256,124474146.2,0.00012535
2022-12-10,0.2256,0.2305,0.2247,0.2268,156284988.7,0.00023834
2022-12-11,0.2268,0.2299,0.22,0.2223,130641898.8,0.0003
2022-12-12,0.2222,0.2223,0.2119,0.2181,157317754.8,0.00013701
2022-12-13,0.2182,0.2258,0.2091,0.2239,182514428.8,9.303e-05
2022-12-14,0.2238,0.2262,0.2179,0.2206,131595042.7,0.0003
2022-12-15,0.2206,0.2287,0.2095,0.2101,309912242.6,0.0003
2022-12-16,0.2102,0.2128,0.1798,0.1847,374932896.7,0.0003
2022-12-17,0.1848,0.1952,0.18,0.1942,184229325.4,-0.0001919899999999
2022-12-18,0.1942,0.1952,0.1867,0.1881,168787880.6,-0.0004143299999999
2022-12-19,0.188,0.1912,0.1681,0.174,305133919.4,0.00028875
2022-12-20,0.174,0.1817,0.1737,0.1783,195218458.1,-5.417999999999999e-05
2022-12-21,0.1784,0.1805,0.169,0.1704,221133830.1,-0.00018837
2022-12-22,0.1704,0.1719,0.1644,0.1718,245192845.7,-0.00029195
2022-12-23,0.1718,0.1736,0.1685,0.1697,136234547.0,0.0003
2022-12-24,0.1697,0.1706,0.1671,0.1675,77765189.6,0.0003
2022-12-25,0.1676,0.168,0.162,0.1654,148711836.4,-8.866000000000001e-05
2022-12-26,0.1655,0.1717,0.1647,0.1714,141852936.8,-7.789e-05
2022-12-27,0.1715,0.1722,0.1642,0.17,138364448.2,0.00013187
2022-12-28,0.1699,0.1705,0.1604,0.167,227225034.8,0.0001851
2022-12-29,0.167,0.1677,0.1605,0.1647,174775468.9,0.0003
2022-12-30,0.1647,0.169,0.1596,0.169,160968406.4,0.00027826
2022-12-31,0.1689,0.1745,0.167,0.1724,268731417.7,-0.00043363
2023-01-01,0.1723,0.1787,0.1711,0.1771,190096498.7,6.865000000000002e-05
2023-01-02,0.1771,0.183,0.173,0.1807,198706329.5,-0.00029482
2023-01-03,0.1808,0.1852,0.1797,0.184,145940940.7,0.0001815
2023-01-04,0.184,0.1915,0.1831,0.1866,193642038.3,0.0003
2023-01-05,0.1867,0.1909,0.1815,0.1835,152724267.9,0.0003
2023-01-06,0.1835,0.1899,0.1802,0.189,149510049.5,0.0003
2023-01-07,0.1889,0.1953,0.1876,0.1938,152274555.2,0.0003
2023-01-08,0.1938,0.2005,0.1904,0.1991,165021615.5,0.0001663
2023-01-09,0.1992,0.2083,0.1979,0.1997,257205336.0,0.00025419
2023-01-10,0.1996,0.2055,0.1965,0.2038,171778672.5,0.0003
2023-01-11,0.2038,0.211,0.1965,0.2102,180366527.3,0.0003
2023-01-12,0.2102,0.2136,0.202,0.2122,248760317.9,0.0003
2023-01-13,0.2122,0.2223,0.2076,0.2208,195562480.8,0.0003
2023-01-14,0.2207,0.2401,0.2135,0.2292,358200019.6,0.0003
2023-01-15,0.2292,0.241,0.223,0.2405,237886913.8,0.0003
2023-01-16,0.2405,0.242,0.2242,0.2341,243252514.6,0.0003
2023-01-17,0.2341,0.2367,0.2275,0.2284,184205084.2,0.0003
2023-01-18,0.2285,0.2327,0.2075,0.2086,309683217.6,0.0003
2023-01-19,0.2085,0.2184,0.2079,0.217,176512347.4,0.0003
2023-01-20,0.2169,0.2402,0.2155,0.2392,231747639.9,0.0003
2023-01-21,0.2393,0.2456,0.2305,0.239,290876429.4,0.0003
2023-01-22,0.2391,0.255,0.2353,0.246,282498490.7,0.0003
2023-01-23,0.246,0.2542,0.2449,0.2498,206496660.6,0.0003
2023-01-24,0.2497,0.2602,0.2336,0.2363,228922964.3,0.0003
2023-01-25,0.2363,0.2494,0.2288,0.2446,214411695.7,0.0003
2023-01-26,0.2447,0.2491,0.2388,0.2453,152122379.6,0.0003
2023-01-27,0.2452,0.2596,0.2382,0.2548,183120924.2,0.0003
2023-01-28,0.2548,0.2648,0.2494,0.2574,178092972.9,0.0003
2023-01-29,0.2573,0.2648,0.2538,0.2619,132857823.7,0.0003
2023-01-30,0.2618,0.2627,0.2352,0.2393,190743616.0,0.0003
2023-01-31,0.2394,0.2439,0.2349,0.2413,134760197.1,0.0003
2023-02-01,0.2413,0.252,0.2306,0.251,206661360.6,0.0003
2023-02-02,0.251,0.2688,0.251,0.2555,202332074.8,0.0003
2023-02-03,0.2555,0.2736,0.2508,0.271,226715730.0,0.0003
2023-02-04,0.271,0.2744,0.2651,0.2673,122074262.8,0.0003
2023-02-05,0.2673,0.2703,0.2507,0.2571,141887459.5,0.0003
2023-02-06,0.2571,0.2635,0.2536,0.2548,99793782.8,0.0003
2023-02-07,0.2547,0.2861,0.2535,0.2803,285004246.2,0.0003
2023-02-08,0.2802,0.3,0.2752,0.29,345827964.4,0.0003
2023-02-09,0.2901,0.2907,0.245,0.2546,352034521.5,0.0003
2023-02-10,0.2546,0.2634,0.2483,0.2509,204838616.8,0.0003
2023-02-11,0.2508,0.2569,0.2475,0.2563,93819706.9,0.0003
2023-02-12,0.2564,0.2594,0.2414,0.2473,102376194.7,0.0003
2023-02-13,0.2473,0.2483,0.2326,0.2432,169457494.1,0.0003
2023-02-14,0.2431,0.2552,0.2379,0.2531,159843669.8,0.00013816
2023-02-15,0.2532,0.274,0.2505,0.2721,176764222.4,0.0003
2023-02-16,0.2722,0.2844,0.2567,0.2575,274811627.0,0.0003
2023-02-17,0.2576,0.2752,0.2569,0.2711,168702535.5,0.0003
2023-02-18,0.271,0.2779,0.2683,0.2729,99810057.8,0.0003
2023-02-19,0.273,0.2829,0.2671,0.2777,166956515.9,0.0003
2023-02-20,0.2777,0.2914,0.2684,0.2851,185946999.2,0.0003
2023-02-21,0.2851,0.2936,0.2734,0.279,187353907.3,0.0003
2023-02-22,0.279,0.2801,0.2617,0.2712,141613088.9,0.0003
2023-02-23,0.2713,0.2791,0.2642,0.2685,131722045.6,0.0003
2023-02-24,0.2686,0.2698,0.2505,0.2564,120910519.6,0.0003
2023-02-25,0.2565,0.2573,0.2435,0.2502,78837983.0,0.0003
2023-02-26,0.2501,0.2555,0.248,0.2551,49528363.2,0.0003
2023-02-27,0.255,0.2612,0.2493,0.2547,84944951.5,0.0003
2023-02-28,0.2547,0.2555,0.2418,0.2442,83754080.6,0.0003
2023-03-01,0.2443,0.254,0.2423,0.2506,82199516.5,0.0003
2023-03-02,0.2507,0.2516,0.2391,0.2418,80453165.8,0.0003
2023-03-03,0.2419,0.242,0.2205,0.233,154192405.3,0.0001246199999999
2023-03-04,0.2329,0.2337,0.2203,0.2244,76320532.8,6.17e-05
2023-03-05,0.2243,0.2308,0.2224,0.2257,70658674.4,4.292e-05
2023-03-06,0.2256,0.2302,0.2186,0.225,140313328.1,1.8899999999999988e-06
2023-03-07,0.225,0.2279,0.2123,0.217,144548558.6,2.259000000000001e-05
2023-03-08,0.217,0.2179,0.1977,0.2015,160398438.2,9.044e-05
2023-03-09,0.2015,0.2071,0.1863,0.1931,214431254.3,0.00014271
2023-03-10,0.1931,0.1947,0.1844,0.188,286491051.7,-8.247999999999998e-05
2023-03-11,0.188,0.1937,0.1783,0.1871,218936512.4,0.00015792
2023-03-12,0.1872,0.2024,0.1812,0.2011,298669087.2,0.00013787
2023-03-13,0.2011,0.216,0.1936,0.2121,353971330.7,0.00017909
2023-03-14,0.2121,0.2295,0.2049,0.2222,387043174.5,0.0002947
2023-03-15,0.2221,0.2258,0.1982,0.2038,271213120.7,0.0003
2023-03-16,0.2039,0.2101,0.2003,0.2082,159960570.7,0.00015409
2023-03-17,0.2082,0.2274,0.2059,0.2264,190080348.2,0.00029954
2023-03-18,0.2264,0.2299,0.2133,0.2146,189267279.3,0.0003
2023-03-19,0.2145,0.2246,0.2143,0.2196,146506118.2,0.0003
2023-03-20,0.2197,0.2245,0.2069,0.2092,184370156.2,0.0003
2023-03-21,0.2092,0.2259,0.2039,0.2229,192386496.3,0.00019847
2023-03-22,0.2229,0.24,0.2081,0.2132,581223729.1,0.00025283
2023-03-23,0.2132,0.2224,0.2107,0.2193,195256427.8,0.0003
2023-03-24,0.2193,0.2203,0.2058,0.2087,172780388.1,0.0003
2023-03-25,0.2087,0.2113,0.202,0.206,91793537.2,0.0003
2023-03-26,0.2061,0.2116,0.2049,0.2105,84677791.4,0.0003
2023-03-27,0.2105,0.2109,0.1955,0.1998,163073967.4,0.0003
2023-03-28,0.1998,0.2044,0.1967,0.2016,135549240.0,0.0003
2023-03-29,0.2016,0.2385,0.2016,0.2352,710095635.7,0.00012772
2023-03-30,0.2351,0.2399,0.2207,0.2245,352375912.9,0.0003
2023-03-31,0.2246,0.2281,0.2176,0.2258,179212953.6,0.0003
2023-04-01,0.2257,0.228,0.2187,0.223,100653137.4,0.0003
2023-04-02,0.223,0.2247,0.2109,0.2138,114107868.9,0.0003
2023-04-03,0.2139,0.2194,0.2066,0.2142,189301989.7,0.0003
2023-04-04,0.2143,0.2207,0.2116,0.2179,123645279.0,0.0003
2023-04-05,0.2179,0.2239,0.2148,0.2226,137199899.2,0.0003
2023-04-06,0.2226,0.2231,0.2152,0.2179,109111810.1,0.0003
2023-04-07,0.2178,0.2198,0.2127,0.2189,87371820.4,0.0003
2023-04-08,0.2189,0.2211,0.2138,0.2159,84392138.0,0.0003
2023-04-09,0.2159,0.2184,0.2128,0.2165,77396077.6,0.0003
2023-04-10,0.2164,0.2213,0.2123,0.221,100081499.0,0.0003
2023-04-11,0.221,0.2238,0.218,0.2199,146048998.9,0.0003
2023-04-12,0.2198,0.2205,0.2114,0.215,179763161.1,0.0003
2023-04-13,0.215,0.2227,0.2128,0.2211,141000617.0,0.0003
2023-04-14,0.2212,0.2323,0.2201,0.2273,256381400.6,0.0003
2023-04-15,0.2274,0.2337,0.2237,0.2319,141779568.9,0.0003880499999999
2023-04-16,0.2319,0.2354,0.2257,0.2344,146493065.4,0.00042598
2023-04-17,0.2344,0.2355,0.2185,0.221,391237600.2,0.00030525
2023-04-18,0.2211,0.2261,0.2175,0.2225,233739002.5,0.0004394699999999
2023-04-19,0.2225,0.2227,0.1958,0.1991,309123618.5,0.00032896
2023-04-20,0.199,0.2005,0.1874,0.1904,299957321.4,0.0003
2023-04-21,0.1903,0.1915,0.1802,0.1851,253621786.6,0.0003
2023-04-22,0.1851,0.1905,0.1845,0.1897,134535063.7,0.00022298
2023-04-23,0.1898,0.19,0.1819,0.1879,130579258.4,0.0003
2023-04-24,0.188,0.1903,0.1814,0.1852,137656870.3,0.0003
2023-04-25,0.1851,0.1889,0.1793,0.1877,154295542.8,0.0003
2023-04-26,0.1877,0.1932,0.1713,0.1809,284819107.2,0.0003
2023-04-27,0.1808,0.1852,0.1795,0.184,212231214.4,0.0003
2023-04-28,0.184,0.1848,0.1798,0.1836,115101303.7,0.0003
2023-04-29,0.1836,0.1858,0.1816,0.1834,81378379.6,0.0003
2023-04-30,0.1835,0.1847,0.179,0.18,109229817.9,0.0003
2023-05-01,0.1801,0.1814,0.1744,0.1772,145502074.1,0.0003
2023-05-02,0.1771,0.1795,0.174,0.1786,104572395.5,0.0003
2023-05-03,0.1787,0.182,0.1742,0.181,125881854.5,0.0003
2023-05-04,0.181,0.1813,0.175,0.1768,99076402.7,0.0003
2023-05-05,0.1768,0.1831,0.1766,0.1812,138159904.4,0.0003
2023-05-06,0.1813,0.1831,0.1718,0.175,118400116.1,0.0003
2023-05-07,0.1751,0.1756,0.1728,0.1731,75425247.4,0.0003
2023-05-08,0.1731,0.174,0.157,0.1639,259513562.1,0.00027783
2023-05-09,0.164,0.1668,0.1628,0.1647,102532031.4,0.0003
2023-05-10,0.1648,0.1706,0.16,0.1685,218053216.0,0.00027634
2023-05-11,0.1686,0.1689,0.1586,0.1622,171655470.8,0.0003
2023-05-12,0.1623,0.1647,0.1571,0.1646,176973063.1,0.0003
2023-05-13,0.1647,0.1649,0.161,0.1621,87858697.9,0.0003
2023-05-14,0.1621,0.1654,0.1604,0.1628,93171879.9,0.0003
2023-05-15,0.1629,0.1687,0.1606,0.1667,138488341.6,0.0003
2023-05-16,0.1667,0.1704,0.1644,0.1692,169385631.0,0.0003
2023-05-17,0.1693,0.1739,0.166,0.1722,192780084.8,0.0003
2023-05-18,0.1722,0.1724,0.1629,0.1649,173361183.0,0.0003
2023-05-19,0.165,0.1673,0.1644,0.1647,134043743.7,0.0003
2023-05-20,0.1648,0.1656,0.1636,0.1644,89050484.6,0.0003
2023-05-21,0.1645,0.1648,0.1602,0.1615,102389332.1,0.00027608
2023-05-22,0.1614,0.1625,0.1588,0.1611,119225771.5,0.0003
2023-05-23,0.1612,0.1649,0.1608,0.1624,127620619.0,0.00028375
2023-05-24,0.1624,0.1626,0.153,0.1542,226039513.5,0.0003
2023-05-25,0.1543,0.1549,0.1493,0.1501,243007361.8,0.0001852
2023-05-26,0.1501,0.1511,0.147,0.1498,185636017.5,0.00021927
2023-05-27,0.1498,0.1517,0.1486,0.1504,123176043.2,0.0003
2023-05-28,0.1504,0.1541,0.1501,0.1531,171840059.0,0.00029544
2023-05-29,0.153,0.1544,0.1504,0.1514,176392135.9,0.0003
2023-05-30,0.1515,0.1526,0.1487,0.1512,198762143.0,0.0003
2023-05-31,0.1513,0.1526,0.1452,0.1477,236310160.2,0.0003
2023-06-01,0.1477,0.1487,0.1446,0.1481,150905949.5,0.00029984
2023-06-02,0.1482,0.1525,0.1466,0.1516,164816372.8,0.0003
2023-06-03,0.1517,0.1521,0.1498,0.1508,83907047.5,0.0003
2023-06-04,0.1507,0.1537,0.1498,0.1517,109270877.3,0.0003
2023-06-05,0.1517,0.1521,0.1299,0.1376,440123734.6,0.0003
2023-06-06,0.1376,0.1385,0.1331,0.1371,276464438.0,-0.00011637
2023-06-07,0.1372,0.1372,0.1238,0.1249,318920906.9,0.0001247
2023-06-08,0.125,0.1257,0.1208,0.1233,304013199.3,0.00026684
2023-06-09,0.1232,0.1262,0.1215,0.1239,205276693.7,0.0003
2023-06-10,0.1239,0.1239,0.09,0.1107,797286737.9,-7.514999999999998e-05
2023-06-11,0.1108,0.1129,0.1069,0.1106,204184260.1,-0.00060556
2023-06-12,0.1105,0.1133,0.1074,0.1125,215717358.9,-1.646e-05
2023-06-13,0.1125,0.1171,0.1113,0.1128,180285325.7,0.00012536
2023-06-14,0.1129,0.119,0.1103,0.1128,266182506.7,0.0001425
2023-06-15,0.1128,0.116,0.1077,0.112,308022983.5,5.819e-05
2023-06-16,0.112,0.1177,0.1092,0.1159,199805430.7,0.00021029
2023-06-17,0.1159,0.1229,0.1152,0.1183,203777221.8,0.00016107
2023-06-18,0.1184,0.1191,0.1141,0.1148,133058680.4,0.0003
2023-06-19,0.1149,0.1176,0.1135,0.1165,162606022.4,0.00021129
2023-06-20,0.1164,0.1219,0.1132,0.1214,202786318.9,-4.246e-05
2023-06-21,0.1214,0.1264,0.121,0.1257,327480195.8,0.0003
2023-06-22,0.1257,0.1289,0.1233,0.1247,251502078.1,0.00020749
2023-06-23,0.1248,0.1387,0.1243,0.135,305963566.7,0.00011163
2023-06-24,0.1351,0.1358,0.1305,0.1327,249061144.8,0.00025769
2023-06-25,0.1327,0.1409,0.1322,0.1369,234609334.9,0.00017569
2023-06-26,0.1369,0.1393,0.128,0.1292,528228622.9,-0.00015455
2023-06-27,0.1293,0.1302,0.1265,0.1272,224581641.6,-0.00086284
2023-06-28,0.1271,0.1272,0.1134,0.1185,314649110.4,-0.00114574
2023-06-29,0.1184,0.124,0.118,0.1201,254092614.9,-0.00065016
2023-06-30,0.12,0.1245,0.113,0.1216,482585062.1,-0.0006879799999999
2023-07-01,0.1216,0.1278,0.1188,0.1278,263232652.8,-0.00113847
2023-07-02,0.1278,0.1279,0.1202,0.1235,312373277.6,-0.00064153
2023-07-03,0.1236,0.1304,0.122,0.1283,454300556.3,0.00012321
2023-07-04,0.1283,0.1284,0.1227,0.1239,269069710.4,8.127000000000001e-05
2023-07-05,0.1239,0.1252,0.1169,0.1197,319738367.8,-0.00028084
2023-07-06,0.1198,0.1225,0.1127,0.1129,391164409.8,-0.00064453
2023-07-07,0.1129,0.1145,0.111,0.1122,283258255.2,-0.00111275
2023-07-08,0.1122,0.1132,0.1092,0.1115,205048753.5,-0.00119901
2023-07-09,0.1115,0.1129,0.1099,0.1103,188633454.8,-0.00116752
2023-07-10,0.1104,0.1124,0.1066,0.1098,377716458.7,-0.00115324
2023-07-11,0.1099,0.1114,0.1054,0.1086,387442787.9,-0.00070852
2023-07-12,0.1086,0.111,0.1052,0.1058,395964487.0,-0.00049979
2023-07-13,0.1058,0.1222,0.1025,0.1218,1330983111.3,-0.00134499
2023-07-14,0.1219,0.1236,0.1096,0.1135,1078269196.2,0.0003
2023-07-15,0.1134,0.1156,0.1113,0.1136,287856571.6,0.0003
2023-07-16,0.1136,0.1215,0.1111,0.1155,697517677.0,0.0003
2023-07-17,0.1156,0.1262,0.1143,0.1202,1259174879.3,0.0003
2023-07-18,0.1203,0.1206,0.1115,0.1139,563619115.9,0.0003
2023-07-19,0.114,0.1163,0.1116,0.1138,416245287.1,0.0003
2023-07-20,0.1138,0.1184,0.1125,0.1152,424939179.7,0.0003
2023-07-21,0.1151,0.1165,0.1132,0.1154,292679533.0,0.0003
2023-07-22,0.1155,0.117,0.1131,0.1146,257367081.3,0.0003
2023-07-23,0.1145,0.1174,0.1133,0.1157,234736229.3,0.0003
2023-07-24,0.1157,0.1162,0.1069,0.1098,467944237.5,0.0003
2023-07-25,0.1098,0.1103,0.1083,0.1098,265646359.0,0.00029713
2023-07-26,0.1098,0.1125,0.1077,0.1109,379186287.4,0.00021828
2023-07-27,0.1108,0.1128,0.109,0.11,258528116.8,0.0003
2023-07-28,0.1099,0.1114,0.1079,0.1105,260104375.8,0.0003
2023-07-29,0.1105,0.1118,0.1096,0.1114,143488190.7,0.0003
2023-07-30,0.1114,0.1125,0.1073,0.1096,257567143.1,0.0003
2023-07-31,0.1095,0.111,0.1079,0.1098,403736113.0,0.0003
2023-08-01,0.1097,0.1112,0.1045,0.111,489161459.5,0.0003
2023-08-02,0.1109,0.1112,0.1055,0.1069,400539458.3,0.0003
2023-08-03,0.1068,0.1082,0.1055,0.1063,302077081.5,0.00017436
2023-08-04,0.1063,0.1078,0.1043,0.106,325443772.4,0.00028609
2023-08-05,0.106,0.1069,0.1044,0.1065,178228294.5,0.00025949
2023-08-06,0.1065,0.1105,0.1062,0.1098,235675127.0,0.0003
2023-08-07,0.1097,0.1121,0.1071,0.1119,521953726.1,0.0003
2023-08-08,0.1119,0.119,0.1116,0.113,900935148.0,0.0003
2023-08-09,0.1131,0.1146,0.1113,0.113,471361344.1,0.0003
2023-08-10,0.1129,0.1135,0.1111,0.1126,260299210.1,0.0003
2023-08-11,0.1125,0.1138,0.1112,0.1123,198923581.1,0.0003
2023-08-12,0.1123,0.116,0.1117,0.1158,189457488.4,0.0003
2023-08-13,0.1158,0.1178,0.1131,0.1169,330050026.8,0.0003
2023-08-14,0.1168,0.1188,0.1143,0.1151,309316324.3,0.0003
2023-08-15,0.1151,0.1152,0.1036,0.1083,428465711.6,0.0003
2023-08-16,0.1082,0.1085,0.0978,0.1027,604596910.8,0.00010504
2023-08-17,0.1026,0.1042,0.0816,0.093,776610015.1,7.852e-05
2023-08-18,0.093,0.097,0.0922,0.0953,479728137.2,4.4130000000000006e-05
2023-08-19,0.0952,0.0981,0.0946,0.0966,236963053.2,0.00019682
2023-08-20,0.0965,0.0976,0.0959,0.0971,148160836.4,-1.108999999999999e-05
2023-08-21,0.0971,0.0973,0.0928,0.0963,322089387.9,7.236e-05
2023-08-22,0.0962,0.0972,0.0921,0.0971,388054870.4,-9.603e-05
2023-08-23,0.0971,0.0998,0.0959,0.0985,356890302.4,0.0003
2023-08-24,0.0986,0.0989,0.0951,0.0974,240904188.3,0.00018238
2023-08-25,0.0973,0.0978,0.095,0.0969,353817880.5,0.00024881
2023-08-26,0.0968,0.097,0.0951,0.0954,118116697.3,0.00017849
2023-08-27,0.0954,0.096,0.0944,0.0951,167704199.3,-0.00022775
2023-08-28,0.0952,0.0978,0.0923,0.0972,310686640.3,-6.064e-05
2023-08-29,0.0972,0.1019,0.0949,0.1006,577667675.7,3.74e-05
2023-08-30,0.1005,0.1008,0.0957,0.0968,254327391.2,0.00018964
2023-08-31,0.0967,0.0968,0.0906,0.093,420397238.6,-0.00013658
2023-09-01,0.093,0.095,0.0902,0.0919,356009611.4,-0.00031643
2023-09-02,0.0919,0.0944,0.0915,0.0943,146829163.1,7.130999999999999e-05
2023-09-03,0.0943,0.095,0.0929,0.0945,170064677.1,0.00017044
2023-09-04,0.0945,0.0963,0.0924,0.0939,193031279.3,-7.517e-05
2023-09-05,0.094,0.0943,0.0929,0.0941,194740811.2,0.00021188
2023-09-06,0.094,0.0948,0.0909,0.0941,254233032.3,1.818e-05
2023-09-07,0.0941,0.0981,0.0934,0.0979,255406782.1,0.0001049
2023-09-08,0.0978,0.0985,0.0942,0.0962,201584331.1,7.302e-05
2023-09-09,0.0962,0.0967,0.0939,0.094,92708563.2,0.0003
2023-09-10,0.0941,0.0941,0.0885,0.0919,351486489.1,-0.00041902
2023-09-11,0.0919,0.0923,0.0872,0.0885,417543274.3,-0.00056837
2023-09-12,0.0885,0.0926,0.0883,0.0895,260529360.8,7.578e-05
2023-09-13,0.0894,0.0919,0.0889,0.0908,242254077.9,0.00014256
2023-09-14,0.0908,0.0939,0.0904,0.0934,194501981.1,8.216000000000001e-05
2023-09-15,0.0933,0.0969,0.0929,0.0963,206364147.9,0.00022664
2023-09-16,0.0963,0.0981,0.0952,0.0974,164454541.3,0.0003
2023-09-17,0.0974,0.0975,0.0934,0.0948,199408097.1,8.758999999999999e-05
2023-09-18,0.0949,0.0984,0.0939,0.0963,241814742.5,-0.00028686
2023-09-19,0.0963,0.0979,0.0952,0.0971,195971544.3,0.00022548
2023-09-20,0.0971,0.1003,0.0936,0.1002,369820428.8,0.00015805
2023-09-21,0.1002,0.1032,0.0966,0.0973,457278285.5,9.983e-05
2023-09-22,0.0973,0.1025,0.0959,0.1018,304905176.4,0.00012811
2023-09-23,0.1019,0.1029,0.0994,0.1006,171810619.2,0.0002142
2023-09-24,0.1006,0.103,0.0998,0.1011,184840650.6,0.0003
2023-09-25,0.1012,0.102,0.0972,0.0976,240696267.1,0.00029583
2023-09-26,0.0975,0.099,0.0941,0.0955,227013424.4,0.0003
2023-09-27,0.0954,0.0971,0.0935,0.0958,235650275.1,0.00024436
2023-09-28,0.0958,0.0984,0.0953,0.0976,200058218.0,0.00018828
2023-09-29,0.0976,0.1024,0.097,0.1015,260214878.8,0.0003
2023-09-30,0.1015,0.1055,0.1007,0.1033,243123149.9,0.000298
2023-10-01,0.1032,0.1077,0.1026,0.1063,340058911.6,0.0002625
2023-10-02,0.1063,0.1065,0.0998,0.1011,367522972.9,0.0003
2023-10-03,0.1012,0.1031,0.1,0.101,230044821.2,0.00029201
2023-10-04,0.1011,0.1013,0.0972,0.0993,332818857.0,-3.700000000000002e-06
2023-10-05,0.0993,0.101,0.0974,0.1001,203783150.6,-2.577e-05
2023-10-06,0.1002,0.1017,0.0978,0.1007,213645823.6,8.41000000000001e-06
2023-10-07,0.1008,0.1012,0.0995,0.0999,107906899.4,0.00020512
2023-10-08,0.0999,0.103,0.099,0.1012,240189497.7,0.00023642
2023-10-09,0.1012,0.1014,0.0943,0.0965,327259446.3,-0.00017831
2023-10-10,0.0964,0.097,0.0943,0.0951,177636673.0,0.00015823
2023-10-11,0.0951,0.0955,0.0927,0.0951,255163462.3,0.00012651
2023-10-12,0.095,0.0955,0.0926,0.0935,180941520.4,0.00022389
2023-10-13,0.0935,0.0968,0.0934,0.095,157758323.1,-0.0001745299999999
2023-10-14,0.095,0.0959,0.0944,0.0952,100665094.7,9.84e-06
2023-10-15,0.0953,0.096,0.0941,0.0943,125487591.7,0.0003
2023-10-16,0.0943,0.0985,0.0937,0.0947,333213827.4,0.0002991
2023-10-17,0.0947,0.095,0.0901,0.0913,238527634.5,-0.00086324
2023-10-18,0.0912,0.0925,0.0897,0.0898,222310866.7,-0.00025568
2023-10-19,0.0898,0.0903,0.0875,0.0897,259096519.6,1.425000000000002e-05
2023-10-20,0.0897,0.0927,0.0889,0.0912,333769474.8,0.00013326
2023-10-21,0.0911,0.0944,0.0908,0.0941,273241447.5,0.00022595
2023-10-22,0.094,0.0949,0.0916,0.0943,320412382.0,0.00020414
2023-10-23,0.0942,0.099,0.0928,0.0982,604093358.8,3.46e-05
2023-10-24,0.0983,0.1028,0.0956,0.1008,917865662.6,0.0003
2023-10-25,0.1007,0.1034,0.0982,0.1008,547404096.8,0.0003
2023-10-26,0.1008,0.1037,0.0972,0.1011,589569894.0,0.0003
2023-10-27,0.1011,0.1016,0.0979,0.0992,311920251.8,0.0003
2023-10-28,0.0992,0.1025,0.099,0.1018,227350258.4,0.0003
2023-10-29,0.1017,0.1072,0.1001,0.1065,312656916.4,0.0003
2023-10-30,0.1066,0.1126,0.1049,0.1122,522155901.2,0.0003
2023-10-31,0.1122,0.1139,0.1052,0.1095,622613435.2,0.0003
2023-11-01,0.1095,0.1158,0.1068,0.1146,540972938.9,0.0003
2023-11-02,0.1145,0.1155,0.1083,0.1114,552403918.8,0.00038416
2023-11-03,0.1114,0.1134,0.107,0.1115,384807961.8,0.0003
2023-11-04,0.1115,0.1158,0.11,0.1149,255047137.4,0.00035058
2023-11-05,0.1149,0.1233,0.1142,0.1215,565982501.6,0.00053423
2023-11-06,0.1216,0.1301,0.1189,0.1293,467772883.4,0.0003
2023-11-07,0.1292,0.13,0.1183,0.1237,445936614.0,0.0004874
2023-11-08,0.1236,0.1283,0.1225,0.1271,269224465.2,0.0003
2023-11-09,0.1271,0.1321,0.1059,0.1238,588394606.4,0.0006142999999999
2023-11-10,0.1238,0.1284,0.1196,0.1281,332435907.2,0.0003
2023-11-11,0.1281,0.1364,0.1244,0.1336,460704919.0,0.00051193
2023-11-12,0.1337,0.1486,0.1279,0.1462,590415747.7,0.00069587
2023-11-13,0.1462,0.1479,0.1323,0.1334,579756077.6,0.00063637
2023-11-14,0.1333,0.1367,0.1224,0.129,454661111.7,0.0003
2023-11-15,0.129,0.1453,0.1285,0.1424,376113662.3,0.0003
2023-11-16,0.1424,0.1473,0.1326,0.1358,487923805.9,0.00054816
2023-11-17,0.1358,0.14,0.128,0.1361,418450550.1,0.00030703
2023-11-18,0.1361,0.1362,0.1261,0.1345,250047264.4,0.0003
2023-11-19,0.1345,0.1426,0.1306,0.1407,212355677.1,0.0003
2023-11-20,0.1408,0.1507,0.138,0.1414,490245888.0,0.0003
2023-11-21,0.1415,0.1428,0.1233,0.1235,601758979.2,0.00045
2023-11-22,0.1234,0.1347,0.1231,0.1323,301202525.8,0.0003
2023-11-23,0.1322,0.1343,0.1282,0.1306,197415931.4,0.0003
2023-11-24,0.1306,0.1353,0.1302,0.1335,229194238.9,0.0003
2023-11-25,0.1335,0.1418,0.1325,0.1405,240867690.7,0.0003
2023-11-26,0.1405,0.141,0.133,0.1362,229295982.2,0.0003
2023-11-27,0.1362,0.1386,0.1289,0.1317,263247035.3,0.0003
2023-11-28,0.1318,0.1351,0.1285,0.133,182445086.2,0.0003
2023-11-29,0.133,0.1345,0.1301,0.1341,191574424.9,0.0003
2023-11-30,0.1341,0.1402,0.1313,0.1337,316453431.6,0.0003
2023-12-01,0.1338,0.1396,0.1329,0.1395,190593999.4,0.0003
2023-12-02,0.1395,0.1486,0.1387,0.148,244085012.9,0.0003
2023-12-03,0.148,0.1551,0.1468,0.1514,366516578.2,0.0003
2023-12-04,0.1514,0.1602,0.1453,0.1537,504310138.7,0.00079784
2023-12-05,0.1536,0.1553,0.1496,0.1539,312539648.5,0.0004634
2023-12-06,0.1539,0.1582,0.1505,0.1529,381116439.7,0.00072309
2023-12-07,0.153,0.1651,0.1528,0.164,546891125.9,0.0003
2023-12-08,0.164,0.1859,0.1625,0.1845,586951933.5,0.00039291
2023-12-09,0.1846,0.2236,0.1839,0.1996,1665519803.4,0.00124214
2023-12-10,0.1996,0.2054,0.189,0.2016,608754825.9,0.00057897
2023-12-11,0.2017,0.2095,0.1659,0.2028,1167665164.8,0.00033419
2023-12-12,0.2027,0.2149,0.1933,0.1983,718698300.4,0.0003
2023-12-13,0.1982,0.2041,0.1844,0.2009,653505896.4,0.0003
2023-12-14,0.2009,0.2182,0.1965,0.2164,705826621.2,0.00036732
2023-12-15,0.2165,0.2171,0.1942,0.1961,430798243.9,0.00068677
2023-12-16,0.1962,0.2043,0.193,0.1982,308937864.0,0.0003
2023-12-17,0.1983,0.2011,0.1897,0.1906,335651417.3,0.00043481
2023-12-18,0.1907,0.196,0.1769,0.1956,437436836.9,0.0003
2023-12-19,0.1955,0.2053,0.1905,0.1924,406629339.7,0.0003
2023-12-20,0.1923,0.2041,0.1889,0.1985,352159607.6,0.0003
2023-12-21,0.1985,0.2304,0.1949,0.2242,588360807.3,0.00044981
2023-12-22,0.2242,0.2535,0.2241,0.2399,1191997644.7,0.00119521
2023-12-23,0.2399,0.2433,0.2285,0.2357,434641985.2,0.0007458699999999
2023-12-24,0.2356,0.2481,0.2243,0.2309,436237499.1,0.0013378399999999
2023-12-25,0.2308,0.24,0.227,0.2386,294633267.9,0.0015727699999999
2023-12-26,0.2385,0.2428,0.2107,0.2354,479786521.4,0.00182903
2023-12-27,0.2354,0.2359,0.2233,0.2291,267281906.7,0.00109972
2023-12-28,0.2291,0.2388,0.2212,0.2342,427282518.8,0.00125496
2023-12-29,0.2343,0.2436,0.2202,0.2267,438190086.3,0.00103075
2023-12-30,0.2268,0.2279,0.2182,0.2213,191743738.3,0.0009227899999999
2023-12-31,0.2214,0.2331,0.2184,0.2231,188121653.8,0.00124256
2024-01-01,0.223,0.2402,0.2198,0.239,170481094.8,0.00125703
2024-01-02,0.2391,0.2452,0.2243,0.2272,275924416.9,0.00250122
2024-01-03,0.2272,0.2309,0.1634,0.2045,568742936.4,0.00082959
2024-01-04,0.2045,0.21,0.1976,0.2073,268898804.9,0.0003
2024-01-05,0.2073,0.2079,0.1874,0.1966,307375767.4,0.0003
2024-01-06,0.1965,0.1967,0.1788,0.1898,217836616.7,0.0003
2024-01-07,0.1898,0.194,0.1759,0.1782,203735830.5,0.0003
2024-01-08,0.1782,0.2003,0.1635,0.1948,664797233.9,2.560000000000001e-05
2024-01-09,0.1949,0.2024,0.1791,0.1857,503644076.3,-0.00013167
2024-01-10,0.1857,0.2046,0.1775,0.1993,408258854.2,0.00022905
2024-01-11,0.1993,0.2073,0.1949,0.2025,363930680.4,0.0003
2024-01-12,0.2024,0.2045,0.1801,0.1866,345778752.5,0.0003
2024-01-13,0.1867,0.1918,0.1804,0.1893,166441280.4,0.0003
2024-01-14,0.1894,0.1931,0.183,0.1837,159957355.6,0.0003
2024-01-15,0.1838,0.1912,0.1835,0.1885,128098944.1,0.0003
2024-01-16,0.1884,0.1975,0.1871,0.196,200101774.2,0.0003
2024-01-17,0.196,0.199,0.1887,0.1913,185601809.0,0.0003
2024-01-18,0.1913,0.1938,0.1758,0.179,234548419.2,0.0003
2024-01-19,0.1791,0.1795,0.1673,0.1733,275620962.4,0.0003
2024-01-20,0.1734,0.1741,0.1699,0.1722,139990579.2,0.0003
2024-01-21,0.1721,0.1746,0.1698,0.1701,110561358.3,0.0003
2024-01-22,0.1701,0.1719,0.1591,0.1614,305455878.2,0.0003
2024-01-23,0.1613,0.1655,0.1484,0.1599,364433007.2,0.0003
2024-01-24,0.1598,0.1643,0.158,0.1632,214201345.1,0.00025111
2024-01-25,0.1632,0.1638,0.1583,0.1611,170854824.6,0.0003
2024-01-26,0.161,0.1691,0.1595,0.1665,171820515.9,0.0003
2024-01-27,0.1665,0.1685,0.1639,0.1677,103330242.8,0.0003
2024-01-28,0.1676,0.1691,0.1618,0.1641,156185384.2,0.0003
2024-01-29,0.1641,0.1694,0.1623,0.1689,175253748.6,0.0003
2024-01-30,0.1689,0.1711,0.1632,0.1645,200311719.1,0.0003
2024-01-31,0.1645,0.1653,0.1573,0.1591,293531478.0,0.0003
2024-02-01,0.1592,0.1608,0.1548,0.1587,167863372.5,0.0003
2024-02-02,0.1587,0.1643,0.1582,0.161,159992207.2,0.0003
2024-02-03,0.161,0.1683,0.1609,0.1658,141236165.5,0.0003
2024-02-04,0.1658,0.1658,0.1581,0.1589,115345583.9,0.0003
2024-02-05,0.1588,0.1623,0.1558,0.1599,116140444.2,0.0003
2024-02-06,0.1599,0.1624,0.1574,0.1622,106272752.9,0.0003
2024-02-07,0.1622,0.1687,0.1602,0.1682,120516378.5,0.0003
2024-02-08,0.1681,0.1708,0.1663,0.1689,128238908.0,0.0003
2024-02-09,0.1689,0.1757,0.1685,0.1744,157645249.0,0.0003
2024-02-10,0.1744,0.1779,0.1708,0.1753,125859433.2,0.0003
2024-02-11,0.1754,0.1807,0.172,0.1802,146269417.8,0.0003
2024-02-12,0.1802,0.1838,0.1737,0.183,269135312.3,0.0003
2024-02-13,0.183,0.1856,0.1732,0.1777,220119779.2,0.00032891
2024-02-14,0.1777,0.1848,0.1748,0.1838,150942364.1,0.00060578
2024-02-15,0.1839,0.192,0.1827,0.1875,213128153.0,0.00100081
2024-02-16,0.1876,0.1976,0.1865,0.1944,221803349.3,0.00106773
2024-02-17,0.1945,0.1946,0.1835,0.1906,150343509.7,0.00064363
2024-02-18,0.1906,0.1974,0.1898,0.1965,122883140.1,0.00062761
2024-02-19,0.1966,0.2045,0.196,0.2038,202510757.0,0.00038455
2024-02-20,0.2039,0.2044,0.1887,0.1964,280279795.2,0.00068072
2024-02-21,0.1965,0.1976,0.1815,0.1892,210673426.1,0.00036127
2024-02-22,0.1892,0.1947,0.1843,0.1891,154737818.9,0.0005374
2024-02-23,0.1891,0.1909,0.1822,0.1857,176828386.4,0.00064065
2024-02-24,0.1857,0.1978,0.1818,0.1973,174642698.3,0.00089266
2024-02-25,0.1973,0.2113,0.1939,0.2081,348778756.2,0.00060125
2024-02-26,0.208,0.213,0.1967,0.2124,286695848.7,0.00120131
2024-02-27,0.2125,0.2127,0.2017,0.2086,245431329.9,0.00163721
2024-02-28,0.2087,0.2246,0.1913,0.2108,468682564.1,0.00161811
2024-02-29,0.2109,0.2323,0.2059,0.212,379995673.8,0.00167443
2024-03-01,0.2121,0.2291,0.212,0.2286,214054123.2,0.00133998
2024-03-02,0.2286,0.2484,0.2255,0.2483,381172723.8,0.00240293
2024-03-03,0.2483,0.2577,0.2192,0.2513,457955186.1,0.00178683
2024-03-04,0.2514,0.2657,0.2423,0.251,438950809.8,0.00137613
2024-03-05,0.2509,0.2594,0.1959,0.2314,633466522.8,0.00241359
2024-03-06,0.2313,0.2608,0.2205,0.2595,397509270.2,0.00050259
2024-03-07,0.2595,0.285,0.2586,0.2803,548116600.3,0.00096867
2024-03-08,0.2804,0.2819,0.2582,0.2714,321854758.2,0.00150557
2024-03-09,0.2714,0.2775,0.2658,0.2697,196096125.6,0.00175078
2024-03-10,0.2698,0.2742,0.2556,0.2632,198700286.7,0.00212809
2024-03-11,0.2633,0.3022,0.2495,0.2925,588117499.0,0.00160993
2024-03-12,0.2926,0.3204,0.275,0.318,590895304.8,0.00165236
2024-03-13,0.318,0.3306,0.3055,0.3189,447002836.8,0.00123705
2024-03-14,0.319,0.3213,0.2913,0.3123,374147852.6,0.00147301
2024-03-15,0.3123,0.3218,0.2706,0.2996,465417918.3,0.00130442
2024-03-16,0.2996,0.3115,0.261,0.2674,385491107.6,0.00091906
2024-03-17,0.2675,0.2811,0.2522,0.2756,270633532.7,0.0004669999999999
2024-03-18,0.2756,0.2757,0.2462,0.2518,303366134.3,0.00036478
2024-03-19,0.2518,0.2535,0.219,0.2305,482733319.7,0.00030411
2024-03-20,0.2304,0.2525,0.2184,0.2509,356200478.5,0.0003
2024-03-21,0.2509,0.2564,0.2424,0.2489,254370972.1,0.0003
2024-03-22,0.2489,0.255,0.2342,0.2414,216626266.9,0.0003
2024-03-23,0.2414,0.256,0.2369,0.2486,149965905.4,0.0003
2024-03-24,0.2487,0.2587,0.2478,0.2565,187859755.2,0.0003
2024-03-25,0.2566,0.2738,0.2533,0.2684,245849148.8,0.0003
2024-03-26,0.2683,0.2867,0.2675,0.2801,247782133.5,0.00037906
2024-03-27,0.2801,0.2908,0.2665,0.271,294504660.5,0.00065082
2024-03-28,0.271,0.276,0.2627,0.2732,153717574.5,0.00066275
2024-03-29,0.2733,0.2837,0.2644,0.2689,227201625.4,0.00123597
2024-03-30,0.269,0.2715,0.259,0.2606,131483367.0,0.00121472
2024-03-31,0.2605,0.2685,0.2596,0.2682,84653851.8,0.00104548
2024-04-01,0.2682,0.2704,0.2445,0.2516,228262393.3,0.0008201899999999
2024-04-02,0.2517,0.2517,0.2305,0.2345,267036320.8,0.00035753
2024-04-03,0.2346,0.2445,0.2262,0.2323,196798076.7,0.0003
2024-04-04,0.2324,0.242,0.2254,0.2374,172534724.5,0.0003
2024-04-05,0.2374,0.2383,0.2215,0.2297,171799804.1,0.0003
2024-04-06,0.2296,0.2362,0.2281,0.2338,71634452.6,0.0003
2024-04-07,0.2339,0.2377,0.2323,0.2355,95651636.8,0.0003
2024-04-08,0.2355,0.2483,0.2307,0.2457,138887563.2,0.0004036499999999
2024-04-09,0.2457,0.2463,0.231,0.232,162536655.4,0.00035365
2024-04-10,0.2321,0.2334,0.218,0.2306,193686165.3,0.0003
2024-04-11,0.2307,0.2349,0.2267,0.2279,130389759.2,0.0003
2024-04-12,0.228,0.2327,0.1687,0.1934,381311431.6,0.00038009
2024-04-13,0.1934,0.1935,0.1417,0.1677,721248446.5,0.0003
2024-04-14,0.1677,0.1818,0.1615,0.1791,525354954.9,0.00025166
2024-04-15,0.1792,0.1879,0.164,0.1701,442638151.6,0.00026219
2024-04-16,0.1701,0.1804,0.1645,0.1743,410543592.5,0.0002413
2024-04-17,0.1742,0.1759,0.1616,0.1684,290443596.4,1.2999999999999996e-05
2024-04-18,0.1684,0.1763,0.1626,0.1744,235776171.5,8.467000000000001e-05
2024-04-19,0.1744,0.1792,0.1591,0.1748,305802354.3,0.00018802
2024-04-20,0.1749,0.1917,0.1724,0.1916,148965390.5,0.00025235
2024-04-21,0.1916,0.1924,0.1828,0.1873,139429695.0,0.00029635
2024-04-22,0.1873,0.1977,0.1865,0.1949,152053270.4,0.00026616
2024-04-23,0.1949,0.1966,0.1895,0.1934,132776287.9,8.736e-05
2024-04-24,0.1935,0.2588,0.1929,0.2109,1654710434.7,-0.00291075
2024-04-25,0.2109,0.2124,0.1965,0.1998,632027760.4,-0.00116401
2024-04-26,0.1999,0.2139,0.1924,0.1978,595092848.4,-0.00045536
2024-04-27,0.1977,0.2023,0.1883,0.1982,342745531.5,9.881e-05
2024-04-28,0.1983,0.201,0.1917,0.1927,169910982.0,-2.834999999999999e-05
2024-04-29,0.1927,0.1947,0.1841,0.1903,276669926.2,0.00013092
2024-04-30,0.1903,0.1926,0.17,0.178,369932012.0,0.0003
2024-05-01,0.178,0.1833,0.1653,0.1805,421830061.4,0.00015022
2024-05-02,0.1806,0.1842,0.1748,0.1811,188059063.5,0.0003
2024-05-03,0.1811,0.1942,0.1796,0.1919,168570665.3,0.0003
2024-05-04,0.1918,0.1962,0.1897,0.1925,121459657.3,0.0003
2024-05-05,0.1926,0.2001,0.1907,0.1964,184378984.4,0.00029244
2024-05-06,0.1963,0.2026,0.1923,0.1937,230672928.7,0.0003
2024-05-07,0.1937,0.1984,0.1901,0.1906,163730894.1,0.0003
2024-05-08,0.1905,0.1942,0.1854,0.1871,203064247.7,0.0003
2024-05-09,0.187,0.1945,0.1841,0.1934,123669212.2,0.0003
2024-05-10,0.1933,0.1943,0.1815,0.1832,142007936.6,0.0003
2024-05-11,0.1832,0.1855,0.1781,0.1788,96407275.8,0.0003
2024-05-12,0.1788,0.1813,0.1756,0.1767,74666781.8,0.0001289099999999
2024-05-13,0.1768,0.1806,0.1696,0.1776,170715874.7,0.00026952
2024-05-14,0.1775,0.1784,0.1704,0.1713,143313385.2,0.0003
2024-05-15,0.1714,0.1834,0.1698,0.1798,172204861.4,0.0003
2024-05-16,0.1798,0.1814,0.1703,0.174,174732450.6,0.0003
2024-05-17,0.174,0.1849,0.1724,0.1828,147210417.0,0.00015471
2024-05-18,0.1827,0.1866,0.1821,0.1829,103429881.2,0.00029716
2024-05-19,0.1829,0.183,0.1746,0.1748,128513543.4,0.00023632
2024-05-20,0.1748,0.1889,0.1724,0.1887,192438310.4,-9.341e-05
2024-05-21,0.1886,0.1964,0.1855,0.1884,253328822.6,0.0003
2024-05-22,0.1885,0.1896,0.1823,0.1857,151143227.9,0.0003
2024-05-23,0.1857,0.1881,0.1718,0.1817,259227780.6,0.0003
2024-05-24,0.1817,0.1892,0.1776,0.1886,148144473.7,0.0003
2024-05-25,0.1886,0.1957,0.1885,0.1936,133537758.4,0.0003
2024-05-26,0.1935,0.1943,0.1872,0.1894,101041195.7,0.0003
2024-05-27,0.1895,0.2001,0.1894,0.1967,127810087.2,0.0003
2024-05-28,0.1967,0.1978,0.1895,0.1943,159624074.4,0.0003
2024-05-29,0.1944,0.1961,0.1893,0.1896,113819641.8,0.0003
2024-05-30,0.1897,0.1952,0.1862,0.1898,137643850.8,0.0003
2024-05-31,0.1898,0.1911,0.1854,0.1883,113253121.7,0.0003
2024-06-01,0.1883,0.1898,0.1862,0.1884,54449322.5,0.0003
2024-06-02,0.1885,0.19,0.1821,0.1825,84771999.2,0.0003
2024-06-03,0.1825,0.1894,0.181,0.1838,96297657.3,0.0003
2024-06-04,0.1839,0.1872,0.1792,0.1862,108981903.6,0.0003
2024-06-05,0.1862,0.1902,0.1859,0.189,85391161.7,0.0003
2024-06-06,0.1889,0.1892,0.1832,0.186,80836581.0,0.0003
2024-06-07,0.1859,0.1935,0.1599,0.1748,323007703.9,0.0003
2024-06-08,0.1748,0.1767,0.1635,0.1659,156158032.2,0.0003
2024-06-09,0.1658,0.1713,0.1653,0.1702,65140428.8,0.0003
2024-06-10,0.1702,0.172,0.1655,0.1665,119168514.7,0.0003
2024-06-11,0.1665,0.1686,0.155,0.1588,238341768.7,0.0003
2024-06-12,0.1588,0.1698,0.155,0.1659,192112851.8,0.0003
2024-06-13,0.166,0.167,0.1555,0.1558,141682548.8,0.0003
2024-06-14,0.1557,0.1592,0.1467,0.1512,207559674.1,0.0003
2024-06-15,0.1512,0.1549,0.1496,0.1523,82197871.3,0.0003
2024-06-16,0.1524,0.1563,0.1497,0.1556,83622099.5,0.0003
2024-06-17,0.1555,0.1566,0.1396,0.1449,224995396.8,0.0003
2024-06-18,0.1449,0.1455,0.1249,0.1336,452338188.3,-0.0002727899999999
2024-06-19,0.1337,0.141,0.1322,0.1386,166142661.7,-0.0004818999999999
2024-06-20,0.1386,0.1464,0.1376,0.1381,134594757.9,-9.652e-05
2024-06-21,0.1381,0.1424,0.1362,0.1392,144243492.9,0.00016874
2024-06-22,0.1392,0.1393,0.1334,0.1338,97953423.9,0.0003
2024-06-23,0.1338,0.1366,0.13,0.1323,90304127.2,1.112999999999999e-05
2024-06-24,0.1323,0.1355,0.1242,0.1352,235778643.6,0.0003
2024-06-25,0.1352,0.1429,0.1341,0.1411,107208450.5,0.0003
2024-06-26,0.1411,0.1427,0.1388,0.1407,105768492.8,4.727e-05
2024-06-27,0.1407,0.1444,0.1372,0.1427,112207226.2,-3.133e-05
2024-06-28,0.1428,0.1451,0.1395,0.1398,114146555.0,0.0003
2024-06-29,0.1397,0.1427,0.1379,0.1392,53982058.0,0.0003
2024-06-30,0.1391,0.1449,0.1368,0.1444,89936745.7,0.00012845
2024-07-01,0.1444,0.149,0.1437,0.1468,103348269.4,0.0001583
2024-07-02,0.1468,0.1513,0.1464,0.1502,93451284.2,0.0003
2024-07-03,0.1502,0.1511,0.1412,0.1426,121211945.4,0.0003
2024-07-04,0.1426,0.1431,0.1307,0.1312,195325955.6,0.0003
2024-07-05,0.1312,0.1334,0.1142,0.1306,404751840.2,0.00010243
2024-07-06,0.1306,0.1393,0.1287,0.1385,109059552.6,0.00017898
2024-07-07,0.1386,0.1387,0.1255,0.1265,114656777.0,0.00022078
2024-07-08,0.1264,0.1373,0.1213,0.1331,276805494.4,-0.00041921
2024-07-09,0.1331,0.1411,0.1324,0.1395,109461096.8,0.00028524
2024-07-10,0.1396,0.1417,0.1364,0.1394,83061870.0,0.0003
2024-07-11,0.1394,0.143,0.1364,0.1371,109890412.1,0.0003
2024-07-12,0.1371,0.1387,0.1339,0.138,84894515.3,0.0003
2024-07-13,0.138,0.1447,0.1377,0.1431,88975440.2,0.0003
2024-07-14,0.1432,0.1535,0.1431,0.152,91197518.8,0.00020926
2024-07-15,0.1519,0.1597,0.1519,0.1576,158337894.0,0.00027376
2024-07-16,0.1576,0.1622,0.1528,0.1583,167236483.2,0.0003
2024-07-17,0.1583,0.1624,0.1544,0.1544,110254180.7,0.0003
2024-07-18,0.1545,0.1575,0.149,0.1518,106935708.8,0.0003
2024-07-19,0.1518,0.1595,0.1494,0.1577,96924545.9,0.0003
2024-07-20,0.1577,0.1612,0.1563,0.158,72765998.3,0.0003
2024-07-21,0.158,0.1609,0.1507,0.1592,95971454.9,0.00016633
2024-07-22,0.1592,0.1598,0.1506,0.151,97277524.9,0.00028266
2024-07-23,0.1509,0.1527,0.1417,0.1433,147806394.4,6.100000000000001e-05
2024-07-24,0.1433,0.1466,0.1388,0.1396,92625880.1,0.0003
2024-07-25,0.1396,0.1399,0.1324,0.1371,149031187.6,0.00024117
2024-07-26,0.137,0.143,0.1362,0.1425,77912656.5,-0.00011739
2024-07-27,0.1425,0.146,0.14,0.1427,89128270.1,-6.911e-05
2024-07-28,0.1428,0.1431,0.1373,0.139,48609417.2,0.0003
2024-07-29,0.139,0.1449,0.1385,0.1388,98191714.3,0.00011397
2024-07-30,0.1388,0.1428,0.1354,0.1373,79061352.1,0.0003
2024-07-31,0.1373,0.142,0.1353,0.1355,112565430.5,0.0003
2024-08-01,0.1354,0.1368,0.1251,0.1347,163855800.3,0.00019729
2024-08-02,0.1348,0.1357,0.1231,0.1241,192209744.0,0.00028928
2024-08-03,0.124,0.1265,0.1165,0.1204,143593882.9,0.00020662
2024-08-04,0.1204,0.1225,0.1096,0.1145,142446425.7,-7.821e-05
2024-08-05,0.1146,0.1156,0.0928,0.11,784393467.9,-0.0001083
2024-08-06,0.11,0.1161,0.109,0.1125,253913558.1,-0.00036246
2024-08-07,0.1125,0.1172,0.1083,0.1097,238100307.8,-0.0001124899999999
2024-08-08,0.1097,0.1227,0.1074,0.1221,204284659.7,3.801000000000001e-05
2024-08-09,0.1221,0.1222,0.1178,0.1201,128840756.9,-1.2619999999999998e-05
2024-08-10,0.12,0.1225,0.118,0.1209,63626738.3,0.0003
2024-08-11,0.1209,0.1241,0.1147,0.1151,87595664.4,9.026e-05
2024-08-12,0.1151,0.1208,0.1141,0.1197,155047626.1,-1.81e-05
2024-08-13,0.1197,0.1217,0.1156,0.1212,88265949.1,0.00022905
2024-08-14,0.1212,0.1222,0.1167,0.1195,69034708.8,0.00024137
2024-08-15,0.1195,0.1219,0.1145,0.1155,95547480.2,0.00022543
2024-08-16,0.1154,0.1203,0.1131,0.1155,121018264.0,-0.00026353
2024-08-17,0.1154,0.1188,0.1145,0.1185,47728203.8,0.0002405
2024-08-18,0.1185,0.1207,0.1167,0.1186,58018204.6,0.0003
2024-08-19,0.1187,0.1247,0.117,0.1236,104366898.5,0.0003
2024-08-20,0.1236,0.1299,0.1231,0.1278,120367142.1,5.548000000000001e-05
2024-08-21,0.1278,0.1377,0.1263,0.1346,118916525.6,0.00012721
2024-08-22,0.1345,0.137,0.1339,0.1356,79692140.2,0.0003
2024-08-23,0.1357,0.1453,0.135,0.1441,97401003.7,0.0003
2024-08-24,0.1442,0.1484,0.1417,0.1465,81804546.5,0.0003
2024-08-25,0.1465,0.1466,0.1408,0.1416,75912790.0,0.0003
2024-08-26,0.1415,0.143,0.1339,0.1345,92515628.8,0.0003
2024-08-27,0.1344,0.1364,0.1253,0.128,112894649.2,0.0003
2024-08-28,0.1281,0.1312,0.1247,0.1269,157161651.5,0.00014247
2024-08-29,0.1268,0.1326,0.1247,0.1266,85582000.7,0.00021961
2024-08-30,0.1266,0.1292,0.1214,0.1282,100417169.1,0.00018449
2024-08-31,0.1283,0.1291,0.1229,0.1232,41948432.9,0.00028462
2024-09-01,0.1231,0.1234,0.1172,0.1182,65032149.1,8.732e-05
2024-09-02,0.1183,0.126,0.1178,0.1255,71631271.2,-0.00011331
2024-09-03,0.1256,0.1269,0.119,0.1193,70177934.8,0.00018686
2024-09-04,0.1192,0.1245,0.1137,0.1224,101047498.0,-5.266e-05
2024-09-05,0.1223,0.1224,0.1157,0.1176,60027697.7,0.0003
2024-09-06,0.1175,0.1211,0.1114,0.1162,124934878.1,-7.126000000000002e-05
2024-09-07,0.1162,0.1226,0.1153,0.1207,81285306.1,-1.1999999999999994e-05
2024-09-08,0.1207,0.1268,0.12,0.125,99252989.2,2.393000000000001e-05
2024-09-09,0.125,0.1293,0.1238,0.1277,81807381.5,0.0003
2024-09-10,0.1277,0.1296,0.1257,0.1295,66133091.6,0.00024737
2024-09-11,0.1296,0.1296,0.1223,0.1268,89943320.5,0.00028464
2024-09-12,0.1268,0.1304,0.1263,0.13,56051594.9,0.00022242
2024-09-13,0.13,0.1335,0.1269,0.1331,65613794.9,0.0003
2024-09-14,0.1331,0.1336,0.1301,0.1311,46427339.7,0.0003
2024-09-15,0.131,0.1317,0.1254,0.126,54977306.8,0.0003
2024-09-16,0.126,0.1279,0.122,0.1236,79905591.5,0.0003
2024-09-17,0.1235,0.1274,0.1219,0.124,72026742.7,0.00026117
2024-09-18,0.1239,0.1278,0.1191,0.1278,106550728.1,0.00016433
2024-09-19,0.1277,0.1334,0.1276,0.1315,86662927.2,0.0003
2024-09-20,0.1314,0.1353,0.1301,0.1329,82609857.9,0.00024024
2024-09-21,0.1329,0.1364,0.1316,0.1363,51519536.2,3.784e-05
2024-09-22,0.1363,0.1365,0.1294,0.1321,69495421.0,-0.00019611
2024-09-23,0.132,0.1356,0.1295,0.1342,84702426.2,0.00013932
2024-09-24,0.1341,0.1396,0.131,0.1383,103552885.4,4.494e-05
2024-09-25,0.1383,0.1422,0.1364,0.1372,104938816.4,-9.21999999999999e-06
2024-09-26,0.1371,0.1442,0.1344,0.1437,117415626.4,0.0003
2024-09-27,0.1436,0.147,0.1428,0.1441,103696989.2,0.0003
2024-09-28,0.1442,0.1453,0.1387,0.1412,82123376.7,0.0003
2024-09-29,0.1413,0.1436,0.1386,0.1412,70279132.7,0.0003
2024-09-30,0.1411,0.1415,0.1331,0.1341,114421188.6,0.00021896
2024-10-01,0.134,0.1371,0.1209,0.1247,194487892.3,0.00018972
2024-10-02,0.1247,0.1285,0.1192,0.1209,148953857.6,8.513e-05
2024-10-03,0.121,0.1243,0.118,0.122,151269330.7,-0.00024515
2024-10-04,0.122,0.1285,0.1212,0.1259,190031467.4,-0.00024914
2024-10-05,0.126,0.1277,0.1234,0.1257,65304910.6,-5.801999999999999e-05
2024-10-06,0.1258,0.128,0.1245,0.1268,62477481.4,0.00014203
2024-10-07,0.1269,0.1296,0.1242,0.1244,136897555.2,-5.159999999999998e-06
2024-10-08,0.1243,0.1263,0.1201,0.1212,110920417.3,0.00020337
2024-10-09,0.1212,0.1241,0.1176,0.1186,100808443.7,0.00010559
2024-10-10,0.1186,0.1206,0.1155,0.1185,102353152.5,2.829e-05
2024-10-11,0.1185,0.1224,0.1178,0.1214,64407257.2,-8.246e-05
2024-10-12,0.1213,0.1241,0.1204,0.1217,53899091.1,5.8200000000000005e-05
2024-10-13,0.1217,0.1228,0.1187,0.1208,68898453.7,-0.00037084
2024-10-14,0.1207,0.1274,0.1195,0.1268,97332550.3,0.00010157
2024-10-15,0.1268,0.1286,0.1222,0.1259,129561864.2,0.0003
2024-10-16,0.1259,0.1261,0.1222,0.1229,94243156.6,0.00020563
2024-10-17,0.1228,0.1239,0.1172,0.1196,100047670.7,4.796e-05
2024-10-18,0.1197,0.1239,0.1194,0.1233,73572430.5,5.139999999999988e-06
2024-10-19,0.1232,0.1266,0.1215,0.1233,68891672.7,0.0003
2024-10-20,0.1232,0.1307,0.1216,0.1303,87726209.8,0.00029783
2024-10-21,0.1304,0.1316,0.1248,0.1256,103739010.1,0.0003
2024-10-22,0.1255,0.1284,0.1223,0.1242,89447938.1,0.0003
2024-10-23,0.1243,0.1246,0.1176,0.1212,79419293.7,0.0003
2024-10-24,0.1211,0.1232,0.1195,0.1222,63465090.3,0.0003
2024-10-25,0.1221,0.1225,0.1096,0.1143,146215551.9,0.0003
2024-10-26,0.1143,0.1153,0.1113,0.1145,87368550.0,-0.00042123
2024-10-27,0.1145,0.117,0.1138,0.1159,47650768.9,-0.00018596
2024-10-28,0.1159,0.1196,0.113,0.1183,84387301.3,-1.0799999999999964e-06
2024-10-29,0.1183,0.1244,0.1183,0.1239,104505030.1,0.0001521
2024-10-30,0.1239,0.1241,0.1201,0.1207,89722793.3,0.0003
2024-10-31,0.1207,0.1212,0.1133,0.1144,106314058.7,0.0003
2024-11-01,0.1144,0.1176,0.1119,0.1146,124681883.5,0.0003
2024-11-02,0.1146,0.1172,0.1129,0.1137,85608293.2,6.868e-05
2024-11-03,0.1138,0.1141,0.1056,0.1094,144902566.3,-0.0003692099999999
2024-11-04,0.1094,0.1116,0.1056,0.1091,158353211.3,-0.00014622
2024-11-05,0.1092,0.1154,0.109,0.1141,171982526.3,-0.0002382
2024-11-06,0.1141,0.1222,0.114,0.1217,251378749.6,0.00024791
2024-11-07,0.1216,0.125,0.1198,0.1227,192717584.4,0.0003
2024-11-08,0.1228,0.1316,0.1206,0.131,249359302.8,0.0003
2024-11-09,0.1311,0.1341,0.1281,0.1338,201245838.2,0.0003
2024-11-10,0.1338,0.1506,0.1331,0.1456,392093255.9,0.0003
2024-11-11,0.1456,0.1598,0.1415,0.1596,369048500.9,0.0003
2024-11-12,0.1597,0.1639,0.1444,0.1543,453468017.2,0.0008330799999999
2024-11-13,0.1543,0.1561,0.1394,0.1457,374352175.4,0.0003
2024-11-14,0.1456,0.1557,0.1413,0.1458,327054492.5,0.00032748
2024-11-15,0.1457,0.1914,0.1452,0.1856,1423136394.6,0.0003
2024-11-16,0.1856,0.2191,0.1824,0.1967,1238692736.5,0.0003
2024-11-17,0.1967,0.2001,0.1794,0.1839,434844616.6,0.0003
2024-11-18,0.184,0.2318,0.1817,0.2163,1076337039.9,0.00032616
2024-11-19,0.2162,0.2387,0.2048,0.2236,778668601.9,0.0003
2024-11-20,0.2235,0.2287,0.2082,0.2109,498181950.0,0.0003
2024-11-21,0.211,0.2224,0.2026,0.2143,482538408.2,0.0003
2024-11-22,0.2145,0.2645,0.2145,0.2589,826851154.7,0.00033207
2024-11-23,0.2589,0.3215,0.2586,0.2941,1297473721.7,0.00092222
2024-11-24,0.294,0.3291,0.2559,0.2842,845674859.3,0.000631
2024-11-25,0.2842,0.2936,0.2565,0.2599,467162301.5,0.0003
2024-11-26,0.2599,0.299,0.2511,0.2978,612074995.4,0.0003
2024-11-27,0.2978,0.3103,0.2864,0.2933,657127782.0,0.0003
2024-11-28,0.2933,0.331,0.2828,0.323,423927566.5,0.0003711
2024-11-29,0.3231,0.4726,0.3185,0.4425,2219609600.9,0.00081882
2024-11-30,0.4425,0.484,0.3982,0.4442,1857390832.4,0.00054559
2024-12-01,0.444,0.5248,0.4239,0.4865,1468094347.7,0.00052679
2024-12-02,0.4866,0.5557,0.4565,0.5045,1532318017.4,0.00062379
2024-12-03,0.5046,0.615,0.5043,0.5068,1663318842.5,0.00060006
2024-12-04,0.5068,0.5403,0.4664,0.4788,817185443.6,0.00069485
2024-12-05,0.4787,0.4941,0.434,0.4501,855770917.2,0.00133797
2024-12-06,0.45,0.5155,0.4304,0.4991,662545495.5,0.00138371
2024-12-07,0.4991,0.5299,0.4664,0.5098,792291200.9,0.00031371
2024-12-08,0.5097,0.523,0.4847,0.4972,397162888.4,0.00084996
2024-12-09,0.4972,0.4979,0.3425,0.4158,828882751.9,0.00057649
2024-12-10,0.4158,0.4342,0.3707,0.4233,1012210295.5,0.0003
2024-12-11,0.4234,0.4651,0.4007,0.452,477586154.9,0.0002443
2024-12-12,0.4519,0.4785,0.4204,0.4279,579199004.1,6.77e-05
2024-12-13,0.428,0.4555,0.415,0.4376,466006218.7,0.0003
2024-12-14,0.4376,0.4376,0.4067,0.4206,279184978.2,0.0003
2024-12-15,0.4207,0.4354,0.4063,0.4318,299659021.7,0.0003
2024-12-16,0.4318,0.4372,0.4011,0.413,414786407.0,0.0003
2024-12-17,0.4131,0.4438,0.4034,0.4128,537481977.2,0.0003
2024-12-18,0.4129,0.4153,0.36,0.3672,572251914.2,0.00015209
2024-12-19,0.3672,0.383,0.3206,0.3323,682537328.6,0.00022915
2024-12-20,0.3323,0.3561,0.2824,0.3476,767716992.7,0.0003
2024-12-21,0.3475,0.3753,0.3237,0.3282,419628838.7,9.881e-05
2024-12-22,0.3282,0.3567,0.3166,0.3475,426362225.0,0.0001347
2024-12-23,0.3475,0.3795,0.3343,0.3759,540929708.5,-0.00018998
2024-12-24,0.3759,0.4134,0.3622,0.3962,448885115.3,-0.00036865
2024-12-25,0.3961,0.4014,0.3773,0.3808,238540587.8,-3.685e-05
2024-12-26,0.3807,0.384,0.3439,0.3464,293869542.0,0.00028598
2024-12-27,0.3463,0.3694,0.3288,0.333,368969140.1,0.00024879
2024-12-28,0.3331,0.3515,0.3281,0.345,181772623.1,8.909e-05
2024-12-29,0.345,0.3498,0.3219,0.3251,195562385.6,0.00019426
2024-12-30,0.3251,0.3498,0.3108,0.3283,362778861.1,0.00021907
2024-12-31,0.3283,0.3535,0.3166,0.3344,337489499.7,0.0001017
2025-01-01,0.3345,0.3859,0.3271,0.3768,395287708.8,0.00023544
2025-01-02,0.3769,0.4092,0.3766,0.3922,436822391.0,0.00029661
2025-01-03,0.3921,0.4271,0.3921,0.419,434005484.5,-4.978999999999999e-05
2025-01-04,0.4189,0.4317,0.4051,0.4098,252983290.7,0.00019746
2025-01-05,0.4099,0.416,0.3959,0.4051,217095769.1,0.0003
2025-01-06,0.4051,0.4315,0.3965,0.4146,252035395.8,0.0003
2025-01-07,0.4147,0.4261,0.3706,0.3724,403029429.6,0.0003
2025-01-08,0.3723,0.3821,0.3393,0.3587,390349390.3,0.00026153
2025-01-09,0.3588,0.3633,0.3351,0.3417,290557544.0,0.00018074
2025-01-10,0.3417,0.385,0.3382,0.3724,380443735.0,-2.7249999999999985e-05
2025-01-11,0.3724,0.3858,0.3581,0.3778,226659272.7,8.320000000000002e-06
2025-01-12,0.3778,0.3798,0.3529,0.3599,164341437.6,3.154e-05
2025-01-13,0.3599,0.3739,0.3232,0.3491,433772957.5,1.798000000000001e-05
2025-01-14,0.3492,0.3778,0.3453,0.3723,244323928.2,-5.704e-05
2025-01-15,0.3723,0.4499,0.3694,0.4444,764075779.1,4.611e-05
2025-01-16,0.4445,0.4843,0.4257,0.4642,956730377.8,0.0002309
2025-01-17,0.4643,0.4966,0.4623,0.4685,547084532.8,0.00015129
2025-01-18,0.4685,0.4748,0.4335,0.445,516745327.8,0.0003
2025-01-19,0.445,0.4581,0.3877,0.3978,725403813.8,0.0003
2025-01-20,0.3978,0.4794,0.3835,0.4302,973520554.9,0.0003
2025-01-21,0.4302,0.4455,0.4058,0.4242,444272396.8,0.0003
2025-01-22,0.4242,0.4318,0.4025,0.4053,303090838.2,0.00018372
2025-01-23,0.4053,0.4229,0.3894,0.4098,364587122.5,0.00029461
2025-01-24,0.4099,0.4266,0.3917,0.3997,274915711.2,-0.00021364
2025-01-25,0.3996,0.4094,0.3934,0.4031,166830253.1,0.00028563
2025-01-26,0.4031,0.4189,0.3808,0.3813,189759754.9,6.714000000000001e-05
2025-01-27,0.3813,0.3883,0.3443,0.3863,491281783.1,-3.193999999999999e-05
2025-01-28,0.3864,0.3917,0.3574,0.3625,189587930.2,0.00023252
2025-01-29,0.3625,0.3856,0.3534,0.3691,194982241.1,0.00028526
2025-01-30,0.3691,0.396,0.3651,0.3874,161373338.2,0.00025913
2025-01-31,0.3874,0.402,0.3737,0.379,197844755.8,0.0003
2025-02-01,0.379,0.3858,0.344,0.3474,174413336.4,0.0003
2025-02-02,0.3475,0.3561,0.2826,0.2995,519347036.2,0.00024243
2025-02-03,0.2996,0.3184,0.2185,0.3127,1023059387.4,-0.00020967
2025-02-04,0.3127,0.3167,0.2781,0.2907,398215432.3,-0.00027482
2025-02-05,0.2907,0.2992,0.2777,0.2812,281482420.7,0.00020798
2025-02-06,0.2813,0.2976,0.2633,0.2666,255437610.2,9.11e-05
2025-02-07,0.2666,0.2949,0.2602,0.2693,300557051.0,1.894e-05
2025-02-08,0.2693,0.2779,0.264,0.2757,167271576.2,0.00024724
2025-02-09,0.2757,0.2885,0.258,0.2748,213609773.6,0.00011583
2025-02-10,0.2748,0.2977,0.2681,0.2902,216330238.1,0.00020501
2025-02-11,0.2901,0.3134,0.2823,0.286,222673401.3,0.00012214
2025-02-12,0.2859,0.3054,0.2754,0.3024,262957236.9,-0.00024689
2025-02-13,0.3024,0.3072,0.2848,0.2933,183888020.3,0.00019101
2025-02-14,0.2933,0.3088,0.2902,0.2963,179708134.9,8.860000000000001e-05
2025-02-15,0.2963,0.3028,0.2807,0.2841,110188127.7,3.978e-05
2025-02-16,0.2841,0.2853,0.2728,0.275,111962017.9,-0.00030809
2025-02-17,0.2749,0.2836,0.2655,0.27,140605441.5,-0.00026644
2025-02-18,0.27,0.2718,0.2447,0.2571,251426550.1,-4.217000000000001e-05
2025-02-19,0.2572,0.2642,0.2515,0.2611,128194147.3,-6.82e-05
2025-02-20,0.2611,0.272,0.2597,0.2709,152044983.3,-2.46e-05
2025-02-21,0.2709,0.2896,0.2549,0.2636,278090412.6,-0.00013461
2025-02-22,0.2637,0.2719,0.2615,0.2659,170718184.4,-0.00013978
2025-02-23,0.266,0.2688,0.254,0.2594,125403753.5,0.00016634
2025-02-24,0.2594,0.2612,0.2246,0.2271,331937006.7,-0.00044779
2025-02-25,0.2272,0.2372,0.2089,0.2317,457583324.0,-0.00012017
2025-02-26,0.2318,0.2419,0.2253,0.2361,294304744.6,-0.00010228
2025-02-27,0.2362,0.2436,0.23,0.2372,202026900.9,0.00017547
2025-02-28,0.2373,0.2429,0.2122,0.238,380954777.3,-0.0002203099999999
2025-03-01,0.238,0.2584,0.234,0.2532,271978026.2,-3.941e-05
2025-03-02,0.2532,0.3073,0.2437,0.2909,849383842.5,-0.0004027
2025-03-03,0.2909,0.2992,0.2353,0.238,552227870.5,2.365000000000001e-05
2025-03-04,0.238,0.2429,0.2162,0.2382,613184720.1,-0.00033178
2025-03-05,0.2383,0.2545,0.234,0.25,262905118.4,-0.00012496
2025-03-06,0.2499,0.26,0.2398,0.2401,228519671.2,-0.00025457
2025-03-07,0.2402,0.2475,0.2259,0.233,361664372.0,-0.0001284
2025-03-08,0.233,0.2362,0.2228,0.2245,146038143.6,0.00011279
2025-03-09,0.2246,0.2266,0.1988,0.2011,220746806.2,-2.049e-05
2025-03-10,0.2011,0.2146,0.1808,0.1838,386167396.6,-0.00048546
2025-03-11,0.1839,0.2,0.1734,0.1912,359205500.7,-4.3799999999999886e-06
2025-03-12,0.1912,0.2013,0.1859,0.1955,255607035.7,-9.433e-05
2025-03-13,0.1955,0.2016,0.1883,0.1957,226634214.8,8.482e-05
2025-03-14,0.1958,0.2049,0.194,0.1983,158805144.7,0.00017257
2025-03-15,0.1983,0.2037,0.1977,0.1996,110253132.9,-0.00037029
2025-03-16,0.1997,0.2015,0.1843,0.1862,185497206.2,0.00016397
2025-03-17,0.1862,0.1948,0.1859,0.191,150659954.9,0.00015511
2025-03-18,0.191,0.1916,0.1798,0.1863,205340722.9,3.995000000000002e-05
2025-03-19,0.1863,0.2012,0.1849,0.1996,256916810.1,0.00019071
2025-03-20,0.1995,0.2018,0.1921,0.1952,167757053.0,4.409000000000002e-05
2025-03-21,0.1951,0.1967,0.1866,0.1873,108926639.7,0.00020082
2025-03-22,0.1873,0.1914,0.1862,0.188,72587960.6,0.00029255
2025-03-23,0.188,0.1918,0.1867,0.1915,73946394.9,7.339e-05
2025-03-24,0.1916,0.2074,0.1903,0.2035,148727305.9,0.00022101
2025-03-25,0.2034,0.2145,0.2005,0.2117,184546146.4,0.00016362
2025-03-26,0.2117,0.2183,0.2029,0.2066,157308641.3,-0.00012108
2025-03-27,0.2067,0.216,0.2055,0.2117,172389996.5,0.00011331
2025-03-28,0.2117,0.2158,0.1966,0.1996,179690876.8,-0.0003771999999999
2025-03-29,0.1996,0.2007,0.1799,0.1839,205408749.9,-0.00018332
2025-03-30,0.1839,0.1872,0.1771,0.1794,122678082.5,-0.0007028
2025-03-31,0.1795,0.1817,0.1722,0.1798,180869733.5,-0.00059862
2025-04-01,0.1798,0.1936,0.1788,0.1888,197931933.6,-0.00035032
2025-04-02,0.1888,0.1956,0.1733,0.1765,292003100.4,-9.438e-05
2025-04-03,0.1766,0.1814,0.168,0.1807,184454444.6,-0.00041045
2025-04-04,0.1808,0.1926,0.176,0.1861,333109940.4,-0.00040504
2025-04-05,0.1862,0.1899,0.1799,0.1831,144956240.0,0.0001713
2025-04-06,0.1831,0.1851,0.1579,0.1621,261693824.7,-0.00044283
2025-04-07,0.1621,0.1749,0.1459,0.1664,504016876.3,-0.00022649
2025-04-08,0.1665,0.1735,0.1528,0.1548,279992067.9,-0.00025515
2025-04-09,0.1549,0.1846,0.1486,0.18,556359978.8,3.898e-05
2025-04-10,0.18,0.1817,0.1697,0.1765,233866813.7,0.00013759
2025-04-11,0.1764,0.1858,0.1751,0.1796,182617657.8,0.0003
2025-04-12,0.1796,0.1974,0.1769,0.191,270112349.6,0.00023055
2025-04-13,0.191,0.1916,0.1794,0.1827,195521151.2,0.0003
2025-04-14,0.1828,0.2003,0.1825,0.1888,309179594.6,-1.2180000000000002e-05
2025-04-15,0.1888,0.199,0.1783,0.1794,265765726.1,-0.0001476499999999
2025-04-16,0.1793,0.1857,0.1768,0.1812,276571413.9,-0.00051083
2025-04-17,0.1811,0.1898,0.179,0.1868,151961317.7,-0.00038777
2025-04-18,0.1868,0.1924,0.1849,0.1892,119652067.6,0.00021369
2025-04-19,0.1891,0.1944,0.1891,0.1928,94287369.3,0.00019315
2025-04-20,0.1928,0.1964,0.1889,0.1929,101701644.1,0.00013344
2025-04-21,0.193,0.2035,0.1912,0.1928,168845109.8,0.0003
2025-04-22,0.1928,0.2098,0.1891,0.2095,201364109.7,-9.102e-05
2025-04-23,0.2095,0.2218,0.2078,0.2136,240916579.1,0.00014872
2025-04-24,0.2136,0.2259,0.2064,0.2255,206735058.5,0.0003
2025-04-25,0.2256,0.2336,0.2206,0.2275,199048502.0,-3.420999999999999e-05
2025-04-26,0.2275,0.2388,0.226,0.2285,141150388.6,0.00022169
2025-04-27,0.2285,0.2304,0.2184,0.2212,130489113.2,0.00028125
2025-04-28,0.2213,0.2358,0.2149,0.2305,218874673.2,-6.289000000000002e-05
2025-04-29,0.2305,0.2359,0.2231,0.2263,150422835.4,1.142999999999999e-05
2025-04-30,0.2263,0.2306,0.2117,0.2199,174569504.1,-0.00011872
2025-05-01,0.2199,0.228,0.2154,0.2172,162552302.1,0.0003
2025-05-02,0.2172,0.2238,0.2126,0.2155,131664214.4,0.0003
2025-05-03,0.2154,0.2155,0.204,0.2072,101122453.0,0.00026132
2025-05-04,0.2072,0.2096,0.1984,0.1994,101069119.1,0.00023602
2025-05-05,0.1993,0.205,0.1946,0.1992,138577614.2,0.0003
2025-05-06,0.1991,0.2021,0.1907,0.1992,184755573.3,0.00019387
2025-05-07,0.1991,0.2026,0.194,0.1992,173659212.8,9.639e-05
2025-05-08,0.1992,0.2271,0.1989,0.2254,241486532.7,0.0003
2025-05-09,0.2254,0.2402,0.2231,0.2329,283226049.3,0.0003
2025-05-10,0.2328,0.2535,0.2298,0.2533,214130806.7,0.0003
2025-05-11,0.2532,0.2572,0.2352,0.2396,232354640.5,0.0003
2025-05-12,0.2397,0.2593,0.2294,0.2419,414840319.4,0.0003
2025-05-13,0.242,0.2512,0.2253,0.2471,267832640.5,0.00022459
2025-05-14,0.2471,0.2508,0.2345,0.2367,204220158.7,0.0003
2025-05-15,0.2367,0.2396,0.2193,0.2256,290378400.7,0.00017476
2025-05-16,0.2257,0.2311,0.2199,0.2229,176784042.3,2.704e-05
2025-05-17,0.2228,0.2236,0.211,0.2156,162724276.1,-0.00015914
2025-05-18,0.2157,0.2315,0.2117,0.2273,179440420.6,-4.123e-05
2025-05-19,0.2273,0.229,0.2099,0.222,171883428.9,3.377e-05
2025-05-20,0.2221,0.2274,0.2159,0.2243,127256391.4,7.843e-05
2025-05-21,0.2243,0.2332,0.221,0.2305,215277670.7,0.00024923
2025-05-22,0.2305,0.2428,0.2297,0.2414,152511743.5,0.0003
2025-05-23,0.2414,0.2479,0.2228,0.2238,240098395.6,0.0003
2025-05-24,0.2239,0.229,0.2192,0.2206,110800581.3,-5.431e-05
2025-05-25,0.2206,0.2216,0.211,0.2215,123706135.8,1.0220000000000007e-05
2025-05-26,0.2214,0.2286,0.2151,0.2186,123362031.0,8.101e-05
2025-05-27,0.2187,0.2268,0.2133,0.2218,131958108.2,-1.878e-05
2025-05-28,0.2219,0.2243,0.2121,0.2175,125774677.3,0.00016839
2025-05-29,0.2175,0.2232,0.2088,0.2095,143692753.2,8.725e-05
2025-05-30,0.2095,0.2105,0.1904,0.1922,279547356.9,-0.00019061
2025-05-31,0.1922,0.1971,0.1855,0.1937,153042262.4,-0.00012402
2025-06-01,0.1936,0.198,0.1893,0.1953,97345007.3,-2.2410000000000004e-05
2025-06-02,0.1953,0.1993,0.19,0.1986,126256631.0,0.00020965
2025-06-03,0.1986,0.2027,0.1955,0.1972,106062514.2,0.00010688
2025-06-04,0.1972,0.2009,0.1891,0.1913,89504273.8,0.0003
2025-06-05,0.1912,0.1939,0.177,0.1806,186212624.2,0.00020611
2025-06-06,0.1805,0.192,0.1799,0.1871,117285821.1,-0.00015809
2025-06-07,0.1871,0.1938,0.1862,0.1909,69603720.0,0.00020273
2025-06-08,0.1908,0.1933,0.1863,0.1905,97997016.8,0.0001872
2025-06-09,0.1905,0.1999,0.1874,0.1994,121216313.8,0.00019303
2025-06-10,0.1994,0.2082,0.1969,0.2082,145441425.0,0.00024383
2025-06-11,0.2082,0.209,0.195,0.1971,173195917.0,0.0003
2025-06-12,0.1971,0.1976,0.1786,0.1804,250443463.0,0.00025997
2025-06-13,0.1803,0.1813,0.1681,0.1805,384025774.2,-0.0005636899999999
2025-06-14,0.1806,0.181,0.1736,0.177,110063152.2,-0.00012997
2025-06-15,0.177,0.1793,0.1709,0.1765,120315711.8,-6.571999999999999e-05
2025-06-16,0.1765,0.1862,0.1738,0.1759,198820857.3,2.581e-05
2025-06-17,0.1759,0.179,0.1657,0.1694,236178890.1,0.00027826
2025-06-18,0.1694,0.1724,0.1648,0.1705,181749593.1,0.00014224
2025-06-19,0.1705,0.1725,0.1671,0.1691,113397058.5,-0.0001526899999999
2025-06-20,0.169,0.1721,0.1607,0.167,198338890.2,-3.950000000000001e-05
2025-06-21,0.167,0.1692,0.156,0.1624,137696938.0,-0.00028329
2025-06-22,0.1624,0.1644,0.1516,0.16,260482824.5,-0.00049441
2025-06-23,0.1599,0.1796,0.1578,0.1789,241593841.4,-0.00040069
2025-06-24,0.1789,0.1837,0.1768,0.1827,181464553.3,-0.0004777
2025-06-25,0.1826,0.1848,0.1749,0.1757,131875259.9,-0.00011398
2025-06-26,0.1756,0.1802,0.1701,0.1719,176806187.5,1.0579999999999995e-05
2025-06-27,0.1718,0.1763,0.1689,0.1745,143097861.9,-0.00021023
2025-06-28,0.1746,0.1773,0.1729,0.1764,64131677.0,9.199e-05
2025-06-29,0.1764,0.1875,0.1752,0.1858,97500427.2,-0.00019138
2025-06-30,0.1858,0.1871,0.1765,0.1854,156379129.6,-0.00020595
2025-07-01,0.1853,0.1919,0.1694,0.1707,368871685.1,-0.0002165399999999
2025-07-02,0.1707,0.1842,0.1704,0.1811,277600725.8,7.151999999999999e-05
2025-07-03,0.181,0.1887,0.1809,0.1821,154806154.3,0.0003
2025-07-04,0.1822,0.1834,0.1713,0.1733,148878281.4,5.626000000000001e-05
2025-07-05,0.1734,0.1762,0.1719,0.1743,82466174.5,-0.0005679
2025-07-06,0.1743,0.1791,0.1733,0.1768,98406146.6,-0.00035303
2025-07-07,0.1768,0.179,0.1727,0.1757,112480262.7,0.00023824
2025-07-08,0.1757,0.1809,0.1727,0.179,110629352.6,-0.00045615
2025-07-09,0.179,0.1938,0.1782,0.1921,211138456.8,3.993e-05
2025-07-10,0.192,0.2126,0.1899,0.212,204732677.2,0.00028655
2025-07-11,0.2121,0.2367,0.2102,0.2183,378644314.7,0.00028642
2025-07-12,0.2182,0.2277,0.2124,0.219,193914661.8,0.0003
2025-07-13,0.2191,0.27,0.217,0.2638,789344759.8,9.482e-05
2025-07-14,0.2638,0.3097,0.2615,0.2795,1109238027.7,9.945e-05
2025-07-15,0.2795,0.295,0.2688,0.2838,579649595.3,0.0003
2025-07-16,0.2837,0.2966,0.2737,0.2846,377946279.9,0.0003
2025-07-17,0.2846,0.3293,0.2769,0.3186,690315392.8,0.0003
2025-07-18,0.3186,0.3363,0.2883,0.2937,549413377.9,0.0003
2025-07-19,0.2938,0.2969,0.2818,0.2914,257874608.9,0.0003
2025-07-20,0.2913,0.3068,0.2857,0.2913,275872139.1,0.0003
2025-07-21,0.2913,0.3117,0.2865,0.2982,310458079.7,0.0003
2025-07-22,0.2981,0.3003,0.2794,0.2969,368529856.9,0.0003
2025-07-23,0.297,0.297,0.2576,0.2675,439071279.0,0.0003
2025-07-24,0.2676,0.2735,0.2492,0.2615,363922196.2,0.0003
2025-07-25,0.2616,0.2707,0.2512,0.2668,275903118.2,0.0003
2025-07-26,0.2667,0.2814,0.2648,0.2747,200168767.0,0.0003
2025-07-27,0.2747,0.2909,0.273,0.2856,221853092.4,0.0003
2025-07-28,0.2856,0.288,0.2626,0.2649,216559076.7,0.0003
2025-07-29,0.265,0.273,0.255,0.2604,198917749.8,0.0003
2025-07-30,0.2604,0.2627,0.2409,0.2535,193646644.8,0.0003
2025-07-31,0.2536,0.2672,0.2428,0.2438,225214091.4,0.00017781
2025-08-01,0.2439,0.2465,0.2291,0.236,301727000.7,0.0001150799999999
2025-08-02,0.236,0.2404,0.2233,0.2274,171782481.1,0.0003
2025-08-03,0.2275,0.2444,0.2231,0.2436,148175661.7,5.7310000000000005e-05
2025-08-04,0.2436,0.2507,0.2413,0.2481,174210546.0,0.0002178999999999
2025-08-05,0.248,0.249,0.2331,0.2372,186691478.3,0.0003
2025-08-06,0.2373,0.2467,0.2305,0.2426,163828570.6,0.00025329
2025-08-07,0.2426,0.2642,0.2417,0.264,252189527.5,0.00027667
2025-08-08,0.2641,0.2693,0.2562,0.266,366132659.2,4.019000000000001e-05
2025-08-09,0.2659,0.2772,0.265,0.27,175314072.8,0.00015648
2025-08-10,0.2699,0.2764,0.2594,0.2663,170538412.4,0.0003
2025-08-11,0.2663,0.2802,0.2499,0.2528,294900720.9,0.00027099
2025-08-12,0.2529,0.2775,0.2493,0.2714,227706542.1,-5.546e-05
2025-08-13,0.2713,0.2822,0.2676,0.2805,219065118.3,0.0003
2025-08-14,0.2805,0.2901,0.2472,0.2536,405015391.1,0.0003
2025-08-15,0.2535,0.266,0.246,0.2538,236962606.1,-0.00013036
2025-08-16,0.2539,0.2635,0.2517,0.2606,131103752.7,0.0003
2025-08-17,0.2607,0.2752,0.2587,0.2648,129833436.2,0.00029254
2025-08-18,0.2648,0.266,0.2478,0.2549,202794767.1,8.589999999999997e-06
2025-08-19,0.255,0.2583,0.2369,0.2379,241901633.0,0.00026345
2025-08-20,0.2379,0.2599,0.2364,0.2567,205551246.0,9.27e-05
2025-08-21,0.2567,0.2589,0.2463,0.2483,146596801.8,0.00012436
2025-08-22,0.2483,0.2696,0.2389,0.2667,294447032.1,0.00022627
2025-08-23,0.2667,0.2673,0.2566,0.2641,130300021.4,0.0003
2025-08-24,0.2641,0.2825,0.2526,0.2715,343227549.9,0.0003
2025-08-25,0.2715,0.2744,0.2415,0.2456,395399263.8,9.828e-05
2025-08-26,0.2457,0.2591,0.2428,0.2546,231182395.9,-7.694999999999999e-05
2025-08-27,0.2547,0.2568,0.2465,0.2473,175373322.0,0.00021809
2025-08-28,0.2473,0.2562,0.2452,0.2528,139864820.1,0.00025347
2025-08-29,0.2528,0.2539,0.2318,0.2362,243370497.4,0.00020034
2025-08-30,0.2363,0.2371,0.2293,0.2334,123228593.2,0.0002166
2025-08-31,0.2335,0.2395,0.231,0.2313,112030497.2,0.00020733
2025-09-01,0.2313,0.2377,0.2213,0.2277,220058732.3,0.00026695
2025-09-02,0.2277,0.2348,0.2255,0.2333,142222077.8,0.000294
2025-09-03,0.2333,0.2367,0.2299,0.2327,91323882.2,0.0003
2025-09-04,0.2327,0.2341,0.2247,0.2271,99716700.3,0.00014089
2025-09-05,0.2271,0.2362,0.2263,0.2295,160698550.0,0.00016205
2025-09-06,0.2294,0.2304,0.2246,0.2271,67441292.0,0.0003
2025-09-07,0.2272,0.2329,0.2269,0.2307,85563459.9,0.0003
2025-09-08,0.2307,0.2392,0.23,0.2363,137999476.3,0.0003
2025-09-09,0.2362,0.2435,0.2314,0.233,169910357.7,0.0003
2025-09-10,0.233,0.2429,0.2318,0.2393,145639029.7,0.0003
2025-09-11,0.2394,0.245,0.2365,0.2442,142765694.2,0.0003
2025-09-12,0.2442,0.2492,0.2402,0.2484,134929932.3,0.0003
2025-09-13,0.2483,0.2604,0.2469,0.2529,185009618.9,0.0003
2025-09-14,0.2529,0.2535,0.2383,0.2392,150259660.8,0.0003
2025-09-15,0.2392,0.243,0.2278,0.2325,194167494.6,0.0001111999999999
2025-09-16,0.2326,0.24,0.2289,0.2374,122585307.5,0.00012398
2025-09-17,0.2373,0.247,0.2314,0.2443,173700861.5,0.00011481
2025-09-18,0.2443,0.2507,0.2405,0.2462,147203717.0,0.0003
2025-09-19,0.2462,0.2492,0.232,0.2339,134751785.8,0.0003
2025-09-20,0.2338,0.2385,0.232,0.2354,73194375.9,0.0003
2025-09-21,0.2353,0.2376,0.2294,0.2308,81948451.2,0.0003
2025-09-22,0.2308,0.232,0.1991,0.2137,313963202.4,-0.0002763699999999
2025-09-23,0.2137,0.2178,0.209,0.2108,150393806.8,-0.0002232399999999
2025-09-24,0.2108,0.2185,0.2071,0.2128,150255623.1,0.00028854
2025-09-25,0.2128,0.2134,0.1996,0.2028,266307044.5,0.00026229
2025-09-26,0.2027,0.2107,0.2,0.2084,173021312.0,0.00016895
2025-09-27,0.2083,0.2084,0.204,0.2055,70030306.1,0.00023903
2025-09-28,0.2056,0.2087,0.1997,0.2079,80687230.0,6.391e-05
2025-09-29,0.2079,0.2105,0.2032,0.2074,141248294.5,0.0001227299999999
2025-09-30,0.2074,0.2103,0.2008,0.2079,134251233.8,0.0001227
2025-10-01,0.208,0.2216,0.2053,0.2209,193073315.4,0.00026588
2025-10-02,0.2208,0.2273,0.2184,0.2249,174480737.8,0.00019247
2025-10-03,0.225,0.2307,0.2198,0.2246,158766909.8,0.0003
2025-10-04,0.2247,0.2253,0.2157,0.2195,117779244.2,3.757000000000001e-05
2025-10-05,0.2196,0.2304,0.2172,0.2184,154141842.6,0.0003
2025-10-06,0.2185,0.231,0.2161,0.2292,173223876.7,0.0001831
2025-10-07,0.2292,0.2307,0.2179,0.2188,205230990.1,0.0003
2025-10-08,0.2188,0.2277,0.2153,0.224,147741376.6,0.0003
2025-10-09,0.2241,0.2244,0.2123,0.2203,183442052.5,0.00021804
2025-10-10,0.2202,0.2255,0.0955,0.1746,890843315.5,0.0003
2025-10-11,0.1746,0.1928,0.1727,0.1815,407486669.0,-0.00371903
2025-10-12,0.1815,0.2072,0.1787,0.2023,246036133.6,-0.0002671299999999
2025-10-13,0.2023,0.2147,0.1983,0.2128,257123271.1,-0.00012941
2025-10-14,0.2128,0.2141,0.1907,0.205,358526463.8,-9.527e-05
2025-10-15,0.2051,0.2086,0.1933,0.1963,174760952.1,-5.799999999999978e-07
2025-10-16,0.1963,0.1991,0.1825,0.1849,237389126.5,-0.00022632
2025-10-17,0.1849,0.1879,0.1696,0.177,278928026.2,-0.00045456
2025-10-18,0.1771,0.1814,0.1765,0.1796,92729601.1,-0.0001335
2025-10-19,0.1797,0.1882,0.1764,0.1835,139704374.0,-0.00035715
2025-10-20,0.1834,0.1911,0.1794,0.1867,151240123.7,5.360000000000001e-06
2025-10-21,0.1866,0.1952,0.1772,0.181,184623302.6,0.00023534
2025-10-22,0.181,0.1846,0.1745,0.1783,213441683.4,-6.982999999999999e-05
2025-10-23,0.1783,0.1858,0.1778,0.1814,108591037.6,-0.00017252
2025-10-24,0.1814,0.1874,0.1803,0.1856,111787885.7,0.00020075
2025-10-25,0.1856,0.187,0.1822,0.185,59705696.6,2.270000000000001e-05
2025-10-26,0.1851,0.1921,0.1828,0.1906,86080643.6,0.00013219
2025-10-27,0.1907,0.1933,0.1839,0.1855,137921508.2,-5.425e-05
2025-10-28,0.1855,0.199,0.1807,0.1841,255271015.4,-0.00053982
2025-10-29,0.1841,0.1898,0.1801,0.1837,238367158.5,-0.00048571
2025-10-30,0.1836,0.187,0.1671,0.1737,244731988.8,-0.0004524699999999
2025-10-31,0.1738,0.1791,0.1728,0.1772,135505118.9,-0.00053411
2025-11-01,0.1771,0.1811,0.175,0.1792,89690051.6,0.00017187
2025-11-02,0.1792,0.1807,0.1725,0.1782,95360159.9,1.5210000000000003e-05
2025-11-03,0.1782,0.1787,0.153,0.1599,324577197.9,-0.00046264
2025-11-04,0.16,0.1628,0.1445,0.1539,342682007.4,-0.00026086
2025-11-05,0.1539,0.1629,0.1464,0.1614,202681421.0,-8.753e-05
2025-11-06,0.1615,0.1621,0.1532,0.1572,179430842.3,-0.00036074
2025-11-07,0.1572,0.1867,0.1568,0.1811,259054899.1,4.328e-05
2025-11-08,0.181,0.1851,0.1737,0.1777,147479669.5,0.0003
2025-11-09,0.1777,0.1819,0.1695,0.1777,134884481.1,0.00011806
2025-11-10,0.1777,0.1921,0.1761,0.1888,198070327.9,6.372e-05
2025-11-11,0.1888,0.1913,0.1755,0.1777,178671668.8,8.858e-05
2025-11-12,0.1776,0.1842,0.1701,0.172,177098794.1,0.00013234
2025-11-13,0.1721,0.1803,0.1627,0.1672,183007612.1,8.917e-05
2025-11-14,0.1673,0.1682,0.1575,0.1609,197477676.4,0.00015668
2025-11-15,0.1609,0.1677,0.1605,0.1635,111234005.3,0.00028371
2025-11-16,0.1635,0.1664,0.1551,0.1587,163355306.5,0.00023934
2025-11-17,0.1588,0.1638,0.1501,0.1524,211022489.8,0.00018503
2025-11-18,0.1525,0.1606,0.1499,0.1567,175738864.3,0.00026672
2025-11-19,0.1568,0.1586,0.1456,0.152,181044669.0,-1.0780000000000009e-05
2025-11-20,0.1521,0.1559,0.1415,0.144,208460602.3,0.00026705
2025-11-21,0.1441,0.1462,0.1307,0.1369,342596095.2,4.9640000000000006e-05
2025-11-22,0.1369,0.1385,0.1323,0.1356,145458963.0,-3.679999999999997e-06
2025-11-23,0.1357,0.1462,0.1348,0.1438,147970518.4,-0.00031766
2025-11-24,0.1438,0.1472,0.1389,0.1437,193322141.1,-6.972e-05
2025-11-25,0.1437,0.1475,0.1395,0.1463,123106000.1,8.159999999999999e-05
2025-11-26,0.1464,0.1486,0.1413,0.1462,108250986.7,0.0003
2025-11-27,0.1461,0.1475,0.1436,0.1443,71867517.0,0.0003
2025-11-28,0.1442,0.1473,0.1413,0.1431,85422912.4,0.0003
2025-11-29,0.1432,0.1438,0.1385,0.1392,58861428.2,0.00027075
2025-11-30,0.1393,0.1409,0.1363,0.1365,75017240.0,0.00015508
2025-12-01,0.1366,0.1369,0.1277,0.1302,208251275.4,-0.00022672
2025-12-02,0.1302,0.1406,0.1281,0.1386,134049157.9,-4.26e-05
2025-12-03,0.1386,0.1448,0.1367,0.1435,122934475.8,0.0003
2025-12-04,0.1434,0.1441,0.1369,0.1385,109418008.4,7.524000000000002e-05
2025-12-05,0.1384,0.1397,0.1304,0.1326,141785468.9,0.00020127
2025-12-06,0.1325,0.1354,0.1317,0.1334,89621819.1,-0.0003103
2025-12-07,0.1335,0.1364,0.1292,0.1327,119012337.3,-0.00025198
2025-12-08,0.1326,0.1364,0.132,0.1335,111871822.9,0.00020756
2025-12-09,0.1335,0.1419,0.1315,0.1379,144386080.4,0.00016802
2025-12-10,0.1379,0.1421,0.1343,0.1349,201653692.3,1.899999999999992e-06
2025-12-11,0.135,0.1353,0.1266,0.1297,214454975.6,-0.00036545
2025-12-12,0.1298,0.1311,0.1213,0.1228,176253488.9,-0.00016496
2025-12-13,0.1228,0.1231,0.1202,0.1218,119950635.7,-0.00023219
2025-12-14,0.1217,0.1235,0.1175,0.1188,140052351.3,-0.00031327
2025-12-15,0.1188,0.122,0.1112,0.1153,202563024.0,0.00014113
2025-12-16,0.1154,0.1181,0.1124,0.1168,176137973.9,-0.0001815399999999
2025-12-17,0.1168,0.1188,0.1102,0.1114,220693062.3,-7.838999999999999e-05
2025-12-18,0.1113,0.1148,0.105,0.1072,242753913.0,-0.0007284
2025-12-19,0.1073,0.116,0.1063,0.1148,181926566.1,-0.00016997
2025-12-20,0.1148,0.1151,0.1128,0.1147,85277645.8,0.00023912
2025-12-21,0.1147,0.115,0.1102,0.1115,86846523.3,-0.00030504
2025-12-22,0.1115,0.1143,0.1102,0.1117,119304992.2,0.00026513
2025-12-23,0.1117,0.1142,0.1084,0.1135,122700611.2,-3.499999999999814e-07
2025-12-24,0.1136,0.1146,0.1097,0.113,113586493.0,-5.189e-05
2025-12-25,0.1129,0.1194,0.1124,0.1147,126652286.3,0.00025754
2025-12-26,0.1146,0.1204,0.1138,0.1182,113318656.0,0.00015929
2025-12-27,0.1182,0.1206,0.1158,0.1202,46947500.4,0.0003
2025-12-28,0.1203,0.1215,0.1182,0.1197,56857498.5,2.472000000000002e-05
2025-12-29,0.1197,0.1221,0.1162,0.1172,134715794.7,1.953e-05
2025-12-30,0.1171,0.1182,0.1139,0.1147,94189068.9,0.00022924
2025-12-31,0.1147,0.1151,0.1095,0.1103,84174323.1,0.0003
2026-01-01,0.1104,0.1216,0.1092,0.1202,94534567.9,0.00027045
2026-01-02,0.1201,0.1274,0.1192,0.1274,126966950.5,0.0003
2026-01-03,0.1273,0.1298,0.1242,0.1277,86515070.2,-6.787999999999998e-05
2026-01-04,0.1278,0.1383,0.1277,0.136,127262441.1,5.259e-05
2026-01-05,0.136,0.1413,0.1336,0.1393,148342980.6,6.236e-05
2026-01-06,0.1394,0.1456,0.136,0.1423,170681385.1,0.0003
2026-01-07,0.1422,0.1431,0.1346,0.1364,107474073.9,0.0003
2026-01-08,0.1364,0.137,0.1294,0.1343,125862088.5,0.0003
2026-01-09,0.1343,0.1384,0.1317,0.1332,114205825.3,0.0003
2026-01-10,0.1332,0.1352,0.1306,0.1336,59203363.6,0.0003
2026-01-11,0.1336,0.1361,0.1306,0.1322,71318977.4,0.00017201
2026-01-12,0.1323,0.1349,0.1277,0.1289,133923210.2,5.5110000000000006e-05
2026-01-13,0.1289,0.1407,0.1288,0.1385,166530494.7,0.00021287
2026-01-14,0.1384,0.1407,0.1349,0.1363,160532551.8,0.0003
2026-01-15,0.1364,0.137,0.1262,0.1278,133197432.0,2.257e-05
2026-01-16,0.1278,0.132,0.1242,0.1302,133659577.2,-5.023999999999999e-05
2026-01-17,0.1302,0.1348,0.1298,0.1313,95214096.6,0.00028164
2026-01-18,0.1314,0.1322,0.1224,0.1227,105346090.7,5.084000000000001e-05
2026-01-19,0.1227,0.1227,0.1118,0.1209,186013614.9,-5.926e-05
2026-01-20,0.1209,0.121,0.1133,0.1142,144430692.8,0.0003
2026-01-21,0.1142,0.1222,0.1142,0.1176,176729606.1,0.00016104
2026-01-22,0.1177,0.1203,0.1154,0.1186,91612877.9,0.00029271
2026-01-23,0.1186,0.1239,0.1183,0.1202,120669165.5,0.00022702
2026-01-24,0.1202,0.121,0.1177,0.1183,50629397.2,0.00026631
2026-01-25,0.1184,0.1193,0.1121,0.1145,108997768.9,0.00029986
2026-01-26,0.1145,0.1259,0.1142,0.122,228884169.9,0.00012675
2026-01-27,0.122,0.123,0.1185,0.1218,142670301.3,4.312000000000001e-05
2026-01-28,0.1217,0.1262,0.1191,0.126,106797972.6,-1.1739999999999993e-05
2026-01-29,0.126,0.1267,0.1123,0.1144,199662954.2,4.331000000000002e-05
2026-01-30,0.1143,0.1155,0.1093,0.1119,204065858.3,-3.3690000000000004e-05
2026-01-31,0.1119,0.1127,0.0946,0.1039,312245432.6,-0.00020621
2026-02-01,0.1038,0.1056,0.0981,0.1005,172500196.7,-0.00053269
2026-02-02,0.1005,0.1076,0.0981,0.1048,216277272.7,0.00016319
2026-02-03,0.1047,0.1106,0.1006,0.1063,232011781.3,-6.46e-05
2026-02-04,0.1062,0.1101,0.101,0.1029,195294268.5,0.00028355
2026-02-05,0.103,0.1041,0.0875,0.0882,483142599.1,-0.0004383
2026-02-06,0.0883,0.1023,0.0799,0.0987,434917293.9,-0.00061109
2026-02-07,0.0988,0.1002,0.0946,0.0976,250614530.0,-4.263e-05
2026-02-08,0.0975,0.0996,0.0954,0.0968,126282916.9,1.4100000000000004e-05
2026-02-09,0.0968,0.0973,0.0927,0.0958,145605787.7,-0.00027538
2026-02-10,0.0959,0.0961,0.0904,0.0915,173980905.6,-0.00069936
2026-02-11,0.0915,0.0925,0.088,0.089,197881631.3,0.00018405
2026-02-12,0.089,0.0932,0.089,0.0919,154378559.9,0.00018873
2026-02-13,0.0918,0.0951,0.0896,0.0939,120392516.4,0.00013521
2026-02-14,0.0938,0.1011,0.0937,0.0997,141758043.8,-1.1999999999999994e-05
2026-02-15,0.0996,0.1005,0.0942,0.0958,146632903.8,9.34e-05
2026-02-16,0.0959,0.0972,0.0931,0.0945,147912450.9,-0.00027088
2026-02-17,0.0945,0.0956,0.0925,0.093,140097846.9,-1.9e-05
2026-02-18,0.093,0.0943,0.09,0.0909,109939232.8,-4.8869999999999984e-05
2026-02-19,0.0908,0.0918,0.0868,0.0891,149572788.8,-0.00029769
2026-02-20,0.0891,0.0915,0.0875,0.0903,151022456.3,-0.0008699199999999
2026-02-21,0.0904,0.0913,0.0894,0.0895,89631262.2,-0.00048675
2026-02-22,0.0895,0.0896,0.0858,0.0867,91375953.4,-0.00093373
2026-02-23,0.0867,0.0872,0.0825,0.0838,243959578.1,-0.00042273
2026-02-24,0.0838,0.0848,0.0825,0.0835,152028511.2,-0.0002097299999999
2026-02-25,0.0834,0.0952,0.0832,0.091,250224452.5,-0.00011942
2026-02-26,0.091,0.0918,0.0869,0.088,202279240.5,0.00012014
2026-02-27,0.0881,0.0902,0.085,0.0864,177083778.0,-0.00016453
2026-02-28,0.0864,0.0884,0.0815,0.0879,218320011.5,-2.409999999999999e-06
2026-03-01,0.0878,0.0903,0.0838,0.0857,163615979.1,0.00023815
2026-03-02,0.0856,0.0901,0.0852,0.088,182174388.2,0.00016226
2026-03-03,0.088,0.0881,0.0846,0.086,201458602.6,-0.0003036
2026-03-04,0.086,0.091,0.0849,0.0888,239449015.8,-0.00037323
2026-03-05,0.0887,0.0896,0.0858,0.0872,154347107.3,0.0001002599999999
2026-03-06,0.0872,0.0879,0.0833,0.0842,165337718.9,-2.481e-05
2026-03-07,0.0842,0.0849,0.0825,0.083,108885186.8,-0.00056856
2026-03-08,0.083,0.0836,0.0809,0.0816,169314981.6,-0.00084355
2026-03-09,0.0816,0.0846,0.0814,0.0832,200144868.0,-0.0004837599999999
2026-03-10,0.0831,0.0896,0.083,0.0853,215235639.5,-0.0003241499999999
2026-03-11,0.0852,0.0876,0.0841,0.0861,155001292.9,-3.698e-05
2026-03-12,0.0861,0.0892,0.0847,0.089,130837273.5,-4.956e-05
2026-03-13,0.0891,0.0969,0.0891,0.0939,252038762.3,0.0003
2026-03-14,0.0938,0.0963,0.0895,0.0909,145574525.5,-2.570999999999997e-05
2026-03-15,0.091,0.0932,0.0892,0.0925,147676837.0,-0.0001381399999999
2026-03-16,0.0926,0.0979,0.0917,0.0971,168467453.7,0.00013804
2026-03-17,0.0972,0.0977,0.0939,0.0947,118395455.4,0.0003
2026-03-18,0.0947,0.0965,0.0891,0.09,164399209.8,0.00010904
2026-03-19,0.0901,0.0912,0.0866,0.0891,134087379.1,0.00013618
2026-03-20,0.0891,0.0917,0.0887,0.0899,140820475.4,-0.000512
2026-03-21,0.0898,0.0905,0.0862,0.0868,79463672.1,-7.73999999999999e-06
2026-03-22,0.0868,0.0877,0.0845,0.0855,101874355.4,-0.00017716
2026-03-23,0.0854,0.0889,0.0844,0.0874,157321508.5,-2.267000000000001e-05
2026-03-24,0.0874,0.0886,0.0854,0.0871,108704949.2,0.0002207
2026-03-25,0.0871,0.0886,0.0862,0.0875,104659195.6,-5e-05
2026-03-26,0.0874,0.089,0.0832,0.0839,151590229.2,1.1049999999999998e-05
2026-03-27,0.0839,0.0843,0.0806,0.0814,141890432.1,-0.00054871
2026-03-28,0.0813,0.0833,0.0807,0.0815,104444570.0,-0.00046152
2026-03-29,0.0815,0.0824,0.0792,0.0811,123071471.5,-0.00015005
2026-03-30,0.0811,0.0843,0.081,0.0822,154136579.9,1.7989999999999995e-05
2026-03-31,0.0821,0.0944,0.0819,0.0938,539897665.1,-7.611e-05
2026-04-01,0.0937,0.11,0.0934,0.1026,1269597895.0,0.00013313
2026-04-02,0.1026,0.1111,0.0979,0.1063,714436379.3,0.00021387
2026-04-03,0.1063,0.1265,0.1063,0.123,1107021747.6,-0.0003481699999999
2026-04-04,0.1231,0.127,0.1178,0.1203,624194502.0,-4.068999999999999e-05
2026-04-05,0.1203,0.1253,0.1141,0.1214,480794252.5,0.00016315
2026-04-06,0.1214,0.1268,0.1183,0.1184,439993336.7,-0.00012279
2026-04-07,0.1184,0.1201,0.1106,0.1168,507593840.9,8.334999999999999e-05
2026-04-08,0.1168,0.1247,0.1137,0.114,356127024.1,-0.0002524
2026-04-09,0.1139,0.1158,0.109,0.1121,339477365.4,-0.0003350799999999
2026-04-10,0.112,0.113,0.1088,0.11,193739756.5,-0.0001878699999999
2026-04-11,0.11,0.1104,0.1057,0.108,172146908.5,7.811000000000001e-05
2026-04-12,0.108,0.1086,0.1013,0.1017,146989031.4,0.0003
2026-04-13,0.1018,0.1095,0.1004,0.1091,182225785.4,2.270000000000001e-05
2026-04-14,0.109,0.1142,0.1062,0.1076,257808364.3,-0.00026316
2026-04-15,0.1076,0.1145,0.1076,0.1124,201326277.4,0.00012311
2026-04-16,0.1124,0.1174,0.1106,0.1155,181501609.1,-0.00013782
2026-04-17,0.1156,0.1177,0.1102,0.1109,173430490.7,-0.00018928
2026-04-18,0.1108,0.1119,0.1062,0.1064,128062769.4,-0.0004829099999999
2026-04-19,0.1063,0.1067,0.1011,0.1013,102182063.8,-0.00020499
2026-04-20,0.1014,0.1053,0.101,0.1032,112540342.1,-0.00023039
2026-04-21,0.1033,0.1053,0.1013,0.1032,107229725.8,-0.00018581
2026-04-22,0.1032,0.1065,0.1022,0.1028,90311214.3,0.00024239
2026-04-23,0.1028,0.105,0.1005,0.1044,139471000.6,-0.00020927
2026-04-24,0.1044,0.1101,0.1043,0.1096,162232926.6,0.0003
2026-04-25,0.1095,0.1182,0.1081,0.1151,284200373.7,0.00025734
2026-04-26,0.1151,0.1211,0.1134,0.1198,210793828.3,0.00018606
2026-04-27,0.1199,0.121,0.1143,0.1165,191230437.8,2.394e-05
2026-04-28,0.1166,0.1173,0.1108,0.1117,150776748.7,0.0003
2026-04-29,0.1117,0.1141,0.1081,0.1103,160667049.2,-5.309999999999988e-06
2026-04-30,0.1103,0.1119,0.1096,0.1103,105476441.5,-0.0001703799999999
2026-05-01,0.1103,0.111,0.1071,0.1085,153573279.4,-0.0001161999999999
2026-05-02,0.1085,0.1131,0.1056,0.1129,172491800.6,-0.00019621
2026-05-03,0.1129,0.1188,0.1107,0.1132,250220321.4,-8.259999999999979e-06
2026-05-04,0.1132,0.1163,0.1114,0.1115,188623725.0,0.00026248
2026-05-05,0.1116,0.1221,0.1112,0.1199,295118275.3,0.00013511
2026-05-06,0.1199,0.1245,0.1175,0.1199,279994704.7,0.00029349
2026-05-07,0.1198,0.1309,0.1186,0.1286,391378696.8,0.00017134
2026-05-08,0.1286,0.137,0.1249,0.1334,305895827.4,0.00019712
2026-05-09,0.1334,0.1339,0.1284,0.1285,172179335.4,0.00011639
2026-05-10,0.1285,0.131,0.1252,0.1289,194936521.7,2.077e-05
2026-05-11,0.1289,0.1292,0.1212,0.1228,269847961.3,-8.17e-05
2026-05-12,0.1229,0.1273,0.1197,0.1222,318806103.0,-0.00017518
2026-05-13,0.1221,0.1251,0.116,0.1178,189772092.7,-0.0001680499999999
2026-05-14,0.1178,0.1218,0.1163,0.1185,176969264.4,8.945e-05
2026-05-15,0.1185,0.1199,0.1111,0.1131,202065435.6,-0.0001423699999999
2026-05-16,0.1131,0.1144,0.1092,0.11,105426678.4,-0.00029723
2026-05-17,0.11,0.1111,0.1045,0.1076,92314897.5,-0.0001379099999999
2026-05-18,0.1075,0.1094,0.1049,0.1087,126240108.4,-0.0001583299999999
2026-05-19,0.1088,0.1149,0.1067,0.1126,237119101.0,-0.00027097
2026-05-20,0.1126,0.1196,0.1119,0.1176,258430558.3,-2.2490000000000003e-05
2026-05-21,0.1176,0.1191,0.1137,0.1149,201587469.2,2.476e-05
2026-05-22,0.1148,0.1199,0.1111,0.1115,251424872.9,0.0003
2026-05-23,0.1115,0.1168,0.1086,0.1147,167156498.7,-8.009e-05
2026-05-24,0.1147,0.1149,0.1096,0.1116,119028087.6,-0.00033325
2026-05-25,0.1117,0.1162,0.1113,0.1125,131947692.6,-0.0006089299999999
2026-05-26,0.1126,0.114,0.108,0.1085,152698140.2,3.431000000000001e-05
2026-05-27,0.1085,0.1099,0.1055,0.1063,126828045.2,-0.00049835
2026-05-28,0.1064,0.1157,0.1028,0.1155,268277304.3,-0.00037316
2026-05-29,0.1154,0.123,0.1109,0.1227,397172858.1,7.553e-05
2026-05-30,0.1227,0.1395,0.1222,0.1245,585499140.3,0.0003
2026-05-31,0.1245,0.1331,0.1233,0.1275,300792582.9,0.00019351
2026-06-01,0.1276,0.1278,0.1168,0.1201,288620557.7,0.00029564
2026-06-02,0.1202,0.1233,0.1104,0.1122,314951052.3,0.00014438
2026-06-03,0.1123,0.1143,0.1049,0.1063,279681283.4,0.00011168
2026-06-04,0.1063,0.1068,0.099,0.1004,350009202.8,-0.00100401
2026-06-05,0.1004,0.1014,0.0879,0.0932,427501718.4,-0.00063335
2026-06-06,0.0932,0.0953,0.088,0.092,290442761.7,-0.0008911399999999
2026-06-07,0.092,0.0972,0.0904,0.0943,326301944.9,-0.0007193
2026-06-08,0.0944,0.0959,0.0915,0.0922,267991736.8,-0.0002428199999999
2026-06-09,0.0921,0.0933,0.088,0.091,224383878.2,0.00017646
2026-06-10,0.0911,0.0927,0.0864,0.0865,199276440.5,0.00014594
2026-06-11,0.0865,0.0901,0.0862,0.0888,248551810.5,-0.00027641
2026-06-12,0.0888,0.0899,0.0864,0.0872,186516065.9,8.626e-05
2026-06-13,0.0872,0.0904,0.0863,0.0896,161054791.8,-0.00034354
2026-06-14,0.0895,0.0938,0.0892,0.0926,277401717.7,-0.00022941
2026-06-15,0.0925,0.0999,0.0917,0.095,296455106.0,0.0001412599999999
2026-06-16,0.095,0.097,0.0925,0.0945,171424263.5,0.00021708
2026-06-17,0.0946,0.1004,0.0944,0.0991,288352775.7,0.00022917
2026-06-18,0.0991,0.1038,0.0955,0.0962,327783547.5,0.00018968
2026-06-19,0.0963,0.0975,0.09,0.0956,214388106.8,3.132000000000002e-05
2026-06-20,0.0955,0.0959,0.0919,0.0936,106365263.5,-0.00028155
2026-06-21,0.0936,0.0947,0.0888,0.0892,100893582.9,-0.00027598
2026-06-22,0.0892,0.0934,0.0884,0.0894,154686409.6,-0.00012976
2026-06-23,0.0894,0.0966,0.088,0.0946,350226259.2,0.00014325
2026-06-24,0.0946,0.0964,0.0846,0.0898,308638494.0,0.00022772
2026-06-25,0.0898,0.0906,0.0836,0.0848,187691836.6,-2.840000000000004e-06
2026-06-26,0.0849,0.0852,0.0805,0.0829,191617115.3,-0.00034515
2026-06-27,0.0829,0.0883,0.0826,0.086,188449047.8,0.00011212
2026-06-28,0.086,0.0892,0.0858,0.0875,139362041.6,0.00026484
2026-06-29,0.0875,0.0902,0.0846,0.0857,200909067.2,0.00013549
2026-06-30,0.0855,0.0868,0.0814,0.0829,131082373.9,-0.00022413
2026-07-01,0.0828,0.0872,0.0812,0.0843,168391664.5,-9.711e-05
2026-07-02,0.0843,0.0879,0.084,0.0866,139142375.9,0.0003
2026-07-03,0.0866,0.0906,0.0855,0.0893,151018874.0,0.0003
2026-07-04,0.0893,0.0924,0.0883,0.0906,118353644.0,0.0003
2026-07-05,0.0906,0.0925,0.0889,0.0909,78987343.5,0.0003
2026-07-06,0.091,0.0912,0.0863,0.0884,139940138.1,2.767e-05
2026-07-07,0.0885,0.0885,0.0855,0.086,98236243.7,-0.00041495
2026-07-08,0.086,0.0872,0.0832,0.0847,142630203.4,-0.00024564
2026-07-09,0.0848,0.0864,0.0843,0.0847,100695618.3,0.00012441
2026-07-10,0.0847,0.0876,0.0835,0.0855,107199390.4,0.00025486
2026-07-11,0.0856,0.0874,0.084,0.0841,73194058.1,0.00025826
2026-07-12,0.0842,0.0846,0.0828,0.0835,62015323.8,-0.0001287199999999
2026-07-13,0.0836,0.0848,0.0817,0.0836,107350536.8,-0.00058634
2026-07-14,0.0836,0.0858,0.083,0.0848,85802688.3,-0.00012834
2026-07-15,0.0847,0.086,0.0838,0.0849,97885347.2,0.00022287
2026-07-16,0.0848,0.0857,0.0819,0.0822,114374953.1,-0.00012698
2026-07-17,0.0821,0.0835,0.0811,0.0827,143990767.1,-0.00051094
2026-07-18,0.0827,0.0839,0.0817,0.0832,73042912.5,-0.0004265
2026-07-19,0.0832,0.0833,0.0813,0.0829,79051586.7,-0.00051684
2026-07-20,0.0828,0.0837,0.0814,0.0833,105531980.6,-0.00012605
2026-07-21,0.0833,0.08527,0.0829,0.08456,86959350.3,0.0002712
2026-07-22,0.08457,0.08512,0.08301,0.08437,83244770.7,-5.199999999999998e-06
2026-07-23,0.08438,0.08494,0.0816,0.08321,98281688.1,-0.0002259799999999
2026-07-24,0.08321,0.08746,0.08155,0.086,163156872.3,6.850000000000001e-05
2026-07-25,0.08601,0.0882,0.08359,0.08409,139028527.5,0.00023993
2026-07-26,0.08409,0.0853,0.0838,0.08491,103046032.5,-0.00023812
2026-07-27,0.08492,0.08492,0.07965,0.07993,147656854.7,-0.0001141099999999
2026-07-28,0.07993,0.08151,0.07853,0.0799,137429174.3,-0.00033906
2026-07-29,0.07991,0.08044,0.07559,0.07737,144893477.5,-3.5859999999999985e-05
2026-07-30,0.07737,0.0797,0.0767,0.0789,87687490.0,-2.502e-05
2026-07-31,0.0789,0.0808,0.07751,0.07881,101791501.1,0.00025599
2026-08-01,0.07882,0.08068,0.07788,0.07887,59282943.1,
2026-08-02,0.07886,0.08698,0.0785,0.08589,181986861.7,
2026-08-03,0.08588,0.093,0.08312,0.09032,277029013.9,
2026-08-04,0.09032,0.09165,0.08864,0.08947,169923469.4,
2026-08-05,0.08947,0.09097,0.08782,0.08821,115511858.1,
2026-08-06,0.08822,0.09082,0.0867,0.08726,128662230.0,
2026-08-07,0.08726,0.09096,0.08721,0.08895,105031762.1,
2026-08-08,0.08896,0.08957,0.08655,0.08737,60091182.7,
2026-08-09,0.08736,0.08767,0.08211,0.08262,114542713.6,
2026-08-10,0.08261,0.08377,0.08122,0.08239,160914577.2,
2026-08-11,0.08239,0.0831,0.07934,0.08087,136427212.5,
2026-08-12,0.08087,0.08171,0.07819,0.07906,95115307.9,
2026-08-13,0.07906,0.0804,0.07774,0.07871,81126442.4,
2026-08-14,0.07873,0.08074,0.07802,0.07957,80271719.9,
2026-08-15,0.07957,0.08027,0.07888,0.07942,49195681.3,
2026-08-16,0.07942,0.07972,0.07719,0.07831,51287808.3,
2026-08-17,0.07831,0.08002,0.07815,0.07849,64972529.6,
2026-08-18,0.0785,0.07879,0.07653,0.07786,75125779.8,
2026-08-19,0.07787,0.08285,0.07757,0.08199,149189385.9,
2026-08-20,0.082,0.08838,0.08194,0.08837,180907175.9,
2026-08-21,0.08837,0.09771,0.08752,0.0974,193328188.5,
2026-08-22,0.0974,0.10494,0.0901,0.09238,200113991.4,
2026-08-23,0.09239,0.0949,0.08764,0.0939,127557207.0,
2026-08-24,0.0939,0.09443,0.09074,0.09165,113919117.0,
2026-08-25,0.09165,0.09535,0.08764,0.08894,124121205.0,
2026-08-26,0.08894,0.09106,0.08671,0.09021,107829543.0,
2026-08-27,0.09018,0.09268,0.08876,0.09109,94618232.7,
2026-08-28,0.09108,0.09227,0.08534,0.08707,109943038.7,
2026-08-29,0.08706,0.08817,0.08537,0.08772,49245115.3,
2026-08-30,0.08772,0.08875,0.08341,0.08447,70548618.1,
2026-08-31,0.08449,0.08638,0.08354,0.08552,72254328.9,
2026-09-01,0.08554,0.09108,0.08534,0.08806,159082998.2,
2026-09-02,0.08804,0.09328,0.0867,0.09313,149416528.2,
2026-09-03,0.09312,0.09514,0.09126,0.09328,151933594.7,
2026-09-04,0.0933,0.09492,0.0879,0.09037,131388382.4,
