date,open,high,low,close,volume,funding_rate
2020-02-07,4.574,4.95,4.573,4.822,965941.88,0.0076999999999999
2020-02-08,4.817,4.835,4.485,4.647,1234406.02,0.00202592
2020-02-09,4.642,4.81,4.626,4.76,985383.9,0.00576148
2020-02-10,4.76,4.81,4.547,4.782,1026402.54,0.00265718
2020-02-11,4.774,5.237,4.696,5.118,1946745.8,0.00156469
2020-02-12,5.119,5.346,5.05,5.117,1592273.17,0.00549481
2020-02-13,5.121,5.274,4.838,4.919,2061445.94,0.00577122
2020-02-14,4.917,5.17,4.866,5.128,1221732.7,0.0009646
2020-02-15,5.13,5.159,4.384,4.608,1869691.28,0.00459444
2020-02-16,4.605,4.778,4.0,4.384,2256837.69,0.00053814
2020-02-17,4.386,4.431,3.904,4.274,1904662.63,0.00033213
2020-02-18,4.277,4.505,3.968,4.441,1513693.03,0.0004381999999999
2020-02-19,4.441,4.704,4.044,4.148,1778122.27,0.00051301
2020-02-20,4.143,4.556,4.099,4.468,2241518.52,0.00058177
2020-02-21,4.464,4.989,4.412,4.962,4334831.35,0.0003
2020-02-22,4.96,5.097,4.657,5.027,4089454.98,0.00070017
2020-02-23,5.02,5.1,4.739,4.808,3010097.42,0.00070191
2020-02-24,4.808,4.94,4.201,4.399,4888439.01,0.0028487599999999
2020-02-25,4.397,4.42,3.993,4.051,3095092.65,0.00173774
2020-02-26,4.051,4.082,3.45,3.642,3821641.65,0.00087251
2020-02-27,3.643,3.862,3.348,3.697,4018400.46,0.00089639
2020-02-28,3.699,3.756,3.423,3.542,3971987.03,0.00128418
2020-02-29,3.541,3.69,3.437,3.449,1945540.88,0.00139806
2020-03-01,3.444,3.55,3.253,3.348,3230745.38,0.00288426
2020-03-02,3.344,3.774,3.331,3.71,2769487.79,0.0012841
2020-03-03,3.709,3.711,3.516,3.623,2749977.07,0.00109168
2020-03-04,3.625,3.898,3.623,3.746,3508114.08,0.00221054
2020-03-05,3.749,3.946,3.734,3.768,3435726.94,0.00069431
2020-03-06,3.766,3.885,3.705,3.862,2189424.78,0.00181911
2020-03-07,3.864,3.874,3.572,3.618,1450764.74,0.00133167
2020-03-08,3.619,3.619,3.05,3.086,3964459.9,0.00092113
2020-03-09,3.086,3.168,2.813,3.026,5368256.98,0.00164223
2020-03-10,3.026,3.203,2.881,3.06,3967772.99,0.0003
2020-03-11,3.059,3.107,2.705,2.997,4033649.01,0.0016605499999999
2020-03-12,2.997,3.028,1.476,1.599,9275162.7,-0.00017266
2020-03-13,1.6,4.417,1.057,1.805,8134516.81,-0.0022595799999999
2020-03-14,1.801,1.98,1.679,1.834,5764295.38,-0.00449388
2020-03-15,1.835,2.084,1.812,1.915,3926605.1,-0.00410124
2020-03-16,1.917,1.918,1.49,1.663,3817031.29,-0.00180072
2020-03-17,1.664,1.862,1.631,1.765,2421853.11,-0.00201263
2020-03-18,1.764,1.844,1.646,1.81,2061962.25,-0.00100665
2020-03-19,1.81,2.148,1.77,2.068,2743011.48,0.00054566
2020-03-20,2.07,2.484,1.811,2.161,5458078.54,0.00027426
2020-03-21,2.162,2.254,1.994,2.171,2625352.17,0.0003
2020-03-22,2.169,2.234,1.908,1.918,1857852.35,0.00066959
2020-03-23,1.917,2.176,1.883,2.112,2047723.03,0.00088612
2020-03-24,2.112,2.235,2.071,2.141,1371914.32,-0.00036213
2020-03-25,2.141,2.187,2.041,2.075,1008973.74,-4.8279999999999965e-05
2020-03-26,2.079,2.18,2.056,2.173,800379.63,9.289e-05
2020-03-27,2.173,2.209,1.944,1.991,876034.95,0.0002222199999999
2020-03-28,1.991,1.991,1.865,1.967,1464885.23,7.483e-05
2020-03-29,1.968,1.982,1.845,1.849,1093387.07,-2.23e-05
2020-03-30,1.848,2.037,1.843,1.957,1455828.93,-0.0011158399999999
2020-03-31,1.955,1.992,1.933,1.95,1311271.64,-0.00155033
2020-04-01,1.951,1.986,1.886,1.97,1157117.94,0.00062023
2020-04-02,1.971,2.116,1.954,1.982,1421988.34,7.204000000000006e-05
2020-04-03,1.982,2.064,1.953,1.979,992289.51,0.0003
2020-04-04,1.979,2.056,1.965,2.024,1381716.2,0.00113952
2020-04-05,2.026,2.096,2.012,2.067,1041499.18,0.0003
2020-04-06,2.066,2.421,2.066,2.405,2414767.19,0.00032692
2020-04-07,2.407,2.496,2.303,2.346,3208606.4,0.0003
2020-04-08,2.345,2.493,2.298,2.493,3284474.61,-5.563000000000001e-05
2020-04-09,2.493,2.626,2.376,2.57,3698961.82,0.00115559
2020-04-10,2.571,2.596,2.19,2.304,4034103.85,0.0003
2020-04-11,2.307,2.38,2.23,2.307,2334910.89,-0.0002637199999999
2020-04-12,2.307,2.402,2.247,2.298,1939796.9,-0.00029324
2020-04-13,2.296,2.296,2.164,2.259,2675797.44,-0.00038825
2020-04-14,2.258,2.436,2.221,2.36,3015333.56,-0.0001105699999999
2020-04-15,2.361,2.434,2.262,2.268,2671347.48,-0.00142107
2020-04-16,2.268,2.452,2.185,2.423,2998106.94,-0.0006576399999999
2020-04-17,2.422,2.435,2.351,2.371,1566730.67,0.00032673
2020-04-18,2.368,2.523,2.366,2.51,1301139.87,0.00078198
2020-04-19,2.51,2.545,2.371,2.381,1570031.22,0.00039035
2020-04-20,2.38,2.441,2.258,2.272,2203351.25,0.00055506
2020-04-21,2.271,2.327,2.254,2.272,1357429.29,0.00102831
2020-04-22,2.272,2.415,2.261,2.393,896348.16,0.00036901
2020-04-23,2.394,2.498,2.33,2.43,1675358.14,0.00063205
2020-04-24,2.429,2.811,2.424,2.749,6455515.31,0.00112681
2020-04-25,2.752,2.96,2.673,2.868,7787945.56,0.00299603
2020-04-26,2.869,2.902,2.768,2.811,3358335.25,0.0002007599999999
2020-04-27,2.811,2.838,2.651,2.77,2112302.11,0.00130633
2020-04-28,2.769,2.854,2.708,2.799,2257146.12,0.00116197
2020-04-29,2.799,2.994,2.789,2.936,4185164.78,0.00162947
2020-04-30,2.936,3.086,2.702,2.743,5462987.91,0.00085435
2020-05-01,2.739,2.936,2.734,2.828,1839065.55,0.00125877
2020-05-02,2.828,2.902,2.798,2.879,1004426.51,0.00138424
2020-05-03,2.88,2.913,2.73,2.776,1495806.38,0.0004504
2020-05-04,2.778,2.813,2.564,2.756,3674045.3,0.0003
2020-05-05,2.758,2.791,2.654,2.706,1957423.63,0.00178512
2020-05-06,2.707,2.763,2.612,2.626,1495123.73,0.00186272
2020-05-07,2.625,2.804,2.594,2.728,2199921.75,0.0003
2020-05-08,2.729,2.865,2.677,2.811,2002836.56,0.00199826
2020-05-09,2.815,2.865,2.717,2.747,2408056.27,0.0040474099999999
2020-05-10,2.748,2.749,2.287,2.508,4461774.35,0.00139179
2020-05-11,2.508,2.56,2.269,2.394,3438910.85,0.0003
2020-05-12,2.395,2.532,2.383,2.485,1832935.47,0.00033159
2020-05-13,2.483,2.588,2.434,2.539,1433348.99,0.00046264
2020-05-14,2.539,2.569,2.454,2.531,2238836.38,0.00010648
2020-05-15,2.531,2.584,2.424,2.475,1687270.76,0.0003
2020-05-16,2.474,2.571,2.449,2.557,1214836.26,0.0003
2020-05-17,2.556,2.625,2.532,2.544,1213271.33,0.0003
2020-05-18,2.543,2.665,2.54,2.601,1124962.2,0.0003
2020-05-19,2.602,2.626,2.524,2.619,1253139.06,0.0003
2020-05-20,2.618,2.709,2.534,2.702,2565808.49,0.0003
2020-05-21,2.702,2.738,2.451,2.515,3018739.13,0.00041021
2020-05-22,2.514,2.688,2.492,2.652,2064040.44,0.00064292
2020-05-23,2.654,2.68,2.575,2.594,1293339.12,0.00075031
2020-05-24,2.593,2.655,2.488,2.494,1501595.45,0.0003
2020-05-25,2.494,2.629,2.46,2.615,1844453.22,0.00039618
2020-05-26,2.615,2.629,2.536,2.586,1994278.04,0.0003
2020-05-27,2.587,2.697,2.573,2.607,2099657.87,0.0006022099999999
2020-05-28,2.606,2.678,2.568,2.672,1530364.07,0.00047083
2020-05-29,2.672,2.702,2.625,2.678,1575612.1,0.0003
2020-05-30,2.68,2.838,2.646,2.819,1927747.82,0.00099931
2020-05-31,2.82,2.899,2.702,2.729,2640853.08,0.00091652
2020-06-01,2.727,2.874,2.712,2.871,2431042.99,0.0007267
2020-06-02,2.873,2.971,2.643,2.76,3096062.46,0.00257417
2020-06-03,2.76,2.919,2.733,2.909,2033413.67,0.0003
2020-06-04,2.91,3.154,2.892,3.111,5525347.57,0.00144137
2020-06-05,3.113,3.2,3.039,3.093,5295197.58,0.00042063
2020-06-06,3.092,3.158,3.042,3.057,2529127.02,0.00064442
2020-06-07,3.057,3.113,2.887,3.024,2496813.56,0.00032111
2020-06-08,3.024,3.166,2.997,3.156,1498642.98,0.0003
2020-06-09,3.156,3.186,3.078,3.12,2145275.59,0.0003
2020-06-10,3.12,3.131,2.991,3.119,1654132.44,0.00107995
2020-06-11,3.119,3.139,2.722,2.767,2324205.65,0.00068764
2020-06-12,2.766,2.928,2.738,2.869,1140067.73,0.00057911
2020-06-13,2.87,2.904,2.821,2.875,799046.25,0.00090236
2020-06-14,2.876,2.881,2.72,2.757,1148923.14,0.00117444
2020-06-15,2.757,2.784,2.543,2.709,2707168.0,0.00069892
2020-06-16,2.71,2.77,2.678,2.735,1549441.55,0.0003
2020-06-17,2.735,2.747,2.647,2.707,1626415.52,0.00143479
2020-06-18,2.709,2.709,2.612,2.646,1065334.01,0.00076185
2020-06-19,2.645,2.66,2.583,2.601,1515961.19,0.00064764
2020-06-20,2.601,2.628,2.539,2.623,1075429.01,0.00126301
2020-06-21,2.625,2.64,2.578,2.604,896241.57,0.00113415
2020-06-22,2.603,2.723,2.603,2.694,1923897.77,0.00111368
2020-06-23,2.694,2.844,2.657,2.774,3382265.06,0.0013762
2020-06-24,2.776,2.882,2.64,2.686,3862029.74,0.00042772
2020-06-25,2.682,2.698,2.55,2.625,1808859.67,0.00033913
2020-06-26,2.625,2.658,2.515,2.625,2094283.22,0.0003
2020-06-27,2.625,2.718,2.287,2.429,3911455.81,0.0003
2020-06-28,2.431,2.556,2.393,2.504,1750292.48,0.0006141899999999
2020-06-29,2.506,2.681,2.472,2.644,4132837.4,0.0003
2020-06-30,2.644,2.675,2.573,2.593,1432643.82,0.0003
2020-07-01,2.596,2.686,2.575,2.661,1447127.09,0.0003
2020-07-02,2.661,2.79,2.598,2.66,3848744.54,0.00052428
2020-07-03,2.661,2.82,2.643,2.692,3643476.98,0.00051208
2020-07-04,2.692,2.79,2.682,2.782,2853887.54,0.0003
2020-07-05,2.782,2.99,2.744,2.936,5658812.53,0.00034957
2020-07-06,2.938,3.131,2.922,3.021,5660334.41,0.0003
2020-07-07,3.02,3.286,2.966,3.25,5266264.07,0.00081602
2020-07-08,3.251,3.583,3.16,3.559,6155714.96,0.00139704
2020-07-09,3.555,3.81,3.401,3.795,7689893.52,0.00043804
2020-07-10,3.792,4.19,3.563,4.055,14169700.01,0.00065368
2020-07-11,4.054,4.468,3.881,3.925,16646304.34,0.0003
2020-07-12,3.922,4.179,3.897,4.027,7680572.69,0.00082834
2020-07-13,4.031,4.362,3.729,3.874,12005102.61,0.0019239699999999
2020-07-14,3.872,4.048,3.805,3.963,8807606.77,-0.00037237
2020-07-15,3.963,4.154,3.868,4.051,5767935.36,0.00312013
2020-07-16,4.057,4.315,3.754,4.078,10209454.05,0.00138676
2020-07-17,4.078,4.266,3.95,4.141,8280708.06,0.00159371
2020-07-18,4.145,4.535,4.11,4.363,12556608.84,0.00067051
2020-07-19,4.363,4.524,3.981,4.21,11956738.73,0.00049057
2020-07-20,4.211,4.26,3.86,3.886,6125663.36,0.00195352
2020-07-21,3.886,4.068,3.78,4.009,5969366.9,0.00063055
2020-07-22,4.008,4.096,3.898,4.012,3303583.73,0.0005039
2020-07-23,4.015,4.108,3.92,3.967,3671154.96,0.00204665
2020-07-24,3.967,3.976,3.792,3.832,3646696.57,0.0011256299999999
2020-07-25,3.831,3.967,3.786,3.924,4638003.21,0.00199991
2020-07-26,3.924,3.932,3.681,3.82,4049791.99,0.0038355699999999
2020-07-27,3.822,3.923,3.292,3.6,9946328.26,0.0021793199999999
2020-07-28,3.6,3.792,3.555,3.754,4604037.33,0.00212064
2020-07-29,3.755,3.866,3.611,3.634,4484297.0,0.00455722
2020-07-30,3.639,3.776,3.581,3.708,3813925.78,0.00376859
2020-07-31,3.712,3.845,3.706,3.799,3411407.61,0.00302484
2020-08-01,3.802,4.137,3.796,4.097,6712187.62,0.00254213
2020-08-02,4.097,4.253,3.386,3.916,7763404.71,0.002335
2020-08-03,3.916,4.089,3.803,3.837,6816421.45,0.00168461
2020-08-04,3.837,4.067,3.828,4.026,5081552.75,0.00106258
2020-08-05,4.026,4.221,3.95,4.154,6560194.67,0.00221848
2020-08-06,4.159,4.274,4.118,4.186,5270389.27,0.00213477
2020-08-07,4.189,4.212,3.868,4.021,4610511.06,0.00288431
2020-08-08,4.022,4.444,3.979,4.435,4287976.33,0.00098743
2020-08-09,4.431,5.447,4.309,5.282,13785488.35,0.00335951
2020-08-10,5.282,5.925,5.105,5.481,13197005.86,0.00339786
2020-08-11,5.481,5.595,4.68,4.918,9333202.56,0.0034164
2020-08-12,4.92,6.017,4.862,5.912,12588470.46,0.00282936
2020-08-13,5.918,6.66,5.466,6.104,15715843.97,0.00416635
2020-08-14,6.103,6.63,5.94,6.116,12685724.22,0.00493037
2020-08-15,6.111,6.362,5.913,6.084,4784318.45,0.00197745
2020-08-16,6.081,6.391,5.783,6.249,5607080.67,0.00276503
2020-08-17,6.249,6.327,5.906,5.914,4285418.55,0.00064148
2020-08-18,5.91,6.175,5.5,5.823,4254638.75,0.00173489
2020-08-19,5.826,5.935,5.298,5.658,4585468.27,0.00062315
2020-08-20,5.657,6.381,5.541,6.301,6492857.51,0.0003
2020-08-21,6.302,6.618,5.6,5.611,6027677.54,0.00188996
2020-08-22,5.612,6.5,5.397,6.409,5868990.12,0.00038174
2020-08-23,6.412,8.6,6.342,8.517,22322084.73,0.0003
2020-08-24,8.513,8.53,7.678,8.215,14980509.33,-0.00030636
2020-08-25,8.215,8.874,7.79,8.377,17612906.46,0.00030449
2020-08-26,8.377,8.668,7.657,7.714,10010218.9,0.00090361
2020-08-27,7.712,7.936,6.896,7.302,8660270.03,0.00137763
2020-08-28,7.302,7.85,7.132,7.574,4891499.39,0.00088697
2020-08-29,7.574,7.63,7.275,7.28,2791797.81,0.00090633
2020-08-30,7.277,7.92,7.245,7.643,4976155.82,0.00090931
2020-08-31,7.638,7.837,7.17,7.207,2964455.41,0.00067274
2020-09-01,7.208,7.657,6.988,7.232,3996835.75,0.00186017
2020-09-02,7.231,7.326,6.365,6.645,4440223.28,0.00082854
2020-09-03,6.645,6.752,4.506,4.906,8843424.52,0.00114507
2020-09-04,4.903,5.661,4.702,5.47,9862566.84,0.0003
2020-09-05,5.466,5.682,4.558,4.92,8977164.33,0.0016001799999999
2020-09-06,4.918,5.349,4.458,5.179,5742585.51,0.0003
2020-09-07,5.177,5.256,4.567,5.054,4350128.01,-0.0004541099999999
2020-09-08,5.06,5.161,4.747,4.951,5323311.95,0.001153
2020-09-09,4.956,5.495,4.889,5.319,4398285.16,0.0004785
2020-09-10,5.318,5.57,5.17,5.326,4171198.08,0.0003
2020-09-11,5.327,5.404,5.054,5.349,4363716.26,0.00099929
2020-09-12,5.347,5.719,5.181,5.608,4044619.38,0.0003
2020-09-13,5.609,5.869,5.105,5.321,5229972.07,0.0004658
2020-09-14,5.325,5.544,5.122,5.388,4049300.83,6.571000000000002e-05
2020-09-15,5.386,5.459,4.777,4.864,4271830.81,0.00042169
2020-09-16,4.864,5.192,4.681,5.128,2984996.21,0.00015656
2020-09-17,5.128,5.225,4.86,5.067,3562630.33,0.00013722
2020-09-18,5.07,5.224,4.772,4.97,3912328.38,-2.146e-05
2020-09-19,4.97,5.049,4.864,4.947,2200918.46,0.0003
2020-09-20,4.946,5.098,4.54,4.663,2934467.39,0.0003
2020-09-21,4.663,4.741,3.947,4.084,5040370.25,0.0001786
2020-09-22,4.084,4.271,4.027,4.206,2970416.42,0.00031937
2020-09-23,4.209,4.304,3.791,3.848,3764135.62,-0.00038976
2020-09-24,3.847,4.548,3.798,4.479,5306389.34,0.00195076
2020-09-25,4.479,4.804,4.35,4.793,4454551.08,0.0003
2020-09-26,4.793,4.823,4.465,4.606,2205382.16,0.00031477
2020-09-27,4.606,4.798,4.525,4.728,2654321.66,0.0003
2020-09-28,4.728,5.186,4.725,4.826,5287275.87,0.0003
2020-09-29,4.826,5.381,4.804,5.313,5086676.52,0.0003
2020-09-30,5.314,5.57,5.194,5.374,6657493.28,0.0003
2020-10-01,5.375,5.603,4.963,5.139,4786187.08,0.0003
2020-10-02,5.138,5.269,4.633,4.902,4967374.71,0.0003
2020-10-03,4.902,5.135,4.863,5.008,2181565.94,0.0003
2020-10-04,5.005,5.38,4.839,5.317,3438737.41,0.0003
2020-10-05,5.315,5.409,5.17,5.373,3126702.55,0.0003
2020-10-06,5.372,5.402,4.67,4.735,4722252.72,0.0003
2020-10-07,4.734,4.945,4.561,4.875,3543879.68,0.00029833
2020-10-08,4.875,5.129,4.615,5.038,3481499.2,0.0003
2020-10-09,5.04,5.297,4.926,5.155,3608018.46,0.0003
2020-10-10,5.155,5.713,5.15,5.542,4669155.89,0.0008048999999999
2020-10-11,5.542,6.278,5.424,6.075,10627367.22,0.00067899
2020-10-12,6.075,6.243,5.777,5.971,8173146.44,0.0003
2020-10-13,5.969,6.196,5.797,6.012,7146870.97,0.0003
2020-10-14,6.01,6.144,5.627,5.726,6027059.35,0.0003
2020-10-15,5.726,5.912,5.5,5.768,4825640.34,0.0003
2020-10-16,5.769,5.843,5.313,5.402,4396310.95,0.0008066999999999
2020-10-17,5.403,5.525,5.28,5.468,2652356.92,0.00107978
2020-10-18,5.462,5.781,5.412,5.767,2803612.98,0.00184772
2020-10-19,5.764,5.778,5.455,5.504,3228209.29,0.0003
2020-10-20,5.504,5.509,4.981,5.025,4945736.74,0.00051414
2020-10-21,5.025,5.494,4.996,5.236,3830898.06,0.0003
2020-10-22,5.236,5.581,5.225,5.452,3012905.8,0.0003
2020-10-23,5.452,5.505,5.163,5.366,2693456.56,0.00135276
2020-10-24,5.367,5.6,5.252,5.539,2370207.51,0.00037005
2020-10-25,5.54,5.652,5.241,5.297,2621771.71,0.00225074
2020-10-26,5.296,5.371,4.974,5.143,2961376.12,0.0003
2020-10-27,5.142,5.321,5.066,5.137,2255513.04,0.0003
2020-10-28,5.137,5.153,4.717,4.799,2824617.58,0.0003
2020-10-29,4.798,4.865,4.519,4.631,2211868.27,-0.00024491
2020-10-30,4.63,4.707,4.342,4.613,2940747.99,0.0003
2020-10-31,4.614,4.808,4.587,4.614,2074133.95,0.00019188
2020-11-01,4.612,4.854,4.538,4.742,2547011.38,-0.00027393
2020-11-02,4.744,4.878,4.556,4.602,2465937.93,0.00135242
2020-11-03,4.601,4.609,4.296,4.48,2665471.03,0.0003
2020-11-04,4.478,4.482,4.201,4.386,2399535.37,0.00016166
2020-11-05,4.387,4.593,4.287,4.5,3403504.02,0.0003
2020-11-06,4.5,4.96,4.469,4.888,4411227.46,0.0003696299999999
2020-11-07,4.89,5.176,4.494,4.62,7023819.93,0.00221848
2020-11-08,4.621,4.908,4.561,4.807,2521463.26,0.00031881
2020-11-09,4.806,5.197,4.662,5.156,4471481.71,0.00108035
2020-11-10,5.157,5.293,4.918,5.086,4948278.32,0.00221255
2020-11-11,5.087,5.278,5.013,5.033,3141937.45,0.0003
2020-11-12,5.033,5.304,4.929,5.03,4116172.04,0.0003
2020-11-13,5.03,5.257,5.016,5.216,2455957.56,0.0003
2020-11-14,5.216,5.238,4.98,5.047,1798974.18,0.00039684
2020-11-15,5.047,5.121,4.853,4.974,1871230.03,-7.830000000000011e-06
2020-11-16,4.974,5.189,4.924,5.083,2674859.4,0.00035168
2020-11-17,5.083,5.375,5.07,5.286,3220302.65,0.0012307
2020-11-18,5.287,5.337,4.898,5.101,3961742.51,0.00450564
2020-11-19,5.101,5.225,4.985,5.1,2103072.92,0.00125133
2020-11-20,5.099,5.462,5.079,5.273,4089100.43,0.00256404
2020-11-21,5.272,5.955,5.267,5.926,6107140.26,0.00332003
2020-11-22,5.926,5.997,5.223,5.49,5455125.95,0.00043865
2020-11-23,5.491,5.931,5.429,5.824,5100541.53,0.00192082
2020-11-24,5.824,6.426,5.665,5.974,10759395.21,0.00272448
2020-11-25,5.975,6.508,5.7,5.911,11366462.96,0.0030031
2020-11-26,5.914,6.325,4.974,5.332,12863936.38,0.00064072
2020-11-27,5.331,5.444,5.083,5.364,3559025.62,0.0003
2020-11-28,5.364,5.547,5.224,5.438,2321095.23,0.0003
2020-11-29,5.437,5.545,5.314,5.431,2026153.88,0.0003
2020-11-30,5.432,5.683,5.339,5.575,3351757.62,0.0003
2020-12-01,5.578,5.726,5.089,5.259,4914040.85,0.0003
2020-12-02,5.257,5.55,5.197,5.513,2421205.5,0.0003
2020-12-03,5.512,5.653,5.367,5.511,2370194.53,0.0003
2020-12-04,5.511,5.545,5.0,5.05,3101198.82,0.00063927
2020-12-05,5.053,5.303,4.97,5.264,1870983.11,0.0003
2020-12-06,5.262,5.291,5.081,5.215,1257846.8,0.0003
2020-12-07,5.214,5.231,5.081,5.102,1096537.25,0.0004533
2020-12-08,5.103,5.139,4.645,4.74,1999944.02,0.0003
2020-12-09,4.741,4.879,4.559,4.802,2011743.66,0.0003
2020-12-10,4.801,4.826,4.652,4.662,1280438.99,0.0003
2020-12-11,4.662,4.862,4.48,4.711,3159183.02,0.0003
2020-12-12,4.71,5.118,4.699,5.061,2604230.51,0.0003
2020-12-13,5.061,5.37,5.052,5.194,3399065.16,0.0003
2020-12-14,5.193,5.319,5.031,5.229,2098248.56,0.0003
2020-12-15,5.229,5.362,5.052,5.292,2046772.57,0.0003
2020-12-16,5.293,5.517,5.146,5.498,4156683.58,0.0003
2020-12-17,5.497,5.745,5.266,5.359,4529001.18,0.00104112
2020-12-18,5.36,5.462,5.215,5.338,2249905.88,0.0003
2020-12-19,5.338,5.449,5.26,5.295,2322312.9,0.00177609
2020-12-20,5.294,5.375,4.9,5.036,2766644.56,0.0019274399999999
2020-12-21,5.034,5.159,4.803,5.038,2757225.25,0.00037341
2020-12-22,5.038,5.109,4.733,4.95,2971354.19,0.0003
2020-12-23,4.948,5.008,4.214,4.395,4799972.19,0.0003
2020-12-24,4.395,5.0,4.217,4.955,4145713.54,0.0003
2020-12-25,4.955,5.055,4.742,4.907,2885379.52,0.0003
2020-12-26,4.907,4.969,4.726,4.812,2369483.36,0.0003
2020-12-27,4.814,5.032,4.577,4.848,4340008.49,0.0003
2020-12-28,4.847,5.567,4.795,5.397,5605294.13,0.00090796
2020-12-29,5.398,5.703,5.04,5.627,6320551.94,0.00089374
2020-12-30,5.629,5.844,5.396,5.437,5296087.25,0.00118496
2020-12-31,5.436,6.503,5.247,6.468,7580692.74,0.0008542599999999
2021-01-01,6.472,6.525,5.65,5.873,6648083.16,0.0017967
2021-01-02,5.873,5.895,5.182,5.43,8370206.76,0.00247105
2021-01-03,5.427,5.933,5.289,5.843,6684959.95,0.00380147
2021-01-04,5.843,6.309,5.25,6.057,9999434.4,0.00605671
2021-01-05,6.058,6.413,5.641,6.209,7218846.78,0.0017111399999999
2021-01-06,6.209,6.97,5.884,6.708,9167535.41,0.00687053
2021-01-07,6.707,6.866,5.977,6.284,7448611.62,0.00591037
2021-01-08,6.283,6.361,5.668,5.94,6154893.38,0.00287815
2021-01-09,5.934,6.772,5.818,6.576,7462632.25,0.0029389
2021-01-10,6.576,7.174,5.962,6.421,10593998.53,0.00647868
2021-01-11,6.417,6.445,5.002,5.729,10413354.25,0.0003
2021-01-12,5.735,6.149,5.519,5.718,5199455.53,0.00077365
2021-01-13,5.72,6.259,5.55,6.246,3915811.14,0.0009984899999999
2021-01-14,6.247,6.619,6.152,6.486,5513093.53,0.0012491099999999
2021-01-15,6.486,8.544,6.456,7.909,27189576.77,0.00271406
2021-01-16,7.909,9.64,7.533,9.048,20356366.41,0.00245797
2021-01-17,9.046,9.236,8.021,8.555,10964625.03,0.00236946
2021-01-18,8.552,9.879,8.55,9.57,11829055.26,0.00245327
2021-01-19,9.572,10.219,8.844,8.9,7108198.47,0.0046041799999999
2021-01-20,8.903,9.504,7.95,8.915,8093118.14,0.00111856
2021-01-21,8.917,8.98,7.069,7.167,7313837.0,0.00050923
2021-01-22,7.166,8.471,6.6,7.988,7284132.98,0.0003
2021-01-23,7.988,8.692,7.85,8.344,6103305.81,0.00046895
2021-01-24,8.344,8.802,7.868,8.254,4589513.04,0.00119717
2021-01-25,8.25,8.568,7.661,7.743,3901550.09,0.00094866
2021-01-26,7.742,7.965,7.377,7.743,3284495.87,0.0003
2021-01-27,7.742,7.76,6.772,6.96,5799433.69,0.00041132
2021-01-28,6.96,8.56,6.814,8.052,9371964.56,0.00136906
2021-01-29,8.052,8.633,7.678,7.998,5783991.72,0.00307041
2021-01-30,8.001,8.325,7.765,8.075,3417877.47,0.00251688
2021-01-31,8.072,8.92,7.701,8.147,5906656.61,0.00257071
2021-02-01,8.151,9.317,7.836,9.308,6366162.96,0.0011228
2021-02-02,9.308,9.377,8.727,8.931,4818510.83,0.00308296
2021-02-03,8.931,9.475,8.775,9.312,3948235.54,0.00710871
2021-02-04,9.318,9.542,8.645,9.169,4812656.03,0.00653126
2021-02-05,9.17,12.865,9.018,12.218,13010382.62,0.00806863
2021-02-06,12.226,13.685,11.3,12.106,11530247.88,0.00294196
2021-02-07,12.106,14.064,11.452,13.861,11172666.85,0.0017775
2021-02-08,13.852,15.046,13.259,14.195,8874132.11,0.0026956099999999
2021-02-09,14.201,15.536,13.819,15.076,5703165.77,0.00390955
2021-02-10,15.067,15.496,13.555,14.981,6491251.23,0.00564439
2021-02-11,14.979,18.4,14.782,17.621,7468243.52,0.0028169199999999
2021-02-12,17.634,22.187,17.3,21.123,10877891.47,0.00250219
2021-02-13,21.127,22.116,19.2,20.303,5872238.54,0.00383893
2021-02-14,20.31,20.78,18.518,19.133,4014780.75,0.0039297099999999
2021-02-15,19.144,25.0,14.786,22.543,14810197.58,0.00158826
2021-02-16,22.521,26.593,22.249,25.112,15625139.23,0.00201542
2021-02-17,25.122,25.881,22.515,23.881,8165345.27,0.00198047
2021-02-18,23.893,25.12,22.876,23.11,5362453.33,0.0036002
2021-02-19,23.119,23.619,21.497,22.979,4100832.79,0.00521012
2021-02-20,22.979,24.578,20.378,21.673,6872379.21,0.0084897999999999
2021-02-21,21.66,22.708,20.821,21.613,5768373.03,0.00223805
2021-02-22,21.612,21.712,16.496,21.146,8657131.41,0.00057015
2021-02-23,21.154,23.358,15.107,20.139,16145856.27,0.0003
2021-02-24,20.14,21.344,18.663,19.444,5991022.93,0.0003
2021-02-25,19.455,20.618,17.551,17.765,5443778.6,5.848000000000002e-05
2021-02-26,17.762,18.958,16.072,18.85,6743358.01,0.0003
2021-02-27,18.851,20.995,18.614,19.135,6257823.24,0.00031313
2021-02-28,19.134,19.241,16.47,17.666,5118466.27,0.0003
2021-03-01,17.667,18.872,17.49,18.737,3320129.3,0.00032025
2021-03-02,18.737,20.548,18.019,18.849,6177091.49,0.0022241
2021-03-03,18.837,22.038,18.604,21.437,6552797.44,0.0007726899999999
2021-03-04,21.444,21.88,18.161,18.864,6676827.72,0.00174033
2021-03-05,18.866,19.451,17.935,18.7,3975158.41,0.0003
2021-03-06,18.695,19.122,18.221,18.929,2404980.68,0.00057541
2021-03-07,18.935,19.556,18.633,19.511,2569199.46,0.00189307
2021-03-08,19.514,19.895,18.6,19.416,2653386.52,0.00253394
2021-03-09,19.422,21.232,19.089,21.162,5051303.43,0.00405719
2021-03-10,21.16,21.383,19.105,19.627,5259367.82,0.0041747
2021-03-11,19.623,19.782,18.586,19.366,3398425.68,0.00199214
2021-03-12,19.368,19.541,17.656,18.592,3723836.59,0.00295525
2021-03-13,18.59,19.948,17.852,19.417,3524899.76,0.00224156
2021-03-14,19.427,19.594,18.436,18.464,2800406.89,0.0050022
2021-03-15,18.461,21.095,17.9,19.865,7070159.51,0.0035597199999999
2021-03-16,19.867,22.138,18.7,21.037,7289596.08,0.00283496
2021-03-17,21.039,21.698,19.557,20.94,4653555.83,0.0021485799999999
2021-03-18,20.94,24.54,20.56,22.148,8245022.05,0.003556
2021-03-19,22.149,23.232,21.489,22.219,4662799.48,0.0029145
2021-03-20,22.219,22.791,20.735,20.924,3103277.25,0.00398786
2021-03-21,20.927,21.288,19.956,20.538,3061234.69,0.00169168
2021-03-22,20.533,21.196,18.86,19.198,3629950.34,0.0021608
2021-03-23,19.207,19.891,18.708,18.736,2818522.11,0.000485
2021-03-24,18.733,19.819,16.378,17.449,4036430.55,0.00150551
2021-03-25,17.449,18.02,16.637,17.12,4329444.42,0.00036346
2021-03-26,17.123,19.023,17.083,18.955,3255449.4,0.0003
2021-03-27,18.955,19.24,18.026,18.731,2600506.99,0.00095534
2021-03-28,18.732,19.915,18.462,19.373,3405632.63,0.00193428
2021-03-29,19.373,21.023,19.086,20.294,4488074.14,0.0027189
2021-03-30,20.295,20.687,19.511,20.009,3192899.99,0.00431541
2021-03-31,20.011,20.162,17.97,19.141,3842460.04,0.0036669
2021-04-01,19.138,19.87,19.0,19.52,3018332.13,0.0049263
2021-04-02,19.517,20.5,19.179,20.352,3256351.23,0.00583962
2021-04-03,20.354,22.638,19.8,20.064,8951680.87,0.00532834
2021-04-04,20.063,21.974,19.506,21.56,4170367.83,0.00189592
2021-04-05,21.56,22.33,20.231,21.491,5676463.31,0.00439804
2021-04-06,21.49,23.31,21.027,21.688,7771934.8,0.00766058
2021-04-07,21.69,22.17,18.602,19.587,7420453.77,0.00149992
2021-04-08,19.584,20.669,19.5,20.576,3176708.6,0.00238596
2021-04-09,20.568,21.588,20.54,21.42,3655951.76,0.00307664
2021-04-10,21.431,22.743,20.576,21.069,4986460.17,0.00526171
2021-04-11,21.075,23.614,20.756,23.45,4809569.52,0.00519604
2021-04-12,23.453,23.9,21.25,22.042,7531193.59,0.00655661
2021-04-13,22.04,24.987,21.377,23.892,7798367.17,0.00636427
2021-04-14,23.892,27.199,22.71,27.128,12097571.78,0.0084369599999999
2021-04-15,27.128,28.643,26.0,27.821,9273421.14,0.00592265
2021-04-16,27.848,28.298,24.014,25.524,7810201.45,0.00739939
2021-04-17,25.524,27.565,24.317,24.358,6144655.56,0.00557813
2021-04-18,24.361,24.824,15.7,21.419,12815967.85,0.00139358
2021-04-19,21.417,22.265,18.878,19.224,7534284.24,0.00059395
2021-04-20,19.233,21.608,17.615,21.267,8015777.26,0.0003664
2021-04-21,21.261,21.513,19.375,19.585,5111625.76,0.0005063
2021-04-22,19.581,21.586,18.517,18.738,7138271.59,0.0004744299999999
2021-04-23,18.741,20.52,16.559,20.508,9940640.93,0.00033015
2021-04-24,20.503,20.52,18.325,18.462,4784687.09,0.0003
2021-04-25,18.463,19.671,17.6,18.706,4665596.62,0.0003
2021-04-26,18.707,22.8,18.478,22.072,5878496.24,0.0003
2021-04-27,22.077,23.454,21.711,23.093,4335159.59,0.0003
2021-04-28,23.083,24.15,21.84,22.97,4514619.43,0.0003
2021-04-29,22.974,23.068,21.15,22.228,4038706.66,0.00044378
2021-04-30,22.225,23.485,21.722,22.731,3660061.19,0.00034111
2021-05-01,22.728,24.531,22.449,23.836,5089271.67,0.00152882
2021-05-02,23.842,23.978,22.261,23.112,3458778.52,0.00107052
2021-05-03,23.107,23.849,22.45,22.99,3680258.64,0.00134951
2021-05-04,22.995,23.34,20.801,20.974,5546041.09,0.00070856
2021-05-05,20.968,24.897,20.557,24.874,5060014.05,0.0007838
2021-05-06,24.89,27.159,24.08,25.559,8090832.38,0.00372143
2021-05-07,25.566,32.377,25.025,28.689,16231346.52,0.00233378
2021-05-08,28.695,31.489,26.896,29.528,9235347.42,0.00250145
2021-05-09,29.528,30.04,26.354,28.767,6258687.78,0.00125849
2021-05-10,28.765,29.947,23.244,25.355,6789631.56,0.0028067
2021-05-11,25.36,27.073,23.849,26.939,4897078.18,0.0003
2021-05-12,26.933,27.8,22.277,22.896,6100934.77,0.0003
2021-05-13,22.94,25.32,21.5,23.537,7206054.75,0.0003
2021-05-14,23.543,25.897,23.424,25.892,5347381.74,0.0003
2021-05-15,25.892,28.775,24.439,24.512,10737655.95,0.0006986399999999
2021-05-16,24.522,26.676,22.8,24.274,5855298.83,0.0003
2021-05-17,24.264,24.272,20.663,21.116,6737497.07,0.0003
2021-05-18,21.119,23.413,20.813,22.837,6587700.16,0.00056169
2021-05-19,22.848,23.514,8.737,13.769,14772152.35,-0.0073
2021-05-20,13.769,17.333,12.158,16.916,11233745.18,0.0003
2021-05-21,16.912,17.543,11.354,13.554,10625320.32,0.00027046
2021-05-22,13.553,13.669,11.436,12.223,6959483.88,-6.417e-05
2021-05-23,12.229,13.083,8.476,11.634,12122485.32,0.0003
2021-05-24,11.638,14.534,11.044,14.532,8994857.77,-0.00089977
2021-05-25,14.521,14.952,12.371,13.921,7113986.22,0.0003
2021-05-26,13.914,15.659,13.596,15.255,4861315.57,0.0003
2021-05-27,15.262,15.3,13.557,14.521,4213213.01,0.0003
2021-05-28,14.521,14.625,11.957,12.695,5120491.16,0.0003
2021-05-29,12.695,14.386,11.375,12.054,6071500.08,0.0003
2021-05-30,12.06,13.112,11.253,12.541,3793476.83,0.0003
2021-05-31,12.54,13.989,11.889,13.949,3834137.64,0.0003
2021-06-01,13.95,14.521,13.354,13.743,3862790.73,0.0003
2021-06-02,13.745,15.327,13.571,14.847,3722743.98,0.0003
2021-06-03,14.859,17.19,14.652,16.669,6955397.06,0.0003
2021-06-04,16.669,17.114,14.009,15.061,5254292.62,0.0003
2021-06-05,15.058,16.322,14.226,14.854,3800001.39,0.0003
2021-06-06,14.85,15.406,14.469,15.122,2758148.66,0.0003
2021-06-07,15.126,15.769,13.259,13.46,3626987.58,0.0003
2021-06-08,13.458,13.79,12.003,13.558,5091331.26,0.0003
2021-06-09,13.563,13.996,12.588,13.937,3853912.32,0.0003
2021-06-10,13.938,14.051,12.551,12.83,3385791.2,0.0003
2021-06-11,12.834,12.949,11.554,11.935,2836335.43,0.0003
2021-06-12,11.934,12.05,10.908,11.611,3511900.23,0.0003
2021-06-13,11.612,12.525,11.288,12.525,3175029.96,0.0003
2021-06-14,12.523,13.385,12.201,13.297,3286539.91,0.00029957
2021-06-15,13.298,13.572,12.637,12.944,2774601.96,0.0003
2021-06-16,12.94,13.47,12.319,13.423,3576561.79,0.0003
2021-06-17,13.425,14.67,13.289,13.613,10574362.28,0.0003
2021-06-18,13.613,13.62,11.916,12.457,4877669.56,0.0003
2021-06-19,12.454,12.719,11.798,11.845,2972788.55,0.0003
2021-06-20,11.849,12.389,11.03,11.979,3908267.24,0.0003
2021-06-21,11.979,12.106,9.463,9.502,6462783.67,0.00024356
2021-06-22,9.504,10.563,7.81,8.99,9158045.19,0.00019179
2021-06-23,8.99,10.478,8.547,9.598,6298547.85,-0.00055313
2021-06-24,9.597,10.69,9.002,10.379,6854746.55,-2.3479999999999985e-05
2021-06-25,10.38,10.69,8.85,9.053,6872846.64,0.0003
2021-06-26,9.054,9.587,8.643,9.58,5545018.53,0.0002821
2021-06-27,9.578,10.08,9.405,10.079,5887800.02,0.00014025
2021-06-28,10.08,10.889,9.912,10.886,4244731.93,0.0003
2021-06-29,10.888,12.85,10.821,11.642,7969882.46,0.0003
2021-06-30,11.648,12.05,11.029,12.05,5290122.39,0.0003
2021-07-01,12.05,12.069,10.71,11.027,3971381.31,0.0003
2021-07-02,11.028,11.816,10.519,11.781,4394678.15,0.0003
2021-07-03,11.781,12.193,11.519,11.807,3834719.7,0.0003
2021-07-04,11.804,12.445,11.511,12.297,3113981.0,0.0003
2021-07-05,12.297,13.96,11.912,13.532,12267604.85,0.0003
2021-07-06,13.534,14.045,12.809,13.124,6012452.63,0.0003
2021-07-07,13.129,13.498,12.803,12.938,3948368.15,0.0003
2021-07-08,12.94,12.971,11.656,11.912,4391336.84,0.0003
2021-07-09,11.911,13.677,11.4,13.177,7650805.31,0.0003
2021-07-10,13.177,14.5,12.945,14.422,7110325.33,0.0003
2021-07-11,14.427,14.794,13.863,14.067,7756009.41,0.0003
2021-07-12,14.067,14.13,12.756,12.975,5157231.93,0.0003
2021-07-13,12.975,13.718,11.806,12.088,7033515.48,0.0003
2021-07-14,12.086,12.221,11.008,11.734,7852489.38,0.0003
2021-07-15,11.732,12.058,10.639,11.458,5858002.02,0.0003
2021-07-16,11.466,13.15,10.957,11.166,16636602.51,0.00011947
2021-07-17,11.159,11.504,10.708,11.015,9763394.91,0.0003
2021-07-18,11.015,11.549,10.733,10.971,5656703.96,-5.974e-05
2021-07-19,10.973,11.064,9.923,9.977,5534971.66,0.00023722
2021-07-20,9.976,10.16,8.951,9.439,7095550.24,0.0003
2021-07-21,9.441,10.695,9.131,10.472,6679920.93,0.0003
2021-07-22,10.472,11.613,10.175,11.368,6456997.35,0.0003
2021-07-23,11.368,11.545,10.672,11.439,6057286.27,0.0003
2021-07-24,11.434,11.765,11.042,11.418,5317063.22,0.0003
2021-07-25,11.422,11.615,10.964,11.44,4002181.86,0.0003
2021-07-26,11.438,12.445,11.301,11.375,7029622.55,0.0003
2021-07-27,11.372,11.812,11.011,11.698,4809329.21,0.0003
2021-07-28,11.702,11.974,11.372,11.593,4021434.68,0.0003
2021-07-29,11.59,11.882,11.278,11.795,4381464.81,0.0003
2021-07-30,11.794,12.19,11.425,12.128,4210042.07,0.0003
2021-07-31,12.125,12.93,11.88,12.599,6021142.44,0.0003
2021-08-01,12.597,13.455,12.127,12.316,6124791.64,0.0003
2021-08-02,12.32,12.765,12.103,12.482,3862371.52,0.0003
2021-08-03,12.479,12.666,11.76,12.127,4136534.45,0.0003
2021-08-04,12.128,12.929,11.958,12.818,4850144.88,0.0003
2021-08-05,12.818,13.25,12.41,13.039,4561016.15,0.0003
2021-08-06,13.039,14.04,12.731,13.609,5775867.97,0.00046316
2021-08-07,13.606,14.371,13.478,14.025,5033100.3,0.00048693
2021-08-08,14.026,14.256,13.016,13.147,4030101.65,0.00057638
2021-08-09,13.147,14.3,12.647,13.653,5685317.51,0.0003
2021-08-10,13.652,14.433,13.45,14.124,5469066.4,0.00052142
2021-08-11,14.131,15.49,14.108,14.584,7301078.32,0.0014615399999999
2021-08-12,14.576,15.23,13.561,14.079,5690805.69,0.00110263
2021-08-13,14.082,15.361,13.867,15.231,4244983.28,0.00032221
2021-08-14,15.231,15.8,14.709,15.574,5955870.89,0.00096917
2021-08-15,15.574,15.992,14.88,15.935,4979177.97,0.0012051499999999
2021-08-16,15.936,16.701,15.5,15.798,7018041.1,0.00164387
2021-08-17,15.797,17.531,15.07,16.023,11767842.7,0.000636
2021-08-18,16.027,18.572,15.0,17.965,12772126.98,0.0003
2021-08-19,17.965,20.45,17.802,18.723,23334302.05,0.00055307
2021-08-20,18.723,20.024,18.387,18.943,10383604.88,0.00054579
2021-08-21,18.943,23.953,18.538,22.18,21185005.86,0.00117788
2021-08-22,22.181,24.769,21.001,21.871,14062198.21,0.00123528
2021-08-23,21.873,23.129,21.302,21.845,7834017.78,0.00171528
2021-08-24,21.845,22.079,19.22,19.569,8312819.88,0.00174735
2021-08-25,19.563,20.895,18.61,20.072,7610597.54,0.00037569
2021-08-26,20.067,20.341,17.691,17.94,7353002.6,0.00038893
2021-08-27,17.944,20.589,17.255,20.44,9381037.1,0.0003
2021-08-28,20.437,21.469,19.519,21.347,7260430.61,0.00055966
2021-08-29,21.341,22.453,20.341,21.241,9789989.88,0.00087489
2021-08-30,21.241,23.957,19.51,22.185,11818817.07,0.00089109
2021-08-31,22.18,26.28,21.6,22.925,24188632.09,0.00126776
2021-09-01,22.923,25.993,22.112,25.478,13065449.41,0.00066955
2021-09-02,25.477,25.801,23.529,24.168,6211897.73,0.0016357999999999
2021-09-03,24.168,24.991,23.15,24.13,7191890.32,0.00210121
2021-09-04,24.124,25.504,23.8,24.437,6234929.43,0.00242261
2021-09-05,24.438,26.25,23.82,25.76,7774763.32,0.00238924
2021-09-06,25.748,27.154,23.38,25.129,10435759.74,0.00269716
2021-09-07,25.136,27.48,16.738,21.095,17002538.01,0.00019343
2021-09-08,21.094,21.877,18.5,20.717,9703655.45,0.0003
2021-09-09,20.718,28.45,20.439,26.866,25911376.06,0.0003
2021-09-10,26.857,30.48,24.509,29.428,35965931.19,0.00037517
2021-09-11,29.432,30.93,26.713,27.348,14433361.48,0.0003
2021-09-12,27.35,35.253,25.981,34.895,23799913.85,0.0003
2021-09-13,34.895,38.935,30.28,35.866,43984897.91,0.0003
2021-09-14,35.882,37.949,32.822,34.192,24257247.06,0.00051293
2021-09-15,34.184,35.38,32.679,34.136,13894553.05,0.00031213
2021-09-16,34.135,37.3,31.176,37.137,22419890.26,0.0003
2021-09-17,37.126,38.1,32.49,33.48,20338935.12,0.00069443
2021-09-18,33.472,41.45,32.681,40.743,32080831.22,0.0003
2021-09-19,40.738,44.639,37.787,44.27,38527168.88,0.0003
2021-09-20,44.283,44.789,33.32,34.004,66500088.63,0.0003
2021-09-21,34.011,37.184,28.83,30.421,49465684.02,0.0003
2021-09-22,30.431,40.106,29.357,39.694,39070165.54,0.0003
2021-09-23,39.693,43.368,38.827,41.473,36688715.59,0.000248
2021-09-24,41.465,44.28,35.855,42.581,35886702.62,0.00029449
2021-09-25,42.568,43.085,38.806,39.467,18980652.98,0.0003
2021-09-26,39.465,41.721,35.408,39.8,21784379.62,0.00023049
2021-09-27,39.799,40.75,36.6,37.16,12968049.76,0.0003
2021-09-28,37.162,37.883,33.357,33.684,13983147.6,0.00024107
2021-09-29,33.687,36.629,32.724,33.845,13836493.48,0.00017461
2021-09-30,33.845,36.259,33.442,36.192,12440745.1,0.0003
2021-10-01,36.196,38.54,34.798,37.865,12883941.02,0.00017622
2021-10-02,37.871,41.678,37.162,38.653,12464009.18,0.0003
2021-10-03,38.662,40.818,37.8,38.79,9821365.46,0.0003
2021-10-04,38.795,38.84,35.975,36.814,11886152.25,0.00047458
2021-10-05,36.82,38.395,35.392,36.806,10503025.29,0.00087773
2021-10-06,36.814,36.917,32.999,35.192,13140202.62,0.0005704799999999
2021-10-07,35.197,38.049,33.8,36.721,12254480.47,0.0009507
2021-10-08,36.721,36.958,34.81,35.062,7954043.47,0.00141985
2021-10-09,35.062,36.15,34.612,35.216,5335613.06,0.0009158
2021-10-10,35.222,35.238,32.1,32.412,7445465.43,0.00118459
2021-10-11,32.413,34.427,31.02,32.02,8055335.96,0.00040691
2021-10-12,32.026,34.336,29.92,33.495,15609631.91,0.0003
2021-10-13,33.493,34.963,31.678,34.548,13312551.94,0.0003
2021-10-14,34.547,35.761,33.504,33.864,9687957.65,0.00080244
2021-10-15,33.864,34.187,32.202,33.113,7894082.64,0.00122849
2021-10-16,33.121,34.676,32.916,33.157,6600501.88,0.00190855
2021-10-17,33.156,34.329,31.104,32.472,5736265.8,0.00174942
2021-10-18,32.475,32.699,31.077,31.891,5215689.13,0.00073887
2021-10-19,31.89,35.361,31.469,35.035,16705114.24,0.00035493
2021-10-20,35.022,36.939,33.528,35.976,12562586.3,0.0009989
2021-10-21,35.977,36.9,33.801,34.381,11843919.18,0.00253719
2021-10-22,34.387,36.226,33.651,34.109,11652756.39,0.0018479899999999
2021-10-23,34.106,37.225,33.816,35.737,12813084.38,0.00170929
2021-10-24,35.737,36.066,33.5,34.288,7310684.22,0.00200909
2021-10-25,34.288,35.609,34.187,35.358,6221391.45,0.00139843
2021-10-26,35.358,43.3,35.1,42.997,29332287.66,0.00228508
2021-10-27,42.996,43.344,34.083,36.805,25993430.35,0.0015616
2021-10-28,36.81,40.709,36.101,38.049,13751743.96,0.00032307
2021-10-29,38.056,41.045,38.015,39.572,10621500.31,0.00032556
2021-10-30,39.569,39.588,36.135,37.316,6664987.13,0.00063809
2021-10-31,37.322,37.781,35.244,37.281,6933933.69,0.00132109
2021-11-01,37.282,38.224,34.646,37.339,8800451.62,0.00067415
2021-11-02,37.346,38.5,36.3,37.129,6820886.14,0.00199356
2021-11-03,37.13,38.714,35.52,38.548,10134414.09,0.0020543899999999
2021-11-04,38.547,39.264,36.1,37.537,8822393.63,0.00203163
2021-11-05,37.541,38.99,36.364,36.804,6686556.28,0.0013892499999999
2021-11-06,36.804,37.1,34.101,36.254,6374495.0,0.00083442
2021-11-07,36.251,36.52,35.519,35.785,3852083.71,0.00129778
2021-11-08,35.785,37.002,35.06,36.662,6944410.05,0.0025864
2021-11-09,36.665,38.015,35.488,35.856,9002629.57,0.00215206
2021-11-10,35.857,37.33,28.0,32.064,15831049.17,0.00184448
2021-11-11,32.064,34.025,31.655,32.951,8073929.69,0.0003
2021-11-12,32.943,33.009,30.577,32.063,7317123.05,0.00078511
2021-11-13,32.063,33.2,31.952,32.541,4155283.02,0.00078489
2021-11-14,32.537,33.312,31.13,31.946,4191903.11,0.00087232
2021-11-15,31.948,33.754,31.3,31.487,7766628.52,0.00112908
2021-11-16,31.486,31.487,27.3,28.274,14913888.99,0.00055628
2021-11-17,28.288,29.637,26.875,29.432,9214244.01,0.0003
2021-11-18,29.43,29.799,25.25,26.658,12073712.29,0.0003
2021-11-19,26.655,28.559,25.955,28.143,6920551.82,0.0003
2021-11-20,28.144,29.87,27.807,29.444,5921420.95,0.00033119
2021-11-21,29.444,32.0,28.364,30.912,8235554.47,0.00040186
2021-11-22,30.926,33.8,28.955,32.193,24020872.65,0.0003
2021-11-23,32.194,33.26,30.651,32.076,11255356.98,0.00032152
2021-11-24,32.081,32.103,29.171,29.645,8296989.74,0.0008400699999999
2021-11-25,29.645,30.92,29.302,29.782,6068393.07,0.00090287
2021-11-26,29.782,30.33,25.147,27.09,15717521.83,0.001066
2021-11-27,27.087,28.064,26.452,26.743,5505790.21,0.0003
2021-11-28,26.738,27.621,24.662,27.396,7114245.09,0.0003
2021-11-29,27.391,28.439,26.731,28.101,6327145.84,0.0003
2021-11-30,28.102,29.371,27.0,27.555,9625983.5,0.0003
2021-12-01,27.559,28.299,26.3,26.689,6343213.26,0.00079311
2021-12-02,26.692,28.63,25.66,28.395,8171957.51,0.0004583
2021-12-03,28.396,33.59,27.735,32.827,42196382.68,0.0003
2021-12-04,32.831,32.95,21.712,28.151,45491989.01,0.0003
2021-12-05,28.145,29.329,23.607,24.547,17865164.27,0.00024816
2021-12-06,24.547,24.815,22.007,24.316,18128160.38,0.0003
2021-12-07,24.319,25.428,23.798,24.302,11053507.45,0.00022198
2021-12-08,24.298,25.995,22.79,25.308,11716790.59,0.0003
2021-12-09,25.297,25.598,22.411,22.443,10166077.19,0.0003
2021-12-10,22.441,23.879,21.836,22.531,11491193.9,0.0003
2021-12-11,22.539,24.777,21.958,24.385,12370159.13,0.0003
2021-12-12,24.386,25.212,23.466,24.48,8152011.32,0.0003
2021-12-13,24.478,24.932,21.049,21.725,12267853.37,0.0003
2021-12-14,21.722,22.123,20.944,21.798,9535009.5,0.0003
2021-12-15,21.788,22.852,20.2,22.325,12590154.55,0.0003
2021-12-16,22.324,23.49,21.65,21.81,7311908.94,0.0003
2021-12-17,21.81,22.067,20.38,21.207,8112517.56,0.0003
2021-12-18,21.202,23.233,20.9,23.147,6420321.72,0.0003
2021-12-19,23.147,23.718,22.05,22.155,9132237.26,0.0003
2021-12-20,22.156,22.433,20.72,21.512,8168147.91,0.0003
2021-12-21,21.514,23.673,21.467,23.611,7421263.51,0.0003
2021-12-22,23.609,28.484,23.344,27.373,22388548.93,0.0003
2021-12-23,27.375,28.872,26.388,28.341,16818722.38,0.00015889
2021-12-24,28.347,29.748,26.737,26.892,9331006.61,0.00019549
2021-12-25,26.897,29.685,26.567,29.662,8112657.95,0.0003
2021-12-26,29.662,32.256,28.541,32.112,18871722.95,0.0003
2021-12-27,32.123,32.721,29.562,29.719,11544423.45,0.0003
2021-12-28,29.718,29.741,26.131,26.576,17585866.91,0.0003
2021-12-29,26.582,28.162,25.131,27.948,16396833.75,0.0003
2021-12-30,27.945,30.526,26.4,30.154,21163492.13,0.0003
2021-12-31,30.155,33.28,30.1,32.401,29734417.75,0.0003
2022-01-01,32.405,36.97,32.375,36.319,30573347.98,0.00016597
2022-01-02,36.315,36.865,34.187,35.496,18825721.69,-8.587000000000002e-05
2022-01-03,35.497,39.821,34.219,39.229,31858385.76,0.00020847
2022-01-04,39.226,43.928,37.5,42.104,40165092.89,-0.0002023699999999
2022-01-05,42.106,43.267,34.6,38.645,38051657.9,0.0003
2022-01-06,38.647,41.49,35.437,40.044,38007384.15,0.0003
2022-01-07,40.041,44.665,37.548,38.576,70780379.48,0.00015782
2022-01-08,38.573,40.342,33.986,35.842,41852357.89,0.0003
2022-01-09,35.846,38.065,34.1,34.961,31636368.03,0.00022405
2022-01-10,34.969,38.171,32.803,37.85,45555335.79,0.00014836
2022-01-11,37.85,39.88,36.106,38.664,32142019.64,6.139000000000001e-05
2022-01-12,38.664,42.289,38.551,40.213,26250752.21,-6.167999999999999e-05
2022-01-13,40.21,41.285,37.42,37.601,20435590.67,0.00029329
2022-01-14,37.604,40.8,36.703,40.41,17765414.24,0.0003
2022-01-15,40.418,40.981,39.106,39.118,11946052.47,0.0003
2022-01-16,39.11,43.79,38.781,43.636,20449542.95,0.0003
2022-01-17,43.636,44.548,37.9,39.101,22604572.67,0.0003
2022-01-18,39.102,40.059,36.24,38.231,19434638.44,0.00022312
2022-01-19,38.228,38.82,35.324,37.001,16442370.91,0.00022019
2022-01-20,37.003,42.084,36.9,38.954,34379824.63,-0.0004040799999999
2022-01-21,38.952,41.09,32.078,34.559,54800327.23,0.00028319
2022-01-22,34.558,35.032,27.257,29.253,50288288.21,3.088e-05
2022-01-23,29.258,34.75,29.089,34.593,42139846.15,-0.00022465
2022-01-24,34.58,37.0,29.815,35.991,75952147.17,-8.181e-05
2022-01-25,35.987,37.182,34.737,35.859,37336526.64,0.00027754
2022-01-26,35.862,36.3,31.23,32.325,35430426.57,-9.602e-05
2022-01-27,32.324,32.913,28.53,30.045,29101176.73,-0.00018277
2022-01-28,30.043,30.323,27.69,29.433,26315160.71,-0.0001291799999999
2022-01-29,29.434,30.235,28.25,29.054,17494816.49,-9.128e-05
2022-01-30,29.054,29.174,26.354,27.148,15569209.43,-0.00018267
2022-01-31,27.147,28.93,25.5,28.048,20936968.03,0.0001662899999999
2022-02-01,28.046,29.82,27.758,28.818,16520136.91,6.052e-05
2022-02-02,28.818,28.976,26.075,26.309,14383682.37,0.00026163
2022-02-03,26.313,29.724,25.557,29.68,26567360.85,-0.0001380299999999
2022-02-04,29.648,31.393,28.514,31.088,26240139.33,-0.00010187
2022-02-05,31.08,32.266,29.921,30.721,15298435.4,0.00016812
2022-02-06,30.721,31.969,30.051,31.255,12137619.05,0.00011188
2022-02-07,31.258,33.191,30.468,31.619,14702645.98,0.0003
2022-02-08,31.62,32.64,29.714,30.37,14998019.55,0.0003
2022-02-09,30.372,31.457,29.5,30.904,10093193.66,0.00021058
2022-02-10,30.904,31.288,28.66,29.065,14004005.27,-5.368999999999998e-05
2022-02-11,29.064,29.339,26.166,26.549,10226451.07,-0.00015369
2022-02-12,26.553,28.336,25.938,27.031,13340160.1,-0.0002495
2022-02-13,27.035,27.62,25.869,26.152,7241456.42,-0.0001583299999999
2022-02-14,26.155,27.427,25.309,27.128,12342105.66,-0.0002402999999999
2022-02-15,27.129,29.245,27.122,28.967,11723038.81,-0.0004172799999999
2022-02-16,28.965,29.229,27.572,28.485,8704609.31,0.00011338
2022-02-17,28.484,30.845,27.474,28.05,32943590.62,0.0003
2022-02-18,28.051,29.075,26.7,26.831,17167152.33,0.00018951
2022-02-19,26.834,27.399,26.033,26.657,7807025.42,0.0003
2022-02-20,26.651,26.86,25.4,26.061,14608064.83,0.0003
2022-02-21,26.061,27.286,23.588,23.798,22604863.86,6.157e-05
2022-02-22,23.797,24.97,22.945,24.794,15134475.9,0.00010017
2022-02-23,24.792,26.917,24.561,25.154,18630726.71,-3.369e-05
2022-02-24,25.159,25.531,21.531,24.835,31211998.84,8.181e-05
2022-02-25,24.835,27.448,24.235,27.259,15627742.77,-6.19e-06
2022-02-26,27.259,30.299,27.105,29.883,21567934.87,0.00016079
2022-02-27,29.883,29.911,26.262,26.753,19828895.23,-6.267e-05
2022-02-28,26.753,31.76,26.352,31.364,21504450.95,-0.00011283
2022-03-01,31.358,33.038,30.201,31.136,18274673.99,0.0003
2022-03-02,31.132,32.8,29.82,32.227,18765897.46,0.0003
2022-03-03,32.233,34.45,31.132,33.991,28386269.01,0.0002862
2022-03-04,33.998,34.689,30.26,30.464,29226820.74,9.217e-05
2022-03-05,30.464,31.651,29.46,30.834,17206613.16,-0.00031371
2022-03-06,30.834,30.931,27.875,28.141,14564100.78,-0.00021224
2022-03-07,28.141,29.569,27.1,28.278,21144039.32,-0.0002299
2022-03-08,28.275,29.301,27.331,27.844,16052770.66,0.00029902
2022-03-09,27.845,31.306,27.754,30.034,17253299.38,5.332000000000001e-05
2022-03-10,30.035,30.33,27.351,27.99,15271217.85,-0.00044437
2022-03-11,27.99,28.465,26.834,27.456,12387024.17,-0.00104748
2022-03-12,27.456,28.254,27.122,27.205,5617003.23,0.0001004
2022-03-13,27.206,27.537,25.909,26.226,8265274.23,5.741e-05
2022-03-14,26.222,27.15,25.736,26.818,9263754.87,-4.338e-05
2022-03-15,26.811,27.748,26.152,26.88,13009835.54,-0.0001871699999999
2022-03-16,26.876,29.093,26.502,28.932,13459320.72,4.216e-05
2022-03-17,28.935,29.0,28.071,28.15,7136791.37,0.0002815
2022-03-18,28.153,28.761,27.162,28.6,8254484.42,0.0003
2022-03-19,28.6,29.419,28.332,28.632,7688471.58,0.0003
2022-03-20,28.632,28.825,27.452,27.819,5709864.35,0.0003
2022-03-21,27.818,28.386,27.525,27.919,5363407.62,0.0003
2022-03-22,27.919,28.95,27.63,28.013,9006054.37,0.00027571
2022-03-23,28.014,28.376,27.184,28.233,9003841.75,0.00023081
2022-03-24,28.234,29.454,27.882,29.254,11503418.0,0.00018579
2022-03-25,29.254,30.005,27.645,28.099,12322112.1,0.0003
2022-03-26,28.098,28.954,27.973,28.762,5398430.18,0.00014127
2022-03-27,28.762,29.968,28.069,29.946,6622670.33,-8.861000000000001e-05
2022-03-28,29.945,31.479,29.113,29.36,14005808.49,0.0003
2022-03-29,29.359,31.684,29.298,30.21,14145705.96,0.00020324
2022-03-30,30.21,31.324,29.25,30.038,12311788.26,0.00017311
2022-03-31,30.038,31.339,28.369,28.88,15540930.04,0.0003
2022-04-01,28.879,29.669,27.667,29.407,10106163.24,0.0002838
2022-04-02,29.407,32.817,29.224,31.32,21994228.78,0.0003
2022-04-03,31.317,33.295,30.504,31.956,19747904.65,0.0003
2022-04-04,31.951,32.547,30.047,30.853,12380492.58,0.0003
2022-04-05,30.852,31.237,29.121,29.278,11877856.5,0.0003
2022-04-06,29.286,29.423,26.634,26.865,15762362.95,-4.424e-05
2022-04-07,26.858,27.88,26.233,27.63,8779323.59,-0.0003411599999999
2022-04-08,27.629,28.94,26.594,26.857,13443537.33,-0.0001088699999999
2022-04-09,26.853,27.41,26.573,27.249,5766050.65,-3.5099999999999986e-06
2022-04-10,27.245,27.411,26.351,26.484,6295817.97,-0.00029243
2022-04-11,26.485,26.589,23.274,23.828,14393774.18,-0.00023453
2022-04-12,23.827,25.46,23.647,24.62,10358041.8,-0.00043057
2022-04-13,24.62,25.2,24.078,24.689,7521758.34,-6.47e-05
2022-04-14,24.685,25.144,23.718,23.95,9082907.78,0.00018693
2022-04-15,23.949,24.362,23.741,24.1,5277349.07,-0.0001847099999999
2022-04-16,24.097,24.42,23.827,24.162,3897543.61,-1.405e-05
2022-04-17,24.164,24.47,23.056,23.187,4765633.85,0.0001560299999999
2022-04-18,23.187,24.13,22.42,24.054,9139372.7,0.00015709
2022-04-19,24.056,24.713,23.745,24.66,6186177.15,0.00027946
2022-04-20,24.66,25.08,23.991,24.274,6290721.66,0.0003
2022-04-21,24.272,24.946,22.886,23.285,7041869.22,0.0003
2022-04-22,23.285,23.85,22.865,23.087,5675708.43,0.00020493
2022-04-23,23.088,23.477,22.722,23.213,4190850.21,0.0003
2022-04-24,23.213,23.303,22.261,22.275,5152537.81,0.0003
2022-04-25,22.275,22.373,20.751,22.119,9757054.3,0.00012298
2022-04-26,22.118,22.297,19.919,20.295,8898949.98,0.00025862
2022-04-27,20.294,21.872,20.097,21.431,12643633.46,-2.571e-05
2022-04-28,21.431,21.462,20.407,20.742,10328063.4,0.00025681
2022-04-29,20.743,20.873,19.2,19.436,9792886.83,0.0003
2022-04-30,19.436,19.571,17.211,17.829,11285567.48,0.00018046
2022-05-01,17.833,18.672,17.559,17.978,11017766.15,0.0001861
2022-05-02,17.979,18.344,17.206,17.795,12087338.04,-2.4599999999999988e-05
2022-05-03,17.795,18.995,17.429,17.56,16777886.04,0.00016537
2022-05-04,17.566,20.044,17.451,19.911,14703792.03,0.00010909
2022-05-05,19.911,20.334,17.114,17.832,17911063.91,0.0003
2022-05-06,17.832,17.975,17.087,17.647,11950798.93,-0.0002195799999999
2022-05-07,17.648,17.686,16.007,16.424,11961182.5,-0.0002275
2022-05-08,16.423,16.533,15.545,15.686,12182997.54,-0.00018339
2022-05-09,15.688,15.984,12.325,12.483,30181315.56,-0.00024161
2022-05-10,12.479,15.29,11.954,13.574,49721193.8,-0.00082338
2022-05-11,13.573,14.008,9.161,10.763,65730163.27,-0.00209686
2022-05-12,10.764,11.555,8.466,9.647,52682628.54,-0.00376875
2022-05-13,9.647,11.646,9.0,10.314,30584830.41,-0.00147252
2022-05-14,10.318,11.069,9.532,10.772,14450320.97,-0.00067994
2022-05-15,10.772,12.512,10.309,12.371,20353204.16,-0.00088037
2022-05-16,12.37,12.467,10.926,11.063,28587712.1,-0.00032326
2022-05-17,11.068,11.914,10.741,11.45,15169862.2,-0.00047221
2022-05-18,11.451,11.772,9.973,10.103,16590751.1,-0.0003759199999999
2022-05-19,10.108,10.959,9.796,10.831,16507300.15,-0.00100262
2022-05-20,10.831,12.192,10.749,11.184,71671025.01,-0.00160622
2022-05-21,11.186,11.489,10.772,11.043,18698521.48,-0.00059301
2022-05-22,11.043,11.586,10.916,11.397,13817312.56,-0.00104521
2022-05-23,11.396,12.34,10.941,11.139,22092382.05,-0.00029815
2022-05-24,11.139,11.38,10.417,11.079,18237652.4,-0.00059937
2022-05-25,11.079,11.387,10.597,10.73,16089721.24,-0.00063975
2022-05-26,10.733,10.899,9.183,9.595,27399692.96,-0.0008406
2022-05-27,9.595,9.901,9.037,9.268,28986412.98,-0.00099329
2022-05-28,9.268,9.685,9.158,9.401,14661555.05,-0.0007316099999999
2022-05-29,9.4,9.668,9.137,9.584,13824410.22,-0.00077142
2022-05-30,9.583,10.616,9.487,10.493,18960942.55,-0.00021603
2022-05-31,10.495,10.833,10.042,10.323,19874231.58,-0.00024392
2022-06-01,10.322,10.494,9.1,9.339,22850239.08,-0.00052202
2022-06-02,9.339,9.695,9.173,9.617,15587944.06,-0.00077399
2022-06-03,9.617,9.684,8.925,9.178,14261126.08,-0.0006903899999999
2022-06-04,9.177,9.28,8.886,9.239,10308157.2,-0.00061464
2022-06-05,9.239,9.382,9.02,9.169,9091101.44,-0.00045446
2022-06-06,9.169,9.749,9.141,9.457,15579689.24,-0.00017405
2022-06-07,9.457,9.473,8.556,9.18,24565950.33,-0.00026475
2022-06-08,9.181,9.43,8.667,8.754,18121336.46,-0.00034251
2022-06-09,8.753,9.197,8.644,8.775,15949470.3,-0.00024779
2022-06-10,8.776,8.993,7.99,8.097,23214662.95,-0.0005304299999999
2022-06-11,8.098,8.34,7.344,7.552,19546754.96,-0.00102737
2022-06-12,7.552,7.74,6.916,7.061,26998737.55,-0.00092718
2022-06-13,7.06,7.201,5.864,6.5,52499235.07,-0.00101927
2022-06-14,6.497,6.796,5.937,6.354,32395440.07,-0.00029454
2022-06-15,6.355,7.376,5.917,7.322,50940714.29,-0.00054385
2022-06-16,7.32,7.495,6.175,6.337,26653344.78,7.174000000000001e-05
2022-06-17,6.338,6.609,6.242,6.376,18194966.4,-0.0004491999999999
2022-06-18,6.377,6.506,5.544,6.076,30521445.4,-0.00028547
2022-06-19,6.075,6.899,5.844,6.769,28212379.61,0.00016759
2022-06-20,6.769,6.969,6.48,6.812,18995600.54,0.0003
2022-06-21,6.812,7.192,6.66,6.95,15154801.3,7.766e-05
2022-06-22,6.95,7.6,6.565,7.054,27037165.34,-0.00017787
2022-06-23,7.054,8.19,7.053,8.123,33911073.64,0.00015197
2022-06-24,8.123,8.587,7.945,8.249,22201937.95,-0.00013899
2022-06-25,8.25,8.713,7.971,8.661,15417439.5,-7.151e-05
2022-06-26,8.66,8.745,8.004,8.048,14909924.42,-9.589e-05
2022-06-27,8.046,8.601,7.75,7.783,16736701.21,0.00011331
2022-06-28,7.784,8.02,7.253,7.34,17880419.05,-8.72e-05
2022-06-29,7.342,7.506,7.019,7.394,17996729.85,-9.336e-05
2022-06-30,7.395,7.642,6.885,7.564,30175351.36,-0.0001693199999999
2022-07-01,7.565,8.359,7.174,8.09,34071213.92,2.261e-05
2022-07-02,8.09,8.337,7.93,8.057,29520580.95,-0.00014091
2022-07-03,8.056,8.312,7.775,8.084,19491819.91,-0.00042542
2022-07-04,8.084,8.939,7.852,8.748,21697412.17,-0.00045102
2022-07-05,8.748,9.3,8.38,8.91,35814053.33,-8.258e-05
2022-07-06,8.91,9.444,8.755,8.888,32461182.98,-0.00028115
2022-07-07,8.888,9.568,8.68,9.358,19441059.52,-0.00041075
2022-07-08,9.356,9.715,8.886,8.97,17200244.94,-0.0005403999999999
2022-07-09,8.97,9.358,8.947,8.976,9482362.17,-0.00051437
2022-07-10,8.976,8.997,8.499,8.773,12605525.7,-0.00072976
2022-07-11,8.773,9.098,8.161,8.168,25910197.49,-0.0005102
2022-07-12,8.168,8.405,7.712,7.806,18958172.7,-0.00055717
2022-07-13,7.807,8.239,7.412,8.201,24771383.82,-0.00035442
2022-07-14,8.202,9.058,8.085,8.981,23272728.52,-0.00059733
2022-07-15,8.98,9.494,8.868,9.047,18760464.7,-4.445999999999999e-05
2022-07-16,9.049,9.397,8.789,9.23,12904971.02,0.00010448
2022-07-17,9.228,9.358,8.85,8.915,10580738.46,-9.195e-05
2022-07-18,8.915,9.871,8.861,9.566,17671262.83,0.00015262
2022-07-19,9.567,10.77,9.222,10.516,26865350.21,0.0003
2022-07-20,10.515,10.632,9.576,9.675,18949715.01,0.0003
2022-07-21,9.675,11.269,9.61,11.046,44481331.43,-6.580999999999997e-05
2022-07-22,11.047,11.345,10.31,10.629,24548500.13,0.0003
2022-07-23,10.628,11.205,9.743,10.108,17577078.45,0.00027172
2022-07-24,10.109,10.294,9.879,9.969,11865812.9,-0.00044941
2022-07-25,9.968,10.001,8.95,8.971,16498064.65,8.89e-05
2022-07-26,8.971,9.688,8.58,9.217,39355446.35,-0.00059676
2022-07-27,9.217,10.317,9.019,10.303,26595635.76,-0.00029667
2022-07-28,10.302,11.167,10.078,10.858,21503343.22,0.0003
2022-07-29,10.859,11.494,10.35,11.169,18077069.18,0.0003
2022-07-30,11.17,11.361,10.501,10.7,13252492.15,0.0003
2022-07-31,10.7,11.06,10.277,10.339,9756263.67,0.00014238
2022-08-01,10.341,10.793,10.032,10.388,10490992.86,6.227000000000001e-05
2022-08-02,10.387,10.462,9.748,9.902,11170947.75,-0.0002533199999999
2022-08-03,9.904,10.53,9.626,10.152,9634958.78,-0.0005208
2022-08-04,10.152,10.614,10.108,10.351,10485721.62,-9.975e-05
2022-08-05,10.352,10.987,10.288,10.961,8825254.22,0.00026737
2022-08-06,10.959,11.008,10.56,10.623,4530376.59,0.00029191
2022-08-07,10.623,11.637,10.451,11.348,14104786.42,0.00018931
2022-08-08,11.348,12.16,11.205,11.807,15915550.54,-0.00023598
2022-08-09,11.805,12.24,11.07,11.374,14589208.03,0.0002
2022-08-10,11.373,12.038,10.565,11.969,17885934.85,-7.73999999999999e-06
2022-08-11,11.968,12.308,11.668,11.749,12463358.68,6.773e-05
2022-08-12,11.75,12.083,11.421,12.041,8628062.36,0.0003
2022-08-13,12.041,12.409,11.83,11.899,8260849.06,0.00024885
2022-08-14,11.898,12.178,11.43,11.577,7196257.53,0.0001989
2022-08-15,11.577,11.939,11.162,11.391,9203443.3,-5.6130000000000006e-05
2022-08-16,11.391,11.66,11.165,11.388,10241376.81,0.00018405
2022-08-17,11.386,11.92,11.175,11.744,17146535.27,0.00024649
2022-08-18,11.744,12.276,11.4,11.434,25674057.6,0.00028305
2022-08-19,11.435,11.442,10.139,10.745,24573349.83,-0.00010084
2022-08-20,10.744,10.967,9.952,10.227,15712735.53,-0.00025089
2022-08-21,10.227,10.782,10.205,10.636,12031508.07,-0.00056739
2022-08-22,10.638,11.136,10.036,11.081,18176971.87,-0.00015378
2022-08-23,11.081,12.36,10.96,12.124,36945557.75,0.00014627
2022-08-24,12.126,13.45,11.581,13.01,46917839.89,-0.00011265
2022-08-25,13.011,13.336,12.55,12.846,31632890.37,6.027e-05
2022-08-26,12.846,13.133,11.325,11.538,36302742.17,0.0003
2022-08-27,11.537,11.538,10.68,11.167,28233077.37,-0.00038191
2022-08-28,11.167,11.365,10.438,10.557,16584731.13,-0.00034564
2022-08-29,10.557,11.735,10.165,11.424,25923013.91,-0.0008077799999999
2022-08-30,11.424,12.163,11.11,11.918,35011129.02,-0.00063068
2022-08-31,11.919,12.351,11.538,11.812,29503597.76,-0.00023284
2022-09-01,11.81,12.85,11.443,12.725,32003549.48,-0.00014772
2022-09-02,12.725,13.073,12.316,12.6,25270452.92,-0.00017982
2022-09-03,12.6,12.873,12.12,12.614,18324939.46,-0.00016265
2022-09-04,12.615,13.044,12.391,13.041,19961105.96,-4.079999999999999e-05
2022-09-05,13.041,13.361,12.46,12.624,19291088.5,-0.00014727
2022-09-06,12.624,12.987,11.701,11.768,28617705.46,-0.00016559
2022-09-07,11.768,13.248,11.525,12.926,23634203.24,9.863e-05
2022-09-08,12.925,14.17,12.62,13.877,37198955.2,0.00021457
2022-09-09,13.88,17.339,13.741,16.125,57039015.85,-0.0001559299999999
2022-09-10,16.124,16.416,15.432,15.989,23818501.24,0.0003
2022-09-11,15.988,16.305,15.21,15.68,14034513.38,0.00019628
2022-09-12,15.68,16.512,14.926,15.511,24282811.03,3.5850000000000004e-05
2022-09-13,15.511,16.208,13.694,13.885,26435161.99,-6.863e-05
2022-09-14,13.885,14.438,13.361,13.954,17854536.21,-0.00032924
2022-09-15,13.954,15.515,13.217,14.888,45509884.61,-0.00036934
2022-09-16,14.889,16.784,14.58,16.582,53558027.97,-0.00081545
2022-09-17,16.582,16.95,16.02,16.389,27627825.39,-0.00030563
2022-09-18,16.388,16.4,14.532,14.689,27895236.32,-0.00015411
2022-09-19,14.689,16.05,14.585,15.606,42441945.23,-0.00026351
2022-09-20,15.605,15.879,13.798,13.91,32063578.33,-0.00040604
2022-09-21,13.909,15.085,12.928,13.365,44794597.0,-0.0003834499999999
2022-09-22,13.365,14.986,13.243,14.623,34656058.38,-0.00099035
2022-09-23,14.622,15.259,13.414,14.212,36387820.0,-0.00052177
2022-09-24,14.213,14.282,13.526,13.615,15598621.66,-0.00089831
2022-09-25,13.614,14.827,13.57,13.963,24941057.99,-0.00085655
2022-09-26,13.963,14.88,13.733,13.901,35723443.13,-0.00050162
2022-09-27,13.9,14.735,13.132,13.476,32616885.33,-0.00043624
2022-09-28,13.476,13.566,12.619,12.983,30946639.12,-0.00120946
2022-09-29,12.984,13.064,12.413,12.765,24907940.05,-0.00090181
2022-09-30,12.766,13.237,12.591,13.018,23773305.0,-0.00074268
2022-10-01,13.017,13.094,12.472,12.674,10505036.57,-0.00013936
2022-10-02,12.673,12.886,11.92,11.982,15086625.45,-0.00059203
2022-10-03,11.983,12.947,11.8,12.848,21704246.64,-0.00050422
2022-10-04,12.85,13.277,12.736,13.008,17885906.33,-0.00056402
2022-10-05,13.007,13.129,12.606,12.997,14825694.25,-0.00024486
2022-10-06,12.998,13.447,12.849,13.008,23446480.37,-3.842e-05
2022-10-07,13.008,13.083,12.634,13.045,13398066.07,-7.929000000000001e-05
2022-10-08,13.044,13.344,12.935,13.138,13266159.4,-0.00017907
2022-10-09,13.138,13.267,13.022,13.184,9053374.37,-0.00017774
2022-10-10,13.184,13.266,12.303,12.426,14107942.36,-5.284e-05
2022-10-11,12.426,12.528,12.081,12.169,13207136.41,-0.00033505
2022-10-12,12.169,12.21,11.657,11.73,14390400.54,-0.00010154
2022-10-13,11.729,11.807,10.5,11.33,29598535.53,-0.00038126
2022-10-14,11.33,12.266,11.287,11.635,22203056.19,-0.00037714
2022-10-15,11.635,11.757,11.427,11.51,8440402.67,-0.00022085
2022-10-16,11.509,11.842,11.494,11.691,7097331.09,-0.00013856
2022-10-17,11.691,12.494,11.627,12.423,16642332.73,-0.0002202599999999
2022-10-18,12.423,12.777,12.101,12.515,19876546.89,-0.00010187
2022-10-19,12.515,12.636,11.683,11.745,14256218.59,0.00011075
2022-10-20,11.746,11.99,11.222,11.371,14924330.67,7.913e-05
2022-10-21,11.371,11.778,10.902,11.728,16239979.94,-7.943e-05
2022-10-22,11.728,11.887,11.454,11.709,8576396.15,-0.00039059
2022-10-23,11.709,12.131,11.428,12.105,8773715.97,-8.300000000000005e-07
2022-10-24,12.106,12.17,11.575,11.641,10560692.42,7.213e-05
2022-10-25,11.641,12.375,11.533,11.99,14562741.03,-0.00011274
2022-10-26,11.989,12.534,11.906,12.268,14874536.1,-1.798e-05
2022-10-27,12.268,13.232,12.249,12.649,21972591.56,-0.0001476
2022-10-28,12.65,13.822,12.582,13.528,33345365.07,-6.445000000000001e-05
2022-10-29,13.528,13.859,13.331,13.462,14785505.09,-0.0002582
2022-10-30,13.462,14.115,13.292,13.915,15687982.93,0.00015947
2022-10-31,13.915,14.489,13.773,14.307,22558034.06,4.91e-06
2022-11-01,14.308,14.456,13.835,14.07,14248808.61,-0.00016162
2022-11-02,14.071,14.228,13.016,13.282,16936812.41,7.238000000000001e-05
2022-11-03,13.281,13.9,13.237,13.498,11930954.56,-0.0002609
2022-11-04,13.497,15.197,13.397,15.022,21520977.81,8.163e-05
2022-11-05,15.02,15.808,14.944,15.375,14039689.16,5.072e-05
2022-11-06,15.376,15.403,14.422,14.433,10688845.96,0.00022207
2022-11-07,14.433,14.799,13.85,14.267,14035325.35,0.00024576
2022-11-08,14.267,14.436,11.151,12.138,32449872.2,-4.495999999999999e-05
2022-11-09,12.138,12.3,9.359,9.777,29490972.65,-0.00063114
2022-11-10,9.778,12.503,9.554,12.157,23139935.16,-0.00111622
2022-11-11,12.158,12.413,11.156,11.665,13107701.28,-0.00025189
2022-11-12,11.668,11.699,10.827,10.947,6603614.18,4.694e-05
2022-11-13,10.947,11.104,10.04,10.181,9762764.95,0.00018994
2022-11-14,10.181,10.7,9.609,10.324,15489733.36,2.0200000000000044e-06
2022-11-15,10.324,10.88,10.176,10.548,11589773.57,-5.437e-05
2022-11-16,10.549,10.63,9.95,10.144,9475165.43,8.383e-05
2022-11-17,10.144,10.195,9.835,9.908,7948202.85,-0.00034721
2022-11-18,9.911,10.24,9.778,9.968,8402010.87,2.072e-05
2022-11-19,9.967,10.053,9.724,9.99,4940497.87,-6.267000000000001e-05
2022-11-20,9.99,10.043,9.3,9.344,7812472.74,-3.898e-05
2022-11-21,9.345,9.355,8.76,9.008,14983851.86,-0.0004190399999999
2022-11-22,9.01,9.558,8.72,9.542,13030784.76,0.00012268
2022-11-23,9.544,9.976,9.524,9.928,10885369.1,-0.00040642
2022-11-24,9.927,10.224,9.772,10.147,9543427.63,-0.0001353999999999
2022-11-25,10.146,10.175,9.757,10.019,8220611.25,-1.7600000000000037e-06
2022-11-26,10.019,10.446,9.987,10.104,8156829.5,-0.00048967
2022-11-27,10.102,10.329,9.891,9.921,5329332.43,-0.00017617
2022-11-28,9.92,9.966,9.419,9.855,9678367.58,-0.0003507199999999
2022-11-29,9.855,10.293,9.826,10.177,6882081.2,0.0001773899999999
2022-11-30,10.176,10.639,10.175,10.487,9032711.62,7.864e-05
2022-12-01,10.486,10.572,10.127,10.266,6412141.68,0.0001879
2022-12-02,10.266,10.382,10.11,10.36,5228903.6,0.00013117
2022-12-03,10.36,10.411,9.967,10.013,4131503.04,-6.908000000000001e-05
2022-12-04,10.014,10.284,10.013,10.249,3552083.88,-0.00020616
2022-12-05,10.248,10.569,10.139,10.258,6670694.6,-4.425999999999999e-05
2022-12-06,10.258,10.376,9.986,10.158,5251972.88,0.00024344
2022-12-07,10.157,10.18,9.485,9.61,7692299.22,3.741e-05
2022-12-08,9.611,9.853,9.45,9.824,6053168.34,-0.00011207
2022-12-09,9.824,9.896,9.617,9.752,4595796.76,-0.00024983
2022-12-10,9.751,10.35,9.63,9.939,9787371.06,0.00023947
2022-12-11,9.939,9.983,9.5,9.525,4597236.76,-2.633e-05
2022-12-12,9.526,9.664,9.4,9.617,6192543.79,-8.483e-05
2022-12-13,9.617,9.883,9.12,9.75,9592796.06,8.050000000000006e-06
2022-12-14,9.75,10.015,9.495,9.589,7872371.92,0.00024926
2022-12-15,9.59,9.663,9.356,9.424,4872805.27,0.00016579
2022-12-16,9.425,9.522,8.428,8.58,8374855.01,0.00023759
2022-12-17,8.58,8.807,8.459,8.797,4717630.61,-0.0004653399999999
2022-12-18,8.796,8.946,8.743,8.85,4094290.16,-0.000426
2022-12-19,8.851,8.94,8.555,8.635,6389006.61,-0.00020893
2022-12-20,8.633,9.045,8.536,8.944,5730976.11,0.000221
2022-12-21,8.945,9.049,8.754,8.859,4898318.86,0.0002922
2022-12-22,8.859,9.006,8.666,8.986,5592088.17,0.00011992
2022-12-23,8.986,9.049,8.878,8.91,4169175.11,0.00027515
2022-12-24,8.911,9.043,8.875,8.955,3898991.35,0.00020019
2022-12-25,8.955,9.116,8.817,9.006,3997666.31,0.00015975
2022-12-26,9.007,9.192,8.998,9.178,4374568.4,-6.023e-05
2022-12-27,9.179,9.427,9.127,9.21,7395806.67,0.00011195
2022-12-28,9.209,9.287,8.9,9.129,8639982.97,0.00025883
2022-12-29,9.128,9.396,9.015,9.326,8332679.65,-7.599999999999995e-06
2022-12-30,9.323,9.398,9.206,9.374,9073280.63,-0.00033513
2022-12-31,9.374,9.48,9.259,9.351,5082084.1,-1.3540000000000004e-05
2023-01-01,9.351,9.473,9.296,9.455,3963330.75,0.0003
2023-01-02,9.454,10.094,9.374,9.813,11158277.25,-9.146e-05
2023-01-03,9.812,10.35,9.751,10.146,11171000.65,4.119e-05
2023-01-04,10.146,10.45,10.028,10.189,8433311.15,-0.00019743
2023-01-05,10.188,10.228,9.981,10.081,5426319.25,-0.00012109
2023-01-06,10.077,10.287,9.902,10.243,7090339.63,0.00017758
2023-01-07,10.244,10.366,10.13,10.19,3910437.32,-0.00020922
2023-01-08,10.19,10.6,9.978,10.544,8111769.65,-0.00024073
2023-01-09,10.544,11.51,10.51,11.103,16531842.12,-3.834e-05
2023-01-10,11.103,11.342,10.831,11.317,7705981.12,0.00029755
2023-01-11,11.317,11.904,11.043,11.845,9942296.32,-0.00026405
2023-01-12,11.845,12.338,11.522,12.255,13912999.52,1.6309999999999998e-05
2023-01-13,12.256,12.518,11.901,12.401,9393205.37,-0.00081385
2023-01-14,12.402,13.469,12.081,12.874,18989701.03,0.000127
2023-01-15,12.874,13.078,12.371,12.784,8840253.62,0.0003
2023-01-16,12.785,13.073,12.024,12.335,10633501.59,0.0003
2023-01-17,12.334,12.654,12.01,12.149,8910867.58,0.00026481
2023-01-18,12.151,12.529,11.4,11.532,11826720.89,0.00027946
2023-01-19,11.532,12.094,11.523,12.005,6081573.2,0.00026522
2023-01-20,12.001,13.266,11.917,13.145,10929627.92,0.00022514
2023-01-21,13.145,13.623,12.852,13.09,9490082.98,0.0003
2023-01-22,13.092,13.785,12.802,13.327,11196039.61,0.0003
2023-01-23,13.327,13.577,12.781,13.066,8069351.85,0.0003
2023-01-24,13.066,13.38,12.307,12.434,7108821.5,0.0003
2023-01-25,12.434,13.759,12.122,13.561,13778869.28,0.00023377
2023-01-26,13.56,13.704,12.81,13.102,11619323.61,0.0003
2023-01-27,13.103,13.614,12.524,13.531,8187172.29,0.0003
2023-01-28,13.531,13.899,13.025,13.21,7256759.07,0.0003
2023-01-29,13.209,13.952,13.005,13.803,6816113.75,0.0003
2023-01-30,13.803,14.01,12.7,13.061,9959762.88,0.00029157
2023-01-31,13.059,13.485,13.021,13.357,8127546.82,0.00028682
2023-02-01,13.356,14.943,13.263,14.935,31179284.77,0.0003
2023-02-02,14.935,15.242,14.236,14.419,14580566.96,0.0003
2023-02-03,14.419,15.472,14.376,15.004,16025701.9,0.0003
2023-02-04,15.004,15.1,14.551,14.669,6502980.91,0.00041179
2023-02-05,14.669,14.818,14.052,14.744,9992301.77,0.0003
2023-02-06,14.744,14.908,13.998,14.137,8909882.02,0.0003
2023-02-07,14.135,15.054,14.094,14.949,10003058.82,0.0003
2023-02-08,14.949,15.377,14.558,15.152,12899863.73,0.0003
2023-02-09,15.151,15.354,13.127,13.515,15030999.64,0.0003
2023-02-10,13.515,13.99,13.403,13.687,10113103.43,-0.0001297999999999
2023-02-11,13.686,13.785,13.406,13.74,4927393.64,8.477e-05
2023-02-12,13.739,13.935,13.362,13.531,4750918.26,-0.00014885
2023-02-13,13.532,13.534,12.652,13.124,9299400.13,4.900999999999999e-05
2023-02-14,13.125,13.57,12.8,13.394,9583715.72,0.00022852
2023-02-15,13.395,14.299,13.223,14.288,9086188.18,0.00022243
2023-02-16,14.287,14.4,13.36,13.417,13639178.67,0.00027902
2023-02-17,13.416,14.331,13.322,14.173,10215719.5,0.00016445
2023-02-18,14.172,14.477,13.919,14.285,7294548.31,0.0003
2023-02-19,14.287,14.775,13.937,14.128,10339540.16,0.0003
2023-02-20,14.129,14.591,13.769,14.427,8139007.64,0.0003
2023-02-21,14.426,14.623,13.604,13.863,8245279.56,0.0003
2023-02-22,13.863,14.018,13.171,13.586,8359520.74,0.0003
2023-02-23,13.585,13.942,13.442,13.735,6900013.36,0.0003
2023-02-24,13.734,13.848,12.84,13.074,6957790.94,0.0003
2023-02-25,13.075,13.207,12.445,12.83,6069049.01,0.0003
2023-02-26,12.829,13.095,12.756,12.95,3654766.67,-0.00012265
2023-02-27,12.95,13.091,12.569,12.781,5750848.3,-0.00032926
2023-02-28,12.781,12.798,12.111,12.272,6237188.63,0.00011719
2023-03-01,12.272,12.936,12.205,12.769,6591211.44,-6.709999999999999e-05
2023-03-02,12.768,12.865,12.143,12.457,6122412.59,0.00013161
2023-03-03,12.457,12.469,11.51,12.006,7858054.35,-0.00054401
2023-03-04,12.007,12.08,11.593,11.833,3477599.45,-0.00019461
2023-03-05,11.833,12.25,11.818,12.007,6143220.79,-0.00021416
2023-03-06,12.006,12.21,11.827,11.968,5378956.71,-9.304e-05
2023-03-07,11.969,12.08,11.4,11.746,7265070.42,0.00014973
2023-03-08,11.746,11.817,10.839,10.952,9505186.0,4.356e-05
2023-03-09,10.951,11.056,10.38,11.026,19270250.17,4.965e-05
2023-03-10,11.025,11.4,10.24,11.128,41154088.83,-0.00055121
2023-03-11,11.128,11.371,10.552,11.012,16150624.94,-0.0001101799999999
2023-03-12,11.01,11.743,10.87,11.699,13769556.51,-4.114e-05
2023-03-13,11.699,12.222,11.264,11.978,15504472.32,-0.00058512
2023-03-14,11.979,13.494,11.862,13.042,27734932.54,-0.00026795
2023-03-15,13.041,13.344,11.574,12.405,28698415.35,0.00022038
2023-03-16,12.404,12.974,12.248,12.807,18820860.58,0.00014462
2023-03-17,12.805,13.248,12.601,13.156,15702276.66,0.0003
2023-03-18,13.155,13.43,11.941,12.215,22436294.75,0.0003
2023-03-19,12.215,13.072,12.037,12.308,17385588.83,0.00014458
2023-03-20,12.308,12.443,11.43,11.535,14461216.85,9.632e-05
2023-03-21,11.534,12.159,11.235,11.913,14124578.41,3.798e-05
2023-03-22,11.913,11.99,10.859,11.321,17870583.27,0.00027738
2023-03-23,11.32,11.938,11.221,11.678,10585149.78,-0.00013221
2023-03-24,11.675,11.724,10.966,11.183,10140191.18,0.0003
2023-03-25,11.184,11.324,10.902,11.076,6011839.97,-0.00026259
2023-03-26,11.075,11.461,11.016,11.319,5363072.7,-0.00038567
2023-03-27,11.32,11.35,10.6,10.831,9310032.55,-0.00030443
2023-03-28,10.831,11.428,10.673,11.207,13107878.63,-0.00040375
2023-03-29,11.208,11.551,11.079,11.422,15330327.91,0.0003
2023-03-30,11.422,11.561,10.9,11.145,14659595.84,0.00024425
2023-03-31,11.145,11.387,10.971,11.18,10618265.96,0.0003
2023-04-01,11.179,11.496,11.026,11.381,8586069.82,0.00024764
2023-04-02,11.382,11.588,10.951,11.116,11178585.58,0.0003
2023-04-03,11.116,11.26,10.644,11.142,13434718.3,0.0002539
2023-04-04,11.142,11.422,11.023,11.276,10143902.77,0.0003
2023-04-05,11.275,11.597,11.12,11.517,11325190.61,0.0003
2023-04-06,11.519,11.63,11.222,11.328,10231382.58,0.0003
2023-04-07,11.328,11.359,10.912,11.042,8696147.23,0.00026307
2023-04-08,11.041,11.193,10.846,10.957,5062148.57,0.00025557
2023-04-09,10.957,11.083,10.85,11.02,4597587.11,0.00022114
2023-04-10,11.018,11.227,10.904,11.172,6879315.41,0.00028564
2023-04-11,11.173,11.405,11.105,11.257,9985837.6,0.0003
2023-04-12,11.256,11.356,10.9,11.316,9939762.51,0.0003
2023-04-13,11.316,12.0,11.232,11.809,11701015.39,0.0003
2023-04-14,11.808,12.468,11.792,12.257,20771483.28,0.0003
2023-04-15,12.258,12.5,12.033,12.372,8790432.36,0.0003
2023-04-16,12.373,12.899,12.37,12.663,12070099.84,0.0003
2023-04-17,12.662,12.942,12.314,12.359,11390051.59,0.0003
2023-04-18,12.359,12.781,12.154,12.563,9575578.31,0.0003
2023-04-19,12.563,12.594,11.317,11.689,14808903.55,0.0002116
2023-04-20,11.689,12.119,11.266,11.384,12818947.57,0.0003
2023-04-21,11.384,11.487,10.628,10.797,11148494.77,0.0003
2023-04-22,10.797,11.047,10.693,11.025,6000910.91,7.669999999999996e-06
2023-04-23,11.026,11.037,10.55,10.813,5807721.53,1.4640000000000006e-05
2023-04-24,10.814,10.979,10.641,10.898,7096947.46,0.00025817
2023-04-25,10.897,11.085,10.647,11.041,7041506.21,0.00015711
2023-04-26,11.042,11.399,10.132,10.925,14983820.23,3.869e-05
2023-04-27,10.926,11.775,10.867,11.51,18564093.35,-0.00053212
2023-04-28,11.511,11.76,11.258,11.71,9686478.19,0.00019812
2023-04-29,11.711,11.827,11.508,11.701,5686982.43,0.00027814
2023-04-30,11.701,11.952,11.452,11.512,9293086.83,0.00013796
2023-05-01,11.511,11.563,10.824,10.992,10523844.33,0.0002814
2023-05-02,10.992,11.102,10.866,11.027,5765164.09,0.00026002
2023-05-03,11.027,11.156,10.737,11.097,8561755.18,0.00020795
2023-05-04,11.098,11.138,10.88,10.972,4868054.51,0.00019611
2023-05-05,10.972,11.301,10.937,11.203,7026278.92,6.746000000000001e-05
2023-05-06,11.204,11.285,10.748,10.836,6924544.54,0.00019735
2023-05-07,10.836,11.08,10.762,10.969,5723350.14,-9.273e-05
2023-05-08,10.969,11.14,10.4,10.584,22061647.66,-0.00019156
2023-05-09,10.584,10.712,10.162,10.368,11754813.76,-0.00051569
2023-05-10,10.368,11.12,10.197,10.976,20933644.32,-0.00033099
2023-05-11,10.977,11.075,10.494,11.016,20293205.89,1.599999999999985e-07
2023-05-12,11.016,11.27,10.7,11.145,21501893.41,0.00016826
2023-05-13,11.146,11.165,10.8,10.876,8636909.22,-0.00022072
2023-05-14,10.876,11.099,10.801,10.908,8347047.18,-0.0001887
2023-05-15,10.907,11.097,10.718,10.793,9281885.53,-0.00032825
2023-05-16,10.793,10.97,10.67,10.881,8293515.84,-0.00042655
2023-05-17,10.881,11.076,10.71,10.929,9782258.5,4.238e-05
2023-05-18,10.93,10.998,10.489,10.733,12206750.37,0.00013231
2023-05-19,10.734,10.742,10.381,10.61,9570485.6,-0.00025174
2023-05-20,10.61,10.635,10.514,10.603,3790701.34,-0.00012966
2023-05-21,10.604,10.615,10.396,10.467,4452101.29,9.92e-05
2023-05-22,10.468,10.58,10.31,10.482,5381337.04,0.00022552
2023-05-23,10.482,10.62,10.437,10.52,5734920.79,0.00019144
2023-05-24,10.519,10.528,10.186,10.407,8155952.88,7.862e-05
2023-05-25,10.406,10.557,10.223,10.467,7104912.29,7.600000000000001e-06
2023-05-26,10.468,10.6,10.411,10.527,5184956.25,0.00021515
2023-05-27,10.527,10.594,10.451,10.543,2697155.8,0.00028275
2023-05-28,10.543,10.953,10.504,10.926,6458581.88,0.0003
2023-05-29,10.927,10.968,10.701,10.746,4842926.83,0.0003
2023-05-30,10.746,10.895,10.722,10.825,3864797.79,0.0003
2023-05-31,10.826,10.88,10.407,10.453,6133624.9,0.00028089
2023-06-01,10.453,10.488,10.215,10.321,6973438.09,2.5630000000000004e-05
2023-06-02,10.32,10.666,10.24,10.645,6940178.98,0.00018728
2023-06-03,10.646,10.765,10.542,10.693,3619532.84,0.00029122
2023-06-04,10.693,10.845,10.651,10.745,4067979.4,0.00022837
2023-06-05,10.745,10.812,9.726,9.996,12835754.02,0.0003
2023-06-06,9.996,10.276,9.796,10.142,8131831.55,-0.00036853
2023-06-07,10.142,10.167,9.329,9.427,10751323.35,0.00021756
2023-06-08,9.427,9.625,9.322,9.431,6657463.86,8.48e-05
2023-06-09,9.431,9.471,9.14,9.169,7975910.38,0.00026659
2023-06-10,9.17,9.178,7.141,8.228,27350099.57,-0.00110768
2023-06-11,8.227,8.496,8.107,8.433,8305287.59,-0.00146273
2023-06-12,8.431,8.841,8.248,8.731,13056277.58,-0.00148109
2023-06-13,8.732,8.948,8.533,8.643,9419800.08,-0.00105843
2023-06-14,8.643,8.843,8.366,8.496,9539957.82,-0.00071065
2023-06-15,8.497,8.766,8.401,8.657,10304455.9,-0.00028426
2023-06-16,8.658,8.937,8.547,8.756,8414505.1,-0.00043004
2023-06-17,8.757,9.0,8.679,8.894,5429608.32,-0.00054067
2023-06-18,8.895,8.928,8.45,8.557,5845760.31,-0.00058142
2023-06-19,8.557,8.629,8.319,8.594,7142052.23,-0.00068747
2023-06-20,8.594,8.79,8.257,8.762,10554022.39,-0.00073194
2023-06-21,8.762,9.122,8.737,9.029,12194275.89,-0.00053313
2023-06-22,9.03,9.409,8.956,8.996,10298944.34,-0.00046821
2023-06-23,8.995,9.423,8.981,9.302,7884396.84,-0.00015337
2023-06-24,9.303,9.477,9.076,9.379,6785123.66,-0.00053423
2023-06-25,9.38,9.74,9.346,9.443,7051235.45,-0.00030776
2023-06-26,9.443,9.518,9.083,9.175,8603579.97,-0.00042686
2023-06-27,9.175,9.442,9.155,9.419,6117358.41,-0.0001518
2023-06-28,9.418,9.43,8.886,9.117,9157291.76,-0.00093635
2023-06-29,9.116,9.433,8.964,8.97,7432659.54,-0.0006623
2023-06-30,8.97,9.43,8.672,9.28,16475451.78,-0.00042886
2023-07-01,9.281,9.577,9.146,9.554,7751625.55,-3.342e-05
2023-07-02,9.555,9.596,9.317,9.595,6674009.83,0.00016837
2023-07-03,9.596,10.095,9.56,9.937,9088741.54,-4.801e-05
2023-07-04,9.937,9.958,9.612,9.679,7544205.32,-1.824e-05
2023-07-05,9.678,9.875,9.243,9.388,10234000.33,0.00012318
2023-07-06,9.387,9.643,9.085,9.164,10594036.32,-0.00032033
2023-07-07,9.164,9.371,9.095,9.162,7180742.14,-0.0007724
2023-07-08,9.163,9.3,9.073,9.197,5749784.09,-0.00036844
2023-07-09,9.197,9.605,9.175,9.419,8563135.84,-0.00058617
2023-07-10,9.419,9.43,9.165,9.236,10658802.44,-0.00029655
2023-07-11,9.235,9.359,9.144,9.19,6035187.32,-8.624e-05
2023-07-12,9.19,9.286,8.948,9.062,7614019.93,-7.301000000000001e-05
2023-07-13,9.063,9.905,8.932,9.887,16616878.71,-0.00022061
2023-07-14,9.887,10.293,9.419,9.782,21525254.28,0.0003
2023-07-15,9.781,9.987,9.626,9.708,7321462.49,0.0002961
2023-07-16,9.708,9.728,9.325,9.39,7643320.2,0.0003
2023-07-17,9.39,9.604,9.155,9.425,11223675.88,0.00029294
2023-07-18,9.425,9.514,9.075,9.283,8612529.32,0.00026803
2023-07-19,9.282,9.413,9.115,9.177,7745548.36,0.00026631
2023-07-20,9.177,9.593,9.14,9.367,9951095.16,0.00019525
2023-07-21,9.367,9.536,9.287,9.42,7221250.97,0.00021826
2023-07-22,9.42,9.567,9.165,9.259,6480936.01,0.00014207
2023-07-23,9.259,9.358,9.213,9.269,3837847.3,8.184e-05
2023-07-24,9.269,9.29,8.8,9.0,7550638.35,-0.00030355
2023-07-25,9.0,9.059,8.91,8.947,4267134.44,-4.647e-05
2023-07-26,8.948,9.035,8.774,8.978,7369726.4,-3.427999999999999e-05
2023-07-27,8.977,9.1,8.844,8.908,5274163.8,-4.978e-05
2023-07-28,8.908,9.068,8.845,9.019,3929613.49,-8.962e-05
2023-07-29,9.019,9.089,8.979,9.07,2313321.36,0.00024055
2023-07-30,9.07,9.096,8.825,9.002,4391373.73,0.00018269
2023-07-31,9.002,9.114,8.74,8.856,5848878.02,0.00024932
2023-08-01,8.856,8.986,8.543,8.974,7153312.02,-0.00013016
2023-08-02,8.975,9.019,8.672,8.709,6372692.38,0.00010059
2023-08-03,8.709,8.774,8.573,8.61,4854396.02,-5.52e-05
2023-08-04,8.61,8.677,8.368,8.473,6221047.39,-0.00030454
2023-08-05,8.474,8.538,8.361,8.5,4130124.61,0.00013073
2023-08-06,8.5,8.578,8.443,8.48,4030366.27,0.00010735
2023-08-07,8.481,8.589,8.247,8.495,7822709.17,3.157000000000001e-05
2023-08-08,8.495,8.684,8.443,8.516,6736215.11,9.03e-05
2023-08-09,8.516,8.669,8.419,8.541,5107930.9,0.00023938
2023-08-10,8.542,8.565,8.396,8.414,4708704.25,0.00028553
2023-08-11,8.413,8.461,8.3,8.345,4574998.93,-0.00015363
2023-08-12,8.345,8.437,8.331,8.417,3084501.26,0.00011649
2023-08-13,8.417,8.505,8.337,8.37,3622306.32,0.00021988
2023-08-14,8.37,8.572,8.32,8.509,4380633.9,0.00013432
2023-08-15,8.51,8.552,7.7,8.101,8878102.71,0.0003
2023-08-16,8.101,8.122,7.555,7.797,8244415.47,-0.00063429
2023-08-17,7.798,8.194,6.991,7.385,28864911.43,-0.00128066
2023-08-18,7.384,7.687,7.353,7.568,13663328.43,-0.00102401
2023-08-19,7.568,7.728,7.495,7.695,4435889.61,-0.00021
2023-08-20,7.694,7.899,7.682,7.858,5106113.54,0.00011506
2023-08-21,7.858,7.875,7.395,7.538,7245069.82,-3.701e-05
2023-08-22,7.538,7.551,7.072,7.398,10491690.29,-6.794e-05
2023-08-23,7.398,7.523,7.301,7.421,6376621.55,-0.00050899
2023-08-24,7.421,7.449,7.083,7.201,6791124.45,-0.00043595
2023-08-25,7.201,7.269,7.01,7.243,6991376.97,-0.00058817
2023-08-26,7.244,7.256,7.129,7.148,4380314.17,-0.0002036699999999
2023-08-27,7.149,7.205,7.089,7.177,3474062.06,-0.00074123
2023-08-28,7.176,7.28,7.041,7.261,6753499.09,-0.00012821
2023-08-29,7.262,7.516,7.105,7.435,11448443.48,-0.00021559
2023-08-30,7.436,7.453,7.164,7.215,6452059.8,0.00012813
2023-08-31,7.216,7.274,6.774,6.919,10417479.71,1.824e-05
2023-09-01,6.918,6.971,6.634,6.659,8530980.1,-0.00052866
2023-09-02,6.659,6.829,6.622,6.82,5085281.43,-0.00036878
2023-09-03,6.819,6.884,6.751,6.8,4249515.09,-1.236e-05
2023-09-04,6.8,6.919,6.661,6.717,6319351.57,8.319999999999998e-06
2023-09-05,6.718,6.851,6.657,6.809,5267300.06,-4.987e-05
2023-09-06,6.81,6.924,6.692,6.888,5801643.41,-5.600000000000014e-07
2023-09-07,6.889,6.985,6.801,6.944,5681167.94,0.0001208
2023-09-08,6.944,6.998,6.766,6.831,4964057.22,-0.0001345599999999
2023-09-09,6.832,6.922,6.803,6.847,3437079.77,-0.0001031699999999
2023-09-10,6.846,6.849,6.465,6.656,9159491.61,-0.0002478
2023-09-11,6.656,6.682,6.281,6.369,11787253.63,4.241e-05
2023-09-12,6.369,6.561,6.335,6.374,9342073.25,-0.00016706
2023-09-13,6.375,6.575,6.356,6.532,7002474.19,-0.00038322
2023-09-14,6.532,6.905,6.493,6.829,7731616.56,-0.000394
2023-09-15,6.829,7.052,6.751,6.931,8879185.21,-0.00032451
2023-09-16,6.93,7.169,6.93,7.139,7056601.17,-0.00017767
2023-09-17,7.138,7.162,6.884,6.939,10372748.06,-0.00069323
2023-09-18,6.94,7.487,6.831,7.376,15210313.9,-0.00021937
2023-09-19,7.375,7.584,7.181,7.496,12229824.85,-0.00021836
2023-09-20,7.495,7.51,7.123,7.284,7777084.68,-0.00043204
2023-09-21,7.284,7.5,7.137,7.141,12168009.89,-0.00056276
2023-09-22,7.142,7.232,7.026,7.128,9312684.21,-0.00028183
2023-09-23,7.128,7.194,7.042,7.08,7507657.76,4.597e-05
2023-09-24,7.079,7.144,6.954,6.978,7056095.21,-0.0001137
2023-09-25,6.979,7.076,6.894,7.035,7908038.53,9.144e-05
2023-09-26,7.035,7.088,6.855,6.954,5811015.59,-2.1399999999999995e-05
2023-09-27,6.954,7.13,6.883,6.966,10026296.2,-5.911000000000001e-05
2023-09-28,6.966,7.189,6.927,7.101,7363327.59,-0.00025191
2023-09-29,7.101,7.193,7.064,7.097,8421032.52,-0.00029191
2023-09-30,7.097,7.296,7.083,7.232,7183983.84,0.00018614
2023-10-01,7.232,7.67,7.168,7.562,9634949.59,0.00010494
2023-10-02,7.563,7.586,7.08,7.141,11843175.27,0.0001380199999999
2023-10-03,7.14,7.279,7.016,7.057,8401382.09,-1.251e-05
2023-10-04,7.058,7.06,6.832,6.954,8340473.83,-0.00011594
2023-10-05,6.955,6.991,6.762,6.825,6105906.27,-0.0006039
2023-10-06,6.826,7.001,6.801,6.904,7094063.71,-0.00052672
2023-10-07,6.903,6.989,6.859,6.959,5050712.82,-0.00052193
2023-10-08,6.959,6.985,6.841,6.938,4693532.84,-0.00050047
2023-10-09,6.938,6.953,6.561,6.823,10125508.15,-0.00065715
2023-10-10,6.822,7.318,6.583,6.672,38231901.74,-0.00083503
2023-10-11,6.672,6.748,6.473,6.699,14698331.8,-0.0011118
2023-10-12,6.7,6.727,6.35,6.579,13101660.91,-0.00033215
2023-10-13,6.58,6.644,6.499,6.561,7591241.45,-0.00042357
2023-10-14,6.561,6.659,6.552,6.577,3565703.94,-0.00018831
2023-10-15,6.577,6.679,6.516,6.598,5690829.88,0.000124
2023-10-16,6.598,6.807,6.548,6.62,11732995.89,-0.0002482
2023-10-17,6.621,6.626,6.37,6.438,7898139.24,-0.00038131
2023-10-18,6.439,6.482,6.283,6.288,7381375.03,3.535e-05
2023-10-19,6.288,6.29,6.152,6.261,9168760.43,0.00010646
2023-10-20,6.26,6.481,6.244,6.402,9944901.2,6.811e-05
2023-10-21,6.402,6.696,6.356,6.626,10564738.07,0.0002094
2023-10-22,6.626,6.76,6.497,6.752,13127897.26,5.976e-05
2023-10-23,6.751,7.061,6.609,7.032,21778258.52,7.608e-05
2023-10-24,7.032,7.313,6.729,7.0,28856759.34,0.0002803
2023-10-25,7.0,7.222,6.849,7.113,17944808.1,0.0003
2023-10-26,7.114,7.38,6.899,7.166,21241529.94,0.00026683
2023-10-27,7.166,7.175,6.866,7.023,11011628.0,0.0003
2023-10-28,7.024,7.219,7.017,7.178,6817493.09,0.0003
2023-10-29,7.177,7.385,7.037,7.309,7095267.81,0.0003
2023-10-30,7.308,8.133,7.2,8.097,23085218.63,0.00010714
2023-10-31,8.097,8.242,7.611,7.925,39294471.29,-0.00068907
2023-11-01,7.924,8.038,7.535,7.891,26126410.06,0.0002062
2023-11-02,7.892,8.098,7.516,7.831,26522423.47,0.0003
2023-11-03,7.832,7.833,7.509,7.753,15745484.31,0.0003
2023-11-04,7.754,8.239,7.7,8.099,16387841.07,0.0003
2023-11-05,8.099,8.534,8.046,8.354,21355740.06,0.0003
2023-11-06,8.355,8.753,8.301,8.728,18362699.22,0.0003
2023-11-07,8.729,8.734,8.154,8.465,14387507.86,0.0003
2023-11-08,8.464,8.756,8.361,8.643,12836133.08,0.0003
2023-11-09,8.643,9.07,7.969,9.023,26853818.45,0.0003
2023-11-10,9.022,9.534,8.92,9.179,23999053.92,-0.0001289799999999
2023-11-11,9.18,9.448,8.843,9.235,14478248.88,0.00024703
2023-11-12,9.235,9.703,8.85,9.527,15221137.66,0.0003
2023-11-13,9.529,10.55,9.159,9.166,33707524.57,0.00024911
2023-11-14,9.167,9.41,8.569,9.114,25723447.29,0.00026313
2023-11-15,9.113,9.79,8.949,9.651,23331043.52,0.0003
2023-11-16,9.65,10.198,9.42,9.594,32815276.81,0.0003
2023-11-17,9.594,10.218,9.027,9.383,22885031.37,0.0003
2023-11-18,9.382,9.419,8.867,9.228,17685026.14,0.00027263
2023-11-19,9.229,9.4,8.963,9.366,10955430.45,0.0003
2023-11-20,9.366,9.546,8.87,8.959,16327038.95,0.0003
2023-11-21,8.958,9.072,8.163,8.198,23860112.1,2.0400000000000008e-05
2023-11-22,8.198,8.918,8.166,8.801,14046539.72,-0.0001150899999999
2023-11-23,8.8,9.069,8.653,8.743,9813806.24,0.00011358
2023-11-24,8.743,9.079,8.704,8.902,11934784.91,8.152e-05
2023-11-25,8.902,9.666,8.832,9.487,14211848.26,0.0003
2023-11-26,9.488,10.015,9.259,9.91,33397436.96,0.0003
2023-11-27,9.911,9.948,8.955,9.3,26016927.63,0.0003
2023-11-28,9.301,9.363,8.778,9.249,19508558.4,0.0003
2023-11-29,9.25,9.319,9.006,9.215,12521074.67,0.0003
2023-11-30,9.215,9.382,9.112,9.247,12440042.1,0.00012953
2023-12-01,9.248,9.467,9.172,9.465,9606672.88,0.00017313
2023-12-02,9.465,9.701,9.392,9.629,9418655.96,6.023e-05
2023-12-03,9.629,9.654,9.325,9.533,8924419.58,-0.0001502299999999
2023-12-04,9.532,9.88,9.18,9.774,21022458.3,0.00034844
2023-12-05,9.776,9.944,9.478,9.895,16174010.73,0.0003
2023-12-06,9.896,10.297,9.699,9.742,28131169.48,0.0003
2023-12-07,9.743,10.043,9.54,9.91,20281520.43,0.0003
2023-12-08,9.909,10.692,9.831,10.413,22479633.45,0.00054109
2023-12-09,10.414,11.354,10.353,10.476,33669039.74,0.00050353
2023-12-10,10.477,10.7,10.102,10.694,15938562.23,0.0003
2023-12-11,10.693,10.708,9.242,9.856,36479614.82,0.0003
2023-12-12,9.857,12.365,9.824,11.746,79248216.39,-5.272e-05
2023-12-13,11.745,11.937,10.734,11.652,68169370.93,0.0003
2023-12-14,11.653,11.925,10.913,11.537,35233453.42,0.0002262
2023-12-15,11.537,11.55,10.83,10.882,21819107.02,0.0003
2023-12-16,10.883,12.111,10.678,12.057,23921842.77,0.0003
2023-12-17,12.058,12.092,11.06,11.105,26925305.15,0.0003
2023-12-18,11.104,11.156,10.208,10.897,22183824.42,0.0003
2023-12-19,10.898,11.03,10.284,10.415,16141334.24,0.0003
2023-12-20,10.415,10.906,10.22,10.672,19939677.43,0.0003
2023-12-21,10.671,11.519,10.492,11.42,22783813.19,0.00047354
2023-12-22,11.421,11.761,10.978,11.408,20913413.77,0.0009223699999999
2023-12-23,11.408,11.439,11.053,11.343,15627592.82,0.00101744
2023-12-24,11.342,11.769,11.039,11.241,23529727.81,0.0007612
2023-12-25,11.24,12.076,10.998,11.908,22384779.88,0.00081308
2023-12-26,11.908,12.641,10.959,11.645,44478243.43,0.0011556399999999
2023-12-27,11.646,12.114,11.16,11.98,19316847.33,0.00100785
2023-12-28,11.981,12.239,11.3,11.408,22286452.92,0.00179501
2023-12-29,11.409,11.555,10.706,10.994,18062148.06,0.00153051
2023-12-30,10.994,11.043,10.574,10.761,10768908.83,0.00114618
2023-12-31,10.762,10.993,10.3,10.611,10734778.77,0.00117181
2024-01-01,10.612,11.217,10.456,11.215,10529454.14,0.00112437
2024-01-02,11.215,11.437,10.931,10.967,14008918.52,0.00141983
2024-01-03,10.968,11.395,8.76,9.922,32945053.32,0.00069375
2024-01-04,9.921,10.352,9.738,10.265,16423052.88,0.000255
2024-01-05,10.264,10.744,9.71,10.318,28048406.86,0.00023393
2024-01-06,10.317,10.405,9.513,9.83,17314193.16,7.713e-05
2024-01-07,9.83,9.916,9.302,9.41,14438269.78,0.0003
2024-01-08,9.41,9.983,8.865,9.945,18596203.85,0.0001488
2024-01-09,9.946,10.06,9.369,9.664,21472592.3,0.0003
2024-01-10,9.663,10.624,9.334,10.388,18087770.23,0.0003
2024-01-11,10.389,10.903,10.223,10.66,16858154.4,0.0003
2024-01-12,10.659,10.95,9.517,9.963,19402482.56,0.0003
2024-01-13,9.964,10.344,9.653,10.206,9021881.29,0.0003
2024-01-14,10.206,10.563,9.953,9.988,11828482.6,0.0003
2024-01-15,9.989,10.32,9.963,10.179,11249424.13,0.00014577
2024-01-16,10.179,10.588,10.05,10.285,12655330.12,0.0003
2024-01-17,10.285,10.35,10.023,10.15,9803686.58,0.0003
2024-01-18,10.15,10.264,9.529,9.694,12572015.97,0.0003
2024-01-19,9.695,9.889,9.261,9.71,13973476.73,0.0003
2024-01-20,9.709,9.849,9.589,9.838,6187002.59,0.0003
2024-01-21,9.838,9.942,9.62,9.646,6136092.97,0.0003
2024-01-22,9.646,9.683,9.034,9.178,16912690.74,0.0003
2024-01-23,9.178,9.338,8.675,9.215,20268653.62,2.8310000000000032e-05
2024-01-24,9.215,9.364,9.134,9.335,9721669.42,1.0760000000000004e-05
2024-01-25,9.335,9.353,9.046,9.228,8511689.14,0.0003
2024-01-26,9.229,9.741,9.155,9.626,9587303.8,-3.691999999999999e-05
2024-01-27,9.627,9.725,9.426,9.667,7433100.16,0.00020333
2024-01-28,9.668,9.767,9.341,9.424,9124897.6,0.00022805
2024-01-29,9.424,9.69,9.377,9.658,8332377.42,0.0003
2024-01-30,9.657,9.72,9.306,9.404,9648226.78,0.00024943
2024-01-31,9.405,9.437,9.005,9.102,12113909.55,0.0003
2024-02-01,9.102,9.234,8.954,9.135,8721898.09,0.00011486
2024-02-02,9.134,9.275,9.085,9.161,7926275.65,0.00017337
2024-02-03,9.16,9.214,9.038,9.044,4869120.17,0.00019596
2024-02-04,9.045,9.108,8.928,8.96,5432127.73,3.927e-05
2024-02-05,8.959,9.177,8.832,9.054,7203802.75,0.00010647
2024-02-06,9.055,9.231,9.031,9.125,7299876.16,0.00013064
2024-02-07,9.125,9.662,9.116,9.594,10992312.33,0.00018936
2024-02-08,9.594,9.736,9.435,9.64,9932201.02,8.762e-05
2024-02-09,9.64,10.194,9.611,10.022,11983632.46,9.246e-05
2024-02-10,10.022,10.095,9.906,9.971,6323675.16,0.0003
2024-02-11,9.971,10.263,9.636,9.737,11831321.01,0.00027113
2024-02-12,9.737,10.031,9.504,9.92,14891178.68,0.0003
2024-02-13,9.921,10.387,9.875,10.296,20617145.81,0.0003
2024-02-14,10.296,10.431,10.061,10.244,12441832.5,0.0003
2024-02-15,10.244,10.464,10.083,10.338,15270661.71,0.0003854
2024-02-16,10.339,10.486,9.986,10.242,12050712.82,0.00061081
2024-02-17,10.242,10.341,9.869,10.284,9951748.95,0.00031468
2024-02-18,10.284,10.66,10.205,10.602,9090772.54,0.00046759
2024-02-19,10.601,10.803,10.486,10.74,10058708.81,0.00069972
2024-02-20,10.739,10.763,9.92,10.375,15555520.85,0.00103822
2024-02-21,10.376,10.377,9.73,9.988,13675560.87,0.00032538
2024-02-22,9.989,10.055,9.712,9.794,11816227.8,0.0004321499999999
2024-02-23,9.794,10.059,9.677,9.965,13868632.87,0.00032581
2024-02-24,9.966,10.587,9.771,10.422,12845585.29,0.00055074
2024-02-25,10.422,10.46,10.216,10.388,7348017.19,0.00060973
2024-02-26,10.388,11.176,10.273,11.144,17440568.92,0.00091928
2024-02-27,11.144,11.508,10.84,11.221,18256742.19,0.00088916
2024-02-28,11.221,11.756,10.52,11.406,21500619.09,0.0007427
2024-02-29,11.406,12.256,11.011,11.29,21032191.86,0.00142009
2024-03-01,11.29,11.659,11.213,11.658,10969200.81,0.0017092
2024-03-02,11.658,12.222,11.609,12.22,14178777.62,0.0025603199999999
2024-03-03,12.219,12.304,11.2,12.172,15601977.99,0.00193778
2024-03-04,12.172,12.863,12.074,12.495,21567349.8,0.00162454
2024-03-05,12.495,12.906,10.61,12.002,39210140.83,0.00232355
2024-03-06,12.002,14.325,11.538,14.235,28564578.01,0.0005133499999999
2024-03-07,14.234,14.519,13.552,13.911,21964932.31,0.00097853
2024-03-08,13.912,14.025,12.856,13.418,16439162.21,0.00162739
2024-03-09,13.418,13.913,13.311,13.362,10853828.3,0.00149621
2024-03-10,13.363,13.57,12.871,13.182,12021427.45,0.00185378
2024-03-11,13.182,13.888,12.614,13.728,18297603.2,0.0015617
2024-03-12,13.729,13.856,12.628,13.424,19455098.46,0.00180341
2024-03-13,13.425,14.15,13.266,14.128,16609850.12,0.00179281
2024-03-14,14.128,14.303,12.914,13.693,27340664.42,0.00154445
2024-03-15,13.693,13.865,11.82,12.644,30000078.84,0.00095979
2024-03-16,12.644,12.878,11.613,11.936,22229958.5,0.00066229
2024-03-17,11.936,12.398,11.49,12.281,15264871.77,0.00030887
2024-03-18,12.281,12.449,11.544,11.731,15524362.79,0.0006171099999999
2024-03-19,11.731,11.846,10.638,10.896,28266831.04,0.0005059
2024-03-20,10.896,11.792,10.69,11.762,22279597.76,0.00033578
2024-03-21,11.761,11.986,11.521,11.644,13193290.06,0.0003496299999999
2024-03-22,11.645,11.843,11.102,11.426,11392723.05,0.00055535
2024-03-23,11.426,11.644,11.243,11.347,7043595.0,0.00050182
2024-03-24,11.346,11.686,11.281,11.621,6574373.17,0.00036598
2024-03-25,11.621,12.302,11.544,12.194,9892269.38,0.0003
2024-03-26,12.195,12.386,11.936,12.226,9366243.51,0.00056378
2024-03-27,12.226,13.053,11.84,12.642,23878836.06,0.0009430899999999
2024-03-28,12.642,12.675,12.177,12.308,12271526.26,0.00090181
2024-03-29,12.309,12.635,12.055,12.533,12730831.12,0.00120104
2024-03-30,12.533,12.853,12.226,12.27,9613135.59,0.00146339
2024-03-31,12.27,12.42,12.164,12.301,7108543.46,0.00118185
2024-04-01,12.302,12.414,11.386,11.641,15371149.13,0.00139772
2024-04-02,11.641,11.65,10.825,10.977,16357104.4,0.00037099
2024-04-03,10.977,11.245,10.65,10.831,11503499.65,0.00037609
2024-04-04,10.831,11.307,10.669,11.022,10532456.22,0.00047939
2024-04-05,11.022,11.066,10.641,10.904,9818760.48,0.00038553
2024-04-06,10.903,11.188,10.849,11.11,5327015.74,0.00065814
2024-04-07,11.109,11.24,10.939,11.088,5955419.77,0.00034716
2024-04-08,11.087,11.424,10.92,11.31,8835365.37,0.00073023
2024-04-09,11.31,11.332,10.765,10.844,12695383.6,0.00066443
2024-04-10,10.843,10.897,10.334,10.823,13855497.04,0.00042852
2024-04-11,10.824,10.953,10.584,10.766,10033599.87,0.00054007
2024-04-12,10.765,10.91,8.5,9.367,23771548.01,0.0003
2024-04-13,9.367,9.367,7.01,8.066,43063445.41,0.0003
2024-04-14,8.066,8.53,7.763,8.329,27672441.93,-0.0008759799999999
2024-04-15,8.329,8.73,7.856,8.132,27980856.78,-0.00063334
2024-04-16,8.132,8.243,7.767,8.158,19067179.2,6.132000000000002e-05
2024-04-17,8.158,8.28,7.776,8.039,15837259.17,-4.400000000000026e-07
2024-04-18,8.039,8.317,7.873,8.196,14048987.4,0.00014589
2024-04-19,8.196,8.378,7.597,8.144,18152474.99,3.918e-05
2024-04-20,8.145,8.692,8.093,8.671,8714855.1,-2.745999999999999e-05
2024-04-21,8.671,8.816,8.481,8.744,9821301.1,-0.00020468
2024-04-22,8.744,9.014,8.652,8.907,13492036.32,-0.0003581
2024-04-23,8.908,9.183,8.652,8.69,13146052.23,-0.00034068
2024-04-24,8.69,8.88,8.311,8.399,13713613.73,2.5819999999999997e-05
2024-04-25,8.4,8.498,8.201,8.313,9810330.48,0.0003
2024-04-26,8.313,8.394,8.119,8.298,9030392.49,0.00017206
2024-04-27,8.297,8.47,7.885,8.389,10140406.23,7.953999999999999e-05
2024-04-28,8.389,8.515,8.153,8.195,6635854.19,-9.364e-05
2024-04-29,8.195,8.258,7.92,8.145,11011952.08,0.00013514
2024-04-30,8.144,8.569,7.626,8.431,20728675.58,-0.00020205
2024-05-01,8.43,8.8,8.07,8.734,49829134.57,-0.00105961
2024-05-02,8.735,9.068,8.577,8.64,23946171.67,-0.0005224
2024-05-03,8.639,8.911,8.527,8.758,13181976.09,-0.00084676
2024-05-04,8.758,8.832,8.642,8.686,9382099.48,-0.00046352
2024-05-05,8.686,9.4,8.611,9.329,13241937.28,0.00010021
2024-05-06,9.329,9.506,9.174,9.2,15923356.13,0.00022107
2024-05-07,9.201,9.39,8.925,8.937,12148384.9,0.0003
2024-05-08,8.936,9.34,8.844,9.082,12967567.37,0.0003
2024-05-09,9.081,9.298,8.868,9.116,10110246.43,0.0003
2024-05-10,9.116,9.168,8.604,8.636,11338924.11,0.0003
2024-05-11,8.636,8.756,8.486,8.498,7180305.53,0.0003
2024-05-12,8.498,8.66,8.452,8.469,4952370.72,0.00021305
2024-05-13,8.47,8.675,8.256,8.393,9083683.81,0.00028056
2024-05-14,8.392,8.444,8.108,8.128,8131645.62,0.00025004
2024-05-15,8.128,8.526,7.98,8.43,10893715.68,0.00017254
2024-05-16,8.429,8.537,8.26,8.528,9197039.24,0.0003
2024-05-17,8.528,8.772,8.442,8.65,8866443.05,0.00028573
2024-05-18,8.65,8.734,8.538,8.599,6083469.41,0.0003
2024-05-19,8.6,8.602,8.151,8.198,6538309.79,0.0003
2024-05-20,8.198,8.96,8.098,8.917,14461246.94,0.00020051
2024-05-21,8.916,9.04,8.7,8.788,10885556.96,0.0003
2024-05-22,8.789,8.838,8.455,8.564,10542832.72,0.0003
2024-05-23,8.563,8.649,7.972,8.36,16119077.68,0.00031386
2024-05-24,8.36,8.493,8.196,8.463,8063439.24,0.0003
2024-05-25,8.463,8.547,8.418,8.492,4558419.93,0.0003
2024-05-26,8.493,8.515,8.309,8.404,5252187.45,0.0003
2024-05-27,8.403,8.74,8.393,8.699,7165478.99,0.0003
2024-05-28,8.699,8.847,8.459,8.727,13010107.15,0.0003
2024-05-29,8.728,8.921,8.623,8.639,11218155.68,0.00033093
2024-05-30,8.639,8.73,8.391,8.546,8323616.5,0.0003
2024-05-31,8.546,8.547,8.246,8.3,7922269.66,0.0003
2024-06-01,8.3,8.381,8.255,8.326,3540357.58,0.0003
2024-06-02,8.326,8.406,8.153,8.294,5416046.67,0.0003
2024-06-03,8.294,8.504,8.238,8.343,7118724.66,0.0003
2024-06-04,8.343,8.552,8.281,8.541,6249638.81,0.0003
2024-06-05,8.541,8.742,8.497,8.697,6606131.17,0.00030099
2024-06-06,8.697,8.815,8.575,8.623,8238835.96,0.00038509
2024-06-07,8.623,8.715,7.449,8.096,15812334.95,0.00045333
2024-06-08,8.096,8.111,7.706,7.753,8914722.97,-4.048999999999999e-05
2024-06-09,7.754,7.94,7.72,7.876,6222502.75,-0.00028391
2024-06-10,7.875,7.924,7.711,7.853,7195985.3,0.00019241
2024-06-11,7.854,7.863,7.33,7.513,11290400.07,0.0003
2024-06-12,7.513,7.892,7.397,7.773,10251892.22,0.0003
2024-06-13,7.773,7.8,7.36,7.435,7554907.67,0.0003
2024-06-14,7.434,7.501,6.912,7.108,11906443.37,2.93e-05
2024-06-15,7.108,7.211,7.084,7.14,4239337.68,-2.495e-05
2024-06-16,7.139,7.248,7.043,7.218,4575220.83,0.00011814
2024-06-17,7.218,7.24,6.722,6.993,12702305.01,-0.00025141
2024-06-18,6.993,7.019,6.173,6.685,18562526.92,-0.00056836
2024-06-19,6.685,6.958,6.634,6.891,8455604.64,-0.00047396
2024-06-20,6.891,7.114,6.813,6.836,8864461.28,-0.0001059699999999
2024-06-21,6.836,6.931,6.752,6.785,7027235.01,6.419e-05
2024-06-22,6.785,6.806,6.708,6.74,3596912.5,3.884e-05
2024-06-23,6.74,6.841,6.599,6.692,5582238.1,-0.00013767
2024-06-24,6.691,6.856,6.333,6.836,11644655.8,0.00019072
2024-06-25,6.835,7.044,6.823,6.937,6237492.85,-0.00019671
2024-06-26,6.938,6.981,6.731,6.789,6037183.68,6.693e-05
2024-06-27,6.789,7.111,6.715,6.96,7018338.8,0.00018143
2024-06-28,6.96,7.022,6.719,6.726,5768186.59,0.0003
2024-06-29,6.726,6.888,6.582,6.604,4887702.03,0.00024643
2024-06-30,6.604,6.747,6.545,6.733,5550504.99,-0.00027723
2024-07-01,6.732,6.846,6.687,6.81,5300961.57,8.509999999999998e-06
2024-07-02,6.81,6.974,6.779,6.81,6050269.45,0.0003
2024-07-03,6.81,6.862,6.274,6.377,10703961.92,0.0003
2024-07-04,6.378,6.398,5.915,5.988,15113005.56,6.448e-05
2024-07-05,5.988,5.994,5.047,5.702,34215586.5,-0.0008623999999999
2024-07-06,5.702,6.159,5.67,6.071,8472787.37,-0.00045603
2024-07-07,6.071,6.1,5.76,5.795,7911155.9,-0.0003063
2024-07-08,5.795,6.225,5.581,5.821,17005581.76,-1.7199999999999998e-05
2024-07-09,5.821,5.974,5.771,5.934,7950842.14,-0.00069516
2024-07-10,5.935,6.073,5.838,6.031,5378902.59,-0.00015234
2024-07-11,6.032,6.17,5.911,5.934,6501407.66,0.00028552
2024-07-12,5.933,6.152,5.861,6.147,5313356.46,0.00028557
2024-07-13,6.148,6.265,6.115,6.202,3999315.02,0.0003
2024-07-14,6.202,6.266,6.09,6.227,4578126.76,0.00022612
2024-07-15,6.226,6.508,6.214,6.497,7007246.75,-0.00010091
2024-07-16,6.498,6.648,6.249,6.609,11207967.14,0.00029577
2024-07-17,6.609,6.797,6.471,6.479,6911696.48,0.0003
2024-07-18,6.48,6.578,6.232,6.305,6953947.51,0.0003
2024-07-19,6.305,6.552,6.178,6.495,7827418.77,0.00026368
2024-07-20,6.496,6.584,6.425,6.516,3896263.98,0.0003
2024-07-21,6.517,6.547,6.205,6.528,6509792.57,0.0003
2024-07-22,6.529,6.576,6.228,6.262,7363479.44,0.0003
2024-07-23,6.262,6.325,6.061,6.167,8095222.86,0.00026842
2024-07-24,6.167,6.298,5.975,6.018,5767015.99,0.00024588
2024-07-25,6.018,6.04,5.688,5.917,10712769.29,-7.435000000000002e-05
2024-07-26,5.917,6.189,5.902,6.163,6728682.46,-0.00033505
2024-07-27,6.162,6.383,6.126,6.34,5940356.38,0.00027685
2024-07-28,6.34,6.393,6.176,6.214,5539013.1,0.0003
2024-07-29,6.214,6.37,6.092,6.102,7507601.35,0.00029033
2024-07-30,6.101,6.192,5.934,5.999,5567830.72,0.00026877
2024-07-31,5.999,6.08,5.774,5.801,6875530.56,0.00011245
2024-08-01,5.802,5.868,5.48,5.775,9934083.9,-0.00051403
2024-08-02,5.775,5.805,5.213,5.356,13501554.51,-9.262e-05
2024-08-03,5.356,5.412,4.998,5.123,10741024.99,-0.0001459
2024-08-04,5.124,5.212,4.8,5.047,14095513.94,-0.00042541
2024-08-05,5.046,5.098,4.025,4.639,58568709.4,-0.00085024
2024-08-06,4.64,4.967,4.632,4.899,12129484.68,-0.00019847
2024-08-07,4.899,5.046,4.728,4.836,11120640.81,-0.00074142
2024-08-08,4.837,5.178,4.737,5.145,11858690.16,-0.00023552
2024-08-09,5.145,5.146,4.931,5.081,8550965.93,-0.00028189
2024-08-10,5.082,5.245,5.014,5.201,6295421.26,-5.801999999999999e-05
2024-08-11,5.2,5.237,4.858,4.894,8108446.32,-0.0002148599999999
2024-08-12,4.893,5.152,4.891,5.071,10183064.31,-0.00041893
2024-08-13,5.071,5.082,4.884,5.004,6958378.4,-0.0001775499999999
2024-08-14,5.003,5.008,4.72,4.764,10377097.7,0.00021122
2024-08-15,4.764,4.806,4.458,4.509,13518223.53,-1.3259999999999992e-05
2024-08-16,4.51,4.607,4.423,4.552,11474325.32,-0.00044422
2024-08-17,4.551,4.665,4.522,4.609,4556740.75,-0.00034532
2024-08-18,4.609,4.709,4.553,4.564,5766914.62,-0.0002857
2024-08-19,4.565,4.64,4.503,4.631,7657691.66,-0.00033228
2024-08-20,4.63,4.842,4.619,4.784,10262504.83,-0.00010803
2024-08-21,4.783,4.819,4.61,4.744,10740716.72,5.729e-05
2024-08-22,4.745,4.793,4.651,4.689,9626886.17,5.399e-05
2024-08-23,4.688,5.138,4.686,5.093,15143604.22,0.00029139
2024-08-24,5.094,5.436,5.072,5.342,15780963.91,7.953e-05
2024-08-25,5.342,5.346,4.995,5.06,20923108.33,-0.00054233
2024-08-26,5.061,5.114,4.86,4.885,15204094.98,0.00028518
2024-08-27,4.886,5.028,4.482,4.588,25572354.26,8.95e-05
2024-08-28,4.588,4.788,4.44,4.595,20084890.0,-0.00033886
2024-08-29,4.596,4.738,4.514,4.605,9472219.15,-0.0004013
2024-08-30,4.605,4.673,4.44,4.643,10259541.84,-1.7320000000000004e-05
2024-08-31,4.643,4.699,4.504,4.556,5351148.79,0.00020369
2024-09-01,4.556,4.559,4.256,4.294,9504558.34,0.00011756
2024-09-02,4.293,4.478,4.28,4.432,10124458.42,-0.00028929
2024-09-03,4.431,4.506,4.093,4.105,12825263.7,-0.0001016799999999
2024-09-04,4.105,4.139,3.885,4.069,23552133.44,-0.0001033999999999
2024-09-05,4.068,4.095,3.853,3.903,17594468.13,-0.00013823
2024-09-06,3.904,3.972,3.611,3.713,29747074.41,0.00019412
2024-09-07,3.713,3.777,3.632,3.668,15251775.37,0.00022603
2024-09-08,3.668,3.833,3.654,3.804,19134102.55,0.00022831
2024-09-09,3.804,4.108,3.802,4.088,24654734.83,0.0002725
2024-09-10,4.088,4.169,4.035,4.128,14820731.95,0.00029465
2024-09-11,4.129,4.209,4.009,4.157,17462685.76,0.00020947
2024-09-12,4.156,4.186,4.054,4.142,12497840.08,4.744e-05
2024-09-13,4.142,4.255,4.12,4.205,13934244.99,8.602e-05
2024-09-14,4.205,4.247,4.14,4.239,7947493.24,6.216e-05
2024-09-15,4.239,4.252,4.017,4.055,10753441.01,0.00013595
2024-09-16,4.055,4.063,3.912,3.967,13612240.49,-0.00017094
2024-09-17,3.967,4.239,3.937,4.188,12905858.82,-0.00016752
2024-09-18,4.187,4.373,4.095,4.371,16644135.4,0.00023102
2024-09-19,4.371,4.613,4.368,4.504,13771036.69,-2.583e-05
2024-09-20,4.505,4.588,4.432,4.524,12588808.42,0.00020102
2024-09-21,4.523,4.727,4.459,4.716,7601243.51,0.00021535
2024-09-22,4.715,4.723,4.48,4.59,11279944.5,0.00018374
2024-09-23,4.591,4.708,4.5,4.577,11765319.28,-0.00018165
2024-09-24,4.577,4.848,4.492,4.813,13075142.05,3.628000000000001e-05
2024-09-25,4.814,4.967,4.737,4.778,12775447.87,-4.573e-05
2024-09-26,4.779,5.093,4.693,5.005,13243830.08,2.611e-05
2024-09-27,5.005,5.192,4.997,5.137,9642674.3,0.00015298
2024-09-28,5.137,5.162,4.927,5.012,7459469.72,0.00014091
2024-09-29,5.012,5.13,4.947,5.026,8563580.6,0.00015303
2024-09-30,5.026,5.06,4.675,4.725,14165146.38,0.00022658
2024-10-01,4.724,4.904,4.24,4.437,22109262.58,9.349e-05
2024-10-02,4.437,4.581,4.341,4.43,14305758.89,-0.00013545
2024-10-03,4.431,4.502,4.222,4.38,14717007.74,-5.461e-05
2024-10-04,4.38,4.627,4.352,4.616,8699442.63,0.00025115
2024-10-05,4.616,4.712,4.559,4.627,5500414.35,0.00021321
2024-10-06,4.628,4.649,4.547,4.647,5510510.79,0.0003
2024-10-07,4.648,4.793,4.404,4.416,16517280.36,0.00019748
2024-10-08,4.416,4.466,4.306,4.347,10346098.84,-0.00016461
2024-10-09,4.346,4.388,4.16,4.227,10712406.48,0.00015186
2024-10-10,4.228,4.291,4.037,4.129,10244956.33,0.0003
2024-10-11,4.129,4.295,4.106,4.274,7655205.5,7.996e-05
2024-10-12,4.273,4.387,4.268,4.343,5014411.11,0.00011395
2024-10-13,4.343,4.363,4.213,4.338,6244757.89,0.00026938
2024-10-14,4.338,4.532,4.289,4.511,9028333.0,0.0001849
2024-10-15,4.511,4.588,4.362,4.481,12488805.06,0.0003
2024-10-16,4.481,4.515,4.382,4.434,7833738.98,0.00010537
2024-10-17,4.434,4.465,4.228,4.299,8357602.2,0.0002443
2024-10-18,4.3,4.395,4.281,4.349,8039181.35,7.633000000000001e-05
2024-10-19,4.349,4.49,4.344,4.464,6531747.03,0.0003
2024-10-20,4.464,4.693,4.387,4.691,8867968.42,0.0003
2024-10-21,4.692,5.105,4.684,4.894,28100810.71,0.0003
2024-10-22,4.893,4.968,4.7,4.785,14445952.04,0.00014441
2024-10-23,4.785,4.855,4.554,4.617,12608684.66,0.0003
2024-10-24,4.617,4.852,4.563,4.846,8814009.83,0.0003
2024-10-25,4.846,4.856,4.25,4.409,15849751.7,0.0003
2024-10-26,4.41,4.508,4.297,4.369,10404091.75,-0.00014033
2024-10-27,4.368,4.47,4.315,4.451,5429340.42,4.175999999999999e-05
2024-10-28,4.451,4.508,4.262,4.454,10303456.92,0.00028886
2024-10-29,4.455,4.607,4.427,4.535,11347886.69,0.0003
2024-10-30,4.535,4.535,4.369,4.455,9859613.11,0.0003
2024-10-31,4.456,4.472,4.179,4.233,11277789.08,0.0003
2024-11-01,4.233,4.303,4.104,4.172,10667146.87,0.00028289
2024-11-02,4.171,4.218,4.043,4.097,6209775.66,-6.569999999999986e-06
2024-11-03,4.098,4.114,3.867,3.974,13284666.43,-0.00029504
2024-11-04,3.973,4.022,3.824,3.912,8880884.28,-0.00048095
2024-11-05,3.912,4.212,3.905,4.199,10779872.49,-0.00032267
2024-11-06,4.199,4.541,4.199,4.508,16468580.3,0.00023978
2024-11-07,4.508,4.651,4.459,4.527,12268407.91,0.0003
2024-11-08,4.528,4.718,4.454,4.714,13498721.86,0.0003
2024-11-09,4.715,4.841,4.625,4.795,11145550.01,0.0003
2024-11-10,4.796,5.545,4.711,5.272,31375583.49,0.0003
2024-11-11,5.271,5.684,5.161,5.662,22294396.43,0.0003
2024-11-12,5.663,5.838,5.125,5.308,30514689.42,0.0003
2024-11-13,5.308,5.368,4.836,5.126,29715795.86,0.0003
2024-11-14,5.125,5.313,4.87,4.954,17100039.4,0.0003
2024-11-15,4.954,5.304,4.824,5.263,19967690.21,0.0003
2024-11-16,5.262,6.213,5.245,6.123,21982834.56,0.0003
2024-11-17,6.123,6.646,5.571,5.684,34600068.83,0.00022453
2024-11-18,5.685,6.663,5.656,6.461,32476197.15,0.00014548
2024-11-19,6.461,6.837,6.131,6.254,28377411.0,-0.00046329
2024-11-20,6.254,6.631,6.065,6.192,22775013.22,1.4299999999999948e-06
2024-11-21,6.192,6.5,5.991,6.417,24151354.84,6.706e-05
2024-11-22,6.417,7.621,6.324,7.55,43195662.49,0.0003
2024-11-23,7.549,8.84,7.429,8.22,52060340.72,-0.00026742
2024-11-24,8.221,9.575,8.061,8.75,59139853.74,7.388e-05
2024-11-25,8.75,8.835,7.77,7.921,28869681.08,0.0003
2024-11-26,7.92,8.144,7.503,8.012,24603343.26,0.0003
2024-11-27,8.011,8.39,7.79,8.325,17010225.25,0.0003
2024-11-28,8.325,8.403,7.869,8.225,14228430.0,0.0003
2024-11-29,8.224,8.811,8.056,8.783,12805060.34,0.0003
2024-11-30,8.783,8.86,8.404,8.579,14181295.35,0.00035583
2024-12-01,8.577,9.062,8.305,8.915,16113768.99,0.00033416
2024-12-02,8.916,9.583,8.338,9.574,35200225.19,0.00042571
2024-12-03,9.575,10.042,8.9,9.582,30877719.35,0.00054096
2024-12-04,9.583,10.688,9.445,9.939,33461588.91,0.00060967
2024-12-05,9.939,10.091,9.303,9.58,29018375.87,0.00079771
2024-12-06,9.581,10.596,9.491,10.401,18675788.45,0.00040204
2024-12-07,10.401,10.578,10.014,10.182,10679827.66,0.00061339
2024-12-08,10.181,10.446,9.842,10.135,12134243.51,0.0004998
2024-12-09,10.134,10.144,7.325,8.392,32801265.5,0.0003255499999999
2024-12-10,8.392,8.55,7.244,7.942,34218158.35,0.0003
2024-12-11,7.942,8.924,7.59,8.817,21312522.08,0.0003
2024-12-12,8.818,9.293,8.605,8.947,19873983.8,0.0002292
2024-12-13,8.946,9.279,8.734,9.197,18248635.45,0.00026256
2024-12-14,9.197,9.344,8.645,8.963,14469974.71,0.00013673
2024-12-15,8.964,9.308,8.676,9.107,12377115.57,0.00012328
2024-12-16,9.107,9.305,8.634,8.887,14867082.93,0.0003
2024-12-17,8.887,8.985,8.391,8.544,15199518.3,0.0003
2024-12-18,8.545,8.668,7.528,7.647,24998977.5,0.0003
2024-12-19,7.648,7.701,6.608,6.811,31127739.75,-0.0004206099999999
2024-12-20,6.81,7.091,5.825,6.914,32120025.94,-0.00051079
2024-12-21,6.913,7.344,6.429,6.52,18563961.39,0.0003
2024-12-22,6.521,6.734,6.247,6.398,15298389.17,8.509999999999998e-06
2024-12-23,6.397,7.087,6.231,6.951,13847601.56,-3.737e-05
2024-12-24,6.951,7.189,6.713,7.043,9565933.89,-2.487e-05
2024-12-25,7.043,7.116,6.823,6.937,7798048.19,-0.00017974
2024-12-26,6.936,7.013,6.421,6.481,8717171.09,-0.00019418
2024-12-27,6.482,6.8,6.409,6.465,8378078.34,-0.00012806
2024-12-28,6.466,6.676,6.38,6.612,5539932.66,-0.00039954
2024-12-29,6.611,6.66,6.233,6.288,6437729.56,0.00024434
2024-12-30,6.288,6.565,6.113,6.348,9669883.37,-0.00014297
2024-12-31,6.348,6.517,6.165,6.187,7097436.57,0.00023129
2025-01-01,6.187,6.655,6.041,6.543,9155683.76,9.817e-05
2025-01-02,6.543,6.808,6.542,6.699,7722752.7,0.0003
2025-01-03,6.7,7.458,6.668,7.418,10112200.52,0.0003
2025-01-04,7.419,7.475,7.233,7.291,7607799.23,0.00015344
2025-01-05,7.292,7.366,7.14,7.34,5739550.48,0.00028853
2025-01-06,7.339,7.632,7.207,7.448,10411580.65,-7.584e-05
2025-01-07,7.449,7.766,6.758,6.765,19312006.81,2.597e-05
2025-01-08,6.765,6.863,6.164,6.454,14981303.88,7.172e-05
2025-01-09,6.454,6.594,6.237,6.393,11059187.29,-0.00024446
2025-01-10,6.394,6.67,6.361,6.649,10316439.39,0.00013322
2025-01-11,6.649,6.738,6.509,6.614,5537992.56,4.829e-05
2025-01-12,6.614,6.695,6.361,6.457,6319962.11,6.3e-05
2025-01-13,6.458,6.702,5.85,6.283,19360466.88,-0.00034973
2025-01-14,6.282,6.316,6.049,6.266,14840640.5,-0.00026938
2025-01-15,6.266,6.686,6.146,6.66,17352124.99,-2.6599999999999915e-06
2025-01-16,6.66,6.793,6.432,6.59,15615051.78,0.0003
2025-01-17,6.59,7.173,6.59,7.05,12863094.04,0.00018381
2025-01-18,7.051,7.168,6.443,6.588,15276109.22,0.00017878
2025-01-19,6.589,6.766,5.767,5.892,24588438.67,8.503e-05
2025-01-20,5.892,6.593,5.684,6.068,28001661.61,0.00016065
2025-01-21,6.068,6.354,5.834,6.237,12719487.0,0.0003
2025-01-22,6.237,6.327,6.101,6.199,10143136.79,0.0003
2025-01-23,6.199,6.221,5.852,6.117,16993656.77,9.386e-05
2025-01-24,6.118,6.415,5.95,6.21,11195671.23,0.00022497
2025-01-25,6.211,6.291,6.124,6.19,8630266.93,0.00021995
2025-01-26,6.191,6.412,6.08,6.091,10139485.31,0.00016121
2025-01-27,6.091,6.124,5.519,5.991,18230531.48,-0.00044289
2025-01-28,5.992,6.065,5.601,5.661,9095695.92,6.131e-05
2025-01-29,5.66,5.979,5.648,5.817,10676180.54,1.2119999999999986e-05
2025-01-30,5.817,6.273,5.764,6.211,7613458.62,0.0001737
2025-01-31,6.211,6.415,6.113,6.24,8824391.35,0.0003
2025-02-01,6.239,6.414,5.787,5.811,7850611.28,0.0003
2025-02-02,5.811,5.933,4.63,4.877,26266671.07,-0.00028487
2025-02-03,4.878,4.965,3.62,4.922,52144967.7,-0.00108383
2025-02-04,4.921,4.974,4.397,4.685,19666305.26,-0.00071473
2025-02-05,4.685,4.84,4.623,4.672,12877177.77,-0.00046263
2025-02-06,4.671,4.73,4.354,4.403,14257976.44,-0.0009544
2025-02-07,4.403,4.674,4.251,4.369,14994385.94,-0.00048727
2025-02-08,4.37,4.588,4.319,4.564,8116745.38,-0.0001428
2025-02-09,4.564,4.783,4.384,4.566,11307343.05,-0.00032296
2025-02-10,4.566,4.839,4.433,4.815,11191284.97,-0.00021138
2025-02-11,4.815,4.976,4.627,4.701,12237534.72,-0.00035526
2025-02-12,4.701,5.098,4.528,5.063,15762049.73,-0.00039943
2025-02-13,5.064,5.147,4.921,4.986,11012047.34,-0.00010407
2025-02-14,4.987,5.089,4.863,4.905,17994991.25,-0.00022339
2025-02-15,4.906,5.042,4.787,4.826,8129080.81,-0.00036697
2025-02-16,4.826,4.875,4.724,4.762,8128683.32,-0.00064125
2025-02-17,4.762,4.945,4.701,4.812,10614938.06,-0.00038808
2025-02-18,4.812,4.891,4.439,4.569,12031484.52,-0.0002724
2025-02-19,4.569,4.706,4.485,4.686,7617434.8,-7.046e-05
2025-02-20,4.685,4.972,4.664,4.92,9664220.07,-3.401e-05
2025-02-21,4.921,5.078,4.674,4.768,13583198.42,-2.285e-05
2025-02-22,4.768,5.028,4.739,4.963,9116740.75,-0.0009268
2025-02-23,4.963,5.016,4.822,4.875,5460605.69,5.23e-05
2025-02-24,4.875,4.896,4.24,4.354,14775482.95,-0.00054568
2025-02-25,4.355,4.545,4.1,4.453,23827956.2,-0.00075729
2025-02-26,4.453,4.694,4.409,4.605,13302041.25,-0.00040061
2025-02-27,4.605,4.781,4.468,4.568,10761172.97,0.00018875
2025-02-28,4.568,4.664,4.201,4.632,16235814.2,-0.000558
2025-03-01,4.633,4.657,4.418,4.491,6824127.24,-6.335e-05
2025-03-02,4.491,4.925,4.404,4.905,13986548.83,1.9650000000000017e-05
2025-03-03,4.904,4.949,4.137,4.221,17220666.97,-0.00022455
2025-03-04,4.22,4.248,3.88,4.157,21714236.79,-0.00100423
2025-03-05,4.157,4.35,4.092,4.322,9769547.38,-0.00043042
2025-03-06,4.322,4.436,4.229,4.251,8688874.68,-0.00026251
2025-03-07,4.252,4.441,4.065,4.261,14265282.2,-3.216e-05
2025-03-08,4.259,4.273,4.068,4.103,7249988.49,-0.00025112
2025-03-09,4.104,4.127,3.739,3.802,13703062.36,-0.00060339
2025-03-10,3.803,4.038,3.567,3.577,20567882.31,-0.00090061
2025-03-11,3.577,3.989,3.381,3.882,26779531.06,-0.00082752
2025-03-12,3.882,3.973,3.747,3.884,14832469.69,-0.00040853
2025-03-13,3.883,3.962,3.781,3.905,11846044.7,-6.481e-05
2025-03-14,3.906,4.313,3.889,4.284,16399651.65,-0.00030662
2025-03-15,4.284,4.718,4.226,4.647,21818265.51,-0.00098536
2025-03-16,4.646,4.757,4.496,4.609,17159876.67,-0.00019177
2025-03-17,4.609,4.732,4.525,4.631,15485857.19,-9.266e-05
2025-03-18,4.631,4.829,4.519,4.72,21552793.68,-0.00027699
2025-03-19,4.72,4.764,4.568,4.748,12814196.49,-0.00026465
2025-03-20,4.749,4.845,4.606,4.68,13284763.58,-1.9709999999999996e-05
2025-03-21,4.679,4.719,4.47,4.592,9960974.11,-0.00028343
2025-03-22,4.591,5.042,4.577,4.88,12438254.53,6.178000000000001e-05
2025-03-23,4.88,4.894,4.68,4.8,8729618.08,-0.00029746
2025-03-24,4.799,4.993,4.752,4.951,12017378.42,-8.793000000000001e-05
2025-03-25,4.95,5.013,4.787,4.834,10227799.05,2.4020000000000004e-05
2025-03-26,4.834,4.978,4.768,4.873,11291929.61,-5.1510000000000007e-05
2025-03-27,4.873,4.962,4.734,4.802,8479206.0,-8.847e-05
2025-03-28,4.803,4.822,4.488,4.544,10419478.0,-0.0002803299999999
2025-03-29,4.544,4.557,4.166,4.239,10878175.02,-6.285e-05
2025-03-30,4.239,4.391,4.183,4.31,9210253.46,-6.306999999999999e-05
2025-03-31,4.311,4.461,4.174,4.371,10043527.1,-0.0002347
2025-04-01,4.371,4.541,4.341,4.372,9417677.09,2.8520000000000005e-05
2025-04-02,4.371,4.603,4.139,4.209,15116076.95,-1.9790000000000005e-05
2025-04-03,4.209,4.711,4.192,4.648,18107894.35,-8.713e-05
2025-04-04,4.649,5.096,4.61,4.987,49073327.85,-0.00031545
2025-04-05,4.987,5.013,4.708,4.801,19806898.83,0.00013665
2025-04-06,4.801,4.829,4.373,4.438,24020608.39,0.00020789
2025-04-07,4.439,4.578,4.037,4.329,36049717.8,-7.305e-05
2025-04-08,4.33,4.428,4.095,4.169,18740390.76,-0.0005595
2025-04-09,4.168,4.582,4.01,4.534,23050509.44,-0.00034792
2025-04-10,4.533,4.54,4.224,4.332,12348806.89,0.0002006
2025-04-11,4.332,4.417,4.195,4.24,13589695.53,-0.00014781
2025-04-12,4.24,4.394,4.158,4.35,14035655.75,-0.00046286
2025-04-13,4.349,4.389,4.043,4.144,14754871.45,-0.00012462
2025-04-14,4.144,4.277,4.057,4.131,13526608.96,-0.00076795
2025-04-15,4.131,4.18,3.967,3.975,11990638.63,-0.0006635
2025-04-16,3.974,4.093,3.918,4.018,12903617.41,-0.00065002
2025-04-17,4.017,4.19,3.985,4.108,11961337.69,-0.00049729
2025-04-18,4.107,4.22,4.066,4.116,7430828.13,-0.00050719
2025-04-19,4.117,4.25,4.116,4.208,7095849.05,-0.00029778
2025-04-20,4.209,4.26,4.087,4.144,7134980.4,-6.089e-05
2025-04-21,4.145,4.293,4.042,4.056,10984251.66,0.00018767
2025-04-22,4.056,4.337,3.973,4.309,18105039.59,-0.00120609
2025-04-23,4.309,4.439,4.274,4.405,12781253.42,0.00012705
2025-04-24,4.404,4.612,4.277,4.545,17489960.94,0.00020969
2025-04-25,4.545,4.625,4.419,4.54,12599724.58,-0.00029157
2025-04-26,4.54,4.73,4.539,4.583,11655546.08,-0.00023068
2025-04-27,4.584,4.622,4.358,4.375,12358280.79,-0.0004656699999999
2025-04-28,4.376,4.494,4.275,4.458,12066081.58,7.157000000000001e-05
2025-04-29,4.459,4.534,4.332,4.373,7885675.89,0.00025046
2025-04-30,4.372,4.424,4.213,4.298,9130331.49,1.2069999999999996e-05
2025-05-01,4.297,4.481,4.287,4.429,7929885.78,-0.00022371
2025-05-02,4.43,4.51,4.326,4.363,6893382.53,0.0001808
2025-05-03,4.363,4.366,4.154,4.214,7463818.53,-6.783999999999999e-05
2025-05-04,4.214,4.243,4.049,4.09,7643873.46,-0.00043857
2025-05-05,4.09,4.198,4.041,4.069,9087030.94,-0.00104521
2025-05-06,4.069,4.118,3.973,4.103,9737579.96,-0.00049538
2025-05-07,4.102,4.184,4.078,4.167,11287452.97,-0.00090505
2025-05-08,4.166,4.587,4.151,4.54,12899529.53,7.437000000000001e-05
2025-05-09,4.54,4.997,4.522,4.945,17875311.03,0.0003
2025-05-10,4.944,5.39,4.853,5.379,14186519.87,0.0003
2025-05-11,5.378,5.417,5.112,5.305,13390643.3,9.529e-05
2025-05-12,5.305,5.497,5.11,5.231,15077780.3,0.00015072
2025-05-13,5.231,5.365,4.996,5.257,13852008.06,0.0003
2025-05-14,5.259,5.346,5.036,5.086,10584495.96,0.00025997
2025-05-15,5.086,5.125,4.759,4.864,14487524.53,0.00013686
2025-05-16,4.864,4.985,4.776,4.807,8558895.31,4.271e-05
2025-05-17,4.807,4.834,4.651,4.715,9934898.21,-0.00018272
2025-05-18,4.715,5.135,4.625,4.957,15721727.57,2.444e-05
2025-05-19,4.958,5.0,4.578,4.776,13106738.6,-0.00014643
2025-05-20,4.776,4.883,4.653,4.845,9080902.8,0.00020802
2025-05-21,4.845,5.064,4.776,4.971,13610803.22,0.00024483
2025-05-22,4.971,5.227,4.967,5.215,9122657.98,0.0002825
2025-05-23,5.216,5.342,4.766,4.789,15442223.06,0.00027695
2025-05-24,4.79,4.858,4.688,4.712,7970342.16,-0.00028407
2025-05-25,4.711,4.814,4.566,4.785,8434286.79,-0.00021356
2025-05-26,4.785,4.949,4.739,4.774,7152713.62,-0.00012268
2025-05-27,4.774,4.957,4.671,4.752,11213577.33,-0.00010161
2025-05-28,4.751,4.85,4.636,4.842,11341559.93,8.688000000000001e-05
2025-05-29,4.843,4.916,4.581,4.611,11253172.19,0.00027299
2025-05-30,4.611,4.636,4.229,4.287,14559797.78,-0.00030206
2025-05-31,4.287,4.388,4.171,4.343,8510534.67,-0.00024851
2025-06-01,4.343,4.382,4.25,4.363,5110797.42,-0.00014636
2025-06-02,4.362,4.491,4.253,4.465,7968154.73,-5.394e-05
2025-06-03,4.465,4.527,4.367,4.413,6505268.46,0.0002582
2025-06-04,4.412,4.467,4.237,4.264,8452109.1,4.290000000000001e-05
2025-06-05,4.265,4.352,4.024,4.077,12938338.41,-0.00029381
2025-06-06,4.077,4.289,4.061,4.171,8314017.88,-0.0006816299999999
2025-06-07,4.172,4.327,4.169,4.306,4974109.13,-0.00012523
2025-06-08,4.305,4.323,4.197,4.267,5955174.26,0.00029036
2025-06-09,4.266,4.445,4.203,4.432,7470254.5,-0.00017732
2025-06-10,4.431,4.624,4.377,4.6,9897671.18,0.00022251
2025-06-11,4.599,4.626,4.451,4.506,10097326.84,0.00013782
2025-06-12,4.507,4.514,4.204,4.212,11261509.74,-8.618e-05
2025-06-13,4.212,4.214,3.993,4.127,15882676.2,-0.00063586
2025-06-14,4.126,4.156,4.017,4.083,7275692.66,-0.00039325
2025-06-15,4.082,4.129,4.004,4.09,6324806.97,-0.00013438
2025-06-16,4.089,4.294,4.057,4.139,10403965.92,-6.574e-05
2025-06-17,4.138,4.198,3.964,4.018,11595562.42,-5.585e-05
2025-06-18,4.018,4.076,3.913,4.012,11757344.11,-0.00056342
2025-06-19,4.012,4.072,3.954,4.035,7399635.46,-0.00020411
2025-06-20,4.035,4.081,3.822,3.924,12052021.84,-0.00030767
2025-06-21,3.924,3.989,3.678,3.79,9940701.72,-0.00078867
2025-06-22,3.79,3.842,3.545,3.716,17720456.17,-0.00116084
2025-06-23,3.715,4.096,3.702,4.071,14021381.36,-0.00077958
2025-06-24,4.07,4.138,3.99,4.073,10491805.05,-0.00027579
2025-06-25,4.073,4.079,3.974,3.996,9160315.65,-0.00033117
2025-06-26,3.997,4.064,3.885,3.888,11042188.28,-0.00064849
2025-06-27,3.888,3.947,3.843,3.924,8013235.31,-0.00058265
2025-06-28,3.924,4.026,3.913,3.992,6413425.31,-0.0004981499999999
2025-06-29,3.991,4.23,3.96,4.201,8111900.56,-0.00023049
2025-06-30,4.201,4.235,4.053,4.091,8991257.18,-1.4619999999999992e-05
2025-07-01,4.09,4.108,3.908,3.924,8371698.9,-0.00038206
2025-07-02,3.924,4.25,3.895,4.173,12111002.34,-0.0005716
2025-07-03,4.172,4.262,4.152,4.181,7864066.41,0.00016222
2025-07-04,4.18,4.196,3.946,3.996,9275473.33,-0.00030385
2025-07-05,3.996,4.029,3.94,4.007,5229869.6,-0.00052635
2025-07-06,4.007,4.133,3.973,4.076,5624404.79,-0.0004313
2025-07-07,4.076,4.112,4.007,4.043,5881408.4,-9.532999999999998e-05
2025-07-08,4.043,4.174,3.992,4.123,6497301.61,-0.00042222
2025-07-09,4.124,4.361,4.09,4.309,8663614.92,0.00025445
2025-07-10,4.31,4.624,4.282,4.612,8430875.34,0.00017024
2025-07-11,4.613,4.795,4.545,4.637,17006882.26,0.00015821
2025-07-12,4.637,4.728,4.49,4.576,8114317.91,3.3570000000000006e-05
2025-07-13,4.577,4.755,4.56,4.676,6779760.09,0.00023371
2025-07-14,4.676,4.852,4.484,4.55,11113887.48,0.00026881
2025-07-15,4.551,4.715,4.427,4.668,11553803.08,0.00029769
2025-07-16,4.668,4.88,4.602,4.746,10497609.22,0.0003
2025-07-17,4.744,4.903,4.633,4.856,13393521.63,0.0003
2025-07-18,4.857,5.16,4.78,4.856,16557623.08,0.0003
2025-07-19,4.857,5.047,4.753,5.014,8949409.52,0.0003
2025-07-20,5.015,5.28,4.979,5.173,10809605.46,0.0003
2025-07-21,5.174,5.317,5.062,5.186,11609154.73,0.0003
2025-07-22,5.185,5.211,4.919,5.111,14492529.91,0.0003
2025-07-23,5.11,5.14,4.544,4.698,19025558.69,0.0003
2025-07-24,4.698,4.798,4.455,4.622,15565922.39,3.437000000000001e-05
2025-07-25,4.623,4.736,4.494,4.706,12582861.51,0.00017502
2025-07-26,4.707,4.835,4.668,4.761,5685929.51,0.00027899
2025-07-27,4.762,4.889,4.733,4.873,5795353.9,0.00026867
2025-07-28,4.873,4.947,4.604,4.64,12845665.94,0.00024336
2025-07-29,4.64,4.771,4.516,4.612,10678705.86,-0.00065042
2025-07-30,4.613,4.615,4.24,4.415,12264002.49,0.0001173
2025-07-31,4.414,4.513,4.182,4.206,11255616.76,-0.00012897
2025-08-01,4.205,4.26,4.029,4.138,16258571.49,-0.00050271
2025-08-02,4.138,4.196,4.004,4.087,8226326.58,-0.00040966
2025-08-03,4.088,4.282,4.031,4.269,6836056.21,-0.00058485
2025-08-04,4.269,4.337,4.227,4.309,12445132.83,-0.00026692
2025-08-05,4.309,4.317,4.133,4.225,10602729.25,7.726e-05
2025-08-06,4.226,4.339,4.125,4.318,8716812.39,-0.00018585
2025-08-07,4.319,4.471,4.288,4.467,8387778.89,-9.11999999999999e-06
2025-08-08,4.468,4.659,4.391,4.603,17972049.95,-0.00014434
2025-08-09,4.603,4.789,4.601,4.726,8520818.04,0.0003
2025-08-10,4.726,4.8,4.569,4.659,7243682.97,0.00017774
2025-08-11,4.66,4.774,4.444,4.482,13669933.79,8.757e-05
2025-08-12,4.482,4.794,4.46,4.706,12272898.11,-0.0003136299999999
2025-08-13,4.705,4.892,4.655,4.854,13078213.33,0.0003
2025-08-14,4.854,4.918,4.425,4.518,21147078.39,0.0003
2025-08-15,4.518,4.626,4.328,4.456,13719831.96,-0.00036035
2025-08-16,4.455,4.6,4.444,4.57,6835178.34,-0.00021765
2025-08-17,4.57,4.757,4.538,4.618,8132369.75,2.662000000000001e-05
2025-08-18,4.618,4.626,4.376,4.461,11601691.18,-0.00028453
2025-08-19,4.461,4.51,4.273,4.287,11575123.19,-0.00036645
2025-08-20,4.288,4.504,4.262,4.471,9214230.94,-0.00026887
2025-08-21,4.471,4.518,4.397,4.427,9555814.02,-0.00011619
2025-08-22,4.428,4.851,4.292,4.819,19389571.98,-0.0001747699999999
2025-08-23,4.819,4.934,4.671,4.889,11856362.07,0.0003
2025-08-24,4.889,4.969,4.651,4.787,17215603.15,0.00026434
2025-08-25,4.787,4.849,4.384,4.41,18687023.48,-0.00030104
2025-08-26,4.41,4.579,4.384,4.524,11580663.57,-0.00033035
2025-08-27,4.523,4.597,4.47,4.49,9579010.19,1.168e-05
2025-08-28,4.489,4.805,4.456,4.779,11276840.57,-1.5830000000000003e-05
2025-08-29,4.779,4.805,4.421,4.478,13722055.43,-0.00011134
2025-08-30,4.479,4.555,4.413,4.502,5633134.99,-0.00060148
2025-08-31,4.501,4.616,4.457,4.462,6403988.41,-9.027e-05
2025-09-01,4.461,4.596,4.314,4.392,12039509.23,-0.0002182
2025-09-02,4.392,4.47,4.347,4.429,8685186.54,-0.000253
2025-09-03,4.429,4.562,4.398,4.52,8264674.35,-0.00011855
2025-09-04,4.52,4.538,4.333,4.382,8796089.19,-0.00022963
2025-09-05,4.382,4.555,4.361,4.438,13445413.79,-0.00026551
2025-09-06,4.438,4.456,4.357,4.407,6333327.79,2.162e-05
2025-09-07,4.407,4.507,4.405,4.483,6760720.33,1.612e-05
2025-09-08,4.482,4.595,4.472,4.538,8987983.63,0.0001846
2025-09-09,4.538,4.678,4.486,4.587,12187247.78,0.0002894
2025-09-10,4.588,4.715,4.555,4.678,9789079.36,0.00025498
2025-09-11,4.679,4.703,4.58,4.692,8358841.29,0.0003
2025-09-12,4.692,4.751,4.597,4.747,8425555.07,0.00026403
2025-09-13,4.747,4.887,4.734,4.821,12337970.08,0.0003
2025-09-14,4.821,4.829,4.609,4.632,9364801.08,0.0003
2025-09-15,4.632,4.674,4.451,4.506,11570543.43,-3.9429999999999993e-05
2025-09-16,4.505,4.571,4.414,4.544,9173733.66,9.859e-05
2025-09-17,4.544,4.638,4.448,4.612,10649301.67,-3.337e-05
2025-09-18,4.612,4.703,4.553,4.671,9468063.4,0.0003
2025-09-19,4.671,4.75,4.447,4.473,11514897.2,0.00027216
2025-09-20,4.472,4.497,4.417,4.45,6933380.84,-0.0002252
2025-09-21,4.45,4.511,4.394,4.398,7798377.89,5.881000000000001e-05
2025-09-22,4.397,4.421,3.966,4.157,19604165.09,-0.00061529
2025-09-23,4.157,4.22,4.094,4.125,8809071.31,-0.0006126
2025-09-24,4.125,4.226,4.061,4.15,9805585.76,-1.397e-05
2025-09-25,4.15,4.16,3.937,4.01,18879727.84,-0.00061695
2025-09-26,4.01,4.179,3.963,4.113,11404548.54,-0.00036833
2025-09-27,4.114,4.157,4.052,4.108,6293829.75,6.603e-05
2025-09-28,4.109,4.185,4.02,4.181,6860227.56,-0.00063486
2025-09-29,4.18,4.181,4.004,4.109,10994913.83,-2.329999999999993e-06
2025-09-30,4.109,4.112,3.972,4.099,10045019.4,-7.955000000000001e-05
2025-10-01,4.098,4.255,4.063,4.134,17180991.68,0.00010847
2025-10-02,4.135,4.318,4.127,4.311,19789866.16,0.0003
2025-10-03,4.311,4.353,4.193,4.278,14218013.29,0.00028202
2025-10-04,4.279,4.292,4.086,4.134,12209799.88,0.0001224
2025-10-05,4.133,4.305,4.111,4.145,15089690.33,0.00018596
2025-10-06,4.145,4.308,4.106,4.273,13214913.88,-2.058e-05
2025-10-07,4.274,4.298,4.025,4.052,17897438.02,0.0003
2025-10-08,4.053,4.204,4.005,4.17,11100417.76,-0.00031775
2025-10-09,4.17,4.184,3.98,4.054,12602769.09,3.982000000000001e-05
2025-10-10,4.054,4.187,1.46,2.924,71746579.79,0.00013281
2025-10-11,2.923,3.292,2.826,3.126,34077818.52,-0.00446327
2025-10-12,3.126,3.547,3.028,3.48,24637633.9,-0.0058913399999999
2025-10-13,3.481,3.66,3.438,3.639,20642431.23,-0.00119698
2025-10-14,3.64,3.662,3.283,3.47,21079852.38,-0.00110168
2025-10-15,3.47,3.518,3.272,3.332,14905924.05,-0.0005829499999999
2025-10-16,3.331,3.418,3.193,3.252,16630704.7,-0.00036741
2025-10-17,3.253,3.305,3.013,3.15,18079014.43,-0.0008340999999999
2025-10-18,3.149,3.231,3.139,3.182,7248844.5,-0.0009104
2025-10-19,3.182,3.29,3.112,3.226,10720396.06,-0.000806
2025-10-20,3.226,3.323,3.175,3.27,11171499.74,-0.00076143
2025-10-21,3.269,3.371,3.165,3.186,15161862.49,-0.0009351299999999
2025-10-22,3.186,3.223,3.026,3.112,16986296.77,-0.0006038
2025-10-23,3.112,3.231,3.105,3.181,9158242.56,-0.00079882
2025-10-24,3.181,3.226,3.123,3.184,11897265.73,-0.00060858
2025-10-25,3.183,3.193,3.131,3.147,5958927.65,-0.00052624
2025-10-26,3.147,3.284,3.113,3.252,9150410.6,-0.00069854
2025-10-27,3.252,3.284,3.155,3.175,11125703.37,-0.00027857
2025-10-28,3.174,3.211,3.028,3.094,12983267.01,-0.0008432099999999
2025-10-29,3.095,3.174,3.028,3.092,15586206.54,-0.00120192
2025-10-30,3.093,3.148,2.843,2.945,22357414.58,-0.0029616399999999
2025-10-31,2.945,3.033,2.928,2.959,13142610.68,-0.00431992
2025-11-01,2.959,3.045,2.941,3.027,7312699.19,-0.00145109
2025-11-02,3.027,3.077,2.946,3.053,11030344.92,-0.00085722
2025-11-03,3.054,3.061,2.468,2.503,33847527.52,-0.00198803
2025-11-04,2.503,2.638,2.342,2.504,38927571.12,-0.00116458
2025-11-05,2.505,2.683,2.403,2.664,18900584.44,-0.00047835
2025-11-06,2.665,2.677,2.53,2.648,14861123.25,-0.00030738
2025-11-07,2.647,3.173,2.643,3.049,31769669.58,-0.00048142
2025-11-08,3.048,3.152,2.887,2.951,16280369.68,-5.609999999999999e-06
2025-11-09,2.952,3.001,2.831,2.969,16845562.67,-0.0002465099999999
2025-11-10,2.969,3.152,2.948,3.105,13729656.97,-0.00032123
2025-11-11,3.106,3.156,2.932,2.939,12522547.32,-0.00016852
2025-11-12,2.94,3.112,2.857,2.889,13398289.77,-0.00023986
2025-11-13,2.888,3.014,2.765,2.865,14006019.7,-0.00056631
2025-11-14,2.866,2.912,2.747,2.799,17952163.95,6.176e-05
2025-11-15,2.799,2.996,2.795,2.852,10489927.99,-0.00017128
2025-11-16,2.852,2.881,2.691,2.764,13337196.09,-0.0003564399999999
2025-11-17,2.764,2.914,2.683,2.706,19866906.85,-6.606e-05
2025-11-18,2.706,2.822,2.664,2.757,16695369.83,-6.709999999999995e-06
2025-11-19,2.757,2.788,2.616,2.73,13624990.02,-3.2359999999999995e-05
2025-11-20,2.73,3.133,2.717,2.736,37615775.91,-4.159999999999987e-06
2025-11-21,2.736,2.825,2.443,2.514,39384293.98,-0.00083178
2025-11-22,2.513,2.531,2.435,2.511,13399654.59,-0.00040922
2025-11-23,2.51,2.566,2.478,2.494,11860450.55,-0.0009607
2025-11-24,2.492,2.546,2.383,2.5,20136321.13,-0.00039311
2025-11-25,2.499,2.53,2.411,2.466,11828061.38,-0.00053288
2025-11-26,2.466,2.559,2.43,2.524,12160977.33,-0.00029268
2025-11-27,2.524,2.553,2.498,2.518,9284817.03,-0.00016079
2025-11-28,2.518,2.544,2.423,2.438,10591665.69,-0.00061514
2025-11-29,2.437,2.455,2.387,2.426,7809339.8,-0.00080389
2025-11-30,2.426,2.451,2.369,2.372,6546375.76,-0.0005784
2025-12-01,2.372,2.378,2.138,2.266,22615697.39,-0.00090443
2025-12-02,2.266,2.43,2.243,2.364,12820160.25,-0.00053942
2025-12-03,2.363,2.417,2.308,2.392,14106565.12,-3.713e-05
2025-12-04,2.391,2.406,2.279,2.307,11410373.07,-0.0005738
2025-12-05,2.308,2.334,2.147,2.194,13354468.98,-0.00097048
2025-12-06,2.195,2.281,2.182,2.237,7260775.27,-0.0017387099999999
2025-12-07,2.236,2.248,2.132,2.176,11228368.48,-0.00041076
2025-12-08,2.177,2.27,2.169,2.247,10539468.21,-0.00091398
2025-12-09,2.247,2.418,2.193,2.325,14888593.99,-7.769999999999999e-05
2025-12-10,2.325,2.372,2.243,2.267,15140803.42,-9.578e-05
2025-12-11,2.266,2.271,2.157,2.184,12789132.86,-0.00057691
2025-12-12,2.184,2.205,2.069,2.14,14975062.52,-0.00053613
2025-12-13,2.14,2.194,2.137,2.181,7008913.82,-0.00019267
2025-12-14,2.182,2.189,2.079,2.101,8649507.7,-0.0004714399999999
2025-12-15,2.101,2.164,1.996,2.049,13282548.45,-0.00048758
2025-12-16,2.048,2.07,1.988,1.999,13281429.88,-0.0001490199999999
2025-12-17,1.999,2.089,1.92,1.943,19225123.04,2.252e-05
2025-12-18,1.943,1.973,1.828,1.851,20446984.48,-0.0001675
2025-12-19,1.852,1.99,1.843,1.964,15986901.65,-0.00038004
2025-12-20,1.965,2.002,1.958,1.98,7028797.06,8.630999999999999e-05
2025-12-21,1.981,1.995,1.904,1.941,7352158.47,-0.00035108
2025-12-22,1.941,1.998,1.92,1.948,9103054.03,6.182e-05
2025-12-23,1.948,2.0,1.916,1.971,9243913.93,-0.0003809
2025-12-24,1.971,1.992,1.912,1.982,8726651.41,-0.0001459199999999
2025-12-25,1.981,2.026,1.952,1.955,8961529.62,0.0001532
2025-12-26,1.955,2.059,1.948,2.045,9370746.91,-0.00011361
2025-12-27,2.045,2.098,2.027,2.08,6340492.3,2.645e-05
2025-12-28,2.079,2.11,2.054,2.073,6265449.34,7.601e-05
2025-12-29,2.073,2.102,1.957,1.963,12178556.32,-3.594e-05
2025-12-30,1.962,2.0,1.953,1.964,7657706.33,0.00014694
2025-12-31,1.965,1.983,1.905,1.928,6883918.05,-4.819e-05
2026-01-01,1.928,2.078,1.917,2.066,9332574.52,0.00016718
2026-01-02,2.067,2.168,2.057,2.165,10893798.96,-0.00019644
2026-01-03,2.165,2.26,2.164,2.238,10387534.56,-0.00034068
2026-01-04,2.238,2.346,2.227,2.338,10218230.11,-0.0002631499999999
2026-01-05,2.338,2.391,2.266,2.368,13224640.13,-4.33e-05
2026-01-06,2.367,2.548,2.35,2.53,15088101.75,7.54e-05
2026-01-07,2.529,2.533,2.39,2.432,14271582.77,-0.00027645
2026-01-08,2.432,2.506,2.375,2.46,14416587.58,-0.00023964
2026-01-09,2.458,2.65,2.408,2.59,17295047.09,-0.00022801
2026-01-10,2.59,2.68,2.54,2.568,14331982.95,-0.00019145
2026-01-11,2.567,2.639,2.551,2.573,8241353.9,3.818000000000002e-05
2026-01-12,2.572,2.653,2.477,2.485,11631873.59,-0.00037557
2026-01-13,2.485,2.677,2.483,2.633,12837586.88,6.083000000000001e-05
2026-01-14,2.633,2.698,2.565,2.58,11097783.03,-0.00022103
2026-01-15,2.581,2.597,2.44,2.475,10557795.7,-0.00042423
2026-01-16,2.475,2.506,2.425,2.491,6511185.39,-0.0003932099999999
2026-01-17,2.491,2.6,2.486,2.565,6713390.24,-6.448e-05
2026-01-18,2.566,2.593,2.418,2.423,7774015.53,-0.00047116
2026-01-19,2.423,2.484,2.2,2.455,14007479.41,-0.0003189
2026-01-20,2.454,2.545,2.281,2.294,15648525.15,-6.74e-05
2026-01-21,2.293,2.451,2.292,2.381,18861505.87,6.309000000000001e-05
2026-01-22,2.381,2.439,2.324,2.333,8540065.81,-0.00013698
2026-01-23,2.334,2.418,2.326,2.366,8828936.77,-8.018e-05
2026-01-24,2.366,2.386,2.29,2.331,6483011.08,-0.00039314
2026-01-25,2.331,2.336,2.2,2.235,10732330.74,-0.00033154
2026-01-26,2.236,2.312,2.204,2.22,13189171.76,8.178999999999999e-05
2026-01-27,2.221,2.268,2.179,2.242,11940661.2,-1.936e-05
2026-01-28,2.241,2.3,2.217,2.236,11489029.76,-0.00032538
2026-01-29,2.237,2.241,2.075,2.125,12774790.66,-0.00022977
2026-01-30,2.126,2.135,2.049,2.11,12329101.06,-0.0002043999999999
2026-01-31,2.11,2.114,1.805,1.969,18712591.08,-0.00029347
2026-02-01,1.968,1.992,1.872,1.91,12975792.05,-0.00071916
2026-02-02,1.91,2.005,1.861,1.979,13454646.16,-0.0003294
2026-02-03,1.979,2.052,1.886,2.032,17124178.61,-0.00043483
2026-02-04,2.032,2.105,1.973,1.993,19787091.68,-1.1999999999999885e-07
2026-02-05,1.993,2.056,1.764,1.817,37006641.29,0.00013189
2026-02-06,1.816,2.014,1.649,1.985,77098147.07,-0.00065395
2026-02-07,1.985,2.05,1.927,1.988,16352385.26,0.00011367
2026-02-08,1.988,2.0,1.929,1.948,7753012.97,6.830000000000002e-06
2026-02-09,1.948,1.984,1.9,1.959,9687061.09,2.805e-05
2026-02-10,1.958,1.973,1.893,1.92,8029716.24,-5.030000000000001e-05
2026-02-11,1.92,2.009,1.87,1.943,17975926.0,-0.0004170499999999
2026-02-12,1.943,2.015,1.926,1.966,11659176.06,0.00015901
2026-02-13,1.966,2.127,1.95,2.12,10003793.56,9.125e-05
2026-02-14,2.12,2.218,2.108,2.184,7928876.53,0.00018269
2026-02-15,2.184,2.222,2.094,2.135,11301121.69,0.00010759
2026-02-16,2.136,2.319,2.111,2.291,15390012.56,-0.0001518
2026-02-17,2.291,2.328,2.221,2.241,14322343.42,-0.00015667
2026-02-18,2.241,2.508,2.21,2.342,25549427.14,-0.0001261999999999
2026-02-19,2.343,2.363,2.265,2.289,13794930.8,0.0001443
2026-02-20,2.29,2.391,2.256,2.355,12522866.04,0.00014987
2026-02-21,2.355,2.411,2.305,2.312,6953226.48,-0.00010498
2026-02-22,2.312,2.318,2.232,2.247,6566012.22,-0.0001708099999999
2026-02-23,2.247,2.253,2.11,2.117,14042445.23,-2.703e-05
2026-02-24,2.118,2.146,1.978,1.99,12139759.94,0.0002164
2026-02-25,1.99,2.119,1.917,1.932,28081952.37,-4.003e-05
2026-02-26,1.933,1.974,1.817,1.876,33522765.35,-0.00948796
2026-02-27,1.877,1.938,1.811,1.847,18105113.06,-0.00400386
2026-02-28,1.846,1.86,1.765,1.845,17520662.63,-0.00213331
2026-03-01,1.845,1.882,1.757,1.796,14143698.06,-0.00268842
2026-03-02,1.795,1.88,1.779,1.842,13398658.58,-0.0034754
2026-03-03,1.841,1.853,1.762,1.812,11998334.63,-0.00109177
2026-03-04,1.813,1.925,1.803,1.876,13836107.73,-0.00109628
2026-03-05,1.877,1.893,1.821,1.838,9770008.95,-0.0013343
2026-03-06,1.838,1.853,1.769,1.808,9513970.18,-0.001088
2026-03-07,1.807,1.831,1.774,1.782,6855211.66,-0.00161706
2026-03-08,1.782,1.785,1.712,1.734,10190105.57,-0.00230124
2026-03-09,1.734,1.777,1.702,1.74,10449789.02,-0.00160676
2026-03-10,1.74,1.842,1.74,1.787,10337712.57,-0.00103422
2026-03-11,1.787,1.854,1.783,1.84,8472763.05,-0.00019129
2026-03-12,1.839,1.846,1.805,1.837,8308266.54,-0.00048252
2026-03-13,1.837,1.896,1.831,1.86,10563373.0,-0.00017295
2026-03-14,1.859,1.889,1.847,1.869,6459812.16,-0.00029957
2026-03-15,1.868,1.872,1.839,1.86,5578335.53,-0.00024475
2026-03-16,1.86,2.005,1.853,1.974,12091485.25,-0.0001888599999999
2026-03-17,1.975,1.983,1.923,1.958,7242579.31,-0.0005877
2026-03-18,1.959,2.031,1.866,1.907,13761097.47,-0.0001161
2026-03-19,1.907,1.929,1.796,1.81,11248048.42,-0.00043228
2026-03-20,1.81,1.841,1.783,1.834,10142617.77,-5.5230000000000005e-05
2026-03-21,1.834,1.859,1.784,1.791,6364301.26,-3.724e-05
2026-03-22,1.791,1.806,1.751,1.767,8660579.33,-0.00075948
2026-03-23,1.768,1.842,1.748,1.784,14593724.54,-0.00044118
2026-03-24,1.784,1.796,1.76,1.787,12017266.55,-0.00046986
2026-03-25,1.786,1.806,1.755,1.764,7436044.93,-0.00047566
2026-03-26,1.764,1.765,1.672,1.697,10090900.66,-0.00099007
2026-03-27,1.697,1.731,1.651,1.674,10011927.55,-0.00075822
2026-03-28,1.673,1.699,1.655,1.665,5973458.04,-0.00054272
2026-03-29,1.665,1.67,1.603,1.643,7031707.63,-0.00081833
2026-03-30,1.643,1.7,1.637,1.666,6594182.36,-0.00053121
2026-03-31,1.665,1.712,1.662,1.706,7469933.17,-7.173e-05
2026-04-01,1.706,1.74,1.669,1.674,8794304.46,-0.0001315499999999
2026-04-02,1.675,1.688,1.611,1.665,8598149.11,-0.00090078
2026-04-03,1.665,1.729,1.662,1.687,7630694.92,8.193e-05
2026-04-04,1.686,1.72,1.679,1.712,3826117.71,-8.502e-05
2026-04-05,1.712,1.724,1.663,1.697,8321838.1,-0.00050497
2026-04-06,1.697,1.756,1.689,1.702,12407970.1,-0.00024338
2026-04-07,1.702,1.808,1.672,1.804,8957866.31,-0.00036371
2026-04-08,1.805,1.808,1.748,1.779,9424078.23,0.00028932
2026-04-09,1.779,1.83,1.758,1.799,8860593.81,3.287e-05
2026-04-10,1.8,1.846,1.79,1.804,7888365.76,9.8e-05
2026-04-11,1.805,1.806,1.762,1.775,6066667.32,-0.00022378
2026-04-12,1.776,1.785,1.716,1.722,5210612.74,-0.00058867
2026-04-13,1.722,1.787,1.705,1.777,7301078.36,-0.00012675
2026-04-14,1.777,1.783,1.735,1.744,5889901.24,-0.00026417
2026-04-15,1.743,1.776,1.726,1.766,6107993.46,-0.00010136
2026-04-16,1.766,1.823,1.753,1.808,9865935.52,0.00010446
2026-04-17,1.807,1.865,1.783,1.831,9262580.16,-8.119e-05
2026-04-18,1.83,1.85,1.773,1.781,6322320.27,2.6870000000000005e-05
2026-04-19,1.781,1.801,1.751,1.757,6890577.62,-0.00024082
2026-04-20,1.757,1.817,1.755,1.799,6747335.79,-5.3660000000000005e-05
2026-04-21,1.798,1.845,1.756,1.844,12794868.09,0.00021515
2026-04-22,1.844,1.916,1.842,1.86,8923659.35,0.00020063
2026-04-23,1.86,1.914,1.834,1.91,7190960.74,0.00014477
2026-04-24,1.911,1.997,1.907,1.99,9302483.69,0.00028675
2026-04-25,1.99,2.055,1.989,2.028,8599012.88,0.00019766
2026-04-26,2.027,2.035,1.993,2.0,5609381.33,0.0001096899999999
2026-04-27,1.999,2.026,1.943,1.982,8426352.63,-5.059999999999998e-06
2026-04-28,1.982,1.989,1.93,1.951,6220725.08,0.00025987
2026-04-29,1.951,1.988,1.893,1.928,7295634.89,-4.263e-05
2026-04-30,1.928,1.939,1.874,1.885,5972610.34,-7.049999999999995e-06
2026-05-01,1.885,1.916,1.869,1.897,5550686.82,3.834e-05
2026-05-02,1.897,1.906,1.861,1.883,3796612.93,-9.258e-05
2026-05-03,1.883,1.895,1.852,1.873,4239118.27,-4.027e-05
2026-05-04,1.873,1.923,1.859,1.888,9988206.71,-0.00021201
2026-05-05,1.888,1.922,1.837,1.881,10666191.65,-6.436e-05
2026-05-06,1.88,1.973,1.878,1.9,14774514.95,-0.00017316
2026-05-07,1.901,1.947,1.868,1.884,9079619.61,-0.00018665
2026-05-08,1.884,1.958,1.851,1.949,11634033.29,-0.00029897
2026-05-09,1.949,1.992,1.924,1.936,7535435.21,0.00020772
2026-05-10,1.935,2.05,1.893,2.011,15829121.17,-0.00012766
2026-05-11,2.011,2.107,1.971,2.042,21646665.2,-0.00018636
2026-05-12,2.041,2.179,1.977,2.104,26579920.94,-0.00024873
2026-05-13,2.104,2.233,2.026,2.036,27905924.53,-0.0001991
2026-05-14,2.037,2.072,1.994,2.043,11721425.61,5.513000000000001e-05
2026-05-15,2.043,2.052,1.922,1.926,10492419.31,-0.00036776
2026-05-16,1.927,2.057,1.907,2.038,20106871.99,-0.0002333899999999
2026-05-17,2.038,2.138,1.986,2.033,21936209.61,0.00012703
2026-05-18,2.033,2.086,1.983,2.075,18485637.44,0.00014956
2026-05-19,2.075,2.091,2.014,2.038,9499715.25,0.00022933
2026-05-20,2.038,2.039,1.977,1.99,7412297.23,7.38e-05
2026-05-21,1.99,2.082,1.988,2.05,15950994.59,5.581e-05
2026-05-22,2.051,2.189,2.037,2.068,18379544.71,0.00026899
2026-05-23,2.069,2.15,2.006,2.109,12151329.11,8.107e-05
2026-05-24,2.109,2.132,1.996,2.053,8535473.24,5.9650000000000007e-05
2026-05-25,2.053,2.189,2.047,2.133,10578947.95,0.00018706
2026-05-26,2.134,2.297,2.116,2.217,21787718.96,0.00012607
2026-05-27,2.217,2.262,2.108,2.129,14923058.22,0.0002302
2026-05-28,2.129,2.138,2.003,2.059,13778643.3,-0.0001282799999999
2026-05-29,2.058,2.109,1.969,2.013,10606010.73,-0.0001792699999999
2026-05-30,2.013,2.069,2.003,2.017,6950530.33,-6.576e-05
2026-05-31,2.017,2.022,1.921,1.955,10148827.14,-0.00036562
2026-06-01,1.955,1.976,1.887,1.904,9423879.36,-0.00032379
2026-06-02,1.905,1.909,1.783,1.821,11316593.18,-0.00064136
2026-06-03,1.821,1.92,1.807,1.852,11977016.82,-0.00042114
2026-06-04,1.853,1.866,1.73,1.808,15907044.38,-0.00033725
2026-06-05,1.807,1.815,1.597,1.656,20235414.26,-0.00052408
2026-06-06,1.655,1.68,1.555,1.627,8246561.55,-0.0009791
2026-06-07,1.627,1.742,1.622,1.713,7922259.74,-0.00086323
2026-06-08,1.713,1.805,1.695,1.764,6828285.7,-0.00033773
2026-06-09,1.763,1.8,1.712,1.778,10612379.42,-0.00038389
2026-06-10,1.779,1.861,1.735,1.761,13358733.67,7.235e-05
2026-06-11,1.762,2.034,1.761,2.034,22047286.65,-0.00012935
2026-06-12,2.034,2.037,1.929,1.978,10563806.43,0.00021206
2026-06-13,1.979,2.023,1.936,1.948,6255038.69,9.043e-05
2026-06-14,1.948,2.013,1.92,2.007,8340405.03,-0.00026477
2026-06-15,2.006,2.023,1.944,1.963,7323140.74,5.293e-05
2026-06-16,1.963,2.015,1.936,1.989,7557937.13,-0.0001793699999999
2026-06-17,1.99,2.022,1.872,1.899,8942111.04,6.339999999999983e-06
2026-06-18,1.899,1.907,1.776,1.81,9423260.64,-0.0004164299999999
2026-06-19,1.81,1.852,1.792,1.809,5180984.98,-0.00037806
2026-06-20,1.808,1.816,1.758,1.802,4613786.05,-0.00026502
2026-06-21,1.801,1.809,1.746,1.756,3782097.37,-0.0002669299999999
2026-06-22,1.756,1.835,1.751,1.798,5634002.11,-0.0002666
2026-06-23,1.797,1.805,1.713,1.717,7021651.21,-0.00014789
2026-06-24,1.716,1.733,1.6,1.65,9391511.11,-0.00035481
2026-06-25,1.65,1.677,1.546,1.611,10088125.61,-0.0004013699999999
2026-06-26,1.611,1.646,1.571,1.593,10231413.8,-9.168e-05
2026-06-27,1.594,1.615,1.556,1.578,6126512.19,-0.00018498
2026-06-28,1.579,1.582,1.552,1.571,4402802.28,-0.00042382
2026-06-29,1.571,1.593,1.517,1.533,8312852.45,-0.00024262
2026-06-30,1.533,1.54,1.494,1.512,8644011.22,-0.00033817
2026-07-01,1.512,1.571,1.478,1.538,9332554.66,-1.424e-05
2026-07-02,1.538,1.58,1.535,1.558,7734605.25,-0.00039581
2026-07-03,1.557,1.612,1.549,1.594,8861179.48,-0.00027899
2026-07-04,1.594,1.612,1.577,1.592,5446596.15,-0.00053453
2026-07-05,1.592,1.599,1.54,1.596,7235145.39,-0.0008546999999999
2026-07-06,1.596,1.629,1.541,1.601,8848963.81,-0.00037163
2026-07-07,1.601,1.61,1.56,1.572,6458200.05,-0.00018656
2026-07-08,1.573,1.583,1.527,1.564,8623756.25,-0.00075434
2026-07-09,1.564,1.581,1.543,1.55,7029534.02,-0.00043021
2026-07-10,1.55,1.594,1.541,1.586,6147505.93,-0.00030618
2026-07-11,1.587,1.612,1.576,1.58,4924362.35,-1.843e-05
2026-07-12,1.58,1.59,1.554,1.565,6080810.04,-0.00053691
2026-07-13,1.566,1.583,1.521,1.537,6894737.0,-0.00091559
2026-07-14,1.538,1.566,1.515,1.563,6683996.04,-0.0003204199999999
2026-07-15,1.563,1.593,1.551,1.555,6801524.93,-7.587999999999999e-05
2026-07-16,1.554,1.567,1.502,1.511,9881187.04,-0.000153
2026-07-17,1.51,1.529,1.486,1.509,8535565.12,-0.00053136
2026-07-18,1.51,1.512,1.482,1.496,6461504.35,-0.00036615
2026-07-19,1.496,1.505,1.467,1.475,5534044.26,-0.00035129
2026-07-20,1.475,1.506,1.443,1.494,8990562.77,-0.00047936
2026-07-21,1.493,1.51,1.475,1.485,7277672.18,0.00011442
2026-07-22,1.485,1.492,1.455,1.467,6100989.79,-0.00046504
2026-07-23,1.468,1.476,1.416,1.419,9883584.54,-0.00027852
2026-07-24,1.419,1.43,1.371,1.393,8317482.22,-0.00031856
2026-07-25,1.393,1.401,1.368,1.382,5373048.1,-1.3440000000000009e-05
2026-07-26,1.382,1.405,1.379,1.397,5685090.57,-7.249999999999986e-06
2026-07-27,1.396,1.399,1.292,1.298,15837957.37,-0.00020834
2026-07-28,1.298,1.315,1.283,1.306,14904626.29,-0.00058882
2026-07-29,1.307,1.311,1.261,1.282,10081438.48,-0.00026497
2026-07-30,1.281,1.306,1.269,1.281,6348379.31,-0.00023828
2026-07-31,1.28,1.29,1.217,1.228,15539202.52,-0.00025749
2026-08-01,1.227,1.24,1.209,1.222,5852556.36,
2026-08-02,1.223,1.272,1.22,1.265,10783124.32,
2026-08-03,1.265,1.39,1.251,1.363,20051316.86,
2026-08-04,1.364,1.393,1.352,1.374,14634251.93,
2026-08-05,1.373,1.382,1.335,1.353,7434889.82,
2026-08-06,1.352,1.396,1.325,1.353,10338326.26,
2026-08-07,1.353,1.367,1.334,1.362,5796441.71,
2026-08-08,1.361,1.402,1.36,1.386,5414068.84,
2026-08-09,1.386,1.396,1.367,1.374,4409808.74,
2026-08-10,1.373,1.43,1.367,1.4,7190823.33,
2026-08-11,1.4,1.445,1.387,1.435,8818457.18,
2026-08-12,1.434,1.446,1.391,1.399,6239320.88,
2026-08-13,1.399,1.53,1.392,1.501,15492216.23,
2026-08-14,1.5,1.572,1.476,1.51,16726129.8,
2026-08-15,1.51,1.511,1.462,1.474,4674876.21,
2026-08-16,1.473,1.504,1.448,1.454,5483798.71,
2026-08-17,1.453,1.466,1.398,1.413,8168538.62,
2026-08-18,1.413,1.456,1.377,1.413,9604976.24,
2026-08-19,1.413,1.513,1.393,1.492,14327166.92,
2026-08-20,1.491,1.522,1.462,1.511,9639452.85,
2026-08-21,1.511,1.621,1.506,1.6,17137717.24,
2026-08-22,1.6,1.721,1.438,1.576,20681381.57,
2026-08-23,1.577,1.622,1.514,1.6,9009146.71,
2026-08-24,1.601,1.604,1.512,1.521,8868579.22,
2026-08-25,1.522,1.563,1.48,1.521,15846155.56,
2026-08-26,1.521,1.565,1.481,1.511,10183478.85,
2026-08-27,1.51,1.563,1.473,1.562,9845333.11,
2026-08-28,1.561,1.579,1.451,1.481,12675577.49,
