date,open,high,low,close,volume,funding_rate
2020-08-22,2.92,5.1,2.92,4.465,34281718.6,0.00221266
2020-08-23,4.482,4.5,3.706,3.993,23021804.0,0.0041616499999999
2020-08-24,3.993,4.81,3.755,4.594,27131790.2,0.00350163
2020-08-25,4.585,5.776,4.492,5.56,54379664.2,0.00151962
2020-08-26,5.56,6.598,5.102,6.092,51031902.3,0.00282521
2020-08-27,6.092,6.828,5.23,5.668,75224186.8,0.00310108
2020-08-28,5.658,6.388,5.511,6.179,33421289.7,0.00105278
2020-08-29,6.186,6.571,6.018,6.144,24587097.5,0.00226716
2020-08-30,6.148,6.237,5.721,5.899,20792243.5,0.00537613
2020-08-31,5.898,6.479,5.762,6.275,22653228.3,0.00439629
2020-09-01,6.275,6.889,6.125,6.253,24095350.4,0.0033308499999999
2020-09-02,6.254,6.46,5.51,6.136,27104128.0,0.00237611
2020-09-03,6.144,6.339,5.55,5.68,40503527.5,0.00041078
2020-09-04,5.68,5.995,4.467,5.105,46084440.4,0.0003
2020-09-05,5.102,5.315,3.55,4.145,48012193.8,0.0003
2020-09-06,4.145,4.946,3.726,4.789,33884882.7,0.0003
2020-09-07,4.789,4.836,4.001,4.598,22395692.9,0.0003
2020-09-08,4.598,4.632,4.108,4.274,15114305.5,0.0003
2020-09-09,4.268,4.8,4.132,4.706,15706478.6,0.0003
2020-09-10,4.707,4.9,4.442,4.577,14627909.7,0.0003
2020-09-11,4.578,4.744,4.294,4.651,12384407.3,0.0003
2020-09-12,4.65,5.304,4.499,5.143,23105202.5,0.0003
2020-09-13,5.143,5.481,4.77,5.33,28970409.1,0.00030822
2020-09-14,5.33,5.584,5.089,5.365,21796482.8,0.00062989
2020-09-15,5.363,5.452,5.044,5.062,15695368.3,0.00042414
2020-09-16,5.061,5.291,4.969,5.082,12657543.0,0.00037489
2020-09-17,5.077,5.432,5.049,5.34,13989325.4,0.00095535
2020-09-18,5.338,5.465,5.091,5.268,11417450.6,0.00157277
2020-09-19,5.269,5.273,4.806,4.929,7722368.4,0.00084451
2020-09-20,4.926,4.974,4.376,4.661,13744406.2,0.00030632
2020-09-21,4.661,4.699,3.906,4.069,26452655.3,0.0003
2020-09-22,4.069,4.21,3.9,4.164,13963592.0,0.0003
2020-09-23,4.162,4.327,3.939,4.017,18670450.4,0.0003
2020-09-24,4.017,4.469,3.96,4.38,16488091.9,0.0003
2020-09-25,4.38,4.534,4.236,4.416,10448990.3,0.0003
2020-09-26,4.417,4.485,4.224,4.331,6762111.0,0.0003
2020-09-27,4.33,4.368,4.11,4.301,7868546.8,0.0003
2020-09-28,4.3,4.596,4.203,4.456,16281359.8,0.0003
2020-09-29,4.454,4.617,4.352,4.499,13468351.9,0.0003
2020-09-30,4.499,4.505,4.237,4.35,8146297.3,0.0003
2020-10-01,4.35,4.593,4.241,4.348,14286848.1,0.0003
2020-10-02,4.346,4.366,3.848,4.125,12576507.8,0.0003
2020-10-03,4.125,4.147,4.024,4.061,4591505.0,0.0003
2020-10-04,4.061,4.198,4.006,4.178,5334150.7,0.00022816
2020-10-05,4.177,4.245,4.104,4.16,6958518.5,-0.00027872
2020-10-06,4.159,4.179,3.592,3.743,17071553.3,-0.00085599
2020-10-07,3.743,3.885,3.591,3.85,15267754.0,-0.00130107
2020-10-08,3.849,4.16,3.621,4.117,18897243.0,0.00029008
2020-10-09,4.115,4.353,4.01,4.257,13744416.0,0.0003
2020-10-10,4.254,4.49,4.223,4.262,11444963.4,0.0003
2020-10-11,4.262,4.343,4.164,4.248,8330751.3,0.0003
2020-10-12,4.248,4.455,4.178,4.311,14438897.4,0.0003
2020-10-13,4.31,4.349,4.125,4.254,8263068.0,0.0003
2020-10-14,4.254,4.388,4.074,4.186,11394825.4,0.00031496
2020-10-15,4.186,4.193,4.019,4.103,8460458.8,0.0003
2020-10-16,4.102,4.161,3.79,3.916,9332072.8,0.0003
2020-10-17,3.917,3.982,3.862,3.967,3942619.0,0.0003
2020-10-18,3.967,4.13,3.956,4.111,4442084.6,0.0003
2020-10-19,4.109,4.125,3.953,3.989,5237793.8,0.0003
2020-10-20,3.988,4.15,3.863,3.903,11666325.9,0.0003
2020-10-21,3.904,4.247,3.89,4.136,13125316.1,0.0003
2020-10-22,4.136,4.345,4.124,4.274,11088616.7,0.0003
2020-10-23,4.272,4.492,4.184,4.266,13498558.6,0.0004859699999999
2020-10-24,4.265,4.439,4.242,4.352,10436586.4,0.0003
2020-10-25,4.351,4.451,4.257,4.33,7512771.4,0.0003
2020-10-26,4.333,4.751,4.289,4.702,23157749.7,0.0003
2020-10-27,4.703,4.939,4.641,4.677,18254991.3,0.0003
2020-10-28,4.677,4.784,4.23,4.358,15525273.3,0.0003
2020-10-29,4.356,4.411,3.822,4.055,18536282.2,0.0003
2020-10-30,4.054,4.161,3.908,4.081,10743311.6,0.00023564
2020-10-31,4.08,4.281,4.054,4.18,6751670.7,0.0003
2020-11-01,4.181,4.224,4.104,4.218,4507314.7,0.0003
2020-11-02,4.22,4.264,3.957,4.026,10764650.7,0.0003
2020-11-03,4.026,4.068,3.877,4.033,9641198.0,0.00023103
2020-11-04,4.033,4.155,3.887,4.096,11005075.9,-0.00025969
2020-11-05,4.097,4.303,4.008,4.224,10263880.4,0.0003
2020-11-06,4.224,4.645,4.201,4.587,12754179.9,0.0003
2020-11-07,4.585,4.866,4.078,4.235,20256437.4,0.00063192
2020-11-08,4.234,4.431,4.127,4.373,9744221.0,0.0003
2020-11-09,4.372,4.466,4.238,4.349,8799504.9,0.0003
2020-11-10,4.349,4.509,4.303,4.422,7862750.1,0.0003
2020-11-11,4.424,4.635,4.414,4.45,8980090.5,0.0003
2020-11-12,4.449,4.479,4.31,4.405,5993160.6,0.0003
2020-11-13,4.406,4.597,4.368,4.543,8344282.1,0.0003
2020-11-14,4.543,4.559,4.353,4.465,7048928.1,0.0003
2020-11-15,4.467,4.509,4.302,4.366,8876203.6,0.0003
2020-11-16,4.369,4.604,4.336,4.502,12131373.2,0.0003
2020-11-17,4.501,4.95,4.491,4.864,22824103.0,0.00070727
2020-11-18,4.864,4.953,4.4,4.682,16570102.1,0.00072495
2020-11-19,4.682,4.858,4.539,4.759,10079058.3,0.0003
2020-11-20,4.759,5.481,4.741,5.234,27612938.7,0.00048797
2020-11-21,5.234,5.832,5.128,5.796,24807643.3,0.00080314
2020-11-22,5.795,5.876,5.167,5.525,21964164.1,0.00143009
2020-11-23,5.526,6.0,5.421,5.919,24914371.9,0.00353312
2020-11-24,5.92,6.114,5.502,5.747,25837968.1,0.00304293
2020-11-25,5.747,5.849,5.108,5.306,17482952.4,0.0019965399999999
2020-11-26,5.306,5.379,4.43,4.804,26341446.8,0.0003
2020-11-27,4.805,5.074,4.507,4.81,11243818.4,0.0003
2020-11-28,4.809,4.955,4.669,4.888,8428910.8,0.0003
2020-11-29,4.891,5.21,4.795,5.19,9711959.5,0.0003
2020-11-30,5.19,5.453,5.13,5.381,15230998.5,0.00014792
2020-12-01,5.382,5.556,4.952,5.081,14573932.8,0.0003
2020-12-02,5.083,5.546,4.981,5.457,10838129.1,0.0003
2020-12-03,5.457,5.575,5.316,5.403,8426289.0,0.0003
2020-12-04,5.402,5.439,4.954,4.999,8403326.4,0.0003
2020-12-05,4.999,5.195,4.876,5.185,5398595.6,0.0003
2020-12-06,5.185,5.208,5.002,5.132,4433815.4,0.0003
2020-12-07,5.133,5.16,5.01,5.06,4273470.4,0.0003
2020-12-08,5.06,5.075,4.695,4.74,7513347.8,0.0003
2020-12-09,4.74,4.938,4.616,4.87,8663731.1,0.0003
2020-12-10,4.871,4.918,4.74,4.8,4622098.7,0.0003
2020-12-11,4.802,4.815,4.54,4.612,5967989.9,0.0003
2020-12-12,4.614,4.796,4.606,4.738,4918743.1,0.0003
2020-12-13,4.738,4.998,4.724,4.897,6843704.3,0.0003
2020-12-14,4.896,5.0,4.824,4.896,5389103.6,0.0003
2020-12-15,4.896,5.29,4.841,5.241,10679386.5,0.0003
2020-12-16,5.241,5.386,5.113,5.372,11642308.1,0.0003
2020-12-17,5.372,5.775,5.259,5.35,21169940.1,0.00167029
2020-12-18,5.35,5.518,5.253,5.365,10031010.9,0.00072502
2020-12-19,5.365,5.59,5.275,5.343,8289631.5,0.00105397
2020-12-20,5.344,5.45,5.08,5.19,9485680.4,0.00084364
2020-12-21,5.191,5.457,4.782,4.877,15555773.8,0.0005641
2020-12-22,4.879,5.181,4.801,5.154,13992355.8,0.0003
2020-12-23,5.153,5.197,4.582,4.717,13136426.7,0.0003
2020-12-24,4.717,5.207,4.631,5.115,15103613.3,0.0003
2020-12-25,5.114,5.29,5.04,5.212,9655072.7,0.0003
2020-12-26,5.213,5.295,5.076,5.193,9129517.1,0.0003
2020-12-27,5.195,5.435,4.938,5.149,22121978.6,0.0003
2020-12-28,5.151,6.737,5.111,6.608,49271746.0,0.00065051
2020-12-29,6.608,7.73,6.2,7.554,65605380.9,0.00248552
2020-12-30,7.555,7.69,7.057,7.244,43369301.8,0.00092039
2020-12-31,7.244,9.532,7.17,9.264,59255089.8,0.0011340999999999
2021-01-01,9.264,9.445,8.097,8.287,50583028.7,0.00195138
2021-01-02,8.287,9.876,7.888,9.213,64951391.2,0.0025501
2021-01-03,9.213,10.558,8.862,10.187,57323818.3,0.00351025
2021-01-04,10.188,10.584,8.666,9.524,47943722.2,0.0068219
2021-01-05,9.524,10.09,9.005,9.727,28997019.7,0.00066964
2021-01-06,9.736,10.55,9.463,10.082,30740975.8,0.00502218
2021-01-07,10.089,10.757,9.35,9.66,32630386.9,0.00311462
2021-01-08,9.663,9.846,8.8,9.303,25356450.5,0.00332642
2021-01-09,9.306,9.866,9.051,9.756,17809407.2,0.0024004
2021-01-10,9.762,10.036,8.635,9.306,22581383.8,0.00484757
2021-01-11,9.306,9.341,7.08,8.269,49149219.2,0.00076647
2021-01-12,8.262,8.717,7.927,8.299,17754425.6,0.00021378
2021-01-13,8.301,11.423,7.98,10.955,41110779.5,0.0003
2021-01-14,10.964,14.799,10.9,14.5,65840041.9,0.00165919
2021-01-15,14.53,15.021,11.771,13.158,69143443.5,0.00151059
2021-01-16,13.158,19.492,13.152,17.943,85164987.8,0.00073608
2021-01-17,17.946,18.252,16.281,17.091,50857981.8,0.0003
2021-01-18,17.09,18.25,15.801,16.601,30254407.6,0.00158349
2021-01-19,16.595,17.579,16.019,16.411,25134220.9,0.00392284
2021-01-20,16.411,18.273,14.8,18.017,43651933.4,0.00042732
2021-01-21,18.022,18.2,14.936,16.01,48007550.6,0.00048573
2021-01-22,16.016,18.021,14.666,17.134,39246882.0,0.0003
2021-01-23,17.134,18.848,16.804,18.771,32037873.3,0.0003
2021-01-24,18.774,18.786,17.23,18.002,20148331.4,0.00082731
2021-01-25,18.003,19.17,17.082,17.216,23728209.4,0.0027844
2021-01-26,17.215,17.809,16.03,17.117,17951438.2,0.0006417
2021-01-27,17.123,17.148,15.065,15.451,22808197.9,0.0008455
2021-01-28,15.448,17.506,15.276,16.896,19734954.4,0.00129116
2021-01-29,16.897,17.82,16.0,16.831,21195359.2,0.00249059
2021-01-30,16.833,17.099,16.126,16.55,12136769.3,0.00123106
2021-01-31,16.553,17.602,15.655,16.144,13949745.9,0.00231029
2021-02-01,16.144,16.579,15.703,16.468,10333533.1,0.00249644
2021-02-02,16.466,17.704,16.065,17.213,18555700.4,0.00382441
2021-02-03,17.216,20.97,16.864,20.88,38717930.2,0.00537698
2021-02-04,20.879,21.946,19.01,19.695,35648972.7,0.00662429
2021-02-05,19.695,21.472,19.377,20.881,25124472.5,0.00646609
2021-02-06,20.873,21.509,19.839,20.405,17725677.8,0.0040208599999999
2021-02-07,20.405,20.85,18.403,19.765,20961242.6,0.00311832
2021-02-08,19.765,23.777,19.2,23.04,34084912.5,0.00494004
2021-02-09,23.05,24.269,22.25,23.126,18748202.3,0.00663049
2021-02-10,23.116,25.053,21.789,23.615,27330060.5,0.0055162
2021-02-11,23.616,25.8,23.23,25.06,21511694.7,0.00439323
2021-02-12,25.063,29.85,24.525,28.702,24039557.8,0.00568628
2021-02-13,28.705,30.328,27.232,28.073,21188201.6,0.00742335
2021-02-14,28.077,29.517,26.41,26.931,15452172.9,0.00808221
2021-02-15,26.939,29.641,23.0,27.831,28367677.7,0.00257409
2021-02-16,27.842,31.1,26.797,30.12,27106901.2,0.00253741
2021-02-17,30.129,32.547,29.655,31.988,20888293.7,0.00286593
2021-02-18,31.987,32.699,30.581,31.156,10578478.3,0.0058267
2021-02-19,31.155,35.098,29.553,34.872,19566331.1,0.00515037
2021-02-20,34.878,42.395,34.752,38.979,35310361.0,0.0066842
2021-02-21,38.976,40.636,38.095,39.632,18338418.7,0.00241013
2021-02-22,39.629,39.815,30.038,37.663,31628718.7,0.00135851
2021-02-23,37.66,37.904,26.116,34.544,40564480.5,0.00059278
2021-02-24,34.554,36.84,31.839,33.642,23026108.6,0.0003
2021-02-25,33.656,35.263,30.86,31.24,16301674.8,0.0003
2021-02-26,31.255,33.528,27.953,31.449,28569767.9,0.0003
2021-02-27,31.444,35.7,31.335,33.491,25696093.9,0.00071991
2021-02-28,33.486,34.543,29.692,33.805,24909468.0,0.0003
2021-03-01,33.817,35.711,33.024,35.677,16295645.1,0.00049323
2021-03-02,35.675,37.976,34.387,36.136,20430023.0,0.0003203
2021-03-03,36.148,38.742,36.096,37.043,16145054.1,0.0003
2021-03-04,37.041,38.413,34.387,35.277,16195851.8,0.0003
2021-03-05,35.277,35.304,31.364,33.64,19390318.3,0.00073956
2021-03-06,33.643,34.251,32.09,33.395,11070924.7,0.00085969
2021-03-07,33.405,35.371,33.404,35.132,10300042.8,0.00183621
2021-03-08,35.14,35.603,33.463,35.023,11075215.3,0.00176301
2021-03-09,35.025,38.962,34.576,38.291,20194589.0,0.00424325
2021-03-10,38.293,39.635,36.318,37.584,21562003.8,0.00373374
2021-03-11,37.596,38.111,35.879,36.957,15347670.4,0.00247024
2021-03-12,36.954,37.552,34.386,35.957,12707699.1,0.00303203
2021-03-13,35.981,38.412,34.74,37.242,12412835.8,0.0028606
2021-03-14,37.255,38.049,36.313,36.454,10328726.9,0.0040097599999999
2021-03-15,36.453,38.652,33.699,34.33,18687485.3,0.00250635
2021-03-16,34.321,35.583,32.01,35.44,15057332.1,0.00068249
2021-03-17,35.44,36.48,34.418,36.154,12297926.3,0.00140133
2021-03-18,36.153,37.072,35.335,35.386,10298064.1,0.00258572
2021-03-19,35.388,38.96,34.643,38.252,17582921.3,0.0017011
2021-03-20,38.24,40.21,37.19,37.272,15773431.3,0.004437
2021-03-21,37.272,38.151,36.129,36.723,12061765.0,0.00215902
2021-03-22,36.727,37.844,35.052,35.278,12373196.3,0.00227789
2021-03-23,35.284,36.337,34.046,34.237,10775906.4,0.00114313
2021-03-24,34.232,36.165,27.12,30.193,21832780.8,0.00078334
2021-03-25,30.203,31.275,28.397,29.807,26515392.5,0.0003
2021-03-26,29.807,33.4,29.792,33.195,13493384.0,0.0003
2021-03-27,33.187,33.534,31.158,32.628,12413221.4,0.00131397
2021-03-28,32.626,33.284,31.258,32.269,8338671.6,0.0016137
2021-03-29,32.27,34.775,31.792,34.391,11325373.4,0.00176982
2021-03-30,34.391,34.9,33.554,34.039,8716009.4,0.00253756
2021-03-31,34.046,38.366,33.24,37.122,23952931.8,0.00320674
2021-04-01,37.122,39.086,36.111,37.511,15231237.5,0.00355184
2021-04-02,37.514,41.507,36.66,41.135,17315062.5,0.00349849
2021-04-03,41.135,46.899,41.047,41.421,35312275.3,0.00538295
2021-04-04,41.43,45.164,40.739,44.372,16594721.6,0.00207529
2021-04-05,44.374,46.008,41.859,45.93,16534010.9,0.00397517
2021-04-06,45.923,46.471,41.681,43.4,17487479.8,0.00590887
2021-04-07,43.404,43.578,37.651,39.571,22515789.6,0.0028369399999999
2021-04-08,39.575,41.666,39.272,41.372,11017036.4,0.00220064
2021-04-09,41.365,42.168,40.136,40.847,8688716.3,0.00270334
2021-04-10,40.847,42.871,40.011,41.657,11149156.6,0.00422189
2021-04-11,41.663,41.998,40.1,41.4,8469809.2,0.00493421
2021-04-12,41.411,41.877,39.429,40.539,9371896.6,0.00564354
2021-04-13,40.539,43.582,39.909,43.021,14998428.7,0.0070619099999999
2021-04-14,43.03,44.732,40.026,42.584,20585845.8,0.00724407
2021-04-15,42.582,44.5,41.522,43.494,15846396.0,0.0046850699999999
2021-04-16,43.495,43.888,40.01,41.451,18525254.5,0.00671714
2021-04-17,41.45,48.539,41.435,42.09,33488005.4,0.00587764
2021-04-18,42.099,42.772,31.176,37.356,48189400.2,0.00163082
2021-04-19,37.356,38.735,33.958,34.767,22129685.5,0.00039125
2021-04-20,34.774,35.8,31.549,35.42,23355838.0,0.00048894
2021-04-21,35.423,36.358,33.047,33.817,18123651.9,0.00039419
2021-04-22,33.827,36.83,32.802,32.963,22982564.2,0.0010997
2021-04-23,32.96,33.535,26.452,32.257,33395778.1,0.00038104
2021-04-24,32.255,32.429,28.555,29.0,16745239.8,0.0003
2021-04-25,29.0,31.349,28.1,29.831,14293436.1,0.00036528
2021-04-26,29.839,33.5,29.751,33.41,15063885.9,0.0003
2021-04-27,33.408,34.988,33.184,34.824,13514086.9,0.00065605
2021-04-28,34.836,35.437,32.6,34.0,13264606.2,0.0010837199999999
2021-04-29,33.996,36.015,33.01,35.989,12659208.0,0.0011572499999999
2021-04-30,35.992,36.866,35.137,36.553,15819473.6,0.0009122
2021-05-01,36.554,37.421,35.789,36.959,11979611.1,0.00175067
2021-05-02,36.957,37.232,35.47,36.658,11217607.8,0.00155053
2021-05-03,36.655,38.381,36.633,37.296,14684144.2,0.00165252
2021-05-04,37.306,38.002,34.4,34.796,21499084.4,0.0017656199999999
2021-05-05,34.798,40.849,34.555,40.477,21794009.5,0.00191936
2021-05-06,40.476,44.215,38.026,41.637,30580933.5,0.00390355
2021-05-07,41.642,42.805,38.3,39.865,22928084.6,0.00319508
2021-05-08,39.871,40.73,38.748,39.953,10914755.8,0.00161835
2021-05-09,39.956,40.6,38.198,40.347,14289094.3,0.00156859
2021-05-10,40.328,41.895,32.0,36.479,23334284.5,0.00158236
2021-05-11,36.479,38.708,35.58,38.665,14215182.8,0.00045543
2021-05-12,38.665,42.571,33.644,35.072,29184708.6,0.00125722
2021-05-13,35.072,41.926,32.8,40.027,45175868.6,0.00038302
2021-05-14,40.028,48.184,39.433,48.063,37234079.4,0.00087995
2021-05-15,48.064,49.855,42.783,43.66,41668486.9,0.00161781
2021-05-16,43.673,46.773,39.3,42.461,27139702.3,0.00107125
2021-05-17,42.466,42.55,35.132,38.732,30985017.6,0.00106504
2021-05-18,38.725,42.599,37.688,40.616,24162448.2,0.00117228
2021-05-19,40.642,41.445,15.376,25.061,69636761.5,1.190999999999996e-05
2021-05-20,25.051,31.3,21.071,28.942,51882967.0,0.0003
2021-05-21,28.941,31.01,19.959,24.4,50897272.6,0.0003
2021-05-22,24.389,24.618,20.312,22.052,36868429.3,0.0003
2021-05-23,22.06,23.467,13.611,17.906,68972958.8,0.0003
2021-05-24,17.905,23.477,17.071,23.268,44312245.8,0.0003
2021-05-25,23.26,24.218,19.615,22.141,34542082.3,0.0003
2021-05-26,22.141,24.788,21.612,24.529,27287311.3,0.0003
2021-05-27,24.529,24.97,21.746,23.995,25085377.1,0.0003
2021-05-28,23.996,26.231,20.03,21.349,52769895.8,0.0003
2021-05-29,21.349,22.326,18.784,19.876,26769573.8,0.0003
2021-05-30,19.88,21.344,18.407,20.458,23142997.4,0.0003
2021-05-31,20.458,23.446,19.068,23.25,25315029.7,0.0003
2021-06-01,23.262,23.534,21.685,22.817,24576974.9,0.0003
2021-06-02,22.819,26.849,22.64,25.886,34786653.3,-0.0001151299999999
2021-06-03,25.886,28.597,25.647,26.987,35665652.3,-9.635e-05
2021-06-04,26.988,27.003,23.6,24.967,34624023.6,4.898e-05
2021-06-05,24.973,26.374,22.9,23.746,22840790.9,-0.00020458
2021-06-06,23.747,24.45,23.539,24.178,12873058.2,-7.787e-05
2021-06-07,24.175,25.288,21.269,21.687,23457575.6,0.00020348
2021-06-08,21.686,22.286,19.587,21.635,38004187.5,0.00029969
2021-06-09,21.633,23.325,20.353,23.207,26688626.4,-3.013e-05
2021-06-10,23.207,24.578,22.036,22.675,28096383.4,0.0003
2021-06-11,22.676,23.198,20.471,20.937,18997513.4,0.0003
2021-06-12,20.936,21.261,19.509,20.728,20924178.8,0.0003
2021-06-13,20.728,22.395,19.911,22.03,17037257.6,0.0003
2021-06-14,22.032,26.036,21.225,25.84,41834034.8,0.0003
2021-06-15,25.841,26.0,23.5,23.934,35537688.2,0.0003
2021-06-16,23.937,24.58,22.452,23.026,28727498.9,0.0003
2021-06-17,23.023,23.993,21.967,22.527,18336659.5,0.0003
2021-06-18,22.529,22.562,20.191,21.418,20843008.4,0.0003
2021-06-19,21.418,21.617,20.205,20.213,17253237.4,0.00024811
2021-06-20,20.214,20.98,18.854,20.605,22152654.8,0.0003
2021-06-21,20.605,20.787,15.34,15.697,54761734.9,0.00019534
2021-06-22,15.699,16.918,12.97,14.674,72808740.9,-0.00020322
2021-06-23,14.675,16.8,13.948,15.788,40368584.0,8.61e-05
2021-06-24,15.79,16.598,14.706,16.217,27200966.5,0.00018081
2021-06-25,16.214,16.741,14.4,14.406,31815134.7,0.00017663
2021-06-26,14.406,14.97,13.606,14.498,30239886.9,8.604000000000001e-05
2021-06-27,14.491,15.0,14.017,14.988,24244372.4,-0.00011388
2021-06-28,14.989,16.009,14.591,15.795,26239814.4,0.00023915
2021-06-29,15.795,17.025,15.705,16.304,31966172.9,0.0003
2021-06-30,16.304,16.63,15.077,16.388,28852256.4,0.0003
2021-07-01,16.384,16.401,14.834,15.162,22341116.7,0.00029017
2021-07-02,15.162,15.448,14.602,15.275,17574693.0,9.843e-05
2021-07-03,15.275,15.746,15.008,15.519,13044778.1,0.00014589
2021-07-04,15.519,16.578,15.152,15.97,15144051.4,0.0003
2021-07-05,15.971,15.978,14.731,15.213,18190474.9,0.00021402
2021-07-06,15.22,16.193,15.179,16.126,24561239.2,0.000245
2021-07-07,16.126,17.666,16.082,16.862,40590075.9,0.0003
2021-07-08,16.862,16.895,14.976,15.311,29738652.6,0.0003
2021-07-09,15.304,15.918,14.811,15.673,20480387.2,0.00024754
2021-07-10,15.674,15.987,15.022,15.272,16008845.8,0.0003
2021-07-11,15.272,15.7,15.134,15.494,13578416.3,0.0003
2021-07-12,15.494,15.656,14.4,14.836,17688426.3,0.0003
2021-07-13,14.835,15.1,14.003,14.186,16443101.0,0.0003
2021-07-14,14.183,14.219,13.151,13.793,26236867.1,-2.686e-05
2021-07-15,13.792,14.1,12.734,13.091,23527321.1,0.00027562
2021-07-16,13.092,13.306,11.98,12.013,28385974.8,0.00027688
2021-07-17,12.013,12.739,11.7,12.29,34749253.4,-4.849999999999982e-06
2021-07-18,12.289,12.929,12.249,12.636,25000760.5,0.00028985
2021-07-19,12.641,12.73,11.345,11.45,30861646.5,0.00012444
2021-07-20,11.45,11.549,10.357,10.952,37607589.8,-0.0004557899999999
2021-07-21,10.953,12.854,10.654,12.336,46652172.6,-0.00068766
2021-07-22,12.336,13.371,11.798,13.144,36112055.5,-9.198e-05
2021-07-23,13.143,13.522,12.317,13.386,28510543.3,0.00014902
2021-07-24,13.388,14.048,13.115,13.749,27428494.8,0.00017096
2021-07-25,13.75,13.821,13.079,13.723,21684688.9,0.00025053
2021-07-26,13.721,15.282,13.618,13.915,51792195.4,0.00020019
2021-07-27,13.914,14.524,13.361,14.346,32345497.7,-0.00013391
2021-07-28,14.347,14.749,13.9,14.529,28883801.5,1.1960000000000004e-05
2021-07-29,14.529,15.392,14.232,15.252,27551886.4,0.00026613
2021-07-30,15.252,15.839,14.394,15.779,30154215.5,0.0003
2021-07-31,15.778,17.0,15.556,16.766,31238377.9,0.00018143
2021-08-01,16.764,19.927,16.53,18.422,94668300.9,6.118000000000001e-05
2021-08-02,18.423,18.965,17.56,17.986,54177784.0,0.0003
2021-08-03,17.985,18.55,16.8,17.428,41962735.5,0.0003
2021-08-04,17.426,19.592,17.094,19.153,45395116.8,0.0003
2021-08-05,19.149,19.485,17.839,19.133,47810545.4,0.0003
2021-08-06,19.133,20.814,18.523,20.426,44200768.2,0.0003
2021-08-07,20.427,21.707,20.028,20.985,40170954.4,0.00033185
2021-08-08,20.986,21.24,19.204,19.666,29578535.0,0.00033109
2021-08-09,19.666,21.28,18.705,20.578,36089657.3,0.0003
2021-08-10,20.577,21.455,20.101,20.62,33845442.6,0.0004137299999999
2021-08-11,20.626,22.498,20.563,21.362,43108436.2,0.00088224
2021-08-12,21.362,22.359,19.923,20.763,36201793.2,0.0005489
2021-08-13,20.764,22.757,20.51,22.747,30500605.4,0.00036428
2021-08-14,22.747,23.5,21.802,22.855,31189201.2,0.00060869
2021-08-15,22.855,23.368,21.85,23.162,24938208.8,0.0005410899999999
2021-08-16,23.164,25.74,22.836,24.445,55493055.6,0.00161617
2021-08-17,24.447,27.456,23.01,23.568,70497603.7,0.00069235
2021-08-18,23.567,25.181,22.431,23.882,48068193.7,0.0003
2021-08-19,23.875,26.87,23.458,26.61,41113110.6,0.0003
2021-08-20,26.607,28.51,26.111,28.186,42668724.8,0.00072074
2021-08-21,28.186,29.394,27.48,27.887,38463357.0,0.00140743
2021-08-22,27.886,28.563,26.525,27.712,30327795.0,0.00122215
2021-08-23,27.707,28.666,27.3,27.901,26976576.4,0.00201556
2021-08-24,27.902,28.215,24.23,25.09,34977302.6,0.00174005
2021-08-25,25.091,26.573,24.377,26.005,30382922.4,0.0003
2021-08-26,26.004,26.418,23.445,23.927,30107356.8,0.0003
2021-08-27,23.926,26.829,23.461,26.555,31974512.8,0.0003
2021-08-28,26.552,26.787,25.41,25.973,17867741.7,0.00074952
2021-08-29,25.975,26.486,25.259,25.726,16704083.9,0.00040866
2021-08-30,25.726,27.605,24.317,26.073,32540808.7,0.00052451
2021-08-31,26.074,31.977,25.64,31.359,105365388.8,0.00089304
2021-09-01,31.357,33.88,29.634,33.237,64114346.2,0.00086016
2021-09-02,33.236,33.26,31.3,31.817,33466623.1,0.00178135
2021-09-03,31.816,34.1,30.9,33.601,36441546.2,0.0013452199999999
2021-09-04,33.606,34.202,32.024,32.438,21887428.8,0.0016240399999999
2021-09-05,32.439,34.81,32.012,34.463,23732396.0,0.00183316
2021-09-06,34.469,35.16,32.119,34.371,30813038.2,0.0016774
2021-09-07,34.371,35.759,20.835,27.982,84323825.7,-0.0002342399999999
2021-09-08,27.989,28.899,25.207,27.779,42764924.7,0.0003
2021-09-09,27.777,31.88,27.016,29.844,38270874.7,0.0003
2021-09-10,29.842,32.686,27.99,29.199,52826856.7,0.0003
2021-09-11,29.198,32.131,28.254,31.593,33026167.0,0.0003
2021-09-12,31.598,36.5,30.678,35.811,55889391.5,0.0003
2021-09-13,35.823,38.0,31.0,34.876,106994551.8,0.0003
2021-09-14,34.855,38.745,34.101,37.379,55607103.5,0.0003
2021-09-15,37.378,37.999,35.552,36.493,26551744.8,0.0003
2021-09-16,36.493,37.008,34.005,35.514,28842268.3,0.0004343599999999
2021-09-17,35.514,36.97,32.112,33.051,32757226.7,0.0003
2021-09-18,33.054,35.9,32.525,34.902,22954106.5,0.0003
2021-09-19,34.9,34.935,33.041,33.867,18463752.7,0.0003
2021-09-20,33.872,33.931,26.506,28.314,56309226.6,0.0003
2021-09-21,28.315,30.357,25.476,26.374,47598900.7,0.0003
2021-09-22,26.371,31.999,25.892,31.564,38232366.0,0.00015733
2021-09-23,31.56,33.572,30.36,33.384,27152983.4,0.00020743
2021-09-24,33.379,33.507,27.821,30.761,54189478.0,0.0002006
2021-09-25,30.762,32.204,29.413,29.808,27140895.1,0.0003
2021-09-26,29.808,30.038,26.753,28.822,32635631.6,0.00026286
2021-09-27,28.819,30.23,27.552,27.688,23263952.4,0.0002722
2021-09-28,27.689,28.357,26.112,26.29,20068000.6,0.0002528
2021-09-29,26.29,28.567,26.088,27.253,21925032.1,0.00021862
2021-09-30,27.254,28.979,27.115,28.596,18385453.7,0.00028811
2021-10-01,28.601,32.319,28.478,31.937,26040341.8,5.0660000000000006e-05
2021-10-02,31.943,33.408,31.505,32.014,17222655.9,0.0003
2021-10-03,32.02,32.698,31.153,32.131,15506942.5,0.0003
2021-10-04,32.129,32.131,30.03,31.169,18471363.3,0.0003
2021-10-05,31.169,32.172,30.504,31.421,16066829.9,0.0003
2021-10-06,31.423,33.092,29.115,32.223,26945067.9,0.00033867
2021-10-07,32.226,35.369,30.922,34.025,41586720.1,0.00087853
2021-10-08,34.025,34.536,33.055,33.385,20733158.5,0.00116744
2021-10-09,33.387,36.93,33.011,36.371,25172934.6,0.00048852
2021-10-10,36.375,37.494,34.139,34.442,27482296.0,0.00080006
2021-10-11,34.44,36.126,33.26,34.135,22308093.1,0.00068026
2021-10-12,34.135,35.446,32.075,35.185,26970777.0,0.0003
2021-10-13,35.188,43.271,33.62,41.756,73714861.8,0.0003
2021-10-14,41.751,42.582,39.285,40.699,45166624.1,0.00104072
2021-10-15,40.702,44.28,39.471,43.308,49308279.5,0.00067124
2021-10-16,43.306,44.848,41.3,41.775,26739508.2,0.00116446
2021-10-17,41.777,42.961,39.387,42.151,22005669.8,0.0010436199999999
2021-10-18,42.148,43.307,40.273,41.185,22190761.9,0.00107391
2021-10-19,41.184,41.7,40.025,41.387,16096615.6,0.00043744
2021-10-20,41.383,45.308,41.1,44.457,28158399.0,0.00061074
2021-10-21,44.455,45.591,41.85,42.873,31016369.8,0.00140261
2021-10-22,42.87,46.458,42.719,43.532,35461121.7,0.0005146
2021-10-23,43.531,44.795,43.11,43.975,15579273.2,0.00060563
2021-10-24,43.975,44.199,41.313,42.333,14751786.2,0.00070942
2021-10-25,42.33,44.841,42.153,44.583,14860012.2,0.00049516
2021-10-26,44.583,46.054,43.25,44.965,19315146.9,0.00127001
2021-10-27,44.967,45.831,38.02,40.445,32303526.3,0.00058056
2021-10-28,40.445,43.131,39.775,41.853,18471622.4,0.0003
2021-10-29,41.853,44.392,41.6,44.207,15835293.1,0.00055886
2021-10-30,44.208,44.345,42.111,42.778,9096984.9,0.00055486
2021-10-31,42.777,43.424,41.03,42.811,10785550.9,0.0009954999999999
2021-11-01,42.808,51.633,41.714,50.037,43009025.0,0.00106446
2021-11-02,50.028,53.44,48.1,51.74,33447256.0,0.00149563
2021-11-03,51.738,54.621,49.084,53.406,28157559.6,0.00140536
2021-11-04,53.407,55.2,52.25,53.879,21391153.6,0.0011196
2021-11-05,53.883,53.985,50.646,51.789,13965514.8,0.00119007
2021-11-06,51.789,52.43,49.0,52.059,12779187.6,0.0007042799999999
2021-11-07,52.058,53.56,51.33,52.267,12230871.1,0.00038894
2021-11-08,52.267,53.927,51.72,53.424,13636726.1,0.00143514
2021-11-09,53.419,53.465,50.5,50.779,13870221.1,0.00041588
2021-11-10,50.786,52.046,41.36,46.737,34815511.8,0.00031096
2021-11-11,46.739,49.442,45.544,47.437,18187408.0,0.00021716
2021-11-12,47.433,47.719,44.014,45.891,19978813.6,0.0003
2021-11-13,45.894,47.539,44.868,47.045,10674087.2,0.0003
2021-11-14,47.049,47.833,45.051,46.409,8563313.1,0.0003
2021-11-15,46.411,47.509,44.5,44.808,13077619.0,0.00045644
2021-11-16,44.807,44.808,37.53,40.828,33738779.7,0.00040185
2021-11-17,40.827,42.782,38.73,42.749,19615169.5,0.0003
2021-11-18,42.748,43.261,37.5,39.011,26805216.1,0.00024412
2021-11-19,39.017,42.252,38.35,41.21,16562350.6,0.0003
2021-11-20,41.21,42.124,39.823,42.11,11606668.8,3.361e-05
2021-11-21,42.112,43.574,40.64,41.96,13578896.8,0.0003
2021-11-22,41.961,42.286,38.81,39.487,16031771.1,0.0003
2021-11-23,39.48,41.5,38.531,40.784,13818859.3,0.0003
2021-11-24,40.781,40.938,38.076,38.316,11972922.2,0.00037313
2021-11-25,38.317,40.963,38.05,39.518,13323822.5,0.00060443
2021-11-26,39.519,39.657,33.6,34.527,29766258.6,0.00046393
2021-11-27,34.525,35.94,34.4,35.132,11373149.8,-0.00040914
2021-11-28,35.132,35.833,32.13,35.733,21323523.8,-0.00073236
2021-11-29,35.725,37.5,35.361,37.084,15714889.0,-0.00032442
2021-11-30,37.084,39.333,35.361,37.931,22072037.5,-0.00030767
2021-12-01,37.93,38.773,36.192,36.755,14668773.7,0.00020407
2021-12-02,36.755,36.785,35.044,35.749,11790603.0,0.0003
2021-12-03,35.749,36.851,32.355,33.689,18939575.2,0.0003
2021-12-04,33.684,33.858,23.671,29.365,45892063.4,-0.0014927399999999
2021-12-05,29.364,29.73,26.284,28.292,20250448.7,-0.0002579299999999
2021-12-06,28.304,28.923,24.818,28.124,29237644.8,-8.769999999999999e-06
2021-12-07,28.121,31.475,27.684,30.454,24006730.5,-5.932e-05
2021-12-08,30.454,30.61,28.0,29.813,18600175.6,0.00023696
2021-12-09,29.813,30.116,26.766,26.884,19058479.2,0.00019069
2021-12-10,26.886,28.406,25.683,26.404,23744355.2,4.955000000000001e-05
2021-12-11,26.41,28.174,25.781,27.803,20051443.8,4.328e-05
2021-12-12,27.802,29.992,27.277,29.52,15117166.4,-0.00019096
2021-12-13,29.517,29.832,25.512,25.953,26254269.3,-7.317e-05
2021-12-14,25.95,26.67,24.95,26.119,20359273.2,-8.112e-05
2021-12-15,26.12,27.997,24.261,27.116,28658289.7,4.390000000000001e-05
2021-12-16,27.122,27.825,25.7,26.01,24436181.9,0.00013929
2021-12-17,26.009,26.202,24.13,24.628,21359972.0,0.0003
2021-12-18,24.629,25.713,24.2,25.474,15800459.6,0.00029017
2021-12-19,25.474,25.857,24.617,24.767,13641019.5,0.0003
2021-12-20,24.763,24.999,23.251,24.059,18431820.3,0.0003
2021-12-21,24.059,25.587,23.717,25.141,18229956.8,0.00018985
2021-12-22,25.142,28.234,24.961,27.207,28884429.9,5.6769999999999993e-05
2021-12-23,27.207,29.777,26.721,29.144,28928399.3,0.00012293
2021-12-24,29.142,29.643,27.81,28.131,17991176.3,2.5800000000000016e-06
2021-12-25,28.132,29.095,27.93,28.834,11477175.3,0.0002968
2021-12-26,28.837,31.7,28.24,31.298,25868890.8,0.00014463
2021-12-27,31.298,32.764,30.813,30.974,25868211.0,-8.431999999999998e-05
2021-12-28,30.97,30.976,27.42,27.823,36203499.2,0.0003
2021-12-29,27.828,28.945,26.44,26.79,23835574.8,0.0003
2021-12-30,26.791,28.383,26.15,27.523,20441980.0,8.094000000000001e-05
2021-12-31,27.519,28.119,26.219,26.645,22435707.5,0.00022133
2022-01-01,26.65,28.62,26.643,28.579,14988398.0,2.152000000000001e-05
2022-01-02,28.576,30.596,27.801,29.673,27950212.5,-0.00051855
2022-01-03,29.674,30.86,28.618,30.089,36988081.9,0.00024112
2022-01-04,30.096,30.589,28.666,28.677,28789374.7,0.0003
2022-01-05,28.686,30.362,24.998,26.684,37212930.2,0.0003
2022-01-06,26.689,27.325,25.485,26.698,27543289.4,-6.307e-05
2022-01-07,26.694,26.833,24.224,24.897,32861035.3,9.25e-05
2022-01-08,24.897,25.52,23.1,23.974,22448050.7,0.0003
2022-01-09,23.975,25.3,23.665,24.625,18954295.5,0.00024448
2022-01-10,24.624,25.194,22.32,23.705,28027375.8,-0.00024749
2022-01-11,23.707,25.988,23.465,25.536,22802178.8,-7.92e-05
2022-01-12,25.537,27.569,25.438,27.303,20445816.7,-0.00027492
2022-01-13,27.302,27.69,25.697,25.775,18305559.0,7.618e-05
2022-01-14,25.774,27.85,25.513,27.73,22863039.2,0.00019851
2022-01-15,27.73,28.396,26.801,27.582,15658517.2,-0.00019513
2022-01-16,27.582,28.445,27.241,27.675,18820218.2,-5.696999999999999e-05
2022-01-17,27.674,27.738,25.074,25.669,19521150.1,-0.0003227
2022-01-18,25.668,26.045,24.224,25.116,18920710.6,-0.0003148799999999
2022-01-19,25.115,25.279,23.659,24.05,18413721.7,-0.00037001
2022-01-20,24.046,25.588,22.824,22.976,20432823.3,-0.0002849
2022-01-21,22.974,23.448,18.982,19.628,41800006.5,-0.00111824
2022-01-22,19.628,20.171,16.1,18.253,57958701.9,-0.00135182
2022-01-23,18.254,19.187,17.714,18.791,29114786.1,-0.0002056
2022-01-24,18.791,18.805,15.805,18.006,45532422.1,-0.00019598
2022-01-25,18.002,19.031,17.36,18.299,27221057.8,-0.00042559
2022-01-26,18.294,20.051,17.513,18.06,33647185.4,-0.00073033
2022-01-27,18.059,18.469,17.12,18.091,26984485.6,-0.00076649
2022-01-28,18.09,18.481,17.333,18.318,21264941.9,-0.00064803
2022-01-29,18.317,19.044,18.061,18.724,14280516.2,-0.00035899
2022-01-30,18.724,18.985,17.777,18.118,16097806.7,-0.00057016
2022-01-31,18.118,19.6,17.109,19.368,24608512.0,-0.00097885
2022-02-01,19.369,19.987,19.13,19.553,22974107.9,-0.00048364
2022-02-02,19.552,20.569,18.518,18.753,30896685.4,-0.00015585
2022-02-03,18.753,19.0,17.954,18.897,22460380.0,-0.0005485
2022-02-04,18.897,20.518,18.691,20.475,24061802.0,-0.00045657
2022-02-05,20.475,22.27,20.287,21.312,24443593.0,-3.6320000000000005e-05
2022-02-06,21.312,21.923,20.766,21.894,12715213.1,-8.679e-05
2022-02-07,21.894,22.681,21.369,22.346,21576236.4,-0.00039747
2022-02-08,22.351,23.173,21.047,21.646,24626395.9,-0.00043882
2022-02-09,21.645,22.231,21.0,21.929,13604113.1,-0.0002705999999999
2022-02-10,21.927,22.458,20.469,20.496,24086278.6,-0.00036691
2022-02-11,20.497,20.705,18.558,18.955,21831425.7,4.9930000000000005e-05
2022-02-12,18.954,19.41,18.228,18.806,16153970.8,-0.00019149
2022-02-13,18.811,19.265,18.369,18.722,12261239.0,-0.0003324
2022-02-14,18.721,18.924,18.0,18.687,14765171.9,-0.00025014
2022-02-15,18.687,20.329,18.628,20.153,16241987.8,-0.00046683
2022-02-16,20.153,20.181,19.028,19.749,16946625.8,-1.4529999999999998e-05
2022-02-17,19.75,19.999,17.77,18.142,20893624.2,-6.840000000000009e-06
2022-02-18,18.144,18.599,17.581,17.797,18331993.6,-0.00054534
2022-02-19,17.796,18.207,17.321,17.833,11407096.1,-0.00035978
2022-02-20,17.829,17.854,16.645,16.898,17469956.0,-0.0005382
2022-02-21,16.898,17.725,16.0,16.163,30955176.3,-0.0004165
2022-02-22,16.162,16.717,15.768,16.584,24104101.6,-0.00066235
2022-02-23,16.585,17.498,15.9,15.958,28930439.4,-0.00036707
2022-02-24,15.957,16.743,14.022,16.152,52243524.1,-0.00111178
2022-02-25,16.152,17.518,15.761,17.239,23302312.8,-0.00044171
2022-02-26,17.239,18.798,17.156,18.019,31320811.0,-0.0002712299999999
2022-02-27,18.019,18.726,17.04,17.48,30107585.5,7.809999999999995e-06
2022-02-28,17.48,19.096,16.589,18.923,33143291.7,-0.00013482
2022-03-01,18.92,19.546,18.3,18.887,29292185.2,-0.00026018
2022-03-02,18.888,19.248,18.324,18.601,20983774.4,-1.023e-05
2022-03-03,18.6,18.655,17.737,18.011,18398955.6,-0.00013612
2022-03-04,18.013,18.054,16.471,16.772,21772318.2,-8.183e-05
2022-03-05,16.773,17.79,16.174,17.306,18731204.7,-0.0004528
2022-03-06,17.307,17.58,16.511,16.983,18098387.4,-0.00043473
2022-03-07,16.981,17.117,15.977,16.382,24956044.8,-0.00055473
2022-03-08,16.382,17.25,16.289,16.952,18661439.3,-0.0007144
2022-03-09,16.954,18.079,16.866,17.848,16449857.2,-0.00041208
2022-03-10,17.85,17.926,16.649,16.956,16666341.9,-0.00060559
2022-03-11,16.955,18.479,16.669,17.678,33785458.8,-0.0004223999999999
2022-03-12,17.679,18.737,17.659,18.133,24898659.6,-0.00037139
2022-03-13,18.133,18.381,17.106,17.206,18040412.3,-0.00013768
2022-03-14,17.207,17.844,17.0,17.68,17182171.8,-0.00034885
2022-03-15,17.68,18.044,17.034,17.793,15870674.2,-0.00054393
2022-03-16,17.793,19.17,17.67,19.034,24051005.2,-0.0002396799999999
2022-03-17,19.033,19.346,18.612,18.735,14412698.4,6.138e-05
2022-03-18,18.735,19.189,18.11,18.936,16249228.7,-0.00012816
2022-03-19,18.935,19.78,18.839,19.384,17391269.1,-0.0002642
2022-03-20,19.384,19.457,18.287,18.639,14100193.8,-0.00016154
2022-03-21,18.64,19.054,18.374,18.731,15217463.5,-0.000602
2022-03-22,18.73,20.469,18.653,20.203,22069189.1,-0.00018449
2022-03-23,20.203,21.132,19.781,21.005,22765932.7,-0.00036924
2022-03-24,21.006,21.508,20.222,21.236,18762962.2,-0.00037866
2022-03-25,21.237,21.365,20.157,20.52,14880055.3,-0.00030361
2022-03-26,20.522,21.019,20.229,20.899,9843189.6,-7.263999999999998e-05
2022-03-27,20.899,22.462,20.7,22.44,14114842.5,-0.0002823
2022-03-28,22.44,23.322,21.76,21.962,20042315.3,-0.00016421
2022-03-29,21.962,22.941,21.813,22.416,17578336.4,-0.00028691
2022-03-30,22.414,22.986,21.575,22.443,19526653.8,0.0001023299999999
2022-03-31,22.442,23.058,21.061,21.315,23314064.8,-1.1759999999999982e-05
2022-04-01,21.315,22.15,20.561,22.051,19000303.6,-0.0001962
2022-04-02,22.053,23.848,21.931,22.595,26996725.7,0.00026968
2022-04-03,22.592,23.563,22.503,23.194,19286531.1,0.00025568
2022-04-04,23.195,23.218,21.568,22.882,20126576.9,-7.180999999999999e-05
2022-04-05,22.882,23.104,21.668,21.76,16806315.4,-7.11e-05
2022-04-06,21.76,21.808,19.689,19.822,24803529.2,-0.00038306
2022-04-07,19.82,20.643,19.426,20.376,15131425.9,-0.00050458
2022-04-08,20.374,20.565,19.111,19.407,14673686.7,-0.00017929
2022-04-09,19.408,19.818,19.269,19.747,8373768.3,-0.00014427
2022-04-10,19.748,20.23,19.135,19.217,11712867.5,0.00012645
2022-04-11,19.217,19.276,16.96,17.191,26642025.2,-0.00029318
2022-04-12,17.192,18.018,17.142,17.756,18604258.2,-0.00080142
2022-04-13,17.756,18.293,17.36,18.182,16951805.6,-0.00066721
2022-04-14,18.182,18.473,17.449,17.897,18575296.7,-0.00058072
2022-04-15,17.897,18.455,17.764,18.329,16161236.0,-0.00034991
2022-04-16,18.33,18.683,18.15,18.585,13548156.9,-0.00015186
2022-04-17,18.586,18.81,17.618,17.718,13286935.0,6.39e-06
2022-04-18,17.717,18.379,17.075,18.142,19476628.9,-0.0004543299999999
2022-04-19,18.142,18.941,18.027,18.873,13852983.2,-0.00018271
2022-04-20,18.873,19.538,18.529,19.075,19505919.0,-1.1780000000000002e-05
2022-04-21,19.076,19.676,18.006,18.158,18025403.7,0.000137
2022-04-22,18.157,18.518,18.052,18.269,12347896.1,-0.0001135
2022-04-23,18.268,19.247,17.931,18.686,14314290.4,-0.00026702
2022-04-24,18.687,19.15,18.035,18.149,14031968.4,-0.0001027
2022-04-25,18.15,18.241,17.101,18.091,20350772.9,-0.00046528
2022-04-26,18.091,18.326,16.352,16.661,19788807.1,-0.00022085
2022-04-27,16.662,17.257,16.464,16.933,14341038.0,-0.00063875
2022-04-28,16.932,17.41,16.641,16.971,16453846.0,-0.0005883199999999
2022-04-29,16.971,17.059,15.973,16.177,14121915.2,-0.00038577
2022-04-30,16.177,16.433,14.134,14.479,18882556.3,-0.0001375
2022-05-01,14.479,15.511,14.471,15.332,16100677.4,-0.00105586
2022-05-02,15.334,15.579,14.531,14.954,19434835.1,-0.00089877
2022-05-03,14.954,15.237,14.495,14.719,13511369.5,-0.00028175
2022-05-04,14.72,16.34,14.65,16.318,21911201.0,-0.0003882599999999
2022-05-05,16.319,16.443,13.98,14.569,28875688.3,-0.00020959
2022-05-06,14.569,14.654,13.76,14.319,23579231.0,-0.0006546
2022-05-07,14.319,14.365,13.342,13.737,17058982.0,-0.00031663
2022-05-08,13.736,13.871,13.009,13.246,23048666.9,-0.00028905
2022-05-09,13.246,13.48,10.47,10.613,69064860.1,-0.00064683
2022-05-10,10.612,12.437,10.29,11.34,69517563.0,-0.0002742499999999
2022-05-11,11.34,11.639,7.888,9.068,102811577.3,-0.00192112
2022-05-12,9.067,9.51,7.243,8.692,91665751.1,-0.00220786
2022-05-13,8.69,11.787,8.545,10.456,65430387.6,-0.00065708
2022-05-14,10.457,11.558,9.751,11.294,45806839.6,-0.00034406
2022-05-15,11.292,11.848,10.556,11.797,34921473.3,-0.0005842
2022-05-16,11.795,11.802,10.352,10.62,35700630.0,-0.00046285
2022-05-17,10.621,11.332,10.406,11.024,27914685.2,-0.00052428
2022-05-18,11.024,11.171,9.425,9.481,34308517.4,-0.0004094099999999
2022-05-19,9.482,10.399,9.207,10.022,34743177.1,-0.00048499
2022-05-20,10.021,10.254,9.432,9.656,30124740.4,-0.00047427
2022-05-21,9.657,10.096,9.457,9.982,17966724.7,-0.00056001
2022-05-22,9.982,10.329,9.857,10.146,17842924.0,-0.00044915
2022-05-23,10.145,10.728,9.793,9.884,33885480.3,-0.00051427
2022-05-24,9.884,10.266,9.55,10.179,31514284.2,-0.00061031
2022-05-25,10.178,10.327,9.76,9.864,25099242.8,-0.00049812
2022-05-26,9.864,9.997,8.798,9.129,44392582.1,-0.00082674
2022-05-27,9.128,10.0,8.557,9.116,70580135.4,-0.00093206
2022-05-28,9.116,9.8,8.951,9.639,30920430.1,-0.00087436
2022-05-29,9.639,10.04,9.322,9.971,31934381.7,-0.00062599
2022-05-30,9.972,10.794,9.897,10.459,34024125.6,-0.0001894
2022-05-31,10.459,10.639,9.931,10.346,36904926.1,-3.858999999999999e-05
2022-06-01,10.347,10.743,9.25,9.45,46224441.6,-9.688e-05
2022-06-02,9.45,10.066,9.284,9.872,27042498.5,-0.00056587
2022-06-03,9.872,9.912,9.184,9.363,26849000.9,-0.00049315
2022-06-04,9.364,9.555,9.088,9.441,16561150.5,-0.00056712
2022-06-05,9.439,9.546,9.236,9.342,15045399.8,-0.00055704
2022-06-06,9.341,9.929,9.31,9.495,25605442.8,-0.00026403
2022-06-07,9.495,9.503,8.825,9.216,33214665.2,-0.00079502
2022-06-08,9.216,9.388,8.879,8.995,22225534.3,-0.00120231
2022-06-09,8.995,9.462,8.9,9.227,24560754.6,-0.00082231
2022-06-10,9.227,9.369,8.513,8.652,32312416.3,-0.00083576
2022-06-11,8.653,8.844,7.893,8.032,31440977.9,-0.00087109
2022-06-12,8.032,8.106,7.374,7.391,40457313.5,-0.00115097
2022-06-13,7.391,7.474,6.332,7.031,110112746.3,-0.0023011999999999
2022-06-14,7.031,7.54,6.665,7.355,69398484.2,-0.00222275
2022-06-15,7.355,8.78,6.832,8.493,85362205.7,-0.00147188
2022-06-16,8.492,8.553,6.963,7.115,49839665.1,-0.00110505
2022-06-17,7.115,7.452,7.026,7.27,33792426.6,-0.0014978399999999
2022-06-18,7.271,7.404,6.451,7.044,48563033.4,-0.00194477
2022-06-19,7.044,7.648,6.761,7.511,36523211.5,-0.00190245
2022-06-20,7.512,8.02,7.159,7.864,36149615.8,-0.0012629
2022-06-21,7.864,8.278,7.661,7.756,30986429.0,-0.0008001499999999
2022-06-22,7.757,7.812,7.344,7.385,26780683.6,-0.00077807
2022-06-23,7.385,7.816,7.351,7.769,27654620.0,-0.0006104
2022-06-24,7.769,8.356,7.716,8.178,30584435.4,-0.00054152
2022-06-25,8.178,8.366,7.779,8.127,21332226.2,-0.00061704
2022-06-26,8.126,8.485,7.802,7.828,26137665.1,-0.00046898
2022-06-27,7.827,8.198,7.671,7.737,26428920.1,-0.00076599
2022-06-28,7.736,7.993,7.25,7.308,30859205.5,-0.00074016
2022-06-29,7.307,7.44,6.94,7.03,32915407.4,-0.00061475
2022-06-30,7.03,7.099,6.628,7.057,37857437.4,-0.00065332
2022-07-01,7.058,7.249,6.54,6.749,39466112.0,-0.00071391
2022-07-02,6.749,6.904,6.615,6.817,25018571.3,-0.00085872
2022-07-03,6.818,6.98,6.602,6.846,23881230.7,-0.00103981
2022-07-04,6.846,7.219,6.65,7.16,29054703.2,-0.00079435
2022-07-05,7.159,7.22,6.572,6.832,45335355.7,-0.00071174
2022-07-06,6.833,7.007,6.673,6.919,34536202.4,-0.0006654499999999
2022-07-07,6.918,7.348,6.875,7.298,31059919.2,-0.00024412
2022-07-08,7.299,7.461,6.931,7.032,34247729.5,-0.00045639
2022-07-09,7.031,7.359,7.025,7.25,21882152.4,-0.00038878
2022-07-10,7.249,7.266,6.755,6.853,24172048.1,-0.00040812
2022-07-11,6.853,6.907,6.481,6.521,33844010.9,-0.00072666
2022-07-12,6.521,6.62,6.238,6.274,35288918.1,-0.0007381499999999
2022-07-13,6.272,6.558,5.94,6.458,41993867.1,-0.00071666
2022-07-14,6.459,6.764,6.28,6.717,35323430.8,-0.00075602
2022-07-15,6.716,6.99,6.651,6.792,32699305.5,-0.00027484
2022-07-16,6.791,7.215,6.554,7.184,35438113.5,-0.0002258
2022-07-17,7.184,7.322,6.867,6.914,28962804.4,2.3599999999999977e-06
2022-07-18,6.914,7.721,6.896,7.647,49994927.4,-0.0002862
2022-07-19,7.648,8.039,7.48,7.784,60777224.9,-0.00062214
2022-07-20,7.784,8.078,7.355,7.46,46603606.2,-0.00071202
2022-07-21,7.461,7.588,7.168,7.523,36760666.5,-0.00033664
2022-07-22,7.522,7.846,7.254,7.285,38393531.4,-0.00021496
2022-07-23,7.286,7.489,7.069,7.319,26928735.8,-0.00039108
2022-07-24,7.32,7.579,7.3,7.392,30016692.7,-0.00038329
2022-07-25,7.393,7.441,6.71,6.747,39615117.3,-0.00032526
2022-07-26,6.747,6.786,6.511,6.768,32039660.2,-0.00100467
2022-07-27,6.769,7.705,6.641,7.67,38836358.5,-0.00124533
2022-07-28,7.67,8.074,7.45,7.85,52352051.4,-0.00025099
2022-07-29,7.851,8.421,7.753,8.178,43608338.0,-7.929999999999999e-05
2022-07-30,8.179,8.847,8.15,8.208,46461634.1,-0.00016348
2022-07-31,8.207,9.206,8.073,8.616,51129159.9,-0.0001978999999999
2022-08-01,8.616,8.986,8.0,8.173,50289775.5,6.659e-05
2022-08-02,8.173,8.269,7.664,7.92,50382705.3,-0.0009912
2022-08-03,7.919,8.441,7.666,7.986,37310335.6,-0.00075037
2022-08-04,7.986,8.27,7.876,8.087,33556489.7,-0.00050643
2022-08-05,8.085,8.837,8.063,8.8,39850531.9,-0.00060667
2022-08-06,8.8,8.879,8.478,8.512,25274821.9,-0.0002870299999999
2022-08-07,8.513,8.937,8.326,8.646,25058444.3,-0.00034048
2022-08-08,8.647,9.387,8.629,9.263,43405536.5,-0.00041322
2022-08-09,9.262,9.478,8.64,8.895,37175981.6,-0.00044956
2022-08-10,8.894,9.648,8.537,9.52,50712051.7,-0.00034337
2022-08-11,9.521,9.645,9.118,9.189,37719831.5,-0.00028104
2022-08-12,9.19,9.494,9.022,9.471,28339779.7,-0.00035819
2022-08-13,9.471,9.677,9.239,9.297,24441335.8,3.945999999999999e-05
2022-08-14,9.297,9.556,8.815,8.949,29805504.1,-0.00063943
2022-08-15,8.948,9.379,8.614,8.775,35527060.4,-0.00074183
2022-08-16,8.775,8.959,8.624,8.829,27766702.0,-0.00051091
2022-08-17,8.829,9.164,8.31,8.371,37041657.0,-0.00027906
2022-08-18,8.371,8.596,7.915,8.074,29185584.7,-0.00050382
2022-08-19,8.074,8.086,7.215,7.298,50356803.9,-0.00099407
2022-08-20,7.298,7.513,7.023,7.218,33336678.2,-0.00095309
2022-08-21,7.218,7.529,7.16,7.427,24608517.5,-0.00115979
2022-08-22,7.428,7.437,6.983,7.398,31436369.1,-0.00079227
2022-08-23,7.398,7.71,7.177,7.634,31722825.5,-0.0006568699999999
2022-08-24,7.634,7.769,7.407,7.559,24606061.2,-0.00049572
2022-08-25,7.558,7.756,7.445,7.574,20765056.4,-0.000616
2022-08-26,7.575,7.677,6.853,6.917,37752028.9,-0.0004528899999999
2022-08-27,6.917,7.097,6.785,7.037,23950032.6,-0.00087007
2022-08-28,7.036,7.147,6.803,6.854,22307625.2,-0.0007411
2022-08-29,6.854,7.306,6.769,7.266,28593098.7,-0.00070238
2022-08-30,7.266,7.376,6.872,7.003,25902084.1,-0.00058325
2022-08-31,7.003,7.286,6.974,7.024,24609125.0,-0.00017675
2022-09-01,7.025,7.199,6.851,7.177,22952718.3,-0.00062871
2022-09-02,7.178,7.564,7.115,7.293,29535478.7,-0.0001163299999999
2022-09-03,7.294,7.304,7.161,7.282,15320618.3,-0.00012086
2022-09-04,7.282,7.421,7.136,7.369,20963795.5,-0.00012022
2022-09-05,7.369,7.635,7.249,7.365,37007105.8,9.179e-05
2022-09-06,7.364,7.689,6.8,6.872,46131916.2,-0.00016948
2022-09-07,6.872,7.294,6.736,7.195,30614772.8,-0.00053662
2022-09-08,7.195,7.445,7.023,7.383,32005312.3,-0.00010572
2022-09-09,7.383,7.944,7.352,7.751,32187833.0,0.00014555
2022-09-10,7.751,7.873,7.576,7.766,22892975.5,6.201e-05
2022-09-11,7.767,7.9,7.533,7.694,18798782.2,-8.040000000000004e-06
2022-09-12,7.695,8.046,7.558,7.654,33770668.9,-0.00013906
2022-09-13,7.655,7.959,7.025,7.062,35863203.6,-0.00032458
2022-09-14,7.062,7.303,7.009,7.203,24433276.9,-0.00052884
2022-09-15,7.201,7.236,6.864,6.924,30645989.6,-0.00067989
2022-09-16,6.925,6.968,6.681,6.897,25536695.8,-0.00039529
2022-09-17,6.896,7.158,6.896,7.053,16381526.8,-0.00039716
2022-09-18,7.054,7.06,6.272,6.442,29661727.3,-5.307e-05
2022-09-19,6.441,6.551,6.098,6.381,35150291.8,-0.00037892
2022-09-20,6.38,6.412,6.161,6.282,31718909.6,-0.0004412599999999
2022-09-21,6.281,6.579,5.96,6.12,47102527.7,-0.00033668
2022-09-22,6.119,6.519,6.075,6.441,31184846.6,-0.00057
2022-09-23,6.442,6.65,6.184,6.429,38822017.2,-0.0001041099999999
2022-09-24,6.427,6.506,6.228,6.266,20825560.9,-0.00038641
2022-09-25,6.266,6.368,6.079,6.196,21562763.7,-0.0006630799999999
2022-09-26,6.197,6.577,6.15,6.553,46350978.1,-0.00030291
2022-09-27,6.552,6.799,6.233,6.366,43437219.6,1.6240000000000004e-05
2022-09-28,6.366,6.468,6.165,6.386,32928235.1,-0.00049808
2022-09-29,6.386,6.49,6.254,6.429,27374548.9,-0.00013298
2022-09-30,6.429,6.565,6.212,6.315,32732734.5,-0.00012147
2022-10-01,6.315,6.33,6.208,6.267,15553756.6,-0.00015303
2022-10-02,6.267,6.324,6.118,6.153,21893328.5,-0.00012646
2022-10-03,6.152,6.4,6.078,6.364,24646655.7,-0.00033683
2022-10-04,6.364,6.53,6.34,6.489,19531280.2,7.521e-05
2022-10-05,6.489,6.502,6.264,6.43,23916299.2,-7.791000000000002e-05
2022-10-06,6.431,6.519,6.308,6.339,23531427.3,-7.182e-05
2022-10-07,6.339,6.392,6.25,6.325,16693061.5,-0.00040158
2022-10-08,6.325,6.393,6.263,6.307,12105045.7,-7.931999999999999e-05
2022-10-09,6.307,6.492,6.277,6.476,19517885.5,-5.754e-05
2022-10-10,6.475,6.544,6.23,6.249,27336408.4,1.4590000000000008e-05
2022-10-11,6.248,6.249,6.116,6.176,24856495.7,-0.00029899
2022-10-12,6.175,6.243,6.117,6.168,17683483.5,-0.00016544
2022-10-13,6.169,6.178,5.575,6.104,53918742.2,-0.0007924799999999
2022-10-14,6.104,6.269,6.009,6.037,25305811.6,-0.00022131
2022-10-15,6.036,6.097,6.014,6.047,11920444.3,-0.0002933
2022-10-16,6.046,6.245,6.042,6.177,15373705.5,-0.00010412
2022-10-17,6.177,6.297,6.121,6.25,18650452.3,-8.010999999999999e-05
2022-10-18,6.249,6.296,6.063,6.153,20837723.3,-0.0001045799999999
2022-10-19,6.152,6.251,6.057,6.096,22616659.1,-0.00029256
2022-10-20,6.095,6.15,5.809,5.878,33217079.1,-0.00013918
2022-10-21,5.878,5.896,5.717,5.832,42103984.3,-0.00083191
2022-10-22,5.832,5.869,5.763,5.841,17213825.0,-0.0004510099999999
2022-10-23,5.842,5.974,5.743,5.959,21966807.1,-0.00037124
2022-10-24,5.958,5.987,5.799,5.91,28418122.3,-0.00042664
2022-10-25,5.911,6.624,5.891,6.432,63142927.7,-0.00032462
2022-10-26,6.432,6.607,6.406,6.461,37614523.9,0.00012867
2022-10-27,6.461,6.64,6.273,6.326,36322673.8,-1.4340000000000002e-05
2022-10-28,6.326,6.581,6.259,6.512,27745805.5,-0.00012852
2022-10-29,6.512,6.772,6.485,6.631,28910229.3,-3.791e-05
2022-10-30,6.631,6.739,6.512,6.648,19330802.8,-3.99e-05
2022-10-31,6.648,6.831,6.556,6.617,33886496.9,4.069e-05
2022-11-01,6.618,6.712,6.443,6.45,20367511.9,-0.00015746
2022-11-02,6.45,6.523,6.152,6.251,36804100.1,-2.815e-05
2022-11-03,6.251,6.529,6.222,6.416,27450757.6,-0.0004775699999999
2022-11-04,6.416,7.093,6.38,7.052,48664647.6,8.325e-05
2022-11-05,7.052,7.246,6.934,7.022,28075336.4,-0.0001079599999999
2022-11-06,7.023,7.144,6.777,6.809,22452557.8,5.13e-06
2022-11-07,6.808,7.413,6.65,7.119,48275782.6,-0.00014583
2022-11-08,7.119,7.199,5.8,6.295,93470632.0,-0.00028281
2022-11-09,6.293,6.37,5.33,5.412,82232976.5,-0.00191556
2022-11-10,5.411,6.171,5.31,5.967,61280796.8,-0.00132167
2022-11-11,5.967,6.0,5.5,5.746,38105856.4,-0.0003556
2022-11-12,5.747,5.874,5.548,5.776,23156708.1,-0.00057465
2022-11-13,5.777,5.969,5.615,5.747,26664593.1,-0.00015246
2022-11-14,5.747,5.896,5.435,5.864,29146442.3,-3.743e-05
2022-11-15,5.864,6.048,5.795,5.919,19000172.6,1.509999999999994e-06
2022-11-16,5.919,5.99,5.607,5.701,19456687.8,-9.755e-05
2022-11-17,5.702,5.725,5.549,5.666,17581060.5,-0.0002829399999999
2022-11-18,5.667,5.773,5.602,5.638,13996985.5,-0.00025881
2022-11-19,5.637,5.653,5.521,5.597,12446269.2,-0.0004630199999999
2022-11-20,5.597,5.662,5.246,5.288,21527377.0,-0.00031177
2022-11-21,5.287,5.293,5.055,5.184,33475131.0,-0.00068144
2022-11-22,5.185,5.314,4.957,5.279,34823528.7,-0.00040861
2022-11-23,5.28,5.482,5.245,5.43,24016628.6,8.868e-05
2022-11-24,5.431,5.514,5.322,5.382,22165468.1,-0.00085635
2022-11-25,5.383,5.386,5.234,5.262,21128322.6,-0.00108065
2022-11-26,5.263,5.455,5.232,5.296,22565487.3,-0.00086346
2022-11-27,5.297,5.432,5.248,5.294,17111278.0,-0.00055799
2022-11-28,5.294,5.312,5.046,5.125,35766917.9,-0.00122673
2022-11-29,5.124,5.352,5.082,5.304,26799582.1,-0.00025254
2022-11-30,5.305,5.505,5.29,5.462,33495555.4,-0.00024638
2022-12-01,5.462,5.475,5.311,5.406,21177413.0,-1.149e-05
2022-12-02,5.406,5.682,5.362,5.617,41526190.4,-0.00016171
2022-12-03,5.618,5.705,5.474,5.491,20943228.5,-0.0001140399999999
2022-12-04,5.491,5.607,5.484,5.585,15515853.7,-0.00027797
2022-12-05,5.585,5.726,5.431,5.481,23417951.9,-0.00021414
2022-12-06,5.482,5.511,5.415,5.497,16104517.9,-0.00035899
2022-12-07,5.497,5.518,5.23,5.29,26220788.0,0.00021281
2022-12-08,5.29,5.455,5.244,5.426,23055776.5,-7.809999999999995e-06
2022-12-09,5.426,5.436,5.255,5.295,19378497.6,0.00014189
2022-12-10,5.295,5.321,5.253,5.272,10134710.5,-0.00025422
2022-12-11,5.273,5.319,5.11,5.158,17285094.5,0.00022671
2022-12-12,5.157,5.203,5.005,5.174,25867072.1,-0.00010663
2022-12-13,5.173,5.345,4.983,5.284,31833785.1,0.00027004
2022-12-14,5.284,5.357,5.132,5.213,37262264.8,0.0003
2022-12-15,5.213,5.254,5.112,5.227,23403227.7,0.00020727
2022-12-16,5.228,5.249,4.501,4.648,40579675.3,0.00012286
2022-12-17,4.648,4.719,4.579,4.705,18303440.7,-0.00062499
2022-12-18,4.705,4.712,4.613,4.653,12321167.9,-0.00055821
2022-12-19,4.653,4.702,4.403,4.478,27823523.4,-0.0002982
2022-12-20,4.478,4.652,4.456,4.602,20009063.2,-0.0001923
2022-12-21,4.603,4.615,4.439,4.484,19699451.8,-9.124e-05
2022-12-22,4.483,4.535,4.365,4.53,23691441.4,-0.00044695
2022-12-23,4.529,4.545,4.451,4.471,18650128.2,0.00014002
2022-12-24,4.472,4.489,4.427,4.448,9981106.9,-3.2720000000000005e-05
2022-12-25,4.449,4.496,4.392,4.489,16919733.2,9.097e-05
2022-12-26,4.489,4.576,4.463,4.57,16218142.0,-2.405e-05
2022-12-27,4.57,4.583,4.449,4.476,19253026.1,-0.00023667
2022-12-28,4.476,4.482,4.233,4.284,32350652.6,8.073000000000001e-05
2022-12-29,4.283,4.352,4.216,4.305,20305692.1,8.344e-05
2022-12-30,4.305,4.34,4.222,4.321,18181896.4,0.00011831
2022-12-31,4.322,4.391,4.296,4.306,12200124.4,0.00013151
2023-01-01,4.307,4.384,4.273,4.367,11034451.3,0.0002115
2023-01-02,4.367,4.539,4.312,4.49,26848963.6,-0.0002065899999999
2023-01-03,4.49,4.544,4.46,4.522,18611908.7,-0.00010622
2023-01-04,4.522,4.687,4.521,4.627,28444421.3,0.0001186099999999
2023-01-05,4.628,4.647,4.54,4.619,20315579.6,0.00014938
2023-01-06,4.62,4.706,4.548,4.683,30296860.6,0.0003
2023-01-07,4.683,4.705,4.632,4.663,14014887.0,0.00021944
2023-01-08,4.662,4.829,4.597,4.824,25051682.5,0.00024199
2023-01-09,4.825,5.083,4.797,4.888,54939855.3,0.00026052
2023-01-10,4.889,4.968,4.822,4.917,24859510.3,0.0003
2023-01-11,4.918,5.138,4.825,5.129,33157938.0,0.00028096
2023-01-12,5.129,5.259,5.006,5.229,47183860.6,0.00024642
2023-01-13,5.23,5.421,5.158,5.396,36512519.3,0.00023198
2023-01-14,5.397,6.579,5.391,6.028,75430554.9,0.0003
2023-01-15,6.027,6.071,5.768,5.933,39761409.2,0.0003
2023-01-16,5.934,6.087,5.6,5.81,39334452.5,0.0003
2023-01-17,5.81,6.215,5.675,5.954,46878926.6,0.0003
2023-01-18,5.955,6.215,5.562,5.642,57268430.8,0.0003
2023-01-19,5.642,5.839,5.638,5.796,21801627.3,0.00026777
2023-01-20,5.796,6.295,5.75,6.245,35015915.7,0.00019638
2023-01-21,6.244,6.465,5.991,6.239,42055648.3,0.0003
2023-01-22,6.239,6.457,6.08,6.206,31026151.6,0.0003
2023-01-23,6.206,6.814,6.197,6.561,56082981.4,-6.0109999999999965e-05
2023-01-24,6.562,6.708,6.022,6.188,36820666.9,-0.00021491
2023-01-25,6.188,6.559,6.003,6.395,42715842.8,-0.00037876
2023-01-26,6.396,6.558,6.296,6.469,32204638.0,8.574e-05
2023-01-27,6.47,6.619,6.258,6.581,25709851.9,0.0003
2023-01-28,6.581,6.661,6.314,6.389,22245383.8,0.00011454
2023-01-29,6.389,6.697,6.321,6.611,24053520.2,-7.194e-05
2023-01-30,6.612,6.65,6.0,6.186,30034644.0,0.00012113
2023-01-31,6.185,6.319,6.139,6.257,20043027.2,-0.00016724
2023-02-01,6.257,6.489,6.018,6.463,31632483.5,-0.00015629
2023-02-02,6.464,6.919,6.444,6.541,45285513.7,0.00019813
2023-02-03,6.541,7.125,6.501,7.005,47687047.3,0.00011937
2023-02-04,7.006,7.073,6.811,6.868,22205951.1,0.0003
2023-02-05,6.868,6.893,6.506,6.631,25224068.1,0.00011152
2023-02-06,6.631,6.786,6.407,6.489,29290873.9,0.00021314
2023-02-07,6.489,6.95,6.466,6.937,28364484.1,-8.683000000000001e-05
2023-02-08,6.937,7.024,6.613,6.75,27862697.7,0.0003
2023-02-09,6.75,6.976,6.067,6.23,57262615.4,0.00014499
2023-02-10,6.231,6.304,6.113,6.178,28663816.6,-0.00035941
2023-02-11,6.178,6.289,6.151,6.271,12722535.4,-0.00010826
2023-02-12,6.271,6.377,6.06,6.175,16584598.1,-0.00018704
2023-02-13,6.175,6.241,5.872,6.142,38786496.3,-0.00026951
2023-02-14,6.141,6.258,6.0,6.224,28653438.1,0.00013287
2023-02-15,6.225,6.615,6.153,6.61,30802155.6,0.00013411
2023-02-16,6.611,6.742,6.315,6.324,43765288.0,0.0003
2023-02-17,6.324,7.42,6.285,7.29,83728085.0,0.00022243
2023-02-18,7.29,7.38,7.11,7.233,41168451.2,0.00030636
2023-02-19,7.234,7.896,7.186,7.446,66803855.8,0.0003
2023-02-20,7.445,7.573,7.243,7.554,36404315.2,0.0003
2023-02-21,7.553,7.576,7.111,7.252,31968361.3,0.0003
2023-02-22,7.251,7.273,6.882,7.183,36324932.6,0.0003
2023-02-23,7.184,7.382,7.016,7.096,29729098.2,0.0003
2023-02-24,7.097,7.148,6.463,6.609,40629307.9,0.0003
2023-02-25,6.608,6.646,6.333,6.537,23084082.2,0.00015098
2023-02-26,6.538,6.724,6.497,6.685,15472732.2,-0.00017105
2023-02-27,6.686,6.78,6.483,6.577,24597559.1,-0.0001261899999999
2023-02-28,6.578,6.595,6.268,6.344,24967464.2,7.577e-05
2023-03-01,6.343,6.6,6.309,6.533,22866372.9,0.00016554
2023-03-02,6.534,6.562,6.218,6.331,20975343.6,0.0003
2023-03-03,6.331,6.335,5.752,6.034,32501594.5,-0.0002623
2023-03-04,6.033,6.054,5.724,5.912,18494012.3,0.00012778
2023-03-05,5.913,6.06,5.881,5.971,17996907.3,-0.00015201
2023-03-06,5.971,6.04,5.854,5.916,21712826.1,5.27e-05
2023-03-07,5.916,6.017,5.73,5.843,26886124.8,-5.899999999999981e-06
2023-03-08,5.844,5.944,5.492,5.595,37067370.6,9.359e-05
2023-03-09,5.594,5.797,5.223,5.38,43230258.6,-0.00013214
2023-03-10,5.38,5.579,5.139,5.545,50201129.7,-0.00068132
2023-03-11,5.544,5.675,5.217,5.46,35955620.8,-0.0001598999999999
2023-03-12,5.46,5.9,5.353,5.892,31592474.3,-5.789999999999997e-06
2023-03-13,5.892,6.14,5.699,6.096,43392778.4,0.00010419
2023-03-14,6.096,6.537,5.978,6.219,50086836.6,7.520000000000009e-06
2023-03-15,6.219,6.37,5.771,5.871,46696951.2,0.0003
2023-03-16,5.871,6.138,5.749,6.084,31460189.4,-0.0001060699999999
2023-03-17,6.084,6.632,6.021,6.618,40673714.9,8.403000000000001e-05
2023-03-18,6.617,6.7,6.279,6.311,32087054.3,0.0003
2023-03-19,6.31,6.6,6.309,6.45,22240806.0,0.0003
2023-03-20,6.451,6.481,6.046,6.089,34500021.9,0.00026348
2023-03-21,6.088,6.458,5.993,6.36,35445552.6,-3.667e-05
2023-03-22,6.36,6.383,5.907,6.048,38850583.1,0.00018059
2023-03-23,6.047,6.419,5.987,6.317,26650489.8,-7.628e-05
2023-03-24,6.318,6.338,5.94,6.016,29852570.2,0.0003
2023-03-25,6.015,6.076,5.823,5.9,16178515.7,-0.00023232
2023-03-26,5.9,6.102,5.872,6.04,13803627.7,-0.0003111099999999
2023-03-27,6.041,6.115,5.737,5.864,26699388.6,8.97e-05
2023-03-28,5.863,6.108,5.78,6.054,23463257.7,0.00010186
2023-03-29,6.055,6.283,6.043,6.179,21166574.7,0.0003
2023-03-30,6.179,6.293,6.02,6.117,24886504.0,0.00028712
2023-03-31,6.118,6.382,6.097,6.338,25721511.0,0.00027076
2023-04-01,6.338,6.391,6.183,6.342,14276487.4,0.00015695
2023-04-02,6.343,6.445,6.167,6.261,21265502.0,0.00028249
2023-04-03,6.261,6.502,6.08,6.415,32225216.2,0.00019541
2023-04-04,6.415,6.532,6.364,6.436,20505990.2,0.0003
2023-04-05,6.436,6.586,6.31,6.402,19577787.7,0.00028613
2023-04-06,6.403,6.415,6.25,6.276,16584644.7,9.092e-05
2023-04-07,6.276,6.316,6.131,6.172,13406995.0,0.00013398
2023-04-08,6.172,6.232,6.078,6.124,10556659.9,1.4780000000000004e-05
2023-04-09,6.124,6.26,6.092,6.207,13890887.0,2.945e-05
2023-04-10,6.207,6.311,6.108,6.285,16541820.9,9.643e-05
2023-04-11,6.286,6.491,6.272,6.413,21777707.0,0.00025972
2023-04-12,6.413,6.465,6.202,6.401,26894448.4,0.0003
2023-04-13,6.401,6.651,6.344,6.635,21368863.6,0.0003
2023-04-14,6.634,6.849,6.537,6.732,32210178.9,0.0003
2023-04-15,6.731,6.878,6.635,6.808,19168720.9,0.0003
2023-04-16,6.807,6.884,6.674,6.828,18135344.3,0.0003
2023-04-17,6.827,6.839,6.622,6.702,21896077.0,0.0003
2023-04-18,6.703,6.986,6.555,6.918,24310643.2,0.0003
2023-04-19,6.917,6.923,6.19,6.305,31372161.0,0.0003
2023-04-20,6.305,6.436,6.056,6.107,26579717.3,0.0003
2023-04-21,6.106,6.17,5.768,5.844,26063898.6,0.00020403
2023-04-22,5.843,5.974,5.816,5.942,11521020.4,-0.00034365
2023-04-23,5.942,5.97,5.76,5.902,15081106.0,-0.00036461
2023-04-24,5.902,6.018,5.788,5.88,19085072.4,-5.22e-05
2023-04-25,5.88,6.01,5.772,5.996,16997334.6,6.44e-05
2023-04-26,5.995,6.215,5.582,5.845,35123427.9,0.00023578
2023-04-27,5.845,6.049,5.826,5.966,24262306.4,-8.364999999999999e-05
2023-04-28,5.967,5.978,5.766,5.944,18903802.0,7.88e-05
2023-04-29,5.943,6.054,5.907,6.038,13022274.6,0.00017379
2023-04-30,6.037,6.082,5.84,5.873,18540519.6,0.00024062
2023-05-01,5.873,5.906,5.591,5.661,20882616.8,3.482e-05
2023-05-02,5.661,5.755,5.615,5.709,14870355.4,4.516e-05
2023-05-03,5.709,5.81,5.548,5.776,20552591.2,0.00018856
2023-05-04,5.776,5.794,5.614,5.667,14060961.1,0.000206
2023-05-05,5.667,5.901,5.647,5.843,23623861.7,4.155000000000001e-05
2023-05-06,5.844,5.895,5.553,5.629,19105807.3,0.0003
2023-05-07,5.629,5.699,5.596,5.627,11923977.6,4.505e-05
2023-05-08,5.625,5.645,5.148,5.365,30390170.6,6.431000000000001e-05
2023-05-09,5.366,5.409,5.284,5.318,16102228.3,0.00012465
2023-05-10,5.318,5.52,5.2,5.459,26762908.8,-0.00016426
2023-05-11,5.459,5.467,5.175,5.273,24047422.6,8.213e-05
2023-05-12,5.273,5.348,5.1,5.338,24064912.4,0.00012011
2023-05-13,5.338,5.394,5.305,5.345,13132057.5,0.0002997
2023-05-14,5.345,5.45,5.301,5.345,13444364.4,0.00029004
2023-05-15,5.346,5.428,5.261,5.311,19039641.4,0.0002235499999999
2023-05-16,5.31,5.334,5.228,5.292,17589593.7,1.2999999999999975e-06
2023-05-17,5.292,5.438,5.216,5.418,27125413.7,0.00016306
2023-05-18,5.418,5.465,5.243,5.336,26196412.5,0.0003
2023-05-19,5.336,5.393,5.308,5.371,16487373.0,0.00026328
2023-05-20,5.371,5.444,5.325,5.406,12740961.9,0.00015815
2023-05-21,5.406,5.431,5.23,5.271,14932054.9,0.00012642
2023-05-22,5.272,5.336,5.22,5.307,14653520.3,3.13e-05
2023-05-23,5.308,5.449,5.285,5.398,16119799.7,0.0003
2023-05-24,5.399,5.403,5.18,5.25,19935258.8,0.00029712
2023-05-25,5.249,5.296,5.133,5.243,15603022.8,0.00016273
2023-05-26,5.243,5.271,5.184,5.241,13047989.4,0.00026081
2023-05-27,5.241,5.375,5.228,5.333,14102170.2,0.00023147
2023-05-28,5.333,5.562,5.312,5.5,15730941.5,0.0003
2023-05-29,5.501,5.539,5.41,5.457,14177028.6,0.0003
2023-05-30,5.458,5.528,5.406,5.44,13689012.9,0.0003
2023-05-31,5.44,5.461,5.264,5.314,17021617.6,0.0003
2023-06-01,5.313,5.334,5.182,5.203,16111100.3,0.00026935
2023-06-02,5.203,5.301,5.153,5.274,17011686.6,0.00016108
2023-06-03,5.275,5.341,5.235,5.339,9949190.7,0.0003
2023-06-04,5.34,5.385,5.304,5.31,13798346.2,0.0003
2023-06-05,5.31,5.32,4.854,5.061,31189057.1,0.0003
2023-06-06,5.062,5.267,4.981,5.199,18965102.7,-0.0001967899999999
2023-06-07,5.199,5.211,4.969,5.021,18535425.6,0.00026484
2023-06-08,5.02,5.055,4.972,5.019,12136878.2,0.00015503
2023-06-09,5.02,5.069,4.925,4.978,15318471.7,0.00023389
2023-06-10,4.979,4.984,4.1,4.513,53563364.5,-0.00108887
2023-06-11,4.513,4.546,4.422,4.519,15900657.2,-0.00098734
2023-06-12,4.519,4.553,4.405,4.53,18569001.6,-0.00095454
2023-06-13,4.531,4.718,4.491,4.624,20125259.7,-0.00066756
2023-06-14,4.624,4.798,4.501,4.567,26599498.5,-0.00027165
2023-06-15,4.567,4.617,4.27,4.373,32891709.9,-4.589000000000001e-05
2023-06-16,4.373,4.467,4.27,4.419,22589557.4,-0.00032165
2023-06-17,4.418,4.562,4.391,4.527,16340568.8,-0.00022533
2023-06-18,4.528,4.664,4.475,4.535,23380499.5,-0.00011064
2023-06-19,4.534,4.584,4.428,4.526,24160354.1,-9.529e-05
2023-06-20,4.526,4.675,4.368,4.659,27923404.7,-0.00065219
2023-06-21,4.659,4.859,4.631,4.818,33286477.9,-0.0006776099999999
2023-06-22,4.818,4.973,4.742,4.822,33052965.7,-0.0003782099999999
2023-06-23,4.821,5.135,4.817,5.096,36059223.0,0.00014367
2023-06-24,5.095,5.137,4.893,5.007,20708398.9,-0.00024176
2023-06-25,5.006,5.243,4.997,5.189,27341285.3,0.00018115
2023-06-26,5.189,5.238,5.003,5.022,35596908.6,8.485e-05
2023-06-27,5.022,5.152,4.993,5.091,18987952.6,0.00012451
2023-06-28,5.092,5.097,4.74,4.877,28454263.0,6.151e-05
2023-06-29,4.877,5.233,4.864,4.982,34601367.8,-0.00015359
2023-06-30,4.981,5.197,4.734,5.176,46655315.2,9.587e-05
2023-07-01,5.176,5.367,5.107,5.348,28577825.9,0.00026863
2023-07-02,5.348,5.535,5.221,5.494,30444286.1,0.0003
2023-07-03,5.494,5.635,5.372,5.426,31948427.0,0.00024651
2023-07-04,5.425,5.511,5.252,5.346,27771499.7,0.00027481
2023-07-05,5.346,5.378,5.111,5.204,25800481.6,0.00019383
2023-07-06,5.204,5.361,5.003,5.007,28660471.2,-0.0001561399999999
2023-07-07,5.007,5.175,4.968,5.114,21039412.3,-0.00026175
2023-07-08,5.114,5.193,5.051,5.125,12798795.2,-3.4720000000000006e-05
2023-07-09,5.124,5.158,5.055,5.077,11643790.6,-9.931e-05
2023-07-10,5.077,5.229,4.972,5.127,24584255.8,-0.00019225
2023-07-11,5.127,5.213,5.084,5.211,14458532.2,0.0002008
2023-07-12,5.211,5.308,5.094,5.144,21698322.0,0.00019554
2023-07-13,5.144,5.553,5.09,5.545,42027347.7,3.108e-05
2023-07-14,5.544,5.742,5.281,5.45,49977619.1,0.0003
2023-07-15,5.45,5.563,5.381,5.429,13444002.4,0.0003
2023-07-16,5.429,5.446,5.251,5.306,13883173.4,0.00023455
2023-07-17,5.305,5.415,5.16,5.299,23662242.7,0.0001985
2023-07-18,5.298,5.388,5.057,5.179,22469868.5,0.00019549
2023-07-19,5.18,5.255,5.126,5.189,17340589.1,0.0003
2023-07-20,5.189,5.487,5.181,5.351,28256860.4,0.00023487
2023-07-21,5.351,5.702,5.331,5.484,49731908.4,0.00022983
2023-07-22,5.483,5.515,5.25,5.31,19173786.5,-0.0001182999999999
2023-07-23,5.31,5.486,5.269,5.387,18161639.9,-8.500000000000003e-06
2023-07-24,5.388,5.415,5.076,5.205,23459765.3,-0.00022368
2023-07-25,5.206,5.252,5.121,5.171,15685198.8,-0.00025055
2023-07-26,5.171,5.291,5.11,5.231,18296566.8,-0.00032237
2023-07-27,5.232,5.334,5.175,5.235,16228788.5,-0.00025401
2023-07-28,5.235,5.271,5.156,5.215,12513385.4,0.00023641
2023-07-29,5.215,5.257,5.199,5.245,7589520.7,0.00024159
2023-07-30,5.245,5.274,5.078,5.18,15035058.6,0.00019031
2023-07-31,5.181,5.259,5.033,5.105,18244322.3,-0.0001457
2023-08-01,5.104,5.204,4.932,5.204,20733275.3,-0.00041931
2023-08-02,5.204,5.218,5.005,5.056,17623881.5,5.092e-05
2023-08-03,5.056,5.072,4.923,4.975,14838840.9,-0.00032014
2023-08-04,4.974,5.042,4.933,4.99,12883886.2,-0.00056408
2023-08-05,4.99,4.992,4.924,4.971,7517422.5,-0.0002435199999999
2023-08-06,4.97,5.044,4.954,5.002,12354863.5,-0.00011531
2023-08-07,5.002,5.047,4.808,4.967,19103084.1,0.00011533
2023-08-08,4.967,5.098,4.929,5.056,14563210.5,-0.00056262
2023-08-09,5.057,5.105,4.989,5.057,11818622.0,0.00024123
2023-08-10,5.058,5.066,4.97,5.004,10801771.8,0.0003
2023-08-11,5.004,5.018,4.95,5.004,9526242.8,0.0001943499999999
2023-08-12,5.004,5.041,4.992,5.037,5568177.0,0.00010425
2023-08-13,5.037,5.042,4.96,4.982,8213650.6,0.00020018
2023-08-14,4.982,5.054,4.945,4.986,12218750.9,-3.877999999999999e-05
2023-08-15,4.987,4.996,4.601,4.812,18180958.3,5.166e-05
2023-08-16,4.812,4.838,4.509,4.668,21647269.0,-0.00080337
2023-08-17,4.668,4.815,4.116,4.424,45912260.7,-0.00082032
2023-08-18,4.424,4.557,4.36,4.509,23477367.0,-0.00109854
2023-08-19,4.508,4.548,4.447,4.514,9075873.7,-0.00045128
2023-08-20,4.514,4.528,4.459,4.515,7951536.7,-0.00084474
2023-08-21,4.516,4.535,4.347,4.421,15597708.1,-0.00056239
2023-08-22,4.422,4.447,4.21,4.421,18978746.6,-0.0002338
2023-08-23,4.421,4.534,4.375,4.486,17266876.2,-0.00043421
2023-08-24,4.486,4.514,4.36,4.421,14011763.4,-0.00031307
2023-08-25,4.42,4.494,4.352,4.488,16737624.7,-0.0002075399999999
2023-08-26,4.487,4.51,4.472,4.502,8806353.6,-2.860000000000003e-06
2023-08-27,4.503,4.544,4.456,4.486,10383247.0,-0.00016414
2023-08-28,4.486,4.619,4.411,4.607,21542730.4,-5.059999999999998e-05
2023-08-29,4.607,4.808,4.535,4.674,37847734.2,-0.0001328
2023-08-30,4.673,4.676,4.5,4.53,16418574.0,-0.00035331
2023-08-31,4.531,4.531,4.214,4.268,29513631.2,-0.00062742
2023-09-01,4.268,4.293,4.129,4.214,20928984.7,-0.00058572
2023-09-02,4.214,4.27,4.196,4.258,9370304.9,-0.00064576
2023-09-03,4.258,4.298,4.22,4.256,9063139.1,-0.0004558
2023-09-04,4.256,4.318,4.186,4.258,14266180.4,-0.00049607
2023-09-05,4.258,4.302,4.194,4.254,11689225.5,-0.00023264
2023-09-06,4.254,4.286,4.164,4.269,14711440.5,-0.0004486
2023-09-07,4.269,4.309,4.23,4.29,12670021.3,-5.477e-05
2023-09-08,4.291,4.33,4.197,4.249,13709104.9,-0.00023326
2023-09-09,4.249,4.276,4.231,4.234,6522150.9,-0.00016136
2023-09-10,4.235,4.235,4.085,4.145,19385916.2,-0.00057997
2023-09-11,4.146,4.153,3.902,3.985,35730410.5,-0.00069331
2023-09-12,3.985,4.095,3.948,3.984,24656311.7,-0.0006735199999999
2023-09-13,3.984,4.101,3.946,3.995,20371245.7,-0.00054787
2023-09-14,3.996,4.085,3.968,4.055,18726213.9,-0.00049177
2023-09-15,4.055,4.17,4.043,4.135,15935504.5,2.600000000000009e-07
2023-09-16,4.135,4.223,4.128,4.181,12949753.7,-0.00036313
2023-09-17,4.181,4.185,4.021,4.066,14638149.1,-0.00051508
2023-09-18,4.067,4.216,3.999,4.103,19431369.3,-0.00037113
2023-09-19,4.102,4.169,4.073,4.148,17500980.0,-1.0100000000000056e-06
2023-09-20,4.148,4.165,4.056,4.136,16793948.7,-0.00031147
2023-09-21,4.135,4.164,3.991,4.007,16558544.8,-0.00022737
2023-09-22,4.007,4.034,3.971,4.015,10701025.3,-0.00062709
2023-09-23,4.015,4.037,3.995,4.03,7923234.1,-0.0005601499999999
2023-09-24,4.029,4.058,3.956,3.987,11150909.8,-0.00021442
2023-09-25,3.987,4.087,3.939,4.066,17358155.1,-3.626999999999999e-05
2023-09-26,4.065,4.088,3.968,4.01,13873467.1,-0.00011661
2023-09-27,4.011,4.073,3.963,3.989,20523892.0,-0.00030123
2023-09-28,3.99,4.099,3.979,4.07,19355081.4,-0.00034354
2023-09-29,4.071,4.12,4.048,4.07,16148170.8,-5.744e-05
2023-09-30,4.071,4.116,4.067,4.101,9975712.1,-0.00014013
2023-10-01,4.101,4.287,4.098,4.261,22517162.0,-6.561e-05
2023-10-02,4.261,4.297,4.013,4.117,38714922.8,-0.00024795
2023-10-03,4.116,4.159,4.045,4.073,17169202.6,-0.00039514
2023-10-04,4.073,4.073,3.947,4.038,22105988.7,-0.00060381
2023-10-05,4.038,4.081,3.994,4.02,15167256.7,-0.0003191
2023-10-06,4.02,4.092,3.988,4.065,13064467.5,-5.473e-05
2023-10-07,4.065,4.111,4.04,4.048,8663931.0,-0.00024679
2023-10-08,4.048,4.069,3.993,4.008,11239823.4,-0.00054574
2023-10-09,4.008,4.027,3.736,3.875,37421344.0,-0.00056839
2023-10-10,3.875,3.891,3.765,3.809,19706294.0,-0.00101343
2023-10-11,3.809,3.821,3.692,3.737,23567996.5,-0.00050206
2023-10-12,3.737,3.737,3.6,3.671,25697170.4,-0.00042405
2023-10-13,3.672,3.787,3.664,3.718,16692674.6,-0.00070993
2023-10-14,3.717,3.76,3.714,3.731,8565019.3,-0.0005111
2023-10-15,3.731,3.774,3.703,3.751,13975122.8,-0.00024999
2023-10-16,3.75,3.9,3.732,3.773,34606875.2,-0.00048384
2023-10-17,3.773,3.777,3.621,3.669,21458014.0,-0.00055103
2023-10-18,3.669,3.722,3.626,3.65,18340614.7,-0.00011911
2023-10-19,3.65,3.659,3.551,3.646,22391305.0,-0.0002219299999999
2023-10-20,3.646,3.803,3.635,3.714,30703875.8,-8.19e-05
2023-10-21,3.714,3.978,3.704,3.906,37302683.9,-0.00049251
2023-10-22,3.905,3.97,3.8,3.965,37689055.6,-0.000746
2023-10-23,3.964,4.368,3.914,4.357,93545836.4,-0.00057213
2023-10-24,4.356,4.42,4.078,4.186,74169502.6,0.00010753
2023-10-25,4.185,4.352,4.131,4.289,39085622.9,-0.00012809
2023-10-26,4.289,4.451,4.14,4.234,52608206.3,7.385e-05
2023-10-27,4.233,4.237,4.017,4.134,41878043.5,0.0003
2023-10-28,4.134,4.223,4.129,4.179,20429227.5,0.0003
2023-10-29,4.18,4.353,4.122,4.313,26221948.2,0.0003
2023-10-30,4.312,4.53,4.23,4.521,48257845.5,0.0002462
2023-10-31,4.522,4.6,4.267,4.449,55598763.9,0.0003
2023-11-01,4.449,4.812,4.321,4.732,61790260.5,0.0003
2023-11-02,4.732,4.804,4.516,4.633,54963897.4,0.00041206
2023-11-03,4.633,4.648,4.455,4.614,25553052.1,0.0003
2023-11-04,4.614,4.784,4.587,4.687,20314001.5,0.0003
2023-11-05,4.687,4.912,4.654,4.762,39437682.6,0.0003
2023-11-06,4.763,4.997,4.674,4.97,34746879.3,0.0003
2023-11-07,4.97,5.009,4.72,4.929,40686718.8,0.0003
2023-11-08,4.929,5.098,4.86,5.033,30935572.2,0.0003
2023-11-09,5.034,5.269,4.371,5.093,61426120.2,0.0003
2023-11-10,5.093,5.321,4.97,5.303,35117734.7,0.0003
2023-11-11,5.302,5.684,5.086,5.56,47556163.8,0.0003
2023-11-12,5.56,5.86,5.345,5.712,50138524.5,0.0003
2023-11-13,5.712,5.895,5.328,5.352,45288979.5,0.00037508
2023-11-14,5.353,5.526,4.96,5.2,41098408.3,0.0003
2023-11-15,5.2,5.642,5.186,5.567,32089103.9,0.0003
2023-11-16,5.567,5.8,5.267,5.355,47197422.6,0.00032012
2023-11-17,5.355,5.489,5.052,5.245,36472992.5,0.0003
2023-11-18,5.244,5.294,4.988,5.292,24604872.8,0.0003
2023-11-19,5.291,5.483,5.173,5.436,26407332.9,0.0003
2023-11-20,5.436,5.572,5.251,5.302,33790082.4,0.0003
2023-11-21,5.303,5.329,4.811,4.855,40553276.0,0.0003
2023-11-22,4.854,5.29,4.839,5.174,27814808.9,0.0003
2023-11-23,5.174,5.22,5.081,5.138,15752701.8,0.0003
2023-11-24,5.138,5.294,5.12,5.242,24604040.5,0.0003
2023-11-25,5.241,5.39,5.211,5.331,17258850.2,0.0003
2023-11-26,5.331,5.417,5.14,5.329,27699227.6,0.0003
2023-11-27,5.33,5.378,5.034,5.155,30350552.9,0.0003
2023-11-28,5.155,5.315,5.103,5.275,28637912.4,0.0003
2023-11-29,5.276,5.404,5.152,5.16,27027008.9,0.0003
2023-11-30,5.161,5.575,5.118,5.475,43897080.4,0.0003
2023-12-01,5.474,5.527,5.368,5.471,27420449.1,0.0003
2023-12-02,5.47,5.607,5.452,5.564,20509731.3,0.0003
2023-12-03,5.563,5.627,5.427,5.542,23795732.7,0.0003
2023-12-04,5.542,5.725,5.374,5.638,42526786.0,0.0003409
2023-12-05,5.637,5.949,5.511,5.908,48063498.0,0.0003
2023-12-06,5.909,6.203,5.766,6.05,61273883.0,0.0003
2023-12-07,6.05,6.311,5.903,6.247,43144936.5,0.00033898
2023-12-08,6.247,6.922,6.172,6.846,50407264.4,0.0007056499999999
2023-12-09,6.846,7.697,6.835,7.11,99685063.4,0.00078191
2023-12-10,7.109,7.36,6.962,7.351,38743535.3,0.0005352
2023-12-11,7.352,7.367,6.158,6.708,76137821.9,0.00036505
2023-12-12,6.707,7.344,6.697,7.135,75784318.2,0.0003
2023-12-13,7.135,7.652,6.612,7.607,62511005.3,0.0003
2023-12-14,7.607,7.778,6.91,7.513,66577536.2,0.0003
2023-12-15,7.513,7.569,6.918,6.953,46306789.1,0.00040242
2023-12-16,6.953,7.358,6.863,7.09,36865494.4,0.0003
2023-12-17,7.091,7.165,6.749,6.79,37485993.4,0.0003
2023-12-18,6.79,6.886,6.375,6.883,38849048.9,0.0003
2023-12-19,6.882,7.048,6.61,6.707,28972528.4,0.0003
2023-12-20,6.707,7.143,6.618,6.959,33716891.4,0.0003
2023-12-21,6.96,8.447,6.922,8.432,103845906.6,0.00070459
2023-12-22,8.432,8.583,7.851,7.958,62150957.9,0.00126486
2023-12-23,7.959,8.448,7.584,8.333,41667081.9,0.0003
2023-12-24,8.332,9.25,8.319,8.619,93526716.0,0.0003
2023-12-25,8.619,9.4,8.507,9.202,70914380.8,0.00044025
2023-12-26,9.203,9.595,8.299,8.825,62617229.2,0.00052827
2023-12-27,8.825,9.032,8.413,8.703,41125383.4,0.00070812
2023-12-28,8.704,8.923,8.272,8.435,38361018.9,0.00085518
2023-12-29,8.436,8.694,8.038,8.298,37467157.1,0.0018804899999999
2023-12-30,8.297,8.496,8.101,8.355,21010776.2,0.00117822
2023-12-31,8.356,8.66,8.025,8.207,25468951.2,0.00118753
2024-01-01,8.208,8.676,8.068,8.607,18891378.5,0.0007237
2024-01-02,8.608,8.819,8.321,8.418,28820161.3,0.00210026
2024-01-03,8.418,8.587,6.419,7.624,59130365.7,0.00065986
2024-01-04,7.624,7.997,7.461,7.874,26375273.0,0.0003
2024-01-05,7.874,7.952,7.159,7.445,35728095.4,0.0003
2024-01-06,7.446,7.447,6.94,7.134,23724799.2,0.0003
2024-01-07,7.134,7.324,6.812,6.897,27199051.8,0.0003
2024-01-08,6.897,7.502,6.504,7.481,39710390.9,0.0003
2024-01-09,7.48,7.526,6.906,7.125,37368519.6,0.0003
2024-01-10,7.126,8.089,6.791,7.988,39455653.8,0.0003
2024-01-11,7.988,8.58,7.854,8.149,49874099.8,0.0003
2024-01-12,8.149,8.219,7.291,7.566,40510552.0,0.0003
2024-01-13,7.566,7.752,7.368,7.614,19033249.5,0.0003
2024-01-14,7.614,7.7,7.314,7.321,20942719.9,0.0003
2024-01-15,7.321,7.695,7.308,7.507,22395779.9,0.0003
2024-01-16,7.507,7.698,7.336,7.488,21337559.2,0.0003
2024-01-17,7.489,7.597,7.253,7.351,20415761.0,0.0003
2024-01-18,7.35,7.394,6.811,7.017,33320376.4,0.0003
2024-01-19,7.017,7.052,6.566,6.89,30553133.7,0.0003
2024-01-20,6.89,6.947,6.773,6.91,14306828.0,0.0003
2024-01-21,6.91,6.975,6.798,6.813,12083952.0,0.0003
2024-01-22,6.814,6.848,6.284,6.341,39258227.3,0.0003
2024-01-23,6.342,6.454,5.962,6.355,40142566.7,0.000247
2024-01-24,6.356,6.54,6.256,6.461,25701145.9,0.0003
2024-01-25,6.461,6.57,6.346,6.44,19760057.3,0.0003
2024-01-26,6.44,6.73,6.357,6.669,19250563.1,0.0003
2024-01-27,6.668,6.754,6.526,6.668,14899278.1,0.0003
2024-01-28,6.668,6.874,6.563,6.866,19626837.5,0.0003
2024-01-29,6.867,7.295,6.7,7.032,37399355.0,0.00025057
2024-01-30,7.032,7.082,6.817,6.836,22475667.3,0.00013792
2024-01-31,6.836,6.885,6.581,6.651,26014331.3,0.0003
2024-02-01,6.651,6.816,6.525,6.789,16850357.7,0.0003
2024-02-02,6.789,7.025,6.762,6.945,16297558.0,0.0003
2024-02-03,6.944,7.008,6.81,6.825,10259323.6,0.0003
2024-02-04,6.825,6.825,6.633,6.665,11789321.0,0.0003
2024-02-05,6.665,6.972,6.587,6.733,21463708.0,0.0003
2024-02-06,6.733,6.831,6.635,6.808,15120347.8,0.0003
2024-02-07,6.808,6.964,6.668,6.939,16034949.1,0.0003
2024-02-08,6.94,7.107,6.867,7.011,20879463.7,0.0003
2024-02-09,7.011,7.329,6.957,7.192,26640713.3,0.0003
2024-02-10,7.192,7.29,7.055,7.2,15472697.2,0.00028906
2024-02-11,7.2,7.343,7.075,7.098,17707930.2,0.0003
2024-02-12,7.099,7.38,6.976,7.342,24626129.0,0.0003
2024-02-13,7.342,7.456,7.108,7.36,27067120.3,0.0003
2024-02-14,7.359,7.715,7.279,7.653,30857393.2,0.0003
2024-02-15,7.652,7.958,7.529,7.784,37476248.7,0.0003
2024-02-16,7.784,7.873,7.54,7.655,25501586.6,0.00062244
2024-02-17,7.655,7.718,7.341,7.712,22686512.8,0.00069388
2024-02-18,7.713,7.927,7.682,7.866,20385696.1,0.00088063
2024-02-19,7.866,8.155,7.654,8.037,33881060.5,0.00079094
2024-02-20,8.037,8.126,7.35,7.735,45557129.0,0.00089397
2024-02-21,7.735,7.737,7.23,7.474,29012765.2,0.00036936
2024-02-22,7.473,7.695,7.279,7.486,24198945.5,0.0003
2024-02-23,7.487,7.652,7.271,7.571,29869485.2,0.00091468
2024-02-24,7.571,7.896,7.438,7.826,22082905.7,0.00087723
2024-02-25,7.825,7.95,7.683,7.931,16477941.9,0.00094508
2024-02-26,7.931,8.128,7.591,8.119,27517790.5,0.00121189
2024-02-27,8.119,8.456,8.0,8.376,32550934.1,0.0016515
2024-02-28,8.377,8.738,7.676,8.35,51682470.9,0.00131522
2024-02-29,8.35,8.918,8.033,8.27,46815625.0,0.0019493
2024-03-01,8.27,8.685,8.27,8.672,25719985.2,0.00175443
2024-03-02,8.672,9.48,8.59,9.476,42613821.2,0.00250002
2024-03-03,9.476,9.924,8.528,9.79,52072724.9,0.001951
2024-03-04,9.791,10.324,9.583,9.878,70045888.4,0.00160886
2024-03-05,9.878,10.789,8.05,9.32,103546868.6,0.00244715
2024-03-06,9.321,10.57,8.931,10.552,60463466.5,0.00052809
2024-03-07,10.552,11.009,10.243,10.415,42100631.6,0.00107546
2024-03-08,10.414,10.711,9.966,10.648,41937411.3,0.00110758
2024-03-09,10.648,10.97,10.423,10.504,30263971.4,0.00158512
2024-03-10,10.505,10.585,9.968,10.268,26685074.5,0.00138291
2024-03-11,10.269,11.262,9.76,11.062,52281525.7,0.0011689
2024-03-12,11.062,11.167,10.053,10.747,44382649.2,0.00137304
2024-03-13,10.748,11.402,10.648,11.385,34661127.9,0.00171772
2024-03-14,11.385,11.91,10.678,11.567,69010810.1,0.00140941
2024-03-15,11.567,11.72,9.965,10.821,71009156.9,0.00057468
2024-03-16,10.822,10.911,9.502,9.689,50637862.3,0.00037249
2024-03-17,9.689,10.252,9.197,10.087,38607659.9,0.0003
2024-03-18,10.087,10.455,9.605,9.911,51143971.3,0.0003
2024-03-19,9.911,10.003,8.606,8.769,72415325.3,0.00038256
2024-03-20,8.769,9.575,8.49,9.489,55217826.3,0.0003
2024-03-21,9.489,9.589,9.076,9.185,34626559.6,0.00038485
2024-03-22,9.186,9.373,8.7,8.943,32571253.6,0.00050147
2024-03-23,8.942,9.23,8.858,8.976,18253822.8,0.00038705
2024-03-24,8.976,9.438,8.952,9.378,16522949.6,0.00050804
2024-03-25,9.378,9.84,9.293,9.746,22458401.9,0.00033751
2024-03-26,9.746,10.065,9.532,9.694,29820846.1,0.00081428
2024-03-27,9.695,9.823,9.316,9.457,28022651.8,0.00089866
2024-03-28,9.457,9.669,9.306,9.533,18754460.7,0.00122341
2024-03-29,9.534,9.822,9.35,9.611,23947594.6,0.00108424
2024-03-30,9.611,9.71,9.394,9.439,12180589.0,0.0014908299999999
2024-03-31,9.44,9.658,9.424,9.658,9918862.6,0.001615
2024-04-01,9.657,9.756,8.93,9.153,29518092.3,0.00142593
2024-04-02,9.153,9.153,8.379,8.588,31357805.5,0.00042634
2024-04-03,8.587,8.791,8.29,8.421,22763215.3,0.0003
2024-04-04,8.421,8.716,8.268,8.492,20888397.6,0.00040666
2024-04-05,8.492,8.516,8.081,8.386,20410851.6,0.0003
2024-04-06,8.385,8.561,8.335,8.5,11521626.3,0.00037599
2024-04-07,8.501,8.748,8.462,8.712,12473868.3,0.00030255
2024-04-08,8.712,9.103,8.574,9.05,17709300.0,0.00053584
2024-04-09,9.049,9.115,8.638,8.665,27632311.9,0.00057754
2024-04-10,8.665,8.708,8.123,8.415,29195119.0,0.00060491
2024-04-11,8.415,8.547,8.187,8.388,20628754.9,0.00039628
2024-04-12,8.387,8.497,6.446,7.234,65877045.9,0.00041398
2024-04-13,7.234,7.33,5.609,6.389,95138561.9,0.0001728
2024-04-14,6.389,6.923,6.189,6.849,63910390.6,-0.0011290299999999
2024-04-15,6.849,7.205,6.432,6.704,57391305.4,-0.00032788
2024-04-16,6.704,6.817,6.362,6.696,41069600.6,0.0001027
2024-04-17,6.695,6.773,6.319,6.576,36696483.8,-2.5010000000000003e-05
2024-04-18,6.577,6.826,6.442,6.779,29443456.4,0.0001047599999999
2024-04-19,6.778,6.913,6.266,6.678,40158752.3,0.00014393
2024-04-20,6.677,7.279,6.604,7.236,20541438.6,9.231000000000002e-05
2024-04-21,7.237,7.284,6.956,7.134,15686527.7,-4.621e-05
2024-04-22,7.133,7.585,7.076,7.46,24741148.8,3.069e-05
2024-04-23,7.461,7.536,7.2,7.238,21306806.4,-4.094999999999999e-05
2024-04-24,7.239,7.497,6.851,6.928,30721017.3,7.967e-05
2024-04-25,6.928,6.998,6.699,6.855,26376726.2,-2.481e-05
2024-04-26,6.855,6.948,6.709,6.762,21702465.0,-0.0001871
2024-04-27,6.761,6.864,6.5,6.805,19742123.5,7.747e-05
2024-04-28,6.805,6.947,6.68,6.723,12989037.7,-2.07e-05
2024-04-29,6.723,6.821,6.463,6.583,21753124.3,0.00016376
2024-04-30,6.584,6.665,6.03,6.418,36747407.9,-0.00016726
2024-05-01,6.417,6.932,6.124,6.894,53356320.9,-0.00054052
2024-05-02,6.894,7.407,6.688,7.27,35673617.7,-9.442e-05
2024-05-03,7.269,7.383,6.999,7.242,27219298.0,0.00014555
2024-05-04,7.241,7.248,7.101,7.117,15748317.7,0.00015101
2024-05-05,7.118,7.398,7.009,7.298,18369437.1,0.00012157
2024-05-06,7.299,7.471,7.054,7.116,23540405.4,0.00020178
2024-05-07,7.116,7.292,6.977,6.987,17987116.6,0.00017696
2024-05-08,6.988,7.187,6.88,6.979,22289964.4,0.00022367
2024-05-09,6.98,7.086,6.777,7.044,18203337.4,0.00025682
2024-05-10,7.045,7.147,6.69,6.742,21084287.9,0.0002323
2024-05-11,6.742,6.806,6.63,6.657,12060075.9,0.00016955
2024-05-12,6.657,6.788,6.581,6.613,9371584.7,4.7180000000000006e-05
2024-05-13,6.612,6.822,6.427,6.666,19813107.0,0.00020669
2024-05-14,6.666,6.694,6.465,6.482,16573526.9,0.00015003
2024-05-15,6.483,7.028,6.456,6.957,23073517.5,3.861000000000001e-05
2024-05-16,6.957,7.064,6.811,7.022,18053877.7,0.00024395
2024-05-17,7.023,7.298,6.995,7.195,19941733.5,0.0003
2024-05-18,7.195,7.227,7.06,7.155,9723241.0,0.0003
2024-05-19,7.155,7.179,6.883,6.928,11991808.8,0.00027229
2024-05-20,6.928,7.587,6.845,7.574,24139845.3,0.00021779
2024-05-21,7.573,7.672,7.431,7.613,22443037.3,0.0003
2024-05-22,7.613,7.7,7.383,7.47,21079665.4,0.0003
2024-05-23,7.47,7.61,6.837,7.203,37072679.5,0.0003
2024-05-24,7.203,7.387,7.02,7.248,18671056.2,0.0003
2024-05-25,7.248,7.44,7.222,7.426,9119401.2,0.0003
2024-05-26,7.425,7.642,7.368,7.561,18247710.6,0.0003
2024-05-27,7.561,7.784,7.381,7.646,19725818.5,0.00032588
2024-05-28,7.646,7.674,7.28,7.375,25720221.8,0.00034969
2024-05-29,7.375,7.569,7.143,7.181,21612082.2,0.0003
2024-05-30,7.18,7.248,6.925,7.001,18913998.4,0.0003
2024-05-31,7.001,7.063,6.804,6.988,17370811.8,0.0003
2024-06-01,6.989,7.14,6.962,7.067,8988884.4,0.0003
2024-06-02,7.067,7.132,6.92,6.993,12391688.6,0.00036538
2024-06-03,6.994,7.194,6.936,7.012,17749034.3,0.00038867
2024-06-04,7.012,7.24,6.944,7.186,16016307.4,0.0003
2024-06-05,7.186,7.305,7.153,7.257,12671887.4,0.00062458
2024-06-06,7.257,7.295,7.058,7.15,12543420.4,0.00069215
2024-06-07,7.151,7.299,5.976,6.654,37956493.7,0.00062611
2024-06-08,6.654,6.683,6.333,6.379,17374194.3,-0.00018261
2024-06-09,6.379,6.536,6.37,6.523,11700879.7,-4.799e-05
2024-06-10,6.523,6.58,6.353,6.506,15754249.3,0.0002663
2024-06-11,6.506,6.526,6.205,6.375,26836990.5,0.0003
2024-06-12,6.374,6.925,6.27,6.734,28230067.5,0.00017336
2024-06-13,6.735,6.741,6.334,6.357,19298090.3,0.00023064
2024-06-14,6.358,6.486,5.95,6.16,26973335.6,0.0003
2024-06-15,6.16,6.256,6.104,6.219,10608792.0,2.245000000000001e-05
2024-06-16,6.22,6.422,6.144,6.393,12819503.0,-2.7600000000000075e-06
2024-06-17,6.393,6.415,5.976,6.065,24202883.8,0.00015246
2024-06-18,6.065,6.085,5.4,5.767,44292939.8,-0.00030061
2024-06-19,5.768,5.99,5.726,5.793,22366595.9,-1.0839999999999998e-05
2024-06-20,5.793,5.971,5.593,5.639,25145437.8,-7.37e-05
2024-06-21,5.638,5.734,5.545,5.608,22785311.8,4.085e-05
2024-06-22,5.608,5.8,5.537,5.748,13487497.0,-7.822999999999999e-05
2024-06-23,5.749,5.814,5.562,5.649,13633941.6,0.000281
2024-06-24,5.648,5.736,5.338,5.725,33163874.3,0.00018748
2024-06-25,5.725,5.97,5.702,5.839,16446296.8,0.00014151
2024-06-26,5.839,5.944,5.74,5.797,15298636.6,7.166e-05
2024-06-27,5.796,6.376,5.702,6.285,28082793.3,-7.225999999999999e-05
2024-06-28,6.286,6.437,6.158,6.189,26024952.2,0.00018028
2024-06-29,6.189,6.305,6.062,6.08,11379913.7,0.0003
2024-06-30,6.079,6.258,6.02,6.212,13517701.5,0.0003
2024-07-01,6.213,6.446,6.19,6.327,21023105.2,0.00019914
2024-07-02,6.327,6.605,6.311,6.528,34398632.1,0.00023578
2024-07-03,6.528,6.543,5.99,6.075,33474983.7,0.00016912
2024-07-04,6.076,6.132,5.529,5.555,39068628.3,0.00024774
2024-07-05,5.556,5.914,4.888,5.683,81798330.9,-0.00044426
2024-07-06,5.683,6.304,5.625,6.237,42839607.0,-0.00024031
2024-07-07,6.238,6.311,5.88,5.907,28012799.8,0.00024825
2024-07-08,5.907,6.293,5.69,5.94,42322739.7,0.00014427
2024-07-09,5.94,6.183,5.838,6.116,23464481.0,5.628e-05
2024-07-10,6.116,6.258,6.047,6.092,17164262.3,0.0003
2024-07-11,6.092,6.246,5.891,5.9,16552834.2,0.0003
2024-07-12,5.9,6.1,5.795,6.1,14712647.8,2.112e-05
2024-07-13,6.1,6.303,6.072,6.231,12592198.4,0.0003
2024-07-14,6.232,6.356,6.156,6.316,12726214.2,0.0003
2024-07-15,6.316,6.536,6.289,6.483,21118547.6,0.0001853
2024-07-16,6.483,6.51,6.12,6.334,26337859.6,0.0003
2024-07-17,6.333,6.531,6.238,6.25,19721137.7,0.0003
2024-07-18,6.25,6.402,6.013,6.088,20597699.2,0.00018185
2024-07-19,6.089,6.348,5.97,6.336,17763171.3,9.890000000000002e-06
2024-07-20,6.335,6.395,6.219,6.329,10778207.3,0.00029968
2024-07-21,6.329,6.444,6.092,6.427,15855983.5,0.00023858
2024-07-22,6.428,6.473,6.075,6.092,17174396.2,0.00024689
2024-07-23,6.092,6.161,5.798,5.913,22380274.7,-0.0001452999999999
2024-07-24,5.912,5.993,5.645,5.742,15458392.8,-4.757e-05
2024-07-25,5.742,5.775,5.534,5.751,24401742.9,-5.107e-05
2024-07-26,5.752,5.887,5.723,5.862,14137734.7,5.390000000000001e-06
2024-07-27,5.863,5.94,5.709,5.821,15237608.3,0.00027614
2024-07-28,5.821,5.841,5.667,5.716,9795812.7,0.00021708
2024-07-29,5.716,5.873,5.616,5.647,18003236.1,0.00012272
2024-07-30,5.647,5.722,5.477,5.516,15210283.5,0.00015794
2024-07-31,5.517,5.556,5.33,5.386,18929782.0,0.00015694
2024-08-01,5.385,5.421,5.02,5.338,31545127.2,9.34e-05
2024-08-02,5.338,5.367,4.993,5.12,26914130.6,8.929e-05
2024-08-03,5.12,5.206,4.852,5.041,25324517.3,0.00022613
2024-08-04,5.041,5.095,4.527,4.687,31217068.0,-5.235e-05
2024-08-05,4.688,4.725,3.584,4.195,128295289.5,-0.00054639
2024-08-06,4.196,4.599,4.188,4.505,33197377.0,-0.00073065
2024-08-07,4.504,4.637,4.399,4.575,33942836.8,-0.00095469
2024-08-08,4.574,4.903,4.475,4.876,27882613.9,-0.00082038
2024-08-09,4.877,4.92,4.727,4.781,16138690.8,-0.00045996
2024-08-10,4.781,4.829,4.717,4.751,8992724.0,-0.00012805
2024-08-11,4.751,4.825,4.463,4.493,13458930.7,-0.00051574
2024-08-12,4.492,4.677,4.446,4.584,18913627.8,-0.00017881
2024-08-13,4.585,4.612,4.393,4.543,15533087.3,-0.000479
2024-08-14,4.542,4.552,4.345,4.38,16116343.7,-6.523e-05
2024-08-15,4.38,4.478,4.224,4.274,17183158.7,0.00017232
2024-08-16,4.275,4.384,4.208,4.289,15781682.1,-0.00021567
2024-08-17,4.289,4.382,4.271,4.366,6623262.5,-9.960000000000006e-06
2024-08-18,4.365,4.52,4.341,4.388,14276663.5,-0.00035602
2024-08-19,4.389,4.501,4.341,4.479,16442950.0,-0.00029402
2024-08-20,4.478,4.601,4.452,4.52,13645391.3,7.552999999999999e-05
2024-08-21,4.521,4.745,4.487,4.661,16526468.9,0.00024676
2024-08-22,4.66,4.711,4.591,4.688,12502761.1,0.00023706
2024-08-23,4.688,4.951,4.679,4.89,18277377.9,0.00014203
2024-08-24,4.89,5.099,4.842,4.981,17730945.1,8.847e-05
2024-08-25,4.981,4.992,4.742,4.816,15935994.7,0.00013754
2024-08-26,4.817,4.863,4.525,4.553,17898821.4,8.916e-05
2024-08-27,4.554,4.655,4.236,4.374,23736376.8,-0.00021679
2024-08-28,4.375,4.451,4.162,4.251,25486986.3,-0.00022778
2024-08-29,4.252,4.401,4.174,4.249,14042183.2,-0.00029526
2024-08-30,4.248,4.331,4.096,4.276,17152031.5,-7.723e-05
2024-08-31,4.275,4.315,4.214,4.255,7099717.3,0.0002721
2024-09-01,4.256,4.256,4.028,4.065,15617285.5,3.255999999999999e-05
2024-09-02,4.065,4.232,4.048,4.206,15417729.0,-0.00010814
2024-09-03,4.205,4.283,4.051,4.059,15351641.1,9.78e-05
2024-09-04,4.059,4.195,3.864,4.109,27469571.4,1.316e-05
2024-09-05,4.11,4.126,3.969,4.019,18522266.8,7.141000000000001e-05
2024-09-06,4.019,4.095,3.814,3.956,34166355.2,0.00013583
2024-09-07,3.957,4.132,3.931,4.079,14225597.7,-0.00016816
2024-09-08,4.079,4.205,4.055,4.162,11952157.7,0.0002974
2024-09-09,4.161,4.338,4.108,4.285,16671695.7,0.00024345
2024-09-10,4.285,4.287,4.194,4.248,12873290.7,0.00024297
2024-09-11,4.248,4.255,4.057,4.19,19459917.4,-4.519999999999999e-06
2024-09-12,4.19,4.297,4.186,4.293,13114925.0,0.00023784
2024-09-13,4.293,4.469,4.269,4.418,17368446.7,0.000272
2024-09-14,4.419,4.443,4.343,4.435,8941855.8,0.0002427
2024-09-15,4.435,4.555,4.348,4.392,16339129.1,0.0003
2024-09-16,4.391,4.392,4.146,4.192,21923482.3,0.00013935
2024-09-17,4.192,4.285,4.125,4.154,19281983.2,-0.0001727
2024-09-18,4.155,4.176,3.97,4.174,29032201.1,-0.0004110999999999
2024-09-19,4.175,4.348,4.175,4.252,25782719.6,-0.00015949
2024-09-20,4.252,4.403,4.186,4.337,22299194.6,0.0003
2024-09-21,4.337,4.476,4.281,4.46,13120272.4,0.00026511
2024-09-22,4.459,4.482,4.23,4.307,16184121.8,0.0003
2024-09-23,4.308,4.46,4.228,4.455,20560265.6,0.00018935
2024-09-24,4.455,4.684,4.398,4.634,24679791.3,0.0003
2024-09-25,4.633,4.772,4.589,4.635,20124086.5,0.0003
2024-09-26,4.635,4.875,4.562,4.812,18934946.8,0.0003
2024-09-27,4.812,4.963,4.807,4.884,14717751.1,0.0003
2024-09-28,4.883,4.93,4.741,4.794,12286277.2,0.0003
2024-09-29,4.795,4.859,4.68,4.765,12042499.9,0.0003
2024-09-30,4.765,4.769,4.396,4.429,22226676.9,0.0003
2024-10-01,4.43,4.56,4.05,4.15,49208813.3,9.831e-05
2024-10-02,4.15,4.267,4.001,4.099,31493107.9,5.359000000000001e-05
2024-10-03,4.098,4.171,3.986,4.128,28198234.4,9.375e-05
2024-10-04,4.128,4.211,4.1,4.193,16639907.8,0.00017323
2024-10-05,4.192,4.231,4.073,4.135,12209098.6,0.00013823
2024-10-06,4.136,4.195,4.093,4.189,9249509.6,0.00018289
2024-10-07,4.19,4.269,4.122,4.128,25735969.0,0.00020032
2024-10-08,4.129,4.182,4.041,4.102,21980353.1,0.0002543
2024-10-09,4.101,4.148,3.948,4.021,16526683.7,0.0003
2024-10-10,4.022,4.076,3.96,4.071,16014896.6,6.261e-05
2024-10-11,4.071,4.194,4.05,4.172,13298397.5,0.0003
2024-10-12,4.171,4.262,4.151,4.204,11110291.6,0.0003
2024-10-13,4.203,4.215,4.083,4.161,11979325.8,0.0003
2024-10-14,4.162,4.4,4.131,4.377,20787015.2,0.0003
2024-10-15,4.377,4.535,4.291,4.407,32660262.7,0.0003
2024-10-16,4.406,4.41,4.284,4.312,15620943.4,0.0003
2024-10-17,4.312,4.35,4.143,4.19,18710893.6,0.0003
2024-10-18,4.19,4.31,4.17,4.31,12488080.6,0.00028465
2024-10-19,4.31,4.482,4.308,4.429,15839510.7,0.0003
2024-10-20,4.43,4.594,4.356,4.578,15004078.8,0.0003
2024-10-21,4.577,4.617,4.333,4.376,17414835.4,0.0003
2024-10-22,4.377,4.437,4.269,4.323,16266111.1,0.0003
2024-10-23,4.323,4.332,4.101,4.208,20577304.9,0.0003
2024-10-24,4.208,4.267,4.14,4.207,12441584.7,0.0003
2024-10-25,4.206,4.219,3.836,3.993,27866892.3,0.0003
2024-10-26,3.993,4.059,3.94,4.034,15349578.2,0.00016291
2024-10-27,4.034,4.132,4.004,4.126,12080588.4,0.0003
2024-10-28,4.126,4.225,4.002,4.13,25687548.6,0.00027889
2024-10-29,4.131,4.252,4.119,4.195,24758491.4,0.0003
2024-10-30,4.194,4.221,4.121,4.191,18422467.6,0.0003
2024-10-31,4.192,4.217,3.9,3.957,28323113.0,0.0003
2024-11-01,3.958,3.995,3.843,3.908,26451091.7,0.0003
2024-11-02,3.908,3.944,3.82,3.906,15963038.7,0.00029535
2024-11-03,3.907,3.929,3.663,3.783,30455110.8,0.00013564
2024-11-04,3.783,3.836,3.675,3.749,19968188.2,0.00011838
2024-11-05,3.75,3.918,3.742,3.855,19599832.6,0.00026752
2024-11-06,3.855,4.13,3.855,4.114,39586819.9,0.0003
2024-11-07,4.113,4.201,4.047,4.166,34104461.4,0.0003
2024-11-08,4.167,4.393,4.114,4.326,46984895.4,0.0003
2024-11-09,4.326,4.644,4.263,4.635,31689303.9,0.0003
2024-11-10,4.635,5.482,4.587,5.244,102813013.6,0.00031799
2024-11-11,5.243,5.792,4.976,5.714,65696469.6,0.00035029
2024-11-12,5.713,5.848,5.125,5.312,85958498.0,0.00096488
2024-11-13,5.312,5.434,4.913,5.078,70706549.4,0.00037632
2024-11-14,5.078,5.219,4.69,4.78,51233065.6,0.00039996
2024-11-15,4.779,5.175,4.706,5.164,38679603.7,0.0003
2024-11-16,5.163,5.807,5.135,5.785,49285220.5,0.0003
2024-11-17,5.785,6.147,5.313,5.425,57277156.6,0.0003
2024-11-18,5.426,6.097,5.395,6.009,53969617.7,0.0003
2024-11-19,6.01,6.049,5.662,5.807,32612278.7,0.0003
2024-11-20,5.808,6.085,5.534,5.725,50830830.5,0.0003
2024-11-21,5.724,5.973,5.476,5.939,46373445.5,0.0003
2024-11-22,5.939,6.694,5.882,6.634,61095161.4,0.00054627
2024-11-23,6.635,9.448,6.586,8.523,200467951.7,0.00055715
2024-11-24,8.524,10.512,8.03,8.829,188408886.3,0.00054771
2024-11-25,8.831,9.369,8.12,8.242,78684200.4,0.00037381
2024-11-26,8.24,8.476,7.555,8.072,67624118.7,0.00046517
2024-11-27,8.072,8.576,7.843,8.462,47611081.3,0.00031872
2024-11-28,8.461,8.759,8.008,8.622,42229774.3,0.0003
2024-11-29,8.622,9.085,8.443,9.031,42394944.1,0.0004218
2024-11-30,9.032,9.237,8.607,8.953,54258938.0,0.00038458
2024-12-01,8.952,9.397,8.703,9.299,47515641.4,0.00068125
2024-12-02,9.299,10.21,8.461,10.022,97709025.0,0.00058559
2024-12-03,10.022,10.403,9.063,9.783,86441808.3,0.00094517
2024-12-04,9.786,11.666,9.669,10.526,105109970.3,0.00089255
2024-12-05,10.526,11.247,9.901,10.381,80136872.6,0.00099998
2024-12-06,10.381,10.889,10.024,10.682,46835274.0,0.00099433
2024-12-07,10.683,10.945,10.314,10.604,34689521.4,0.00101004
2024-12-08,10.604,10.821,10.2,10.402,28459667.8,0.0008403999999999
2024-12-09,10.402,10.406,7.546,8.467,95465340.1,0.0007923
2024-12-10,8.468,8.717,7.586,8.389,80686878.3,0.0003
2024-12-11,8.389,9.264,8.027,8.992,45557214.3,0.00019966
2024-12-12,8.991,9.671,8.907,9.06,55155826.6,0.0003
2024-12-13,9.061,9.233,8.772,9.088,37762209.8,0.0003
2024-12-14,9.088,9.212,8.351,8.55,32090917.4,0.0003
2024-12-15,8.55,9.26,8.362,9.027,42332535.8,0.0003
2024-12-16,9.026,9.202,8.582,8.754,37815231.4,0.0003
2024-12-17,8.754,8.971,8.376,8.485,37297213.7,0.0003
2024-12-18,8.485,8.546,7.511,7.676,54370067.2,0.0003
2024-12-19,7.677,7.797,6.758,6.937,84648281.3,0.00029686
2024-12-20,6.938,7.356,6.039,7.288,80819484.7,0.00014675
2024-12-21,7.288,7.798,6.832,6.97,49169511.4,0.0003
2024-12-22,6.97,7.262,6.681,6.839,38093529.2,0.0003
2024-12-23,6.838,7.565,6.651,7.38,40611216.8,0.00028341
2024-12-24,7.379,7.636,7.15,7.547,27827789.3,0.0003
2024-12-25,7.548,7.677,7.349,7.498,20199514.9,0.0003
2024-12-26,7.499,7.59,6.877,6.93,28028600.6,0.00022121
2024-12-27,6.93,7.307,6.811,6.907,25442391.5,0.00028416
2024-12-28,6.908,7.183,6.787,7.11,15427708.7,0.00011971
2024-12-29,7.111,7.151,6.803,6.862,15282312.0,0.00029098
2024-12-30,6.862,7.108,6.532,6.701,34092700.5,3.851e-05
2024-12-31,6.701,6.927,6.56,6.637,22632659.7,0.00021082
2025-01-01,6.637,7.14,6.515,7.052,25994477.3,0.00018779
2025-01-02,7.052,7.358,7.05,7.175,25123774.1,0.0003
2025-01-03,7.175,7.994,7.132,7.749,38825786.0,0.0003
2025-01-04,7.75,7.88,7.603,7.676,21243065.0,0.0003
2025-01-05,7.675,7.733,7.457,7.67,18110115.2,0.0003
2025-01-06,7.671,7.989,7.536,7.768,30437078.7,0.0003
2025-01-07,7.768,7.888,7.002,7.008,49782986.6,0.0003
2025-01-08,7.009,7.131,6.415,6.755,50077990.4,4.419e-05
2025-01-09,6.754,6.841,6.448,6.553,34057214.5,-0.00018944
2025-01-10,6.553,6.808,6.476,6.727,28351683.4,0.00016275
2025-01-11,6.728,6.877,6.582,6.738,12862998.6,0.0003
2025-01-12,6.738,6.817,6.54,6.629,12609222.7,0.0003
2025-01-13,6.629,6.808,5.97,6.392,46864383.6,8.295000000000001e-05
2025-01-14,6.391,6.685,6.364,6.665,24537388.8,6.918999999999999e-05
2025-01-15,6.665,7.194,6.554,7.161,37969657.6,0.0003
2025-01-16,7.16,7.389,6.843,7.149,39783993.0,0.0003
2025-01-17,7.15,7.598,7.149,7.502,30026810.1,0.0003
2025-01-18,7.502,7.587,6.831,7.039,36735857.6,0.0003
2025-01-19,7.039,7.234,6.1,6.242,67737763.7,0.00029786
2025-01-20,6.242,7.152,6.05,6.377,80381584.2,0.00029909
2025-01-21,6.378,6.845,6.15,6.624,32486233.4,0.00026052
2025-01-22,6.624,6.698,6.41,6.447,18857381.5,0.0003
2025-01-23,6.446,6.502,6.191,6.35,31453205.7,0.0003
2025-01-24,6.349,6.545,6.196,6.317,21845233.9,0.0003
2025-01-25,6.318,6.407,6.241,6.321,14496865.7,0.0003
2025-01-26,6.321,6.469,6.16,6.172,18302159.3,0.0003
2025-01-27,6.172,6.209,5.477,5.949,52081222.2,8.764e-05
2025-01-28,5.949,6.034,5.596,5.646,22107454.8,0.00029152
2025-01-29,5.645,5.878,5.539,5.762,26174330.9,0.00024298
2025-01-30,5.762,6.254,5.716,6.123,21822405.0,0.00018505
2025-01-31,6.123,6.498,6.026,6.318,39201685.7,0.0003
2025-02-01,6.318,6.491,5.856,5.904,30502017.2,0.0003
2025-02-02,5.904,6.044,4.843,5.15,63050331.5,7.38e-05
2025-02-03,5.15,5.275,3.805,5.174,128483798.6,-0.00059393
2025-02-04,5.175,5.225,4.579,4.738,62603464.7,-7.504e-05
2025-02-05,4.739,4.86,4.625,4.686,30664419.2,3.013e-05
2025-02-06,4.685,4.835,4.431,4.487,30603966.8,-9.967e-05
2025-02-07,4.487,4.934,4.455,4.588,37567936.6,-7.13e-05
2025-02-08,4.588,4.763,4.494,4.741,21153794.9,4.554e-05
2025-02-09,4.741,4.873,4.508,4.759,27122979.6,0.00021738
2025-02-10,4.758,4.919,4.604,4.842,26858579.5,0.00023331
2025-02-11,4.842,5.208,4.745,4.806,34034801.6,0.0002154
2025-02-12,4.805,5.326,4.75,5.225,48975346.0,-3.382999999999999e-05
2025-02-13,5.226,5.275,5.064,5.128,23810280.5,0.00018381
2025-02-14,5.129,5.373,5.095,5.169,25414039.0,4.804e-05
2025-02-15,5.168,5.217,4.975,5.018,19781751.1,-6.444e-05
2025-02-16,5.018,5.044,4.822,4.875,18369373.1,0.00016028
2025-02-17,4.876,5.067,4.771,4.887,29026387.8,7.155e-05
2025-02-18,4.887,4.915,4.557,4.766,34038222.3,0.00012607
2025-02-19,4.766,4.903,4.695,4.881,19746147.3,0.00010933
2025-02-20,4.882,5.066,4.876,5.044,23629129.7,0.0003
2025-02-21,5.045,5.337,4.947,5.058,38947376.4,0.0003
2025-02-22,5.058,5.212,5.022,5.041,23452061.0,0.00016686
2025-02-23,5.04,5.129,4.902,4.951,15677925.4,1.2200000000000053e-06
2025-02-24,4.951,4.978,4.328,4.412,39636561.0,-0.00032152
2025-02-25,4.412,4.755,4.133,4.638,69181950.8,-0.00014039
2025-02-26,4.638,4.93,4.59,4.753,44658794.1,0.00022659
2025-02-27,4.753,5.183,4.712,4.932,44455410.0,0.0003
2025-02-28,4.932,4.932,4.45,4.711,53073270.9,-5.313999999999999e-05
2025-03-01,4.711,4.817,4.521,4.661,26422209.2,-0.00014101
2025-03-02,4.662,5.227,4.563,5.202,48825163.8,-6.509e-05
2025-03-03,5.202,5.248,4.43,4.469,53702108.4,0.0003
2025-03-04,4.469,4.512,4.011,4.326,62057139.4,-0.00048976
2025-03-05,4.325,4.547,4.273,4.521,31262067.5,-0.00028302
2025-03-06,4.521,4.662,4.339,4.428,32930913.7,0.00019512
2025-03-07,4.428,4.678,4.208,4.41,49283731.8,-3.379e-05
2025-03-08,4.409,4.443,4.256,4.287,22699072.9,-0.0001388
2025-03-09,4.287,4.348,3.975,4.015,33933021.9,-0.00040639
2025-03-10,4.015,4.283,3.77,3.866,50627376.5,-0.00046026
2025-03-11,3.867,4.121,3.65,4.041,48172881.7,-0.00062232
2025-03-12,4.041,4.097,3.844,3.966,36160417.1,-5.009e-05
2025-03-13,3.965,4.11,3.822,3.977,36134734.4,-4.186999999999999e-05
2025-03-14,3.978,4.225,3.965,4.184,30270222.4,0.00013164
2025-03-15,4.185,4.426,4.182,4.347,23788828.5,0.00021332
2025-03-16,4.347,4.361,4.181,4.296,28457833.6,0.0001793699999999
2025-03-17,4.296,4.465,4.294,4.369,24280737.1,0.00024883
2025-03-18,4.37,4.485,4.228,4.448,27621056.9,0.00016891
2025-03-19,4.448,4.595,4.434,4.535,33403325.7,0.00018941
2025-03-20,4.536,4.566,4.324,4.396,25665416.4,7.710000000000002e-06
2025-03-21,4.396,4.584,4.376,4.497,26762176.6,8.807000000000002e-05
2025-03-22,4.497,4.545,4.412,4.443,17041265.5,-5.5379999999999975e-05
2025-03-23,4.443,4.515,4.395,4.5,15845071.8,0.00010332
2025-03-24,4.501,4.773,4.466,4.619,27344878.5,0.00028034
2025-03-25,4.619,4.719,4.581,4.635,18597737.8,0.0003
2025-03-26,4.635,4.766,4.591,4.691,26095321.8,0.0003
2025-03-27,4.692,4.757,4.492,4.621,26382466.1,0.00014374
2025-03-28,4.622,4.644,4.238,4.278,32895625.3,-0.00011333
2025-03-29,4.279,4.301,3.992,4.047,26340519.2,-0.00013032
2025-03-30,4.047,4.17,3.982,4.041,20811122.9,-0.00041754
2025-03-31,4.041,4.09,3.945,4.019,22299698.0,-0.00014161
2025-04-01,4.019,4.28,4.011,4.169,25621770.4,-0.00011169
2025-04-02,4.168,4.236,3.907,3.963,35398021.1,-6.489e-05
2025-04-03,3.962,4.106,3.842,4.057,28597825.5,-1.516e-05
2025-04-04,4.058,4.129,3.943,4.031,33804131.9,-4.623e-05
2025-04-05,4.031,4.068,3.894,3.954,17217802.4,-3.184000000000001e-05
2025-04-06,3.953,3.974,3.597,3.681,39871119.9,0.00017429
2025-04-07,3.681,3.731,3.278,3.59,92664450.7,-0.00044764
2025-04-08,3.589,3.702,3.339,3.375,41017600.4,-0.00027705
2025-04-09,3.374,3.75,3.246,3.641,64370302.8,6.395e-05
2025-04-10,3.641,3.648,3.389,3.461,47915638.8,-9.333e-05
2025-04-11,3.461,3.597,3.448,3.555,28369883.9,4.233e-05
2025-04-12,3.555,3.755,3.523,3.711,24591721.0,0.00016078
2025-04-13,3.711,3.815,3.613,3.665,41633623.3,0.00012753
2025-04-14,3.664,3.797,3.628,3.673,30292735.5,2.720000000000014e-06
2025-04-15,3.673,3.733,3.514,3.517,28182161.1,-0.0001472
2025-04-16,3.517,3.617,3.466,3.555,30176037.0,-0.00036533
2025-04-17,3.555,3.697,3.537,3.633,25935198.3,0.00023193
2025-04-18,3.633,3.746,3.609,3.673,17786938.2,0.0003
2025-04-19,3.672,3.89,3.642,3.878,20134535.8,0.00014701
2025-04-20,3.878,3.949,3.786,3.878,24911994.4,0.00027153
2025-04-21,3.878,3.983,3.767,3.776,27759346.0,0.00018329
2025-04-22,3.777,4.038,3.686,4.008,44348298.8,-0.00038888
2025-04-23,4.008,4.198,3.997,4.093,37497095.1,0.0003
2025-04-24,4.092,4.284,3.927,4.269,38941229.1,0.0003
2025-04-25,4.269,4.372,4.213,4.251,30740851.6,0.0003
2025-04-26,4.252,4.361,4.196,4.262,23527376.9,0.00028169
2025-04-27,4.262,4.289,4.053,4.086,30899691.2,0.00019389
2025-04-28,4.086,4.264,4.007,4.239,33135822.5,0.00014294
2025-04-29,4.24,4.328,4.097,4.143,22663940.0,0.0003
2025-04-30,4.143,4.174,4.022,4.063,22009621.8,-9.339e-05
2025-05-01,4.063,4.222,4.061,4.174,20117522.5,0.00011807
2025-05-02,4.174,4.286,4.122,4.159,19108356.4,0.00027179
2025-05-03,4.159,4.17,4.008,4.024,17757427.9,-5.381e-05
2025-05-04,4.024,4.049,3.894,3.917,26995581.1,-0.00024218
2025-05-05,3.918,4.02,3.879,3.915,25558125.8,3.682e-05
2025-05-06,3.915,3.975,3.821,3.968,27266153.8,-1.466e-05
2025-05-07,3.969,4.006,3.876,3.967,20289457.1,0.00013204
2025-05-08,3.966,4.491,3.963,4.455,45591401.5,0.0003
2025-05-09,4.455,4.862,4.432,4.8,50341004.7,0.0003
2025-05-10,4.8,5.32,4.796,5.306,50331782.3,0.0003
2025-05-11,5.306,5.361,4.952,5.095,39414147.9,0.0003
2025-05-12,5.095,5.393,4.886,5.068,49951171.9,0.0003
2025-05-13,5.068,5.271,4.82,5.19,36201577.9,0.0003
2025-05-14,5.191,5.266,4.944,4.978,29546153.5,0.00024092
2025-05-15,4.979,5.025,4.674,4.776,43386769.5,0.00010943
2025-05-16,4.775,4.954,4.705,4.752,25773168.9,0.0002094
2025-05-17,4.751,4.767,4.553,4.61,28528063.3,0.00015386
2025-05-18,4.611,4.92,4.503,4.791,33425367.1,8.895000000000001e-05
2025-05-19,4.791,4.819,4.41,4.593,31751498.6,0.00012689
2025-05-20,4.594,4.725,4.515,4.674,26526072.8,0.00017222
2025-05-21,4.674,4.876,4.61,4.736,40733718.3,0.0003
2025-05-22,4.737,4.976,4.728,4.946,29705505.1,0.0003
2025-05-23,4.947,5.117,4.527,4.558,51086276.3,0.00029765
2025-05-24,4.557,4.63,4.51,4.542,20622322.8,-0.0002310999999999
2025-05-25,4.542,4.562,4.346,4.521,24689960.1,-4.589999999999999e-06
2025-05-26,4.52,4.615,4.419,4.464,24755002.8,0.0001006
2025-05-27,4.465,4.613,4.368,4.532,27158129.6,8.595e-05
2025-05-28,4.532,4.66,4.415,4.585,31850734.8,0.00021809
2025-05-29,4.586,4.68,4.328,4.331,35598963.7,1.3760000000000004e-05
2025-05-30,4.33,4.355,4.003,4.047,52990871.4,-0.00038102
2025-05-31,4.046,4.118,3.893,4.074,31488403.4,-0.00024199
2025-06-01,4.074,4.099,3.967,4.063,18378505.3,0.00020715
2025-06-02,4.064,4.17,3.948,4.146,24483443.8,0.00020878
2025-06-03,4.146,4.221,4.09,4.136,23988009.9,0.00029283
2025-06-04,4.135,4.212,3.981,4.005,25095219.5,0.00025485
2025-06-05,4.005,4.074,3.734,3.81,38757234.5,4.092000000000001e-05
2025-06-06,3.811,3.99,3.799,3.883,20234656.3,-0.00022551
2025-06-07,3.884,4.057,3.865,4.029,15820115.0,0.00020087
2025-06-08,4.028,4.11,3.972,4.022,18206799.0,0.00013339
2025-06-09,4.023,4.16,3.96,4.151,33169601.8,0.00014271
2025-06-10,4.151,4.317,4.094,4.293,40883867.6,0.0003
2025-06-11,4.292,4.343,4.142,4.186,34065719.1,0.0003
2025-06-12,4.187,4.202,3.904,3.917,45166472.2,0.00021042
2025-06-13,3.916,3.916,3.659,3.834,67440470.3,-0.00026754
2025-06-14,3.834,3.844,3.714,3.779,20384079.6,0.0002107
2025-06-15,3.779,3.832,3.732,3.819,19057835.7,3.6370000000000006e-05
2025-06-16,3.819,3.99,3.784,3.846,32098595.7,0.00014159
2025-06-17,3.846,3.896,3.66,3.715,39570089.2,0.00028801
2025-06-18,3.716,3.784,3.571,3.621,40077026.7,1.19e-05
2025-06-19,3.621,3.656,3.493,3.546,35249925.1,-3.758e-05
2025-06-20,3.546,3.575,3.328,3.437,57677484.0,0.00013134
2025-06-21,3.436,3.506,3.2,3.322,39976872.5,7.033e-05
2025-06-22,3.322,3.361,3.014,3.151,86035431.0,-5.107e-05
2025-06-23,3.152,3.42,3.11,3.414,67381140.0,-0.00011226
2025-06-24,3.413,3.521,3.383,3.438,40878943.7,-2.396e-05
2025-06-25,3.437,3.458,3.338,3.351,33379245.3,0.00012661
2025-06-26,3.351,3.432,3.268,3.297,36855052.7,0.00013782
2025-06-27,3.296,3.397,3.271,3.358,33085601.3,1.48e-05
2025-06-28,3.358,3.424,3.328,3.405,16842414.3,4.853e-05
2025-06-29,3.405,3.582,3.377,3.541,23247269.4,8.779000000000001e-05
2025-06-30,3.541,3.559,3.35,3.395,37047091.2,0.0001821
2025-07-01,3.396,3.418,3.255,3.279,33263481.4,-9.234e-05
2025-07-02,3.278,3.625,3.24,3.545,50549121.5,0.00014774
2025-07-03,3.544,3.665,3.496,3.538,38768625.2,0.0003
2025-07-04,3.538,3.561,3.31,3.355,48978978.6,0.00019189
2025-07-05,3.356,3.388,3.305,3.352,20706899.5,-0.00026701
2025-07-06,3.352,3.446,3.326,3.393,30436052.1,0.0002102
2025-07-07,3.393,3.437,3.321,3.367,27404572.1,0.00029064
2025-07-08,3.368,3.475,3.324,3.447,28892256.1,0.00020167
2025-07-09,3.446,3.658,3.415,3.619,41532672.8,0.0003
2025-07-10,3.619,3.894,3.588,3.88,52028269.0,0.0003
2025-07-11,3.88,4.111,3.811,3.906,81627703.9,0.0003
2025-07-12,3.906,4.066,3.793,3.89,52576513.5,0.0003
2025-07-13,3.891,4.075,3.875,3.983,41911629.5,0.0003
2025-07-14,3.983,4.195,3.9,3.949,55467891.7,0.0002863
2025-07-15,3.949,4.099,3.8,4.082,53239925.6,0.0003
2025-07-16,4.083,4.269,4.011,4.156,46835956.4,0.0003
2025-07-17,4.156,4.305,4.065,4.26,59342973.3,0.0003
2025-07-18,4.259,4.627,4.137,4.229,83364359.6,0.0003
2025-07-19,4.228,4.453,4.132,4.408,39374223.4,0.0003
2025-07-20,4.408,4.588,4.349,4.481,49216448.3,0.0003
2025-07-21,4.482,4.677,4.394,4.5,60659432.3,0.0003
2025-07-22,4.501,4.556,4.279,4.552,77935454.4,0.0003
2025-07-23,4.553,4.554,3.992,4.113,85130398.3,0.0003
2025-07-24,4.114,4.2,3.891,3.999,83725299.9,0.0003
2025-07-25,3.999,4.1,3.86,4.086,58667530.4,0.00028617
2025-07-26,4.087,4.195,4.067,4.123,25683921.7,0.0003
2025-07-27,4.123,4.252,4.111,4.239,28797437.6,0.0003
2025-07-28,4.239,4.31,3.927,3.963,53640523.7,0.0003
2025-07-29,3.963,4.079,3.817,3.902,55051249.6,0.00016419
2025-07-30,3.902,3.919,3.618,3.804,57267532.7,3.238999999999999e-05
2025-07-31,3.803,3.918,3.663,3.679,41790482.2,-7.13e-05
2025-08-01,3.679,3.722,3.442,3.545,76121915.4,0.00019451
2025-08-02,3.545,3.628,3.425,3.506,42368509.8,0.00021392
2025-08-03,3.506,3.625,3.456,3.6,23869469.3,9.515e-05
2025-08-04,3.6,3.755,3.595,3.718,29517408.3,2.3170000000000003e-05
2025-08-05,3.718,3.724,3.535,3.619,38353383.1,0.00018727
2025-08-06,3.619,3.696,3.55,3.673,27149432.5,8.834e-05
2025-08-07,3.672,3.872,3.642,3.864,33495759.2,0.0003
2025-08-08,3.864,3.997,3.805,3.977,52332318.3,0.00026726
2025-08-09,3.978,4.164,3.968,4.134,36548498.3,0.00021135
2025-08-10,4.135,4.18,3.964,4.047,39304429.2,0.00021518
2025-08-11,4.046,4.158,3.815,3.852,52918078.7,0.0002533
2025-08-12,3.852,4.233,3.833,4.155,56021630.5,0.00020397
2025-08-13,4.156,4.318,4.097,4.278,58564394.4,0.0003
2025-08-14,4.277,4.37,3.901,3.983,93565734.6,0.0003
2025-08-15,3.983,4.1,3.816,3.892,59301317.7,0.00018724
2025-08-16,3.892,3.995,3.886,3.963,25094100.5,4.478e-05
2025-08-17,3.963,4.192,3.923,4.05,37709885.1,8.253000000000001e-05
2025-08-18,4.05,4.06,3.831,3.912,53510384.6,4.089e-05
2025-08-19,3.912,3.959,3.709,3.717,52630425.6,-2.272e-05
2025-08-20,3.717,3.904,3.693,3.883,44994169.1,-2.638e-05
2025-08-21,3.883,3.923,3.771,3.796,32251630.2,0.0003
2025-08-22,3.795,4.204,3.685,4.181,81002938.3,0.00027509
2025-08-23,4.181,4.267,4.026,4.228,43816561.9,0.0003
2025-08-24,4.227,4.284,4.013,4.11,66459232.7,0.0003
2025-08-25,4.11,4.147,3.686,3.73,74326027.7,0.00014934
2025-08-26,3.731,3.922,3.704,3.886,48319038.1,-0.00021744
2025-08-27,3.886,3.933,3.822,3.837,40608171.1,0.0003
2025-08-28,3.836,4.021,3.806,3.979,42422804.3,0.0003
2025-08-29,3.979,4.002,3.72,3.771,60248690.7,0.00020841
2025-08-30,3.772,3.823,3.709,3.808,24727528.1,0.00016539
2025-08-31,3.807,3.875,3.732,3.74,33013984.2,0.00023323
2025-09-01,3.739,3.889,3.608,3.691,64929898.0,0.00016231
2025-09-02,3.691,3.825,3.674,3.818,42161542.5,9.045e-05
2025-09-03,3.819,3.905,3.783,3.866,25562416.5,0.0003
2025-09-04,3.866,3.876,3.722,3.762,28173173.3,0.00028291
2025-09-05,3.761,3.894,3.754,3.827,40845174.7,0.00021929
2025-09-06,3.827,3.884,3.779,3.822,20103128.6,0.0003
2025-09-07,3.822,4.087,3.819,3.993,45317710.9,0.0003
2025-09-08,3.993,4.082,3.978,4.044,45639458.9,0.00019426
2025-09-09,4.045,4.183,4.001,4.137,54705705.8,0.0003
2025-09-10,4.138,4.226,4.054,4.217,40354251.9,0.0003
2025-09-11,4.216,4.258,4.126,4.242,34393960.5,0.0003
2025-09-12,4.242,4.322,4.151,4.318,35918229.9,0.0003
2025-09-13,4.318,4.625,4.302,4.492,58051086.1,0.0003
2025-09-14,4.491,4.498,4.275,4.314,37665517.5,0.0003
2025-09-15,4.314,4.401,4.101,4.148,48905585.7,0.00020447
2025-09-16,4.147,4.294,4.106,4.251,41967265.4,0.00010448
2025-09-17,4.251,4.431,4.13,4.402,47172021.4,0.00012473
2025-09-18,4.402,4.594,4.371,4.532,54266749.2,0.0003
2025-09-19,4.531,4.88,4.315,4.355,88690903.8,0.0003
2025-09-20,4.355,4.459,4.287,4.353,33476174.1,0.00011898
2025-09-21,4.353,4.385,4.233,4.259,24601681.2,0.00017553
2025-09-22,4.259,4.277,3.787,4.035,72157734.7,2.056e-05
2025-09-23,4.034,4.057,3.924,3.964,36637121.7,2.7280000000000003e-05
2025-09-24,3.964,4.114,3.883,3.989,37294812.3,0.0003
2025-09-25,3.989,4.003,3.768,3.801,64753327.8,0.00024038
2025-09-26,3.801,3.969,3.773,3.922,39677956.9,0.00020425
2025-09-27,3.923,3.925,3.848,3.887,18856772.0,0.0003
2025-09-28,3.887,4.028,3.79,3.994,30886725.9,0.00016263
2025-09-29,3.995,4.022,3.855,3.977,42191850.2,0.0003
2025-09-30,3.977,3.991,3.805,3.906,33024072.9,9.872e-05
2025-10-01,3.906,4.123,3.882,4.122,38553919.2,0.0003
2025-10-02,4.122,4.339,4.097,4.306,48005501.8,0.00020134
2025-10-03,4.306,4.382,4.177,4.319,44669922.0,0.0003
2025-10-04,4.32,4.328,4.133,4.188,30173206.2,0.0003
2025-10-05,4.187,4.376,4.074,4.131,46314757.9,0.0003
2025-10-06,4.131,4.439,4.106,4.398,50824138.1,0.0001628
2025-10-07,4.398,4.436,4.107,4.136,60167428.4,0.00028822
2025-10-08,4.137,4.241,4.06,4.192,35259465.4,0.00012967
2025-10-09,4.193,4.197,3.961,4.072,42499312.7,0.00011189
2025-10-10,4.072,4.289,0.942,2.937,227100984.8,0.00023517
2025-10-11,2.937,3.314,2.849,2.994,132674538.8,-0.00380286
2025-10-12,2.995,3.306,2.906,3.238,78304988.4,-0.00080865
2025-10-13,3.238,3.442,3.19,3.373,92845891.7,-0.00060044
2025-10-14,3.373,3.396,3.063,3.246,95183429.1,-0.00028931
2025-10-15,3.245,3.339,3.076,3.134,54933358.7,-0.00024717
2025-10-16,3.135,3.204,2.958,3.014,67216076.2,-0.00100839
2025-10-17,3.015,3.058,2.768,2.889,81769646.6,-0.00082027
2025-10-18,2.888,2.968,2.886,2.929,25094391.4,-0.00081621
2025-10-19,2.929,3.056,2.882,3.007,39598544.7,-0.00057302
2025-10-20,3.006,3.129,2.945,3.083,41162462.1,-0.00018761
2025-10-21,3.083,3.188,2.946,3.004,60293429.9,-0.00029568
2025-10-22,3.003,3.027,2.826,2.916,57585708.2,-0.00047123
2025-10-23,2.917,3.035,2.909,3.001,28791043.2,-0.00036225
2025-10-24,3.001,3.134,2.989,3.076,30494511.1,-5.422e-05
2025-10-25,3.076,3.105,3.024,3.088,16162317.1,-0.00013347
2025-10-26,3.089,3.238,3.055,3.193,28292077.8,-2.563e-05
2025-10-27,3.193,3.245,3.116,3.138,35476472.3,6.848999999999999e-05
2025-10-28,3.137,3.193,2.985,3.047,41535845.9,-4.127e-05
2025-10-29,3.047,3.175,3.021,3.077,47134824.3,-0.00054084
2025-10-30,3.077,3.117,2.778,2.869,80829115.1,-0.00025729
2025-10-31,2.868,2.923,2.823,2.881,39750450.9,-0.00039167
2025-11-01,2.88,2.972,2.862,2.97,28292746.1,9.616e-05
2025-11-02,2.969,3.013,2.861,2.984,34336109.3,-0.00011152
2025-11-03,2.983,2.992,2.45,2.582,100682033.1,-0.00076202
2025-11-04,2.582,2.661,2.341,2.506,112835791.9,-0.00087703
2025-11-05,2.507,2.675,2.382,2.667,55753360.1,-0.00011493
2025-11-06,2.667,2.681,2.526,2.664,51584087.8,-0.00114494
2025-11-07,2.664,3.339,2.661,3.251,120845762.8,-0.00087251
2025-11-08,3.25,3.526,3.077,3.248,91160809.0,-1.1609999999999992e-05
2025-11-09,3.248,3.305,3.029,3.229,57575857.7,-0.00011218
2025-11-10,3.229,3.315,3.124,3.264,52505216.2,-0.00049148
2025-11-11,3.265,3.384,3.039,3.053,53460352.0,0.00019205
2025-11-12,3.053,3.144,2.873,2.925,47773386.9,-1.1700000000000108e-06
2025-11-13,2.925,3.046,2.76,2.851,53897153.0,-2.563e-05
2025-11-14,2.851,2.92,2.748,2.811,58402498.0,7.462e-05
2025-11-15,2.812,2.949,2.81,2.83,27904070.8,-3.1419999999999994e-05
2025-11-16,2.83,2.897,2.691,2.783,37075956.0,5.52e-05
2025-11-17,2.783,2.866,2.624,2.663,44752804.5,0.00013888
2025-11-18,2.664,2.802,2.613,2.754,45003601.1,0.00010873
2025-11-19,2.753,2.766,2.566,2.69,40296641.4,-1.1149999999999986e-05
2025-11-20,2.691,2.82,2.503,2.541,57061955.4,0.0001427
2025-11-21,2.542,2.592,2.246,2.345,102336337.9,-0.00059629
2025-11-22,2.345,2.355,2.255,2.308,40567985.7,-0.00045303
2025-11-23,2.308,2.368,2.243,2.257,31843140.6,-0.00045348
2025-11-24,2.257,2.395,2.24,2.338,48717917.4,-0.00020243
2025-11-25,2.338,2.348,2.175,2.294,56030656.8,-0.00061151
2025-11-26,2.294,2.37,2.238,2.343,41010782.9,-0.00027661
2025-11-27,2.342,2.39,2.307,2.335,29751353.1,-7.734e-05
2025-11-28,2.335,2.376,2.258,2.282,44957227.1,-0.00040194
2025-11-29,2.283,2.297,2.224,2.257,22637180.3,-0.0003609699999999
2025-11-30,2.257,2.292,2.201,2.206,22894423.0,-0.00036125
2025-12-01,2.206,2.208,1.96,2.039,86356307.7,-0.00077127
2025-12-02,2.039,2.286,2.03,2.248,62022142.1,-0.00079567
2025-12-03,2.247,2.398,2.239,2.364,46838600.9,-7.647e-05
2025-12-04,2.364,2.373,2.243,2.27,33714208.4,2.276e-05
2025-12-05,2.271,2.306,2.08,2.123,53239437.2,-0.00030677
2025-12-06,2.124,2.163,2.085,2.126,25162052.5,-0.00121621
2025-12-07,2.126,2.159,2.037,2.091,45490147.2,-0.00038227
2025-12-08,2.092,2.178,2.08,2.129,45931989.0,-7.346999999999999e-05
2025-12-09,2.128,2.39,2.087,2.291,64409685.4,0.00015522
2025-12-10,2.292,2.316,2.18,2.189,52617416.0,6.259000000000001e-05
2025-12-11,2.189,2.191,2.006,2.065,66712815.0,-0.00050033
2025-12-12,2.064,2.095,1.943,2.01,57527361.3,-0.00046277
2025-12-13,2.01,2.056,2.007,2.037,21696589.9,-0.00022498
2025-12-14,2.037,2.044,1.93,1.951,42490359.8,-0.0004854
2025-12-15,1.951,2.008,1.827,1.899,70641484.4,-0.00044518
2025-12-16,1.9,1.943,1.86,1.897,44635354.8,-0.00050628
2025-12-17,1.897,1.953,1.789,1.814,68085865.6,-9.35e-05
2025-12-18,1.814,1.888,1.719,1.758,73008549.7,-0.00043556
2025-12-19,1.759,1.88,1.737,1.849,57094087.8,-0.0003449
2025-12-20,1.849,1.868,1.825,1.83,22283217.0,7.606e-05
2025-12-21,1.83,1.851,1.748,1.801,33861005.8,-0.00059547
2025-12-22,1.802,1.853,1.755,1.783,44614426.5,-3.931e-05
2025-12-23,1.783,1.801,1.722,1.764,39193807.3,-0.00036432
2025-12-24,1.764,1.775,1.704,1.736,38183559.8,-0.00046349
2025-12-25,1.737,1.751,1.676,1.682,49778945.1,1.699e-05
2025-12-26,1.682,1.753,1.651,1.723,59359515.4,-0.00027171
2025-12-27,1.722,1.927,1.721,1.909,57747632.9,0.0003
2025-12-28,1.909,1.915,1.827,1.85,31339964.8,0.0003
2025-12-29,1.85,1.904,1.815,1.823,45201104.4,-0.0001036
2025-12-30,1.823,1.846,1.791,1.809,29914161.3,0.00015278
2025-12-31,1.809,1.844,1.759,1.789,33215699.6,0.00016661
2026-01-01,1.789,2.033,1.764,1.997,129360196.2,0.0003
2026-01-02,1.998,2.169,1.967,2.164,77742933.5,0.00029837
2026-01-03,2.163,2.218,2.107,2.124,37645282.0,3.1370000000000006e-05
2026-01-04,2.124,2.179,2.114,2.141,36057609.6,0.00023114
2026-01-05,2.141,2.236,2.094,2.206,56544397.5,0.0002454
2026-01-06,2.207,2.261,2.113,2.234,59148667.8,0.00016096
2026-01-07,2.234,2.248,2.118,2.144,42785506.0,0.0001923
2026-01-08,2.143,2.158,2.081,2.11,41100375.9,0.00029251
2026-01-09,2.11,2.143,2.047,2.083,48000139.4,4.683e-05
2026-01-10,2.083,2.129,2.067,2.091,17054906.6,7.898e-05
2026-01-11,2.091,2.125,2.032,2.07,22853081.0,1.464e-05
2026-01-12,2.069,2.152,2.02,2.052,44847785.3,-9.557e-05
2026-01-13,2.053,2.343,2.05,2.282,85704161.7,0.00014464
2026-01-14,2.283,2.299,2.193,2.223,48780830.3,0.0003
2026-01-15,2.223,2.237,2.095,2.116,49278474.7,0.00013756
2026-01-16,2.116,2.154,2.053,2.118,40243591.5,-2.992e-05
2026-01-17,2.119,2.235,2.112,2.177,34811371.8,0.00028955
2026-01-18,2.176,2.202,2.059,2.064,38170587.9,0.00011371
2026-01-19,2.063,2.064,1.83,2.028,67961874.9,-0.0004073
2026-01-20,2.028,2.05,1.88,1.897,52386429.4,0.00010598
2026-01-21,1.897,1.999,1.871,1.953,52638179.3,0.00018887
2026-01-22,1.953,1.981,1.902,1.925,29548038.1,-0.00018573
2026-01-23,1.925,1.983,1.895,1.924,39379141.1,-9.095e-05
2026-01-24,1.924,1.939,1.897,1.929,18044932.4,-0.0001423199999999
2026-01-25,1.929,1.943,1.779,1.822,41573784.6,-5.113000000000001e-05
2026-01-26,1.823,1.898,1.816,1.875,39531571.0,3.0690000000000006e-05
2026-01-27,1.874,1.899,1.826,1.875,32917769.0,8.963e-05
2026-01-28,1.876,1.895,1.828,1.87,33577306.8,-1.877e-05
2026-01-29,1.87,1.875,1.695,1.735,61091011.3,-0.0004743
2026-01-30,1.735,1.747,1.65,1.689,79829085.1,-0.00022422
2026-01-31,1.688,1.69,1.395,1.546,130138638.4,-0.00017119
2026-02-01,1.546,1.559,1.457,1.494,62624760.9,-0.00026539
2026-02-02,1.495,1.575,1.449,1.541,76866178.9,-0.00030635
2026-02-03,1.542,1.567,1.43,1.499,100553708.1,-9.86e-05
2026-02-04,1.498,1.533,1.424,1.461,69651159.7,0.0003
2026-02-05,1.461,1.478,1.231,1.245,151728809.5,0.00018417
2026-02-06,1.245,1.407,1.099,1.367,165349457.1,-0.00051612
2026-02-07,1.366,1.401,1.316,1.371,77476990.3,0.00018241
2026-02-08,1.372,1.375,1.323,1.337,34666423.2,-0.00033127
2026-02-09,1.337,1.35,1.275,1.319,42876911.9,-0.00029915
2026-02-10,1.319,1.327,1.263,1.282,38160450.8,-6.298999999999999e-05
2026-02-11,1.283,1.296,1.223,1.255,52395329.3,-0.00025188
2026-02-12,1.254,1.303,1.247,1.282,49153787.6,-0.0003032599999999
2026-02-13,1.282,1.341,1.25,1.329,41772989.2,-0.00022906
2026-02-14,1.329,1.438,1.328,1.42,42743934.2,6.016e-05
2026-02-15,1.42,1.437,1.329,1.356,52418146.6,0.00017855
2026-02-16,1.357,1.389,1.331,1.375,46647421.9,-0.0003941599999999
2026-02-17,1.376,1.38,1.338,1.347,40963471.4,-4.421e-05
2026-02-18,1.346,1.372,1.298,1.31,44060052.0,-0.0002004399999999
2026-02-19,1.31,1.321,1.258,1.285,49984552.8,-0.00067453
2026-02-20,1.286,1.364,1.272,1.34,66356061.0,-0.00067004
2026-02-21,1.34,1.397,1.327,1.357,49351456.3,0.0003
2026-02-22,1.358,1.364,1.3,1.311,39812604.8,-0.00081444
2026-02-23,1.31,1.312,1.235,1.264,83435260.4,-0.0015174
2026-02-24,1.263,1.279,1.222,1.236,59569175.8,-0.00028155
2026-02-25,1.237,1.752,1.233,1.662,281628584.6,-0.00024342
2026-02-26,1.663,1.694,1.521,1.608,262713234.6,0.00018877
2026-02-27,1.607,1.681,1.545,1.598,154821872.9,0.00013448
2026-02-28,1.599,1.674,1.454,1.66,166254089.4,-0.00012359
2026-03-01,1.66,1.679,1.503,1.532,117153411.6,-0.00018665
2026-03-02,1.533,1.603,1.496,1.507,105138182.7,1.583e-05
2026-03-03,1.507,1.557,1.471,1.532,86798467.6,-0.00033648
2026-03-04,1.532,1.573,1.506,1.538,87255161.5,-0.00011028
2026-03-05,1.539,1.555,1.479,1.529,74242400.6,-0.00041615
2026-03-06,1.528,1.547,1.452,1.488,60835528.0,-0.0003535599999999
2026-03-07,1.487,1.517,1.429,1.446,51121971.3,-0.00069478
2026-03-08,1.446,1.484,1.423,1.451,54044577.8,-0.0007822
2026-03-09,1.451,1.532,1.449,1.492,77815525.5,-0.00052665
2026-03-10,1.492,1.546,1.477,1.484,63148191.1,-0.00012412
2026-03-11,1.485,1.554,1.471,1.522,64887327.9,-0.00060272
2026-03-12,1.522,1.526,1.483,1.515,51649101.8,-0.0005646799999999
2026-03-13,1.515,1.549,1.444,1.461,80376534.1,-9.276e-05
2026-03-14,1.461,1.461,1.402,1.411,49345891.2,-0.0046000699999999
2026-03-15,1.411,1.444,1.388,1.438,60676771.4,-0.0024918099999999
2026-03-16,1.438,1.662,1.429,1.64,166210765.2,-0.00037942
2026-03-17,1.64,1.643,1.581,1.62,78467248.1,0.0003
2026-03-18,1.62,1.653,1.537,1.577,76356004.1,0.0003
2026-03-19,1.577,1.577,1.493,1.52,67781962.3,7.57e-05
2026-03-20,1.521,1.552,1.493,1.498,57100244.1,0.00017023
2026-03-21,1.498,1.515,1.454,1.465,45148833.7,-0.0001993199999999
2026-03-22,1.465,1.483,1.392,1.41,65665453.8,-0.00018552
2026-03-23,1.41,1.492,1.402,1.418,114714299.4,-0.0004511
2026-03-24,1.418,1.428,1.357,1.4,102047943.1,-0.00148289
2026-03-25,1.4,1.411,1.342,1.359,87747470.7,-0.00100844
2026-03-26,1.36,1.366,1.299,1.321,94128230.6,-0.00141283
2026-03-27,1.321,1.339,1.269,1.289,82300757.0,0.00020792
2026-03-28,1.29,1.305,1.252,1.257,67227032.7,-0.00048213
2026-03-29,1.258,1.275,1.218,1.26,64157036.4,-0.0009286499999999
2026-03-30,1.26,1.286,1.231,1.243,93662849.3,-0.00097975
2026-03-31,1.242,1.277,1.225,1.251,91358357.9,-0.00093661
2026-04-01,1.251,1.301,1.246,1.254,79411199.5,-0.0004808599999999
2026-04-02,1.255,1.269,1.202,1.236,81852153.6,-0.00134552
2026-04-03,1.236,1.266,1.228,1.237,50694862.6,2.685e-05
2026-04-04,1.237,1.265,1.232,1.253,32954421.7,-0.0001936599999999
2026-04-05,1.253,1.254,1.214,1.244,51430642.0,-0.00027541
2026-04-06,1.243,1.316,1.23,1.24,77364574.3,-0.00029935
2026-04-07,1.24,1.331,1.203,1.314,93021761.1,-0.00056609
2026-04-08,1.314,1.335,1.263,1.267,66771778.4,0.00023689
2026-04-09,1.268,1.36,1.233,1.299,82568396.8,-0.00059466
2026-04-10,1.299,1.326,1.281,1.305,55024024.7,0.00018992
2026-04-11,1.305,1.315,1.263,1.286,49168464.3,-0.00048
2026-04-12,1.285,1.287,1.212,1.223,67329924.1,-0.00261993
2026-04-13,1.223,1.239,1.141,1.226,200845425.7,-0.00355582
2026-04-14,1.226,1.227,1.139,1.161,105205428.2,-0.0044196999999999
2026-04-15,1.162,1.196,1.145,1.18,74336673.2,-0.00494669
2026-04-16,1.18,1.353,1.169,1.328,156450328.6,-0.00052039
2026-04-17,1.328,1.355,1.284,1.332,97492741.8,0.00023259
2026-04-18,1.332,1.34,1.269,1.271,72900359.3,0.00014277
2026-04-19,1.271,1.291,1.233,1.239,71162541.1,-1.655e-05
2026-04-20,1.238,1.294,1.236,1.279,63981090.6,-4.678e-05
2026-04-21,1.28,1.291,1.255,1.278,50615129.9,0.00013063
2026-04-22,1.277,1.326,1.267,1.27,54674416.1,0.00020877
2026-04-23,1.271,1.277,1.211,1.24,64113619.7,-0.00064209
2026-04-24,1.24,1.269,1.224,1.253,52071516.1,-0.00056739
2026-04-25,1.253,1.274,1.236,1.246,35034683.4,0.00015048
2026-04-26,1.245,1.274,1.235,1.259,34735981.9,-8.469e-05
2026-04-27,1.26,1.274,1.209,1.231,52010512.0,-0.00046077
2026-04-28,1.231,1.24,1.215,1.228,31508827.6,-0.00016863
2026-04-29,1.228,1.26,1.176,1.211,63312701.3,0.00010361
2026-04-30,1.21,1.225,1.195,1.203,35789029.8,-0.000406
2026-05-01,1.204,1.228,1.191,1.204,52015975.2,-3.240000000000003e-06
2026-05-02,1.203,1.24,1.193,1.227,33807530.1,-0.00027777
2026-05-03,1.227,1.228,1.202,1.209,31603815.1,-2.369999999999993e-06
2026-05-04,1.208,1.263,1.196,1.228,66577330.6,0.00023136
2026-05-05,1.228,1.296,1.224,1.278,49108962.7,0.0003
2026-05-06,1.277,1.333,1.268,1.317,54377177.0,0.0003
2026-05-07,1.318,1.338,1.288,1.31,49539942.4,0.00019308
2026-05-08,1.31,1.39,1.292,1.374,50642663.8,0.0002412599999999
2026-05-09,1.374,1.392,1.337,1.345,29950811.4,0.00022613
2026-05-10,1.345,1.419,1.327,1.381,52074125.5,1.3370000000000002e-05
2026-05-11,1.382,1.385,1.333,1.362,41848125.9,0.00018085
2026-05-12,1.361,1.368,1.302,1.334,42173702.5,-8.920000000000001e-06
2026-05-13,1.334,1.438,1.314,1.328,73241925.7,-4.022e-05
2026-05-14,1.328,1.422,1.312,1.363,53726567.3,2.919999999999999e-05
2026-05-15,1.364,1.375,1.287,1.314,48721041.4,7.592e-05
2026-05-16,1.314,1.319,1.246,1.266,31084160.1,-0.0001141599999999
2026-05-17,1.267,1.292,1.212,1.25,35080612.6,5.196000000000001e-05
2026-05-18,1.249,1.254,1.214,1.252,46677577.6,-6.255e-05
2026-05-19,1.252,1.26,1.217,1.224,26047463.7,0.00023384
2026-05-20,1.224,1.257,1.218,1.248,30791445.9,0.00014379
2026-05-21,1.247,1.309,1.243,1.292,56783177.6,0.00014951
2026-05-22,1.291,1.346,1.248,1.257,76891971.7,0.0003
2026-05-23,1.257,1.337,1.197,1.294,82034207.7,-8.128000000000001e-05
2026-05-24,1.295,1.297,1.226,1.244,38434031.6,9.335e-05
2026-05-25,1.244,1.295,1.238,1.26,38905712.3,8.084e-05
2026-05-26,1.26,1.309,1.233,1.249,55910803.6,0.00015393
2026-05-27,1.249,1.278,1.222,1.228,56045485.9,-0.00021757
2026-05-28,1.228,1.234,1.175,1.211,58312903.7,-0.00032356
2026-05-29,1.211,1.234,1.176,1.192,55282464.8,3.22e-06
2026-05-30,1.193,1.22,1.182,1.189,37512246.0,-5.660000000000003e-06
2026-05-31,1.189,1.202,1.156,1.188,45682219.1,-0.00014301
2026-06-01,1.188,1.206,1.123,1.158,81597201.3,8.66e-05
2026-06-02,1.159,1.161,1.055,1.079,100312630.3,-0.00019625
2026-06-03,1.078,1.132,1.055,1.103,82454339.5,-5.235999999999999e-05
2026-06-04,1.103,1.116,1.006,1.037,110412395.7,-0.0002762
2026-06-05,1.037,1.042,0.909,0.944,128225369.3,-0.00032819
2026-06-06,0.944,0.961,0.883,0.942,83161016.1,-0.00045527
2026-06-07,0.942,1.0,0.939,0.973,62641056.2,-3.0980000000000005e-05
2026-06-08,0.973,0.995,0.95,0.974,48217997.9,0.00012612
2026-06-09,0.974,0.978,0.927,0.955,60831970.9,-0.00022076
2026-06-10,0.955,0.965,0.901,0.915,80221044.1,5.9130000000000005e-05
2026-06-11,0.916,0.974,0.915,0.951,75807474.4,8.439e-05
2026-06-12,0.951,0.974,0.938,0.957,69589899.4,-8.619000000000001e-05
2026-06-13,0.956,0.995,0.955,0.98,59824384.8,-6.262999999999999e-05
2026-06-14,0.98,0.998,0.947,0.998,49125986.5,-0.00041427
2026-06-15,0.997,1.046,0.985,1.009,73515772.9,0.00024717
2026-06-16,1.009,1.033,0.986,1.013,56830548.8,0.0001635
2026-06-17,1.013,1.042,0.984,1.003,79051831.3,0.00012879
2026-06-18,1.003,1.01,0.938,0.974,70176769.0,-0.00012107
2026-06-19,0.973,0.981,0.945,0.96,40177641.4,7.53e-05
2026-06-20,0.96,0.976,0.948,0.968,34564026.3,-0.0003460699999999
2026-06-21,0.969,0.975,0.939,0.94,32023493.1,0.00028215
2026-06-22,0.94,0.978,0.927,0.935,42705691.0,1.2079999999999998e-05
2026-06-23,0.936,0.938,0.881,0.91,62025094.6,-0.00036709
2026-06-24,0.91,0.919,0.841,0.888,93617240.3,7.826e-05
2026-06-25,0.888,0.898,0.816,0.843,98396049.8,0.00013514
2026-06-26,0.843,0.865,0.802,0.853,92198834.4,-8.270000000000014e-06
2026-06-27,0.852,0.86,0.806,0.815,45882849.0,-8.508999999999999e-05
2026-06-28,0.814,0.821,0.795,0.811,63238940.4,-0.00020224
2026-06-29,0.81,0.84,0.805,0.826,63747170.4,0.00029793
2026-06-30,0.825,0.828,0.8,0.822,49552690.5,0.00013837
2026-07-01,0.822,0.85,0.805,0.827,62690612.8,0.00022406
2026-07-02,0.827,0.868,0.823,0.841,62735400.6,-0.00013192
2026-07-03,0.841,0.892,0.836,0.881,57552352.7,2.7909999999999995e-05
2026-07-04,0.88,0.9,0.866,0.884,45607243.7,0.00023863
2026-07-05,0.884,0.891,0.859,0.882,40132666.4,0.0002386
2026-07-06,0.882,0.908,0.847,0.885,59811933.1,0.00014757
2026-07-07,0.885,0.887,0.844,0.85,58929733.5,4.4760000000000005e-05
2026-07-08,0.849,0.857,0.815,0.827,55726745.8,-8.331000000000001e-05
2026-07-09,0.827,0.839,0.819,0.826,36082582.1,0.00022732
2026-07-10,0.825,0.895,0.82,0.877,84855734.3,0.00027187
2026-07-11,0.877,0.887,0.849,0.854,40895577.8,0.0003
2026-07-12,0.853,0.859,0.832,0.843,37354471.4,-0.00010333
2026-07-13,0.843,0.859,0.824,0.835,45202871.1,-0.0003481899999999
2026-07-14,0.836,0.86,0.827,0.851,47305569.9,0.00020767
2026-07-15,0.851,0.868,0.837,0.847,47717223.8,0.00014389
2026-07-16,0.847,0.873,0.826,0.859,54932281.1,3.143e-05
2026-07-17,0.858,0.87,0.833,0.848,64346516.8,0.00014267
2026-07-18,0.849,0.853,0.829,0.838,29321408.5,-0.00019546
2026-07-19,0.837,0.841,0.805,0.819,46947252.5,-0.00035319
2026-07-20,0.819,0.832,0.799,0.826,63076050.7,-0.0001170499999999
2026-07-21,0.827,0.868,0.824,0.8466,58437495.7,0.00028255
2026-07-22,0.8466,0.8578,0.8285,0.835,42704347.4,-5.6590000000000005e-05
2026-07-23,0.8351,0.8413,0.805,0.8145,41559054.3,-0.00037981
2026-07-24,0.8146,0.8193,0.7859,0.8084,42457434.2,-4.062999999999998e-05
2026-07-25,0.8085,0.8245,0.8055,0.8131,36301170.8,0.0001698
2026-07-26,0.8132,0.8315,0.8122,0.8275,32686089.3,8.057e-05
2026-07-27,0.8275,0.8276,0.7472,0.7584,77592109.8,-3.3300000000000105e-06
2026-07-28,0.7584,0.7716,0.7472,0.7606,55985725.4,-0.0002781
2026-07-29,0.7606,0.776,0.75,0.7632,48881699.4,4.294e-05
2026-07-30,0.7632,0.7789,0.7602,0.7683,30154865.9,0.00013711
2026-07-31,0.7682,0.7742,0.7424,0.7585,36349654.8,6.289e-05
2026-08-01,0.7585,0.7842,0.7574,0.7807,37775214.7,
2026-08-02,0.7808,0.801,0.7794,0.7981,40990937.3,
2026-08-03,0.7982,0.8318,0.7868,0.8243,48256871.4,
2026-08-04,0.8244,0.8697,0.8203,0.8564,51717827.4,
2026-08-05,0.8563,0.869,0.8381,0.8417,35003796.1,
2026-08-06,0.8417,0.8464,0.8137,0.8207,37305653.3,
2026-08-07,0.8208,0.8235,0.8008,0.8184,29782170.3,
2026-08-08,0.8183,0.8267,0.8125,0.8149,17998112.7,
2026-08-09,0.8149,0.8156,0.7958,0.7983,23447860.5,
2026-08-10,0.7984,0.8207,0.7961,0.8056,35506055.5,
2026-08-11,0.8056,0.8127,0.7768,0.7898,33896159.1,
2026-08-12,0.7898,0.7978,0.7645,0.7735,27302877.8,
2026-08-13,0.7736,0.7767,0.7636,0.7721,29688033.0,
2026-08-14,0.772,0.7736,0.7513,0.7645,29130678.5,
2026-08-15,0.7644,0.7842,0.7581,0.7606,30539170.5,
2026-08-16,0.7607,0.7684,0.7516,0.758,22697606.5,
2026-08-17,0.7579,0.7691,0.7536,0.7608,27716851.5,
2026-08-18,0.7609,0.7625,0.7217,0.751,53457796.1,
2026-08-19,0.7509,0.8075,0.7471,0.789,77077148.9,
2026-08-20,0.7889,0.8511,0.7799,0.8483,64909481.7,
2026-08-21,0.8483,0.9539,0.8371,0.9403,86805941.2,
2026-08-22,0.9402,1.0329,0.8922,0.9207,94364867.6,
2026-08-23,0.9206,0.9368,0.8762,0.9284,45666301.7,
2026-08-24,0.9285,0.9291,0.8889,0.8996,50200688.8,
2026-08-25,0.8997,0.9242,0.842,0.8511,49943573.1,
2026-08-26,0.8512,0.8768,0.829,0.8754,38191860.5,
2026-08-27,0.8754,0.8951,0.8633,0.881,38840890.1,
2026-08-28,0.8811,0.8955,0.8352,0.8483,44927433.8,
2026-08-29,0.8483,0.8533,0.8303,0.8451,24445752.2,
2026-08-30,0.8452,0.8705,0.806,0.8186,44040927.1,
