date,open,high,low,close,volume,funding_rate
2020-10-16,60.455,60.462,24.5,30.318,10257406.6,-0.015
2020-10-17,30.205,37.5,28.1,34.7,6897928.6,-0.0225
2020-10-18,34.62,35.59,30.711,31.57,3993747.3,-0.0225
2020-10-19,31.527,31.85,26.66,30.08,7205885.4,-0.0225
2020-10-20,30.025,30.5,27.834,29.8,3611696.2,-0.0225
2020-10-21,29.816,31.517,26.4,26.4,3981233.7,-0.0225
2020-10-22,26.4,26.591,22.055,23.058,5930854.4,-0.01201135
2020-10-23,23.031,25.899,19.765,23.76,9244732.0,-0.0225
2020-10-24,23.766,25.55,21.66,24.486,8507454.6,-0.0225
2020-10-25,24.514,37.24,24.065,32.9,17588994.7,-0.0225
2020-10-26,32.925,34.48,27.129,28.649,11686127.2,-0.0225
2020-10-27,28.678,37.0,27.88,34.903,8331819.0,-0.0225
2020-10-28,34.917,35.9,31.8,33.459,5975538.9,-0.02116829
2020-10-29,33.45,33.969,31.131,32.452,4289565.0,-0.00948492
2020-10-30,32.452,32.471,28.4,29.1,5550097.7,-0.00799053
2020-10-31,29.1,32.738,28.1,31.201,4003763.8,-0.0047332
2020-11-01,31.19,31.852,30.473,31.544,2423092.2,-0.0055235
2020-11-02,31.526,31.96,29.305,29.557,2761232.8,-0.00393731
2020-11-03,29.556,29.649,27.847,28.82,2336767.6,-0.00388904
2020-11-04,28.825,29.466,28.015,28.823,2333022.3,-0.00371373
2020-11-05,28.817,30.262,28.3,29.356,2072858.1,-0.00286143
2020-11-06,29.351,33.291,29.152,31.677,3567553.9,-0.00036118
2020-11-07,31.675,33.372,29.221,29.889,3912790.0,-0.00260701
2020-11-08,29.89,31.999,29.5,30.722,1262322.5,-0.00174236
2020-11-09,30.714,32.171,30.18,31.187,1805987.1,-0.00238516
2020-11-10,31.172,31.38,30.243,30.366,1655533.9,-0.00299049
2020-11-11,30.372,30.998,29.29,30.066,1310805.7,0.00014572
2020-11-12,30.057,30.333,28.472,29.463,896517.2,-0.002147
2020-11-13,29.447,30.056,29.01,29.134,775836.6,-0.0019606
2020-11-14,29.125,29.448,28.401,29.266,794184.6,-0.00114582
2020-11-15,29.261,29.35,27.34,27.684,954972.2,-0.00086037
2020-11-16,27.682,28.011,27.1,27.406,986896.2,-0.00130836
2020-11-17,27.399,29.928,27.311,29.113,1986009.6,-0.00172877
2020-11-18,29.126,29.832,27.343,28.82,1306902.9,-0.00134236
2020-11-19,28.82,29.375,28.003,28.808,682504.3,-0.00073776
2020-11-20,28.807,30.7,28.473,29.069,1437720.7,9.369e-05
2020-11-21,29.065,31.235,28.787,29.994,2495619.4,0.00141853
2020-11-22,30.02,30.32,28.503,28.942,1320168.0,0.0006306
2020-11-23,28.943,29.63,28.727,29.242,1141584.4,0.00168477
2020-11-24,29.239,30.971,28.572,29.795,2436595.3,0.00152307
2020-11-25,29.795,35.471,29.6,31.005,6087640.2,0.00155653
2020-11-26,31.015,32.155,28.3,29.899,3566044.5,0.00034601
2020-11-27,29.901,30.494,29.263,29.943,1064136.2,0.0003
2020-11-28,29.931,30.424,29.662,29.968,729809.2,0.0003
2020-11-29,29.965,30.251,29.748,30.058,610317.4,0.00062229
2020-11-30,30.066,30.936,30.048,30.44,1105356.3,0.0010249
2020-12-01,30.446,32.059,29.601,30.353,1747667.6,0.00144394
2020-12-02,30.337,31.341,30.09,30.628,1068167.5,0.00145679
2020-12-03,30.62,30.946,30.171,30.443,870835.0,0.00223004
2020-12-04,30.436,30.6,28.77,28.983,1006396.7,0.0003
2020-12-05,28.97,30.15,28.825,29.857,469870.8,-0.00058783
2020-12-06,29.858,30.099,29.01,29.339,428622.2,-1.0620000000000003e-05
2020-12-07,29.334,34.021,29.285,30.505,2724477.1,0.0003
2020-12-08,30.505,30.959,29.584,29.9,1609570.8,0.00117215
2020-12-09,29.9,31.44,29.594,30.47,2205320.0,0.0003
2020-12-10,30.466,32.48,30.401,30.555,2685081.2,0.0003
2020-12-11,30.55,30.73,29.802,29.878,1309936.4,8.98e-05
2020-12-12,29.877,30.328,29.814,29.924,523755.7,0.0003
2020-12-13,29.925,30.35,29.871,29.973,484793.6,-3.465e-05
2020-12-14,29.972,30.152,29.078,29.326,655848.7,-0.00055106
2020-12-15,29.34,29.8,29.014,29.127,566436.1,0.0003
2020-12-16,29.127,29.51,27.757,28.427,1148205.1,0.0003
2020-12-17,28.42,29.544,28.284,28.481,1220089.4,0.00101016
2020-12-18,28.481,28.903,28.324,28.49,456713.1,0.0003
2020-12-19,28.49,28.9,28.07,28.204,766229.9,0.0003
2020-12-20,28.203,28.498,27.946,28.435,494827.6,0.0003
2020-12-21,28.437,28.445,23.666,24.986,2878901.7,-0.00403191
2020-12-22,24.977,25.55,24.261,24.611,1662914.5,-0.00237786
2020-12-23,24.614,24.96,21.223,22.37,2039471.5,-0.0034862499999999
2020-12-24,22.373,24.457,21.842,23.693,1868814.6,-0.00314241
2020-12-25,23.692,24.575,23.106,24.342,1439146.3,-0.00053084
2020-12-26,24.335,24.35,23.417,23.571,416443.9,0.0003
2020-12-27,23.571,23.694,22.134,22.134,1045363.2,0.00026022
2020-12-28,22.135,23.091,21.89,21.954,939810.7,-0.0004464899999999
2020-12-29,21.95,22.238,19.899,20.4,1498335.4,-0.00261745
2020-12-30,20.395,22.0,20.161,21.445,1640581.0,-0.00395563
2020-12-31,21.443,26.316,21.06,24.355,4331026.9,-0.00171747
2021-01-01,24.357,25.054,21.813,22.233,2330773.9,0.0003
2021-01-02,22.234,23.2,21.226,21.782,1595747.7,0.0003
2021-01-03,21.777,22.049,20.774,21.48,1869400.9,0.00120693
2021-01-04,21.486,23.045,20.939,21.415,3137369.9,0.00182708
2021-01-05,21.412,22.493,21.0,21.629,1567169.4,0.00053098
2021-01-06,21.631,22.678,21.504,21.986,1479141.5,0.00280147
2021-01-07,21.986,23.152,21.784,22.101,2147655.5,0.00510301
2021-01-08,22.084,22.335,21.155,21.657,1340007.9,0.00232735
2021-01-09,21.645,22.71,21.379,22.085,1129865.0,0.0029515899999999
2021-01-10,22.086,24.448,22.086,23.458,4002846.1,0.00622502
2021-01-11,23.453,23.593,20.878,21.684,2287179.0,0.00130672
2021-01-12,21.674,21.945,20.903,21.013,1135955.4,0.00033347
2021-01-13,21.017,21.951,20.936,21.74,1039463.1,0.00033763
2021-01-14,21.748,22.339,21.39,21.624,1221953.4,0.00276795
2021-01-15,21.629,22.302,21.226,21.561,1303510.1,0.00084566
2021-01-16,21.561,25.143,21.543,22.866,4191600.5,0.00075201
2021-01-17,22.865,26.209,22.445,24.409,6618286.6,0.00087185
2021-01-18,24.394,24.999,23.508,23.822,2302781.3,0.00321365
2021-01-19,23.828,25.322,22.617,22.67,2727013.1,0.00610065
2021-01-20,22.685,23.179,21.677,22.38,2459951.7,0.00319804
2021-01-21,22.391,22.777,20.804,21.317,1924732.3,0.00197929
2021-01-22,21.33,23.216,20.6,22.303,3955963.5,0.0003
2021-01-23,22.298,23.623,22.166,22.74,2895997.9,0.00121389
2021-01-24,22.739,23.19,22.388,22.725,1622248.1,0.00069211
2021-01-25,22.724,23.127,22.335,22.415,1312536.8,0.0005561
2021-01-26,22.415,22.765,21.789,22.224,1069365.3,0.0003
2021-01-27,22.218,22.252,21.199,21.45,1219345.6,0.00030108
2021-01-28,21.444,22.132,21.328,21.933,977002.5,0.00174427
2021-01-29,21.942,22.949,21.9,22.341,2109924.8,0.0037769
2021-01-30,22.344,22.636,21.98,22.098,1094229.9,0.0023163
2021-01-31,22.095,22.676,22.064,22.289,1449753.9,0.00394146
2021-02-01,22.289,24.178,22.05,22.656,4301069.7,0.00288196
2021-02-02,22.659,23.019,22.305,22.525,1249344.9,0.0018690199999999
2021-02-03,22.521,23.59,22.469,23.117,1602857.0,0.0054531399999999
2021-02-04,23.119,23.367,22.441,22.93,1735079.0,0.00436532
2021-02-05,22.921,25.71,22.823,24.545,4585538.6,0.00507976
2021-02-06,24.545,25.3,23.73,24.288,2755509.5,0.00398835
2021-02-07,24.295,24.689,23.73,24.079,1992557.6,0.00311407
2021-02-08,24.085,29.073,23.831,27.753,6677826.4,0.00524654
2021-02-09,27.751,53.096,27.235,44.293,22016773.1,0.00740589
2021-02-10,44.24,46.415,34.4,39.9,16219908.4,0.00798987
2021-02-11,39.9,43.261,35.363,40.42,6116845.5,0.00638933
2021-02-12,40.424,45.0,39.3,42.711,5871626.5,0.00833534
2021-02-13,42.732,45.758,39.5,41.702,5497705.8,0.00914611
2021-02-14,41.719,52.596,41.39,47.202,9859137.1,0.00942514
2021-02-15,47.223,50.899,34.471,42.962,11884244.3,0.00356258
2021-02-16,43.005,45.962,40.125,41.955,4300789.2,0.00404235
2021-02-17,41.955,44.862,40.266,43.266,3328940.5,0.00327138
2021-02-18,43.288,44.589,42.384,43.475,2621099.3,0.00655286
2021-02-19,43.493,43.92,41.303,43.274,3573546.6,0.0077272
2021-02-20,43.311,49.452,42.0,43.067,6868871.2,0.01026983
2021-02-21,43.083,46.05,42.501,44.695,3125664.7,0.00175206
2021-02-22,44.691,44.901,30.849,39.318,6902985.7,-0.00299571
2021-02-23,39.325,39.436,30.443,35.479,5339196.3,-6.259e-05
2021-02-24,35.482,38.209,34.296,36.564,2563151.3,0.0003
2021-02-25,36.583,37.472,34.634,34.89,2233005.0,-0.00133472
2021-02-26,34.881,36.518,33.194,35.133,1902498.1,-0.0012303499999999
2021-02-27,35.133,38.807,35.082,37.915,2506162.7,0.0003
2021-02-28,37.895,38.388,34.653,35.942,1964773.4,0.0003
2021-03-01,35.937,39.478,35.651,38.607,1923626.1,-0.00066753
2021-03-02,38.605,39.045,37.192,38.229,1650467.9,0.0003
2021-03-03,38.242,45.0,38.026,42.143,4122780.7,0.00115348
2021-03-04,42.143,43.366,39.853,40.795,2176125.0,0.00092516
2021-03-05,40.809,40.848,37.081,40.468,1455589.7,0.0003
2021-03-06,40.47,40.924,38.957,40.421,1070784.6,0.0003
2021-03-07,40.426,42.5,40.291,41.459,1219373.8,0.0003
2021-03-08,41.46,42.0,40.614,41.587,1206471.1,0.00123944
2021-03-09,41.591,42.63,41.258,42.014,1363052.6,0.0029714
2021-03-10,42.023,44.289,41.04,42.49,2347096.0,0.00230448
2021-03-11,42.521,43.191,41.686,42.306,1552123.2,0.00104557
2021-03-12,42.307,45.203,42.007,44.09,2913215.8,0.0015555999999999
2021-03-13,44.086,52.216,43.508,49.531,4508779.2,0.0018941799999999
2021-03-14,49.53,57.559,49.513,53.878,6470222.9,0.00424919
2021-03-15,53.869,56.794,51.97,53.38,3908644.9,0.00217167
2021-03-16,53.369,64.043,50.681,63.634,4670657.6,0.00086563
2021-03-17,63.671,96.57,62.687,88.563,17324082.8,0.00153919
2021-03-18,88.563,89.747,74.07,79.68,13150071.3,0.00054173
2021-03-19,79.629,86.0,75.768,83.081,5573377.1,0.0003
2021-03-20,83.11,86.125,81.5,82.116,2474762.6,0.00108206
2021-03-21,82.119,83.38,80.169,80.684,2011222.4,0.00036393
2021-03-22,80.676,81.5,75.233,76.387,2401406.2,0.00030126
2021-03-23,76.388,85.371,73.133,82.585,4830696.8,-0.00037891
2021-03-24,82.568,94.966,79.559,85.857,7416547.3,0.0003
2021-03-25,85.854,96.305,84.869,90.905,8553508.2,0.0003
2021-03-26,90.896,129.265,90.896,124.631,12704753.3,4.847e-05
2021-03-27,124.643,139.56,120.0,132.395,15890505.8,0.0003
2021-03-28,132.375,133.78,119.94,125.187,6944222.9,0.00023713
2021-03-29,125.193,130.612,123.701,127.521,4082356.6,0.00055838
2021-03-30,127.51,153.613,125.0,149.858,9683953.8,0.00281099
2021-03-31,149.864,198.427,144.0,190.997,21113337.3,0.00150483
2021-04-01,190.986,238.511,180.0,185.563,26279100.0,0.00217578
2021-04-02,185.547,206.0,160.565,172.388,14570463.5,0.00233354
2021-04-03,172.42,181.808,162.4,178.227,9438588.9,0.00506762
2021-04-04,178.228,193.961,175.343,183.0,7272455.5,0.00072216
2021-04-05,183.03,187.293,170.2,176.608,3938084.1,0.00269305
2021-04-06,176.619,179.214,163.811,165.806,3100473.5,0.00449183
2021-04-07,165.853,166.705,135.5,156.295,10137892.1,0.0021962
2021-04-08,156.313,158.979,146.363,154.216,4476548.5,0.0008639
2021-04-09,154.213,175.996,153.035,172.343,6758986.1,0.00072386
2021-04-10,172.349,189.215,170.833,174.815,5608095.2,0.0025527199999999
2021-04-11,174.822,185.104,173.093,179.507,2460324.8,0.00254563
2021-04-12,179.49,182.609,159.16,167.978,4355339.5,0.00439461
2021-04-13,167.965,169.496,160.42,164.503,2921805.9,0.00245473
2021-04-14,164.522,179.85,160.088,168.54,4722518.2,0.00591039
2021-04-15,168.534,175.661,167.923,171.012,2691129.8,0.0036583199999999
2021-04-16,170.999,196.465,170.956,182.932,7812454.7,0.00609553
2021-04-17,182.931,193.3,176.247,181.032,3725761.4,0.00489105
2021-04-18,181.061,183.537,127.0,156.234,6180975.7,-0.0015271599999999
2021-04-19,156.234,164.8,150.399,154.705,2742195.9,0.0003
2021-04-20,154.703,157.581,144.306,153.935,2591932.1,-0.00095015
2021-04-21,153.893,158.919,147.0,147.645,1967350.6,0.0003
2021-04-22,147.667,157.948,144.273,145.926,2653532.0,0.0003
2021-04-23,145.927,148.038,129.859,138.641,3936109.1,0.0003
2021-04-24,138.674,142.297,131.3,133.613,1800129.4,0.0003976
2021-04-25,133.674,137.041,131.8,134.126,1246661.8,0.00051094
2021-04-26,134.15,155.0,133.517,154.274,2735681.9,0.00067718
2021-04-27,154.276,155.488,148.002,152.637,2070555.9,0.00089954
2021-04-28,152.642,156.231,146.382,151.098,1691746.2,0.00109898
2021-04-29,151.09,152.397,147.386,149.895,1528780.7,0.00172891
2021-04-30,149.895,165.591,149.837,164.071,3336302.4,0.00186253
2021-05-01,164.066,168.0,161.275,164.407,1785050.0,0.00211911
2021-05-02,164.419,167.0,155.583,162.566,1802762.6,0.00166961
2021-05-03,162.566,164.31,158.587,160.412,1694745.7,0.00271611
2021-05-04,160.451,160.764,134.0,140.83,3430750.2,0.00140173
2021-05-05,140.836,155.298,139.63,152.697,2650674.8,0.000801
2021-05-06,152.677,165.607,149.947,153.821,3883773.3,0.00356008
2021-05-07,153.848,155.378,146.55,150.554,1907572.4,0.00250748
2021-05-08,150.56,154.683,146.091,148.299,1575315.1,0.00288098
2021-05-09,148.318,149.874,140.55,146.778,1848592.8,0.00224666
2021-05-10,146.748,149.623,127.561,135.731,2686387.0,0.00284195
2021-05-11,135.758,143.55,133.859,143.023,1864671.0,0.00056625
2021-05-12,143.015,145.765,123.0,127.074,2511975.9,0.00122292
2021-05-13,126.949,128.013,89.005,117.847,8452312.2,0.00037641
2021-05-14,117.846,125.0,113.793,120.711,2817361.2,0.0003
2021-05-15,120.725,122.968,109.765,110.539,2603908.1,0.0003
2021-05-16,110.533,116.266,100.077,107.844,2915579.7,0.0006387999999999
2021-05-17,107.867,107.979,93.153,99.512,3428853.7,0.0003
2021-05-18,99.508,106.21,96.877,100.218,2301034.5,0.00041553
2021-05-19,100.243,101.863,44.389,65.246,8612525.1,-0.00723608
2021-05-20,65.245,95.381,60.917,88.681,10978336.8,3.589000000000001e-05
2021-05-21,88.638,94.991,67.714,76.84,6477706.2,0.0003
2021-05-22,76.865,77.422,66.389,72.187,4254110.9,0.00023087
2021-05-23,72.171,74.738,55.0,64.793,5312058.3,0.0003
2021-05-24,64.795,75.099,62.186,74.733,5192254.0,0.00012155
2021-05-25,74.717,79.722,65.699,72.197,4465244.9,0.0003
2021-05-26,72.242,74.97,69.976,74.506,2816246.1,0.0003
2021-05-27,74.485,74.532,68.677,71.402,2219396.9,0.0003
2021-05-28,71.417,71.76,64.847,66.732,2371941.0,0.0003
2021-05-29,66.732,69.924,64.363,68.236,2302479.1,0.0003
2021-05-30,68.245,69.471,65.19,68.345,2068784.9,0.0003
2021-05-31,68.344,72.921,66.261,72.532,2864992.6,0.0003
2021-06-01,72.522,73.051,68.0,69.171,2035516.1,0.0003
2021-06-02,69.168,72.076,68.097,70.098,1644893.5,0.0003
2021-06-03,70.104,94.157,69.457,89.459,13524372.6,0.0003
2021-06-04,89.451,97.815,84.71,88.0,19404912.3,0.0003
2021-06-05,87.996,93.123,85.705,88.137,7429900.6,0.0003
2021-06-06,88.137,89.072,85.974,87.008,3516511.6,0.0003
2021-06-07,87.009,92.19,80.078,82.009,6828832.9,0.0003
2021-06-08,82.01,83.763,70.39,76.015,8660174.3,0.00024006
2021-06-09,76.012,78.797,70.775,77.791,6083764.9,0.0003
2021-06-10,77.797,79.222,71.58,73.329,3489419.0,0.0003
2021-06-11,73.334,74.13,69.437,70.756,2405724.6,0.0003
2021-06-12,70.748,71.296,65.905,69.662,2548688.1,0.00022497
2021-06-13,69.664,73.69,68.53,73.085,1794960.4,0.0003
2021-06-14,73.077,77.726,71.8,74.866,2791616.2,0.0003
2021-06-15,74.89,75.907,71.508,72.562,2214415.0,0.0003
2021-06-16,72.563,72.563,68.513,69.701,2073910.4,0.0003
2021-06-17,69.696,72.083,67.0,68.924,2039260.2,0.0003
2021-06-18,68.923,68.945,63.43,65.666,2143749.8,0.0003
2021-06-19,65.65,66.832,64.203,64.659,1623388.3,9.17e-05
2021-06-20,64.663,64.949,59.843,63.133,2991462.4,-0.00021679
2021-06-21,63.145,63.684,44.82,46.074,8644063.7,-0.00069867
2021-06-22,46.077,51.999,42.388,49.344,9480877.1,-0.00128158
2021-06-23,49.34,59.225,47.37,58.672,7360899.8,-0.00161092
2021-06-24,58.682,59.322,54.134,57.089,4325075.2,0.00012835
2021-06-25,57.091,57.89,50.306,51.984,4602421.4,0.0003
2021-06-26,51.981,53.278,49.937,53.0,3422979.7,0.00014321
2021-06-27,53.011,56.518,52.624,56.184,3245666.5,0.0002727
2021-06-28,56.175,57.939,54.866,56.443,3036311.3,0.0003
2021-06-29,56.447,66.398,56.161,64.611,5276203.8,0.0003
2021-06-30,64.595,65.403,56.38,60.412,6034453.9,0.0003
2021-07-01,60.409,60.449,55.145,56.603,3311479.2,0.0003
2021-07-02,56.617,57.389,54.908,57.138,2134854.7,0.0003
2021-07-03,57.131,60.0,56.6,58.897,1901410.9,0.0003
2021-07-04,58.881,60.613,57.957,58.7,1588547.4,0.0003
2021-07-05,58.701,58.701,54.691,56.039,2274881.7,0.00018324
2021-07-06,56.055,58.3,55.904,56.981,1963530.8,0.00018698
2021-07-07,56.985,58.023,56.283,56.43,1525118.3,0.0003
2021-07-08,56.422,56.508,52.705,53.813,2322223.7,0.0003
2021-07-09,53.815,55.533,52.64,55.249,1564155.9,-0.0001831499999999
2021-07-10,55.247,56.015,53.511,54.218,975873.6,0.0003
2021-07-11,54.217,55.791,53.851,55.117,900928.7,0.0003
2021-07-12,55.118,55.5,52.158,52.454,1261735.0,0.0003
2021-07-13,52.443,53.049,50.33,50.944,1518838.2,0.0002571
2021-07-14,50.944,51.214,47.962,49.648,1960393.8,1.0999999999999996e-05
2021-07-15,49.645,50.336,46.11,47.292,1919963.4,0.00020284
2021-07-16,47.292,48.34,45.717,45.772,1510589.1,0.0001893
2021-07-17,45.772,46.156,45.051,45.586,1260002.4,-0.0002472499999999
2021-07-18,45.594,47.441,45.501,46.794,1374577.9,6.998999999999999e-05
2021-07-19,46.801,47.141,44.258,44.688,1640815.2,7.167e-05
2021-07-20,44.683,45.114,40.915,41.169,2578485.7,-0.0008976
2021-07-21,41.201,47.857,40.018,46.233,4279336.6,-0.00076154
2021-07-22,46.239,46.974,44.5,45.544,2268643.8,0.0003
2021-07-23,45.548,47.505,44.842,47.354,2596869.0,0.0003
2021-07-24,47.363,51.396,46.365,49.552,4886721.6,0.0003
2021-07-25,49.574,50.146,47.111,48.989,3346242.0,0.0003
2021-07-26,48.989,53.0,48.736,49.006,7393370.3,0.0003
2021-07-27,49.011,49.928,47.253,49.513,3529709.8,0.0003
2021-07-28,49.504,50.959,48.267,49.547,3486510.1,0.0003
2021-07-29,49.54,49.784,48.416,49.376,1795581.2,0.0003
2021-07-30,49.38,51.399,48.6,51.311,2757593.4,0.0003
2021-07-31,51.305,52.888,50.264,52.031,3674131.1,0.0003
2021-08-01,52.027,58.327,51.577,53.804,8803192.7,0.00034684
2021-08-02,53.835,56.049,53.1,54.457,3480020.5,0.0003
2021-08-03,54.458,55.127,52.704,54.306,3059521.0,0.0003
2021-08-04,54.31,57.379,53.987,56.495,4212553.7,0.0003
2021-08-05,56.485,58.25,55.003,57.883,3871984.9,0.0003
2021-08-06,57.895,65.0,57.167,64.249,7232016.2,0.0003
2021-08-07,64.25,70.931,63.681,69.295,9873012.1,0.00039794
2021-08-08,69.293,69.527,63.384,64.515,4819685.5,0.00042348
2021-08-09,64.509,68.192,61.381,67.578,5129483.0,0.0003
2021-08-10,67.574,69.858,65.001,66.768,4791104.1,0.00036898
2021-08-11,66.775,74.129,66.711,71.819,7814094.5,0.0014968
2021-08-12,71.813,75.252,66.063,68.37,6813198.3,0.00052743
2021-08-13,68.371,74.852,68.324,74.521,4893375.5,0.00042754
2021-08-14,74.519,75.107,70.194,72.482,5362293.7,0.00052815
2021-08-15,72.479,74.624,70.02,73.17,4386037.0,0.00058307
2021-08-16,73.163,76.304,72.434,73.302,6928993.0,0.00191001
2021-08-17,73.299,74.8,69.005,69.455,6282655.4,0.00042248
2021-08-18,69.455,70.189,65.943,67.497,4690543.3,0.0003
2021-08-19,67.491,70.6,66.311,70.533,3261449.4,0.0003
2021-08-20,70.545,73.92,69.748,73.151,3793908.1,0.00080994
2021-08-21,73.155,79.348,71.436,78.542,7012474.6,0.00158824
2021-08-22,78.53,79.275,75.051,77.237,6086591.5,0.00163522
2021-08-23,77.234,82.269,76.514,79.852,5286052.2,0.0013285
2021-08-24,79.851,80.451,71.2,74.393,4903399.8,0.00188921
2021-08-25,74.392,77.993,72.413,76.603,3563050.3,0.00041539
2021-08-26,76.615,78.883,71.312,72.282,4172337.1,0.00039147
2021-08-27,72.287,75.88,70.36,75.241,3467413.3,0.0003
2021-08-28,75.246,75.53,72.913,74.019,2335623.2,0.0004499
2021-08-29,74.042,75.543,72.42,73.673,2492990.6,0.00054357
2021-08-30,73.672,74.292,70.936,71.245,2497639.3,0.00055601
2021-08-31,71.244,78.0,70.371,76.048,6309542.1,0.00080323
2021-09-01,76.037,78.931,75.343,78.784,5369230.8,0.00120781
2021-09-02,78.785,79.913,77.03,77.462,3386624.2,0.00203467
2021-09-03,77.478,79.106,75.78,77.757,3457778.9,0.0019701
2021-09-04,77.757,96.785,77.577,95.243,13365216.7,0.00225952
2021-09-05,95.246,120.502,92.0,113.787,29211290.3,0.00233159
2021-09-06,113.789,118.757,103.643,106.337,19006208.4,0.0024102999999999
2021-09-07,106.334,111.0,64.534,84.524,27081780.6,0.00073912
2021-09-08,84.533,94.041,75.52,88.443,15995657.9,0.0003
2021-09-09,88.407,94.262,85.124,88.721,10429297.4,0.0003
2021-09-10,88.721,91.93,78.51,82.429,7347564.0,0.0003
2021-09-11,82.434,85.067,80.059,81.702,4731180.3,0.0003
2021-09-12,81.684,87.084,80.688,83.684,5080222.3,0.0003
2021-09-13,83.684,84.64,72.721,77.952,6679663.7,0.0003
2021-09-14,77.963,81.9,77.456,80.825,3469694.2,0.0003
2021-09-15,80.813,87.564,80.104,86.249,6549716.2,0.0003
2021-09-16,86.24,90.746,82.029,84.738,7261842.6,0.0003284
2021-09-17,84.739,86.713,80.555,85.881,4892779.7,0.0003
2021-09-18,85.888,87.484,82.55,84.322,4058926.3,0.00042842
2021-09-19,84.329,85.2,81.475,83.562,2916685.2,0.0003
2021-09-20,83.582,83.74,71.24,74.428,8979971.5,0.0003
2021-09-21,74.438,76.584,67.931,69.498,6476806.1,0.0003
2021-09-22,69.491,75.0,68.63,74.482,4378626.2,0.0003
2021-09-23,74.491,75.571,71.704,74.63,3731698.9,0.0003
2021-09-24,74.629,74.975,60.098,63.299,12709340.4,0.0003
2021-09-25,63.298,63.876,58.738,60.374,8383986.8,0.0003
2021-09-26,60.366,60.637,49.945,55.74,20492502.6,0.00018849
2021-09-27,55.742,62.973,54.649,58.954,15217384.8,0.00027684
2021-09-28,58.954,59.576,55.028,55.262,9401628.0,0.0003
2021-09-29,55.271,58.518,55.175,56.976,5835752.5,0.00014641
2021-09-30,56.965,61.171,56.784,60.015,5701184.7,0.00021064
2021-10-01,60.027,73.343,59.562,71.449,9199619.0,0.0003
2021-10-02,71.463,74.0,68.326,69.679,9697907.1,0.0003
2021-10-03,69.666,70.891,67.592,69.121,5784493.7,0.0003
2021-10-04,69.119,70.714,65.594,69.808,7429143.2,0.0003
2021-10-05,69.805,73.053,68.299,70.937,7305194.5,0.00043191
2021-10-06,70.943,74.964,66.49,71.8,9293887.8,0.0003
2021-10-07,71.801,74.178,68.933,71.544,7324573.1,0.00087254
2021-10-08,71.544,81.39,70.627,79.638,13623225.7,0.00130006
2021-10-09,79.637,80.7,75.327,77.065,6781953.9,0.00091903
2021-10-10,77.084,77.149,68.66,69.849,6755651.7,0.0006953
2021-10-11,69.85,74.752,69.0,73.551,8062058.3,0.0003
2021-10-12,73.554,73.583,66.1,69.818,7995347.9,0.0003
2021-10-13,69.806,70.767,60.251,68.307,12080447.7,0.0003
2021-10-14,68.32,72.0,67.2,70.45,7378605.9,0.0003
2021-10-15,70.439,70.462,65.0,67.377,7411493.1,0.00096532
2021-10-16,67.377,69.35,65.803,66.634,4314983.9,0.00131484
2021-10-17,66.628,67.229,61.0,63.951,5280603.0,0.0017824899999999
2021-10-18,63.951,65.163,61.419,63.526,4177633.1,0.00105525
2021-10-19,63.52,64.177,62.102,62.998,2827647.8,0.00058026
2021-10-20,62.999,68.357,62.566,67.152,7093905.1,0.00130071
2021-10-21,67.145,68.3,62.621,63.702,6247943.7,0.00179256
2021-10-22,63.692,67.042,63.68,66.056,5401952.3,0.00140987
2021-10-23,66.051,66.521,63.952,64.881,3117304.9,0.00135994
2021-10-24,64.877,65.215,61.268,62.648,4251301.2,0.00155108
2021-10-25,62.679,65.5,62.358,64.005,4150209.5,0.00161857
2021-10-26,64.009,65.366,62.1,62.882,5005862.6,0.0024221299999999
2021-10-27,62.888,63.296,50.3,55.466,10438257.3,0.00158742
2021-10-28,55.466,59.252,54.6,58.189,6101732.2,0.0003
2021-10-29,58.172,62.935,57.845,60.276,5181777.3,0.00039983
2021-10-30,60.26,61.57,57.361,61.561,2828079.9,0.00108369
2021-10-31,61.56,66.899,59.133,64.488,10697251.3,0.00093732
2021-11-01,64.49,64.545,60.615,63.9,4530456.3,0.00068134
2021-11-02,63.911,66.575,63.476,64.723,5685212.4,0.00122602
2021-11-03,64.707,65.993,61.378,64.1,5148031.4,0.00106947
2021-11-04,64.1,64.592,61.1,62.518,3321190.8,0.00165518
2021-11-05,62.518,64.49,61.52,63.578,4246363.4,0.00138648
2021-11-06,63.579,63.774,57.745,61.926,5101660.5,0.0010904999999999
2021-11-07,61.937,62.659,61.165,62.615,2340242.8,0.00101887
2021-11-08,62.624,65.13,62.305,64.351,4586234.9,0.00158104
2021-11-09,64.351,69.316,63.5,66.786,10936494.6,0.00165255
2021-11-10,66.792,69.733,58.0,63.55,12304020.5,0.00171168
2021-11-11,63.537,64.555,61.634,62.805,4885903.1,0.00037068
2021-11-12,62.8,65.564,60.962,62.94,6215959.3,0.00045819
2021-11-13,62.935,63.722,62.26,62.937,2175963.7,0.0004547
2021-11-14,62.941,63.54,61.052,62.604,2259574.2,0.00038513
2021-11-15,62.603,63.5,60.0,61.011,3372137.0,0.00096838
2021-11-16,61.009,61.027,51.637,56.172,9357451.6,0.00045132
2021-11-17,56.171,56.858,54.021,56.147,4330809.0,0.0003
2021-11-18,56.148,58.16,48.5,51.715,12835646.5,0.0003
2021-11-19,51.726,54.495,51.121,53.745,4211067.8,0.0003
2021-11-20,53.744,55.262,52.213,54.41,3444586.3,0.0003
2021-11-21,54.411,54.536,53.01,53.172,2285149.3,0.0003
2021-11-22,53.173,53.456,51.371,51.792,4103170.1,0.0003
2021-11-23,51.793,52.173,50.286,51.748,3311904.6,0.0003
2021-11-24,51.748,51.968,48.618,50.646,3634659.5,0.00037828
2021-11-25,50.646,56.18,49.808,55.449,6498379.1,0.00069319
2021-11-26,55.45,59.524,50.313,52.8,13378896.4,0.00061273
2021-11-27,52.798,59.508,52.559,57.758,9462759.0,0.0003
2021-11-28,57.765,57.841,52.265,56.45,6525570.1,0.0003
2021-11-29,56.456,57.216,53.849,54.663,3960964.4,0.0003
2021-11-30,54.662,55.694,53.043,53.751,4932564.0,0.0003
2021-12-01,53.761,55.86,53.559,54.416,3844014.8,0.0003
2021-12-02,54.424,54.426,52.587,53.744,2824976.9,0.0003
2021-12-03,53.744,53.9,47.393,49.703,5462213.0,0.0003
2021-12-04,49.702,49.763,32.267,40.96,23861011.0,-0.00013372
2021-12-05,40.977,41.734,36.786,39.058,6204829.4,0.0003
2021-12-06,39.066,39.101,35.5,38.704,6896774.9,0.0003
2021-12-07,38.7,39.985,38.496,39.137,4638433.3,0.0003
2021-12-08,39.137,43.6,38.771,41.373,9674510.6,0.0003
2021-12-09,41.372,41.633,36.933,37.474,5089620.6,0.0003
2021-12-10,37.47,41.373,37.386,39.812,8977709.0,0.0003
2021-12-11,39.824,40.486,38.623,40.402,4885182.4,0.0003
2021-12-12,40.402,40.494,38.653,39.656,2910897.0,0.00021997
2021-12-13,39.656,40.023,35.2,35.849,5436625.4,0.0003
2021-12-14,35.839,37.293,35.21,36.715,4106613.7,0.00018395
2021-12-15,36.715,38.913,35.519,38.183,4786774.1,0.0003
2021-12-16,38.174,38.53,36.924,37.189,2951364.6,0.0003
2021-12-17,37.19,39.0,35.308,35.615,5497112.9,0.0003
2021-12-18,35.624,36.765,35.228,36.33,2816067.4,0.0003
2021-12-19,36.331,36.713,35.704,35.769,2241328.7,0.0003
2021-12-20,35.767,35.936,33.778,34.835,3803248.4,0.0003
2021-12-21,34.838,35.871,34.272,35.305,3693768.6,0.0003
2021-12-22,35.305,36.46,35.067,35.628,5673320.9,0.0003
2021-12-23,35.628,38.078,35.1,37.344,5827395.7,0.0003
2021-12-24,37.342,37.753,35.8,36.453,4707206.2,0.0003
2021-12-25,36.456,37.319,36.18,37.0,3459190.7,0.0003
2021-12-26,37.007,37.722,35.351,37.295,5225441.9,0.0003
2021-12-27,37.298,41.314,36.92,39.224,10804553.3,0.0003
2021-12-28,39.233,39.849,35.766,36.226,10496769.2,0.0003
2021-12-29,36.228,36.745,33.757,34.182,6025747.1,0.0003
2021-12-30,34.191,35.843,33.176,34.949,6222676.3,0.0003
2021-12-31,34.946,35.729,33.479,34.235,5665033.2,0.0003
2022-01-01,34.239,35.978,34.239,35.882,2883085.7,0.0003
2022-01-02,35.882,36.498,35.187,35.733,3587091.3,0.0003
2022-01-03,35.73,35.758,34.351,35.089,4013929.9,0.0003
2022-01-04,35.088,38.283,34.4,36.173,9109429.9,0.0003
2022-01-05,36.17,38.5,31.0,33.125,10662981.2,0.0003
2022-01-06,33.123,33.475,32.0,32.963,5366418.1,0.00026094
2022-01-07,32.959,33.059,29.5,31.532,7974724.4,0.00028127
2022-01-08,31.533,32.2,28.287,29.434,5331528.9,0.0003
2022-01-09,29.435,31.08,29.252,30.206,4330746.8,0.00029611
2022-01-10,30.195,30.37,26.076,28.103,7983964.2,0.00028501
2022-01-11,28.106,29.246,27.769,28.862,4408044.0,0.00021601
2022-01-12,28.863,30.878,28.461,30.75,5709408.1,0.00013609
2022-01-13,30.756,30.861,28.367,28.488,5601735.6,0.0003
2022-01-14,28.494,29.862,28.0,29.686,4718420.9,0.0003
2022-01-15,29.69,30.601,29.301,29.646,3817463.3,0.0003
2022-01-16,29.65,31.488,29.564,30.376,4971610.3,0.0003
2022-01-17,30.375,30.454,28.507,28.964,4734162.1,0.0003
2022-01-18,28.967,29.327,27.64,28.462,4563030.4,0.0003
2022-01-19,28.463,28.714,27.18,27.603,4109235.4,0.0003
2022-01-20,27.603,28.694,25.97,26.177,4573788.8,0.0003
2022-01-21,26.177,26.572,21.0,21.947,10946173.1,0.00024597
2022-01-22,21.935,22.618,16.936,18.987,16769436.3,-2.704000000000001e-05
2022-01-23,18.989,20.238,18.326,19.47,8023205.3,-0.00034466
2022-01-24,19.471,19.483,16.786,18.395,11332007.6,-0.00063733
2022-01-25,18.391,18.532,17.708,18.144,6530879.1,-8.308999999999999e-05
2022-01-26,18.146,20.434,17.978,19.262,10561454.4,0.00013255
2022-01-27,19.26,19.97,18.05,19.177,10794346.3,-5.162999999999999e-05
2022-01-28,19.183,19.867,18.471,19.601,6957159.4,-0.0003008
2022-01-29,19.602,20.778,19.349,20.265,6988648.6,0.00028406
2022-01-30,20.263,20.877,19.446,19.799,5134287.5,0.0002849
2022-01-31,19.795,21.563,18.92,21.279,7648594.9,-0.00050127
2022-02-01,21.282,21.597,20.564,20.871,5239929.4,0.00026655
2022-02-02,20.875,21.443,19.912,20.154,6295266.5,0.00011761
2022-02-03,20.16,20.552,19.5,20.346,5015364.9,0.00018189
2022-02-04,20.346,21.706,20.183,21.615,6193736.7,4.722999999999999e-05
2022-02-05,21.625,22.798,21.339,21.967,5927350.9,0.00012105
2022-02-06,21.969,22.608,21.511,22.439,4344822.8,0.0003
2022-02-07,22.448,24.695,22.026,24.496,8432920.7,0.00021906
2022-02-08,24.493,26.247,23.095,24.604,14480547.1,0.00016072
2022-02-09,24.607,24.833,23.412,24.277,6361459.8,0.0003
2022-02-10,24.272,24.784,22.73,23.124,8907568.3,-9.54e-06
2022-02-11,23.131,23.38,20.796,21.077,6413768.2,9.095e-05
2022-02-12,21.075,21.38,20.23,20.865,5671955.3,-0.00035969
2022-02-13,20.863,21.185,20.391,20.546,3697997.6,-0.00051923
2022-02-14,20.547,21.064,19.91,20.695,4725894.2,-0.00019305
2022-02-15,20.697,22.52,20.65,22.336,5312643.5,-0.00036375
2022-02-16,22.342,23.587,21.48,23.067,9311033.7,0.00019714
2022-02-17,23.059,23.388,20.136,20.513,12849526.6,0.0003
2022-02-18,20.516,21.338,20.15,21.005,7871239.7,-0.0004829
2022-02-19,21.004,21.254,20.038,20.794,4950669.7,3.069999999999996e-06
2022-02-20,20.792,20.859,19.33,19.784,5031967.3,-0.00013099
2022-02-21,19.789,20.473,18.479,18.609,7199038.9,-0.00015245
2022-02-22,18.606,19.237,18.018,19.16,5880943.7,-0.00029399
2022-02-23,19.16,19.587,18.386,18.431,5210947.5,-0.00036259
2022-02-24,18.429,18.84,16.61,18.407,11290191.1,-0.0010369499999999
2022-02-25,18.409,19.2,18.078,18.902,6116173.3,-0.00038384
2022-03-01,21.679,22.266,20.5,20.956,10280537.6,0.00029661
2022-03-02,20.954,21.687,20.17,20.739,9612475.9,0.00024248
2022-03-03,20.74,20.96,19.521,20.114,5868299.3,0.0003
2022-03-04,20.117,20.285,18.438,18.801,6527106.3,0.0003
2022-03-05,18.802,19.225,18.228,19.07,3289322.8,-0.00014511
2022-03-06,19.071,19.286,18.309,18.432,3810884.4,-1.3020000000000007e-05
2022-03-07,18.431,18.899,17.073,17.802,6235104.7,-0.00015975
2022-03-08,17.805,18.323,17.641,18.02,4347289.5,-0.00021158
2022-03-09,18.025,19.27,17.948,18.813,5309201.3,0.00022031
2022-03-10,18.813,18.864,17.2,17.875,5238995.4,-0.00033097
2022-03-11,17.876,18.056,17.141,17.358,4280807.3,-0.00010932
2022-03-12,17.358,18.47,17.32,17.706,5892180.9,-6.895000000000001e-05
2022-03-13,17.704,18.06,16.942,17.226,3737978.7,-5.023999999999999e-05
2022-03-14,17.231,17.688,17.048,17.442,3927082.3,0.00013359
2022-03-15,17.445,17.506,16.366,16.795,5960610.6,-0.00014651
2022-03-16,16.795,17.474,16.713,17.416,6489534.0,-5.144999999999999e-05
2022-03-17,17.419,17.79,17.22,17.428,4460122.0,0.00017992
2022-03-18,17.429,17.83,17.067,17.599,4310636.9,0.0002848
2022-03-19,17.597,18.406,17.551,18.207,6926616.6,0.0003
2022-03-20,18.211,18.29,17.19,17.632,5647985.8,0.0003
2022-03-21,17.637,17.967,17.315,17.825,5208119.9,0.0003
2022-03-22,17.825,18.697,17.743,18.29,7798200.5,0.0003
2022-03-23,18.294,19.627,18.271,19.336,12601846.1,0.0003
2022-03-24,19.339,19.827,18.866,19.598,9825326.5,0.0003
2022-03-25,19.599,19.69,18.31,18.838,7462139.3,0.0003
2022-03-26,18.837,19.452,18.617,19.412,4603268.8,0.0003
2022-03-27,19.413,24.103,18.909,23.697,24909507.6,0.0003
2022-03-28,23.702,27.87,23.445,25.329,56735602.9,0.0003
2022-03-29,25.33,28.175,24.859,26.361,39088387.5,0.0003
2022-03-30,26.362,26.613,24.66,25.925,20848523.9,0.0003
2022-03-31,25.925,27.57,23.87,24.468,20000384.9,0.0003
2022-04-03,23.933,25.914,23.57,25.446,10912067.6,0.0003
2022-04-04,25.446,25.781,23.62,25.27,14981612.3,0.0003
2022-04-05,25.268,26.583,24.5,24.875,23214878.1,0.0003
2022-04-06,24.881,24.91,21.51,21.731,19053822.2,0.0003
2022-04-07,21.731,22.685,21.398,22.455,9573994.5,-8.150000000000002e-06
2022-04-08,22.452,22.922,20.968,21.281,11805352.0,0.00023877
2022-04-09,21.284,21.75,21.139,21.7,4953608.7,0.00020654
2022-04-10,21.701,21.84,20.799,21.01,5551518.0,0.0003
2022-04-11,21.009,21.06,17.968,18.309,13876755.4,0.00016579
2022-04-12,18.308,19.702,18.253,19.443,10843746.6,3.557e-05
2022-04-13,19.446,19.578,18.724,19.401,7329596.1,0.00028669
2022-04-14,19.4,19.782,18.437,18.679,7913234.3,0.0003
2022-04-15,18.679,19.196,18.647,19.043,5939836.8,0.0003
2022-04-16,19.044,22.173,18.823,21.66,23791127.7,0.0003
2022-04-17,21.663,21.8,19.557,19.677,30263606.3,0.0003
2022-04-18,19.678,19.93,18.315,19.626,16126114.6,0.00011991
2022-04-19,19.626,21.16,19.363,20.406,12839069.2,0.0003
2022-04-20,20.41,20.716,19.323,19.611,11519592.0,0.0003
2022-04-21,19.609,20.258,18.443,18.837,10776734.7,0.0003
2022-04-22,18.835,19.52,18.663,19.288,8839685.9,0.00023174
2022-04-23,19.287,19.557,18.729,18.909,12906144.5,0.0003
2022-04-24,18.91,19.387,18.61,18.903,10257356.2,0.0003
2022-04-25,18.902,18.931,17.343,18.632,12121451.1,-1.9289999999999983e-05
2022-04-26,18.632,18.769,16.951,17.282,8927048.4,0.00026751
2022-04-27,17.282,18.014,17.209,17.705,5302370.7,0.00021027
2022-04-28,17.705,18.506,17.476,18.076,8310306.7,0.0003
2022-04-29,18.076,18.203,16.975,17.305,7735477.4,0.0003
2022-04-30,17.304,18.027,11.669,14.217,23779265.9,0.00025479
2022-05-01,14.215,15.691,13.876,15.097,20387285.1,-0.00052949
2022-05-02,15.097,15.27,14.098,14.618,12383633.7,-0.00015117
2022-05-03,14.615,14.969,14.217,14.621,7385357.6,8.341e-05
2022-05-04,14.621,15.957,14.522,15.713,10706685.7,0.00028137
2022-05-05,15.716,15.865,13.253,13.971,19430628.2,0.00018749
2022-05-06,13.97,14.141,13.322,13.862,10489305.4,-0.00053812
2022-05-07,13.863,13.93,12.782,13.24,9571900.3,0.00010672
2022-05-08,13.239,13.45,12.818,13.098,10394205.1,0.00018203
2022-05-09,13.099,13.29,10.68,10.977,23780888.8,4.5480000000000005e-05
2022-05-10,10.977,12.527,10.515,11.36,27887659.5,-0.00034485
2022-05-11,11.36,11.565,8.167,8.598,41510269.6,-0.00133256
2022-05-12,8.596,9.053,6.64,8.119,37499597.1,-0.0021842
2022-05-13,8.12,9.47,7.877,8.732,20962205.9,-0.00056205
2022-05-14,8.732,9.118,8.015,8.793,11495503.3,-0.0003542
2022-05-15,8.794,9.246,8.461,9.153,8222792.2,-0.00025362
2022-05-16,9.155,9.155,8.182,8.291,10473335.6,-0.00039607
2022-05-17,8.292,8.904,8.171,8.568,8796171.7,-0.00044745
2022-05-18,8.569,8.714,7.46,7.599,11920278.5,-0.00064135
2022-05-19,7.599,8.316,7.352,8.207,13941795.4,-0.00081742
2022-05-20,8.208,8.338,7.665,7.918,9431900.5,-0.0003745499999999
2022-05-21,7.92,8.34,7.732,8.171,7597560.4,-0.00095636
2022-05-22,8.171,8.505,8.002,8.446,7698200.4,-0.00019239
2022-05-23,8.444,9.51,7.995,8.167,31032347.8,-7.335e-05
2022-05-24,8.167,8.534,8.001,8.411,17229945.4,-0.00080534
2022-05-25,8.41,8.596,8.05,8.171,13954585.9,-0.00051917
2022-05-26,8.168,8.29,7.272,7.627,17976651.5,-0.00134255
2022-05-27,7.627,7.73,7.128,7.221,15773024.0,-0.00087964
2022-05-28,7.22,7.599,7.152,7.532,8511239.7,-0.00079072
2022-05-29,7.532,7.797,7.316,7.617,8195151.8,-0.00055158
2022-05-30,7.615,8.304,7.538,8.215,13794626.4,0.00010349
2022-05-31,8.214,8.361,7.805,8.086,13290887.2,0.0003
2022-06-01,8.087,8.176,7.29,7.433,13232767.9,0.0003
2022-06-02,7.435,7.807,7.297,7.728,8383462.7,-0.0002337599999999
2022-06-03,7.729,7.754,7.234,7.377,8977204.2,-0.00010349
2022-06-04,7.378,7.516,7.2,7.46,5580411.0,9.919e-05
2022-06-05,7.459,7.564,7.239,7.362,5731123.9,0.00018028
2022-06-06,7.363,7.881,7.346,7.56,9828023.5,0.00023115
2022-06-07,7.56,7.659,6.975,7.322,14993541.9,8.518000000000001e-05
2022-06-08,7.32,7.455,7.13,7.18,9402235.5,0.0003
2022-06-09,7.18,7.325,7.065,7.216,6799451.0,0.0003
2022-06-10,7.218,7.248,6.709,6.817,12059678.2,3.964000000000002e-05
2022-06-11,6.817,6.909,6.05,6.103,13498718.2,-0.00044928
2022-06-12,6.104,6.177,5.578,5.672,16262100.7,-0.00129823
2022-06-13,5.671,5.829,5.112,5.33,28153829.0,-0.00139676
2022-06-14,5.33,5.718,4.989,5.469,20098071.0,-0.00012737
2022-06-15,5.469,5.875,5.062,5.87,22444518.7,-0.00029029
2022-06-16,5.871,5.939,5.2,5.302,13816650.7,9.5e-05
2022-06-17,5.301,5.477,5.276,5.336,9491900.4,5.349000000000001e-05
2022-06-18,5.337,5.415,4.783,5.109,18779186.6,1.37e-05
2022-06-19,5.108,5.547,4.98,5.485,20410921.9,6.725e-05
2022-06-20,5.483,5.688,5.284,5.458,17891635.5,0.0003
2022-06-21,5.458,6.394,5.393,5.967,33133838.3,0.0003
2022-06-22,5.968,5.974,5.44,5.518,19710337.4,0.0002152
2022-06-23,5.518,5.92,5.504,5.789,14919946.7,0.0003
2022-06-24,5.789,6.302,5.74,6.115,15354601.4,0.0003
2022-06-25,6.115,6.299,5.84,6.066,10859699.4,0.0003
2022-06-26,6.066,6.347,5.802,5.816,15569474.3,0.0003
2022-06-27,5.816,6.11,5.64,5.779,13743962.5,0.00022068
2022-06-28,5.779,5.967,5.418,5.512,14826640.9,0.00025512
2022-06-29,5.513,5.597,5.35,5.452,12111515.3,1.854000000000001e-05
2022-06-30,5.453,5.502,5.079,5.393,14781790.1,6.719999999999963e-06
2022-07-01,5.392,5.55,5.221,5.348,14754699.5,0.00019427
2022-07-02,5.348,5.397,5.205,5.336,7311189.4,0.0003
2022-07-03,5.337,5.391,5.183,5.306,8215718.9,0.00014638
2022-07-04,5.306,5.611,5.206,5.553,12342900.1,0.00024863
2022-07-05,5.551,5.632,5.306,5.48,16203530.4,0.00021386
2022-07-06,5.48,5.667,5.423,5.563,13464530.4,0.0003
2022-07-07,5.563,5.866,5.523,5.797,12989135.2,0.00025903
2022-07-08,5.797,5.934,5.558,5.724,11839987.9,0.00024504
2022-07-09,5.725,5.905,5.68,5.798,8166740.4,0.0003
2022-07-10,5.798,5.799,5.426,5.485,9847149.9,0.00029837
2022-07-11,5.485,5.486,5.131,5.187,11516515.1,-0.00026007
2022-07-12,5.188,5.277,5.045,5.076,9679633.3,-0.00078096
2022-07-13,5.075,5.314,4.968,5.287,14404788.5,-0.00082094
2022-07-14,5.286,5.415,5.15,5.358,10684077.3,-7.391e-05
2022-07-15,5.359,5.46,5.201,5.225,13006965.1,0.0003
2022-07-16,5.224,5.445,5.153,5.39,11643570.6,-0.00045493
2022-07-17,5.39,5.976,5.364,5.688,28146257.4,0.00024444
2022-07-18,5.688,6.154,5.616,5.939,34292966.1,0.0003
2022-07-19,5.936,6.269,5.631,6.043,28597376.4,0.0003
2022-07-20,6.042,6.179,5.456,5.583,26384186.8,0.0003
2022-07-21,5.582,5.733,5.367,5.622,20858292.9,0.00025758
2022-07-22,5.622,5.802,5.413,5.482,18783687.1,0.00026969
2022-07-23,5.483,5.656,5.392,5.57,12182902.5,0.00029302
2022-07-24,5.569,5.911,5.54,5.639,18278159.6,0.0003
2022-07-25,5.639,5.689,5.2,5.233,15136689.4,0.0003
2022-07-26,5.233,5.322,5.09,5.308,16127091.1,-0.00035128
2022-07-27,5.309,5.656,5.213,5.652,15403768.4,5.118000000000001e-05
2022-07-28,5.651,6.063,5.546,5.926,25497840.0,0.0002767
2022-07-29,5.927,6.22,5.76,5.96,23901404.8,0.0003
2022-07-30,5.959,8.9,5.952,8.038,158384752.7,0.0003
2022-07-31,8.039,10.736,7.915,9.779,247436452.0,0.0003
2022-08-01,9.78,11.4,8.354,8.78,230912809.0,0.0003
2022-08-02,8.782,8.872,7.668,8.195,164651211.6,0.0003
2022-08-03,8.196,8.768,7.91,8.083,87896956.0,0.0003
2022-08-04,8.083,8.63,7.85,8.085,67155913.5,0.0003
2022-08-05,8.085,8.42,8.039,8.341,43440617.0,0.0003
2022-08-06,8.34,9.55,8.16,9.443,129712052.4,0.0003
2022-08-07,9.442,9.45,8.648,8.781,66162521.3,0.0003
2022-08-08,8.782,9.397,8.5,8.725,62155572.7,0.00027642
2022-08-09,8.726,8.836,7.778,8.036,60037710.0,0.0003
2022-08-10,8.035,8.536,7.705,8.295,59584270.5,0.00017863
2022-08-11,8.295,9.01,8.222,8.345,54766029.3,0.0003
2022-08-12,8.345,8.817,8.153,8.752,42509488.5,0.0003
2022-08-13,8.755,8.883,8.229,8.368,36328549.9,0.0003
2022-08-14,8.368,8.797,7.947,8.224,37092351.3,0.0003
2022-08-15,8.227,8.589,7.997,8.418,37518845.8,0.0003
2022-08-16,8.418,8.828,8.141,8.421,64850850.1,0.0003
2022-08-17,8.421,8.9,7.948,8.19,54978792.4,0.0003
2022-08-18,8.19,8.289,6.528,7.473,42726724.6,0.00022211
2022-08-19,7.474,7.568,6.263,6.457,84290198.0,-0.00042557
2022-08-20,6.457,6.73,6.041,6.241,50715612.5,-0.0005815
2022-08-21,6.24,6.576,6.206,6.411,33745741.9,-0.00043372
2022-08-22,6.411,6.423,6.021,6.319,39351880.1,5.9090000000000005e-05
2022-08-23,6.32,6.446,6.112,6.378,31624313.4,0.00029939
2022-08-24,6.379,6.599,6.166,6.272,38822625.1,0.00018617
2022-08-25,6.271,6.489,6.244,6.351,25896108.7,0.0003
2022-08-26,6.352,6.358,5.546,5.658,52776380.1,0.00017068
2022-08-27,5.657,5.867,5.579,5.824,29863312.8,-0.0004961599999999
2022-08-28,5.824,5.885,5.578,5.639,23434160.7,-2.19e-05
2022-08-29,5.638,6.054,5.514,6.009,27546171.5,-4.198e-05
2022-08-30,6.008,6.104,5.565,5.713,29862627.8,0.00021023
2022-08-31,5.712,5.888,5.671,5.742,21841117.9,0.00027038
2022-09-01,5.743,5.809,5.586,5.771,20000085.5,0.00014382
2022-09-02,5.771,5.988,5.68,5.822,23002738.9,0.00022334
2022-09-03,5.823,6.654,5.792,6.507,119559919.8,0.00019605
2022-09-04,6.508,6.65,6.128,6.263,48235086.9,0.0003
2022-09-05,6.262,6.337,5.917,6.138,34762608.2,0.0003
2022-09-06,6.137,6.299,5.5,5.595,50280012.6,0.0003
2022-09-07,5.595,5.94,5.512,5.853,27055015.2,-0.00013313
2022-09-08,5.853,5.952,5.698,5.859,26368328.9,0.0003
2022-09-09,5.858,6.487,5.85,6.379,43031832.9,0.0003
2022-09-10,6.38,6.563,6.191,6.352,28718700.2,0.0003
2022-09-11,6.352,6.99,6.13,6.406,48196707.0,0.0003
2022-09-12,6.406,6.8,6.319,6.547,54151444.9,0.0003
2022-09-13,6.547,6.552,5.804,5.863,38987298.7,0.0003
2022-09-14,5.863,6.025,5.735,5.953,24518656.9,0.00018953
2022-09-15,5.953,5.973,5.63,5.719,25900727.3,0.0003
2022-09-16,5.721,5.856,5.641,5.825,18133140.8,0.00026694
2022-09-17,5.825,5.959,5.788,5.907,12212273.2,0.0003
2022-09-18,5.908,5.915,4.98,5.252,27740803.7,0.0003
2022-09-19,5.252,5.519,5.12,5.47,25520354.7,-0.00057381
2022-09-20,5.471,5.513,5.262,5.308,18297817.4,0.0001373899999999
2022-09-21,5.309,5.703,5.089,5.238,34153678.8,0.00015366
2022-09-22,5.238,5.567,5.224,5.519,22177009.4,2.4700000000000004e-05
2022-09-23,5.518,5.83,5.316,5.695,31272408.6,0.0003
2022-09-24,5.694,5.802,5.5,5.57,21097438.2,0.0003
2022-09-25,5.569,5.906,5.504,5.714,25106737.4,0.0003
2022-09-26,5.712,5.806,5.51,5.691,27153950.1,0.0003
2022-09-27,5.691,6.161,5.589,5.72,39472576.2,0.0003
2022-09-28,5.722,6.056,5.544,5.851,31182724.2,0.0002031
2022-09-29,5.852,5.95,5.661,5.777,22837642.0,0.0003
2022-09-30,5.777,5.84,5.6,5.681,23307419.2,0.0003
2022-10-01,5.682,5.697,5.459,5.515,13819144.0,0.0003
2022-10-02,5.515,5.57,5.323,5.376,16396771.9,0.0003
2022-10-03,5.376,5.547,5.28,5.516,16034788.0,0.0003
2022-10-04,5.515,5.652,5.483,5.602,16771573.7,0.0003
2022-10-05,5.601,5.654,5.429,5.585,17270292.7,0.0003
2022-10-06,5.585,5.65,5.456,5.481,17315536.6,0.0003
2022-10-07,5.481,5.531,5.388,5.468,12195954.7,0.00025781
2022-10-08,5.468,5.505,5.343,5.395,8294325.7,0.0003
2022-10-09,5.395,5.484,5.376,5.425,9315372.6,0.00019709
2022-10-10,5.426,5.481,5.046,5.148,20522595.2,0.0003
2022-10-11,5.148,5.229,4.956,5.132,23283016.7,0.00015495
2022-10-12,5.133,5.224,5.098,5.143,12971158.5,0.00021474
2022-10-13,5.143,5.179,4.707,5.136,44807721.2,-0.0002523
2022-10-14,5.135,5.324,4.99,5.062,24198205.6,0.00020808
2022-10-15,5.062,5.284,4.963,5.191,26464822.6,7.575999999999999e-05
2022-10-16,5.192,5.281,5.088,5.152,16075818.5,0.00024059
2022-10-17,5.152,5.275,5.084,5.254,18597992.1,0.00017013
2022-10-18,5.254,5.277,5.047,5.128,21368305.8,0.00026048
2022-10-19,5.127,5.142,4.904,4.976,18895871.2,0.00016538
2022-10-20,4.976,5.093,4.9,4.937,19822666.2,0.00021458
2022-10-21,4.938,4.99,4.787,4.955,20892854.1,7.167e-05
2022-10-22,4.955,4.996,4.896,4.954,9587794.4,0.0003
2022-10-23,4.953,5.181,4.937,5.119,22273506.4,0.0003
2022-10-24,5.119,5.149,4.906,4.943,17976810.4,0.0003
2022-10-25,4.943,5.318,4.904,5.175,30557495.6,0.00017062
2022-10-26,5.176,5.362,5.173,5.254,28056022.8,0.0003
2022-10-27,5.254,5.5,5.204,5.231,32427358.1,0.0003
2022-10-28,5.231,5.474,5.108,5.362,31333785.9,0.0003
2022-10-29,5.362,5.902,5.335,5.71,42065197.5,0.0003
2022-10-30,5.71,5.753,5.273,5.388,28078422.3,0.0003
2022-10-31,5.387,5.517,5.295,5.424,24232402.4,0.0003
2022-11-01,5.423,5.508,5.321,5.362,20413815.5,0.0003
2022-11-02,5.362,5.431,5.082,5.223,29030918.9,0.0003
2022-11-03,5.222,6.244,5.209,5.783,86899989.3,0.00021319
2022-11-04,5.782,6.3,5.738,6.144,49865386.1,0.0003
2022-11-05,6.145,6.559,6.01,6.166,35185801.7,0.0003
2022-11-06,6.165,6.394,5.766,5.827,33762807.0,0.0003
2022-11-07,5.826,5.946,5.589,5.731,26887951.0,0.0003
2022-11-08,5.731,5.854,4.101,4.778,70360769.7,-0.0003571
2022-11-09,4.778,4.861,3.948,4.138,67921988.0,-0.0014072899999999
2022-11-10,4.137,4.79,4.072,4.631,45333505.1,-0.00098295
2022-11-11,4.632,4.68,4.182,4.478,26757033.8,9.53e-05
2022-11-12,4.479,4.491,4.214,4.27,16657316.5,9.763e-05
2022-11-13,4.27,4.451,4.204,4.282,27936495.7,6.867e-05
2022-11-14,4.282,4.406,4.054,4.332,27696736.8,0.00022663
2022-11-15,4.331,4.507,4.271,4.389,18708141.5,0.0003
2022-11-16,4.39,4.55,4.254,4.33,24730997.9,0.00029983
2022-11-17,4.33,4.392,4.215,4.314,15459989.1,0.00018232
2022-11-18,4.315,4.417,4.274,4.342,12736980.8,0.0003
2022-11-19,4.343,4.43,4.243,4.383,12640606.1,0.00025713
2022-11-20,4.384,4.465,4.079,4.161,19396551.3,0.0003
2022-11-21,4.161,4.228,4.027,4.165,25731664.6,-0.00026701
2022-11-22,4.165,4.363,4.09,4.323,22969078.7,0.00028848
2022-11-23,4.323,4.491,4.292,4.446,18878404.9,0.0003
2022-11-24,4.445,4.46,4.343,4.394,15109257.1,0.0003
2022-11-25,4.394,4.402,4.246,4.296,14421227.9,0.0003
2022-11-26,4.296,4.404,4.268,4.305,12246945.2,0.0003
2022-11-27,4.305,4.512,4.276,4.34,25337282.9,0.00025731
2022-11-28,4.34,4.385,4.124,4.252,23924922.6,-0.00010431
2022-11-29,4.251,4.408,4.213,4.348,20749302.3,0.0003
2022-11-30,4.348,4.506,4.21,4.415,23214017.3,0.0003
2022-12-01,4.416,4.481,4.341,4.391,17399182.1,0.0002408
2022-12-02,4.391,4.703,4.336,4.641,37169176.1,0.0003
2022-12-03,4.642,4.69,4.37,4.422,15797695.8,0.0003
2022-12-04,4.422,4.599,4.416,4.571,10994722.1,0.00017857
2022-12-05,4.57,4.62,4.46,4.519,19478653.5,0.00017519
2022-12-06,4.519,4.628,4.49,4.588,21070604.0,0.00016948
2022-12-07,4.589,4.6,4.156,4.344,23481109.0,-1.753999999999999e-05
2022-12-08,4.345,4.438,4.3,4.389,16265263.3,-0.00034762
2022-12-09,4.39,4.463,4.37,4.437,13582259.4,0.00017348
2022-12-10,4.437,4.448,4.359,4.378,7471284.7,6.77e-05
2022-12-11,4.377,4.416,4.231,4.278,9162355.5,0.0001151799999999
2022-12-12,4.277,4.285,4.15,4.256,13281179.8,-0.00053096
2022-12-13,4.256,4.362,4.108,4.324,15731045.8,3.116e-05
2022-12-14,4.324,4.371,4.171,4.224,16645550.0,0.0003
2022-12-15,4.224,4.241,4.083,4.15,12662563.9,0.00022708
2022-12-16,4.15,4.182,2.329,3.015,83500644.2,-9.708e-05
2022-12-17,3.014,3.399,2.853,3.191,117694755.2,-0.00309714
2022-12-18,3.192,3.203,3.019,3.044,45347732.6,-0.0015257699999999
2022-12-19,3.044,3.106,2.65,2.811,64669022.0,-0.0002490399999999
2022-12-20,2.81,3.118,2.798,2.971,53490402.2,-0.00061813
2022-12-21,2.971,3.005,2.863,2.977,31071217.3,-0.0003006299999999
2022-12-22,2.977,3.008,2.882,2.992,27646009.4,-0.00024534
2022-12-23,2.992,3.035,2.94,2.965,18569438.8,-1.081e-05
2022-12-24,2.965,2.99,2.914,2.93,9881023.1,-0.00038271
2022-12-25,2.931,2.968,2.893,2.962,14404511.3,-0.0003542
2022-12-26,2.961,3.006,2.94,3.001,11949677.4,0.00012907
2022-12-27,3.002,3.294,2.953,3.068,81149467.0,0.00022965
2022-12-28,3.069,3.099,2.902,2.99,42654129.4,0.00014337
2022-12-29,2.991,3.043,2.912,2.975,26513212.1,0.0003
2022-12-30,2.975,2.996,2.913,2.977,18237996.3,-0.0001164099999999
2022-12-31,2.978,3.117,2.958,3.008,21503642.7,7.159000000000001e-05
2023-01-01,3.009,3.148,2.988,3.106,26281207.5,-0.00023244
2023-01-02,3.106,3.219,3.031,3.149,28038540.8,0.00014178
2023-01-03,3.15,3.193,3.024,3.089,34076833.2,0.0003
2023-01-04,3.09,3.499,3.085,3.353,63333359.0,0.00013509
2023-01-05,3.354,3.361,3.224,3.286,29729042.3,0.00029089
2023-01-06,3.287,3.355,3.198,3.34,27566150.3,0.00029473
2023-01-07,3.34,3.399,3.273,3.296,19960373.8,0.0003
2023-01-08,3.297,3.462,3.269,3.444,32840493.7,0.00018495
2023-01-09,3.444,3.957,3.43,3.776,76862652.1,0.00028435
2023-01-10,3.777,3.865,3.65,3.76,33747563.8,0.0003
2023-01-11,3.761,3.784,3.534,3.732,31376913.4,0.0003
2023-01-12,3.732,3.878,3.577,3.854,43357617.3,0.0003
2023-01-13,3.853,4.114,3.739,4.02,38396292.0,0.0003
2023-01-14,4.021,4.88,3.927,4.816,80699726.2,0.0011736
2023-01-15,4.816,4.999,4.454,4.703,85444021.3,0.0012017899999999
2023-01-16,4.704,4.866,4.405,4.574,44883757.2,0.00034918
2023-01-17,4.574,4.898,4.421,4.629,46673845.5,0.00040496
2023-01-18,4.63,4.745,4.203,4.252,44893289.4,0.0003
2023-01-19,4.252,4.438,4.246,4.405,22757741.6,0.0003
2023-01-20,4.404,4.786,4.334,4.743,27134308.2,0.0003
2023-01-21,4.744,5.199,4.688,4.954,57926845.3,0.0003
2023-01-22,4.955,5.798,4.901,5.429,75414970.3,0.00042802
2023-01-23,5.429,5.787,5.142,5.424,60743088.1,0.00055746
2023-01-24,5.425,5.562,4.838,4.995,38296592.2,0.00043793
2023-01-25,4.994,5.707,4.781,5.455,62326519.6,0.0003
2023-01-26,5.456,5.668,5.17,5.436,42536146.2,0.0003
2023-01-27,5.437,5.49,5.179,5.393,27979448.2,0.0003
2023-01-28,5.394,5.614,5.164,5.274,26659683.5,0.0003
2023-01-29,5.274,5.575,5.254,5.483,25686261.7,0.0003
2023-01-30,5.484,5.537,4.805,5.098,34252033.7,0.00036702
2023-01-31,5.099,5.443,5.005,5.233,27305632.1,0.0003
2023-02-01,5.233,5.798,5.039,5.694,51267953.5,0.0003
2023-02-02,5.695,5.883,5.446,5.477,48034398.0,0.00117807
2023-02-03,5.479,5.79,5.414,5.68,31101180.4,0.00069006
2023-02-04,5.681,5.733,5.457,5.526,18612455.8,0.00064388
2023-02-05,5.526,5.556,5.115,5.301,25263630.6,0.0003280599999999
2023-02-06,5.3,5.41,5.068,5.127,24590163.9,0.0003
2023-02-07,5.126,5.569,5.119,5.541,31324198.4,0.0003
2023-02-08,5.541,5.717,5.258,5.448,47608646.5,0.00044633
2023-02-09,5.448,5.521,4.594,4.787,46976799.0,0.0003
2023-02-10,4.786,5.007,4.714,4.844,34636636.3,0.0002702
2023-02-11,4.844,5.12,4.832,5.098,25055067.7,0.0003
2023-02-12,5.099,5.154,4.841,4.916,18338794.6,0.0003
2023-02-13,4.917,4.962,4.67,4.863,29392719.1,0.0003
2023-02-14,4.863,5.103,4.747,5.089,27933553.1,0.0003
2023-02-15,5.089,5.5,5.004,5.481,27793748.9,0.0003
2023-02-16,5.482,6.0,5.353,5.403,61318413.0,0.00034294
2023-02-17,5.403,7.9,5.397,7.595,348319312.3,0.0003
2023-02-18,7.59,7.996,7.268,7.526,159670369.0,0.00099957
2023-02-19,7.526,9.55,7.526,8.47,336895449.9,0.00075461
2023-02-20,8.471,8.73,8.033,8.539,140175706.8,0.00047895
2023-02-21,8.54,8.693,7.7,8.188,117373619.7,0.00054017
2023-02-22,8.188,9.186,7.526,8.029,197324516.6,0.00061325
2023-02-23,8.029,8.27,7.593,7.852,94372589.6,0.0003
2023-02-24,7.851,8.053,6.6,6.849,124952946.5,0.0003
2023-02-25,6.849,6.997,6.338,6.701,77677748.9,0.00027276
2023-02-26,6.702,6.99,6.638,6.899,51119722.0,0.00029946
2023-02-27,6.899,7.27,6.66,6.849,65087790.2,0.0003
2023-02-28,6.848,6.879,6.303,6.483,50002375.3,0.00027886
2023-03-01,6.483,7.29,6.406,7.25,88675824.8,0.00026432
2023-03-02,7.25,7.39,6.64,6.904,64948161.1,0.0003
2023-03-03,6.904,6.976,5.82,6.254,66190072.5,0.00028351
2023-03-04,6.254,6.324,5.68,5.911,40656182.2,0.00029375
2023-03-05,5.911,6.277,5.873,6.136,47176269.6,0.00025969
2023-03-06,6.135,6.24,6.002,6.094,34572977.2,0.00023576
2023-03-07,6.093,6.194,5.755,5.972,48149403.7,0.00015015
2023-03-08,5.971,6.104,5.585,5.779,67379016.0,0.00020458
2023-03-09,5.779,6.197,5.275,5.506,138352089.5,0.00027819
2023-03-10,5.505,5.524,5.096,5.308,123858732.1,-2.72e-05
2023-03-11,5.308,5.51,4.651,4.951,120777619.2,0.00011569
2023-03-12,4.951,5.779,4.8,5.715,95769742.5,5.959000000000002e-05
2023-03-13,5.714,6.59,5.64,6.378,200031776.1,0.00026332
2023-03-14,6.379,7.59,6.128,6.756,176688129.2,0.0003
2023-03-15,6.756,7.049,5.31,5.604,202234074.5,0.0003
2023-03-16,5.603,5.935,5.504,5.8,136487861.0,-0.00158257
2023-03-17,5.8,6.487,5.692,6.392,133302603.7,0.00010886
2023-03-18,6.391,6.565,5.823,5.879,101940735.9,0.0003
2023-03-19,5.88,6.525,5.851,6.281,76327230.4,0.0003
2023-03-20,6.281,6.456,5.65,5.717,94467648.7,0.0003
2023-03-21,5.716,6.091,5.619,5.923,67616128.3,3.826e-05
2023-03-22,5.922,5.977,5.3,5.645,78518538.9,0.0003
2023-03-23,5.645,5.972,5.605,5.923,48814579.6,0.00019824
2023-03-24,5.923,6.059,5.437,5.55,62327442.0,0.0003
2023-03-25,5.55,5.623,5.248,5.375,37381754.4,6.031e-05
2023-03-26,5.374,5.743,5.349,5.678,34973820.7,1.4780000000000008e-05
2023-03-27,5.679,5.7,5.191,5.343,47026709.9,0.00017453
2023-03-28,5.342,5.628,5.262,5.554,40520713.3,0.00014975
2023-03-29,5.554,5.824,5.538,5.728,39550037.9,0.0003
2023-03-30,5.728,5.886,5.422,5.56,48591419.3,0.00026227
2023-03-31,5.56,5.736,5.438,5.685,32514320.5,0.00014397
2023-04-01,5.685,5.8,5.509,5.761,30449788.1,0.0003
2023-04-02,5.76,5.795,5.429,5.545,26341430.8,0.0003
2023-04-03,5.545,5.683,5.328,5.57,39943940.0,0.00015104
2023-04-04,5.569,5.667,5.5,5.613,23276391.5,0.0003
2023-04-05,5.613,5.79,5.537,5.667,32072639.9,0.0003
2023-04-06,5.668,5.683,5.51,5.597,20275317.9,0.0003
2023-04-07,5.598,6.019,5.501,5.785,64915768.6,0.00029211
2023-04-08,5.785,5.918,5.725,5.763,42374573.9,0.0003
2023-04-09,5.764,5.889,5.607,5.744,30754264.0,0.00019815
2023-04-10,5.745,6.239,5.666,6.171,50666516.4,0.0003
2023-04-11,6.172,6.182,5.945,6.111,51747487.7,0.0003
2023-04-12,6.11,6.127,5.761,5.962,53144256.2,0.0003
2023-04-13,5.961,6.145,5.902,6.078,32761337.9,0.0003
2023-04-14,6.079,6.329,5.924,6.23,60043068.9,0.0003
2023-04-15,6.229,6.445,6.072,6.303,44726658.0,0.0003701499999999
2023-04-16,6.304,6.396,6.19,6.341,35780621.5,0.00073063
2023-04-17,6.342,6.373,6.023,6.122,38736043.9,0.0003
2023-04-18,6.122,6.32,6.025,6.265,29950093.8,0.00038707
2023-04-19,6.265,6.313,5.35,5.692,53145669.7,0.0003
2023-04-20,5.691,5.816,5.453,5.56,40656711.3,0.0003
2023-04-21,5.56,5.633,5.117,5.256,39779356.3,0.00020324
2023-04-22,5.255,5.34,5.2,5.325,20266336.1,-9.005e-05
2023-04-23,5.324,5.386,5.124,5.268,25615156.9,0.00011394
2023-04-24,5.267,5.349,5.149,5.253,26146811.4,0.00018164
2023-04-25,5.252,5.381,5.137,5.346,25667853.4,0.00024074
2023-04-26,5.347,5.555,4.974,5.247,47473307.1,0.0003
2023-04-27,5.248,5.485,5.196,5.386,36513616.6,0.00010638
2023-04-28,5.387,5.528,5.249,5.505,27980705.8,0.00029005
2023-04-29,5.504,5.665,5.411,5.568,35543385.2,0.00023737
2023-04-30,5.568,5.612,5.36,5.414,26700040.9,0.00023732
2023-05-01,5.414,5.46,5.183,5.299,25397108.0,0.00014877
2023-05-02,5.299,5.322,5.208,5.278,18193939.2,0.00021068
2023-05-03,5.279,5.383,5.15,5.344,27801141.1,0.00025209
2023-05-04,5.343,5.364,5.223,5.263,14527527.4,0.00026578
2023-05-05,5.264,5.326,5.055,5.262,25885626.2,0.00026317
2023-05-06,5.262,5.295,4.924,5.044,24176517.9,0.00020828
2023-05-07,5.044,5.129,5.0,5.031,15933976.6,0.00022164
2023-05-08,5.03,5.073,4.32,4.532,49055006.3,0.00027715
2023-05-09,4.532,4.601,4.484,4.543,21013280.0,-3.874e-05
2023-05-10,4.542,4.735,4.35,4.595,39393762.5,0.0001282899999999
2023-05-11,4.595,4.601,4.204,4.35,36891607.4,0.00023844
2023-05-12,4.35,4.444,4.19,4.436,27264306.2,0.00016798
2023-05-13,4.435,4.44,4.326,4.382,12958605.2,0.0002876499999999
2023-05-14,4.382,4.49,4.32,4.448,13763651.7,0.0002963
2023-05-15,4.448,4.539,4.363,4.449,21820349.6,0.00028734
2023-05-16,4.45,4.491,4.365,4.424,21452936.5,0.00029862
2023-05-17,4.425,4.608,4.378,4.541,42820233.1,0.0003
2023-05-18,4.542,4.681,4.384,4.457,30064733.2,0.00022736
2023-05-19,4.457,4.512,4.42,4.493,16431712.0,0.00028311
2023-05-20,4.492,4.532,4.448,4.508,10306087.0,0.0003
2023-05-21,4.508,4.527,4.32,4.376,14861296.9,0.0003
2023-05-22,4.375,4.437,4.294,4.407,17486279.7,0.0003
2023-05-23,4.408,4.528,4.391,4.52,19204038.7,0.0003
2023-05-24,4.521,4.529,4.3,4.458,24341565.0,0.0003
2023-05-25,4.459,4.474,4.327,4.415,16975470.9,0.0003
2023-05-26,4.415,4.459,4.368,4.438,13497350.2,0.0003
2023-05-27,4.437,4.513,4.405,4.477,10655147.8,0.0003
2023-05-28,4.478,4.712,4.467,4.658,20024517.1,0.0003
2023-05-29,4.657,4.721,4.584,4.634,15545927.1,0.0003
2023-05-30,4.634,4.908,4.596,4.821,37621416.2,0.0003
2023-05-31,4.822,4.884,4.572,4.69,28090718.8,0.0003
2023-06-01,4.689,4.756,4.604,4.695,18139122.9,0.0003
2023-06-02,4.695,5.028,4.669,4.96,46402076.9,0.0003
2023-06-03,4.961,4.974,4.801,4.853,20009081.0,0.00027094
2023-06-04,4.853,4.894,4.611,4.659,24369832.2,0.0003
2023-06-05,4.659,4.659,3.934,4.213,54092575.9,0.0003
2023-06-06,4.213,4.441,4.135,4.398,28613605.6,-3.996e-05
2023-06-07,4.399,4.399,4.044,4.135,29273709.7,0.0003
2023-06-08,4.134,4.177,4.074,4.09,17968397.6,0.00015896
2023-06-09,4.09,4.144,3.951,4.032,27021868.0,0.00026769
2023-06-10,4.031,4.04,2.539,3.481,149732899.0,-0.00019176
2023-06-11,3.481,3.498,3.342,3.425,39096592.2,-0.0003442
2023-06-12,3.425,3.608,3.283,3.526,42862745.2,-3.372e-05
2023-06-13,3.526,3.744,3.489,3.656,58848323.9,-0.0001978
2023-06-14,3.655,3.758,3.444,3.561,37973481.9,7.453e-05
2023-06-15,3.561,3.719,3.465,3.66,37090748.6,0.00021407
2023-06-16,3.66,3.749,3.53,3.69,25763332.8,0.00016745
2023-06-17,3.691,3.846,3.655,3.704,20395745.6,0.00021979
2023-06-18,3.705,3.755,3.62,3.679,17704885.2,8.346e-05
2023-06-19,3.68,3.7,3.573,3.686,19312071.8,0.00014981
2023-06-20,3.686,3.814,3.585,3.783,25249894.7,0.00026958
2023-06-21,3.783,3.973,3.744,3.919,43402817.5,0.00027442
2023-06-22,3.918,4.088,3.823,3.918,35227685.6,0.0003
2023-06-23,3.919,4.15,3.917,4.042,32379983.9,0.0003
2023-06-24,4.041,4.07,3.8,3.925,30355640.1,0.0003
2023-06-25,3.926,4.273,3.91,4.117,42514719.6,0.0003
2023-06-26,4.118,4.154,3.884,3.956,33294464.5,0.0003
2023-06-27,3.956,4.079,3.939,4.026,19134008.1,0.00028688
2023-06-28,4.027,4.039,3.633,3.768,33263215.6,0.00028948
2023-06-29,3.768,3.894,3.76,3.829,20211801.6,0.0001164399999999
2023-06-30,3.83,4.04,3.519,3.946,49229844.3,0.0003
2023-07-01,3.946,4.257,3.901,4.104,38911732.0,0.0003
2023-07-02,4.105,4.129,3.935,4.109,35364335.4,0.0003
2023-07-03,4.109,4.949,4.072,4.739,208366245.9,0.0003
2023-07-04,4.739,4.768,4.412,4.548,62913835.1,0.0003
2023-07-05,4.547,4.832,4.308,4.598,114037348.0,0.0003
2023-07-06,4.598,4.686,4.303,4.314,63864701.9,0.00011464
2023-07-07,4.315,4.456,4.238,4.401,32842704.5,8.683000000000001e-05
2023-07-08,4.401,4.433,4.213,4.335,22876685.8,0.0003
2023-07-09,4.335,4.428,4.312,4.333,20588040.9,0.00012198
2023-07-10,4.333,4.417,4.133,4.318,40563326.0,0.00016515
2023-07-11,4.317,4.345,4.211,4.294,20421841.4,0.00029838
2023-07-12,4.294,4.36,4.17,4.235,27483819.6,0.00029086
2023-07-13,4.235,4.732,4.178,4.673,56669700.6,9.660000000000013e-06
2023-07-14,4.673,4.745,4.284,4.436,62209343.6,0.0003
2023-07-15,4.436,4.506,4.374,4.435,19745588.8,0.0003
2023-07-16,4.434,4.466,4.3,4.352,24136388.5,0.0003
2023-07-17,4.352,4.478,4.2,4.345,38759960.6,0.0003
2023-07-18,4.345,4.388,4.15,4.279,26950486.3,0.0003
2023-07-19,4.278,4.395,4.212,4.256,23076112.4,0.0003
2023-07-20,4.256,4.585,4.234,4.439,59130115.3,0.0003
2023-07-21,4.438,4.55,4.392,4.473,44675582.9,0.0003
2023-07-22,4.474,4.571,4.37,4.456,33791109.1,0.0003
2023-07-23,4.455,4.673,4.431,4.558,41082330.1,0.0003
2023-07-24,4.558,4.596,4.266,4.52,43718787.8,0.00027108
2023-07-25,4.52,4.549,4.368,4.397,31194811.0,0.00026301
2023-07-26,4.397,4.402,4.241,4.328,38212385.9,0.0001017799999999
2023-07-27,4.328,4.433,4.304,4.428,27663019.9,0.00023192
2023-07-28,4.429,4.485,4.368,4.391,22967557.0,0.0003
2023-07-29,4.392,4.444,4.373,4.418,14492366.0,0.0003
2023-07-30,4.418,4.441,4.17,4.311,23994394.5,0.0003
2023-07-31,4.312,4.363,4.195,4.256,23423839.4,0.0001806
2023-08-01,4.255,4.289,4.064,4.279,25834803.2,0.00021328
2023-08-02,4.279,4.328,4.19,4.259,28762701.8,0.00029501
2023-08-03,4.259,4.295,4.05,4.106,26336236.9,0.0003
2023-08-04,4.105,4.157,4.03,4.093,21692136.6,6.209e-05
2023-08-05,4.093,4.131,4.022,4.101,16043180.8,0.00022001
2023-08-06,4.1,4.178,4.093,4.163,14053648.5,0.00026483
2023-08-07,4.164,4.219,3.97,4.106,24937863.7,0.0003
2023-08-08,4.106,4.218,4.066,4.142,19317084.7,0.00021534
2023-08-09,4.143,4.2,4.102,4.151,15431398.2,0.0003
2023-08-10,4.151,4.162,4.088,4.14,13492212.6,0.0003
2023-08-11,4.139,4.16,4.089,4.108,10263368.2,0.0003
2023-08-12,4.109,4.14,4.093,4.128,8008422.0,0.0003
2023-08-13,4.129,4.176,4.056,4.093,14144052.6,0.0003
2023-08-14,4.093,4.124,4.037,4.074,13616535.1,0.0003
2023-08-15,4.074,4.082,3.603,3.853,35190046.3,0.00027786
2023-08-16,3.852,3.865,3.604,3.727,28421233.9,-9.194e-05
2023-08-17,3.726,3.79,3.0,3.435,46136842.8,7.853e-05
2023-08-18,3.434,3.527,3.415,3.499,24323823.1,-5.157999999999999e-05
2023-08-19,3.499,3.616,3.488,3.566,12312436.0,-0.00015164
2023-08-20,3.567,3.589,3.513,3.563,9865656.1,0.00012367
2023-08-21,3.563,3.577,3.34,3.412,21890199.8,0.00029152
2023-08-22,3.412,3.424,3.2,3.391,23840439.3,-6.3200000000000005e-06
2023-08-23,3.391,3.488,3.361,3.45,19953332.8,0.0003
2023-08-24,3.45,3.466,3.251,3.298,23859109.4,0.00021179
2023-08-25,3.298,3.299,3.178,3.236,24444500.3,-6.445000000000001e-05
2023-08-26,3.236,3.281,3.218,3.257,10605654.3,0.00016279
2023-08-27,3.258,3.318,3.213,3.315,15416894.1,0.00026429
2023-08-28,3.314,3.394,3.267,3.393,37425171.7,0.00014146
2023-08-29,3.394,3.585,3.292,3.498,37412178.4,-9.155e-05
2023-08-30,3.497,3.502,3.356,3.415,16478591.4,0.0003
2023-08-31,3.414,3.443,3.088,3.214,35776845.8,0.0003
2023-09-01,3.214,3.233,3.101,3.172,23137487.8,-7.749999999999999e-06
2023-09-02,3.171,3.237,3.128,3.187,15839819.8,-5.253e-05
2023-09-03,3.187,3.194,3.103,3.166,11791126.8,-0.00019815
2023-09-04,3.165,3.314,3.114,3.174,21208495.3,-1.2499999999999996e-05
2023-09-05,3.175,3.263,3.139,3.235,16152163.5,0.0002203
2023-09-06,3.235,3.331,3.169,3.244,19413778.4,0.00029471
2023-09-07,3.244,3.283,3.2,3.265,13120226.0,0.0003
2023-09-08,3.265,3.286,3.169,3.225,14802865.8,0.00019869
2023-09-09,3.225,3.27,3.21,3.239,8171671.0,0.0003
2023-09-10,3.238,3.245,2.978,3.111,35289922.5,-3.832e-05
2023-09-11,3.112,3.125,2.938,3.023,32991936.3,8.761000000000001e-05
2023-09-12,3.023,3.196,3.015,3.086,25528514.2,-4.665e-05
2023-09-13,3.086,3.229,3.072,3.173,24552939.9,0.0002064899999999
2023-09-14,3.172,3.249,3.151,3.231,16410011.3,0.0001091599999999
2023-09-15,3.23,3.387,3.215,3.365,22504980.6,0.00019476
2023-09-16,3.365,3.459,3.302,3.32,21443476.3,0.00025863
2023-09-17,3.321,3.412,3.23,3.326,25165241.7,0.00020915
2023-09-18,3.327,3.429,3.279,3.329,32161416.2,0.00018584
2023-09-19,3.329,3.41,3.304,3.368,21973345.5,9.349e-05
2023-09-20,3.367,3.412,3.309,3.363,11836920.5,0.00027542
2023-09-21,3.364,3.388,3.178,3.211,24964372.7,0.00017717
2023-09-22,3.211,3.24,3.181,3.222,13074080.3,2.900000000000023e-07
2023-09-23,3.223,3.248,3.189,3.24,10592867.9,0.0003
2023-09-24,3.239,3.267,3.167,3.208,14348192.8,0.00017401
2023-09-25,3.208,3.245,3.16,3.21,14536433.8,0.00028699
2023-09-26,3.21,3.227,3.1,3.169,13684905.1,0.00014233
2023-09-27,3.17,3.285,3.167,3.21,21113510.7,0.0001748699999999
2023-09-28,3.21,3.314,3.207,3.31,20927726.8,0.0003
2023-09-29,3.31,3.37,3.275,3.335,20779248.7,0.00029125
2023-09-30,3.334,3.379,3.303,3.352,13203230.8,0.00029307
2023-10-01,3.352,3.477,3.335,3.464,21626357.1,0.00023881
2023-10-02,3.464,3.467,3.279,3.33,25333822.1,0.00025532
2023-10-03,3.33,3.361,3.279,3.306,14019435.8,0.00029964
2023-10-04,3.307,3.329,3.203,3.308,16690944.7,0.0001942
2023-10-05,3.309,3.327,3.242,3.256,12224779.0,5.568e-05
2023-10-06,3.256,3.37,3.241,3.333,12316883.8,2.0460000000000004e-05
2023-10-07,3.334,3.449,3.318,3.446,19635375.0,0.00026563
2023-10-08,3.446,3.448,3.37,3.393,21960829.8,0.00029428
2023-10-09,3.393,3.427,3.145,3.224,35924908.1,0.00012354
2023-10-10,3.224,3.235,3.162,3.193,14982483.5,-0.00019882
2023-10-11,3.193,3.208,3.095,3.175,16357301.2,-5.936e-05
2023-10-12,3.175,3.239,3.121,3.209,15933402.8,0.00013968
2023-10-13,3.208,3.244,3.17,3.206,12696726.8,0.00011839
2023-10-14,3.207,3.234,3.198,3.211,6119091.4,0.00019801
2023-10-15,3.211,3.237,3.191,3.223,7481809.1,0.0003
2023-10-16,3.224,3.369,3.205,3.248,26661703.7,0.0003
2023-10-17,3.248,3.258,3.113,3.204,17298128.6,0.00021801
2023-10-18,3.203,3.238,3.153,3.171,12451974.4,-2.5299999999999995e-05
2023-10-19,3.171,3.199,3.123,3.19,13413320.3,-7.289e-05
2023-10-20,3.19,3.289,3.171,3.211,17386474.8,0.00020912
2023-10-21,3.211,3.379,3.201,3.34,20279618.1,0.0003
2023-10-22,3.34,3.451,3.302,3.422,26785659.1,0.0003
2023-10-23,3.421,3.95,3.395,3.861,74748972.0,0.00014345
2023-10-24,3.86,3.987,3.668,3.834,76563179.8,0.0003
2023-10-25,3.834,3.982,3.684,3.771,45884308.1,0.0003
2023-10-26,3.771,3.88,3.574,3.735,39783025.8,0.0003
2023-10-27,3.735,3.74,3.507,3.591,26321774.2,0.0003
2023-10-28,3.592,3.754,3.587,3.737,18794103.2,0.0003
2023-10-29,3.737,3.844,3.635,3.795,27356776.5,0.0003
2023-10-30,3.795,3.879,3.726,3.859,27374956.5,0.0003
2023-10-31,3.86,3.95,3.683,3.831,34375276.7,0.00035811
2023-11-01,3.831,4.003,3.706,3.942,36779883.9,0.00043314
2023-11-02,3.942,4.192,3.776,4.095,58973302.3,0.00103471
2023-11-03,4.096,4.1,3.837,3.926,44162400.5,0.0003
2023-11-04,3.926,4.031,3.893,4.006,18408944.3,0.0003
2023-11-05,4.005,4.16,3.982,4.114,29276206.8,0.00057323
2023-11-06,4.114,4.406,4.059,4.345,37142971.0,0.0003
2023-11-07,4.344,4.354,4.075,4.239,33675064.7,0.00045446
2023-11-08,4.24,4.478,4.215,4.436,22093775.6,0.00044937
2023-11-09,4.436,4.701,4.127,4.504,54024650.9,0.00064251
2023-11-10,4.505,4.656,4.373,4.587,32662399.5,0.00057568
2023-11-11,4.586,4.906,4.451,4.743,47390544.5,0.00087895
2023-11-12,4.742,5.274,4.541,5.147,53978322.9,0.00105821
2023-11-13,5.147,5.678,4.998,5.014,127010070.7,0.0012367699999999
2023-11-14,5.014,5.164,4.559,4.794,66088008.3,0.00063599
2023-11-15,4.794,5.291,4.776,5.221,53539097.2,0.00042043
2023-11-16,5.222,5.427,4.75,4.852,57249864.4,0.00067068
2023-11-17,4.852,4.977,4.519,4.738,43225747.9,0.0003
2023-11-18,4.738,4.745,4.383,4.718,34272227.9,0.0003
2023-11-19,4.718,4.921,4.603,4.886,27247267.8,0.0003
2023-11-20,4.886,4.906,4.615,4.69,32754659.0,0.00034614
2023-11-21,4.69,4.745,4.143,4.193,50400436.1,0.0003
2023-11-22,4.194,4.545,4.183,4.473,31639000.7,0.0003
2023-11-23,4.473,4.565,4.413,4.487,19865064.8,0.0003
2023-11-24,4.488,4.714,4.481,4.644,24284300.9,0.0003
2023-11-25,4.643,4.786,4.609,4.78,18891589.4,0.0003
2023-11-26,4.781,4.818,4.446,4.597,27935704.0,0.0003
2023-11-27,4.598,4.648,4.418,4.542,31747230.6,0.0003
2023-11-28,4.543,4.589,4.371,4.536,27784764.2,0.0003
2023-11-29,4.536,4.6,4.409,4.436,24926099.6,0.0003
2023-11-30,4.435,4.454,4.33,4.387,22739354.7,0.0003
2023-12-01,4.387,4.558,4.349,4.51,23573751.6,0.0003
2023-12-02,4.509,4.737,4.497,4.666,26901107.6,0.00048766
2023-12-03,4.666,4.727,4.435,4.577,32884638.1,0.00088402
2023-12-04,4.578,4.858,4.33,4.738,56845224.7,0.00096388
2023-12-05,4.738,4.862,4.551,4.79,48923522.2,0.00060263
2023-12-06,4.791,4.855,4.62,4.743,43431004.5,0.00075587
2023-12-07,4.743,5.085,4.733,5.033,61679027.9,0.00041907
2023-12-08,5.034,5.26,4.938,5.226,38851821.1,0.0008262499999999
2023-12-09,5.226,5.494,5.06,5.132,58785729.3,0.00125382
2023-12-10,5.132,5.235,4.975,5.155,32188167.3,0.00111975
2023-12-11,5.155,5.206,4.353,4.616,80332134.8,0.00051496
2023-12-12,4.616,4.769,4.5,4.654,47652949.3,0.00049038
2023-12-13,4.653,4.774,4.413,4.727,44314007.2,0.00061003
2023-12-14,4.728,4.894,4.56,4.865,39069219.5,0.00036302
2023-12-15,4.866,4.986,4.673,4.81,55035824.9,0.00078616
2023-12-16,4.811,6.199,4.701,5.704,181582553.6,0.00038284
2023-12-17,5.703,5.798,5.243,5.287,127398360.8,0.00072587
2023-12-18,5.287,5.411,4.864,5.306,92450805.3,0.0006429399999999
2023-12-19,5.306,5.453,5.04,5.11,50638991.9,0.00042956
2023-12-20,5.11,5.397,5.069,5.333,44373912.7,0.0004706699999999
2023-12-21,5.333,5.55,5.269,5.504,46047200.7,0.00093082
2023-12-22,5.504,5.8,5.427,5.535,57570719.3,0.0014204999999999
2023-12-23,5.535,5.653,5.279,5.649,35005759.6,0.00115151
2023-12-24,5.648,5.777,5.421,5.642,55201003.8,0.0015493899999999
2023-12-25,5.642,5.9,5.577,5.795,49888265.4,0.00119512
2023-12-26,5.796,5.827,5.218,5.766,63026582.7,0.00171007
2023-12-27,5.765,6.1,5.503,5.937,61236460.3,0.0016695899999999
2023-12-28,5.938,6.311,5.8,6.255,89800583.8,0.00183085
2023-12-29,6.255,6.317,5.66,5.816,81969988.4,0.00130892
2023-12-30,5.816,6.105,5.732,6.011,41561251.3,0.00075818
2023-12-31,6.012,7.47,5.931,6.925,153975840.3,0.0012767
2024-01-01,6.926,8.14,6.738,7.577,178500618.2,0.00169392
2024-01-02,7.578,7.903,7.111,7.182,112037397.8,0.00240289
2024-01-03,7.182,7.75,5.6,6.288,151905665.7,0.00103851
2024-01-04,6.288,6.646,6.156,6.496,60653239.2,0.0003
2024-01-05,6.497,6.551,5.716,6.151,75854895.8,0.0003
2024-01-06,6.151,6.291,5.721,5.889,65548825.2,0.0003
2024-01-07,5.889,6.148,5.5,5.619,56270411.5,0.0003
2024-01-08,5.62,5.895,5.055,5.855,84121287.3,0.0003
2024-01-09,5.856,5.898,5.214,5.489,68937453.3,0.0003
2024-01-10,5.488,6.092,5.259,5.947,62748291.4,0.0003
2024-01-11,5.947,6.505,5.88,6.461,79619322.5,0.0003
2024-01-12,6.461,6.491,5.766,5.977,71037189.8,0.0003
2024-01-13,5.976,6.162,5.71,6.031,35939105.5,0.0003
2024-01-14,6.03,6.265,5.789,5.815,46032943.4,0.0003
2024-01-15,5.814,6.141,5.81,5.926,39165722.5,0.0003
2024-01-16,5.926,5.997,5.726,5.858,37884138.7,0.0003
2024-01-17,5.857,5.91,5.61,5.791,40982004.1,0.0003
2024-01-18,5.791,5.978,5.471,5.616,60168608.5,0.0003
2024-01-19,5.617,5.635,5.125,5.479,54868847.0,0.0003
2024-01-20,5.479,5.553,5.386,5.516,22230296.0,0.0003
2024-01-21,5.515,5.568,5.36,5.366,20188624.2,0.0003
2024-01-22,5.366,5.409,5.01,5.049,54152777.7,0.0003
2024-01-23,5.049,5.14,4.612,4.891,66039466.2,0.0003
2024-01-24,4.892,5.03,4.793,5.009,32199596.9,0.0003
2024-01-25,5.009,5.036,4.823,4.967,25994058.5,0.0003
2024-01-26,4.968,5.233,4.907,5.176,25953650.7,0.0003
2024-01-27,5.175,5.397,5.11,5.33,22553180.0,0.0003
2024-01-28,5.329,5.413,5.124,5.199,25290008.6,0.0003
2024-01-29,5.198,5.371,5.107,5.336,24362510.7,0.0003
2024-01-30,5.336,5.387,5.126,5.156,27230653.6,0.0003
2024-01-31,5.157,5.18,4.888,4.959,36586059.8,0.0003
2024-02-01,4.96,5.005,4.85,4.972,28122936.3,0.0003
2024-02-02,4.973,5.082,4.934,5.045,25337736.1,0.0003
2024-02-03,5.044,5.315,5.022,5.062,41451382.3,0.0003
2024-02-04,5.061,5.067,4.89,4.926,24901072.7,0.0003
2024-02-05,4.925,5.044,4.852,4.996,22865228.1,0.0003
2024-02-06,4.997,5.148,4.93,5.072,22399971.7,0.0003
2024-02-07,5.071,5.198,4.977,5.187,24099914.7,0.0003
2024-02-08,5.187,5.274,5.14,5.225,26157663.2,0.0003
2024-02-09,5.225,5.552,5.215,5.474,50238153.2,0.0003
2024-02-10,5.474,5.501,5.28,5.354,25847924.5,0.0003
2024-02-11,5.354,5.448,5.26,5.311,21866246.8,0.0003
2024-02-12,5.31,5.5,5.208,5.456,32771854.3,0.0003
2024-02-13,5.457,5.549,5.334,5.493,42873481.6,0.00070395
2024-02-14,5.493,5.67,5.446,5.597,31952071.0,0.00073061
2024-02-15,5.597,5.943,5.596,5.874,45408350.9,0.00091107
2024-02-16,5.873,6.0,5.645,5.794,44230726.6,0.00099923
2024-02-17,5.794,6.402,5.707,6.217,100938312.9,0.0009423
2024-02-18,6.216,6.445,6.067,6.284,64564474.4,0.0007578
2024-02-19,6.284,7.816,6.223,7.408,130700348.4,0.00099804
2024-02-20,7.408,8.016,7.026,7.717,220669856.5,0.00141111
2024-02-21,7.718,7.757,6.822,7.245,120469324.0,0.00067818
2024-02-22,7.246,8.487,7.08,8.078,146847418.3,0.00058409
2024-02-23,8.078,8.586,7.803,8.013,148307821.4,0.00101784
2024-02-24,8.014,8.243,7.706,8.095,65563059.8,0.0007936299999999
2024-02-25,8.095,8.633,7.971,8.125,89534841.7,0.00093066
2024-02-26,8.124,8.332,7.816,8.149,70465530.0,0.00094064
2024-02-27,8.149,8.329,7.449,7.672,78235526.5,0.00156235
2024-02-28,7.673,8.186,6.678,7.717,119073892.7,0.0015254399999999
2024-02-29,7.717,8.897,7.562,8.155,116465189.9,0.00174936
2024-03-01,8.156,8.51,7.95,8.208,61874892.2,0.00183378
2024-03-02,8.208,9.52,8.084,9.327,105302380.4,0.00269274
2024-03-03,9.328,10.9,8.501,10.53,137039609.7,0.00270038
2024-03-04,10.529,10.836,9.734,10.03,96337146.0,0.00241916
2024-03-05,10.029,10.544,7.604,8.885,131837398.6,0.0028579599999999
2024-03-06,8.884,10.235,8.497,10.068,85886852.2,0.00087365
2024-03-07,10.068,10.32,9.568,9.938,54435317.6,0.0016271599999999
2024-03-08,9.938,11.824,9.569,11.47,104290721.8,0.00198042
2024-03-09,11.47,11.88,10.908,11.07,53601797.5,0.00283177
2024-03-10,11.071,11.31,10.313,10.693,48887865.0,0.00212707
2024-03-11,10.692,11.399,9.939,11.199,58128728.7,0.00182002
2024-03-12,11.2,11.221,10.0,10.918,64652260.9,0.00203304
2024-03-13,10.919,11.194,10.28,10.635,44155723.9,0.00184746
2024-03-14,10.636,10.78,9.816,10.518,68798134.9,0.00166763
2024-03-15,10.518,10.645,8.91,9.78,85464969.3,0.00108678
2024-03-16,9.781,9.9,8.621,8.844,63368693.2,0.00063836
2024-03-17,8.844,9.365,8.295,9.182,53436440.2,0.00058449
2024-03-18,9.182,9.655,8.622,8.879,64151643.4,0.00065063
2024-03-19,8.879,8.977,7.86,8.004,84175055.4,0.00054104
2024-03-20,8.004,8.746,7.683,8.644,78491525.3,0.00048023
2024-03-21,8.643,9.311,8.565,9.029,62730210.7,0.00060374
2024-03-22,9.03,9.286,8.402,8.732,58358144.2,0.00078216
2024-03-23,8.732,8.967,8.5,8.633,35503827.9,0.00045126
2024-03-24,8.633,8.99,8.518,8.923,27265520.3,0.00050413
2024-03-25,8.922,9.555,8.835,9.383,41296070.7,0.00050717
2024-03-26,9.384,9.742,9.182,9.448,49648005.9,0.0009042
2024-03-27,9.448,9.636,8.905,9.132,51130538.8,0.00116078
2024-03-28,9.131,9.384,8.974,9.311,28445633.2,0.00129377
2024-03-29,9.311,10.262,9.204,9.658,68385992.2,0.00130403
2024-03-30,9.659,9.969,9.405,9.448,35635040.9,0.0015444399999999
2024-03-31,9.448,9.996,9.409,9.971,24546566.0,0.00150982
2024-04-01,9.972,10.423,9.032,9.383,71011206.2,0.00150867
2024-04-02,9.384,9.385,8.469,8.582,62534462.2,0.00035771
2024-04-03,8.582,8.8,8.255,8.426,46945349.2,0.00039493
2024-04-04,8.427,8.845,8.212,8.639,35717567.5,0.00044377
2024-04-05,8.639,8.665,8.093,8.4,36746466.7,0.00034497
2024-04-06,8.399,8.69,8.346,8.588,19235134.3,0.0004672
2024-04-07,8.588,8.9,8.566,8.84,20481990.7,0.0004199
2024-04-08,8.84,9.356,8.664,9.316,28487929.9,0.00068344
2024-04-09,9.316,9.347,8.61,8.665,45005603.3,0.00070697
2024-04-10,8.665,8.725,8.183,8.499,43127159.1,0.00041938
2024-04-11,8.498,8.612,7.964,8.057,39071269.2,0.00034325
2024-04-12,8.057,8.228,5.45,6.608,86872662.3,0.00038394
2024-04-13,6.607,6.73,4.912,5.718,149490145.3,0.0003
2024-04-14,5.718,6.239,5.461,6.149,107012791.5,0.00016958
2024-04-15,6.15,6.538,5.657,6.002,88013688.1,0.0002966
2024-04-16,6.003,6.125,5.691,6.072,70923700.8,0.0001122
2024-04-17,6.073,6.109,5.594,5.841,62605715.6,7.748e-05
2024-04-18,5.841,6.05,5.704,5.992,45950092.3,0.0001938
2024-04-19,5.993,6.286,5.522,6.143,62368660.6,0.00026222
2024-04-20,6.143,6.695,6.055,6.645,36108006.4,0.00020993
2024-04-21,6.645,6.76,6.327,6.475,37357173.6,0.00019115
2024-04-22,6.474,6.724,6.405,6.567,36903147.2,0.0001692
2024-04-23,6.567,6.659,6.327,6.384,35035627.1,0.00020011
2024-04-24,6.385,6.537,5.971,6.046,57338920.7,0.00021136
2024-04-25,6.045,6.114,5.822,5.99,44564643.5,0.0001877799999999
2024-04-26,5.991,6.114,5.821,6.004,33367340.8,8.242000000000001e-05
2024-04-27,6.003,6.023,5.662,5.92,41842780.3,8.825e-05
2024-04-28,5.92,6.127,5.857,5.897,26409694.6,0.0003
2024-04-29,5.897,5.988,5.72,5.92,41254007.1,0.00027926
2024-04-30,5.92,5.995,5.417,5.622,58698635.9,9.213e-05
2024-05-01,5.622,5.778,5.194,5.713,64510662.1,0.00015997
2024-05-02,5.713,6.028,5.546,5.926,37302435.8,0.0003
2024-05-03,5.927,6.143,5.826,6.042,29868836.3,0.0003
2024-05-04,6.042,6.212,5.992,6.054,24415376.5,0.00022334
2024-05-05,6.054,6.299,5.942,6.153,29853263.9,0.00025789
2024-05-06,6.152,6.418,6.011,6.024,41273629.9,0.0002907
2024-05-07,6.025,6.133,5.76,5.77,35785154.9,0.0003
2024-05-08,5.77,5.816,5.6,5.702,37812512.2,0.00015389
2024-05-09,5.701,5.933,5.681,5.917,28888657.2,0.00022531
2024-05-10,5.917,5.974,5.559,5.62,39970341.8,0.00020523
2024-05-11,5.619,5.686,5.539,5.607,21579221.5,0.00017455
2024-05-12,5.607,5.696,5.552,5.603,17114608.3,0.00024039
2024-05-13,5.602,5.713,5.361,5.601,37470523.0,0.000227
2024-05-14,5.601,5.621,5.315,5.347,29745279.0,0.00027098
2024-05-15,5.347,5.841,5.27,5.783,33593359.5,0.0001849199999999
2024-05-16,5.783,5.938,5.615,5.75,30917311.8,0.0003
2024-05-17,5.75,5.988,5.682,5.88,22414048.2,0.0003
2024-05-18,5.879,5.986,5.802,5.848,18474835.4,0.0003
2024-05-19,5.847,5.963,5.475,5.549,30942689.0,0.00029085
2024-05-20,5.549,6.206,5.479,6.171,50780481.2,4.2810000000000005e-05
2024-05-21,6.17,6.36,6.055,6.24,42503008.1,0.0003
2024-05-22,6.24,6.302,5.963,6.122,36701425.0,0.00036937
2024-05-23,6.122,6.24,5.495,5.797,59710968.7,0.00036499
2024-05-24,5.797,5.899,5.655,5.823,32188554.8,0.0003
2024-05-25,5.823,6.052,5.811,6.009,21576987.5,0.0003
2024-05-26,6.009,6.046,5.811,5.858,23688380.0,0.0003
2024-05-27,5.857,6.25,5.841,6.119,28167404.1,0.00040475
2024-05-28,6.12,6.136,5.826,5.945,33108808.7,0.00032497
2024-05-29,5.944,6.054,5.757,5.788,33628185.7,0.00052197
2024-05-30,5.788,5.934,5.634,5.813,31207532.2,0.00030836
2024-05-31,5.813,5.859,5.642,5.737,25689565.1,0.00035961
2024-06-01,5.738,5.822,5.71,5.8,11775016.8,0.00037562
2024-06-02,5.799,5.874,5.694,5.812,22141914.0,0.00050532
2024-06-03,5.812,5.964,5.747,5.79,24853305.1,0.00041292
2024-06-04,5.791,6.057,5.713,5.965,28294496.9,0.00040191
2024-06-05,5.965,6.107,5.946,6.08,24803452.6,0.00071599
2024-06-06,6.08,6.099,5.843,5.961,25277752.4,0.00058595
2024-06-07,5.961,6.757,5.69,6.118,113155087.1,0.0005470399999999
2024-06-08,6.118,6.473,5.963,6.053,91925438.9,0.0003
2024-06-09,6.053,6.37,6.01,6.128,49700887.9,0.0003
2024-06-10,6.128,6.153,5.72,5.793,53253558.6,0.0003
2024-06-11,5.793,5.819,5.283,5.383,61110658.8,0.0003
2024-06-12,5.383,5.753,5.212,5.654,62128448.8,0.0003
2024-06-13,5.654,5.697,5.288,5.383,39433302.8,0.0003
2024-06-14,5.383,5.468,4.939,5.09,45927778.8,0.0003
2024-06-15,5.09,5.363,5.082,5.227,29264594.2,0.00025561
2024-06-16,5.227,5.294,5.126,5.24,18872142.0,0.0003
2024-06-17,5.24,5.278,4.698,4.926,52681214.6,0.0003
2024-06-18,4.927,4.943,4.025,4.348,94963181.1,4.129e-05
2024-06-19,4.348,4.495,4.292,4.438,34045700.5,7.771000000000001e-05
2024-06-20,4.438,4.618,4.312,4.407,36248933.6,0.0002313
2024-06-21,4.406,4.449,4.267,4.398,36975788.2,0.0003
2024-06-22,4.398,4.445,4.341,4.377,15712918.1,0.0003
2024-06-23,4.377,4.476,4.218,4.285,27395902.9,0.0003
2024-06-24,4.285,4.412,3.994,4.397,63200666.2,0.00021491
2024-06-25,4.397,4.521,4.357,4.443,24895119.6,0.0003
2024-06-26,4.443,4.498,4.308,4.395,22718880.2,0.0003
2024-06-27,4.395,4.53,4.28,4.504,23933666.0,0.0003
2024-06-28,4.504,4.582,4.377,4.381,26669741.8,0.0003
2024-06-29,4.381,4.45,4.318,4.347,15086349.8,0.0003
2024-06-30,4.348,4.502,4.296,4.477,19889353.5,0.0003
2024-07-01,4.478,4.559,4.322,4.326,28424143.4,0.0003
2024-07-02,4.326,4.461,4.303,4.418,22754529.1,0.00027052
2024-07-03,4.418,4.438,4.036,4.102,44043490.4,0.0003
2024-07-04,4.102,4.133,3.763,3.779,62185641.1,0.00020308
2024-07-05,3.779,3.789,3.237,3.54,103611542.0,-0.0001498599999999
2024-07-06,3.54,4.017,3.501,3.976,40915679.7,0.0002094
2024-07-07,3.976,3.976,3.607,3.634,43242024.1,0.0003
2024-07-08,3.635,3.942,3.448,3.815,69764872.6,8.33e-05
2024-07-09,3.815,3.96,3.749,3.91,30398730.5,0.0002231299999999
2024-07-10,3.91,3.993,3.833,3.969,29905443.2,0.0003
2024-07-11,3.97,4.234,3.936,4.08,52307553.6,0.00025529
2024-07-12,4.08,4.146,3.951,4.121,42332468.3,0.00014999
2024-07-13,4.121,4.316,4.085,4.281,32159643.1,0.00019159
2024-07-14,4.282,4.347,4.181,4.271,23303560.5,0.00022225
2024-07-15,4.27,4.461,4.204,4.44,40993286.7,0.00019884
2024-07-16,4.441,4.624,4.232,4.532,61358429.0,0.0003
2024-07-17,4.532,4.838,4.48,4.552,55370510.3,0.0003
2024-07-18,4.553,4.655,4.304,4.384,42082010.0,0.0003
2024-07-19,4.384,4.708,4.286,4.653,42686392.8,0.00019212
2024-07-20,4.653,4.783,4.57,4.707,29472712.3,0.00025239
2024-07-21,4.707,4.799,4.487,4.776,33774744.2,0.00023088
2024-07-22,4.776,4.821,4.477,4.506,37179010.2,0.0002763
2024-07-23,4.507,4.603,4.329,4.451,37876616.2,0.00021861
2024-07-24,4.45,4.543,4.205,4.265,28680181.6,0.0003
2024-07-25,4.265,4.287,4.035,4.197,47318920.6,-3.407e-05
2024-07-26,4.197,4.71,4.184,4.643,34478608.8,0.0001836
2024-07-27,4.643,4.671,4.514,4.574,27909129.6,0.0003
2024-07-28,4.574,4.645,4.391,4.441,18243618.5,0.0003
2024-07-29,4.441,4.646,4.4,4.439,32756920.2,0.00023998
2024-07-30,4.44,4.534,4.235,4.329,29110492.2,0.0003
2024-07-31,4.33,4.376,4.165,4.206,28085700.5,0.00010815
2024-08-01,4.207,4.296,3.861,4.161,56168984.5,0.00025301
2024-08-02,4.161,4.196,3.815,3.869,54609574.9,0.00018717
2024-08-03,3.869,3.954,3.589,3.687,48639077.2,0.00028009
2024-08-04,3.686,3.772,3.362,3.53,50072498.5,4.211e-05
2024-08-05,3.53,3.566,2.855,3.235,177729375.6,4.158e-05
2024-08-06,3.235,3.588,3.228,3.497,58323315.3,-5.869999999999996e-06
2024-08-07,3.496,3.564,3.313,3.353,50728264.4,0.00016447
2024-08-08,3.353,3.833,3.296,3.831,49157838.8,0.00021238
2024-08-09,3.831,3.858,3.691,3.762,31379222.4,0.00026651
2024-08-10,3.762,3.821,3.725,3.776,18178738.7,0.0002268999999999
2024-08-11,3.775,3.851,3.446,3.487,33679582.7,-4.805e-05
2024-08-12,3.487,3.793,3.467,3.732,43655005.3,3.797e-05
2024-08-13,3.732,3.772,3.591,3.704,33338616.2,0.0001727
2024-08-14,3.703,3.731,3.531,3.581,27369436.5,0.00010479
2024-08-15,3.581,3.678,3.427,3.499,35109907.1,0.0003
2024-08-16,3.5,3.581,3.405,3.498,33576301.1,5.673e-05
2024-08-17,3.498,3.584,3.482,3.567,12804704.1,0.00021932
2024-08-18,3.567,3.628,3.506,3.546,17153587.7,0.00016519
2024-08-19,3.546,3.635,3.527,3.622,22387744.5,0.00022003
2024-08-20,3.622,3.703,3.55,3.649,25441804.4,0.00022199
2024-08-21,3.649,3.836,3.605,3.792,30427691.8,0.0003
2024-08-22,3.793,3.953,3.756,3.945,25225060.9,0.00023909
2024-08-23,3.945,4.29,3.94,4.225,38609286.8,0.00018808
2024-08-24,4.224,4.336,4.165,4.242,24940990.3,0.00014484
2024-08-25,4.241,4.262,4.053,4.157,28748280.3,0.0003
2024-08-26,4.157,4.191,3.881,3.927,35402684.9,0.00024291
2024-08-27,3.927,4.046,3.613,3.717,42687978.4,0.00012043
2024-08-28,3.717,3.827,3.551,3.643,47614864.7,-1.3459999999999996e-05
2024-08-29,3.642,3.797,3.589,3.641,25588807.7,-1.113e-05
2024-08-30,3.641,3.71,3.45,3.638,31374010.2,4.61e-05
2024-08-31,3.639,3.669,3.529,3.566,14405215.3,0.00027487
2024-09-01,3.566,3.579,3.303,3.358,38113375.2,9.095e-05
2024-09-02,3.357,3.522,3.312,3.488,37898526.5,-0.0002691
2024-09-03,3.489,3.555,3.34,3.351,28920529.0,3.609e-05
2024-09-04,3.351,3.468,3.16,3.391,39571438.8,0.00012998
2024-09-05,3.391,3.426,3.312,3.356,25077756.5,8.844e-05
2024-09-06,3.357,3.416,3.141,3.271,52337033.4,0.00022285
2024-09-07,3.271,3.372,3.267,3.347,16866278.3,-5.070000000000004e-06
2024-09-08,3.348,3.442,3.317,3.405,18386462.7,0.00022538
2024-09-09,3.405,3.675,3.366,3.599,33792774.6,0.0002662
2024-09-10,3.599,3.691,3.538,3.657,22672864.0,0.00017407
2024-09-11,3.657,3.663,3.481,3.6,31680598.9,0.00025563
2024-09-12,3.599,3.681,3.573,3.655,22041776.0,0.00019278
2024-09-13,3.655,3.769,3.618,3.724,27119704.9,0.00027709
2024-09-14,3.724,3.743,3.634,3.66,16523441.0,9.151e-05
2024-09-15,3.659,3.684,3.407,3.445,28213755.5,-1.4529999999999998e-05
2024-09-16,3.445,3.477,3.357,3.412,26796072.7,-0.00011553
2024-09-17,3.411,3.531,3.383,3.462,22321032.3,-0.0001544
2024-09-18,3.462,3.618,3.36,3.614,30449376.0,-2.98e-05
2024-09-19,3.614,3.754,3.613,3.685,27324561.2,0.0003
2024-09-20,3.686,3.839,3.651,3.775,29341373.8,0.0003
2024-09-21,3.776,3.882,3.695,3.863,18717099.1,0.0003
2024-09-22,3.863,3.873,3.601,3.72,29153600.4,0.00020361
2024-09-23,3.72,3.809,3.653,3.757,30667586.2,0.00018324
2024-09-24,3.757,3.88,3.693,3.854,31400843.1,0.00027974
2024-09-25,3.854,4.044,3.85,3.939,36147406.0,0.0003
2024-09-26,3.94,4.146,3.877,4.1,38584307.7,0.00024232
2024-09-27,4.101,4.291,4.093,4.195,32203871.1,0.0003
2024-09-28,4.195,4.223,4.017,4.124,23215471.0,0.0003
2024-09-29,4.125,4.156,4.01,4.081,18733088.6,0.0003
2024-09-30,4.081,4.098,3.776,3.809,38406364.1,0.00026343
2024-10-01,3.809,3.94,3.428,3.553,56524837.5,0.00014454
2024-10-02,3.554,3.684,3.441,3.534,34300129.3,-0.00011758
2024-10-03,3.534,3.653,3.42,3.572,41401752.1,-0.00010145
2024-10-04,3.572,3.654,3.543,3.644,20214979.7,-9.521e-05
2024-10-05,3.645,3.677,3.553,3.613,15204792.9,0.00023264
2024-10-06,3.614,3.713,3.603,3.698,14589123.5,0.0003
2024-10-07,3.698,3.813,3.681,3.71,28535875.3,0.0003
2024-10-08,3.71,3.776,3.586,3.626,25984439.5,0.0003
2024-10-09,3.626,3.676,3.454,3.499,24587230.6,0.0003
2024-10-10,3.498,3.539,3.431,3.535,23551768.2,7.97e-05
2024-10-11,3.536,3.615,3.502,3.585,19871496.9,0.00020999
2024-10-12,3.585,3.655,3.571,3.611,15868492.5,0.00028843
2024-10-13,3.611,3.626,3.475,3.566,20295787.8,0.00018634
2024-10-14,3.567,3.9,3.528,3.856,32183407.6,0.00021678
2024-10-15,3.857,3.933,3.686,3.802,43902307.7,0.0003
2024-10-16,3.802,3.828,3.694,3.75,20582423.5,0.0003
2024-10-17,3.75,3.77,3.6,3.64,26407905.8,0.00026684
2024-10-18,3.64,3.781,3.622,3.775,18859282.0,0.0003
2024-10-19,3.776,3.822,3.7,3.766,14373201.4,0.0003
2024-10-20,3.766,4.017,3.708,3.983,26321681.7,0.0003
2024-10-21,3.983,4.021,3.779,3.85,26381661.1,0.0003
2024-10-22,3.85,3.911,3.726,3.804,24214053.0,0.0003
2024-10-23,3.803,3.813,3.602,3.692,21739391.0,0.0003
2024-10-24,3.692,3.77,3.647,3.739,14815838.5,0.0003
2024-10-25,3.738,3.75,3.268,3.439,36124561.2,0.0003
2024-10-26,3.439,3.488,3.371,3.467,19292281.0,-0.0002165
2024-10-27,3.467,3.603,3.452,3.563,13081543.8,0.00012043
2024-10-28,3.563,3.67,3.483,3.624,24529651.6,0.00014978
2024-10-29,3.623,3.743,3.603,3.708,21535382.7,0.0003
2024-10-30,3.708,3.791,3.663,3.723,21741298.3,0.0003
2024-10-31,3.723,3.741,3.487,3.533,23846197.7,0.0003
2024-11-01,3.533,3.587,3.421,3.469,24467063.3,0.0003
2024-11-02,3.469,3.508,3.388,3.43,13152380.9,0.0003
2024-11-03,3.429,3.438,3.236,3.339,26693202.0,0.00012441
2024-11-04,3.338,3.406,3.197,3.273,22842231.3,-5.868e-05
2024-11-05,3.272,3.432,3.267,3.389,21971007.9,0.00026691
2024-11-06,3.39,3.754,3.389,3.711,38754924.4,0.0003
2024-11-07,3.711,3.829,3.671,3.771,25029034.7,0.0003
2024-11-08,3.771,3.968,3.68,3.915,44395717.0,0.0003
2024-11-09,3.916,4.08,3.787,4.054,32544530.7,0.0003
2024-11-10,4.054,4.427,3.997,4.27,62470441.7,0.00053614
2024-11-11,4.27,4.419,4.118,4.415,54173800.5,0.00052503
2024-11-12,4.415,4.66,4.097,4.225,77981412.0,0.00092662
2024-11-13,4.225,4.299,3.854,4.079,76289551.8,0.00041733
2024-11-14,4.08,4.216,3.801,3.859,47608222.3,0.00050902
2024-11-15,3.859,4.26,3.782,4.204,52225509.8,0.0003
2024-11-16,4.203,4.828,4.152,4.75,66047022.1,0.0003
2024-11-17,4.75,4.883,4.253,4.347,65293922.1,0.00039468
2024-11-18,4.348,4.656,4.321,4.538,59680431.9,0.00051534
2024-11-19,4.539,4.591,4.286,4.436,37047280.1,0.00045782
2024-11-20,4.435,4.535,4.118,4.246,46737232.2,0.0003
2024-11-21,4.247,4.671,4.078,4.535,59538350.9,0.0003
2024-11-22,4.535,4.973,4.457,4.938,62023446.6,0.00060278
2024-11-23,4.939,5.674,4.839,5.374,113130113.0,0.00057042
2024-11-24,5.374,6.141,5.183,5.726,126850340.9,0.00055754
2024-11-25,5.727,5.865,5.353,5.459,83989342.6,0.00046421
2024-11-26,5.458,5.772,5.161,5.437,72294339.1,0.0004219
2024-11-27,5.437,5.852,5.293,5.815,55141683.7,0.00050452
2024-11-28,5.815,5.904,5.513,5.814,48321484.6,0.00060997
2024-11-29,5.814,6.175,5.626,6.146,48258292.2,0.0008012399999999
2024-11-30,6.147,7.33,6.068,7.081,92822080.2,0.0006471399999999
2024-12-01,7.08,7.1,6.654,6.87,64185249.6,0.00056379
2024-12-02,6.869,7.499,6.624,7.288,130340586.1,0.00088656
2024-12-03,7.288,7.65,6.685,7.313,117331197.1,0.00081801
2024-12-04,7.314,8.436,7.301,8.091,130822156.1,0.00119773
2024-12-05,8.092,8.289,7.447,7.699,95825091.1,0.00107976
2024-12-06,7.699,8.308,7.589,8.082,65800843.0,0.00102202
2024-12-07,8.082,8.094,7.708,7.83,41119818.1,0.00103554
2024-12-08,7.829,7.96,7.581,7.878,34775281.6,0.00104174
2024-12-09,7.878,7.879,5.444,6.267,113817052.6,0.00085203
2024-12-10,6.267,6.475,5.679,6.2,93958065.4,0.0003
2024-12-11,6.2,6.787,5.943,6.68,48974416.0,0.0003
2024-12-12,6.681,7.152,6.61,6.732,56378876.0,0.000265
2024-12-13,6.733,6.854,6.514,6.75,39723627.1,0.0003
2024-12-14,6.75,6.852,6.26,6.432,37356043.7,0.0003
2024-12-15,6.433,6.786,6.313,6.737,35784064.8,0.0003
2024-12-16,6.736,6.944,6.445,6.532,44672095.3,0.0003
2024-12-17,6.532,6.659,6.216,6.288,44122288.5,0.0003
2024-12-18,6.289,6.341,5.518,5.646,71141262.1,0.0003
2024-12-19,5.646,5.736,4.92,5.083,98925889.4,0.00014961
2024-12-20,5.084,5.32,4.378,5.208,104325253.2,0.00021719
2024-12-21,5.207,5.479,4.843,4.917,66880049.1,0.0003
2024-12-22,4.918,5.058,4.689,4.83,49396031.7,0.0003
2024-12-23,4.83,5.26,4.718,5.195,51146142.8,0.00014326
2024-12-24,5.194,5.57,5.037,5.46,38948735.2,0.0003
2024-12-25,5.46,5.499,5.227,5.292,28398193.3,0.0003
2024-12-26,5.292,5.362,4.901,4.976,38553891.7,0.00028826
2024-12-27,4.975,5.201,4.888,4.95,35983072.7,8.752e-05
2024-12-28,4.95,5.283,4.902,5.21,26157792.9,0.00025376
2024-12-29,5.21,5.239,4.912,4.954,24852020.5,0.0003
2024-12-30,4.954,5.184,4.749,4.925,44471457.9,4.529e-05
2024-12-31,4.926,5.137,4.805,4.952,26981628.1,0.00027248
2025-01-01,4.952,5.196,4.846,5.121,29494074.9,0.0003
2025-01-02,5.121,5.368,5.12,5.305,31523610.2,0.0003
2025-01-03,5.306,5.754,5.239,5.664,36572652.8,0.0003
2025-01-04,5.664,5.733,5.561,5.639,22893691.2,0.0003
2025-01-05,5.639,5.972,5.5,5.911,30240521.2,0.0003
2025-01-06,5.911,6.295,5.783,5.983,71120069.7,0.0003
2025-01-07,5.984,6.105,5.328,5.349,58746927.7,0.0003
2025-01-08,5.35,5.486,4.885,5.107,59363113.4,0.00029503
2025-01-09,5.106,5.188,4.907,5.05,44740037.6,6.19e-05
2025-01-10,5.05,5.262,5.009,5.208,37053764.7,0.00020971
2025-01-11,5.207,5.314,5.1,5.201,17519730.3,0.00023907
2025-01-12,5.201,5.235,5.014,5.086,18141345.9,0.00029921
2025-01-13,5.086,5.229,4.6,4.918,60173926.9,-6.986e-05
2025-01-14,4.918,5.247,4.902,5.21,28218166.4,1.4540000000000005e-05
2025-01-15,5.21,5.676,5.11,5.653,43171399.0,0.0003
2025-01-16,5.653,5.789,5.386,5.615,47638303.5,0.0003
2025-01-17,5.616,5.953,5.615,5.83,34037048.5,0.0003
2025-01-18,5.83,5.87,5.32,5.444,47212642.6,0.00021755
2025-01-19,5.443,5.617,4.83,4.978,71455169.6,0.0003
2025-01-20,4.977,5.495,4.825,5.104,81472918.6,0.0003
2025-01-21,5.104,5.349,4.882,5.255,37240156.1,0.0003
2025-01-22,5.255,5.306,4.96,5.0,24197702.9,0.0003
2025-01-23,4.999,5.146,4.858,5.061,34296211.5,0.0003
2025-01-24,5.062,5.201,4.894,5.013,26748647.3,0.0003
2025-01-25,5.013,5.078,4.923,4.981,17551556.9,0.0003
2025-01-26,4.981,5.188,4.849,4.858,21916186.1,0.0003
2025-01-27,4.858,4.863,4.337,4.657,67535079.1,4.628e-05
2025-01-28,4.657,4.724,4.322,4.384,31596058.3,0.0003
2025-01-29,4.384,4.647,4.363,4.511,29694280.8,0.0003
2025-01-30,4.511,4.897,4.472,4.807,23410494.7,0.00027166
2025-01-31,4.806,4.961,4.679,4.811,29311856.1,0.0003
2025-02-01,4.811,4.874,4.325,4.37,26763025.6,0.0003
2025-02-02,4.37,4.463,3.3,3.6,93627692.4,3.816e-05
2025-02-03,3.601,3.602,2.58,3.505,164622688.1,-0.00045902
2025-02-04,3.505,3.522,3.116,3.333,76832623.0,2.1240000000000007e-05
2025-02-05,3.333,3.382,3.188,3.24,37478844.2,0.00023206
2025-02-06,3.239,3.355,3.081,3.118,49633425.2,0.00013453
2025-02-07,3.118,3.381,3.071,3.185,48473955.6,1.964000000000001e-05
2025-02-08,3.184,3.325,3.144,3.302,25215868.1,-1.0400000000000002e-05
2025-02-09,3.302,3.386,3.154,3.308,29174177.7,0.0003
2025-02-10,3.309,3.468,3.187,3.427,36313566.9,0.00019069
2025-02-11,3.427,3.535,3.264,3.336,34498352.5,6.156e-05
2025-02-12,3.337,3.53,3.171,3.477,45222788.9,9.215e-05
2025-02-13,3.477,3.51,3.341,3.401,29450176.2,0.00024497
2025-02-14,3.402,3.628,3.384,3.526,29346908.5,0.00020042
2025-02-15,3.526,3.568,3.377,3.414,20024751.2,0.00010849
2025-02-16,3.413,3.487,3.356,3.396,23814112.7,-0.00029271
2025-02-17,3.396,3.512,3.309,3.434,35048694.7,0.00012559
2025-02-18,3.434,3.437,3.129,3.228,51631052.0,-0.0004119799999999
2025-02-19,3.228,3.343,3.189,3.323,28671412.8,7.950000000000001e-05
2025-02-20,3.324,3.527,3.313,3.492,34334049.0,0.0003
2025-02-21,3.493,3.606,3.251,3.319,51804611.3,0.0003
2025-02-22,3.318,3.454,3.299,3.431,24691425.0,0.00018552
2025-02-23,3.432,3.506,3.372,3.411,23489993.6,0.0003
2025-02-24,3.411,3.436,2.934,3.014,63174096.4,-0.00020719
2025-02-25,3.014,3.179,2.798,3.14,99699831.9,-0.00038818
2025-02-26,3.141,3.221,3.005,3.147,55126799.8,2.2730000000000008e-05
2025-02-27,3.147,3.344,3.126,3.261,41771676.8,0.0003
2025-02-28,3.26,3.329,2.992,3.249,73008707.6,2.3150000000000007e-05
2025-03-01,3.249,3.297,3.134,3.241,28157514.8,0.0003
2025-03-02,3.241,3.596,3.18,3.564,54134747.0,0.00029467
2025-03-03,3.563,3.584,2.996,3.068,75752278.2,0.00014835
2025-03-04,3.068,3.084,2.764,3.014,92875681.2,-0.0002245
2025-03-05,3.014,3.18,2.973,3.134,37411369.9,0.00016644
2025-03-06,3.134,3.201,3.041,3.085,33282314.2,0.00028197
2025-03-07,3.085,3.224,2.905,3.114,56305793.1,0.00022938
2025-03-08,3.115,3.163,3.031,3.101,26330321.2,-0.00015702
2025-03-09,3.102,3.123,2.736,2.785,51224139.1,-0.00040624
2025-03-10,2.786,2.974,2.589,2.642,66177182.6,-2.590000000000002e-05
2025-03-11,2.642,2.806,2.436,2.741,74702895.4,-0.00013142
2025-03-12,2.741,2.868,2.67,2.787,43935163.0,0.00026282
2025-03-13,2.786,2.838,2.663,2.747,37692007.9,0.0003
2025-03-14,2.747,2.916,2.737,2.883,28177569.5,0.00029705
2025-03-15,2.883,2.979,2.856,2.947,19531758.6,0.00015587
2025-03-16,2.947,2.954,2.812,2.833,30929604.1,0.00016412
2025-03-17,2.832,3.081,2.831,3.021,33205826.9,0.00016244
2025-03-18,3.021,3.03,2.817,2.923,52745324.6,0.00018075
2025-03-19,2.923,3.095,2.915,3.086,37149740.3,0.00016023
2025-03-20,3.086,3.105,2.972,3.047,32339658.0,0.00026508
2025-03-21,3.048,3.069,2.867,2.916,29502781.2,9.746e-05
2025-03-22,2.916,3.057,2.911,2.989,23723795.8,0.00026045
2025-03-23,2.988,3.03,2.963,3.025,16837393.7,6.670000000000001e-05
2025-03-24,3.024,3.21,2.994,3.127,36549114.1,0.0002316
2025-03-25,3.127,3.156,3.086,3.13,21708584.4,0.00024356
2025-03-26,3.13,3.209,3.001,3.025,35284662.6,0.00026798
2025-03-27,3.026,3.109,2.956,3.02,28802578.4,0.00027231
2025-03-28,3.02,3.047,2.777,2.827,39968701.3,-5.502e-05
2025-03-29,2.826,2.851,2.695,2.743,33155728.4,-0.00023063
2025-03-30,2.744,2.796,2.701,2.753,24425655.1,-6.832999999999999e-05
2025-03-31,2.754,2.811,2.696,2.776,31028303.4,1.4880000000000008e-05
2025-04-01,2.777,2.942,2.773,2.836,37581939.1,0.00018398
2025-04-02,2.836,2.906,2.644,2.699,53057022.2,0.0001692
2025-04-03,2.699,2.783,2.603,2.73,39640259.3,0.00018553
2025-04-04,2.731,3.463,2.682,2.765,154792887.3,-0.0001123299999999
2025-04-05,2.764,2.776,2.652,2.695,36325981.3,0.00014778
2025-04-06,2.696,2.708,2.323,2.374,91276692.4,0.00025495
2025-04-07,2.374,2.467,2.111,2.368,160502864.0,6.239e-05
2025-04-08,2.368,2.42,2.242,2.263,62948817.2,6.412e-05
2025-04-09,2.264,2.535,2.173,2.473,90370029.5,0.00014081
2025-04-10,2.472,2.481,2.301,2.346,51637791.4,0.00025972
2025-04-11,2.346,2.471,2.33,2.452,36597157.5,0.00012907
2025-04-12,2.453,2.586,2.416,2.56,34922521.9,0.00022407
2025-04-13,2.559,2.574,2.438,2.492,41523825.3,0.00025494
2025-04-14,2.492,2.6,2.485,2.53,52520120.4,0.00013843
2025-04-15,2.529,2.538,2.4,2.414,41266474.5,2.190000000000001e-06
2025-04-16,2.415,2.443,2.346,2.386,55679276.4,5.734999999999999e-05
2025-04-17,2.386,2.422,2.322,2.381,35934399.3,0.00012278
2025-04-18,2.382,2.492,2.364,2.453,29831912.6,0.00017101
2025-04-19,2.453,2.659,2.45,2.636,32733017.7,0.0003
2025-04-20,2.636,2.686,2.567,2.647,35896341.7,0.0003
2025-04-21,2.647,2.716,2.58,2.608,35254806.7,0.0003
2025-04-22,2.609,2.724,2.48,2.711,71258205.2,-0.00029056
2025-04-23,2.712,2.817,2.672,2.789,63306902.4,0.00026619
2025-04-24,2.789,2.861,2.659,2.858,55418254.7,0.0003
2025-04-25,2.858,2.909,2.796,2.857,51271466.7,0.00022186
2025-04-26,2.857,2.928,2.813,2.86,35028200.4,0.0003
2025-04-27,2.86,2.886,2.667,2.704,54476297.0,-1.1270000000000006e-05
2025-04-28,2.704,2.807,2.644,2.765,53906843.2,8.991000000000001e-05
2025-04-29,2.766,2.838,2.702,2.739,37306756.8,0.0003
2025-04-30,2.739,2.809,2.667,2.767,34380832.4,9.697e-05
2025-05-01,2.767,2.863,2.745,2.839,32038851.7,0.0001118
2025-05-02,2.839,2.899,2.755,2.802,31703697.0,0.00014781
2025-05-03,2.801,2.806,2.608,2.648,43031131.5,3.6140000000000017e-05
2025-05-04,2.647,2.682,2.604,2.628,26054794.6,-0.00025805
2025-05-05,2.629,2.688,2.566,2.61,32444834.7,-2.757e-05
2025-05-06,2.61,2.627,2.48,2.586,38593041.9,-4.714e-05
2025-05-07,2.586,2.616,2.517,2.584,35051416.2,0.00025799
2025-05-08,2.585,2.955,2.58,2.929,51203527.6,0.0003
2025-05-09,2.929,3.091,2.923,3.022,57913807.8,0.0003
2025-05-10,3.022,3.26,2.993,3.243,53381223.1,0.0003
2025-05-11,3.243,3.307,3.077,3.14,56354030.8,0.00022512
2025-05-12,3.14,3.299,2.988,3.138,71652628.9,0.0003
2025-05-13,3.138,3.262,2.941,3.218,57355201.0,0.00029351
2025-05-14,3.217,3.289,3.021,3.049,48362172.7,0.00019328
2025-05-15,3.049,3.081,2.876,2.935,68111763.3,1.2180000000000002e-05
2025-05-16,2.935,3.022,2.844,2.876,43399495.8,0.00024219
2025-05-17,2.876,2.888,2.737,2.783,54551655.9,0.00020563
2025-05-18,2.783,2.985,2.722,2.911,63979242.9,4.895e-05
2025-05-19,2.91,2.932,2.727,2.859,56629986.1,0.00017276
2025-05-20,2.859,2.924,2.759,2.863,42588370.6,0.00028997
2025-05-21,2.863,3.001,2.812,2.942,58140269.7,0.0003
2025-05-22,2.943,3.096,2.94,3.085,41505620.3,0.0003
2025-05-23,3.084,3.157,2.825,2.844,61367998.4,0.0003
2025-05-24,2.844,2.887,2.8,2.823,29464911.6,-3.650000000000008e-06
2025-05-25,2.822,2.833,2.717,2.813,39999377.7,-0.00018417
2025-05-26,2.813,2.861,2.754,2.788,34693705.1,0.00014098
2025-05-27,2.788,2.921,2.73,2.882,40482984.4,0.00019929
2025-05-28,2.883,2.909,2.755,2.86,46589251.6,0.00029922
2025-05-29,2.861,2.949,2.746,2.763,50199765.0,0.00024554
2025-05-30,2.762,2.78,2.487,2.51,85256998.0,-0.00021084
2025-05-31,2.509,2.62,2.433,2.594,53934819.8,-0.00022786
2025-06-01,2.595,2.596,2.504,2.568,28320355.5,-0.00016794
2025-06-02,2.568,2.648,2.507,2.641,40419962.2,0.0002209
2025-06-03,2.641,2.686,2.589,2.626,42781255.2,0.0003
2025-06-04,2.625,2.674,2.538,2.561,38793576.9,0.00029404
2025-06-05,2.561,2.601,2.317,2.364,72394083.3,0.00016736
2025-06-06,2.364,2.465,2.359,2.409,37946651.0,-0.00034954
2025-06-07,2.408,2.525,2.396,2.506,25072586.6,0.00028344
2025-06-08,2.507,2.543,2.469,2.486,29338797.7,0.00026837
2025-06-09,2.487,2.614,2.453,2.601,40083974.4,0.00024852
2025-06-10,2.601,2.748,2.566,2.73,54558412.6,0.0003
2025-06-11,2.73,2.771,2.662,2.689,46579779.5,0.0003
2025-06-12,2.69,2.702,2.48,2.503,52595403.7,0.00012966
2025-06-13,2.503,2.505,2.333,2.458,94747344.7,-0.00029064
2025-06-14,2.459,2.459,2.378,2.417,31417769.2,0.00011756
2025-06-15,2.418,2.447,2.365,2.42,32749798.4,0.00015959
2025-06-16,2.42,2.57,2.395,2.463,44286732.6,0.00023155
2025-06-17,2.463,2.496,2.338,2.392,65635153.3,0.00019284
2025-06-18,2.391,2.415,2.311,2.388,52878190.6,-0.00013837
2025-06-19,2.388,2.416,2.314,2.344,34537914.5,0.0001833
2025-06-20,2.345,2.386,2.18,2.258,68358027.0,1.973e-05
2025-06-21,2.259,2.301,2.126,2.189,51866411.6,-4.057e-05
2025-06-22,2.189,2.22,1.96,2.066,111199775.1,-0.00029026
2025-06-23,2.066,2.27,2.047,2.253,77904285.0,-0.0001659
2025-06-24,2.253,2.356,2.225,2.297,47680727.0,0.0003
2025-06-25,2.297,2.313,2.229,2.252,35788931.0,0.00023124
2025-06-26,2.253,2.301,2.174,2.197,45132801.9,0.00020927
2025-06-27,2.197,2.224,2.138,2.21,47671049.1,-8.738999999999999e-05
2025-06-28,2.21,2.282,2.18,2.267,25971799.4,0.00012924
2025-06-29,2.267,2.419,2.246,2.387,33962880.0,0.00026386
2025-06-30,2.387,2.398,2.271,2.3,46240287.7,0.00016126
2025-07-01,2.3,2.318,2.175,2.201,44971519.9,-1.026e-05
2025-07-02,2.201,2.436,2.178,2.371,58545266.7,0.00010026
2025-07-03,2.37,2.444,2.353,2.397,48068796.2,0.0003
2025-07-04,2.396,2.407,2.226,2.261,50253020.4,0.00019584
2025-07-05,2.261,2.279,2.209,2.251,31195770.9,-0.00016092
2025-07-06,2.252,2.33,2.229,2.291,28409979.2,0.00019292
2025-07-07,2.291,2.32,2.246,2.277,34058750.9,0.0003
2025-07-08,2.278,2.332,2.236,2.312,33838367.8,0.00017617
2025-07-09,2.312,2.471,2.282,2.438,48850975.3,0.0003
2025-07-10,2.439,2.607,2.42,2.589,47089439.5,0.0003
2025-07-11,2.588,2.678,2.511,2.562,67864447.3,0.0003
2025-07-12,2.562,2.605,2.46,2.534,47924860.9,0.0003
2025-07-13,2.534,2.628,2.517,2.559,36202606.7,0.0003
2025-07-14,2.559,2.691,2.52,2.573,58510384.6,0.0003
2025-07-15,2.574,2.651,2.461,2.645,72342695.2,0.0003
2025-07-16,2.646,2.74,2.589,2.652,52821228.6,0.0003
2025-07-17,2.653,2.748,2.592,2.707,67480344.1,0.0003
2025-07-18,2.708,2.912,2.686,2.754,95010232.8,0.0003
2025-07-19,2.754,2.838,2.666,2.802,56093354.4,0.0003
2025-07-20,2.802,3.026,2.771,2.889,79591604.7,0.0003
2025-07-21,2.89,2.989,2.823,2.92,70174989.8,0.0003
2025-07-22,2.921,2.939,2.756,2.934,95504127.7,0.0003
2025-07-23,2.934,2.944,2.55,2.64,104566588.7,0.00030686
2025-07-24,2.641,2.684,2.468,2.582,90587740.2,0.0003
2025-07-25,2.582,2.651,2.498,2.65,67404337.8,0.0003
2025-07-26,2.65,2.702,2.623,2.664,27029584.0,0.0003
2025-07-27,2.663,2.764,2.654,2.758,29960753.9,0.0003
2025-07-28,2.758,2.809,2.576,2.606,58096989.6,0.0003
2025-07-29,2.607,2.671,2.513,2.569,54482689.8,0.0003
2025-07-30,2.569,2.586,2.312,2.491,69781631.4,5.961e-05
2025-07-31,2.491,2.549,2.381,2.39,56125961.2,0.00015875
2025-08-01,2.39,2.397,2.215,2.295,94563051.4,5.137000000000001e-05
2025-08-02,2.295,2.334,2.222,2.27,51429884.5,0.00017121
2025-08-03,2.271,2.353,2.234,2.342,24604812.1,6.937e-05
2025-08-04,2.341,2.439,2.337,2.426,30621836.4,0.00014826
2025-08-05,2.426,2.432,2.279,2.331,51146906.6,0.0003
2025-08-06,2.331,2.394,2.278,2.377,35113646.7,0.00026752
2025-08-07,2.376,2.49,2.367,2.488,43219967.8,0.0003
2025-08-08,2.489,2.557,2.435,2.545,68780044.3,0.0003
2025-08-09,2.545,2.664,2.536,2.63,41843797.7,0.0003
2025-08-10,2.631,2.661,2.537,2.623,47624361.7,0.0003
2025-08-11,2.623,2.682,2.446,2.468,71896151.5,0.0003
2025-08-12,2.467,2.662,2.443,2.63,57479268.4,0.0002774
2025-08-13,2.631,2.762,2.6,2.734,57773046.3,0.0003
2025-08-14,2.734,2.759,2.45,2.504,85303655.3,0.0003
2025-08-15,2.505,2.554,2.401,2.464,52657552.5,0.0001478599999999
2025-08-16,2.463,2.539,2.459,2.53,27958042.0,0.0003
2025-08-17,2.531,2.629,2.511,2.558,35110450.8,0.0003
2025-08-18,2.558,2.562,2.416,2.467,57183065.2,8.865000000000001e-05
2025-08-19,2.467,2.498,2.348,2.358,57086166.6,0.00020125
2025-08-20,2.357,2.45,2.333,2.435,48358285.6,0.0001469199999999
2025-08-21,2.435,2.463,2.371,2.392,31090604.5,0.00021927
2025-08-22,2.392,2.614,2.302,2.579,89886252.9,0.00023065
2025-08-23,2.579,2.586,2.484,2.527,40915622.7,0.0003
2025-08-24,2.527,2.547,2.385,2.425,87007958.8,0.00028207
2025-08-25,2.425,2.447,2.134,2.183,115824138.8,-6.073e-05
2025-08-26,2.183,2.356,2.171,2.324,66609873.1,-0.00013078
2025-08-27,2.324,2.351,2.287,2.309,51203532.3,0.00018676
2025-08-28,2.309,2.401,2.285,2.382,49002441.8,0.0003
2025-08-29,2.382,2.399,2.226,2.269,68592945.0,0.00017627
2025-08-30,2.269,2.305,2.229,2.29,29512505.2,0.00010077
2025-08-31,2.289,2.342,2.264,2.268,35965109.4,0.00022276
2025-09-01,2.269,2.515,2.217,2.285,151877496.9,-4.6500000000000005e-05
2025-09-02,2.284,2.303,2.214,2.268,80865691.8,-0.0001199099999999
2025-09-03,2.269,2.358,2.254,2.329,42328763.8,0.00018549
2025-09-04,2.329,2.336,2.229,2.262,55334942.1,0.00023705
2025-09-05,2.263,2.382,2.261,2.345,63736303.1,9.505e-05
2025-09-06,2.345,2.355,2.298,2.325,33640413.8,0.0003
2025-09-07,2.325,2.434,2.323,2.393,44647880.3,0.00027539
2025-09-08,2.394,2.466,2.379,2.439,55754711.2,0.00024801
2025-09-09,2.438,2.504,2.408,2.451,57304498.8,0.0003
2025-09-10,2.452,2.51,2.431,2.492,39412910.3,0.0003
2025-09-11,2.491,2.542,2.459,2.536,42958165.3,0.0003
2025-09-12,2.537,2.575,2.469,2.561,45373335.6,0.0003
2025-09-13,2.562,2.65,2.543,2.621,49480254.1,0.0003
2025-09-14,2.621,2.625,2.472,2.513,60751555.9,0.00027959
2025-09-15,2.514,2.555,2.368,2.411,75431975.8,0.00020677
2025-09-16,2.411,2.65,2.371,2.557,74065045.3,0.00017235
2025-09-17,2.556,2.588,2.454,2.569,76641489.8,0.00012578
2025-09-18,2.57,2.589,2.529,2.577,47655168.2,0.0003
2025-09-19,2.577,2.613,2.425,2.445,62990878.2,0.0003
2025-09-20,2.446,2.478,2.426,2.443,28059948.1,4.723000000000001e-05
2025-09-21,2.442,2.474,2.389,2.395,35365451.5,0.00028965
2025-09-22,2.395,2.41,2.155,2.259,95409536.6,-0.00016637
2025-09-23,2.259,2.286,2.21,2.237,42890131.2,-5.233e-05
2025-09-24,2.237,2.295,2.198,2.225,45684980.8,0.0002636
2025-09-25,2.226,2.238,2.083,2.119,94353178.7,-4.6560000000000015e-05
2025-09-26,2.119,2.202,2.094,2.193,53687754.6,1.3810000000000003e-05
2025-09-27,2.194,2.21,2.163,2.188,26091289.6,2.611e-05
2025-09-28,2.188,2.22,2.123,2.213,37236767.4,8.130999999999999e-05
2025-09-29,2.214,2.232,2.143,2.21,39759656.3,0.00019488
2025-09-30,2.209,2.211,2.127,2.187,42555423.9,-9.534e-05
2025-10-01,2.187,2.3,2.162,2.295,47818016.9,0.0003
2025-10-02,2.296,2.398,2.289,2.384,50145381.7,0.00027021
2025-10-03,2.384,2.432,2.312,2.39,53660002.4,0.0003
2025-10-04,2.391,2.405,2.267,2.312,45239494.9,0.00026545
2025-10-05,2.313,2.417,2.293,2.33,53359358.0,0.00019274
2025-10-06,2.33,2.43,2.308,2.407,51766427.0,0.00027104
2025-10-07,2.406,2.416,2.268,2.279,68883469.0,0.0003
2025-10-08,2.279,2.42,2.246,2.365,49308978.4,0.0001951
2025-10-09,2.365,2.368,2.216,2.297,66878507.7,0.00029737
2025-10-10,2.297,2.448,1.381,1.668,257970077.5,0.0003
2025-10-11,1.668,1.755,1.493,1.563,182517980.8,-5.499999999999971e-06
2025-10-12,1.562,1.694,1.492,1.657,148425667.1,-0.00034363
2025-10-13,1.658,1.739,1.593,1.728,107942149.8,3.038e-05
2025-10-14,1.728,1.738,1.554,1.674,125144103.8,-4.504e-05
2025-10-15,1.674,1.712,1.575,1.602,87485307.2,0.00024696
2025-10-16,1.603,1.616,1.461,1.491,134788857.4,-5.811000000000001e-05
2025-10-17,1.492,1.514,1.375,1.464,129756362.7,-0.0002135099999999
2025-10-18,1.463,1.511,1.461,1.493,51550376.8,-0.00017839
2025-10-19,1.494,1.556,1.467,1.532,61028885.6,0.0001996799999999
2025-10-20,1.532,1.628,1.499,1.579,66923119.0,0.00019128
2025-10-21,1.579,1.652,1.515,1.56,112774532.0,-0.00012942
2025-10-22,1.56,1.575,1.457,1.518,104031490.8,5.667e-05
2025-10-23,1.519,1.578,1.515,1.555,48236398.6,0.00017788
2025-10-24,1.555,1.596,1.53,1.569,55584992.3,0.00010701
2025-10-25,1.568,1.578,1.54,1.559,34194101.9,0.00027373
2025-10-26,1.56,1.673,1.543,1.652,56608948.5,0.00020356
2025-10-27,1.652,1.685,1.601,1.639,74956807.8,0.0003
2025-10-28,1.639,1.651,1.528,1.556,76710220.8,0.00014504
2025-10-29,1.556,1.643,1.538,1.582,86480112.0,3.639e-05
2025-10-30,1.583,1.609,1.396,1.462,121824527.6,-0.00023535
2025-10-31,1.463,1.528,1.455,1.515,77020714.5,-0.0001630699999999
2025-11-01,1.515,1.715,1.506,1.67,110219217.5,0.00025187
2025-11-02,1.67,1.794,1.61,1.666,128442204.7,0.00017209
2025-11-03,1.665,1.667,1.4,1.44,191257735.7,-0.00050213
2025-11-04,1.441,1.557,1.267,1.366,245319372.3,-0.00160366
2025-11-05,1.366,1.416,1.295,1.397,130063831.2,-0.00148498
2025-11-06,1.397,1.938,1.321,1.891,385701306.7,-0.00127566
2025-11-07,1.892,3.974,1.862,3.374,1193012320.1,-0.01082283
2025-11-08,3.374,3.617,2.737,2.956,711371420.9,0.0001753
2025-11-09,2.956,2.998,2.493,2.781,402857333.5,0.0003
2025-11-10,2.78,2.923,2.462,2.554,248392596.7,0.0003
2025-11-11,2.554,2.681,2.187,2.227,237966949.8,0.0003
2025-11-12,2.227,2.36,2.081,2.196,169879314.1,0.00027678
2025-11-13,2.195,2.235,1.993,2.067,134455864.2,0.00023774
2025-11-14,2.067,2.17,1.929,1.996,170408821.2,0.00021681
2025-11-15,1.997,2.199,1.973,2.033,147825845.8,8.000000000000001e-06
2025-11-16,2.033,2.135,1.871,1.959,134635566.4,-2.236e-05
2025-11-17,1.958,2.168,1.916,2.019,171844170.0,0.00024356
2025-11-18,2.018,2.205,1.89,1.985,235685146.5,-0.00072019
2025-11-19,1.985,2.023,1.758,1.88,160663661.1,-5.016999999999999e-05
2025-11-20,1.88,1.905,1.753,1.82,106734996.3,0.0003
2025-11-21,1.82,1.867,1.533,1.658,174722467.0,0.0003
2025-11-22,1.659,1.668,1.567,1.613,74076062.6,0.00012794
2025-11-23,1.613,1.684,1.601,1.61,59660881.7,3.569e-05
2025-11-24,1.609,1.68,1.587,1.641,84620495.6,-5.309e-05
2025-11-25,1.641,1.738,1.565,1.67,107182820.0,-0.0001294499999999
2025-11-26,1.67,1.702,1.596,1.674,81948683.0,-7.379999999999999e-05
2025-11-27,1.674,1.7,1.609,1.615,55908061.9,7.316000000000001e-05
2025-11-28,1.616,1.674,1.581,1.616,76129545.3,5.7480000000000005e-05
2025-11-29,1.616,1.636,1.572,1.603,50839167.6,1.4479999999999995e-05
2025-11-30,1.603,1.642,1.556,1.569,59212067.2,6.23e-05
2025-12-01,1.568,1.573,1.427,1.48,121929259.1,-0.00041093
2025-12-02,1.48,1.576,1.452,1.531,73573268.2,0.00019899
2025-12-03,1.53,1.621,1.523,1.596,68981877.8,0.00029677
2025-12-04,1.595,1.614,1.513,1.543,58642363.5,0.0003
2025-12-05,1.544,1.576,1.438,1.484,74799234.8,-3.636e-05
2025-12-06,1.485,1.498,1.466,1.49,31474395.0,-0.0003126799999999
2025-12-07,1.49,1.507,1.41,1.453,71165824.1,-0.00037493
2025-12-08,1.453,1.529,1.447,1.503,55357260.8,1.4950000000000013e-05
2025-12-09,1.502,1.595,1.464,1.544,75154084.1,0.00016329
2025-12-10,1.543,1.553,1.456,1.465,89824863.8,1.2810000000000008e-05
2025-12-11,1.466,1.468,1.348,1.378,115309719.3,-0.0009984
2025-12-12,1.378,1.414,1.298,1.344,108004894.5,-0.00111362
2025-12-13,1.344,1.352,1.328,1.349,41670438.1,-0.00095527
2025-12-14,1.349,1.358,1.294,1.314,60007202.8,-0.00075409
2025-12-15,1.313,1.348,1.222,1.263,108455430.1,-0.0008981999999999
2025-12-16,1.264,1.292,1.236,1.287,71133542.2,-9.951e-05
2025-12-17,1.287,1.32,1.206,1.224,115679227.4,-0.00023144
2025-12-18,1.224,1.266,1.159,1.186,110513622.0,-0.00086636
2025-12-19,1.187,1.357,1.177,1.308,93396803.5,-0.0002919
2025-12-20,1.308,1.388,1.292,1.372,49215747.3,3.5180000000000005e-05
2025-12-21,1.373,1.377,1.255,1.277,82731834.8,-0.00049108
2025-12-22,1.277,1.331,1.269,1.298,72919100.4,-0.00037404
2025-12-23,1.298,1.353,1.268,1.31,79665562.8,-0.0004718199999999
2025-12-24,1.31,1.317,1.262,1.27,62591978.2,-0.00057257
2025-12-25,1.271,1.297,1.197,1.212,68852722.7,0.00028945
2025-12-26,1.212,1.258,1.205,1.226,64114246.7,-1.6379999999999996e-05
2025-12-27,1.226,1.331,1.22,1.316,76112459.2,0.00018592
2025-12-28,1.315,1.378,1.297,1.333,108865694.5,0.00019614
2025-12-29,1.334,1.376,1.309,1.317,111135570.7,-0.00071107
2025-12-30,1.317,1.341,1.284,1.321,73254453.4,-0.00037377
2025-12-31,1.321,1.353,1.257,1.297,85351648.3,-0.00053895
2026-01-01,1.297,1.552,1.276,1.484,228407320.2,0.00020433
2026-01-02,1.484,1.506,1.416,1.504,176061525.3,-1.6690000000000005e-05
2026-01-03,1.504,1.576,1.45,1.492,115500546.1,-0.00024224
2026-01-04,1.492,1.524,1.461,1.492,112417319.2,-0.00091416
2026-01-05,1.492,1.688,1.458,1.567,212194515.1,-0.00033497
2026-01-06,1.568,1.611,1.517,1.591,124917510.7,-0.00010944
2026-01-07,1.592,1.605,1.493,1.518,119439555.4,7.446000000000002e-05
2026-01-08,1.518,1.529,1.45,1.495,103971155.3,0.00025115
2026-01-09,1.496,1.533,1.471,1.488,77723294.2,0.00012683
2026-01-10,1.488,1.509,1.457,1.48,44114916.9,0.00014484
2026-01-11,1.481,1.515,1.427,1.455,61277107.4,0.0001780099999999
2026-01-12,1.455,1.51,1.432,1.46,85624002.5,-0.00032263
2026-01-13,1.459,1.599,1.455,1.576,124407886.1,2.878000000000001e-05
2026-01-14,1.576,1.648,1.552,1.589,118887856.4,0.0003
2026-01-15,1.59,1.682,1.455,1.502,150083661.0,-0.00038619
2026-01-16,1.502,1.567,1.473,1.519,81893292.3,-0.00054238
2026-01-17,1.519,1.596,1.499,1.549,80706241.0,0.00015315
2026-01-18,1.55,1.571,1.443,1.448,85713430.8,9.89999999999999e-07
2026-01-19,1.448,1.448,1.255,1.382,118944266.4,-0.00072036
2026-01-20,1.383,1.388,1.286,1.31,102860115.2,-6.016999999999999e-05
2026-01-21,1.311,1.376,1.297,1.348,86987249.1,0.00020879
2026-01-22,1.348,1.36,1.303,1.318,55401908.2,-0.00026073
2026-01-23,1.317,1.368,1.294,1.311,80038237.9,-0.00033557
2026-01-24,1.311,1.324,1.295,1.314,36718562.7,0.00019556
2026-01-25,1.314,1.329,1.209,1.251,87120964.6,-0.00060921
2026-01-26,1.251,1.29,1.244,1.267,60460571.9,-1.6340000000000003e-05
2026-01-27,1.267,1.293,1.244,1.271,69692352.8,-0.00022195
2026-01-28,1.272,1.29,1.253,1.28,57443693.5,-0.0001075
2026-01-29,1.28,1.284,1.155,1.193,115896132.0,-0.0004105899999999
2026-01-30,1.193,1.199,1.127,1.174,117206559.1,-0.00057682
2026-01-31,1.174,1.177,0.943,1.052,201666100.1,-0.00056883
2026-02-01,1.052,1.076,1.01,1.034,109724140.7,-0.00018676
2026-02-02,1.035,1.093,1.003,1.081,116979245.5,-0.0005211
2026-02-03,1.082,1.112,1.014,1.066,131394605.1,6.433e-05
2026-02-04,1.066,1.1,1.027,1.05,116587214.1,4.789e-05
2026-02-05,1.05,1.062,0.871,0.882,247694987.8,-0.00035505
2026-02-06,0.883,0.988,0.774,0.975,274652028.4,-0.00037127
2026-02-07,0.975,0.999,0.943,0.975,141246196.6,4.8080000000000014e-05
2026-02-08,0.975,0.98,0.918,0.932,104569652.7,-0.00029369
2026-02-09,0.933,0.947,0.891,0.936,108647860.6,-0.00034973
2026-02-10,0.936,0.943,0.878,0.9,106540793.3,-0.00055253
2026-02-11,0.901,0.905,0.851,0.879,120249628.5,-0.00035954
2026-02-12,0.879,0.933,0.878,0.913,94252414.2,0.00021248
2026-02-13,0.913,0.969,0.884,0.958,78262539.5,0.00014094
2026-02-14,0.957,1.031,0.947,1.014,89659247.8,0.0001875899999999
2026-02-15,1.014,1.029,0.943,0.962,111815532.2,-0.00015762
2026-02-16,0.963,0.99,0.946,0.978,87203318.7,6.827e-05
2026-02-17,0.977,0.982,0.937,0.959,76449618.5,-6.843999999999999e-05
2026-02-18,0.959,0.971,0.916,0.927,84783502.8,4.4210000000000005e-05
2026-02-19,0.927,0.94,0.893,0.914,90803318.8,-0.00023075
2026-02-20,0.915,0.964,0.897,0.956,109414702.1,-0.00023109
2026-02-21,0.956,1.02,0.947,0.969,87026109.6,-3.0949999999999966e-05
2026-02-22,0.969,0.969,0.916,0.929,76926014.9,-0.00077321
2026-02-23,0.929,0.93,0.872,0.89,124837027.6,-3.100000000000021e-07
2026-02-24,0.89,0.901,0.862,0.878,101360729.1,-5.722e-05
2026-02-25,0.879,1.108,0.876,1.062,300350434.4,6.748e-05
2026-02-26,1.062,1.065,0.976,1.024,215489516.9,0.00021872
2026-02-27,1.025,1.044,0.967,0.993,148240337.4,2.122000000000001e-05
2026-02-28,0.993,1.013,0.92,1.005,154661668.8,7.225000000000001e-05
2026-03-01,1.004,1.033,0.94,0.964,146540988.4,6.128000000000001e-05
2026-03-02,0.964,1.028,0.961,0.987,138201375.9,0.00029923
2026-03-03,0.987,1.012,0.97,0.999,141445949.3,-0.00010789
2026-03-04,0.999,1.036,0.991,1.023,157837553.9,-8.463000000000002e-05
2026-03-05,1.024,1.043,0.992,1.011,150926314.3,-2.1460000000000005e-05
2026-03-06,1.011,1.022,0.963,0.976,116378225.7,3.128000000000001e-05
2026-03-07,0.976,0.983,0.943,0.951,61791448.3,0.00011952
2026-03-08,0.952,0.957,0.918,0.933,99200186.2,-4.3240000000000006e-05
2026-03-09,0.933,0.98,0.93,0.937,121388220.3,0.00024433
2026-03-10,0.937,0.955,0.851,0.864,187102904.1,-0.0004747399999999
2026-03-11,0.864,0.913,0.843,0.877,172528811.5,-0.00231859
2026-03-12,0.876,0.88,0.849,0.877,132915971.7,-0.00064951
2026-03-13,0.877,0.905,0.86,0.868,135241921.5,-0.00012464
2026-03-14,0.867,0.913,0.86,0.882,91520754.0,-0.00015882
2026-03-15,0.881,0.902,0.865,0.894,80829182.5,-0.00014601
2026-03-16,0.895,1.015,0.887,0.989,218839393.7,0.00029497
2026-03-17,0.989,0.992,0.952,0.968,102331891.4,0.0003
2026-03-18,0.968,0.987,0.901,0.924,143919170.4,6.766000000000001e-05
2026-03-19,0.923,0.938,0.875,0.894,106884496.7,0.00027901
2026-03-20,0.893,0.915,0.889,0.901,93483395.1,0.0001067499999999
2026-03-21,0.9,0.974,0.866,0.879,133658612.5,0.00016343
2026-03-22,0.879,0.892,0.836,0.846,124877697.9,-0.00069869
2026-03-23,0.847,0.942,0.836,0.923,161880562.6,-0.0001947799999999
2026-03-24,0.922,0.948,0.901,0.924,130985309.2,0.0003
2026-03-25,0.923,0.938,0.909,0.928,77612316.6,0.0003
2026-03-26,0.927,0.932,0.861,0.869,110858676.8,0.00011107
2026-03-27,0.868,0.88,0.83,0.838,106142929.6,-0.0003549
2026-03-28,0.838,0.841,0.792,0.799,91332221.0,-0.00065518
2026-03-29,0.799,0.817,0.773,0.8,73824103.4,-0.0006363
2026-03-30,0.8,0.863,0.799,0.816,126992135.3,6.544e-05
2026-03-31,0.815,0.843,0.811,0.832,101472581.2,-7.699999999999997e-06
2026-04-01,0.831,0.857,0.821,0.837,71922501.2,0.00016432
2026-04-02,0.837,0.845,0.797,0.816,109812119.1,-0.00020731
2026-04-03,0.816,0.853,0.815,0.834,66564353.4,0.0003
2026-04-04,0.834,0.855,0.832,0.838,53669138.2,0.00022973
2026-04-05,0.837,0.854,0.811,0.843,73008844.5,-8.844e-05
2026-04-06,0.843,0.907,0.839,0.858,133797454.5,0.00022513
2026-04-07,0.857,0.929,0.841,0.915,124227837.7,2.608e-05
2026-04-08,0.916,0.922,0.88,0.883,91707244.1,0.00011153
2026-04-09,0.882,0.926,0.871,0.904,74597747.2,0.00016923
2026-04-10,0.904,0.918,0.893,0.913,73065145.5,0.00027982
2026-04-11,0.914,0.924,0.885,0.899,75317021.2,-2.952e-05
2026-04-12,0.899,0.9,0.852,0.856,99167919.0,0.00018521
2026-04-13,0.857,0.928,0.855,0.919,92558037.2,0.00019698
2026-04-14,0.918,0.92,0.876,0.882,74789386.4,0.0003
2026-04-15,0.883,0.923,0.883,0.917,61293957.8,8.722e-05
2026-04-16,0.917,1.021,0.908,0.997,167090890.3,0.00011879
2026-04-17,0.997,1.013,0.969,0.981,124289542.1,0.00016262
2026-04-18,0.981,0.994,0.937,0.941,80049080.8,0.00019064
2026-04-19,0.942,0.943,0.898,0.906,88175477.4,4.565e-05
2026-04-20,0.906,0.935,0.905,0.922,78845601.0,5.105e-05
2026-04-21,0.922,0.937,0.905,0.925,84332145.0,9.16e-05
2026-04-22,0.926,0.963,0.923,0.926,88283120.8,0.0002307
2026-04-23,0.926,0.935,0.903,0.929,94201386.6,0.00011832
2026-04-24,0.929,0.953,0.92,0.939,70153904.7,0.00013502
2026-04-25,0.94,0.957,0.928,0.936,59485336.6,0.00017846
2026-04-26,0.936,0.957,0.93,0.942,52022982.1,0.00014799
2026-04-27,0.943,0.957,0.897,0.921,74280310.1,-1.5730000000000007e-05
2026-04-28,0.922,0.932,0.905,0.919,53099399.1,0.00016727
2026-04-29,0.918,0.991,0.871,0.915,140088715.7,2.4780000000000017e-05
2026-04-30,0.915,0.938,0.908,0.921,69830265.3,0.00020796
2026-05-01,0.922,0.939,0.911,0.918,60494133.2,0.00015758
2026-05-02,0.917,0.941,0.912,0.932,32421320.4,7.970000000000007e-06
2026-05-03,0.932,0.936,0.913,0.922,38278720.5,4.4050000000000014e-05
2026-05-04,0.922,0.975,0.913,0.933,104883808.9,0.0003
2026-05-05,0.934,0.999,0.931,0.974,86473260.5,0.00013761
2026-05-06,0.974,1.16,0.97,1.114,546599525.0,-0.0001392
2026-05-07,1.115,1.125,1.045,1.098,258744599.7,4.2370000000000016e-05
2026-05-08,1.098,1.322,1.069,1.285,339917219.7,0.00021246
2026-05-09,1.286,1.319,1.19,1.199,188718691.7,0.00011766
2026-05-10,1.199,1.207,1.105,1.146,168862733.6,0.00021459
2026-05-11,1.146,1.158,1.117,1.126,118727419.1,0.0001545
2026-05-12,1.126,1.131,1.067,1.091,121778754.3,0.00012734
2026-05-13,1.092,1.113,1.027,1.047,115919113.7,5.2230000000000006e-05
2026-05-14,1.047,1.068,1.022,1.054,93521820.6,-2.544e-05
2026-05-15,1.054,1.066,0.977,1.009,116773036.5,6.052e-05
2026-05-16,1.01,1.021,0.947,0.97,82552923.3,-0.00014836
2026-05-17,0.97,0.981,0.901,0.941,66154473.2,0.00016098
2026-05-18,0.941,0.962,0.924,0.96,86044804.9,-0.00020875
2026-05-19,0.96,0.968,0.929,0.936,56064895.3,0.0002469
2026-05-20,0.936,0.974,0.933,0.969,62518152.7,7.376e-05
2026-05-21,0.97,1.022,0.965,1.008,97791762.2,-0.00011387
2026-05-22,1.007,1.038,0.951,0.96,133832055.4,7.329999999999999e-05
2026-05-23,0.96,1.013,0.909,0.982,122565629.8,-1.8730000000000005e-05
2026-05-24,0.982,0.983,0.931,0.955,72969529.9,-9.352e-05
2026-05-25,0.955,1.006,0.95,0.982,75521523.8,0.00017484
2026-05-26,0.982,1.051,0.966,1.008,158104679.6,-6.471999999999999e-05
2026-05-27,1.008,1.099,0.973,1.029,286775035.6,-0.00052199
2026-05-28,1.029,1.059,0.928,0.959,205460388.3,-0.00037041
2026-05-29,0.959,0.99,0.922,0.955,128938215.6,0.00027208
2026-05-30,0.956,1.016,0.954,0.972,98189794.4,0.00014504
2026-05-31,0.973,0.985,0.911,0.936,81390816.8,0.00012578
2026-06-01,0.937,0.974,0.891,0.956,125059192.4,-0.00026587
2026-06-02,0.955,0.958,0.841,0.861,177907297.9,0.00010948
2026-06-03,0.862,0.999,0.848,0.925,221154867.6,-0.00027377
2026-06-04,0.926,0.937,0.825,0.866,249208238.8,-0.0010555299999999
2026-06-05,0.865,0.875,0.697,0.733,478988670.4,-0.00069935
2026-06-06,0.734,0.748,0.668,0.731,156403666.1,-0.0007305
2026-06-07,0.73,0.802,0.727,0.772,130703697.4,-0.0005137599999999
2026-06-08,0.772,0.792,0.754,0.774,95845018.2,0.00019703
2026-06-09,0.774,0.782,0.739,0.761,125956192.5,-7.679e-05
2026-06-10,0.762,0.77,0.719,0.734,179872581.4,-9.202e-05
2026-06-11,0.733,0.775,0.733,0.757,129977193.0,-0.00022762
2026-06-12,0.757,0.764,0.739,0.748,135997387.7,3.077e-05
2026-06-13,0.748,0.799,0.747,0.784,134571071.8,0.00012165
2026-06-14,0.784,0.797,0.752,0.794,109781694.8,-0.00029828
2026-06-15,0.794,0.824,0.784,0.795,127325652.9,0.00026995
2026-06-16,0.794,0.82,0.773,0.808,133204696.6,0.00011788
2026-06-17,0.807,0.832,0.775,0.798,175144472.0,0.00017256
2026-06-18,0.798,0.808,0.754,0.798,128072995.6,-0.00011388
2026-06-19,0.799,0.808,0.761,0.791,112412707.4,0.00025035
2026-06-20,0.792,0.798,0.773,0.787,52511196.4,-1.9300000000000035e-06
2026-06-21,0.787,0.826,0.778,0.782,73463849.5,3.302e-05
2026-06-22,0.781,0.82,0.778,0.787,81707888.8,9.027e-05
2026-06-23,0.788,0.806,0.736,0.788,106881376.3,-0.00013874
2026-06-24,0.788,0.795,0.697,0.749,128332877.6,0.00013002
2026-06-25,0.75,0.773,0.685,0.736,121814587.3,8.717000000000002e-05
2026-06-26,0.737,0.758,0.7,0.744,136017486.4,0.0001453
2026-06-27,0.743,0.755,0.723,0.726,56922100.7,0.00016961
2026-06-28,0.726,0.739,0.7,0.716,61011789.6,3.824e-05
2026-06-29,0.716,0.747,0.705,0.731,103181835.7,0.00014643
2026-06-30,0.732,0.743,0.703,0.718,74136809.0,0.00013669
2026-07-01,0.718,0.756,0.7,0.736,81847015.1,0.0003
2026-07-02,0.736,0.789,0.731,0.773,75204445.0,0.00014132
2026-07-03,0.773,0.815,0.77,0.806,60809895.7,0.0003
2026-07-04,0.805,0.817,0.789,0.796,43300439.1,0.00026602
2026-07-05,0.797,0.807,0.774,0.799,44563456.3,0.0003
2026-07-06,0.8,0.815,0.758,0.794,66867591.7,0.00022736
2026-07-07,0.795,0.802,0.769,0.773,50379832.7,0.0003
2026-07-08,0.774,0.783,0.7426,0.7646,82092749.1,-2.3499999999999995e-05
2026-07-09,0.7646,0.7995,0.7603,0.7801,60574279.9,0.00021064
2026-07-10,0.7801,0.816,0.774,0.7868,59983870.0,0.00025423
2026-07-11,0.7868,0.7997,0.7682,0.7706,38200323.2,0.0001569699999999
2026-07-12,0.7706,0.791,0.7651,0.7715,44605711.1,3.078e-05
2026-07-13,0.7715,0.7865,0.733,0.7489,79613187.4,-5.713e-05
2026-07-14,0.7489,0.7878,0.7481,0.7846,57409296.2,4.070000000000001e-05
2026-07-15,0.7847,0.8062,0.7767,0.7887,45959321.4,0.0003
2026-07-16,0.7886,0.7916,0.7629,0.7692,42790471.4,0.00029844
2026-07-17,0.7692,0.779,0.7504,0.7642,45415804.5,0.00015852
2026-07-18,0.7643,0.7674,0.7347,0.749,28998808.4,2.489000000000001e-05
2026-07-19,0.7491,0.7543,0.7095,0.7194,57877522.0,-0.0003947799999999
2026-07-20,0.7194,0.742,0.7,0.7351,76684814.7,-0.00031212
2026-07-21,0.735,0.7839,0.731,0.7692,69684866.8,0.0003
2026-07-22,0.7692,0.7806,0.7554,0.762,46520893.5,0.0003
2026-07-23,0.7619,0.7649,0.7216,0.7274,56344878.4,-9.284e-05
2026-07-24,0.7274,0.7387,0.7102,0.7189,40133914.8,-9.732e-05
2026-07-25,0.7188,0.7409,0.7135,0.7359,30430128.4,-3.727e-05
2026-07-26,0.7358,0.7531,0.7308,0.7446,44910077.7,0.00022182
2026-07-27,0.7446,0.7559,0.6872,0.6938,70007890.2,0.00012813
2026-07-28,0.6937,0.7077,0.6835,0.7062,51183488.8,-0.00035713
2026-07-29,0.7061,0.7113,0.6531,0.6782,78341134.8,-0.00015983
2026-07-30,0.6782,0.7295,0.6746,0.7128,61628714.6,-1.2729999999999997e-05
2026-07-31,0.7128,0.727,0.7057,0.7151,52263238.5,0.0003
2026-08-01,0.7151,0.7286,0.6896,0.7004,45377814.8,
2026-08-02,0.7003,0.7256,0.6996,0.7185,34366585.3,
2026-08-03,0.7184,0.7342,0.7036,0.7236,43314447.3,
2026-08-04,0.7237,0.7283,0.706,0.7184,36915813.9,
2026-08-05,0.7184,0.7308,0.7036,0.7198,44013361.9,
2026-08-06,0.7198,0.7382,0.6783,0.7035,106239319.3,
2026-08-07,0.7036,0.7057,0.668,0.6833,68462276.0,
2026-08-08,0.6833,0.7267,0.6815,0.7099,53486494.2,
2026-08-09,0.7099,0.717,0.6967,0.6999,31675026.9,
2026-08-10,0.6999,0.7088,0.6901,0.7025,39974463.4,
2026-08-11,0.7026,0.7175,0.6862,0.7111,46788891.4,
2026-08-12,0.711,0.7129,0.6569,0.6691,62694310.8,
2026-08-13,0.6691,0.6822,0.662,0.6771,53502005.6,
2026-08-14,0.6771,0.6811,0.6613,0.6806,39205366.6,
2026-08-15,0.6806,0.7,0.6726,0.6757,50928491.5,
2026-08-16,0.6757,0.6849,0.6568,0.6664,37857330.3,
2026-08-17,0.6665,0.6769,0.6601,0.6722,44608940.7,
2026-08-18,0.6722,0.6728,0.6076,0.6316,127648903.8,
2026-08-19,0.6315,0.6996,0.6244,0.6736,102756089.4,
2026-08-20,0.6736,0.7717,0.6641,0.7352,146487482.7,
2026-08-21,0.7351,0.8203,0.7341,0.8099,153690020.7,
2026-08-22,0.8099,0.86,0.6922,0.7617,171442827.9,
2026-08-23,0.7617,0.7826,0.7286,0.774,72874029.3,
2026-08-24,0.7739,0.7739,0.7412,0.7533,76491505.3,
2026-08-25,0.7534,0.7719,0.694,0.7116,114247382.2,
2026-08-26,0.7116,0.7247,0.6856,0.7155,74270080.5,
2026-08-27,0.7156,0.7288,0.7021,0.7039,67930145.4,
2026-08-28,0.7039,0.7206,0.6661,0.686,97742567.3,
2026-08-29,0.6859,0.6881,0.6761,0.6821,28616339.9,
2026-08-30,0.682,0.6942,0.6465,0.6595,65802614.4,
2026-08-31,0.6595,0.6835,0.6555,0.682,67466419.2,
2026-09-01,0.682,0.798371,0.6797,0.7789,283320087.0,
