date,open,high,low,close,volume,funding_rate
2021-05-11,380.0,478.87,327.96,364.8,780705.33,
2021-05-12,364.99,387.18,252.5,257.65,1249975.6,
2021-05-13,257.65,346.99,249.68,301.66,989413.91,
2021-05-14,301.68,341.7,291.08,304.63,516292.13,
2021-05-15,304.7,305.19,238.69,246.34,517088.62,
2021-05-16,246.31,264.4,204.49,225.48,658633.67,
2021-05-17,225.47,225.83,184.1,195.92,793711.9,
2021-05-18,195.82,205.9,160.23,163.4,1084578.1,
2021-05-19,163.51,179.0,61.41,122.56,1948426.59,
2021-05-20,122.53,222.0,102.96,164.07,3738215.06,
2021-05-21,164.06,186.57,119.28,145.4,2009635.35,
2021-05-22,145.4,168.6,124.2,146.11,1237020.88,
2021-05-23,146.11,165.0,120.4,143.56,1688417.62,
2021-05-24,143.6,163.51,135.4,147.78,1168245.37,
2021-05-25,147.76,156.35,123.11,134.05,1047477.13,
2021-05-26,134.01,152.2,131.83,142.8,936763.78,
2021-05-27,142.63,145.76,129.29,132.45,646912.99,
2021-05-28,132.39,133.17,109.77,115.73,1099049.82,
2021-05-29,115.76,119.82,105.44,110.66,714999.11,
2021-05-30,110.64,118.89,104.23,111.9,546981.13,
2021-05-31,111.91,115.38,105.29,114.65,575953.71,
2021-06-01,114.67,117.07,106.2,107.59,512622.04,
2021-06-02,107.59,113.05,101.8,108.04,897109.59,
2021-06-03,108.06,136.6,105.23,124.58,1663810.72,
2021-06-04,124.68,124.68,105.3,108.96,1681829.78,
2021-06-05,108.88,116.3,99.17,104.56,1045788.07,
2021-06-06,104.59,109.88,102.44,104.55,648107.91,
2021-06-07,104.56,106.75,88.57,91.12,1145258.73,
2021-06-08,91.13,94.35,76.52,81.2,1440064.55,
2021-06-09,81.23,89.08,76.95,81.56,1674584.89,
2021-06-10,81.57,83.67,65.6,66.54,3145842.51,
2021-06-11,66.58,72.4,56.07,58.41,4670611.01,
2021-06-12,58.43,67.5,52.72,61.17,5007615.38,
2021-06-13,61.13,66.5,57.14,64.47,4187498.67,
2021-06-14,64.47,70.8,61.88,66.73,2751770.37,
2021-06-15,66.7,68.89,58.59,60.37,3063176.87,
2021-06-16,60.36,60.47,54.71,55.37,2729002.34,
2021-06-17,55.37,60.18,50.88,54.14,3182821.48,
2021-06-18,54.13,55.55,46.89,48.47,3180873.98,
2021-06-19,48.46,54.93,46.3,48.63,4125001.73,
2021-06-20,48.61,50.76,44.11,47.11,3570141.41,
2021-06-21,47.11,47.63,36.16,36.64,5533301.64,
2021-06-22,36.64,40.09,31.72,34.52,5373843.9,
2021-06-23,34.52,40.89,32.78,37.71,4708595.19,
2021-06-24,37.72,38.9,33.06,34.62,4662309.35,
2021-06-25,34.63,36.69,30.6,31.05,5694264.68,
2021-06-26,31.06,33.71,28.27,30.31,6148135.51,
2021-06-27,30.31,45.68,29.43,43.0,15188213.7,
2021-06-28,42.99,51.59,40.52,51.26,19252694.4,
2021-06-29,51.26,59.49,46.75,54.21,15715572.22,
2021-06-30,54.23,54.74,43.17,49.91,16859714.19,
2021-07-01,49.88,50.8,44.12,45.64,10451503.79,
2021-07-02,45.64,47.4,41.38,43.79,7817152.02,
2021-07-03,43.79,49.98,42.67,48.71,7552715.07,
2021-07-04,48.73,50.95,46.42,46.68,5801543.72,
2021-07-05,46.69,47.91,43.95,46.28,6451365.79,
2021-07-06,46.29,48.36,44.92,46.22,4617882.85,
2021-07-07,46.22,47.96,45.0,45.4,4000181.97,
2021-07-08,45.38,45.53,39.11,40.22,5056662.68,
2021-07-09,40.24,42.47,37.15,40.58,4371397.51,
2021-07-10,40.57,42.1,37.57,38.63,3251052.68,
2021-07-11,38.63,41.45,37.71,39.75,3286222.29,
2021-07-12,39.75,41.01,35.83,37.24,3309195.29,
2021-07-13,37.22,39.92,35.26,38.95,4427771.89,
2021-07-14,38.97,39.85,35.23,36.85,6003457.94,
2021-07-15,36.85,38.41,35.21,36.03,4449504.92,
2021-07-16,36.01,36.15,32.13,32.37,3704370.53,
2021-07-17,32.36,33.47,31.1,32.28,3712305.65,
2021-07-18,32.28,34.8,31.81,32.35,3205212.81,
2021-07-19,32.36,32.58,29.75,30.91,3001051.91,
2021-07-20,30.91,31.55,26.81,28.5,5036223.77,
2021-07-21,28.5,35.13,27.73,33.52,6618446.06,
2021-07-22,33.52,35.44,32.18,33.76,6235477.07,
2021-07-23,33.74,35.06,31.66,34.61,3951639.62,
2021-07-24,34.64,45.78,33.83,43.48,11094896.46,
2021-07-25,43.49,46.08,40.38,42.53,10448696.31,
2021-07-26,42.53,48.46,40.5,40.63,8449692.27,
2021-07-27,40.62,41.77,37.46,41.01,6815629.07,
2021-07-28,41.03,43.85,39.24,40.78,5725714.24,
2021-07-29,40.76,41.92,39.03,41.26,3492934.46,
2021-07-30,41.26,42.73,38.31,42.16,3831071.93,
2021-07-31,42.19,43.95,40.4,41.96,4199773.65,
2021-08-01,41.95,44.92,40.41,40.86,4755816.35,
2021-08-02,40.87,41.56,39.72,40.23,3064394.13,
2021-08-03,40.23,40.69,37.55,38.55,3794441.15,
2021-08-04,38.56,40.47,37.8,39.34,3325033.74,
2021-08-05,39.33,42.75,38.11,42.15,4416151.44,
2021-08-06,42.15,52.45,40.5,48.27,14200014.35,
2021-08-07,48.3,66.2,47.86,61.86,27838056.66,
2021-08-08,61.85,62.36,53.3,55.3,14032793.77,
2021-08-09,55.27,69.0,52.74,64.28,20571762.7,
2021-08-10,64.27,76.48,61.4,71.7,18310504.62,
2021-08-11,71.71,77.2,65.54,67.19,12675171.42,
2021-08-12,67.19,72.5,60.0,64.18,11500980.52,
2021-08-13,64.2,68.99,62.66,68.32,7723796.47,
2021-08-14,68.32,68.41,62.0,64.25,5885066.44,
2021-08-15,64.25,65.16,58.26,63.48,5846647.22,
2021-08-16,63.5,67.95,60.35,61.1,7557332.72,
2021-08-17,61.09,64.34,54.25,56.13,8417098.8,
2021-08-18,56.13,61.57,54.0,58.55,7476498.03,
2021-08-19,58.55,69.15,57.81,67.14,12651360.1,
2021-08-20,67.14,71.03,65.75,67.96,7801194.15,
2021-08-21,67.97,69.55,63.0,64.66,5595692.62,
2021-08-22,64.66,67.11,61.6,64.63,4062922.78,
2021-08-23,64.62,67.68,63.33,65.72,4267373.35,
2021-08-24,65.71,67.0,57.24,59.21,5152434.63,
2021-08-25,59.22,63.85,55.78,62.26,5569038.44,
2021-08-26,62.27,63.32,56.05,56.58,6362991.11,
2021-08-27,56.59,63.73,54.5,62.8,7586476.65,
2021-08-28,62.82,68.68,61.81,65.14,9154555.76,
2021-08-29,65.15,74.88,61.5,72.1,12321406.44,
2021-08-30,72.1,73.3,63.62,64.8,11036211.07,
2021-08-31,64.81,67.88,61.8,62.86,6963772.98,
2021-09-01,62.85,66.57,60.5,66.27,5596393.14,
2021-09-02,66.28,68.98,64.24,64.6,5416610.43,
2021-09-03,64.61,68.6,63.04,65.89,4999904.75,
2021-09-04,65.89,78.82,65.51,78.37,11095027.35,
2021-09-05,78.36,83.7,76.16,79.41,13100259.42,
2021-09-06,79.41,87.2,76.47,79.62,9937363.9,
2021-09-07,79.61,80.05,50.68,61.28,13266423.22,
2021-09-08,61.28,63.88,55.33,61.45,6516976.32,
2021-09-09,61.44,64.65,58.67,60.89,6507984.02,
2021-09-10,60.89,63.17,54.06,56.9,5710061.03,
2021-09-11,56.9,62.0,55.59,58.09,5077260.87,
2021-09-12,58.09,61.92,56.35,59.48,4259426.81,
2021-09-13,59.5,60.3,50.1,55.05,5279658.84,
2021-09-14,55.05,58.83,54.4,56.91,3813827.77,
2021-09-15,56.95,62.3,56.7,61.44,4127678.89,
2021-09-16,61.45,61.72,56.56,57.99,3779084.81,
2021-09-17,57.98,58.65,55.06,56.51,2945450.46,
2021-09-18,56.51,61.24,55.51,58.66,3608703.91,
2021-09-19,58.63,58.89,56.1,57.24,2395652.75,
2021-09-20,57.23,57.39,45.09,47.58,6927869.79,
2021-09-21,47.57,50.11,42.0,44.74,5076880.9,
2021-09-22,44.74,51.71,44.03,49.89,4048262.89,
2021-09-23,49.89,52.16,48.81,50.57,3477487.88,
2021-09-24,50.56,51.46,42.05,46.06,5411516.44,
2021-09-25,46.06,47.1,44.0,45.75,2776646.51,
2021-09-26,45.75,45.95,39.47,43.67,4718280.34,
2021-09-27,43.66,46.71,42.21,42.4,3669212.23,
2021-09-28,42.4,43.8,40.66,40.86,3186774.63,
2021-09-29,40.86,45.79,40.54,44.4,4353334.81,
2021-09-30,44.42,45.6,43.38,45.09,3380361.07,
2021-10-01,45.09,52.71,44.8,51.64,4636242.6,
2021-10-02,51.64,52.62,48.49,49.58,3329893.01,
2021-10-03,49.58,51.49,48.05,50.35,3054356.57,
2021-10-04,50.33,50.39,46.76,48.99,3363197.38,
2021-10-05,48.98,57.25,48.32,54.51,9000039.42,
2021-10-06,54.51,57.08,50.28,52.78,5942803.03,
2021-10-07,52.77,54.55,50.72,51.02,4955022.06,
2021-10-08,51.03,52.3,48.39,49.28,5121189.06,
2021-10-09,49.29,51.94,48.5,49.6,3844355.43,
2021-10-10,49.6,49.62,43.48,44.91,5066388.88,
2021-10-11,44.91,47.2,43.0,45.06,4878449.77,
2021-10-12,45.06,45.09,40.64,43.21,6218916.17,
2021-10-13,43.21,44.39,40.06,43.21,6092316.75,
2021-10-14,43.21,45.5,42.3,42.96,6035585.08,
2021-10-15,42.96,44.43,41.3,43.17,6868704.86,
2021-10-16,43.15,47.53,42.96,46.04,8627530.91,
2021-10-17,46.02,46.93,41.94,44.11,5578870.22,
2021-10-18,44.12,44.58,42.13,43.87,4126816.92,
2021-10-19,43.87,45.44,42.74,43.82,4049795.98,
2021-10-20,43.81,48.14,43.37,46.99,5314172.85,
2021-10-21,46.98,48.55,44.12,44.7,6727765.27,
2021-10-22,44.7,46.4,43.78,45.07,3934375.62,
2021-10-23,45.07,46.22,44.07,45.5,3027207.52,
2021-10-24,45.5,45.58,42.22,43.4,3585047.15,
2021-10-25,43.4,49.51,43.17,48.78,6559210.98,
2021-10-26,48.78,51.83,46.0,46.84,9010590.06,
2021-10-27,46.85,48.01,36.12,40.72,11423464.82,
2021-10-28,40.73,44.32,40.5,43.25,5893808.59,
2021-10-29,43.23,45.91,42.71,45.48,4555291.68,
2021-10-30,45.47,45.52,42.38,43.46,3704400.28,
2021-10-31,43.46,46.96,43.07,45.01,6392528.3,
2021-11-01,45.03,47.27,43.11,47.08,5406483.34,
2021-11-02,47.09,48.99,45.43,47.3,5046879.53,
2021-11-03,47.29,48.29,44.5,46.75,4504152.31,
2021-11-04,46.73,48.07,44.69,46.1,4097951.64,
2021-11-05,46.11,54.88,45.39,49.46,15687869.02,
2021-11-06,49.46,52.07,46.15,49.58,6645929.03,
2021-11-07,49.58,53.98,48.89,53.59,5272368.64,
2021-11-08,53.59,58.26,51.52,54.8,9931257.91,
2021-11-09,54.81,57.2,52.27,52.59,5112990.1,
2021-11-10,52.61,54.74,41.75,48.18,7664926.52,
2021-11-11,48.17,50.3,46.57,47.73,4608354.6,
2021-11-12,47.74,48.7,44.35,46.41,4746283.08,
2021-11-13,46.41,49.17,45.45,48.5,3750362.06,
2021-11-14,48.51,49.85,46.61,48.37,3730326.5,
2021-11-15,48.38,49.46,45.84,46.92,3294777.68,
2021-11-16,46.91,46.93,39.45,42.6,6821593.55,
2021-11-17,42.6,43.52,40.51,42.92,3905680.35,
2021-11-18,42.92,43.36,38.05,39.86,5241057.42,
2021-11-19,39.86,42.71,39.05,41.92,3337229.44,
2021-11-20,41.92,44.25,41.05,43.49,3402275.58,
2021-11-21,43.5,45.77,42.9,43.29,5105529.15,
2021-11-22,43.29,43.51,40.7,41.64,3960439.59,
2021-11-23,41.66,42.55,40.73,42.05,3051497.52,
2021-11-24,42.05,42.54,40.11,40.45,3128014.07,
2021-11-25,40.45,44.27,40.31,43.14,3518559.87,
2021-11-26,43.14,45.96,38.0,39.64,7615881.3,
2021-11-27,39.63,44.74,39.35,42.18,6190602.21,
2021-11-28,42.18,42.45,39.01,41.88,4532994.09,
2021-11-29,41.89,42.69,41.0,42.01,3282485.19,
2021-11-30,42.01,42.83,40.15,40.86,4805291.91,
2021-12-01,40.87,43.0,40.44,41.04,4438427.52,
2021-12-02,41.02,41.05,39.65,40.16,3376928.68,
2021-12-03,40.16,41.47,35.0,37.91,6154994.1,
2021-12-04,37.91,38.18,23.4,31.71,13328749.99,
2021-12-05,31.71,32.29,28.17,30.37,5779814.8,
2021-12-06,30.36,30.52,26.66,30.18,6196200.02,
2021-12-07,30.18,31.24,29.05,29.49,4938359.51,
2021-12-08,29.49,33.28,29.05,31.52,8080710.28,
2021-12-09,31.53,31.74,28.05,28.29,4035682.92,
2021-12-10,28.29,29.48,26.37,26.71,5447121.67,
2021-12-11,26.72,28.46,26.05,27.88,3987897.71,
2021-12-12,27.89,28.97,27.0,28.45,3397519.1,
2021-12-13,28.45,29.01,24.18,25.06,6870329.66,
2021-12-14,25.06,25.77,24.2,25.47,5465184.96,
2021-12-15,25.47,26.67,23.55,25.92,6955987.15,
2021-12-16,25.92,26.47,24.2,24.38,4592801.28,
2021-12-17,24.39,24.88,22.7,23.28,6555695.74,
2021-12-18,23.28,24.07,22.8,23.66,4649830.88,
2021-12-19,23.67,24.29,22.31,22.65,5431797.76,
2021-12-20,22.67,23.01,20.84,21.75,8660538.91,
2021-12-21,21.76,23.49,21.42,23.1,6665850.24,
2021-12-22,23.09,24.23,22.81,23.33,7687073.9,
2021-12-23,23.33,27.94,22.92,27.01,14342343.67,
2021-12-24,27.01,28.75,26.4,27.61,8857729.63,
2021-12-25,27.62,28.81,26.5,27.28,4690802.62,
2021-12-26,27.29,27.93,25.75,26.69,5817163.03,
2021-12-27,26.69,29.92,26.66,28.27,9144574.13,
2021-12-28,28.26,28.28,24.36,24.72,11297891.93,
2021-12-29,24.71,25.32,23.48,24.05,6358693.17,
2021-12-30,24.05,26.04,23.22,24.76,6349723.12,
2021-12-31,24.76,26.59,23.96,24.41,6328874.29,
2022-01-01,24.41,25.98,24.41,25.63,3896249.14,
2022-01-02,25.62,28.56,25.37,27.32,10735354.0,
2022-01-03,27.32,29.48,26.51,29.26,10892541.31,
2022-01-04,29.27,35.6,27.8,33.8,25447335.25,
2022-01-05,33.81,37.87,29.1,30.64,33721270.43,
2022-01-06,30.64,32.63,28.56,30.58,20065977.49,
2022-01-07,30.58,32.39,27.01,30.24,19973774.33,
2022-01-08,30.24,33.88,30.08,32.91,23554320.93,
2022-01-09,32.9,37.25,32.78,36.14,27113142.43,
2022-01-10,36.14,37.75,32.17,34.28,28351058.0,
2022-01-11,34.28,37.08,33.56,34.39,14593267.97,
2022-01-12,34.38,35.88,32.6,34.99,12152541.42,
2022-01-13,34.98,35.05,31.2,31.38,10338983.47,
2022-01-14,31.38,33.1,31.04,32.52,7755354.53,
2022-01-15,32.52,33.98,31.74,32.53,5511503.23,
2022-01-16,32.53,33.11,30.53,31.14,6337859.18,
2022-01-17,31.15,31.33,28.62,29.62,7512707.73,
2022-01-18,29.62,31.69,28.15,29.35,10262829.08,
2022-01-19,29.36,29.6,26.15,26.52,8547242.2,
2022-01-20,26.52,28.58,24.72,24.95,9189991.82,
2022-01-21,24.95,25.5,22.28,24.19,16141102.53,
2022-01-22,24.18,25.32,18.06,20.53,21991412.29,
2022-01-23,20.53,22.11,20.04,21.27,8646638.97,
2022-01-24,21.26,21.91,18.38,20.71,15375553.33,
2022-01-25,20.72,21.38,19.63,20.04,8673905.38,
2022-01-26,20.04,21.76,19.62,19.8,11768571.65,
2022-01-27,19.79,20.06,18.48,19.58,10589805.44,
2022-01-28,19.57,20.64,18.89,20.28,9248537.7,
2022-01-29,20.29,21.33,20.0,20.16,7119254.58,
2022-01-30,20.17,20.47,18.81,19.23,9156703.65,
2022-01-31,19.22,20.04,18.5,19.81,7933953.08,
2022-02-01,19.81,20.53,19.65,20.15,6876725.5,
2022-02-02,20.15,22.31,19.91,21.58,19579120.92,
2022-02-03,21.58,22.08,19.99,20.77,13725479.0,
2022-02-04,20.77,22.43,20.4,22.23,9447420.66,
2022-02-05,22.24,23.16,21.86,22.23,7333202.7,
2022-02-06,22.23,24.25,22.2,23.34,7490989.19,
2022-02-07,23.34,24.42,22.74,24.0,7475593.52,
2022-02-08,24.01,24.68,22.25,22.99,7856190.36,
2022-02-09,22.99,23.4,22.42,23.06,5316915.87,
2022-02-10,23.06,23.22,21.41,21.58,7976692.31,
2022-02-11,21.57,22.05,19.33,19.8,6773144.84,
2022-02-12,19.8,20.56,19.0,20.05,5870129.09,
2022-02-13,20.05,20.8,19.47,19.73,4559171.71,
2022-02-14,19.73,21.25,19.13,20.72,7509615.17,
2022-02-15,20.73,21.87,20.55,21.76,5276374.25,
2022-02-16,21.76,22.54,20.7,22.06,6294915.66,
2022-02-17,22.07,22.42,19.51,19.84,6659927.67,
2022-02-18,19.84,20.39,19.1,19.6,5167861.4,
2022-02-19,19.6,20.46,19.13,19.98,4388770.79,
2022-02-20,19.98,20.04,18.23,18.7,6602204.0,
2022-02-21,18.69,19.44,17.63,17.75,8140366.11,
2022-02-22,17.75,18.18,16.78,17.9,6714958.87,
2022-02-23,17.91,18.56,17.09,17.28,5688890.89,
2022-02-24,17.29,17.48,14.66,16.6,11967461.5,
2022-02-25,16.59,17.97,16.33,17.64,5721373.17,
2022-02-26,17.65,18.25,17.33,17.73,3337085.17,
2022-02-27,17.72,18.8,16.85,17.21,6618625.5,
2022-02-28,17.21,20.22,16.91,20.11,5969788.68,
2022-03-01,20.11,20.47,19.06,19.36,5632591.88,
2022-03-02,19.37,19.82,18.81,19.3,5205253.32,
2022-03-03,19.3,20.75,18.84,19.96,10010941.54,
2022-03-04,19.96,19.98,17.31,17.59,6473246.5,
2022-03-05,17.59,17.9,16.8,17.66,3975121.25,
2022-03-06,17.67,17.78,16.56,16.6,4181844.69,
2022-03-07,16.6,17.31,15.8,16.39,6355337.47,
2022-03-08,16.39,17.12,16.28,16.85,4417515.09,
2022-03-09,16.85,17.94,16.72,17.45,4449354.84,
2022-03-10,17.45,17.52,16.03,16.6,4228237.21,
2022-03-11,16.6,16.94,15.91,15.99,3822033.23,
2022-03-12,16.0,16.62,15.98,16.07,2702356.96,
2022-03-13,16.08,16.44,15.4,15.71,3048788.91,
2022-03-14,15.71,16.2,15.56,16.15,3326746.4,
2022-03-15,16.14,16.44,15.31,15.85,3738733.19,
2022-03-16,15.85,16.5,15.58,16.49,5427517.1,
2022-03-17,16.48,17.22,16.28,16.56,5120136.32,
2022-03-18,16.57,17.07,16.14,16.88,4629911.08,
2022-03-19,16.88,17.69,16.76,17.59,5635570.68,
2022-03-20,17.59,17.76,16.58,16.77,4520149.98,
2022-03-21,16.77,17.19,16.22,16.94,3988971.13,
2022-03-22,16.95,18.45,16.79,18.01,7359090.48,
2022-03-23,18.01,19.53,17.72,18.98,10683235.27,
2022-03-24,18.96,19.83,18.63,19.42,5431092.73,
2022-03-25,19.41,20.05,18.57,18.74,5318005.44,
2022-03-26,18.74,19.58,18.55,19.41,3320813.16,
2022-03-27,19.42,22.0,18.94,21.89,8432500.96,
2022-03-28,21.89,23.52,21.09,21.79,11607377.58,
2022-03-29,21.78,23.31,21.35,22.12,9572815.79,
2022-03-30,22.13,22.48,21.11,21.83,6429564.48,
2022-03-31,21.84,23.39,20.05,20.99,9677273.86,
2022-04-01,20.99,21.83,19.98,21.63,6227627.09,
2022-04-02,21.63,22.53,20.89,21.0,6087158.27,
2022-04-03,21.02,22.84,20.61,22.66,4799722.54,
2022-04-04,22.66,23.55,20.73,21.88,11600809.71,
2022-04-05,21.88,22.85,20.82,21.05,6900970.65,
2022-04-06,21.05,21.19,18.58,18.72,8147839.05,
2022-04-07,18.72,19.49,18.28,19.29,4403906.6,
2022-04-08,19.28,19.58,17.74,17.98,5363832.6,
2022-04-09,17.98,18.46,17.8,18.37,3212365.44,
2022-04-10,18.37,18.46,17.23,17.34,3983382.14,
2022-04-11,17.33,17.51,15.57,16.08,7613611.85,
2022-04-12,16.08,17.05,15.97,16.58,4805686.06,
2022-04-13,16.58,17.14,16.18,16.98,4229958.75,
2022-04-14,16.97,17.32,16.12,16.49,4549461.12,
2022-04-15,16.5,16.97,16.36,16.79,3342190.65,
2022-04-16,16.8,17.77,16.51,17.56,4892837.44,
2022-04-17,17.56,17.91,16.34,16.4,6295192.06,
2022-04-18,16.4,17.14,15.62,16.98,5745182.99,
2022-04-19,16.97,17.72,16.78,17.42,4815548.03,
2022-04-20,17.42,17.84,16.73,17.09,4750596.74,
2022-04-21,17.09,17.78,16.1,16.44,5677096.07,
2022-04-22,16.45,16.98,16.23,16.58,4310631.71,
2022-04-23,16.57,17.19,16.35,16.47,4153612.2,
2022-04-24,16.47,16.69,16.01,16.2,3434793.95,
2022-04-25,16.2,16.24,14.97,16.13,6455807.74,
2022-04-26,16.14,16.4,14.5,14.99,5724908.84,
2022-04-27,14.98,15.59,14.74,15.3,4550470.43,
2022-04-28,15.3,15.55,14.9,15.11,4408581.92,
2022-04-29,15.11,15.24,13.64,14.15,6255974.98,
2022-04-30,14.16,14.35,11.21,12.4,9669922.54,
2022-05-01,12.39,13.37,12.13,13.03,7592227.8,
2022-05-02,13.03,13.22,12.32,12.93,5453769.42,
2022-05-03,12.93,13.54,12.51,12.81,5244437.31,
2022-05-04,12.81,14.41,12.76,14.28,6203606.64,
2022-05-05,14.27,14.59,12.19,12.7,8748567.07,
2022-05-06,12.7,12.8,12.17,12.45,5820225.12,
2022-05-07,12.46,12.53,11.62,12.05,4571390.53,
2022-05-08,12.04,12.3,11.66,11.89,5326446.14,
2022-05-09,11.9,12.16,9.73,9.89,13058258.05,
2022-05-10,9.88,11.6,9.59,10.55,15483838.83,
2022-05-11,10.54,10.85,7.0,7.44,21255795.23,
2022-05-12,7.43,8.04,6.0,7.21,17403450.03,
2022-05-13,7.21,10.43,7.08,9.28,18828652.03,
2022-05-14,9.28,9.44,7.63,8.53,9377341.65,
2022-05-15,8.53,9.24,8.03,9.22,7191828.92,
2022-05-16,9.22,9.23,7.93,8.11,7701270.11,
2022-05-17,8.11,8.72,8.08,8.62,6289109.99,
2022-05-18,8.62,8.77,7.43,7.49,7602391.72,
2022-05-19,7.49,8.32,7.27,8.18,7210811.08,
2022-05-20,8.18,8.45,7.53,7.76,7446934.0,
2022-05-21,7.77,8.25,7.58,7.99,4759525.38,
2022-05-22,7.99,8.37,7.84,8.21,5439508.56,
2022-05-23,8.22,8.86,7.55,7.75,9611229.01,
2022-05-24,7.75,7.92,7.31,7.92,6885631.65,
2022-05-25,7.92,8.06,7.58,7.78,5483876.27,
2022-05-26,7.77,7.91,6.92,7.29,7335432.08,
2022-05-27,7.29,7.51,6.81,6.96,9078804.42,
2022-05-28,6.96,7.42,6.73,7.22,4966924.89,
2022-05-29,7.22,7.41,6.96,7.13,5699124.01,
2022-05-30,7.13,8.34,7.04,8.11,10284575.49,
2022-05-31,8.11,8.73,7.95,8.26,11038669.15,
2022-06-01,8.26,8.44,7.41,7.61,8667050.67,
2022-06-02,7.61,9.83,7.47,9.44,32221533.12,
2022-06-03,9.44,9.64,7.8,7.91,27257429.61,
2022-06-04,7.9,7.98,7.47,7.74,12697528.24,
2022-06-05,7.74,7.76,7.25,7.33,8270262.11,
2022-06-06,7.34,8.04,7.31,7.59,8799781.22,
2022-06-07,7.58,7.6,6.73,6.82,13876806.59,
2022-06-08,6.82,6.99,6.48,6.49,12361885.97,
2022-06-09,6.49,6.97,6.28,6.4,8958073.08,
2022-06-10,6.4,6.55,6.18,6.44,2208828.17,
2022-06-11,6.44,6.44,6.44,6.44,0.0,
2022-06-12,6.44,6.44,6.44,6.44,0.0,
2022-06-13,6.44,6.44,6.44,6.44,0.0,
2022-06-14,6.44,6.44,6.44,6.44,0.0,
2022-06-15,6.44,6.44,6.44,6.44,0.0,
2022-06-16,6.44,6.44,6.44,6.44,0.0,
2022-06-17,6.44,6.44,6.44,6.44,0.0,
2022-06-18,6.44,6.44,6.44,6.44,0.0,
2022-06-19,6.44,6.44,6.44,6.44,0.0,
2022-06-20,6.44,6.44,6.44,6.44,0.0,
2022-06-21,6.44,6.44,6.44,6.44,0.0,
2022-06-22,6.44,6.44,6.44,6.44,0.0,
2022-06-23,6.44,6.44,6.44,6.44,0.0,
2022-06-24,6.44,6.44,6.44,6.44,0.0,
2022-06-25,6.44,6.44,6.44,6.44,0.0,
2022-06-26,6.44,6.44,6.44,6.44,0.0,
2022-06-27,6.44,6.44,6.44,6.44,0.0,
2022-06-28,6.44,6.44,6.44,6.44,0.0,
2022-06-29,6.44,6.44,6.44,6.44,0.0,
2022-06-30,6.44,6.44,6.44,6.44,0.0,
2022-07-01,6.44,6.44,6.44,6.44,0.0,
2022-07-02,6.44,6.44,6.44,6.44,0.0,
2022-07-03,6.44,6.44,6.44,6.44,0.0,
2022-07-04,6.44,6.44,6.44,6.44,0.0,
2022-07-05,6.44,6.44,6.44,6.44,0.0,
2022-07-06,6.44,6.44,6.44,6.44,0.0,
2022-07-07,6.44,6.44,6.44,6.44,0.0,
2022-07-08,6.44,6.44,6.44,6.44,0.0,
2022-07-09,6.44,6.44,6.44,6.44,0.0,
2022-07-10,6.44,6.44,6.44,6.44,0.0,
2022-07-11,6.44,6.44,6.44,6.44,0.0,
2022-07-12,6.44,6.44,6.44,6.44,0.0,
2022-07-13,6.44,6.44,6.44,6.44,0.0,
2022-07-14,6.44,6.44,6.44,6.44,0.0,
2022-07-15,6.44,6.44,6.44,6.44,0.0,
2022-07-16,6.44,6.44,6.44,6.44,0.0,
2022-07-17,6.44,6.44,6.44,6.44,0.0,
2022-07-18,6.44,6.44,6.44,6.44,0.0,
2022-07-19,6.44,6.44,6.44,6.44,0.0,
2022-07-20,6.44,6.44,6.44,6.44,0.0,
2022-07-21,6.44,6.44,6.44,6.44,0.0,
2022-07-22,6.44,6.44,6.44,6.44,0.0,
2022-07-23,6.44,6.44,6.44,6.44,0.0,
2022-07-24,6.44,6.44,6.44,6.44,0.0,
2022-07-25,6.44,6.44,6.44,6.44,0.0,
2022-07-26,6.44,6.44,6.44,6.44,0.0,
2022-07-27,6.44,6.44,6.44,6.44,0.0,
2022-07-28,6.44,6.44,6.44,6.44,0.0,
2022-07-29,6.44,6.44,6.44,6.44,0.0,
2022-07-30,6.44,6.44,6.44,6.44,0.0,
2022-07-31,6.44,6.44,6.44,6.44,0.0,
2022-08-01,6.44,6.44,6.44,6.44,0.0,
2022-08-02,6.44,6.44,6.44,6.44,0.0,
2022-08-03,6.44,6.44,6.44,6.44,0.0,
2022-08-04,6.44,6.44,6.44,6.44,0.0,
2022-08-05,6.44,6.44,6.44,6.44,0.0,
2022-08-06,6.44,6.44,6.44,6.44,0.0,
2022-08-07,6.44,6.44,6.44,6.44,0.0,
2022-08-08,6.44,6.44,6.44,6.44,0.0,
2022-08-09,6.44,6.44,6.44,6.44,0.0,
2022-08-10,6.44,6.44,6.44,6.44,0.0,
2022-08-11,6.44,6.44,6.44,6.44,0.0,
2022-08-12,6.44,6.44,6.44,6.44,0.0,
2022-08-13,6.44,6.44,6.44,6.44,0.0,
2022-08-14,6.44,6.44,6.44,6.44,0.0,
2022-08-15,6.44,6.44,6.44,6.44,0.0,
2022-08-16,6.44,6.44,6.44,6.44,0.0,
2022-08-17,6.44,6.44,6.44,6.44,0.0,
2022-08-18,6.44,6.44,6.44,6.44,0.0,
2022-08-19,6.44,6.44,6.44,6.44,0.0,
2022-08-20,6.44,6.44,6.44,6.44,0.0,
2022-08-21,6.44,6.44,6.44,6.44,0.0,
2022-08-22,6.44,6.44,6.44,6.44,0.0,
2022-08-23,6.44,6.44,6.44,6.44,0.0,
2022-08-24,6.44,6.44,6.44,6.44,0.0,
2022-08-25,6.44,6.44,6.44,6.44,0.0,
2022-08-26,6.44,6.44,6.44,6.44,0.0,
2022-08-27,6.44,6.44,6.44,6.44,0.0,
2022-08-28,6.44,6.44,6.44,6.44,0.0,
2022-08-29,6.44,6.44,6.44,6.44,0.0,
2022-08-30,6.44,6.44,6.44,6.44,0.0,
2022-08-31,6.44,6.44,6.44,6.44,0.0,
2022-09-27,6.61,6.825,5.962,6.102,4916117.0,0.0003
2022-09-28,6.108,6.154,5.866,6.046,1593341.0,0.0003
2022-09-29,6.041,6.144,5.91,6.139,1265056.0,0.0003
2022-09-30,6.14,6.236,6.02,6.077,1068426.0,0.0003
2022-10-01,6.079,6.166,6.005,6.116,621646.0,0.0003
2022-10-02,6.12,6.191,5.864,5.904,861177.0,0.0003
2022-10-03,5.904,6.099,5.834,6.028,1027894.0,0.0003
2022-10-04,6.024,6.223,5.974,6.176,1338533.0,0.0003
2022-10-05,6.177,6.183,5.89,6.022,1733307.0,0.0003
2022-10-06,6.022,6.15,5.951,5.973,1151763.0,0.0003
2022-10-07,5.972,6.011,5.891,5.946,872381.0,0.00027789
2022-10-08,5.948,5.978,5.781,5.812,704222.0,0.0003
2022-10-09,5.812,5.902,5.8,5.856,586731.0,0.0003
2022-10-10,5.856,5.908,5.239,5.311,2256097.0,0.0003
2022-10-11,5.31,5.38,5.197,5.231,1688107.0,0.0003
2022-10-12,5.231,5.322,4.7,5.063,2974349.0,0.0003
2022-10-13,5.066,5.129,4.662,5.026,3490628.0,0.0003
2022-10-14,5.028,5.262,4.768,4.851,2129143.0,0.00022841
2022-10-15,4.852,5.03,4.786,4.92,2005944.0,2.126e-05
2022-10-16,4.92,5.14,4.914,4.98,2439768.0,0.0003
2022-10-17,4.981,5.154,4.941,5.076,1714526.0,0.0003
2022-10-18,5.075,5.135,4.836,4.946,2602722.0,0.00028496
2022-10-19,4.945,4.998,4.777,4.809,2344228.0,9.502e-05
2022-10-20,4.808,4.962,4.772,4.82,2931926.0,0.00017859
2022-10-21,4.819,4.941,4.617,4.898,3412073.0,0.0003
2022-10-22,4.896,4.961,4.82,4.907,2243981.0,0.0003
2022-10-23,4.908,5.035,4.79,5.024,2971208.0,0.0003
2022-10-24,5.026,5.041,4.724,4.814,3680369.0,0.0003
2022-10-25,4.813,5.114,4.795,5.014,4607642.0,0.0003
2022-10-26,5.014,5.16,4.93,5.096,4601413.0,0.00028534
2022-10-27,5.095,5.352,4.99,5.024,5156461.0,0.0003
2022-10-28,5.023,5.218,4.973,5.162,4548752.0,0.00028808
2022-10-29,5.162,5.539,5.161,5.403,6156831.0,0.00019529
2022-10-30,5.402,5.523,5.192,5.318,4527746.0,0.0003
2022-10-31,5.318,5.44,5.12,5.281,4945564.0,0.0003
2022-11-01,5.281,5.384,5.15,5.178,3798042.0,0.0003
2022-11-02,5.178,5.23,4.844,4.935,4993523.0,0.00016127
2022-11-03,4.934,5.6,4.903,5.37,9743892.0,0.00024995
2022-11-04,5.371,5.812,5.369,5.626,7724017.0,0.0003
2022-11-05,5.626,5.8,5.469,5.56,6648501.0,0.0003
2022-11-06,5.561,5.65,5.149,5.203,5859893.0,0.0003
2022-11-07,5.2,5.33,5.0,5.185,5974506.0,0.0003
2022-11-08,5.181,5.262,3.76,4.352,12224827.0,0.0002861
2022-11-09,4.351,4.404,3.462,3.67,8653246.0,-0.00011474
2022-11-10,3.67,4.404,3.58,4.268,5889609.0,-0.00077702
2022-11-11,4.269,4.403,3.89,4.024,5174256.0,0.0003
2022-11-12,4.025,4.027,3.75,3.818,3975191.0,0.0003
2022-11-13,3.818,4.129,3.653,3.945,7969563.0,0.0003
2022-11-14,3.941,4.093,3.656,3.931,6550393.0,0.0003
2022-11-15,3.931,4.118,3.885,3.975,5330347.0,0.0003
2022-11-16,3.976,4.035,3.808,3.87,4658404.0,0.0003
2022-11-17,3.869,3.936,3.727,3.756,4765937.0,0.00014763
2022-11-18,3.756,3.875,3.733,3.833,4454805.0,0.00029575
2022-11-19,3.832,4.02,3.754,3.963,5440149.0,9.195e-05
2022-11-20,3.964,4.063,3.585,3.602,7123126.0,9.440000000000004e-06
2022-11-21,3.602,3.729,3.504,3.62,6587596.0,-2.3640000000000004e-05
2022-11-22,3.62,3.745,3.51,3.721,4768689.0,0.00028166
2022-11-23,3.722,3.952,3.699,3.917,4422350.0,0.00027457
2022-11-24,3.918,3.985,3.819,3.881,4637804.0,0.00029302
2022-11-25,3.88,3.926,3.765,3.922,3799014.0,0.00029928
2022-11-26,3.922,4.044,3.867,3.888,4787663.0,0.0003
2022-11-27,3.888,4.123,3.88,3.891,3994211.0,0.0003
2022-11-28,3.891,3.969,3.746,3.85,4173432.0,0.00022835
2022-11-29,3.85,3.978,3.81,3.964,4297826.0,0.0003
2022-11-30,3.964,4.156,3.958,4.095,5379582.0,0.0003
2022-12-01,4.095,4.263,4.01,4.115,5801022.0,0.0003
2022-12-02,4.115,4.35,3.966,4.28,5841046.0,0.0003
2022-12-03,4.281,4.355,4.112,4.133,4889592.0,0.00025575
2022-12-04,4.133,4.379,4.125,4.339,5256701.0,0.00023482
2022-12-05,4.339,4.615,4.328,4.424,8050231.0,0.00015982
2022-12-06,4.424,4.487,4.319,4.378,4178108.0,7.101000000000001e-05
2022-12-07,4.379,4.436,4.12,4.174,4445400.0,8.491e-05
2022-12-08,4.174,4.336,4.056,4.277,3747323.0,0.0002149
2022-12-09,4.278,4.477,4.246,4.368,5857459.0,0.00019767
2022-12-10,4.37,4.43,4.297,4.401,2897818.0,9.28000000000002e-06
2022-12-11,4.401,4.465,4.2,4.216,3651403.0,-1.4279999999999992e-05
2022-12-12,4.215,4.232,4.064,4.173,3683438.0,0.00011873
2022-12-13,4.173,4.298,3.941,4.17,5446853.0,0.00023426
2022-12-14,4.17,4.214,3.968,3.99,5740497.0,0.0003
2022-12-15,3.991,4.044,3.848,3.924,4587855.0,-4.843999999999999e-05
2022-12-16,3.924,3.983,3.48,3.557,6792135.0,0.00022129
2022-12-17,3.556,3.742,3.415,3.689,8254497.0,0.00029291
2022-12-18,3.688,3.738,3.602,3.68,4245230.0,-0.00091376
2022-12-19,3.681,3.742,3.342,3.494,5963865.0,0.00024564
2022-12-20,3.494,3.747,3.447,3.711,5925908.0,-5.432999999999999e-05
2022-12-21,3.711,3.744,3.581,3.716,5353915.0,5.452000000000001e-05
2022-12-22,3.717,3.784,3.603,3.74,5349736.0,-0.0001039799999999
2022-12-23,3.74,3.788,3.632,3.663,5460541.0,0.00010026
2022-12-24,3.663,3.764,3.657,3.736,5301915.0,0.00016442
2022-12-25,3.736,3.783,3.7,3.762,4761703.0,5.6080000000000005e-05
2022-12-26,3.762,3.92,3.761,3.855,8663625.0,-0.00040315
2022-12-27,3.855,3.935,3.76,3.834,4920426.0,-0.00012303
2022-12-28,3.834,4.042,3.777,3.956,14614055.0,-0.00066194
2022-12-29,3.956,4.1,3.902,4.017,14430466.0,-0.00144936
2022-12-30,4.017,4.244,3.891,4.119,13017858.0,-0.00037718
2022-12-31,4.119,4.185,3.92,3.931,8268395.0,-0.00024012
2023-01-01,3.931,4.055,3.91,4.017,5502973.0,0.00016811
2023-01-02,4.017,4.235,3.93,4.012,8565821.0,0.0003
2023-01-03,4.012,4.053,3.826,3.912,10193399.0,0.00020897
2023-01-04,3.912,4.046,3.897,3.942,8467677.0,8.100000000000007e-06
2023-01-05,3.943,3.974,3.781,3.815,6495578.0,-0.00022772
2023-01-06,3.815,3.916,3.757,3.897,5980348.0,-0.00015626
2023-01-07,3.896,4.039,3.886,4.013,5564456.0,0.00022427
2023-01-08,4.012,4.134,3.933,4.115,6285346.0,0.00023681
2023-01-09,4.114,4.375,4.09,4.244,8929127.0,0.0003
2023-01-10,4.244,4.331,4.155,4.321,5512356.0,0.0003
2023-01-11,4.32,4.379,4.113,4.34,7363902.0,0.0003
2023-01-12,4.339,4.54,4.183,4.51,8674613.0,0.0003
2023-01-13,4.511,4.69,4.35,4.605,6619238.0,0.0003
2023-01-14,4.606,5.348,4.594,5.068,13478169.0,0.00047772
2023-01-15,5.067,5.458,4.93,5.153,14617464.0,0.00073164
2023-01-16,5.153,5.291,4.826,5.034,7986115.0,0.0008299
2023-01-17,5.035,5.476,4.919,5.093,8220424.0,0.0003
2023-01-18,5.096,5.583,4.908,4.945,13849218.0,0.0003
2023-01-19,4.945,5.162,4.866,5.145,6439839.0,0.0003
2023-01-20,5.143,5.624,4.919,5.497,7615735.0,0.0003
2023-01-21,5.498,5.72,5.386,5.419,7536456.0,0.0003
2023-01-22,5.42,6.01,5.33,5.543,8908627.0,0.0003
2023-01-23,5.541,5.971,5.541,5.808,7419245.0,0.0003
2023-01-24,5.809,5.988,5.457,5.516,5874118.0,0.0003
2023-01-25,5.514,5.926,5.381,5.765,6019184.0,0.0003
2023-01-26,5.766,6.062,5.729,5.833,7118805.0,0.0003
2023-01-27,5.832,6.2,5.589,6.068,6226600.0,0.0003
2023-01-28,6.069,6.113,5.793,6.086,4542825.0,0.0003
2023-01-29,6.085,6.276,6.003,6.24,4410298.0,0.0003
2023-01-30,6.24,6.262,5.572,5.775,4462723.0,0.0003
2023-01-31,5.776,5.952,5.641,5.87,3067867.0,0.0003
2023-02-01,5.87,6.2,5.644,6.062,4692842.0,0.0003
2023-02-02,6.063,6.164,5.705,5.782,6017941.0,0.000477
2023-02-03,5.781,5.909,5.724,5.873,3401747.0,0.0003
2023-02-04,5.874,5.975,5.761,5.797,2379973.0,0.00063892
2023-02-05,5.797,5.968,5.406,5.624,4257018.0,0.00033347
2023-02-06,5.625,5.689,5.377,5.447,3019561.0,0.0003
2023-02-07,5.448,5.893,5.432,5.853,4686374.0,0.0003
2023-02-08,5.853,5.986,5.613,5.73,4460151.0,0.00030306
2023-02-09,5.73,5.759,4.955,5.071,6364329.0,0.0003
2023-02-10,5.073,5.192,4.982,5.065,4039579.0,0.00015141
2023-02-11,5.064,5.28,5.029,5.263,2221804.0,0.00020489
2023-02-12,5.262,5.707,5.189,5.505,5837961.0,0.0001341
2023-02-13,5.504,5.65,5.161,5.344,8553827.0,0.0003
2023-02-14,5.344,5.56,5.291,5.531,3887865.0,0.00028472
2023-02-15,5.531,6.063,5.49,6.032,4971188.0,0.0003
2023-02-16,6.033,6.267,5.841,5.935,7447334.0,0.0003
2023-02-17,5.936,7.803,5.911,7.321,30232927.0,0.0003
2023-02-18,7.322,7.68,7.036,7.062,11281218.0,0.00057159
2023-02-19,7.062,8.25,7.058,7.359,19908720.0,0.00066515
2023-02-20,7.358,7.528,7.1,7.335,9536288.0,0.00035242
2023-02-21,7.336,7.373,6.733,6.895,7802748.0,0.00076355
2023-02-22,6.896,7.317,6.47,6.729,11181397.0,0.00052987
2023-02-23,6.73,6.967,6.561,6.688,4986514.0,0.0003
2023-02-24,6.689,6.868,6.093,6.287,6516237.0,0.0003
2023-02-25,6.287,6.374,5.87,6.11,4386492.0,0.0003
2023-02-26,6.109,6.325,6.025,6.239,3844944.0,0.0003
2023-02-27,6.24,6.503,5.991,6.125,5805760.0,0.0003
2023-02-28,6.125,6.145,5.76,5.8,4247555.0,0.0003
2023-03-01,5.799,6.222,5.739,6.175,5158707.0,0.0003
2023-03-02,6.174,6.199,5.763,5.934,4321032.0,0.0003
2023-03-03,5.934,5.935,5.177,5.589,6500847.0,0.0003
2023-03-04,5.59,5.635,5.196,5.398,3135138.0,0.0003
2023-03-05,5.398,5.546,5.291,5.336,2942101.0,0.0003
2023-03-06,5.335,5.53,5.236,5.319,3835455.0,0.0003
2023-03-07,5.319,5.425,5.145,5.336,4834909.0,0.0003
2023-03-08,5.336,5.363,4.975,5.044,4258114.0,0.0003
2023-03-09,5.043,5.253,4.625,4.765,6527132.0,0.00029519
2023-03-10,4.763,4.981,4.533,4.92,7407527.0,0.00021951
2023-03-11,4.919,5.03,4.52,4.716,6223033.0,0.0003
2023-03-12,4.716,5.265,4.601,5.228,5526793.0,0.0003
2023-03-13,5.228,5.443,4.984,5.361,7735688.0,0.0003
2023-03-14,5.362,5.776,5.21,5.532,8209176.0,0.0003
2023-03-15,5.532,5.683,4.957,5.168,6780678.0,0.00035139
2023-03-16,5.168,5.264,5.032,5.163,5586380.0,0.0003
2023-03-17,5.162,5.654,5.108,5.636,5995042.0,0.0003
2023-03-18,5.635,5.765,5.275,5.329,6098157.0,0.0003
2023-03-19,5.33,5.617,5.306,5.408,4717200.0,0.0003
2023-03-20,5.408,5.528,5.032,5.104,6732952.0,0.0003
2023-03-21,5.102,5.298,4.988,5.254,5640907.0,0.0003
2023-03-22,5.256,5.292,4.817,5.087,7701861.0,0.0003
2023-03-23,5.087,5.259,4.984,5.2,3788012.0,0.0003
2023-03-24,5.202,5.249,4.824,4.943,5247621.0,0.0003
2023-03-25,4.941,4.992,4.776,4.89,2803128.0,0.0003
2023-03-26,4.89,5.023,4.865,4.985,2065285.0,0.0003
2023-03-27,4.984,4.996,4.622,4.754,4764332.0,0.0003
2023-03-28,4.754,4.87,4.668,4.828,3577952.0,0.0003
2023-03-29,4.829,5.193,4.829,5.146,4997076.0,0.0003
2023-03-30,5.146,5.195,4.912,5.017,3815072.0,0.0003
2023-03-31,5.018,5.3,4.973,5.19,4507299.0,0.0003
2023-04-01,5.189,5.288,5.086,5.237,2632490.0,0.0003
2023-04-02,5.237,5.3,4.958,5.062,4143173.0,0.0003
2023-04-03,5.062,5.088,4.755,4.928,4761505.0,0.0003
2023-04-04,4.928,5.042,4.898,4.993,3591742.0,0.0003
2023-04-05,4.993,5.144,4.915,5.017,4503746.0,0.0003
2023-04-06,5.018,5.028,4.824,4.887,3481813.0,0.0003
2023-04-07,4.888,5.087,4.802,4.979,5157750.0,0.0003
2023-04-08,4.979,5.029,4.853,4.91,3066940.0,0.0003
2023-04-09,4.911,5.083,4.837,5.012,3305938.0,0.0002656
2023-04-10,5.013,5.238,4.95,5.183,4203836.0,0.0003
2023-04-11,5.184,5.344,5.121,5.321,4969021.0,0.0003
2023-04-12,5.321,5.482,5.122,5.394,11926097.0,0.0003
2023-04-13,5.394,5.51,5.259,5.471,5551164.0,0.0003
2023-04-14,5.471,5.66,5.336,5.504,6941025.0,0.0003
2023-04-15,5.505,5.949,5.387,5.861,8347807.0,0.00032751
2023-04-16,5.862,6.201,5.75,6.075,11778803.0,0.0003
2023-04-17,6.075,6.292,5.842,6.241,15828099.0,0.00036255
2023-04-18,6.242,6.982,6.124,6.826,30593474.0,0.0003
2023-04-19,6.825,7.241,5.99,6.113,29269871.0,0.0003
2023-04-20,6.113,6.398,5.774,5.877,13875967.0,0.0003
2023-04-21,5.877,5.934,5.376,5.528,10084073.0,0.0003
2023-04-22,5.527,5.625,5.39,5.608,5380670.0,0.0003
2023-04-23,5.609,5.622,5.233,5.412,6320498.0,-9.029e-05
2023-04-24,5.412,5.578,5.254,5.368,6072518.0,8.352000000000001e-05
2023-04-25,5.368,5.531,5.17,5.49,6917975.0,-3.274e-05
2023-04-26,5.49,5.714,5.012,5.311,10062184.0,0.00028042
2023-04-27,5.311,5.796,5.276,5.736,8751164.0,0.00026098
2023-04-28,5.735,6.149,5.666,6.043,30202447.0,9.896e-05
2023-04-29,6.043,6.854,6.011,6.485,43406418.0,0.0003
2023-04-30,6.486,6.68,6.222,6.399,24326527.0,0.0003
2023-05-01,6.399,6.489,5.619,5.76,23733794.0,0.0003
2023-05-02,5.759,5.834,5.621,5.72,13716162.0,0.00022289
2023-05-03,5.721,5.94,5.533,5.937,17343530.0,0.00019993
2023-05-04,5.937,6.211,5.791,5.908,15145767.0,0.00027778
2023-05-05,5.908,6.068,5.65,5.942,12274955.0,0.00025457
2023-05-06,5.943,5.977,5.479,5.587,9056315.0,0.0003
2023-05-07,5.586,5.708,5.496,5.541,5249408.0,0.00015614
2023-05-08,5.54,5.643,5.133,5.327,13709399.0,0.00012776
2023-05-09,5.328,5.353,5.15,5.275,7001799.0,2.842e-05
2023-05-10,5.276,5.47,5.017,5.284,9071309.0,0.00014372
2023-05-11,5.286,5.295,4.906,5.0,10769736.0,0.00013566
2023-05-12,5.0,5.235,4.92,5.226,7552256.0,0.00027051
2023-05-13,5.225,5.237,5.087,5.146,4275172.0,0.00022573
2023-05-14,5.145,5.29,5.055,5.189,4893121.0,0.00021226
2023-05-15,5.188,5.383,5.11,5.234,5219527.0,9.084e-05
2023-05-16,5.233,5.288,5.151,5.23,4446334.0,0.00021868
2023-05-17,5.229,5.418,5.113,5.376,4484144.0,0.0002907
2023-05-18,5.377,5.421,5.13,5.265,4522813.0,0.0003
2023-05-19,5.265,5.362,5.21,5.311,3381535.0,0.0003
2023-05-20,5.311,5.313,5.174,5.22,3610408.0,0.0003
2023-05-21,5.221,5.234,4.975,5.05,3814615.0,4.025e-05
2023-05-22,5.048,5.146,4.966,5.073,4676829.0,0.00014182
2023-05-23,5.072,5.203,5.01,5.039,4190886.0,0.00028997
2023-05-24,5.039,5.04,4.755,4.815,5605815.0,0.00028155
2023-05-25,4.815,4.885,4.69,4.818,4245563.0,0.00020658
2023-05-26,4.817,4.923,4.736,4.822,4356572.0,0.00029898
2023-05-27,4.822,4.969,4.801,4.906,5043045.0,0.00024427
2023-05-28,4.905,5.051,4.852,4.998,4929941.0,0.0003
2023-05-29,4.997,5.026,4.836,4.874,4940141.0,0.0003
2023-05-30,4.874,4.955,4.803,4.827,5031306.0,0.0003
2023-05-31,4.826,4.841,4.62,4.676,5626503.0,0.0003
2023-06-01,4.675,4.728,4.532,4.669,4262419.0,0.0003
2023-06-02,4.669,4.876,4.629,4.807,4904017.0,0.0003
2023-06-03,4.807,4.856,4.754,4.799,4143551.0,0.0003
2023-06-04,4.798,4.872,4.765,4.793,3050259.0,0.0003
2023-06-05,4.792,4.798,4.05,4.335,10179102.0,0.0003
2023-06-06,4.335,4.47,4.17,4.419,6579251.0,9.89e-05
2023-06-07,4.419,4.421,4.123,4.189,6026794.0,0.00020083
2023-06-08,4.188,4.23,4.12,4.174,3972797.0,0.0002495
2023-06-09,4.175,4.345,4.104,4.269,6518049.0,0.00025093
2023-06-10,4.268,4.277,3.254,3.688,17690125.0,-0.00029736
2023-06-11,3.688,3.766,3.615,3.655,5564781.0,-0.00030979
2023-06-12,3.654,3.756,3.547,3.725,6187404.0,0.00023624
2023-06-13,3.726,4.044,3.704,3.965,14388872.0,-0.00012647
2023-06-14,3.966,4.015,3.702,3.784,12835150.0,-0.00026565
2023-06-15,3.784,4.009,3.686,3.959,14946101.0,0.00013329
2023-06-16,3.959,4.152,3.869,3.992,7800722.0,0.00014249
2023-06-17,3.992,4.067,3.921,3.977,5066377.0,0.00028192
2023-06-18,3.979,4.066,3.875,3.958,4743147.0,0.0002616
2023-06-19,3.959,3.994,3.856,3.952,4467791.0,0.0003
2023-06-20,3.952,4.208,3.891,4.17,7979232.0,0.0003
2023-06-21,4.17,4.294,4.095,4.197,7938706.0,6.68e-05
2023-06-22,4.196,4.339,4.1,4.137,8928485.0,0.0003
2023-06-23,4.137,4.408,4.135,4.33,6798139.0,0.0003
2023-06-24,4.33,4.4,4.146,4.263,5801955.0,0.0003
2023-06-25,4.263,4.471,4.231,4.324,7191116.0,0.0003
2023-06-26,4.324,4.367,4.155,4.255,6733463.0,0.0003
2023-06-27,4.255,4.407,4.241,4.332,4675713.0,0.00029548
2023-06-28,4.332,4.34,3.877,4.042,7319607.0,0.00014742
2023-06-29,4.042,4.129,3.975,4.04,4626738.0,0.00013486
2023-06-30,4.04,4.271,3.77,4.093,10999256.0,0.00011681
2023-07-01,4.094,4.237,4.079,4.22,4320596.0,0.0003
2023-07-02,4.22,4.232,4.074,4.195,4728301.0,0.0003
2023-07-03,4.195,4.567,4.142,4.464,14577633.0,0.0003
2023-07-04,4.463,4.517,4.28,4.345,6630180.0,0.0003
2023-07-05,4.345,4.449,4.1,4.241,6608296.0,0.00027521
2023-07-06,4.241,4.398,4.033,4.05,6835035.0,0.00017935
2023-07-07,4.048,4.129,3.989,4.103,4598222.0,3.934e-05
2023-07-08,4.103,4.155,3.958,4.047,3867682.0,-5.688e-05
2023-07-09,4.048,4.097,4.007,4.031,3064779.0,-3.4800000000000006e-05
2023-07-10,4.031,4.181,3.902,4.072,6694362.0,0.00016127
2023-07-11,4.073,4.17,4.032,4.113,4910286.0,0.00016289
2023-07-12,4.113,4.225,4.03,4.122,6007345.0,0.0003
2023-07-13,4.122,4.412,4.095,4.382,8480211.0,0.00025872
2023-07-14,4.383,4.525,4.115,4.252,12015666.0,0.0003
2023-07-15,4.253,4.285,4.117,4.207,4552625.0,0.0003
2023-07-16,4.206,4.225,4.05,4.083,5777469.0,0.0003
2023-07-17,4.082,4.157,3.959,4.094,7747796.0,0.0003
2023-07-18,4.094,4.12,3.915,4.072,6954063.0,0.0003
2023-07-19,4.072,4.148,4.027,4.06,5256626.0,0.00027075
2023-07-20,4.061,4.171,4.003,4.049,7037587.0,0.0003
2023-07-21,4.048,4.134,4.014,4.066,5672883.0,0.0003
2023-07-22,4.065,4.167,4.057,4.131,4424801.0,0.0003
2023-07-23,4.132,4.325,4.129,4.212,13171806.0,0.0003
2023-07-24,4.212,4.225,3.887,4.011,8239691.0,0.0003
2023-07-25,4.011,4.074,3.97,4.016,4832408.0,-0.00023426
2023-07-26,4.016,4.122,3.971,4.083,4798437.0,0.00022444
2023-07-27,4.083,4.235,4.047,4.212,5415746.0,0.0003
2023-07-28,4.212,4.358,4.176,4.314,10663366.0,0.00021601
2023-07-29,4.313,4.387,4.277,4.335,5002703.0,0.0003
2023-07-30,4.335,4.376,4.188,4.268,4573630.0,0.0003
2023-07-31,4.267,4.295,4.17,4.213,3642061.0,0.0003
2023-08-01,4.213,4.252,4.07,4.25,4982207.0,0.0003
2023-08-02,4.25,4.282,4.092,4.139,4301378.0,0.00027174
2023-08-03,4.139,4.165,4.01,4.04,3470912.0,0.0003
2023-08-04,4.039,4.075,3.949,4.031,3320326.0,0.00015973
2023-08-05,4.032,4.047,4.001,4.013,2272339.0,0.0003
2023-08-06,4.013,4.136,4.007,4.12,2611510.0,0.00017205
2023-08-07,4.12,4.178,3.985,4.096,4416286.0,0.00022623
2023-08-08,4.097,4.234,4.051,4.102,4765266.0,0.00020434
2023-08-09,4.102,4.143,4.026,4.079,3926598.0,0.0003
2023-08-10,4.079,4.102,4.008,4.027,3895828.0,0.00022135
2023-08-11,4.026,4.05,4.0,4.032,2229416.0,0.00020755
2023-08-12,4.031,4.066,4.015,4.044,2116917.0,0.00028253
2023-08-13,4.044,4.089,4.022,4.028,3210003.0,0.0003
2023-08-14,4.028,4.132,4.015,4.054,4311577.0,0.0003
2023-08-15,4.053,4.083,3.527,3.827,7739549.0,0.0003
2023-08-16,3.828,3.854,3.56,3.7,6501825.0,-3.894e-05
2023-08-17,3.7,3.825,3.075,3.401,12772129.0,0.0001809399999999
2023-08-18,3.401,3.535,3.386,3.503,6457234.0,-0.0001165299999999
2023-08-19,3.502,3.568,3.466,3.558,2857420.0,0.00017055
2023-08-20,3.558,3.602,3.512,3.582,2201238.0,0.0001642
2023-08-21,3.582,3.601,3.407,3.486,3446321.0,0.00023239
2023-08-22,3.486,3.528,3.238,3.423,5440918.0,0.00027198
2023-08-23,3.424,3.633,3.368,3.6,8140692.0,0.00020819
2023-08-24,3.6,3.701,3.511,3.598,7961223.0,-0.0001875
2023-08-25,3.597,3.601,3.452,3.509,5748274.0,0.00017567
2023-08-26,3.509,3.568,3.492,3.553,2187186.0,0.00022778
2023-08-27,3.553,3.65,3.465,3.489,5122595.0,0.0002748
2023-08-28,3.488,3.508,3.42,3.487,4443232.0,-1.5549999999999985e-05
2023-08-29,3.486,3.743,3.413,3.648,8191713.0,-0.00018278
2023-08-30,3.647,3.65,3.448,3.488,4927911.0,0.0003
2023-08-31,3.489,3.495,3.238,3.338,5944415.0,0.0002196
2023-09-01,3.338,3.376,3.172,3.235,3863445.0,0.00023976
2023-09-02,3.235,3.277,3.204,3.254,2206910.0,0.00016526
2023-09-03,3.254,3.279,3.192,3.254,2225564.0,0.00028116
2023-09-04,3.253,3.34,3.194,3.268,3277572.0,0.00024692
2023-09-05,3.268,3.324,3.253,3.291,3703906.0,0.00023074
2023-09-06,3.292,3.382,3.216,3.368,4985065.0,0.00016403
2023-09-07,3.368,3.394,3.303,3.372,3360434.0,0.00029322
2023-09-08,3.372,3.388,3.264,3.295,3208597.0,0.00027766
2023-09-09,3.296,3.306,3.25,3.259,1982371.0,-1.5199999999999992e-05
2023-09-10,3.259,3.26,3.0,3.093,5726615.0,-0.00020258
2023-09-11,3.093,3.101,2.9,2.957,7538982.0,-0.0001261899999999
2023-09-12,2.956,3.088,2.92,2.931,5849405.0,-9.867e-05
2023-09-13,2.931,2.981,2.851,2.93,6581783.0,-0.00023007
2023-09-14,2.93,2.982,2.9,2.919,5219238.0,-0.00027009
2023-09-15,2.919,3.033,2.879,2.998,6870293.0,-0.00027835
2023-09-16,2.998,3.134,2.96,3.002,5146832.0,0.00022129
2023-09-17,3.002,3.004,2.853,2.926,4682288.0,-0.00026619
2023-09-18,2.926,3.026,2.893,2.978,4907910.0,4.538e-05
2023-09-19,2.977,3.058,2.966,3.027,3986025.0,0.00021786
2023-09-20,3.028,3.039,2.921,2.999,4711860.0,0.00014346
2023-09-21,2.998,3.015,2.874,2.898,4491678.0,-8.164999999999999e-05
2023-09-22,2.898,2.936,2.82,2.919,4539541.0,-0.00010564
2023-09-23,2.92,2.964,2.911,2.964,2650382.0,6.51e-05
2023-09-24,2.963,2.992,2.889,2.919,3577607.0,0.00021885
2023-09-25,2.92,3.012,2.878,2.999,4477558.0,0.00025111
2023-09-26,2.999,3.008,2.918,2.953,3978486.0,8.928000000000001e-05
2023-09-27,2.954,3.025,2.898,2.931,7314620.0,0.00018841
2023-09-28,2.932,3.091,2.923,3.08,5421969.0,3.0029999999999995e-05
2023-09-29,3.08,3.195,3.054,3.139,7372574.0,0.0001840799999999
2023-09-30,3.14,3.219,3.104,3.16,4149618.0,0.00016489
2023-10-01,3.161,3.34,3.149,3.304,4272136.0,-7.952e-05
2023-10-02,3.305,3.314,2.947,3.121,5832078.0,0.0003
2023-10-03,3.121,3.157,3.051,3.124,4780668.0,0.0003
2023-10-04,3.123,3.21,3.0,3.163,8000351.0,7.213e-05
2023-10-05,3.163,3.174,3.023,3.053,3533211.0,1.994e-05
2023-10-06,3.053,3.125,3.038,3.07,4371972.0,-0.00022164
2023-10-07,3.069,3.128,3.046,3.094,2471185.0,5.969e-05
2023-10-08,3.094,3.136,3.051,3.088,2840311.0,0.00021359
2023-10-09,3.089,3.117,2.855,2.92,7192606.0,3.294000000000002e-05
2023-10-10,2.921,2.982,2.913,2.969,3283518.0,3.45e-05
2023-10-11,2.97,2.981,2.868,2.934,4340988.0,-2.987e-05
2023-10-12,2.933,2.939,2.87,2.927,2983094.0,0.00024848
2023-10-13,2.926,3.089,2.92,3.058,4189206.0,0.0003
2023-10-14,3.058,3.129,3.042,3.102,7264993.0,0.00025045
2023-10-15,3.101,3.208,3.091,3.15,5889523.0,0.00026582
2023-10-16,3.149,3.277,3.113,3.159,7718981.0,-1.026e-05
2023-10-17,3.158,3.182,3.031,3.065,4991955.0,0.00024068
2023-10-18,3.065,3.132,3.043,3.053,5434440.0,0.00026458
2023-10-19,3.053,3.064,2.952,2.997,4493960.0,0.00018951
2023-10-20,2.998,3.152,2.985,3.12,5103024.0,0.00022065
2023-10-21,3.12,3.251,3.116,3.219,4993893.0,0.00011685
2023-10-22,3.218,3.242,3.1,3.23,4039233.0,0.00023173
2023-10-23,3.23,3.525,3.2,3.518,13491628.0,0.00029402
2023-10-24,3.518,3.662,3.413,3.602,13092491.0,0.0003
2023-10-25,3.602,3.705,3.507,3.57,8050526.0,0.0003
2023-10-26,3.57,3.708,3.42,3.543,9846448.0,0.0003
2023-10-27,3.543,3.569,3.434,3.506,4689594.0,0.0003
2023-10-28,3.507,3.763,3.504,3.707,4289819.0,0.0003
2023-10-29,3.707,4.229,3.661,4.028,17718788.0,0.0003
2023-10-30,4.029,4.085,3.825,4.043,9804900.0,0.00031043
2023-10-31,4.043,4.125,3.788,3.944,7115026.0,0.00030064
2023-11-01,3.945,4.085,3.769,4.074,6977823.0,0.0003
2023-11-02,4.073,4.174,3.88,4.021,7961859.0,0.00064799
2023-11-03,4.021,4.023,3.802,3.945,5339870.0,0.0003
2023-11-04,3.946,4.065,3.85,4.023,4233023.0,0.00031363
2023-11-05,4.022,4.22,3.967,4.064,7614122.0,0.00052214
2023-11-06,4.064,4.311,3.979,4.263,6830398.0,0.0003595
2023-11-07,4.263,4.28,4.035,4.194,6337431.0,0.00037343
2023-11-08,4.194,4.3,4.116,4.271,5432652.0,0.00033677
2023-11-09,4.27,4.433,3.576,4.087,13221488.0,0.00086836
2023-11-10,4.087,4.389,3.974,4.381,9339501.0,0.0003
2023-11-11,4.383,4.574,4.228,4.468,12125539.0,0.00071269
2023-11-12,4.469,4.714,4.28,4.675,10428927.0,0.00083455
2023-11-13,4.675,4.962,4.512,4.522,15478891.0,0.0003339299999999
2023-11-14,4.522,4.559,4.092,4.27,9862649.0,0.00038871
2023-11-15,4.269,4.793,4.219,4.737,8696073.0,0.0003
2023-11-16,4.737,4.8,4.275,4.403,10270807.0,0.00076525
2023-11-17,4.403,4.524,4.156,4.335,7873712.0,0.0003
2023-11-18,4.336,4.342,4.014,4.315,5734597.0,0.0003
2023-11-19,4.315,4.626,4.233,4.585,6958011.0,0.0003
2023-11-20,4.585,4.614,4.372,4.533,6637701.0,0.0003
2023-11-21,4.532,4.68,4.046,4.081,8800762.0,0.0003
2023-11-22,4.08,4.523,4.069,4.441,5043916.0,0.0003
2023-11-23,4.441,4.647,4.434,4.599,6115367.0,0.0003
2023-11-24,4.599,4.696,4.518,4.603,4316575.0,0.0003
2023-11-25,4.603,4.788,4.568,4.719,4607158.0,0.0003
2023-11-26,4.72,4.772,4.483,4.655,5369035.0,0.0003
2023-11-27,4.655,4.716,4.354,4.477,4599808.0,0.0003
2023-11-28,4.477,4.654,4.401,4.588,4341073.0,0.0003
2023-11-29,4.589,4.677,4.456,4.511,3775080.0,0.0003
2023-11-30,4.51,4.579,4.438,4.566,2754948.0,0.0003
2023-12-01,4.565,4.84,4.526,4.692,7512446.0,0.0003
2023-12-02,4.692,4.884,4.669,4.838,4015840.0,0.0003
2023-12-03,4.838,4.869,4.649,4.714,4030416.0,0.0003
2023-12-04,4.714,5.251,4.683,5.133,14965754.0,0.00074215
2023-12-05,5.134,5.205,4.904,5.115,8059798.0,0.00039417
2023-12-06,5.116,5.311,4.821,4.892,9721670.0,0.00043221
2023-12-07,4.892,5.094,4.762,5.07,7251734.0,0.00041982
2023-12-08,5.07,5.287,5.026,5.224,5433555.0,0.0011484
2023-12-09,5.225,5.666,5.224,5.575,10256954.0,0.00132
2023-12-10,5.576,5.606,5.266,5.583,5738829.0,0.0003
2023-12-11,5.583,5.707,4.956,5.291,16508127.0,0.00040881
2023-12-12,5.292,5.737,5.278,5.546,11868223.0,0.00043979
2023-12-13,5.547,6.406,5.501,6.262,20842690.0,0.0003
2023-12-14,6.262,6.662,6.09,6.347,18561054.0,0.0003
2023-12-15,6.348,7.626,6.21,7.208,28900484.0,0.00040079
2023-12-16,7.207,11.943,7.083,9.999,154457732.0,0.00018897
2023-12-17,9.999,11.726,9.749,10.521,90680015.0,0.0003
2023-12-18,10.521,10.768,9.087,9.814,49830940.0,0.00066208
2023-12-19,9.814,10.956,9.2,9.276,32653378.0,0.0004108
2023-12-20,9.278,9.69,8.711,8.839,24127474.0,0.00035716
2023-12-21,8.839,9.293,8.54,9.174,22281749.0,0.00088951
2023-12-22,9.174,10.989,9.063,9.349,35262332.0,0.00056466
2023-12-23,9.349,9.575,8.81,9.55,13777122.0,0.00060049
2023-12-24,9.551,10.273,9.33,9.805,21653238.0,0.00092674
2023-12-25,9.806,9.904,9.268,9.575,11679226.0,0.00116239
2023-12-26,9.574,9.79,8.287,9.253,15833867.0,0.00164201
2023-12-27,9.253,9.439,8.758,9.225,9957643.0,0.00062902
2023-12-28,9.224,10.508,9.192,9.763,40309753.0,0.00106717
2023-12-29,9.762,9.9,9.1,9.38,18922877.0,0.00085061
2023-12-30,9.381,12.58,9.376,12.26,68324021.0,0.0005219399999999
2023-12-31,12.262,15.306,11.934,13.312,113230996.0,0.00091251
2024-01-01,13.312,14.104,12.68,12.945,32829904.0,0.00144648
2024-01-02,12.945,15.116,12.457,13.989,40068441.0,0.00159141
2024-01-03,13.988,16.337,11.949,14.389,70938028.0,0.00072244
2024-01-04,14.388,15.25,13.56,13.858,24232263.0,0.0003
2024-01-05,13.857,14.529,12.572,13.3,20401038.0,0.00026114
2024-01-06,13.297,13.301,11.711,12.003,16733431.0,0.0003
2024-01-07,12.006,12.806,11.063,11.269,15043509.0,9.974e-05
2024-01-08,11.272,13.864,10.324,13.713,38235026.0,0.00028064
2024-01-09,13.713,13.945,12.166,12.732,25540630.0,0.0003
2024-01-10,12.731,14.19,12.05,13.903,17782882.0,0.0003
2024-01-11,13.902,13.917,12.665,13.082,15820461.0,0.00015095
2024-01-12,13.082,13.12,11.75,12.234,13762860.0,7.549e-05
2024-01-13,12.234,13.396,11.85,12.909,13623367.0,0.00028811
2024-01-14,12.908,13.938,12.562,12.598,16285933.0,0.0003
2024-01-15,12.598,13.286,12.558,12.883,9528072.0,0.00023078
2024-01-16,12.881,13.134,12.23,12.681,8412468.0,0.00025413
2024-01-17,12.68,12.814,12.03,12.175,6148154.0,0.0003
2024-01-18,12.174,12.48,11.261,11.485,10709771.0,0.0003
2024-01-19,11.484,11.543,10.46,11.212,12200307.0,0.0003
2024-01-20,11.212,11.753,10.963,11.434,7221343.0,0.0003
2024-01-21,11.435,11.59,11.057,11.108,4184058.0,0.00029034
2024-01-22,11.107,11.361,10.367,10.48,9684059.0,0.0003
2024-01-23,10.48,10.782,9.509,10.48,11088767.0,0.0003
2024-01-24,10.48,11.715,10.347,11.523,12221512.0,0.00017519
2024-01-25,11.522,12.182,11.0,11.136,12938453.0,0.00022557
2024-01-26,11.134,12.547,10.956,12.149,9823895.0,0.00029057
2024-01-27,12.148,12.98,12.109,12.71,9554326.0,0.00028683
2024-01-28,12.709,12.973,12.18,12.33,7411411.0,0.00021255
2024-01-29,12.333,12.66,12.034,12.553,6718519.0,0.0003
2024-01-30,12.551,12.656,11.68,11.728,7719220.0,0.0003
2024-01-31,11.728,11.967,11.276,11.46,7457033.0,0.0003
2024-02-01,11.461,11.845,11.21,11.658,7179459.0,0.0003
2024-02-02,11.658,12.932,11.617,12.738,13913458.0,0.0003
2024-02-03,12.741,13.663,12.485,12.739,16222337.0,0.0003
2024-02-04,12.738,13.283,12.462,12.745,10168220.0,0.0003
2024-02-05,12.744,13.034,12.061,12.237,9472136.0,0.0003
2024-02-06,12.237,12.415,11.87,12.145,6715948.0,0.0003
2024-02-07,12.145,12.379,11.77,12.313,6285911.0,0.0003
2024-02-08,12.314,12.643,12.07,12.184,6586781.0,0.0003
2024-02-09,12.183,13.022,12.155,12.856,7939609.0,0.0003
2024-02-10,12.856,13.527,12.576,13.133,7256762.0,0.0003
2024-02-11,13.132,13.579,12.8,12.98,6249480.0,0.0003
2024-02-12,12.98,13.514,12.551,13.274,7232742.0,0.0003
2024-02-13,13.275,13.455,12.663,12.928,6471581.0,0.00050159
2024-02-14,12.928,13.991,12.839,13.589,8774231.0,0.0007120799999999
2024-02-15,13.589,14.138,13.049,13.515,9655279.0,0.0006555599999999
2024-02-16,13.516,13.682,12.865,13.135,6147020.0,0.00087393
2024-02-17,13.136,13.507,12.68,13.19,5059894.0,0.00061184
2024-02-18,13.19,14.014,13.181,13.666,6673797.0,0.0010118599999999
2024-02-19,13.665,14.893,13.504,14.612,12864611.0,0.00076358
2024-02-20,14.612,14.722,13.0,13.737,9974401.0,0.00089897
2024-02-21,13.737,13.805,12.633,13.188,6126760.0,0.0003
2024-02-22,13.187,13.32,12.718,12.751,5169098.0,0.00042751
2024-02-23,12.751,12.958,12.036,12.373,6602317.0,0.00086797
2024-02-24,12.373,12.664,12.033,12.533,4341833.0,0.00076916
2024-02-25,12.535,12.654,12.306,12.498,3476472.0,0.00091044
2024-02-26,12.498,13.01,12.108,12.949,6407236.0,0.0012181
2024-02-27,12.949,13.319,12.7,13.038,6371029.0,0.0016524
2024-02-28,13.038,13.415,10.531,12.651,12795438.0,0.00168229
2024-02-29,12.649,13.508,12.331,12.611,10146602.0,0.00194985
2024-03-01,12.611,13.032,12.595,12.973,5386513.0,0.00188198
2024-03-02,12.972,13.678,12.747,13.321,9181881.0,0.00269217
2024-03-03,13.321,13.9,12.238,13.204,11797856.0,0.00242669
2024-03-04,13.204,13.781,12.79,13.386,11801714.0,0.00214037
2024-03-05,13.387,17.045,11.33,14.055,36981545.0,0.00322616
2024-03-06,14.057,15.656,13.654,15.353,18889253.0,0.00054928
2024-03-07,15.353,15.855,14.375,14.932,10231489.0,0.0012528399999999
2024-03-08,14.933,15.177,13.989,14.663,9437051.0,0.00170352
2024-03-09,14.664,15.348,14.491,14.775,7814474.0,0.00189323
2024-03-10,14.777,14.851,13.713,14.151,7056296.0,0.00184926
2024-03-11,14.152,15.344,13.237,15.056,10539854.0,0.00158967
2024-03-12,15.057,15.324,13.637,14.731,10831985.0,0.00219885
2024-03-13,14.731,14.909,14.061,14.517,6975005.0,0.00199254
2024-03-14,14.516,14.685,13.125,13.94,9981231.0,0.00174064
2024-03-15,13.94,14.131,11.984,12.895,13438004.0,0.00083531
2024-03-16,12.894,13.265,11.918,12.249,8780554.0,0.00074817
2024-03-17,12.249,12.767,11.56,12.596,6720960.0,0.00045142
2024-03-18,12.596,12.818,11.782,12.381,7576069.0,0.00054204
2024-03-19,12.379,12.602,10.727,10.923,13177946.0,0.00057684
2024-03-20,10.925,11.976,10.55,11.929,8506699.0,0.00032261
2024-03-21,11.929,13.073,11.63,12.746,8628061.0,0.0003
2024-03-22,12.746,13.937,12.488,13.366,16417248.0,0.0003
2024-03-23,13.367,13.868,12.828,13.487,9557536.0,0.0003
2024-03-24,13.487,15.32,13.487,15.135,13544589.0,0.00037301
2024-03-25,15.136,17.939,15.08,17.669,32573958.0,0.00066591
2024-03-26,17.667,20.572,17.298,19.039,28433021.0,0.00075618
2024-03-27,19.038,21.0,18.254,18.407,26863012.0,0.00098534
2024-03-28,18.408,18.827,17.374,18.048,12944998.0,0.00150972
2024-03-29,18.047,18.765,17.007,17.216,9995387.0,0.00137035
2024-03-30,17.216,18.658,17.166,17.896,10158754.0,0.00127338
2024-03-31,17.895,19.036,17.604,18.801,8150792.0,0.00127473
2024-04-01,18.799,19.322,17.26,18.048,12262969.0,0.00136156
2024-04-02,18.05,18.64,16.528,17.926,13024757.0,0.0006191
2024-04-03,17.926,19.123,17.332,17.856,11631430.0,0.00030844
2024-04-04,17.857,18.45,17.475,17.867,8059361.0,0.00035408
2024-04-05,17.868,17.999,16.555,16.866,7053748.0,0.0003
2024-04-06,16.867,17.234,16.729,17.042,3245638.0,0.00039673
2024-04-07,17.042,17.53,16.91,17.15,3366983.0,0.00036465
2024-04-08,17.15,18.147,16.821,17.807,4768692.0,0.00047569
2024-04-09,17.808,17.891,15.943,16.069,7761553.0,0.00053144
2024-04-10,16.069,16.22,15.012,15.973,7131329.0,0.00032359
2024-04-11,15.975,16.39,15.364,15.52,5589510.0,0.00034456
2024-04-12,15.521,15.84,11.787,13.915,10301095.0,0.00050394
2024-04-13,13.916,13.916,10.3,12.344,14638255.0,7.901e-05
2024-04-14,12.342,13.089,11.662,12.87,10002924.0,-5.827e-05
2024-04-15,12.871,13.73,11.942,12.352,8409287.0,0.00020372
2024-04-16,12.354,12.53,11.536,12.233,6813088.0,0.00022894
2024-04-17,12.235,12.487,11.375,11.851,6275695.0,2.8530000000000013e-05
2024-04-18,11.852,12.91,11.549,12.765,6026744.0,0.00018549
2024-04-19,12.765,14.435,11.779,14.059,9783830.0,0.0001539
2024-04-20,14.059,15.7,13.85,15.521,9641858.0,-5.891e-05
2024-04-21,15.521,16.384,14.873,15.087,7336623.0,0.00027662
2024-04-22,15.083,15.629,14.742,15.065,5834077.0,0.00015754
2024-04-23,15.064,15.25,14.42,14.459,4311702.0,0.00018795
2024-04-24,14.459,14.97,13.55,13.699,6513090.0,0.00020046
2024-04-25,13.695,14.106,13.261,13.763,5118718.0,0.00020354
2024-04-26,13.763,13.853,13.0,13.058,3494293.0,2.640000000000016e-06
2024-04-27,13.058,13.59,12.544,13.298,3952931.0,2.1000000000000104e-06
2024-04-28,13.299,14.115,13.276,13.571,4159471.0,7.61e-05
2024-04-29,13.572,13.832,13.116,13.423,5395772.0,0.00025292
2024-04-30,13.423,13.605,12.379,12.865,6756418.0,0.00016493
2024-05-01,12.865,13.374,12.153,13.171,6797391.0,0.00016978
2024-05-02,13.171,13.647,12.87,13.505,5160396.0,0.00017759
2024-05-03,13.504,13.954,12.929,13.6,5584839.0,0.00020338
2024-05-04,13.601,13.619,13.06,13.155,3823765.0,0.00024001
2024-05-05,13.158,13.28,12.81,12.979,3905847.0,0.00015779
2024-05-06,12.978,13.996,12.767,12.792,7736588.0,0.00027325
2024-05-07,12.792,13.077,12.37,12.387,4611484.0,-5.161e-05
2024-05-08,12.386,12.51,11.992,12.019,5219176.0,6.472000000000002e-05
2024-05-09,12.018,12.337,11.781,12.165,5702651.0,5.914e-05
2024-05-10,12.165,12.479,11.633,11.848,5268032.0,9.581e-05
2024-05-11,11.851,12.22,11.783,11.863,2796522.0,0.0002178
2024-05-12,11.864,12.013,11.608,11.713,2753625.0,0.00013293
2024-05-13,11.713,12.199,11.173,11.779,6960804.0,0.00010792
2024-05-14,11.779,12.153,11.538,11.824,8049370.0,-3.829999999999996e-06
2024-05-15,11.824,12.716,11.717,12.483,6379983.0,0.00020068
2024-05-16,12.484,12.595,11.924,12.167,4544412.0,0.0003
2024-05-17,12.167,13.229,12.023,13.094,6259245.0,0.0003
2024-05-18,13.095,13.632,12.951,13.237,5302124.0,0.00025917
2024-05-19,13.237,13.479,12.53,12.6,4305125.0,0.0003
2024-05-20,12.6,13.667,12.397,13.564,5963344.0,0.00017502
2024-05-21,13.565,13.862,13.2,13.311,5596485.0,0.0003
2024-05-22,13.312,13.368,12.771,12.833,4268552.0,0.0003
2024-05-23,12.833,12.954,11.727,12.286,6367028.0,0.0003
2024-05-24,12.286,12.454,11.927,12.42,3283343.0,0.0003
2024-05-25,12.42,12.484,12.2,12.329,2277086.0,0.0003
2024-05-26,12.329,12.549,11.981,12.052,2631403.0,0.0003
2024-05-27,12.052,12.6,11.944,12.392,3545572.0,0.0003
2024-05-28,12.389,12.479,11.952,12.111,3756261.0,0.0003
2024-05-29,12.111,12.368,11.969,12.081,3329908.0,0.0003
2024-05-30,12.081,12.335,11.745,11.97,3820214.0,0.00035257
2024-05-31,11.97,12.05,11.612,11.861,3140132.0,0.00031427
2024-06-01,11.86,12.197,11.849,12.092,1853394.0,0.00041434
2024-06-02,12.093,12.199,11.769,11.871,2129090.0,0.00047962
2024-06-03,11.871,12.234,11.779,11.989,2841840.0,0.00036155
2024-06-04,11.99,12.405,11.91,12.31,3247511.0,0.0003
2024-06-05,12.31,12.636,12.251,12.342,2653317.0,0.00049245
2024-06-06,12.341,12.387,11.91,12.094,2381202.0,0.00043825
2024-06-07,12.094,13.011,10.535,11.52,10863211.0,0.00036709
2024-06-08,11.52,11.575,10.756,10.877,4595449.0,0.0003
2024-06-09,10.877,11.081,10.78,11.032,2495701.0,0.0003
2024-06-10,11.032,11.249,10.565,11.093,3917271.0,0.0003
2024-06-11,11.092,11.197,9.852,10.079,6526754.0,0.0003
2024-06-12,10.079,10.848,9.83,10.493,8248236.0,0.00028937
2024-06-13,10.493,10.521,9.662,9.816,4815415.0,0.0003
2024-06-14,9.816,9.91,9.004,9.297,5036071.0,0.0003
2024-06-15,9.295,9.382,8.997,9.102,3537165.0,0.00026342
2024-06-16,9.101,9.651,9.011,9.612,3715265.0,0.00029675
2024-06-17,9.611,9.679,8.456,8.866,5853664.0,0.00012433
2024-06-18,8.867,8.899,7.535,8.114,9684445.0,0.00023054
2024-06-19,8.113,8.484,8.021,8.377,4457198.0,9.21e-05
2024-06-20,8.377,8.764,8.19,8.259,4608246.0,9.072e-05
2024-06-21,8.259,8.486,8.005,8.388,3508655.0,0.00023786
2024-06-22,8.387,8.388,8.149,8.185,2243269.0,0.00022185
2024-06-23,8.187,8.349,7.801,7.883,3274538.0,0.0003
2024-06-24,7.883,8.074,7.48,8.016,5262644.0,0.0002377
2024-06-25,8.015,8.369,7.97,8.281,3006110.0,0.00021209
2024-06-26,8.281,8.375,8.052,8.118,2575054.0,0.00021137
2024-06-27,8.118,8.326,7.962,8.255,2734323.0,0.000267
2024-06-28,8.255,8.31,7.868,7.899,3387141.0,0.0003
2024-06-29,7.899,8.048,7.86,7.937,2022862.0,0.00027619
2024-06-30,7.937,8.212,7.783,8.165,2886494.0,0.00025632
2024-07-01,8.166,8.351,8.048,8.062,2538899.0,0.00026705
2024-07-02,8.062,8.143,7.837,7.861,2785926.0,0.0003
2024-07-03,7.862,7.89,7.243,7.325,4762230.0,0.00015737
2024-07-04,7.325,7.329,6.59,6.681,8496361.0,0.00018557
2024-07-05,6.68,6.889,5.809,6.812,12559567.0,-0.0002633
2024-07-06,6.812,7.552,6.687,7.546,6053300.0,-0.00014674
2024-07-07,7.546,7.65,6.866,6.918,6040013.0,7.250000000000001e-05
2024-07-08,6.918,7.376,6.618,6.824,7202549.0,0.00016612
2024-07-09,6.823,7.309,6.742,7.236,4864069.0,0.00010662
2024-07-10,7.236,7.389,7.087,7.207,2821593.0,0.0002738299999999
2024-07-11,7.208,7.706,7.122,7.355,4223513.0,0.00022026
2024-07-12,7.356,7.489,7.025,7.317,3209744.0,0.00023461
2024-07-13,7.317,8.548,7.31,8.452,11578400.0,8.46e-06
2024-07-14,8.45,9.0,8.416,8.617,14170640.0,0.00013361
2024-07-15,8.616,9.898,8.61,9.707,11846412.0,-0.00018425
2024-07-16,9.708,9.839,9.253,9.626,9450435.0,0.00025511
2024-07-17,9.628,10.456,9.524,10.246,10996849.0,0.00025054
2024-07-18,10.246,10.462,9.533,9.666,5324088.0,0.00026849
2024-07-19,9.667,10.247,9.337,10.142,5303206.0,0.0002854
2024-07-20,10.143,10.63,10.034,10.329,5134403.0,0.00025357
2024-07-21,10.332,10.833,9.908,10.715,5315038.0,0.0002505899999999
2024-07-22,10.716,10.98,10.045,10.143,4384414.0,0.00026349
2024-07-23,10.144,10.247,9.48,9.62,3994669.0,0.0003
2024-07-24,9.62,10.104,9.411,9.495,3124480.0,0.0003
2024-07-25,9.494,9.922,9.309,9.913,6504090.0,0.00026311
2024-07-26,9.913,10.013,9.521,9.703,6688498.0,0.00012138
2024-07-27,9.704,10.119,9.398,9.682,5511805.0,5.290000000000001e-05
2024-07-28,9.682,9.802,9.219,9.338,2869418.0,0.00023663
2024-07-29,9.338,9.75,8.911,8.927,4821779.0,0.00025713
2024-07-30,8.927,9.181,8.715,8.823,4262049.0,0.00020432
2024-07-31,8.822,9.532,8.751,8.955,4951182.0,0.00023579
2024-08-01,8.955,9.007,8.361,8.883,6453055.0,0.00023946
2024-08-02,8.882,9.269,8.219,8.294,6362085.0,0.00016365
2024-08-03,8.297,8.403,7.567,7.754,5821622.0,0.00013277
2024-08-04,7.753,7.922,7.043,7.324,5314568.0,-0.00024645
2024-08-05,7.324,7.417,6.247,7.057,20298362.0,-0.00017045
2024-08-06,7.057,7.832,7.034,7.658,6455659.0,-0.00016589
2024-08-07,7.658,7.765,6.92,7.015,5632675.0,-8.725e-05
2024-08-08,7.016,7.726,6.92,7.695,5522335.0,0.00019644
2024-08-09,7.695,7.697,7.254,7.439,4072241.0,0.00011238
2024-08-10,7.439,7.583,7.205,7.356,2900730.0,4.031e-05
2024-08-11,7.356,7.487,6.786,6.819,4117024.0,-0.00014596
2024-08-12,6.82,7.33,6.811,7.278,5153421.0,-0.00013842
2024-08-13,7.279,7.409,6.906,7.356,3660881.0,2.377e-05
2024-08-14,7.357,7.438,7.032,7.126,3386880.0,7.136000000000001e-05
2024-08-15,7.126,7.295,6.826,6.939,3043096.0,0.00027737
2024-08-16,6.939,7.178,6.815,7.005,3010414.0,0.00013092
2024-08-17,7.005,7.275,6.966,7.273,2154616.0,0.00018314
2024-08-18,7.272,7.374,7.119,7.144,2275211.0,8.214999999999999e-05
2024-08-19,7.144,7.244,6.937,7.216,3238760.0,0.00013284
2024-08-20,7.217,7.453,7.118,7.26,2810616.0,8.681e-05
2024-08-21,7.26,7.807,7.2,7.683,3575317.0,0.00012984
2024-08-22,7.685,8.121,7.548,8.028,3196031.0,6.29999999999999e-07
2024-08-23,8.027,8.731,8.017,8.678,5181102.0,9.041e-05
2024-08-24,8.679,8.944,8.464,8.69,3726542.0,0.00028698
2024-08-25,8.69,8.728,8.244,8.51,4257234.0,0.00026182
2024-08-26,8.509,8.606,7.984,8.071,3554268.0,0.00028711
2024-08-27,8.071,8.296,7.601,7.712,3788070.0,0.00019826
2024-08-28,7.712,7.987,7.507,7.751,4971638.0,8.943e-05
2024-08-29,7.753,8.199,7.69,7.786,3918981.0,-0.00019334
2024-08-30,7.784,7.868,7.329,7.613,3374450.0,5.127000000000001e-05
2024-08-31,7.612,7.714,7.427,7.553,1526965.0,9.545e-05
2024-09-01,7.554,7.577,7.084,7.179,2441976.0,0.00019722
2024-09-02,7.179,7.548,7.109,7.517,2091608.0,9.6e-05
2024-09-03,7.517,7.638,7.138,7.153,2188519.0,0.00017164
2024-09-04,7.153,7.757,6.877,7.555,3677331.0,7.258e-05
2024-09-05,7.554,7.637,7.13,7.224,3196246.0,0.0001810499999999
2024-09-06,7.224,7.319,6.789,7.02,4623589.0,8.322e-05
2024-09-07,7.021,7.223,6.986,7.053,2089598.0,-0.00010064
2024-09-08,7.055,7.503,7.046,7.41,2785569.0,-9.135e-05
2024-09-09,7.409,7.861,7.388,7.777,2983009.0,2.9580000000000005e-05
2024-09-10,7.777,9.097,7.674,8.924,9342640.0,0.0002536
2024-09-11,8.923,8.954,8.363,8.662,15589805.0,7.003e-05
2024-09-12,8.661,8.732,8.354,8.503,6596227.0,0.00010348
2024-09-13,8.504,8.726,8.156,8.61,5692354.0,0.00029905
2024-09-14,8.611,8.892,8.519,8.64,4151109.0,0.00015641
2024-09-15,8.641,8.793,8.203,8.317,3907405.0,0.00022603
2024-09-16,8.315,8.318,7.878,8.018,4003464.0,0.00016102
2024-09-17,8.018,8.275,7.811,7.904,4208431.0,6.564e-05
2024-09-18,7.904,8.197,7.592,8.187,4801400.0,7.554e-05
2024-09-19,8.186,8.416,7.988,8.082,4976579.0,0.0003
2024-09-20,8.081,8.703,7.915,8.479,4979667.0,0.0003
2024-09-21,8.48,8.596,8.238,8.528,2889798.0,0.0003
2024-09-22,8.528,8.565,8.013,8.242,3202599.0,0.00018963
2024-09-23,8.244,8.729,8.057,8.703,4728109.0,0.00027549
2024-09-24,8.702,9.552,8.551,9.396,7165491.0,0.0003
2024-09-25,9.396,9.537,9.011,9.05,4229713.0,0.0003
2024-09-26,9.05,9.721,8.96,9.499,4269108.0,0.0003
2024-09-27,9.499,9.979,9.304,9.868,4059745.0,0.0003
2024-09-28,9.868,10.047,9.521,9.663,2987155.0,0.0003
2024-09-29,9.664,9.84,9.452,9.527,3223668.0,0.0003
2024-09-30,9.528,9.589,8.897,8.986,4342744.0,0.0003
2024-10-01,8.986,9.416,8.068,8.32,6385853.0,0.00022911
2024-10-02,8.319,8.499,7.856,7.986,5074335.0,9.304e-05
2024-10-03,7.986,8.166,7.68,8.019,4509001.0,-1.6700000000000026e-06
2024-10-04,8.019,8.441,7.975,8.359,3079330.0,-0.0001359299999999
2024-10-05,8.358,8.367,8.065,8.195,1845790.0,8.744e-05
2024-10-06,8.196,8.518,8.124,8.518,1803737.0,0.0003
2024-10-07,8.518,8.652,8.029,8.048,4478234.0,0.00025553
2024-10-08,8.048,8.194,7.901,7.972,3157967.0,0.00024722
2024-10-09,7.973,8.103,7.734,7.819,2721385.0,0.00026598
2024-10-10,7.82,8.081,7.701,8.017,3564058.0,0.00017177
2024-10-11,8.019,8.256,7.968,8.151,2604268.0,0.00017128
2024-10-12,8.151,8.309,8.002,8.056,2117055.0,0.0003
2024-10-13,8.056,8.115,7.712,7.917,2449188.0,0.0003
2024-10-14,7.917,8.424,7.794,8.333,3462915.0,0.00029993
2024-10-15,8.333,8.463,7.832,8.119,5217809.0,0.0003
2024-10-16,8.119,8.145,7.858,7.888,3306407.0,0.0003
2024-10-17,7.887,7.974,7.487,7.672,3746757.0,0.00026116
2024-10-18,7.672,8.05,7.633,8.008,3091834.0,0.0001628
2024-10-19,8.008,8.266,7.95,8.031,2233733.0,0.0003
2024-10-20,8.031,8.379,7.92,8.345,3025356.0,0.0003
2024-10-21,8.347,8.447,7.87,7.966,3427539.0,0.0003
2024-10-22,7.966,8.103,7.818,7.959,2859002.0,0.0003
2024-10-23,7.959,8.339,7.824,8.133,7933595.0,0.00025367
2024-10-24,8.134,8.434,8.035,8.307,3926045.0,0.0003
2024-10-25,8.306,8.52,7.389,7.696,7392939.0,0.0003
2024-10-26,7.695,7.888,7.506,7.733,3768869.0,-0.0001829
2024-10-27,7.733,7.916,7.657,7.792,2120929.0,0.00022103
2024-10-28,7.792,7.866,7.583,7.81,2644572.0,0.0003
2024-10-29,7.81,8.196,7.781,8.134,3659097.0,0.0003
2024-10-30,8.135,8.278,7.961,8.144,3319298.0,0.0003
2024-10-31,8.144,8.207,7.752,7.849,3602317.0,0.0003
2024-11-01,7.849,8.039,7.677,7.809,3857888.0,0.0003
2024-11-02,7.809,7.944,7.452,7.523,2254579.0,0.00022749
2024-11-03,7.524,7.56,6.907,7.178,4443437.0,0.0002272299999999
2024-11-04,7.178,7.292,6.827,7.016,3226938.0,-7.545999999999999e-05
2024-11-05,7.017,7.44,7.007,7.358,2540547.0,0.00028825
2024-11-06,7.359,8.041,7.353,7.879,8635550.0,0.0002074
2024-11-07,7.881,8.127,7.518,7.823,6605246.0,0.0003
2024-11-08,7.824,8.694,7.634,8.62,10199086.0,0.0003
2024-11-09,8.621,8.632,8.105,8.568,6413679.0,0.0003
2024-11-10,8.571,9.49,8.482,9.01,10754793.0,0.00039126
2024-11-11,9.011,9.51,8.805,9.5,8605085.0,0.00051148
2024-11-12,9.499,9.693,8.566,8.825,13496187.0,0.00103812
2024-11-13,8.825,8.955,8.065,8.529,11478940.0,0.0004701
2024-11-14,8.53,8.745,7.865,7.992,7803738.0,0.0004805999999999
2024-11-15,7.992,8.89,7.828,8.687,8751709.0,0.0003
2024-11-16,8.688,9.526,8.614,9.253,9107357.0,0.0003
2024-11-17,9.253,10.153,8.889,8.997,10588582.0,0.00033713
2024-11-18,8.997,9.541,8.904,9.433,9080020.0,0.00066397
2024-11-19,9.434,9.804,8.969,9.149,7249267.0,0.0003323
2024-11-20,9.148,9.563,8.774,8.838,7837303.0,0.0003
2024-11-21,8.838,9.487,8.663,9.23,8510869.0,0.0003
2024-11-22,9.23,11.411,9.095,11.281,17222057.0,0.00033808
2024-11-23,11.281,12.142,10.767,11.398,20392682.0,0.00041958
2024-11-24,11.399,12.121,10.402,11.649,14630982.0,0.0003
2024-11-25,11.65,12.787,11.036,11.516,15824315.0,0.0003
2024-11-26,11.515,11.987,10.695,11.148,11104613.0,0.0003
2024-11-27,11.149,11.797,10.897,11.688,7911864.0,0.00036075
2024-11-28,11.689,11.706,11.071,11.575,6137183.0,0.00055267
2024-11-29,11.574,12.144,11.221,12.069,6022867.0,0.00073734
2024-11-30,12.069,12.799,11.8,12.458,9377031.0,0.0006789599999999
2024-12-01,12.458,13.212,11.933,12.791,8149143.0,0.0008527
2024-12-02,12.79,13.801,12.401,13.799,17416347.0,0.00072006
2024-12-03,13.799,14.793,12.905,14.649,16820222.0,0.00103857
2024-12-04,14.651,15.429,14.149,14.685,12563703.0,0.00112701
2024-12-05,14.685,15.52,13.848,14.281,13109902.0,0.0013032999999999
2024-12-06,14.283,15.374,14.122,15.236,9251850.0,0.00110161
2024-12-07,15.237,15.595,14.526,14.688,5970272.0,0.00128932
2024-12-08,14.688,14.866,14.115,14.585,4485430.0,0.0009989299999999
2024-12-09,14.585,14.618,10.406,11.945,14926213.0,0.00050957
2024-12-10,11.944,12.426,10.828,11.784,13775640.0,0.0003
2024-12-11,11.783,13.236,11.356,13.153,7344932.0,0.0003
2024-12-12,13.153,14.181,12.949,13.662,9282892.0,0.0003
2024-12-13,13.663,13.934,13.128,13.526,6457000.0,0.0003
2024-12-14,13.527,13.772,12.52,12.875,4666001.0,0.0003
2024-12-15,12.875,13.347,12.511,13.197,4208161.0,0.0003
2024-12-16,13.196,13.61,12.405,12.682,5684914.0,0.0003
2024-12-17,12.682,12.959,11.969,12.075,6576124.0,0.0003
2024-12-18,12.076,12.451,10.765,11.085,8022835.0,0.0003
2024-12-19,11.083,11.369,9.816,10.143,11042779.0,0.0003
2024-12-20,10.145,10.779,8.826,10.546,12908982.0,0.0003
2024-12-21,10.545,11.388,9.907,10.031,7852709.0,0.00027772
2024-12-22,10.033,10.325,9.705,9.923,5058309.0,0.0003
2024-12-23,9.923,10.991,9.633,10.772,6010905.0,0.0003
2024-12-24,10.772,11.366,10.449,11.284,4834684.0,0.0003
2024-12-25,11.283,11.642,11.012,11.165,3500089.0,0.0003
2024-12-26,11.165,11.283,10.177,10.294,3535618.0,0.0003
2024-12-27,10.294,10.811,10.05,10.219,3488896.0,0.0003
2024-12-28,10.222,10.846,10.081,10.659,2372240.0,0.0002962
2024-12-29,10.661,10.696,10.009,10.149,2705077.0,0.0003
2024-12-30,10.148,10.55,9.731,10.025,3905527.0,0.0003
2024-12-31,10.025,10.31,9.803,9.87,2497611.0,0.0003
2025-01-01,9.875,10.678,9.723,10.501,2942050.0,0.0003
2025-01-02,10.502,10.878,10.5,10.687,3036698.0,0.0003
2025-01-03,10.687,12.485,10.646,12.389,9536964.0,0.0003
2025-01-04,12.39,12.735,12.122,12.293,5130885.0,0.0003
2025-01-05,12.292,12.31,11.858,12.119,3498553.0,0.0003
2025-01-06,12.119,12.505,11.817,12.187,4644068.0,0.0003
2025-01-07,12.187,12.359,11.01,11.023,5825232.0,0.0003
2025-01-08,11.023,11.243,10.343,10.847,5965285.0,0.0003
2025-01-09,10.845,10.991,9.953,10.119,5002494.0,0.0003
2025-01-10,10.118,10.838,10.089,10.326,4496542.0,0.00020514
2025-01-11,10.325,10.68,10.06,10.478,2580236.0,0.0003
2025-01-12,10.479,10.555,10.105,10.226,2438874.0,0.0003
2025-01-13,10.227,10.535,9.27,9.775,7755273.0,0.00012559
2025-01-14,9.775,10.276,9.736,10.228,3134254.0,0.0003
2025-01-15,10.231,11.056,10.029,11.026,5282887.0,0.0003
2025-01-16,11.027,11.242,10.426,10.805,6333632.0,0.0003
2025-01-17,10.806,11.461,10.803,11.349,4308493.0,0.0003
2025-01-18,11.35,11.478,10.462,10.627,5228494.0,0.0003
2025-01-19,10.628,10.952,9.662,9.89,9608730.0,0.0003
2025-01-20,9.89,10.914,9.478,9.796,10410804.0,0.0003
2025-01-21,9.793,10.154,9.323,9.868,5219395.0,0.0003
2025-01-22,9.868,9.966,9.01,9.103,6493998.0,0.0003
2025-01-23,9.103,9.447,8.967,9.231,5956892.0,0.0003
2025-01-24,9.233,9.406,8.905,9.048,4212211.0,0.0003
2025-01-25,9.048,9.293,8.906,9.203,2614392.0,0.0003
2025-01-26,9.204,9.324,8.778,8.8,3045756.0,0.00025369
2025-01-27,8.8,9.035,8.034,8.892,8187799.0,2.298e-05
2025-01-28,8.893,9.12,8.437,8.54,3439380.0,0.00022853
2025-01-29,8.542,8.864,8.302,8.575,3886787.0,0.00029111
2025-01-30,8.574,9.258,8.465,9.137,3808840.0,0.0003
2025-01-31,9.138,9.744,8.99,9.284,5321849.0,0.0003
2025-02-01,9.284,9.404,8.392,8.489,3358641.0,0.0003
2025-02-02,8.488,8.722,7.05,7.481,9154571.0,0.0001055199999999
2025-02-03,7.483,7.734,5.596,7.636,21527829.0,-0.00055013
2025-02-04,7.636,7.699,6.781,7.028,9129180.0,-9.432e-05
2025-02-05,7.029,7.233,6.828,6.987,4311122.0,0.00019208
2025-02-06,6.988,7.185,6.627,6.705,4750729.0,-3.228e-05
2025-02-07,6.705,7.23,6.633,6.785,4667649.0,-9.49e-05
2025-02-08,6.785,7.05,6.618,7.009,3763924.0,0.00014916
2025-02-09,7.008,7.146,6.604,6.943,3585465.0,1.026e-05
2025-02-10,6.942,7.212,6.712,7.005,3606752.0,0.00027186
2025-02-11,7.005,7.426,6.914,7.085,4324045.0,0.0002421
2025-02-12,7.084,7.471,6.842,7.392,4708740.0,5.989e-05
2025-02-13,7.393,7.411,6.965,7.124,6154664.0,0.00022173
2025-02-14,7.124,7.412,7.096,7.231,5162752.0,0.00025675
2025-02-15,7.231,7.307,7.015,7.1,2447304.0,1.1350000000000005e-05
2025-02-16,7.1,7.13,6.888,6.99,6466160.0,-0.00020662
2025-02-17,6.989,7.238,6.873,7.055,3257872.0,0.0001443
2025-02-18,7.054,7.075,6.554,6.756,3942970.0,-0.00027169
2025-02-19,6.755,6.933,6.664,6.846,3532572.0,0.00023705
2025-02-20,6.845,7.177,6.799,7.14,4420895.0,0.00021987
2025-02-21,7.139,7.454,6.829,6.976,4921308.0,0.00025917
2025-02-22,6.977,7.256,6.942,7.191,2188915.0,0.00017677
2025-02-23,7.191,7.256,6.951,7.061,1995021.0,0.00026271
2025-02-24,7.062,7.1,6.366,6.392,4942978.0,-3.299000000000001e-05
2025-02-25,6.39,6.433,5.875,6.334,11368059.0,0.00018803
2025-02-26,6.335,6.608,6.15,6.386,4792959.0,0.00012832
2025-02-27,6.387,6.815,6.326,6.659,3960967.0,0.00029436
2025-02-28,6.658,6.672,6.002,6.51,6034715.0,0.00010401
2025-03-01,6.511,6.645,6.306,6.584,2668801.0,0.00026635
2025-03-02,6.584,7.236,6.509,7.222,6158140.0,0.00013418
2025-03-03,7.22,7.271,6.082,6.166,6503587.0,0.00025492
2025-03-04,6.166,6.207,5.617,6.024,8070432.0,-0.00024662
2025-03-05,6.024,6.396,5.944,6.363,4116309.0,-6.656e-05
2025-03-06,6.363,6.458,6.103,6.191,3394793.0,0.00010182
2025-03-07,6.191,6.348,5.856,6.068,4982119.0,0.00019433
2025-03-08,6.068,6.093,5.863,5.949,2215033.0,2.1160000000000007e-05
2025-03-09,5.949,5.992,5.334,5.419,4035736.0,-3.717e-05
2025-03-10,5.42,5.788,5.004,5.09,5612495.0,-0.00019101
2025-03-11,5.091,5.517,4.831,5.413,6412391.0,4.176000000000001e-05
2025-03-12,5.413,5.578,5.236,5.478,3190457.0,9.358e-05
2025-03-13,5.477,5.638,5.271,5.444,3343508.0,7.645999999999998e-05
2025-03-14,5.445,5.73,5.417,5.658,2356682.0,0.00026229
2025-03-15,5.656,5.882,5.618,5.822,2738384.0,-3.016e-05
2025-03-16,5.823,5.864,5.504,5.564,2784971.0,8.700000000000035e-07
2025-03-17,5.564,6.086,5.558,5.888,3073155.0,0.00011045
2025-03-18,5.889,5.904,5.596,5.808,3101472.0,8.932e-05
2025-03-19,5.808,6.005,5.78,5.984,3700743.0,0.00022464
2025-03-20,5.985,6.006,5.702,5.739,2022541.0,0.00020791
2025-03-21,5.738,5.785,5.61,5.651,1601347.0,0.00014989
2025-03-22,5.651,5.826,5.602,5.75,2172550.0,0.0002669
2025-03-23,5.75,5.852,5.707,5.83,1618506.0,0.0001691599999999
2025-03-24,5.831,6.109,5.754,6.047,2643457.0,0.0003
2025-03-25,6.046,6.232,5.94,6.194,2505595.0,0.0002615
2025-03-26,6.193,6.367,5.996,6.075,3287154.0,0.00025472
2025-03-27,6.076,6.188,5.934,6.091,2593735.0,0.00021837
2025-03-28,6.091,6.124,5.543,5.595,4021183.0,0.00011698
2025-03-29,5.595,5.64,5.257,5.345,2821540.0,-7.863999999999999e-05
2025-03-30,5.345,5.452,5.192,5.267,2170033.0,2.35e-05
2025-03-31,5.268,5.388,5.072,5.307,3022894.0,5.0660000000000006e-05
2025-04-01,5.306,5.577,5.276,5.411,2874370.0,-0.00019716
2025-04-02,5.41,5.496,4.969,5.007,3735327.0,9.458e-05
2025-04-03,5.008,5.239,4.92,5.136,3238488.0,0.0001294
2025-04-04,5.137,5.241,4.971,5.053,3875000.0,0.00014039
2025-04-05,5.053,5.119,4.931,5.048,3203471.0,-0.00016881
2025-04-06,5.049,5.08,4.453,4.584,6680591.0,-0.0001373
2025-04-07,4.584,4.833,4.179,4.628,9279749.0,0.00020917
2025-04-08,4.628,4.825,4.475,4.618,5739619.0,-2.39e-05
2025-04-09,4.619,5.041,4.484,4.981,8189867.0,9.627e-05
2025-04-10,4.98,5.048,4.719,4.805,3894556.0,-2.237e-05
2025-04-11,4.805,5.082,4.8,5.034,3479234.0,0.0001029999999999
2025-04-12,5.034,5.274,5.015,5.227,3225416.0,-0.00012043
2025-04-13,5.228,5.252,4.96,5.001,3276564.0,0.00010694
2025-04-14,5.001,5.134,4.821,4.882,5145339.0,0.00028367
2025-04-15,4.882,4.969,4.724,4.753,3845074.0,0.0001858599999999
2025-04-16,4.753,4.812,4.572,4.645,3257356.0,0.0001545
2025-04-17,4.644,4.767,4.586,4.71,3100938.0,0.00013474
2025-04-18,4.71,4.812,4.663,4.743,2397689.0,0.00016007
2025-04-19,4.743,4.948,4.738,4.917,2672746.0,0.00021443
2025-04-20,4.916,4.957,4.775,4.874,3059555.0,0.00020717
2025-04-21,4.875,5.008,4.741,4.766,5460870.0,0.00027184
2025-04-22,4.765,5.116,4.628,5.095,7083565.0,-0.00023554
2025-04-23,5.096,5.253,5.024,5.175,6236789.0,0.00019817
2025-04-24,5.175,5.203,4.952,5.192,4613788.0,0.00029983
2025-04-25,5.192,5.376,5.103,5.279,5681449.0,0.00023937
2025-04-26,5.278,5.475,5.224,5.261,3514097.0,1.2350000000000002e-05
2025-04-27,5.262,5.304,5.009,5.023,3542853.0,0.00012526
2025-04-28,5.023,5.187,4.904,5.098,5541201.0,0.0001259
2025-04-29,5.099,5.167,4.833,4.883,4822170.0,0.00027407
2025-04-30,4.883,4.964,4.735,4.91,5330508.0,1.5300000000000074e-06
2025-05-01,4.91,5.027,4.826,4.941,5800464.0,3.510000000000001e-05
2025-05-02,4.94,5.067,4.881,4.99,4208619.0,0.00020477
2025-05-03,4.991,4.999,4.642,4.712,5385073.0,0.00014282
2025-05-04,4.711,4.746,4.54,4.601,3793165.0,-7.785e-05
2025-05-05,4.601,4.686,4.548,4.601,3753375.0,9.058e-05
2025-05-06,4.601,4.638,4.439,4.628,5031164.0,-8.002e-05
2025-05-07,4.628,4.689,4.493,4.646,3470351.0,3.929e-05
2025-05-08,4.646,5.231,4.636,5.216,6772038.0,0.00021143
2025-05-09,5.216,5.457,5.182,5.445,7533122.0,0.0003
2025-05-10,5.444,5.852,5.38,5.835,8308777.0,0.00025416
2025-05-11,5.834,5.956,5.49,5.76,8180832.0,0.0003
2025-05-12,5.76,6.136,5.556,5.736,10530324.0,0.0003
2025-05-13,5.737,5.982,5.432,5.902,7479512.0,0.00029075
2025-05-14,5.902,5.991,5.585,5.635,6011378.0,0.00027504
2025-05-15,5.635,5.701,5.287,5.404,6583172.0,0.00019777
2025-05-16,5.405,5.538,5.219,5.259,5352172.0,9.913e-05
2025-05-17,5.26,5.275,5.076,5.143,4223873.0,2.539e-05
2025-05-18,5.142,5.452,5.0,5.329,5110055.0,9.033e-05
2025-05-19,5.33,5.361,4.976,5.209,4989501.0,0.00022291
2025-05-20,5.21,5.353,5.06,5.259,4526782.0,0.00018061
2025-05-21,5.26,5.488,5.166,5.343,8184288.0,0.00022642
2025-05-22,5.346,5.703,5.336,5.69,5180686.0,0.00027225
2025-05-23,5.691,5.836,5.199,5.222,8442455.0,0.0003
2025-05-24,5.222,5.325,5.171,5.197,4391656.0,-8.155e-05
2025-05-25,5.197,5.274,5.008,5.259,4239280.0,-1.261e-05
2025-05-26,5.26,5.411,5.176,5.222,4609315.0,5.762e-05
2025-05-27,5.221,5.402,5.098,5.326,5395462.0,0.00024223
2025-05-28,5.325,5.464,5.184,5.438,5191352.0,0.00013335
2025-05-29,5.439,5.563,5.225,5.256,6309254.0,9.563e-05
2025-05-30,5.255,5.289,4.771,4.788,9624672.0,-0.00015732
2025-05-31,4.788,4.937,4.673,4.902,6129766.0,-0.00019501
2025-06-01,4.902,4.995,4.787,4.935,4147445.0,9.653e-05
2025-06-02,4.935,5.132,4.826,5.117,4381869.0,0.00026031
2025-06-03,5.117,5.602,5.08,5.322,8592005.0,7.125000000000001e-05
2025-06-04,5.322,5.476,5.17,5.196,6542384.0,3.978e-05
2025-06-05,5.196,5.318,4.804,4.85,7785309.0,0.00015223
2025-06-06,4.85,5.074,4.83,4.944,4203522.0,-0.00021725
2025-06-07,4.943,5.237,4.923,5.231,3900795.0,0.00012881
2025-06-08,5.231,5.7,5.177,5.554,14517609.0,3.8680000000000016e-05
2025-06-09,5.555,6.148,5.49,6.028,24055850.0,-3.678e-05
2025-06-10,6.027,6.231,5.884,6.174,15003692.0,0.00023858
2025-06-11,6.173,6.317,5.945,6.062,10009263.0,0.0003
2025-06-12,6.063,6.163,5.758,5.817,8577324.0,0.00020895
2025-06-13,5.817,5.82,5.314,5.455,12188028.0,0.00013118
2025-06-14,5.456,5.779,5.393,5.476,9639928.0,-3.699999999999914e-07
2025-06-15,5.477,5.518,5.275,5.511,6492470.0,-1.667e-05
2025-06-16,5.511,5.739,5.378,5.395,8229875.0,0.00013218
2025-06-17,5.395,5.479,5.054,5.12,7604772.0,0.00024935
2025-06-18,5.12,5.252,4.979,5.113,6774918.0,0.00018083
2025-06-19,5.113,5.147,4.963,5.051,4465207.0,3.748e-05
2025-06-20,5.051,5.218,4.817,4.919,7252883.0,3.246e-05
2025-06-21,4.92,5.012,4.566,4.799,7094803.0,6.0790000000000006e-05
2025-06-22,4.799,4.832,4.312,4.55,10986449.0,4.989999999999991e-06
2025-06-23,4.55,4.989,4.461,4.958,8736154.0,7.322e-05
2025-06-24,4.958,5.055,4.87,4.957,6328471.0,0.00024351
2025-06-25,4.958,5.048,4.769,4.814,6187166.0,6.273e-05
2025-06-26,4.815,4.921,4.656,4.73,5170106.0,0.00015302
2025-06-27,4.73,4.824,4.658,4.758,4817526.0,0.00014791
2025-06-28,4.757,4.883,4.693,4.858,3071286.0,-1.0490000000000005e-05
2025-06-29,4.858,5.129,4.818,5.076,4169351.0,4.008e-05
2025-06-30,5.077,5.103,4.865,4.899,5335959.0,2.8990000000000005e-05
2025-07-01,4.9,4.927,4.661,4.691,4667181.0,0.00017548
2025-07-02,4.691,5.098,4.661,5.02,6487363.0,0.00013604
2025-07-03,5.021,5.138,4.93,5.008,6568202.0,0.0003
2025-07-04,5.008,5.037,4.709,4.779,5503989.0,0.0002202
2025-07-05,4.78,4.82,4.676,4.77,3925028.0,-0.00024278
2025-07-06,4.77,4.901,4.72,4.834,3892021.0,6.717e-05
2025-07-07,4.835,4.894,4.706,4.775,4563119.0,0.00016862
2025-07-08,4.775,4.861,4.697,4.835,3474318.0,3.966e-05
2025-07-09,4.835,5.213,4.793,5.15,6512972.0,0.0003
2025-07-10,5.151,5.444,5.092,5.41,8300417.0,0.0003
2025-07-11,5.411,5.582,5.274,5.347,10378745.0,0.0003
2025-07-12,5.347,5.44,5.136,5.352,5664645.0,0.0003
2025-07-13,5.353,5.536,5.314,5.454,4812616.0,0.0003
2025-07-14,5.454,5.671,5.332,5.38,10109427.0,0.0003
2025-07-15,5.38,5.646,5.183,5.609,10538322.0,0.0003
2025-07-16,5.61,5.779,5.473,5.619,9785709.0,0.0003
2025-07-17,5.62,5.844,5.45,5.752,13251302.0,0.0003
2025-07-18,5.752,6.173,5.606,5.682,16915465.0,0.0003
2025-07-19,5.683,5.841,5.523,5.801,7262321.0,0.0003
2025-07-20,5.802,6.135,5.746,5.977,8866515.0,0.0003
2025-07-21,5.978,6.256,5.861,6.145,10730137.0,0.0003
2025-07-22,6.146,6.184,5.782,6.124,13517881.0,0.0003
2025-07-23,6.125,6.142,5.403,5.596,14240006.0,0.0003
2025-07-24,5.596,5.754,5.244,5.488,12931504.0,0.0003
2025-07-25,5.488,5.626,5.316,5.619,9317283.0,0.00015865
2025-07-26,5.62,5.772,5.574,5.648,4299396.0,0.0003
2025-07-27,5.648,5.838,5.626,5.8,4559834.0,0.0003
2025-07-28,5.8,6.003,5.485,5.535,9723432.0,0.0003
2025-07-29,5.536,5.734,5.344,5.453,8950236.0,0.00028206
2025-07-30,5.453,5.485,5.173,5.467,9877012.0,0.0001144
2025-07-31,5.468,5.58,5.213,5.227,6804866.0,0.00015214
2025-08-01,5.226,5.291,4.889,5.012,10650457.0,6.271e-05
2025-08-02,5.011,5.078,4.853,4.944,5373803.0,0.00012408
2025-08-03,4.945,5.143,4.867,5.112,3220487.0,8.884e-05
2025-08-04,5.113,5.321,5.107,5.3,4089158.0,0.00023446
2025-08-05,5.3,5.321,4.941,5.067,6290395.0,0.00020758
2025-08-06,5.067,5.162,4.961,5.113,4711418.0,0.00020578
2025-08-07,5.112,5.353,5.06,5.35,4437839.0,0.0003
2025-08-08,5.351,5.483,5.188,5.431,12276781.0,0.00021284
2025-08-09,5.431,5.748,5.42,5.701,5937911.0,0.0003
2025-08-10,5.702,5.769,5.496,5.63,6427788.0,0.0003
2025-08-11,5.631,5.752,5.329,5.357,8568642.0,0.00028379
2025-08-12,5.356,5.756,5.279,5.67,8280754.0,4.497e-05
2025-08-13,5.67,6.078,5.621,6.014,10495823.0,0.0003
2025-08-14,6.015,6.084,5.362,5.448,13622117.0,0.0003
2025-08-15,5.448,5.584,5.244,5.389,9143295.0,0.00017656
2025-08-16,5.388,5.501,5.383,5.453,4029402.0,0.00018446
2025-08-17,5.454,5.678,5.4,5.476,5034773.0,0.0003
2025-08-18,5.474,5.479,5.224,5.305,8292811.0,-4.510000000000001e-05
2025-08-19,5.305,5.379,5.013,5.024,9025951.0,1.675e-05
2025-08-20,5.024,5.295,5.001,5.261,6255352.0,0.00010906
2025-08-21,5.26,5.308,5.049,5.092,5036341.0,0.00027185
2025-08-22,5.093,5.587,4.932,5.539,11573756.0,0.00024781
2025-08-23,5.539,5.547,5.337,5.449,4717453.0,0.0003
2025-08-24,5.448,5.492,5.184,5.266,8706786.0,0.0003
2025-08-25,5.266,5.352,4.834,4.877,11313592.0,9.66e-05
2025-08-26,4.877,5.101,4.85,5.056,6751626.0,-0.00011183
2025-08-27,5.056,5.144,4.98,5.016,6192574.0,0.00016056
2025-08-28,5.015,5.141,4.971,5.132,4877482.0,0.0003
2025-08-29,5.133,5.142,4.812,4.901,7166958.0,0.00016581
2025-08-30,4.901,4.948,4.803,4.85,3158741.0,4.107000000000001e-05
2025-08-31,4.85,4.935,4.745,4.748,5060565.0,0.00026154
2025-09-01,4.748,4.929,4.585,4.693,8985151.0,0.00012543
2025-09-02,4.693,4.888,4.66,4.867,6186469.0,0.00015869
2025-09-03,4.868,4.93,4.786,4.907,4404145.0,0.0003
2025-09-04,4.906,4.937,4.677,4.693,6210991.0,0.00014617
2025-09-05,4.694,4.883,4.684,4.77,6649001.0,0.00024172
2025-09-06,4.769,4.804,4.688,4.751,3976075.0,0.00012994
2025-09-07,4.752,4.849,4.742,4.823,4409150.0,0.00010196
2025-09-08,4.823,4.945,4.79,4.893,5710479.0,0.00028258
2025-09-09,4.893,5.052,4.826,4.87,7526424.0,0.00029001
2025-09-10,4.87,4.997,4.839,4.891,5915842.0,0.00029674
2025-09-11,4.891,4.977,4.827,4.974,6669570.0,7.101000000000001e-05
2025-09-12,4.974,5.035,4.813,4.981,7503212.0,8.167e-05
2025-09-13,4.982,5.162,4.964,5.048,7348979.0,0.0003
2025-09-14,5.048,5.054,4.822,4.848,7171258.0,0.00019678
2025-09-15,4.848,4.903,4.612,4.663,9843686.0,-0.0002209499999999
2025-09-16,4.663,4.803,4.606,4.764,5918673.0,-0.00021226
2025-09-17,4.765,4.869,4.64,4.836,7672199.0,-3.5640000000000004e-05
2025-09-18,4.836,4.957,4.792,4.931,7084159.0,0.0003
2025-09-19,4.931,4.989,4.683,4.718,7094011.0,0.00020004
2025-09-20,4.717,4.802,4.689,4.73,3881544.0,-0.0003019
2025-09-21,4.73,4.808,4.676,4.699,4127238.0,8.759e-05
2025-09-22,4.697,4.711,4.13,4.314,15587542.0,-0.0002671499999999
2025-09-23,4.314,4.384,4.214,4.325,7680353.0,-3.267e-05
2025-09-24,4.325,4.412,4.24,4.304,5844133.0,0.0001913
2025-09-25,4.304,4.313,3.992,4.082,14838644.0,4.669999999999994e-06
2025-09-26,4.082,4.233,4.052,4.209,7213499.0,-0.0003426
2025-09-27,4.209,4.235,4.146,4.198,3570201.0,-0.00019502
2025-09-28,4.199,4.318,4.106,4.289,4992544.0,3.2999999999999853e-07
2025-09-29,4.289,4.297,4.158,4.242,5637348.0,0.0001202
2025-09-30,4.242,4.252,4.087,4.223,6013687.0,-9.058e-05
2025-10-01,4.223,4.493,4.209,4.489,7487397.0,0.00015554
2025-10-02,4.49,4.595,4.423,4.577,7065481.0,0.00027291
2025-10-03,4.576,4.699,4.484,4.655,6538352.0,0.00012006
2025-10-04,4.656,4.683,4.427,4.494,5734568.0,0.00011123
2025-10-05,4.494,4.679,4.465,4.521,6639684.0,9.751e-05
2025-10-06,4.522,4.685,4.482,4.614,7018663.0,0.00019329
2025-10-07,4.615,4.633,4.363,4.422,9817633.0,0.00017601
2025-10-08,4.423,4.586,4.351,4.503,6296991.0,0.00027494
2025-10-09,4.503,4.514,4.278,4.359,6134817.0,0.00014108
2025-10-10,4.359,4.464,1.858,3.019,33531571.0,0.00025137
2025-10-11,3.02,3.397,2.898,3.129,20411459.0,-0.00271474
2025-10-12,3.128,3.561,3.069,3.497,11992880.0,-0.00056384
2025-10-13,3.497,3.775,3.406,3.715,11999672.0,-0.00025218
2025-10-14,3.716,3.733,3.354,3.532,14646707.0,-0.00049082
2025-10-15,3.532,3.561,3.265,3.347,11459214.0,-5.427e-05
2025-10-16,3.347,3.407,3.096,3.137,11129490.0,-0.00022329
2025-10-17,3.137,3.172,2.88,3.005,15021076.0,-0.00018274
2025-10-18,3.005,3.097,2.994,3.045,5483126.0,1.1309999999999998e-05
2025-10-19,3.046,3.123,2.987,3.065,6882164.0,-2.0999999999999995e-05
2025-10-20,3.066,3.22,3.005,3.187,8827810.0,0.00013378
2025-10-21,3.187,3.284,3.031,3.042,11629130.0,1.5460000000000004e-05
2025-10-22,3.042,3.069,2.857,2.973,11538205.0,-3.914e-05
2025-10-23,2.974,3.079,2.97,3.036,7282640.0,2.937e-05
2025-10-24,3.036,3.161,3.026,3.145,6429728.0,2.867e-05
2025-10-25,3.144,3.176,3.083,3.117,4297670.0,-4.216000000000002e-05
2025-10-26,3.117,3.316,3.079,3.291,5461730.0,-3.435e-05
2025-10-27,3.292,3.302,3.14,3.17,8434221.0,-0.00012729
2025-10-28,3.171,3.232,3.021,3.073,8765294.0,8.721e-05
2025-10-29,3.072,3.18,3.004,3.061,9540425.0,-0.00046709
2025-10-30,3.06,3.091,2.786,2.891,13624862.0,-0.00029791
2025-10-31,2.89,2.974,2.875,2.938,9611714.0,-0.00036133
2025-11-01,2.939,3.699,2.934,3.438,36521911.0,-1.835e-05
2025-11-02,3.438,4.325,3.383,4.275,67170730.0,-0.00092663
2025-11-03,4.275,4.283,3.615,3.93,75484327.0,-0.0006761699999999
2025-11-04,3.93,6.437,3.863,5.196,175881551.0,-0.00236698
2025-11-05,5.196,6.214,4.711,5.953,73859335.0,-0.00260797
2025-11-06,5.953,7.269,5.576,6.707,96702286.0,-0.00481962
2025-11-07,6.706,8.891,6.441,8.198,99945864.0,-0.00157812
2025-11-08,8.198,9.844,7.75,8.95,113799827.0,-0.00061443
2025-11-09,8.95,9.38,6.845,7.555,94742716.0,-0.00069477
2025-11-10,7.555,7.609,6.593,6.817,55177368.0,0.00029436
2025-11-11,6.817,7.252,5.825,5.966,44219358.0,0.00021517
2025-11-12,5.966,6.667,5.772,6.389,49091174.0,7.493e-05
2025-11-13,6.39,6.653,5.672,5.857,41654259.0,-5.426000000000001e-05
2025-11-14,5.856,6.149,5.323,5.39,42609518.0,0.00014282
2025-11-15,5.39,5.522,5.122,5.271,28806613.0,0.00018013
2025-11-16,5.271,5.617,4.771,4.787,34949636.0,4.518e-05
2025-11-17,4.786,5.611,4.667,5.507,52622579.0,0.00028707
2025-11-18,5.507,6.021,5.03,5.094,75976046.0,-0.00023834
2025-11-19,5.093,5.239,4.624,4.961,40174893.0,0.00016298
2025-11-20,4.96,5.14,4.568,4.616,28604163.0,0.0003
2025-11-21,4.616,4.746,4.115,4.304,35093148.0,0.0003
2025-11-22,4.304,4.378,3.973,4.036,18332026.0,0.00024266
2025-11-23,4.037,4.173,3.978,4.047,15992981.0,0.0001085
2025-11-24,4.047,4.312,3.856,4.195,24240884.0,0.00013867
2025-11-25,4.196,4.467,3.983,4.345,26867863.0,2.897e-05
2025-11-26,4.346,4.376,4.084,4.237,15822526.0,9.695e-05
2025-11-27,4.237,4.291,3.997,4.032,14064555.0,8.904e-05
2025-11-28,4.032,4.139,3.964,4.03,11838119.0,0.00028426
2025-11-29,4.029,4.169,3.913,3.998,10995702.0,0.00018412
2025-11-30,3.998,4.075,3.8,3.826,9056084.0,0.00015386
2025-12-01,3.826,3.851,3.542,3.711,24239627.0,6.814e-05
2025-12-02,3.711,3.952,3.621,3.761,14644617.0,0.00011042
2025-12-03,3.76,3.826,3.582,3.739,19244594.0,-5.282e-05
2025-12-04,3.739,3.873,3.588,3.64,16507634.0,0.0003
2025-12-05,3.638,3.678,3.372,3.481,16701625.0,9.725e-05
2025-12-06,3.481,3.647,3.458,3.494,9291955.0,0.00018504
2025-12-07,3.494,3.517,3.31,3.424,11845986.0,0.00011248
2025-12-08,3.424,3.564,3.388,3.395,12470160.0,8.821e-05
2025-12-09,3.395,3.773,3.312,3.741,15645240.0,0.00018981
2025-12-10,3.74,3.752,3.427,3.446,15610452.0,-0.00014996
2025-12-11,3.447,3.47,3.27,3.411,14568962.0,-0.00014563
2025-12-12,3.411,3.44,3.205,3.232,11878299.0,9.946e-05
2025-12-13,3.232,3.309,3.201,3.298,6857124.0,5.571000000000001e-05
2025-12-14,3.298,3.299,3.029,3.065,9400240.0,0.00011894
2025-12-15,3.065,3.288,2.945,3.033,19926081.0,1.8500000000000043e-06
2025-12-16,3.033,3.123,2.946,3.064,12197521.0,-0.00012249
2025-12-17,3.064,3.12,2.865,2.881,14544301.0,0.0003
2025-12-18,2.881,3.057,2.763,2.801,19227494.0,5.425e-05
2025-12-19,2.802,3.001,2.747,2.948,15413489.0,9.828e-05
2025-12-20,2.947,3.49,2.882,3.436,24104284.0,-0.00012137
2025-12-21,3.436,3.436,3.01,3.055,25441698.0,-0.0002013999999999
2025-12-22,3.055,3.2,2.996,3.039,19023281.0,-4.541e-05
2025-12-23,3.04,3.079,2.927,3.032,12878554.0,1.325000000000001e-05
2025-12-24,3.031,3.051,2.942,3.009,8737608.0,0.00020559
2025-12-25,3.009,3.129,2.968,2.978,9613283.0,0.0003
2025-12-26,2.978,3.104,2.929,2.982,12996128.0,0.00016013
2025-12-27,2.983,3.087,2.98,3.073,7365700.0,0.00022431
2025-12-28,3.074,3.131,3.011,3.039,7204944.0,0.0003
2025-12-29,3.039,3.129,2.869,2.886,15994230.0,0.00027146
2025-12-30,2.886,2.947,2.82,2.833,12683782.0,-9.088e-05
2025-12-31,2.834,2.859,2.66,2.836,19268914.0,6.748e-05
2026-01-01,2.836,3.094,2.818,3.0,22136912.0,-0.0001828399999999
2026-01-02,3.0,3.189,2.965,3.155,15461826.0,0.00022588
2026-01-03,3.154,3.216,3.055,3.125,10513623.0,0.00028678
2026-01-04,3.126,3.291,3.118,3.269,12147347.0,0.0003
2026-01-05,3.268,3.481,3.18,3.402,20026540.0,0.0001846
2026-01-06,3.402,3.563,3.22,3.385,18541324.0,-4.099999999999991e-06
2026-01-07,3.385,3.387,3.168,3.227,12837188.0,0.00021725
2026-01-08,3.227,3.252,3.069,3.173,11868896.0,0.00019912
2026-01-09,3.174,3.39,3.121,3.201,12487420.0,-5.330000000000005e-06
2026-01-10,3.2,3.25,3.125,3.184,6518799.0,-0.00014735
2026-01-11,3.183,3.257,3.091,3.148,8677933.0,4.100000000000005e-06
2026-01-12,3.149,3.247,3.059,3.111,10226544.0,-0.00063943
2026-01-13,3.111,3.75,3.105,3.624,35423633.0,0.00013885
2026-01-14,3.625,4.71,3.515,4.536,65149918.0,-0.00034268
2026-01-15,4.537,4.815,4.081,4.261,78403926.0,-0.00045126
2026-01-16,4.261,4.69,4.065,4.176,34792067.0,0.00013833
2026-01-17,4.175,4.182,3.933,3.983,16360739.0,8.828e-05
2026-01-18,3.984,4.31,3.86,3.896,26370269.0,5.86e-05
2026-01-19,3.895,4.432,3.438,3.872,41910979.0,-0.00048894
2026-01-20,3.872,3.899,3.594,3.687,27976035.0,3.0779999999999987e-05
2026-01-21,3.687,3.824,3.514,3.626,21410065.0,0.00012343
2026-01-22,3.627,3.738,3.564,3.591,14394106.0,-4.4800000000000005e-05
2026-01-23,3.591,3.702,3.411,3.474,16030695.0,4.4590000000000005e-05
2026-01-24,3.475,3.548,3.44,3.467,8542378.0,-9.273e-05
2026-01-25,3.467,3.489,3.165,3.233,14919634.0,0.00012158
2026-01-26,3.233,3.395,3.227,3.339,10253432.0,0.0001108
2026-01-27,3.339,3.39,3.215,3.302,12667418.0,0.0002027
2026-01-28,3.302,3.31,3.179,3.207,11656080.0,-0.00018552
2026-01-29,3.208,3.213,3.005,3.098,15296843.0,1.5639999999999993e-05
2026-01-30,3.098,3.118,2.927,3.005,16524001.0,-2.5460000000000004e-05
2026-01-31,3.005,3.017,2.452,2.728,35739939.0,-0.00049504
2026-02-01,2.728,2.774,2.556,2.621,15150904.0,-0.001132
2026-02-02,2.62,2.842,2.541,2.697,19600194.0,-0.00096859
2026-02-03,2.697,2.772,2.542,2.64,18950251.0,-0.0012737
2026-02-04,2.641,2.772,2.571,2.624,14182510.0,-0.00048953
2026-02-05,2.623,2.646,2.201,2.241,32824023.0,-0.00075103
2026-02-06,2.241,2.573,1.994,2.505,43483254.0,-0.0016291
2026-02-07,2.505,2.561,2.392,2.495,20432394.0,-0.00077574
2026-02-08,2.495,2.503,2.396,2.429,11963991.0,-0.00141437
2026-02-09,2.43,2.47,2.335,2.421,13346554.0,-0.00089757
2026-02-10,2.421,2.439,2.329,2.398,8896812.0,-0.00133395
2026-02-11,2.398,2.414,2.28,2.334,12998615.0,-0.00130648
2026-02-12,2.334,2.47,2.293,2.35,12497453.0,-0.00101282
2026-02-13,2.351,2.41,2.278,2.394,11993672.0,-0.00063988
2026-02-14,2.395,2.598,2.375,2.546,11151742.0,-0.0010208399999999
2026-02-15,2.546,2.556,2.355,2.412,12088673.0,-0.00062632
2026-02-16,2.412,2.445,2.34,2.416,10408634.0,-0.00117904
2026-02-17,2.415,2.435,2.334,2.379,8243347.0,-0.00048379
2026-02-18,2.379,2.385,2.223,2.234,10410144.0,-0.00079954
2026-02-19,2.235,2.257,2.131,2.176,13047966.0,-0.00189664
2026-02-20,2.176,2.206,2.116,2.183,15300171.0,-0.00250462
2026-02-21,2.183,2.279,2.151,2.197,14077403.0,-0.00239191
2026-02-22,2.196,2.215,2.091,2.151,12819347.0,-0.00202468
2026-02-23,2.152,2.154,2.012,2.085,17669197.0,-0.00239306
2026-02-24,2.085,2.138,2.013,2.116,12955811.0,-0.00166333
2026-02-25,2.116,2.591,2.102,2.431,26106471.0,-0.0009567099999999
2026-02-26,2.43,2.455,2.316,2.427,20241384.0,-0.0003439199999999
2026-02-27,2.428,2.706,2.407,2.491,27315434.0,-0.00119534
2026-02-28,2.49,2.503,2.273,2.438,20516231.0,-0.00112556
2026-03-01,2.438,2.543,2.339,2.366,14697371.0,-0.00090093
2026-03-02,2.367,2.548,2.339,2.393,12380874.0,-0.0006084
2026-03-03,2.393,2.472,2.335,2.461,11309713.0,-0.00125332
2026-03-04,2.461,2.636,2.453,2.508,16536814.0,-0.00074049
2026-03-05,2.508,2.583,2.465,2.51,9065746.0,-0.00075504
2026-03-06,2.51,2.633,2.431,2.481,11703855.0,-0.00081644
2026-03-07,2.482,2.499,2.427,2.446,6595924.0,-0.00051121
2026-03-08,2.446,2.496,2.379,2.422,7726059.0,-0.00087869
2026-03-09,2.422,2.525,2.411,2.449,8756955.0,-0.00052885
2026-03-10,2.449,2.548,2.376,2.383,10484434.0,-0.00111619
2026-03-11,2.383,2.803,2.351,2.674,99736863.0,-0.01348849
2026-03-12,2.672,2.719,2.527,2.709,32399232.0,-0.00624737
2026-03-13,2.709,2.736,2.592,2.606,18178314.0,-0.00190647
2026-03-14,2.605,2.72,2.569,2.704,13182978.0,-0.00072174
2026-03-15,2.704,2.715,2.64,2.669,10398060.0,-0.00072715
2026-03-16,2.669,2.792,2.616,2.769,17822031.0,-0.00075702
2026-03-17,2.77,2.803,2.669,2.681,11194786.0,-0.00070059
2026-03-18,2.681,2.729,2.549,2.566,13276303.0,-0.00052919
2026-03-19,2.566,2.579,2.453,2.492,9489771.0,-0.00016726
2026-03-20,2.491,2.558,2.463,2.503,7860413.0,-0.00036226
2026-03-21,2.503,2.533,2.418,2.438,4119249.0,-0.00041206
2026-03-22,2.439,2.459,2.314,2.341,7187478.0,-0.00021158
2026-03-23,2.342,2.444,2.319,2.41,11564753.0,-0.00054035
2026-03-24,2.411,2.419,2.342,2.395,7684194.0,-0.0003674299999999
2026-03-25,2.395,2.434,2.365,2.413,7724817.0,-0.00053815
2026-03-26,2.413,2.424,2.258,2.302,9491984.0,-0.00018395
2026-03-27,2.302,2.325,2.201,2.223,7474432.0,-0.0005162
2026-03-28,2.223,2.302,2.196,2.218,5901987.0,-0.00063346
2026-03-29,2.218,2.245,2.146,2.198,6157931.0,-0.00044831
2026-03-30,2.199,2.284,2.196,2.244,6669953.0,3.9e-06
2026-03-31,2.244,2.33,2.238,2.306,7759971.0,-0.00034756
2026-04-01,2.306,2.353,2.26,2.272,8690685.0,-0.00057725
2026-04-02,2.272,2.298,2.192,2.244,8189210.0,-0.00048635
2026-04-03,2.245,2.323,2.233,2.284,5996689.0,-0.00027064
2026-04-04,2.285,2.325,2.274,2.294,4326766.0,-0.0002283699999999
2026-04-05,2.295,2.308,2.243,2.294,4907190.0,-0.0004799999999999
2026-04-06,2.295,2.386,2.283,2.294,7635476.0,-0.0002164
2026-04-07,2.294,2.488,2.269,2.456,9715293.0,-0.00051128
2026-04-08,2.455,2.634,2.426,2.429,16155172.0,-0.00031545
2026-04-09,2.429,2.576,2.402,2.539,9480474.0,0.00017496
2026-04-10,2.54,2.577,2.48,2.552,7037197.0,-0.00025603
2026-04-11,2.552,2.571,2.504,2.531,4081746.0,-0.00028614
2026-04-12,2.532,2.535,2.406,2.412,5754850.0,-0.0001515399999999
2026-04-13,2.413,2.533,2.406,2.514,5579984.0,-7.04e-06
2026-04-14,2.514,2.516,2.409,2.424,6084402.0,-0.0002761499999999
2026-04-15,2.423,2.532,2.389,2.497,6500417.0,-0.00037095
2026-04-16,2.498,2.669,2.491,2.653,9160204.0,7.193000000000001e-05
2026-04-17,2.652,2.692,2.546,2.612,10089312.0,0.00026351
2026-04-18,2.612,2.636,2.478,2.487,7646910.0,0.00015397
2026-04-19,2.487,2.495,2.398,2.405,7178371.0,-0.00020799
2026-04-20,2.406,2.496,2.402,2.457,5641875.0,-0.0003318
2026-04-21,2.456,2.504,2.407,2.46,5612842.0,3.576e-05
2026-04-22,2.461,2.565,2.451,2.487,7822524.0,9.828e-05
2026-04-23,2.488,2.498,2.431,2.483,5603680.0,4.263e-05
2026-04-24,2.483,2.497,2.442,2.453,5219836.0,1.149999999999998e-05
2026-04-25,2.453,2.484,2.41,2.431,4051079.0,-0.00016282
2026-04-26,2.431,2.463,2.425,2.442,3365822.0,-0.00022793
2026-04-27,2.443,2.49,2.372,2.427,6798236.0,-0.0004365
2026-04-28,2.427,2.439,2.382,2.396,3738550.0,-6.087999999999999e-05
2026-04-29,2.397,2.467,2.316,2.38,6870947.0,1.955e-05
2026-04-30,2.381,2.432,2.355,2.374,6238418.0,-0.0001771699999999
2026-05-01,2.375,2.402,2.334,2.346,5298003.0,-0.00033705
2026-05-02,2.345,2.384,2.313,2.358,4557651.0,-0.00057285
2026-05-03,2.359,2.366,2.324,2.341,5756358.0,-0.00034709
2026-05-04,2.341,2.419,2.315,2.36,10071109.0,-0.0002082699999999
2026-05-05,2.36,2.796,2.351,2.648,33150058.0,-0.00022861
2026-05-06,2.647,3.24,2.641,3.192,47734280.0,0.00012189
2026-05-07,3.192,3.269,2.899,3.055,38187092.0,-0.00022488
2026-05-08,3.056,3.705,2.968,3.617,45478565.0,-0.0005909
2026-05-09,3.617,4.086,3.508,3.531,55431512.0,0.00017503
2026-05-10,3.53,3.579,3.266,3.371,18444409.0,8.171e-05
2026-05-11,3.371,3.607,3.269,3.32,25130190.0,-7.393999999999999e-05
2026-05-12,3.321,3.346,3.145,3.177,12347224.0,0.00015104
2026-05-13,3.178,3.322,3.0,3.034,13251894.0,5.107e-05
2026-05-14,3.033,3.059,2.793,2.802,16442135.0,0.00022262
2026-05-15,2.802,2.844,2.579,2.612,19615925.0,-2.8350000000000005e-05
2026-05-16,2.612,2.691,2.516,2.589,18184280.0,-1.451999999999999e-05
2026-05-17,2.588,2.66,2.474,2.542,10229231.0,0.00026549
2026-05-18,2.542,2.598,2.448,2.595,12119691.0,5.347e-05
2026-05-19,2.595,2.613,2.454,2.471,8034143.0,0.00011447
2026-05-20,2.471,2.591,2.458,2.534,8723535.0,-8.317e-05
2026-05-21,2.535,2.603,2.489,2.569,10784339.0,-1.53e-05
2026-05-22,2.57,2.749,2.449,2.479,33262885.0,-0.00044726
2026-05-23,2.479,2.643,2.389,2.603,16650307.0,-0.00057325
2026-05-24,2.603,2.637,2.488,2.556,8428911.0,-0.00032652
2026-05-25,2.556,2.774,2.527,2.671,12952557.0,-0.00036377
2026-05-26,2.671,2.771,2.598,2.652,16054705.0,-6.784e-05
2026-05-27,2.653,3.091,2.649,2.839,49302099.0,-0.00054478
2026-05-28,2.838,2.856,2.573,2.724,24255894.0,8.097e-05
2026-05-29,2.724,2.803,2.613,2.633,17043265.0,-9.452e-05
2026-05-30,2.634,2.76,2.622,2.654,8732595.0,0.0001446
2026-05-31,2.655,2.763,2.612,2.724,11132476.0,2.8269999999999985e-05
2026-06-01,2.724,3.078,2.694,2.952,25935175.0,4.733e-05
2026-06-02,2.952,3.209,2.806,2.996,38649890.0,9.263e-05
2026-06-03,2.996,3.222,2.948,3.101,26469081.0,0.00016347
2026-06-04,3.101,3.192,2.608,2.727,28875315.0,-0.00023056
2026-06-05,2.726,2.762,2.114,2.299,32693896.0,-0.00031727
2026-06-06,2.298,2.355,2.144,2.318,14621584.0,-0.00069195
2026-06-07,2.319,2.488,2.283,2.378,14821225.0,-0.00066047
2026-06-08,2.377,2.404,2.295,2.331,11976633.0,-0.0006456799999999
2026-06-09,2.332,2.356,2.228,2.28,10956691.0,-0.00028419
2026-06-10,2.281,2.314,2.173,2.211,9790655.0,2.031e-05
2026-06-11,2.21,2.304,2.208,2.275,9302164.0,-0.0002857699999999
2026-06-12,2.276,2.315,2.221,2.29,8369416.0,-0.00042953
2026-06-13,2.291,2.621,2.285,2.507,25362904.0,-9.096e-05
2026-06-14,2.507,2.559,2.383,2.519,17011595.0,0.00028503
2026-06-15,2.519,2.597,2.388,2.419,17050304.0,0.0003
2026-06-16,2.42,2.47,2.335,2.354,13344332.0,-0.00041252
2026-06-17,2.355,2.461,2.301,2.341,14768094.0,-0.00012737
2026-06-18,2.341,2.352,2.174,2.266,13983724.0,-0.0003867999999999
2026-06-19,2.265,2.278,2.195,2.266,6870095.0,-0.00055439
2026-06-20,2.265,2.313,2.239,2.301,8157618.0,-0.00041074
2026-06-21,2.301,2.303,2.191,2.208,6825359.0,-0.00024881
2026-06-22,2.208,2.318,2.208,2.236,8719621.0,-0.00013655
2026-06-23,2.235,2.268,2.123,2.213,10953089.0,-8.126e-05
2026-06-24,2.213,2.224,2.032,2.187,15246669.0,3.102999999999999e-05
2026-06-25,2.187,2.289,2.067,2.167,15659952.0,-7.088e-05
2026-06-26,2.168,2.245,2.079,2.204,10538650.0,0.00015933
2026-06-27,2.204,2.219,2.135,2.143,5250398.0,0.00024086
2026-06-28,2.144,2.19,2.105,2.142,6531512.0,-0.00010004
2026-06-29,2.142,2.235,2.125,2.197,8193975.0,0.00022737
2026-06-30,2.196,2.203,2.08,2.097,7546687.0,-0.00027099
2026-07-01,2.097,2.255,2.046,2.146,10432345.0,-0.00037363
2026-07-02,2.146,2.251,2.119,2.192,10106236.0,0.00014262
2026-07-03,2.191,2.252,2.174,2.239,7467472.0,0.0003
2026-07-04,2.239,2.298,2.189,2.245,8949355.0,0.00027026
2026-07-05,2.245,2.246,2.164,2.207,6529653.0,0.00016022
2026-07-06,2.207,2.273,2.127,2.223,11516168.0,-8.497e-05
2026-07-07,2.223,2.265,2.163,2.208,10813030.0,0.00021444
2026-07-08,2.208,2.25,2.135,2.232,10038838.0,-0.0002011
2026-07-09,2.232,2.395,2.212,2.349,11856733.0,0.00022479
2026-07-10,2.35,2.39,2.258,2.298,9150800.0,0.00024075
2026-07-11,2.298,2.322,2.243,2.248,5942580.0,0.00010764
2026-07-12,2.247,2.288,2.213,2.219,4451629.0,-0.00047718
2026-07-13,2.219,2.25,2.143,2.175,7005973.0,-0.00051254
2026-07-14,2.175,2.247,2.166,2.222,5698454.0,-0.00014676
2026-07-15,2.222,2.241,2.166,2.177,6179363.0,0.00015975
2026-07-16,2.177,2.187,2.107,2.119,6099060.0,0.00010824
2026-07-17,2.12,2.157,2.092,2.143,6346081.0,-0.00044737
2026-07-18,2.143,2.184,2.133,2.174,3755276.0,0.00018428
2026-07-19,2.174,2.186,2.122,2.136,3193230.0,0.00017617
2026-07-20,2.136,2.214,2.105,2.202,5965501.0,7.919e-05
2026-07-21,2.201,2.248,2.198,2.222,6241400.0,0.00015659
2026-07-22,2.222,2.224,2.162,2.205,4488712.0,7.607999999999999e-05
2026-07-23,2.206,2.219,2.142,2.156,4843162.0,7.756000000000001e-05
2026-07-24,2.156,2.19,2.123,2.136,5622998.0,-4.986e-05
2026-07-25,2.136,2.157,2.117,2.147,4300892.0,-0.000109
2026-07-26,2.148,2.206,2.141,2.195,5339903.0,0.00016904
2026-07-27,2.195,2.204,2.081,2.097,6676599.0,7.438e-05
2026-07-28,2.096,2.132,2.071,2.117,5892875.0,-0.00046862
2026-07-29,2.118,2.129,2.011,2.06,8785917.0,4.997e-05
2026-07-30,2.059,2.099,2.056,2.067,5433834.0,-0.00021615
2026-07-31,2.067,2.099,2.036,2.072,5841223.0,-3.196999999999998e-05
2026-08-01,2.072,2.086,1.991,2.021,5549804.0,
2026-08-02,2.02,2.094,2.02,2.074,4808838.0,
2026-08-03,2.074,2.123,2.041,2.116,5581890.0,
2026-08-04,2.116,2.126,2.07,2.089,5910060.0,
2026-08-05,2.089,2.124,2.074,2.088,5169430.0,
2026-08-06,2.089,2.103,2.069,2.094,4364107.0,
2026-08-07,2.094,2.102,2.057,2.1,5258421.0,
2026-08-08,2.1,2.255,2.085,2.198,9378765.0,
2026-08-09,2.199,2.223,2.154,2.166,6315706.0,
2026-08-10,2.166,2.352,2.162,2.285,13090955.0,
2026-08-11,2.285,2.396,2.197,2.239,16114262.0,
2026-08-12,2.24,2.262,2.13,2.158,6714761.0,
2026-08-13,2.157,2.194,2.139,2.176,4802841.0,
2026-08-14,2.176,2.25,2.156,2.244,6454834.0,
2026-08-15,2.245,2.324,2.223,2.23,6471145.0,
2026-08-16,2.231,2.285,2.208,2.258,4628374.0,
2026-08-17,2.257,2.323,2.243,2.256,5099853.0,
2026-08-18,2.256,2.295,2.172,2.194,6824338.0,
2026-08-19,2.193,2.328,2.162,2.309,9460692.0,
2026-08-20,2.31,2.416,2.275,2.387,11707088.0,
2026-08-21,2.386,2.564,2.377,2.524,14448185.0,
2026-08-22,2.525,2.715,2.051,2.336,21631908.0,
2026-08-23,2.336,2.459,2.257,2.43,14362011.0,
2026-08-24,2.429,2.456,2.352,2.418,10085663.0,
2026-08-25,2.417,2.495,2.323,2.378,10212939.0,
2026-08-26,2.378,2.422,2.319,2.403,7502153.0,
2026-08-27,2.403,2.479,2.376,2.457,6550996.0,
2026-08-28,2.457,2.487,2.316,2.389,6350760.0,
