date,open,high,low,close,volume
2010-01-04,26.829999923706055,26.950000762939453,26.65999984741211,26.690000534057617,2305000.0
2010-01-05,26.829999923706055,26.90999984741211,26.790000915527344,26.860000610351562,2258400.0
2010-01-06,26.899999618530273,27.09000015258789,26.799999237060547,27.010000228881836,5936300.0
2010-01-07,27.010000228881836,27.030000686645508,26.799999237060547,26.799999237060547,3986200.0
2010-01-08,26.829999923706055,26.889999389648438,26.739999771118164,26.8799991607666,2195800.0
2010-01-11,26.90999984741211,26.93000030517578,26.700000762939453,26.760000228881836,2420700.0
2010-01-12,26.649999618530273,26.649999618530273,26.09000015258789,26.270000457763672,4024300.0
2010-01-13,26.360000610351562,26.600000381469727,26.25,26.600000381469727,3656800.0
2010-01-14,26.600000381469727,26.610000610351562,26.350000381469727,26.350000381469727,1507000.0
2010-01-15,26.389999389648438,26.420000076293945,26.100000381469727,26.100000381469727,1402200.0
2010-01-19,26.1200008392334,26.3700008392334,26.1200008392334,26.270000457763672,2151500.0
2010-01-20,26.15999984741211,26.200000762939453,25.920000076293945,26.1299991607666,2871900.0
2010-01-21,26.239999771118164,26.309999465942383,25.979999542236328,26.149999618530273,2193100.0
2010-01-22,26.020000457763672,26.15999984741211,25.8799991607666,26.110000610351562,3462000.0
2010-01-25,26.110000610351562,26.139999389648438,25.93000030517578,25.93000030517578,1605300.0
2010-01-26,25.790000915527344,25.90999984741211,25.690000534057617,25.719999313354492,1515500.0
2010-01-27,25.6299991607666,25.670000076293945,25.31999969482422,25.3700008392334,2044700.0
2010-01-28,25.420000076293945,25.600000381469727,25.350000381469727,25.579999923706055,1497700.0
2010-01-29,25.6200008392334,25.649999618530273,25.299999237060547,25.299999237060547,2153700.0
2010-02-01,25.360000610351562,25.459999084472656,25.229999542236328,25.260000228881836,1616000.0
2010-02-02,25.399999618530273,25.700000762939453,25.270000457763672,25.649999618530273,6864400.0
2010-02-03,25.479999542236328,25.56999969482422,25.31999969482422,25.34000015258789,1740200.0
2010-02-04,25.270000457763672,25.280000686645508,25.049999237060547,25.170000076293945,4081700.0
2010-02-05,25.200000762939453,25.270000457763672,24.709999084472656,24.8799991607666,5804700.0
2010-02-08,24.989999771118164,25.260000228881836,24.93000030517578,25.219999313354492,1493100.0
2010-02-09,25.299999237060547,25.399999618530273,25.139999389648438,25.260000228881836,1335500.0
2010-02-10,25.18000030517578,25.479999542236328,25.09000015258789,25.469999313354492,2402400.0
2010-02-11,25.440000534057617,25.600000381469727,25.34000015258789,25.520000457763672,1158700.0
2010-02-12,25.34000015258789,25.520000457763672,25.270000457763672,25.40999984741211,1049300.0
2010-02-16,25.65999984741211,25.899999618530273,25.65999984741211,25.899999618530273,1724300.0
2010-02-17,25.700000762939453,25.719999313354492,25.5,25.5,2018300.0
2010-02-18,25.6299991607666,25.739999771118164,25.520000457763672,25.610000610351562,1373500.0
2010-02-19,25.579999923706055,25.760000228881836,25.520000457763672,25.760000228881836,2074400.0
2010-02-22,25.700000762939453,25.700000762939453,25.450000762939453,25.520000457763672,1108900.0
2010-02-23,25.450000762939453,25.5,25.110000610351562,25.1299991607666,1163100.0
2010-02-24,25.15999984741211,25.459999084472656,25.15999984741211,25.40999984741211,1372900.0
2010-02-25,25.09000015258789,25.229999542236328,25.040000915527344,25.190000534057617,897000.0
2010-02-26,25.290000915527344,25.420000076293945,25.209999084472656,25.399999618530273,925100.0
2010-03-01,25.360000610351562,25.389999389648438,25.049999237060547,25.09000015258789,1001200.0
2010-03-02,25.06999969482422,25.1299991607666,24.850000381469727,25.09000015258789,1490700.0
2010-03-03,25.059999465942383,25.260000228881836,25.059999465942383,25.110000610351562,1267800.0
2010-03-04,25.010000228881836,25.059999465942383,24.84000015258789,24.950000762939453,991300.0
2010-03-05,25.09000015258789,25.1200008392334,24.920000076293945,24.979999542236328,909100.0
2010-03-08,24.979999542236328,25.0,24.829999923706055,24.899999618530273,885700.0
2010-03-09,24.770000457763672,24.770000457763672,24.559999465942383,24.610000610351562,1748500.0
2010-03-10,24.479999542236328,24.700000762939453,24.239999771118164,24.520000457763672,2122400.0
2010-03-11,24.530000686645508,24.530000686645508,24.360000610351562,24.440000534057617,1127900.0
2010-03-12,24.559999465942383,24.639999389648438,24.520000457763672,24.579999923706055,1148700.0
2010-03-15,24.459999084472656,24.579999923706055,24.420000076293945,24.450000762939453,1331400.0
2010-03-16,24.489999771118164,24.579999923706055,24.43000030517578,24.510000228881836,1149000.0
2010-03-17,24.510000228881836,24.799999237060547,24.5,24.719999313354492,1526200.0
2010-03-18,24.739999771118164,24.979999542236328,24.739999771118164,24.90999984741211,1449300.0
2010-03-19,24.790000915527344,24.93000030517578,24.690000534057617,24.790000915527344,946900.0
2010-03-22,24.65999984741211,24.8700008392334,24.559999465942383,24.700000762939453,1058800.0
2010-03-23,24.649999618530273,24.68000030517578,24.309999465942383,24.3799991607666,1430700.0
2010-03-24,24.3799991607666,24.420000076293945,24.219999313354492,24.3799991607666,1053400.0
2010-03-25,24.34000015258789,24.3799991607666,24.059999465942383,24.100000381469727,1383500.0
2010-03-26,24.100000381469727,24.190000534057617,23.979999542236328,24.040000915527344,1235600.0
2010-03-29,24.190000534057617,24.479999542236328,24.190000534057617,24.450000762939453,1438300.0
2010-03-30,24.549999237060547,24.65999984741211,24.450000762939453,24.610000610351562,1205900.0
2010-03-31,24.489999771118164,24.549999237060547,24.170000076293945,24.219999313354492,1548500.0
2010-04-01,24.25,24.450000762939453,24.149999618530273,24.40999984741211,1133100.0
2010-04-05,24.459999084472656,24.6200008392334,24.440000534057617,24.510000228881836,1843600.0
2010-04-06,24.510000228881836,24.639999389648438,24.3700008392334,24.459999084472656,1169900.0
2010-04-07,24.5,24.6299991607666,24.350000381469727,24.540000915527344,2023500.0
2010-04-08,24.479999542236328,24.5,24.31999969482422,24.350000381469727,1688900.0
2010-04-09,24.389999389648438,24.530000686645508,24.31999969482422,24.360000610351562,918400.0
2010-04-12,24.579999923706055,24.68000030517578,24.399999618530273,24.469999313354492,1273000.0
2010-04-13,24.5,24.579999923706055,24.350000381469727,24.540000915527344,672300.0
2010-04-14,24.639999389648438,24.700000762939453,24.579999923706055,24.600000381469727,1939800.0
2010-04-15,24.540000915527344,24.760000228881836,24.459999084472656,24.739999771118164,1675900.0
2010-04-16,24.739999771118164,24.799999237060547,24.549999237060547,24.579999923706055,2067600.0
2010-04-19,24.600000381469727,24.700000762939453,24.479999542236328,24.56999969482422,1531000.0
2010-04-20,24.670000076293945,24.790000915527344,24.6299991607666,24.729999542236328,1833600.0
2010-04-21,24.739999771118164,25.040000915527344,24.739999771118164,24.93000030517578,1393200.0
2010-04-22,24.889999389648438,25.030000686645508,24.760000228881836,25.020000457763672,1289000.0
2010-04-23,25.010000228881836,25.030000686645508,24.719999313354492,24.75,1463900.0
2010-04-26,24.969999313354492,25.0,24.700000762939453,24.729999542236328,1377700.0
2010-04-27,24.690000534057617,24.700000762939453,24.3700008392334,24.3799991607666,1498800.0
2010-04-28,24.510000228881836,24.59000015258789,24.40999984741211,24.479999542236328,1804200.0
2010-04-29,24.530000686645508,24.770000457763672,24.530000686645508,24.700000762939453,693900.0
2010-04-30,24.68000030517578,24.90999984741211,24.639999389648438,24.899999618530273,1347300.0
2010-05-03,24.93000030517578,24.93000030517578,24.75,24.8700008392334,854500.0
2010-05-04,24.690000534057617,24.809999465942383,24.530000686645508,24.760000228881836,1289900.0
2010-05-05,24.5,24.75,24.440000534057617,24.690000534057617,1394200.0
2010-05-06,24.530000686645508,24.6299991607666,24.059999465942383,24.18000030517578,2363300.0
2010-05-07,24.190000534057617,24.34000015258789,23.65999984741211,24.100000381469727,2814800.0
2010-05-10,24.40999984741211,24.520000457763672,24.270000457763672,24.34000015258789,970500.0
2010-05-11,24.1299991607666,24.299999237060547,24.06999969482422,24.209999084472656,991700.0
2010-05-12,24.3799991607666,24.549999237060547,24.280000686645508,24.34000015258789,6527500.0
2010-05-13,24.280000686645508,24.34000015258789,24.1299991607666,24.149999618530273,1038900.0
2010-05-14,24.049999237060547,24.06999969482422,23.670000076293945,23.75,968100.0
2010-05-17,23.739999771118164,23.739999771118164,23.399999618530273,23.450000762939453,1216100.0
2010-05-18,23.700000762939453,23.739999771118164,23.639999389648438,23.639999389648438,176800.0
2010-05-19,23.530000686645508,23.770000457763672,23.479999542236328,23.770000457763672,1621600.0
2010-05-20,23.530000686645508,23.690000534057617,23.3799991607666,23.540000915527344,2085300.0
2010-05-21,23.549999237060547,23.950000762939453,23.510000228881836,23.84000015258789,1078400.0
2010-05-24,23.829999923706055,23.90999984741211,23.760000228881836,23.760000228881836,474300.0
2010-05-25,23.469999313354492,23.739999771118164,23.389999389648438,23.65999984741211,1694800.0
2010-05-26,23.790000915527344,23.8700008392334,23.68000030517578,23.729999542236328,573700.0
2010-05-27,23.899999618530273,23.989999771118164,23.75,23.989999771118164,476800.0
2010-05-28,23.790000915527344,23.829999923706055,23.549999237060547,23.579999923706055,627600.0
2010-06-01,23.420000076293945,23.709999084472656,23.399999618530273,23.530000686645508,834200.0
2010-06-02,23.649999618530273,23.649999618530273,23.459999084472656,23.510000228881836,682100.0
2010-06-03,23.440000534057617,23.6299991607666,23.440000534057617,23.520000457763672,643100.0
2010-06-04,23.34000015258789,23.440000534057617,22.850000381469727,23.059999465942383,2310300.0
2010-06-07,23.030000686645508,23.059999465942383,22.8700008392334,22.8700008392334,1010200.0
2010-06-08,22.959999084472656,23.139999389648438,22.959999084472656,23.1200008392334,969200.0
2010-06-09,23.139999389648438,23.290000915527344,23.09000015258789,23.09000015258789,632000.0
2010-06-10,23.3700008392334,23.389999389648438,23.200000762939453,23.299999237060547,690900.0
2010-06-11,23.350000381469727,23.549999237060547,23.329999923706055,23.549999237060547,294800.0
2010-06-14,23.65999984741211,23.860000610351562,23.56999969482422,23.790000915527344,598800.0
2010-06-15,23.809999465942383,24.079999923706055,23.729999542236328,24.059999465942383,859900.0
2010-06-16,24.049999237060547,24.200000762939453,24.0,24.09000015258789,750000.0
2010-06-17,24.149999618530273,24.170000076293945,23.979999542236328,24.0,689100.0
2010-06-18,24.059999465942383,24.209999084472656,23.969999313354492,24.100000381469727,617500.0
2010-06-21,24.25,24.43000030517578,24.1200008392334,24.170000076293945,1265000.0
2010-06-22,24.170000076293945,24.329999923706055,24.149999618530273,24.149999618530273,482000.0
2010-06-23,24.190000534057617,24.25,24.030000686645508,24.079999923706055,393800.0
2010-06-24,24.290000915527344,24.3799991607666,24.239999771118164,24.299999237060547,601200.0
2010-06-25,24.309999465942383,24.31999969482422,24.200000762939453,24.219999313354492,300600.0
2010-06-28,24.219999313354492,24.260000228881836,24.040000915527344,24.09000015258789,502400.0
2010-06-29,23.899999618530273,23.950000762939453,23.530000686645508,23.600000381469727,1150500.0
2010-06-30,23.610000610351562,24.18000030517578,23.610000610351562,23.989999771118164,921800.0
2010-07-01,24.079999923706055,24.260000228881836,23.90999984741211,24.190000534057617,911700.0
2010-07-02,24.139999389648438,24.239999771118164,24.100000381469727,24.110000610351562,726600.0
2010-07-06,24.170000076293945,24.290000915527344,23.850000381469727,23.889999389648438,1137500.0
2010-07-07,23.790000915527344,24.489999771118164,23.790000915527344,24.43000030517578,1357600.0
2010-07-08,24.440000534057617,24.6299991607666,24.399999618530273,24.6200008392334,770500.0
2010-07-09,24.549999237060547,24.65999984741211,24.510000228881836,24.540000915527344,628000.0
2010-07-12,24.540000915527344,24.600000381469727,24.420000076293945,24.489999771118164,473600.0
2010-07-13,24.649999618530273,24.780000686645508,24.600000381469727,24.700000762939453,896300.0
2010-07-14,24.790000915527344,25.049999237060547,24.780000686645508,24.989999771118164,966300.0
2010-07-15,25.18000030517578,25.3700008392334,25.06999969482422,25.3700008392334,1535500.0
2010-07-16,25.31999969482422,25.350000381469727,25.170000076293945,25.270000457763672,1024400.0
2010-07-19,25.18000030517578,25.209999084472656,24.899999618530273,24.959999084472656,1440600.0
2010-07-20,24.829999923706055,24.8799991607666,24.729999542236328,24.790000915527344,695200.0
2010-07-21,24.93000030517578,24.950000762939453,24.829999923706055,24.8700008392334,933400.0
2010-07-22,25.06999969482422,25.18000030517578,24.950000762939453,25.010000228881836,872300.0
2010-07-23,24.989999771118164,25.200000762939453,24.989999771118164,25.149999618530273,1261700.0
2010-07-26,25.09000015258789,25.1299991607666,24.920000076293945,24.979999542236328,1062000.0
2010-07-27,25.040000915527344,25.09000015258789,24.93000030517578,24.950000762939453,1005600.0
2010-07-28,25.06999969482422,25.3700008392334,25.06999969482422,25.309999465942383,1212300.0
2010-07-29,25.40999984741211,25.670000076293945,25.40999984741211,25.530000686645508,1090200.0
2010-07-30,25.6299991607666,25.989999771118164,25.610000610351562,25.979999542236328,1649800.0
2010-08-02,26.209999084472656,26.3799991607666,25.93000030517578,25.989999771118164,1727200.0
2010-08-03,25.860000610351562,25.8700008392334,25.700000762939453,25.770000457763672,963300.0
2010-08-04,26.0,26.350000381469727,25.989999771118164,26.350000381469727,3287400.0
2010-08-05,26.649999618530273,26.75,26.139999389648438,26.139999389648438,2789400.0
2010-08-06,26.030000686645508,26.079999923706055,25.68000030517578,25.68000030517578,2790000.0
2010-08-09,25.799999237060547,26.010000228881836,25.719999313354492,25.850000381469727,1396200.0
2010-08-10,25.68000030517578,25.84000015258789,25.610000610351562,25.719999313354492,976600.0
2010-08-11,25.59000015258789,25.68000030517578,25.450000762939453,25.489999771118164,1045300.0
2010-08-12,25.809999465942383,26.100000381469727,25.739999771118164,25.950000762939453,1677400.0
2010-08-13,26.09000015258789,26.09000015258789,25.940000534057617,25.969999313354492,613200.0
2010-08-16,26.110000610351562,26.239999771118164,25.8799991607666,25.940000534057617,550200.0
2010-08-17,26.0,26.100000381469727,25.90999984741211,26.079999923706055,1045100.0
2010-08-18,26.010000228881836,26.200000762939453,25.899999618530273,26.079999923706055,1228300.0
2010-08-19,26.34000015258789,26.420000076293945,26.110000610351562,26.170000076293945,1390300.0
2010-08-20,26.18000030517578,26.25,26.06999969482422,26.219999313354492,792200.0
2010-08-23,26.280000686645508,26.3799991607666,26.239999771118164,26.3799991607666,793500.0
2010-08-24,25.860000610351562,25.959999084472656,25.780000686645508,25.860000610351562,1443900.0
2010-08-25,25.760000228881836,25.860000610351562,25.6299991607666,25.6299991607666,967400.0
2010-08-26,25.81999969482422,25.889999389648438,25.770000457763672,25.8700008392334,841100.0
2010-08-27,25.93000030517578,26.190000534057617,25.93000030517578,26.110000610351562,1035700.0
2010-08-30,26.239999771118164,26.360000610351562,26.1200008392334,26.170000076293945,791100.0
2010-08-31,26.139999389648438,26.31999969482422,25.959999084472656,25.979999542236328,766800.0
2010-09-01,26.190000534057617,26.309999465942383,26.139999389648438,26.299999237060547,1099100.0
2010-09-02,26.350000381469727,26.540000915527344,26.350000381469727,26.5,679900.0
2010-09-03,26.670000076293945,26.969999313354492,26.510000228881836,26.959999084472656,1853100.0
2010-09-07,26.729999542236328,26.989999771118164,26.729999542236328,26.8799991607666,1830100.0
2010-09-08,26.860000610351562,26.989999771118164,26.829999923706055,26.84000015258789,1120700.0
2010-09-09,26.8700008392334,27.079999923706055,26.829999923706055,27.040000915527344,2228800.0
2010-09-10,26.969999313354492,27.149999618530273,26.920000076293945,26.940000534057617,1114100.0
2010-09-13,27.079999923706055,27.25,27.06999969482422,27.209999084472656,891100.0
2010-09-14,27.219999313354492,27.56999969482422,27.219999313354492,27.549999237060547,2138800.0
2010-09-15,27.479999542236328,27.530000686645508,27.3799991607666,27.389999389648438,695800.0
2010-09-16,27.520000457763672,27.600000381469727,27.399999618530273,27.5,1019600.0
2010-09-17,27.719999313354492,27.790000915527344,27.559999465942383,27.760000228881836,2378100.0
2010-09-20,27.920000076293945,27.920000076293945,27.530000686645508,27.559999465942383,2082800.0
2010-09-21,27.559999465942383,27.799999237060547,27.43000030517578,27.459999084472656,1218300.0
2010-09-22,27.729999542236328,27.780000686645508,27.3700008392334,27.510000228881836,1358700.0
2010-09-23,27.399999618530273,27.510000228881836,27.329999923706055,27.350000381469727,1684200.0
2010-09-24,27.579999923706055,27.969999313354492,27.579999923706055,27.899999618530273,1373100.0
2010-09-27,28.030000686645508,28.06999969482422,27.8799991607666,28.0,1951200.0
2010-09-28,27.899999618530273,28.030000686645508,27.850000381469727,27.8700008392334,960000.0
2010-09-29,27.479999542236328,27.700000762939453,27.350000381469727,27.600000381469727,1798300.0
2010-09-30,27.56999969482422,27.6299991607666,27.030000686645508,27.479999542236328,2661300.0
2010-10-01,27.309999465942383,27.479999542236328,26.559999465942383,26.649999618530273,4542100.0
2010-10-04,26.420000076293945,26.56999969482422,26.3799991607666,26.389999389648438,2828100.0
2010-10-05,26.65999984741211,26.979999542236328,26.600000381469727,26.959999084472656,2296700.0
2010-10-06,26.8700008392334,26.940000534057617,26.780000686645508,26.790000915527344,1943000.0
2010-10-07,27.020000457763672,27.1200008392334,26.899999618530273,27.020000457763672,1630700.0
2010-10-08,27.649999618530273,28.790000915527344,27.540000915527344,28.709999084472656,6921900.0
2010-10-11,28.959999084472656,28.979999542236328,28.299999237060547,28.299999237060547,3485800.0
2010-10-12,28.520000457763672,28.950000762939453,28.440000534057617,28.860000610351562,2621800.0
2010-10-13,28.8799991607666,28.90999984741211,28.649999618530273,28.690000534057617,2345400.0
2010-10-14,28.770000457763672,28.860000610351562,28.690000534057617,28.799999237060547,2046900.0
2010-10-15,28.8799991607666,28.889999389648438,28.520000457763672,28.520000457763672,2316500.0
2010-10-18,28.59000015258789,28.65999984741211,28.459999084472656,28.600000381469727,1171000.0
2010-10-19,28.299999237060547,28.65999984741211,28.25,28.399999618530273,1626000.0
2010-10-20,28.75,29.200000762939453,28.739999771118164,29.170000076293945,3017500.0
2010-10-21,29.3799991607666,29.40999984741211,29.09000015258789,29.100000381469727,2153100.0
2010-10-22,29.219999313354492,29.280000686645508,29.110000610351562,29.1299991607666,1431100.0
2010-10-25,29.56999969482422,29.639999389648438,29.329999923706055,29.420000076293945,1900100.0
2010-10-26,29.360000610351562,29.65999984741211,29.360000610351562,29.579999923706055,1252600.0
2010-10-27,29.459999084472656,29.59000015258789,29.309999465942383,29.530000686645508,1798000.0
2010-10-28,29.719999313354492,29.770000457763672,29.489999771118164,29.540000915527344,1914800.0
2010-10-29,29.68000030517578,29.75,29.600000381469727,29.700000762939453,1055400.0
2010-11-01,29.770000457763672,29.829999923706055,29.459999084472656,29.469999313354492,2593400.0
2010-11-02,29.790000915527344,29.829999923706055,29.610000610351562,29.709999084472656,2428900.0
2010-11-03,29.790000915527344,29.850000381469727,29.40999984741211,29.729999542236328,2184200.0
2010-11-04,30.110000610351562,30.510000228881836,30.110000610351562,30.399999618530273,3251500.0
2010-11-05,30.25,30.40999984741211,30.110000610351562,30.329999923706055,1948300.0
2010-11-08,30.360000610351562,30.729999542236328,30.31999969482422,30.709999084472656,4418300.0
2010-11-09,31.559999465942383,31.649999618530273,30.829999923706055,30.8799991607666,6707800.0
2010-11-10,30.860000610351562,30.940000534057617,30.6200008392334,30.829999923706055,2130100.0
2010-11-11,30.75,30.780000686645508,30.1200008392334,30.1299991607666,2441100.0
2010-11-12,29.610000610351562,29.690000534057617,28.799999237060547,28.8700008392334,5939100.0
2010-11-15,29.100000381469727,29.399999618530273,29.020000457763672,29.219999313354492,2703200.0
2010-11-16,28.93000030517578,29.0,28.229999542236328,28.280000686645508,3409600.0
2010-11-17,28.469999313354492,28.739999771118164,28.399999618530273,28.5,2172300.0
2010-11-18,29.389999389648438,29.540000915527344,29.280000686645508,29.540000915527344,2339600.0
2010-11-19,29.170000076293945,29.520000457763672,28.920000076293945,28.989999771118164,2496100.0
2010-11-22,29.030000686645508,29.06999969482422,28.739999771118164,29.010000228881836,1510700.0
2010-11-23,28.6200008392334,29.149999618530273,28.459999084472656,29.1200008392334,2079300.0
2010-11-24,29.270000457763672,29.40999984741211,29.219999313354492,29.3799991607666,1319200.0
2010-11-26,29.149999618530273,29.299999237060547,29.040000915527344,29.040000915527344,381300.0
2010-11-29,29.270000457763672,29.290000915527344,29.1200008392334,29.260000228881836,961100.0
2010-11-30,29.09000015258789,29.209999084472656,29.020000457763672,29.09000015258789,1259800.0
2010-12-01,29.3799991607666,29.780000686645508,29.3799991607666,29.719999313354492,2320000.0
2010-12-02,29.760000228881836,30.010000228881836,29.729999542236328,29.81999969482422,2235000.0
2010-12-03,30.100000381469727,30.3799991607666,30.079999923706055,30.360000610351562,1781000.0
2010-12-06,30.399999618530273,30.5,30.350000381469727,30.469999313354492,1111100.0
2010-12-07,30.790000915527344,30.799999237060547,30.100000381469727,30.100000381469727,1549200.0
2010-12-08,30.190000534057617,30.440000534057617,30.0,30.360000610351562,1418500.0
2010-12-09,30.389999389648438,30.389999389648438,30.209999084472656,30.290000915527344,807300.0
2010-12-10,30.209999084472656,30.229999542236328,29.940000534057617,30.149999618530273,1045900.0
2010-12-13,30.440000534057617,30.729999542236328,30.43000030517578,30.709999084472656,2157900.0
2010-12-14,30.989999771118164,30.989999771118164,30.520000457763672,30.540000915527344,1321700.0
2010-12-15,30.670000076293945,30.850000381469727,30.5,30.600000381469727,1911400.0
2010-12-16,30.68000030517578,30.700000762939453,30.540000915527344,30.690000534057617,1339900.0
2010-12-17,30.690000534057617,31.200000762939453,30.6200008392334,31.170000076293945,2996300.0
2010-12-20,31.309999465942383,31.43000030517578,31.15999984741211,31.329999923706055,1690300.0
2010-12-21,31.5,31.729999542236328,31.43000030517578,31.530000686645508,2284700.0
2010-12-22,31.5,31.8700008392334,31.450000762939453,31.8700008392334,2503800.0
2010-12-23,31.860000610351562,32.119998931884766,31.81999969482422,32.04999923706055,1395700.0
2010-12-27,31.93000030517578,32.189998626708984,31.920000076293945,32.11000061035156,1349000.0
2010-12-28,32.29999923706055,32.45000076293945,32.27000045776367,32.33000183105469,1538600.0
2010-12-29,32.279998779296875,32.38999938964844,32.2400016784668,32.290000915527344,1434800.0
2010-12-30,32.43000030517578,32.43000030517578,31.6200008392334,31.850000381469727,2009700.0
2010-12-31,32.04999923706055,32.400001525878906,32.0,32.349998474121094,1034100.0
2011-01-03,32.58000183105469,32.720001220703125,32.22999954223633,32.29999923706055,2295000.0
2011-01-04,32.06999969482422,32.08000183105469,31.510000228881836,31.649999618530273,2880700.0
2011-01-05,31.450000762939453,31.969999313354492,31.350000381469727,31.950000762939453,2141600.0
2011-01-06,31.93000030517578,31.979999542236328,31.56999969482422,31.56999969482422,2041700.0
2011-01-07,31.600000381469727,31.84000015258789,31.549999237060547,31.6299991607666,1842900.0
2011-01-10,31.770000457763672,32.029998779296875,31.75,32.0,1847400.0
2011-01-11,32.13999938964844,32.2400016784668,32.08000183105469,32.18000030517578,1793500.0
2011-01-12,32.689998626708984,32.959999084472656,32.439998626708984,32.70000076293945,4318700.0
2011-01-13,32.790000915527344,32.88999938964844,32.619998931884766,32.81999969482422,4555700.0
2011-01-14,32.52000045776367,32.77000045776367,32.369998931884766,32.70000076293945,2259500.0
2011-01-18,32.849998474121094,33.13999938964844,32.849998474121094,32.959999084472656,3115700.0
2011-01-19,33.189998626708984,33.209999084472656,32.79999923706055,32.880001068115234,3539000.0
2011-01-20,32.70000076293945,33.16999816894531,32.5099983215332,33.15999984741211,3750900.0
2011-01-21,33.380001068115234,33.540000915527344,33.29999923706055,33.4900016784668,3345500.0
2011-01-24,33.619998931884766,33.70000076293945,33.45000076293945,33.5,3348800.0
2011-01-25,33.369998931884766,33.380001068115234,33.18000030517578,33.34000015258789,1832100.0
2011-01-26,33.54999923706055,33.97999954223633,33.540000915527344,33.97999954223633,2339500.0
2011-01-27,33.95000076293945,34.060001373291016,33.810001373291016,33.93000030517578,3081700.0
2011-01-28,34.279998779296875,34.279998779296875,33.75,33.91999816894531,1785200.0
2011-01-31,34.0,34.36000061035156,33.93000030517578,34.290000915527344,3975000.0
2011-02-01,34.29999923706055,34.540000915527344,34.189998626708984,34.5099983215332,2602600.0
2011-02-02,34.75,34.95000076293945,34.61000061035156,34.900001525878906,4272900.0
2011-02-03,34.79999923706055,34.849998474121094,34.25,34.369998931884766,4101200.0
2011-02-04,34.279998779296875,34.43000030517578,34.08000183105469,34.31999969482422,2941900.0
2011-02-07,34.54999923706055,34.599998474121094,34.31999969482422,34.40999984741211,5720300.0
2011-02-08,34.29999923706055,34.470001220703125,34.119998931884766,34.38999938964844,4568700.0
2011-02-09,34.790000915527344,34.880001068115234,34.5099983215332,34.7400016784668,4002400.0
2011-02-10,35.0,35.189998626708984,34.849998474121094,34.959999084472656,3607900.0
2011-02-11,34.869998931884766,34.93000030517578,34.709999084472656,34.83000183105469,2430100.0
2011-02-14,34.86000061035156,35.0,34.77000045776367,34.84000015258789,1853900.0
2011-02-15,34.7599983215332,34.84000015258789,34.220001220703125,34.40999984741211,3236700.0
2011-02-16,34.560001373291016,34.77000045776367,34.5,34.630001068115234,3134400.0
2011-02-17,34.869998931884766,35.33000183105469,34.75,35.2400016784668,3695200.0
2011-02-18,35.029998779296875,35.20000076293945,34.77000045776367,34.90999984741211,4689900.0
2011-02-22,34.90999984741211,34.939998626708984,34.04999923706055,34.18000030517578,5285300.0
2011-02-23,33.959999084472656,34.36000061035156,33.79999923706055,34.279998779296875,4881300.0
2011-02-24,34.02000045776367,34.130001068115234,33.81999969482422,34.0099983215332,3796600.0
2011-02-25,33.97999954223633,34.79999923706055,33.97999954223633,34.709999084472656,3909000.0
2011-02-28,34.900001525878906,34.970001220703125,34.7599983215332,34.970001220703125,2219700.0
2011-03-01,34.900001525878906,34.97999954223633,34.5,34.619998931884766,3145200.0
2011-03-02,34.75,35.0,34.66999816894531,34.95000076293945,2714900.0
2011-03-03,35.099998474121094,35.4900016784668,35.099998474121094,35.439998626708984,2988300.0
2011-03-04,35.4900016784668,35.58000183105469,34.970001220703125,35.29999923706055,2765500.0
2011-03-07,35.45000076293945,35.459999084472656,35.11000061035156,35.279998779296875,2188500.0
2011-03-08,35.25,35.369998931884766,35.150001525878906,35.27000045776367,3561200.0
2011-03-09,35.349998474121094,35.400001525878906,34.86000061035156,35.060001373291016,2650400.0
2011-03-10,34.619998931884766,34.63999938964844,34.15999984741211,34.16999816894531,5469400.0
2011-03-11,33.70000076293945,34.04999923706055,33.56999969482422,33.9900016784668,3523000.0
2011-03-14,33.68000030517578,33.77000045776367,33.439998626708984,33.68000030517578,3468900.0
2011-03-15,32.79999923706055,32.79999923706055,31.920000076293945,32.13999938964844,7149800.0
2011-03-16,32.65999984741211,32.869998931884766,31.8700008392334,32.189998626708984,6320200.0
2011-03-17,32.689998626708984,33.41999816894531,32.66999816894531,33.40999984741211,7534600.0
2011-03-18,33.75,33.880001068115234,33.47999954223633,33.65999984741211,5102500.0
2011-03-21,33.709999084472656,33.90999984741211,33.619998931884766,33.900001525878906,3245200.0
2011-03-22,33.58000183105469,33.97999954223633,33.45000076293945,33.95000076293945,2258400.0
2011-03-23,33.79999923706055,33.880001068115234,33.529998779296875,33.599998474121094,2289700.0
2011-03-24,33.650001525878906,33.959999084472656,33.5099983215332,33.93000030517578,2336800.0
2011-03-25,34.09000015258789,34.310001373291016,33.959999084472656,34.150001525878906,2861100.0
2011-03-28,34.029998779296875,34.11000061035156,33.720001220703125,33.790000915527344,2192700.0
2011-03-29,33.70000076293945,33.86000061035156,33.58000183105469,33.7400016784668,1897400.0
2011-03-30,33.75,33.779998779296875,33.369998931884766,33.65999984741211,1651100.0
2011-03-31,34.02000045776367,34.29999923706055,33.810001373291016,34.22999954223633,3202800.0
2011-04-01,34.16999816894531,34.400001525878906,34.06999969482422,34.33000183105469,2318100.0
2011-04-04,34.5,34.56999969482422,34.38999938964844,34.52000045776367,2485400.0
2011-04-05,34.31999969482422,34.599998474121094,34.20000076293945,34.540000915527344,1899100.0
2011-04-06,34.630001068115234,34.66999816894531,34.27000045776367,34.310001373291016,2993600.0
2011-04-07,34.4900016784668,34.599998474121094,34.099998474121094,34.27000045776367,1804000.0
2011-04-08,34.310001373291016,34.4900016784668,34.18000030517578,34.400001525878906,2121300.0
2011-04-11,34.369998931884766,34.47999954223633,34.25,34.25,1536900.0
2011-04-12,34.189998626708984,34.22999954223633,33.459999084472656,33.72999954223633,4520700.0
2011-04-13,34.06999969482422,34.209999084472656,33.72999954223633,33.91999816894531,1670900.0
2011-04-14,33.720001220703125,33.9900016784668,33.709999084472656,33.9900016784668,2446200.0
2011-04-15,33.86000061035156,34.02000045776367,33.81999969482422,33.88999938964844,1844000.0
2011-04-18,33.83000183105469,34.040000915527344,33.5099983215332,33.9900016784668,1940200.0
2011-04-19,34.119998931884766,34.380001068115234,34.11000061035156,34.31999969482422,2953400.0
2011-04-20,34.70000076293945,34.83000183105469,34.27000045776367,34.33000183105469,2806000.0
2011-04-21,34.41999816894531,34.470001220703125,34.209999084472656,34.41999816894531,1216800.0
2011-04-25,34.63999938964844,34.689998626708984,34.15999984741211,34.2599983215332,5142000.0
2011-04-26,34.36000061035156,34.36000061035156,34.099998474121094,34.13999938964844,4500000.0
2011-04-27,34.04999923706055,34.119998931884766,33.849998474121094,34.09000015258789,3518100.0
2011-04-28,34.06999969482422,34.130001068115234,33.529998779296875,33.70000076293945,3885900.0
2011-04-29,33.689998626708984,34.150001525878906,33.68000030517578,34.060001373291016,3150200.0
2011-05-02,34.0,34.25,33.869998931884766,33.900001525878906,2993200.0
2011-05-03,33.959999084472656,34.02000045776367,33.630001068115234,33.720001220703125,2230500.0
2011-05-04,33.63999938964844,33.709999084472656,33.119998931884766,33.18000030517578,5472000.0
2011-05-05,32.70000076293945,32.720001220703125,32.2400016784668,32.380001068115234,5778700.0
2011-05-06,32.68000030517578,32.95000076293945,32.33000183105469,32.41999816894531,3288300.0
2011-05-09,32.720001220703125,33.040000915527344,32.63999938964844,32.939998626708984,2684800.0
2011-05-10,33.130001068115234,33.349998474121094,33.029998779296875,33.09000015258789,2252500.0
2011-05-11,32.90999984741211,32.90999984741211,32.349998474121094,32.40999984741211,3931300.0
2011-05-12,32.150001525878906,32.5099983215332,32.02000045776367,32.439998626708984,4587200.0
2011-05-13,32.47999954223633,32.56999969482422,32.060001373291016,32.13999938964844,3152800.0
2011-05-16,32.209999084472656,32.369998931884766,32.02000045776367,32.040000915527344,2513900.0
2011-05-17,32.029998779296875,32.5,31.950000762939453,32.45000076293945,2949700.0
2011-05-18,32.63999938964844,33.13999938964844,32.560001373291016,33.06999969482422,3027600.0
2011-05-19,32.970001220703125,32.9900016784668,32.599998474121094,32.68000030517578,2147000.0
2011-05-20,32.56999969482422,32.61000061035156,32.290000915527344,32.5099983215332,2754700.0
2011-05-23,32.34000015258789,32.400001525878906,32.0099983215332,32.13999938964844,2148500.0
2011-05-24,32.290000915527344,32.43000030517578,32.02000045776367,32.119998931884766,1033900.0
2011-05-25,32.279998779296875,32.689998626708984,32.2599983215332,32.599998474121094,1364600.0
2011-05-26,32.75,32.91999816894531,32.66999816894531,32.79999923706055,1872700.0
2011-05-27,32.810001373291016,32.849998474121094,32.66999816894531,32.83000183105469,998100.0
2011-05-31,32.84000015258789,32.970001220703125,32.630001068115234,32.72999954223633,1930600.0
2011-06-01,32.59000015258789,32.65999984741211,32.18000030517578,32.290000915527344,1829100.0
2011-06-02,32.38999938964844,32.849998474121094,32.38999938964844,32.77000045776367,2257700.0
2011-06-03,32.70000076293945,33.060001373291016,32.70000076293945,32.939998626708984,1605300.0
2011-06-06,32.79999923706055,32.810001373291016,32.2400016784668,32.2599983215332,1209800.0
2011-06-07,32.5,32.56999969482422,32.36000061035156,32.470001220703125,1273500.0
2011-06-08,32.4900016784668,32.869998931884766,32.43000030517578,32.84000015258789,1633700.0
2011-06-09,33.2400016784668,33.36000061035156,32.97999954223633,33.150001525878906,2574000.0
2011-06-10,32.95000076293945,32.9900016784668,32.70000076293945,32.83000183105469,1859800.0
2011-06-13,32.959999084472656,33.119998931884766,32.65999984741211,32.849998474121094,1822400.0
2011-06-14,32.709999084472656,32.86000061035156,32.45000076293945,32.7599983215332,1530600.0
2011-06-15,32.72999954223633,32.83000183105469,32.2599983215332,32.29999923706055,2733200.0
2011-06-16,32.119998931884766,32.40999984741211,32.099998474121094,32.150001525878906,2170800.0
2011-06-17,32.33000183105469,32.369998931884766,32.09000015258789,32.2400016784668,1770100.0
2011-06-20,32.119998931884766,32.45000076293945,32.119998931884766,32.369998931884766,1571400.0
2011-06-21,32.59000015258789,32.83000183105469,32.560001373291016,32.810001373291016,2034400.0
2011-06-22,32.54999923706055,32.58000183105469,32.130001068115234,32.2599983215332,1299500.0
2011-06-23,31.649999618530273,32.2599983215332,31.459999084472656,32.220001220703125,4230700.0
2011-06-24,32.189998626708984,32.220001220703125,31.8700008392334,31.93000030517578,1787400.0
2011-06-27,31.709999084472656,31.860000610351562,31.6299991607666,31.790000915527344,2354600.0
2011-06-28,32.099998474121094,32.41999816894531,32.060001373291016,32.380001068115234,1528100.0
2011-06-29,32.38999938964844,32.540000915527344,32.27000045776367,32.540000915527344,1510600.0
2011-06-30,31.979999542236328,32.04999923706055,31.649999618530273,31.739999771118164,2663200.0
2011-07-01,31.65999984741211,32.189998626708984,31.649999618530273,32.15999984741211,2020400.0
2011-07-05,32.439998626708984,32.63999938964844,32.310001373291016,32.540000915527344,1946100.0
2011-07-06,32.34000015258789,32.52000045776367,32.22999954223633,32.33000183105469,794400.0
2011-07-07,32.470001220703125,32.849998474121094,32.45000076293945,32.70000076293945,1807300.0
2011-07-08,32.7400016784668,32.84000015258789,32.54999923706055,32.63999938964844,964300.0
2011-07-11,32.40999984741211,32.619998931884766,32.349998474121094,32.5099983215332,1452600.0
2011-07-12,32.36000061035156,32.849998474121094,32.36000061035156,32.7599983215332,8987600.0
2011-07-13,32.91999816894531,33.41999816894531,32.90999984741211,33.29999923706055,3900700.0
2011-07-14,33.2599983215332,33.31999969482422,32.779998779296875,32.93000030517578,1845500.0
2011-07-15,33.099998474121094,33.119998931884766,32.7400016784668,32.81999969482422,2665700.0
2011-07-18,32.59000015258789,32.70000076293945,32.380001068115234,32.61000061035156,1518800.0
2011-07-19,33.02000045776367,33.150001525878906,32.689998626708984,32.810001373291016,1239500.0
2011-07-20,32.83000183105469,32.900001525878906,32.630001068115234,32.709999084472656,712900.0
2011-07-21,32.810001373291016,32.90999984741211,32.47999954223633,32.59000015258789,1617900.0
2011-07-22,32.560001373291016,32.83000183105469,32.459999084472656,32.810001373291016,855600.0
2011-07-25,32.58000183105469,32.59000015258789,32.34000015258789,32.5099983215332,1143600.0
2011-07-26,32.599998474121094,32.84000015258789,32.52000045776367,32.779998779296875,1456100.0
2011-07-27,32.7400016784668,32.86000061035156,32.52000045776367,32.720001220703125,1697400.0
2011-07-28,32.650001525878906,32.7599983215332,32.470001220703125,32.5099983215332,1370900.0
2011-07-29,32.34000015258789,32.400001525878906,32.16999816894531,32.25,1374600.0
2011-08-01,32.52000045776367,32.56999969482422,32.290000915527344,32.540000915527344,1677300.0
2011-08-02,32.5,32.93000030517578,32.400001525878906,32.810001373291016,2368500.0
2011-08-03,32.619998931884766,32.689998626708984,32.400001525878906,32.650001525878906,1856800.0
2011-08-04,32.31999969482422,32.349998474121094,31.979999542236328,32.0099983215332,3009500.0
2011-08-05,32.209999084472656,32.349998474121094,31.899999618530273,32.20000076293945,3373600.0
2011-08-08,31.639999389648438,31.770000457763672,31.280000686645508,31.350000381469727,4058400.0
2011-08-09,31.739999771118164,31.979999542236328,31.270000457763672,31.670000076293945,3669300.0
2011-08-10,31.65999984741211,31.709999084472656,31.360000610351562,31.360000610351562,2124900.0
2011-08-11,31.889999389648438,32.290000915527344,31.889999389648438,32.209999084472656,2279500.0
2011-08-12,32.119998931884766,32.43000030517578,32.119998931884766,32.310001373291016,1138300.0
2011-08-15,32.5,32.630001068115234,32.41999816894531,32.61000061035156,1002900.0
2011-08-16,32.41999816894531,32.900001525878906,32.36000061035156,32.86000061035156,1401500.0
2011-08-17,33.0,33.290000915527344,32.9900016784668,33.16999816894531,1657900.0
2011-08-18,32.779998779296875,32.86000061035156,32.459999084472656,32.720001220703125,1802000.0
2011-08-19,32.779998779296875,33.189998626708984,32.7599983215332,33.09000015258789,1422600.0
2011-08-22,33.40999984741211,33.43000030517578,33.20000076293945,33.29999923706055,1169200.0
2011-08-23,33.5,33.84000015258789,33.40999984741211,33.810001373291016,3641700.0
2011-08-24,33.689998626708984,33.86000061035156,33.22999954223633,33.349998474121094,2683000.0
2011-08-25,33.290000915527344,33.459999084472656,33.099998474121094,33.400001525878906,1020200.0
2011-08-26,33.439998626708984,34.0,33.279998779296875,33.959999084472656,1319600.0
2011-08-29,34.11000061035156,34.189998626708984,33.959999084472656,34.189998626708984,1913800.0
2011-08-30,33.93000030517578,34.16999816894531,33.79999923706055,34.11000061035156,1716100.0
2011-08-31,34.099998474121094,34.209999084472656,34.060001373291016,34.11000061035156,1264000.0
2011-09-01,33.939998626708984,34.08000183105469,33.66999816894531,33.720001220703125,1858600.0
2011-09-02,33.54999923706055,34.040000915527344,33.5099983215332,33.91999816894531,1630200.0
2011-09-06,33.400001525878906,33.5099983215332,33.150001525878906,33.38999938964844,1331100.0
2011-09-07,33.68000030517578,33.7599983215332,33.439998626708984,33.5099983215332,718000.0
2011-09-08,33.36000061035156,33.52000045776367,33.31999969482422,33.380001068115234,2881900.0
2011-09-09,33.29999923706055,33.310001373291016,32.93000030517578,33.099998474121094,1738600.0
2011-09-12,33.09000015258789,33.189998626708984,32.900001525878906,33.099998474121094,1042900.0
2011-09-13,33.06999969482422,33.13999938964844,32.70000076293945,32.81999969482422,821400.0
2011-09-14,32.72999954223633,32.880001068115234,32.70000076293945,32.790000915527344,1184700.0
2011-09-15,32.77000045776367,32.81999969482422,32.310001373291016,32.380001068115234,1592800.0
2011-09-16,32.349998474121094,32.349998474121094,32.02000045776367,32.02000045776367,2891000.0
2011-09-19,31.829999923706055,31.889999389648438,31.610000610351562,31.770000457763672,1625100.0
2011-09-20,31.979999542236328,32.04999923706055,31.739999771118164,31.739999771118164,1924000.0
2011-09-21,31.770000457763672,31.81999969482422,31.059999465942383,31.110000610351562,2128600.0
2011-09-22,30.59000015258789,30.809999465942383,30.18000030517578,30.389999389648438,4150200.0
2011-09-23,30.139999389648438,30.3799991607666,30.06999969482422,30.1299991607666,2049700.0
2011-09-26,30.229999542236328,30.690000534057617,30.229999542236328,30.540000915527344,1693200.0
2011-09-27,31.0,31.09000015258789,30.700000762939453,30.719999313354492,1785800.0
2011-09-28,30.530000686645508,30.639999389648438,29.979999542236328,30.040000915527344,1555100.0
2011-09-29,30.31999969482422,30.719999313354492,30.309999465942383,30.719999313354492,1019100.0
2011-09-30,30.1200008392334,30.1200008392334,29.6200008392334,29.670000076293945,3067800.0
2011-10-03,29.5,29.829999923706055,29.31999969482422,29.56999969482422,2705300.0
2011-10-04,29.479999542236328,29.739999771118164,29.329999923706055,29.719999313354492,1600000.0
2011-10-05,29.8700008392334,30.0,29.770000457763672,30.0,839500.0
2011-10-06,30.040000915527344,30.190000534057617,29.93000030517578,30.100000381469727,770600.0
2011-10-07,29.989999771118164,30.1200008392334,29.809999465942383,29.889999389648438,983800.0
2011-10-10,30.229999542236328,30.350000381469727,29.950000762939453,30.09000015258789,1084400.0
2011-10-11,29.969999313354492,30.56999969482422,29.860000610351562,30.5,1257700.0
2011-10-12,30.489999771118164,30.610000610351562,30.299999237060547,30.450000762939453,1144400.0
2011-10-13,30.56999969482422,30.8700008392334,30.43000030517578,30.809999465942383,814700.0
2011-10-14,31.09000015258789,31.209999084472656,31.010000228881836,31.18000030517578,1173000.0
2011-10-17,30.90999984741211,31.059999465942383,30.829999923706055,30.93000030517578,1020700.0
2011-10-18,30.700000762939453,30.950000762939453,30.56999969482422,30.889999389648438,1280900.0
2011-10-19,31.049999237060547,31.09000015258789,30.59000015258789,30.6200008392334,1608000.0
2011-10-20,30.56999969482422,30.780000686645508,30.280000686645508,30.780000686645508,722200.0
2011-10-21,31.010000228881836,31.1299991607666,30.760000228881836,30.760000228881836,870300.0
2011-10-24,30.989999771118164,31.200000762939453,30.989999771118164,31.110000610351562,1254800.0
2011-10-25,31.170000076293945,31.170000076293945,30.809999465942383,30.809999465942383,820000.0
2011-10-26,30.950000762939453,31.079999923706055,30.5,30.579999923706055,1013000.0
2011-10-27,31.010000228881836,31.149999618530273,30.829999923706055,31.110000610351562,1564200.0
2011-10-28,30.860000610351562,31.100000381469727,30.850000381469727,31.030000686645508,665800.0
2011-10-31,30.520000457763672,30.65999984741211,30.399999618530273,30.40999984741211,2326000.0
2011-11-01,29.90999984741211,30.520000457763672,29.899999618530273,30.420000076293945,1613800.0
2011-11-02,30.5,30.65999984741211,30.309999465942383,30.34000015258789,870600.0
2011-11-03,30.559999465942383,30.760000228881836,30.43000030517578,30.739999771118164,798000.0
2011-11-04,30.65999984741211,30.709999084472656,30.540000915527344,30.6200008392334,842800.0
2011-11-07,30.780000686645508,30.84000015258789,30.56999969482422,30.719999313354492,541400.0
2011-11-08,30.75,30.790000915527344,30.600000381469727,30.790000915527344,711400.0
2011-11-09,30.399999618530273,30.40999984741211,30.110000610351562,30.1200008392334,914800.0
2011-11-10,30.18000030517578,30.219999313354492,29.889999389648438,29.90999984741211,893800.0
2011-11-11,30.0,30.06999969482422,29.81999969482422,30.040000915527344,506800.0
2011-11-14,29.899999618530273,29.940000534057617,29.729999542236328,29.850000381469727,826400.0
2011-11-15,29.850000381469727,30.149999618530273,29.850000381469727,30.1200008392334,1258200.0
2011-11-16,29.920000076293945,30.100000381469727,29.8799991607666,29.8799991607666,648000.0
2011-11-17,29.8700008392334,29.93000030517578,29.440000534057617,29.479999542236328,2538500.0
2011-11-18,29.520000457763672,29.549999237060547,29.239999771118164,29.299999237060547,2941000.0
2011-11-21,29.190000534057617,29.239999771118164,29.010000228881836,29.209999084472656,1202800.0
2011-11-22,29.1200008392334,29.200000762939453,29.040000915527344,29.06999969482422,681000.0
2011-11-23,28.969999313354492,28.989999771118164,28.799999237060547,28.809999465942383,1085400.0
2011-11-25,28.6200008392334,28.81999969482422,28.549999237060547,28.549999237060547,428600.0
2011-11-28,28.809999465942383,28.969999313354492,28.540000915527344,28.6299991607666,1821100.0
2011-11-29,28.610000610351562,28.8700008392334,28.559999465942383,28.780000686645508,598500.0
2011-11-30,29.049999237060547,29.190000534057617,28.920000076293945,28.989999771118164,800700.0
2011-12-01,29.049999237060547,29.06999969482422,28.790000915527344,28.899999618530273,663000.0
2011-12-02,28.989999771118164,29.040000915527344,28.700000762939453,28.760000228881836,855600.0
2011-12-05,28.889999389648438,28.989999771118164,28.56999969482422,28.6299991607666,1401400.0
2011-12-06,28.540000915527344,28.700000762939453,28.469999313354492,28.700000762939453,1305500.0
2011-12-07,28.600000381469727,28.639999389648438,28.25,28.329999923706055,1181400.0
2011-12-08,28.270000457763672,28.459999084472656,28.15999984741211,28.31999969482422,1022600.0
2011-12-09,28.079999923706055,28.260000228881836,27.959999084472656,28.010000228881836,877700.0
2011-12-12,27.739999771118164,28.079999923706055,27.610000610351562,27.969999313354492,2427700.0
2011-12-13,28.1200008392334,28.270000457763672,28.06999969482422,28.139999389648438,1112700.0
2011-12-14,27.84000015258789,27.959999084472656,27.610000610351562,27.690000534057617,1873600.0
2011-12-15,27.75,27.790000915527344,27.600000381469727,27.610000610351562,932400.0
2011-12-16,27.709999084472656,27.75,27.56999969482422,27.610000610351562,885500.0
2011-12-19,27.81999969482422,28.040000915527344,27.770000457763672,27.989999771118164,1210500.0
2011-12-20,28.239999771118164,28.34000015258789,28.200000762939453,28.280000686645508,1450200.0
2011-12-21,28.190000534057617,28.420000076293945,28.149999618530273,28.3799991607666,1089900.0
2011-12-22,28.399999618530273,28.6299991607666,28.399999618530273,28.540000915527344,927300.0
2011-12-23,28.59000015258789,28.649999618530273,28.549999237060547,28.600000381469727,575800.0
2011-12-27,28.56999969482422,28.93000030517578,28.540000915527344,28.899999618530273,719900.0
2011-12-28,29.030000686645508,29.049999237060547,28.729999542236328,28.850000381469727,1262300.0
2011-12-29,28.809999465942383,28.81999969482422,28.610000610351562,28.770000457763672,800300.0
2011-12-30,28.790000915527344,28.8799991607666,28.770000457763672,28.8799991607666,705500.0
2012-01-03,29.219999313354492,29.260000228881836,29.09000015258789,29.1200008392334,1254100.0
2012-01-04,29.170000076293945,29.18000030517578,28.989999771118164,29.020000457763672,789500.0
2012-01-05,28.8799991607666,28.90999984741211,28.3700008392334,28.399999618530273,1122000.0
2012-01-06,28.56999969482422,28.56999969482422,28.34000015258789,28.350000381469727,1115200.0
2012-01-09,28.579999923706055,28.84000015258789,28.520000457763672,28.799999237060547,911500.0
2012-01-10,28.979999542236328,29.270000457763672,28.90999984741211,29.229999542236328,1219100.0
2012-01-11,29.06999969482422,29.280000686645508,29.010000228881836,29.25,1035500.0
2012-01-12,28.90999984741211,29.0,28.6299991607666,28.809999465942383,1647000.0
2012-01-13,28.690000534057617,28.729999542236328,28.489999771118164,28.6200008392334,1847400.0
2012-01-17,28.690000534057617,28.81999969482422,28.649999618530273,28.68000030517578,2319700.0
2012-01-18,28.68000030517578,28.75,28.59000015258789,28.6299991607666,1202900.0
2012-01-19,28.719999313354492,28.889999389648438,28.68000030517578,28.850000381469727,1353700.0
2012-01-20,28.8700008392334,28.899999618530273,28.700000762939453,28.780000686645508,1337900.0
2012-01-23,28.81999969482422,28.959999084472656,28.760000228881836,28.93000030517578,2136500.0
2012-01-24,28.940000534057617,29.329999923706055,28.93000030517578,29.239999771118164,1459300.0
2012-01-25,29.270000457763672,29.34000015258789,29.110000610351562,29.34000015258789,818500.0
2012-01-26,29.479999542236328,29.530000686645508,29.299999237060547,29.299999237060547,1274800.0
2012-01-27,29.15999984741211,29.260000228881836,29.1200008392334,29.200000762939453,1079000.0
2012-01-30,29.0,29.020000457763672,28.780000686645508,28.81999969482422,1048400.0
2012-01-31,29.020000457763672,29.059999465942383,28.8700008392334,29.0,785000.0
2012-02-01,29.09000015258789,29.1200008392334,28.920000076293945,29.079999923706055,702600.0
2012-02-02,28.969999313354492,29.09000015258789,28.920000076293945,29.049999237060547,544600.0
2012-02-03,29.200000762939453,29.270000457763672,29.059999465942383,29.190000534057617,1043200.0
2012-02-06,29.1200008392334,29.270000457763672,29.079999923706055,29.25,805100.0
2012-02-07,29.079999923706055,29.280000686645508,29.049999237060547,29.15999984741211,674900.0
2012-02-08,29.209999084472656,29.34000015258789,29.06999969482422,29.139999389648438,943200.0
2012-02-09,29.190000534057617,29.280000686645508,28.84000015258789,28.90999984741211,837600.0
2012-02-10,28.700000762939453,28.84000015258789,28.579999923706055,28.610000610351562,1216500.0
2012-02-13,28.739999771118164,28.829999923706055,28.670000076293945,28.799999237060547,1119700.0
2012-02-14,28.670000076293945,28.809999465942383,28.600000381469727,28.739999771118164,803900.0
2012-02-15,28.780000686645508,28.860000610351562,28.709999084472656,28.770000457763672,812700.0
2012-02-16,28.770000457763672,28.979999542236328,28.760000228881836,28.93000030517578,672200.0
2012-02-17,28.979999542236328,29.059999465942383,28.860000610351562,28.989999771118164,676000.0
2012-02-21,29.059999465942383,29.219999313354492,29.040000915527344,29.18000030517578,819500.0
2012-02-22,29.06999969482422,29.270000457763672,29.059999465942383,29.270000457763672,971600.0
2012-02-23,29.100000381469727,29.139999389648438,28.920000076293945,28.989999771118164,973800.0
2012-02-24,28.989999771118164,29.100000381469727,28.940000534057617,29.049999237060547,748000.0
2012-02-27,29.040000915527344,29.239999771118164,29.010000228881836,29.149999618530273,690400.0
2012-02-28,29.229999542236328,29.34000015258789,29.100000381469727,29.329999923706055,1410600.0
2012-02-29,29.25,29.270000457763672,29.030000686645508,29.25,1682200.0
2012-03-01,29.190000534057617,29.5,29.1299991607666,29.489999771118164,843600.0
2012-03-02,29.290000915527344,29.3700008392334,29.209999084472656,29.350000381469727,859900.0
2012-03-05,29.350000381469727,29.399999618530273,29.1200008392334,29.149999618530273,760200.0
2012-03-06,28.899999618530273,28.969999313354492,28.59000015258789,28.639999389648438,2126000.0
2012-03-07,28.549999237060547,28.920000076293945,28.329999923706055,28.389999389648438,936500.0
2012-03-08,28.559999465942383,28.610000610351562,28.440000534057617,28.479999542236328,1331400.0
2012-03-09,28.399999618530273,28.649999618530273,28.360000610351562,28.40999984741211,1196000.0
2012-03-12,28.40999984741211,28.559999465942383,28.270000457763672,28.520000457763672,823600.0
2012-03-13,28.559999465942383,28.6299991607666,28.479999542236328,28.610000610351562,758500.0
2012-03-14,28.520000457763672,28.600000381469727,28.40999984741211,28.459999084472656,698300.0
2012-03-15,28.510000228881836,28.729999542236328,28.489999771118164,28.690000534057617,1081100.0
2012-03-16,28.600000381469727,28.709999084472656,28.469999313354492,28.6299991607666,546200.0
2012-03-19,28.600000381469727,28.700000762939453,28.520000457763672,28.59000015258789,526700.0
2012-03-20,28.56999969482422,28.6200008392334,28.40999984741211,28.459999084472656,808200.0
2012-03-21,28.489999771118164,28.68000030517578,28.3799991607666,28.40999984741211,834100.0
2012-03-22,28.360000610351562,28.420000076293945,28.280000686645508,28.34000015258789,672500.0
2012-03-23,28.360000610351562,28.420000076293945,28.31999969482422,28.360000610351562,472400.0
2012-03-26,28.389999389648438,28.559999465942383,28.3799991607666,28.43000030517578,1082900.0
2012-03-27,28.5,28.670000076293945,28.420000076293945,28.43000030517578,1006300.0
2012-03-28,28.420000076293945,28.420000076293945,28.010000228881836,28.040000915527344,1212600.0
2012-03-29,27.959999084472656,27.969999313354492,27.559999465942383,27.59000015258789,1356900.0
2012-03-30,27.969999313354492,28.170000076293945,27.959999084472656,28.100000381469727,1605000.0
2012-04-02,28.100000381469727,28.360000610351562,28.079999923706055,28.270000457763672,593700.0
2012-04-03,28.190000534057617,28.200000762939453,28.020000457763672,28.09000015258789,732800.0
2012-04-04,27.860000610351562,28.020000457763672,27.739999771118164,27.850000381469727,754500.0
2012-04-05,27.8700008392334,28.049999237060547,27.8700008392334,27.950000762939453,344400.0
2012-04-09,27.969999313354492,28.040000915527344,27.8700008392334,27.8799991607666,391200.0
2012-04-10,27.719999313354492,27.8799991607666,27.489999771118164,27.510000228881836,1481300.0
2012-04-11,27.649999618530273,27.709999084472656,27.520000457763672,27.700000762939453,2182800.0
2012-04-12,27.729999542236328,27.989999771118164,27.729999542236328,27.979999542236328,663700.0
2012-04-13,27.979999542236328,28.0,27.5,27.520000457763672,518000.0
2012-04-16,27.40999984741211,27.459999084472656,27.25,27.270000457763672,956800.0
2012-04-17,27.399999618530273,27.520000457763672,27.360000610351562,27.43000030517578,525900.0
2012-04-18,27.350000381469727,27.399999618530273,27.079999923706055,27.1299991607666,1037500.0
2012-04-19,27.3700008392334,27.389999389648438,27.18000030517578,27.260000228881836,1364400.0
2012-04-20,27.3799991607666,27.43000030517578,27.209999084472656,27.260000228881836,622600.0
2012-04-23,27.190000534057617,27.260000228881836,27.079999923706055,27.209999084472656,606800.0
2012-04-24,27.420000076293945,27.520000457763672,27.190000534057617,27.280000686645508,991300.0
2012-04-25,27.479999542236328,27.520000457763672,27.1299991607666,27.190000534057617,810900.0
2012-04-26,27.18000030517578,27.239999771118164,27.040000915527344,27.079999923706055,396600.0
2012-04-27,27.100000381469727,27.299999237060547,27.100000381469727,27.209999084472656,1911700.0
2012-04-30,27.149999618530273,27.290000915527344,26.979999542236328,27.290000915527344,635000.0
2012-05-01,27.229999542236328,27.450000762939453,27.200000762939453,27.399999618530273,398600.0
2012-05-02,27.360000610351562,27.3700008392334,26.90999984741211,26.920000076293945,888600.0
2012-05-03,26.959999084472656,27.049999237060547,26.899999618530273,27.030000686645508,417100.0
2012-05-04,27.020000457763672,27.079999923706055,26.729999542236328,26.889999389648438,597000.0
2012-05-07,26.850000381469727,27.0,26.799999237060547,26.969999313354492,433000.0
2012-05-08,27.010000228881836,27.020000457763672,26.760000228881836,26.81999969482422,787200.0
2012-05-09,26.65999984741211,26.799999237060547,26.59000015258789,26.68000030517578,566800.0
2012-05-10,26.68000030517578,26.860000610351562,26.610000610351562,26.68000030517578,465900.0
2012-05-11,26.559999465942383,26.65999984741211,26.3799991607666,26.3799991607666,405500.0
2012-05-14,26.280000686645508,26.399999618530273,26.209999084472656,26.280000686645508,721700.0
2012-05-15,26.530000686645508,26.690000534057617,26.479999542236328,26.579999923706055,1532400.0
2012-05-16,26.520000457763672,26.8799991607666,26.520000457763672,26.8700008392334,874800.0
2012-05-17,26.850000381469727,27.030000686645508,26.84000015258789,26.979999542236328,583700.0
2012-05-18,27.079999923706055,27.309999465942383,27.0,27.149999618530273,836300.0
2012-05-21,27.280000686645508,27.3700008392334,27.079999923706055,27.09000015258789,585300.0
2012-05-22,26.899999618530273,27.030000686645508,26.6200008392334,26.6299991607666,822600.0
2012-05-23,26.229999542236328,26.31999969482422,26.110000610351562,26.229999542236328,840000.0
2012-05-24,26.389999389648438,26.43000030517578,26.1200008392334,26.25,520300.0
2012-05-25,26.360000610351562,26.450000762939453,26.31999969482422,26.360000610351562,399500.0
2012-05-29,26.450000762939453,26.549999237060547,26.190000534057617,26.270000457763672,659200.0
2012-05-30,26.1299991607666,26.149999618530273,25.959999084472656,26.110000610351562,670100.0
2012-05-31,26.170000076293945,26.209999084472656,26.040000915527344,26.079999923706055,528700.0
2012-06-01,25.850000381469727,26.09000015258789,25.700000762939453,25.799999237060547,629100.0
2012-06-04,25.899999618530273,25.969999313354492,25.850000381469727,25.93000030517578,824400.0
2012-06-05,25.989999771118164,26.09000015258789,25.84000015258789,25.84000015258789,355700.0
2012-06-06,26.059999465942383,26.290000915527344,26.059999465942383,26.229999542236328,405500.0
2012-06-07,26.540000915527344,26.65999984741211,26.399999618530273,26.579999923706055,508800.0
2012-06-08,26.299999237060547,26.6299991607666,26.139999389648438,26.56999969482422,285900.0
2012-06-11,26.6200008392334,26.729999542236328,26.34000015258789,26.350000381469727,549800.0
2012-06-12,26.450000762939453,26.489999771118164,26.34000015258789,26.350000381469727,502200.0
2012-06-13,26.170000076293945,26.31999969482422,26.1299991607666,26.15999984741211,596300.0
2012-06-14,26.25,26.270000457763672,26.059999465942383,26.110000610351562,541100.0
2012-06-15,26.100000381469727,26.15999984741211,25.90999984741211,25.989999771118164,631800.0
2012-06-18,25.979999542236328,26.309999465942383,25.969999313354492,26.280000686645508,570900.0
2012-06-19,26.6299991607666,26.90999984741211,26.6299991607666,26.889999389648438,1291100.0
2012-06-20,26.799999237060547,26.84000015258789,26.6200008392334,26.790000915527344,857800.0
2012-06-21,26.729999542236328,26.860000610351562,26.489999771118164,26.520000457763672,797000.0
2012-06-22,26.719999313354492,26.770000457763672,26.459999084472656,26.489999771118164,661500.0
2012-06-25,26.84000015258789,27.149999618530273,26.829999923706055,27.0,1248200.0
2012-06-26,27.219999313354492,27.40999984741211,27.15999984741211,27.389999389648438,3445900.0
2012-06-27,27.739999771118164,27.8700008392334,27.649999618530273,27.709999084472656,1507900.0
2012-06-28,27.610000610351562,27.809999465942383,27.579999923706055,27.760000228881836,680700.0
2012-06-29,28.020000457763672,28.260000228881836,27.90999984741211,28.219999313354492,1568400.0
2012-07-02,28.440000534057617,28.489999771118164,28.34000015258789,28.469999313354492,1963300.0
2012-07-03,28.719999313354492,28.950000762939453,28.670000076293945,28.899999618530273,1082600.0
2012-07-05,29.329999923706055,29.360000610351562,29.059999465942383,29.299999237060547,1623100.0
2012-07-06,29.18000030517578,29.209999084472656,28.969999313354492,29.0,2188800.0
2012-07-09,29.56999969482422,29.719999313354492,29.5,29.639999389648438,2057900.0
2012-07-10,29.56999969482422,29.59000015258789,29.389999389648438,29.420000076293945,1107800.0
2012-07-11,29.84000015258789,29.940000534057617,29.0,29.270000457763672,1992900.0
2012-07-12,29.219999313354492,29.290000915527344,29.1200008392334,29.209999084472656,1134700.0
2012-07-13,29.3700008392334,29.489999771118164,29.25,29.43000030517578,1006800.0
2012-07-16,29.75,29.780000686645508,29.530000686645508,29.709999084472656,2062300.0
2012-07-17,29.579999923706055,29.700000762939453,29.440000534057617,29.6200008392334,2205700.0
2012-07-18,29.510000228881836,30.0,29.489999771118164,29.950000762939453,1894200.0
2012-07-19,30.200000762939453,30.34000015258789,29.950000762939453,30.100000381469727,2143300.0
2012-07-20,30.299999237060547,30.3700008392334,30.170000076293945,30.31999969482422,2206500.0
2012-07-23,29.889999389648438,30.1200008392334,29.799999237060547,29.959999084472656,2467400.0
2012-07-24,29.68000030517578,29.700000762939453,29.100000381469727,29.459999084472656,2684900.0
2012-07-25,29.809999465942383,29.889999389648438,29.700000762939453,29.760000228881836,2327400.0
2012-07-26,29.860000610351562,29.860000610351562,29.469999313354492,29.579999923706055,930700.0
2012-07-27,29.850000381469727,30.040000915527344,29.84000015258789,30.0,1222100.0
2012-07-30,30.360000610351562,30.440000534057617,30.270000457763672,30.389999389648438,1247300.0
2012-07-31,30.350000381469727,30.350000381469727,30.100000381469727,30.1299991607666,1961900.0
2012-08-01,30.049999237060547,30.190000534057617,29.729999542236328,30.190000534057617,2365400.0
2012-08-02,29.799999237060547,30.020000457763672,29.729999542236328,29.8700008392334,1723100.0
2012-08-03,30.010000228881836,30.190000534057617,30.0,30.040000915527344,836000.0
2012-08-06,29.889999389648438,30.059999465942383,29.84000015258789,29.950000762939453,1222600.0
2012-08-07,29.950000762939453,30.030000686645508,29.739999771118164,29.809999465942383,1243000.0
2012-08-08,29.799999237060547,30.0,29.709999084472656,29.979999542236328,1360100.0
2012-08-09,30.020000457763672,30.229999542236328,30.020000457763672,30.15999984741211,995300.0
2012-08-10,30.100000381469727,30.229999542236328,29.899999618530273,29.940000534057617,2313700.0
2012-08-13,29.639999389648438,29.719999313354492,29.5,29.530000686645508,2763300.0
2012-08-14,29.729999542236328,29.739999771118164,29.5,29.520000457763672,1194800.0
2012-08-15,29.670000076293945,29.729999542236328,29.579999923706055,29.709999084472656,1406600.0
2012-08-16,29.649999618530273,29.700000762939453,29.600000381469727,29.600000381469727,1407400.0
2012-08-17,29.829999923706055,29.8799991607666,29.709999084472656,29.760000228881836,824500.0
2012-08-20,29.889999389648438,30.100000381469727,29.84000015258789,30.079999923706055,1085700.0
2012-08-21,30.200000762939453,30.3700008392334,30.200000762939453,30.260000228881836,1406200.0
2012-08-22,30.170000076293945,30.200000762939453,30.0,30.06999969482422,698300.0
2012-08-23,30.1200008392334,30.200000762939453,29.799999237060547,29.850000381469727,1016200.0
2012-08-24,29.920000076293945,29.979999542236328,29.790000915527344,29.90999984741211,540100.0
2012-08-27,30.0,30.079999923706055,29.90999984741211,29.93000030517578,743000.0
2012-08-28,29.940000534057617,30.170000076293945,29.889999389648438,30.110000610351562,919200.0
2012-08-29,30.1299991607666,30.389999389648438,30.06999969482422,30.360000610351562,1103900.0
2012-08-30,30.3799991607666,30.549999237060547,30.3700008392334,30.40999984741211,1038300.0
2012-08-31,30.43000030517578,30.450000762939453,30.209999084472656,30.420000076293945,900400.0
2012-09-04,30.469999313354492,30.540000915527344,30.25,30.360000610351562,1848800.0
2012-09-05,30.3700008392334,30.389999389648438,30.149999618530273,30.190000534057617,474000.0
2012-09-06,30.190000534057617,30.280000686645508,30.09000015258789,30.209999084472656,668300.0
2012-09-07,30.170000076293945,30.360000610351562,30.149999618530273,30.239999771118164,427000.0
2012-09-10,30.270000457763672,30.3799991607666,30.229999542236328,30.290000915527344,451000.0
2012-09-11,30.309999465942383,30.350000381469727,30.15999984741211,30.190000534057617,459200.0
2012-09-12,30.18000030517578,30.43000030517578,30.149999618530273,30.43000030517578,747200.0
2012-09-13,30.43000030517578,30.540000915527344,30.34000015258789,30.530000686645508,1482600.0
2012-09-14,30.739999771118164,30.8700008392334,30.68000030517578,30.760000228881836,1775000.0
2012-09-17,30.40999984741211,30.450000762939453,29.860000610351562,29.889999389648438,2453500.0
2012-09-18,29.780000686645508,29.8799991607666,29.639999389648438,29.65999984741211,2141400.0
2012-09-19,29.84000015258789,29.940000534057617,29.68000030517578,29.93000030517578,3037200.0
2012-09-20,29.760000228881836,29.790000915527344,29.450000762939453,29.549999237060547,1115300.0
2012-09-21,29.6299991607666,29.780000686645508,29.59000015258789,29.780000686645508,907400.0
2012-09-24,29.479999542236328,29.549999237060547,29.360000610351562,29.510000228881836,729600.0
2012-09-25,29.65999984741211,29.690000534057617,29.40999984741211,29.5,562400.0
2012-09-26,29.280000686645508,29.280000686645508,28.93000030517578,29.010000228881836,1097400.0
2012-09-27,28.969999313354492,29.049999237060547,28.889999389648438,28.969999313354492,757200.0
2012-09-28,29.209999084472656,29.540000915527344,29.149999618530273,29.40999984741211,1548300.0
2012-10-01,29.450000762939453,29.56999969482422,29.290000915527344,29.43000030517578,1594700.0
2012-10-02,29.3700008392334,29.559999465942383,29.329999923706055,29.549999237060547,658500.0
2012-10-03,29.43000030517578,29.510000228881836,29.299999237060547,29.420000076293945,481500.0
2012-10-04,29.600000381469727,29.639999389648438,29.299999237060547,29.299999237060547,601600.0
2012-10-05,29.299999237060547,29.299999237060547,29.100000381469727,29.1299991607666,612800.0
2012-10-08,29.049999237060547,29.170000076293945,29.020000457763672,29.110000610351562,432200.0
2012-10-09,29.219999313354492,29.299999237060547,29.170000076293945,29.18000030517578,335700.0
2012-10-10,29.139999389648438,29.170000076293945,29.010000228881836,29.040000915527344,1348100.0
2012-10-11,29.18000030517578,29.34000015258789,29.100000381469727,29.18000030517578,1093700.0
2012-10-12,29.020000457763672,29.059999465942383,28.850000381469727,28.90999984741211,632900.0
2012-10-15,28.780000686645508,28.799999237060547,28.579999923706055,28.639999389648438,901700.0
2012-10-16,28.860000610351562,28.93000030517578,28.829999923706055,28.8700008392334,433700.0
2012-10-17,28.899999618530273,29.049999237060547,28.8700008392334,29.040000915527344,397900.0
2012-10-18,29.059999465942383,29.280000686645508,29.020000457763672,29.209999084472656,465300.0
2012-10-19,29.309999465942383,29.459999084472656,29.229999542236328,29.270000457763672,1000500.0
2012-10-22,29.43000030517578,29.450000762939453,29.309999465942383,29.31999969482422,519300.0
2012-10-23,29.06999969482422,29.139999389648438,28.959999084472656,29.110000610351562,538500.0
2012-10-24,29.100000381469727,29.260000228881836,29.0,29.049999237060547,593200.0
2012-10-25,29.079999923706055,29.100000381469727,28.8799991607666,28.940000534057617,346900.0
2012-10-26,28.950000762939453,29.0,28.790000915527344,28.809999465942383,544400.0
2012-10-31,28.8799991607666,28.979999542236328,28.850000381469727,28.93000030517578,831600.0
2012-11-01,29.049999237060547,29.100000381469727,28.950000762939453,28.979999542236328,681100.0
2012-11-02,28.920000076293945,28.950000762939453,28.780000686645508,28.850000381469727,306400.0
2012-11-05,28.8799991607666,28.8799991607666,28.700000762939453,28.760000228881836,481600.0
2012-11-06,28.84000015258789,28.959999084472656,28.84000015258789,28.950000762939453,682100.0
2012-11-07,28.81999969482422,28.950000762939453,28.709999084472656,28.90999984741211,483900.0
2012-11-08,28.780000686645508,28.8799991607666,28.75,28.780000686645508,421300.0
2012-11-09,28.68000030517578,28.829999923706055,28.649999618530273,28.690000534057617,983200.0
2012-11-12,28.6299991607666,28.700000762939453,28.459999084472656,28.469999313354492,1076500.0
2012-11-13,28.479999542236328,28.510000228881836,28.270000457763672,28.3700008392334,409100.0
2012-11-14,28.540000915527344,28.56999969482422,28.389999389648438,28.40999984741211,268000.0
2012-11-15,28.3799991607666,28.479999542236328,28.3700008392334,28.3700008392334,343500.0
2012-11-16,28.209999084472656,28.34000015258789,28.149999618530273,28.290000915527344,884000.0
2012-11-19,28.520000457763672,28.709999084472656,28.520000457763672,28.649999618530273,692000.0
2012-11-20,28.59000015258789,28.75,28.559999465942383,28.709999084472656,344400.0
2012-11-21,28.700000762939453,28.799999237060547,28.670000076293945,28.690000534057617,398100.0
2012-11-23,28.68000030517578,28.790000915527344,28.65999984741211,28.729999542236328,275100.0
2012-11-26,28.729999542236328,28.760000228881836,28.68000030517578,28.709999084472656,296600.0
2012-11-27,28.829999923706055,28.889999389648438,28.760000228881836,28.889999389648438,516600.0
2012-11-28,28.739999771118164,29.020000457763672,28.719999313354492,28.969999313354492,581200.0
2012-11-29,29.079999923706055,29.170000076293945,29.030000686645508,29.079999923706055,399400.0
2012-11-30,28.989999771118164,29.049999237060547,28.799999237060547,28.850000381469727,896200.0
2012-12-03,29.06999969482422,29.110000610351562,28.8799991607666,28.920000076293945,443600.0
2012-12-04,28.920000076293945,28.920000076293945,28.6200008392334,28.709999084472656,900400.0
2012-12-05,28.68000030517578,28.850000381469727,28.670000076293945,28.84000015258789,820800.0
2012-12-06,28.780000686645508,28.889999389648438,28.709999084472656,28.8700008392334,410300.0
2012-12-07,28.739999771118164,28.84000015258789,28.719999313354492,28.81999969482422,310500.0
2012-12-10,28.65999984741211,28.65999984741211,28.489999771118164,28.559999465942383,311500.0
2012-12-11,28.459999084472656,28.579999923706055,28.450000762939453,28.559999465942383,354200.0
2012-12-12,28.549999237060547,28.56999969482422,28.43000030517578,28.489999771118164,338500.0
2012-12-13,28.3700008392334,28.40999984741211,28.299999237060547,28.309999465942383,473300.0
2012-12-14,28.389999389648438,28.5,28.3700008392334,28.479999542236328,665000.0
2012-12-17,28.510000228881836,28.549999237060547,28.450000762939453,28.540000915527344,331900.0
2012-12-18,28.479999542236328,28.540000915527344,28.43000030517578,28.459999084472656,491600.0
2012-12-19,28.440000534057617,28.489999771118164,28.309999465942383,28.360000610351562,1095500.0
2012-12-20,28.1299991607666,28.200000762939453,28.09000015258789,28.100000381469727,862400.0
2012-12-21,28.139999389648438,28.260000228881836,28.100000381469727,28.18000030517578,697000.0
2012-12-24,28.239999771118164,28.25,28.100000381469727,28.209999084472656,221300.0
2012-12-26,28.25,28.290000915527344,28.110000610351562,28.1200008392334,273000.0
2012-12-27,28.110000610351562,28.1299991607666,28.030000686645508,28.09000015258789,556000.0
2012-12-28,28.1200008392334,28.18000030517578,28.040000915527344,28.059999465942383,418700.0
2012-12-31,27.969999313354492,28.0,27.780000686645508,27.950000762939453,808200.0
2013-01-02,28.209999084472656,28.34000015258789,27.889999389648438,27.950000762939453,880100.0
2013-01-03,27.850000381469727,27.950000762939453,27.799999237060547,27.860000610351562,523300.0
2013-01-04,27.700000762939453,27.709999084472656,27.549999237060547,27.639999389648438,644000.0
2013-01-07,27.729999542236328,27.84000015258789,27.65999984741211,27.829999923706055,881800.0
2013-01-08,27.829999923706055,27.829999923706055,27.6299991607666,27.639999389648438,604200.0
2013-01-09,27.639999389648438,27.670000076293945,27.559999465942383,27.670000076293945,465300.0
2013-01-10,27.700000762939453,27.760000228881836,27.65999984741211,27.700000762939453,926700.0
2013-01-11,27.700000762939453,27.860000610351562,27.559999465942383,27.770000457763672,764700.0
2013-01-14,27.799999237060547,27.8799991607666,27.739999771118164,27.8700008392334,574900.0
2013-01-15,27.860000610351562,28.0,27.829999923706055,27.860000610351562,1577800.0
2013-01-16,27.8799991607666,27.950000762939453,27.829999923706055,27.889999389648438,362600.0
2013-01-17,27.90999984741211,27.969999313354492,27.719999313354492,27.829999923706055,632800.0
2013-01-18,27.799999237060547,27.8700008392334,27.760000228881836,27.8700008392334,711100.0
2013-01-22,27.8700008392334,27.889999389648438,27.600000381469727,27.649999618530273,820800.0
2013-01-23,27.600000381469727,27.729999542236328,27.579999923706055,27.709999084472656,1642600.0
2013-01-24,27.530000686645508,27.6299991607666,27.459999084472656,27.6200008392334,1660100.0
2013-01-25,27.530000686645508,27.600000381469727,27.479999542236328,27.579999923706055,808400.0
2013-01-28,27.6200008392334,27.829999923706055,27.600000381469727,27.790000915527344,1467700.0
2013-01-29,27.75,27.809999465942383,27.719999313354492,27.75,1266700.0
2013-01-30,27.8700008392334,27.899999618530273,27.770000457763672,27.889999389648438,737300.0
2013-01-31,27.850000381469727,27.93000030517578,27.81999969482422,27.90999984741211,1329000.0
2013-02-01,27.979999542236328,28.0,27.75,27.75,1486900.0
2013-02-04,27.770000457763672,27.81999969482422,27.649999618530273,27.709999084472656,642800.0
2013-02-05,27.700000762939453,27.739999771118164,27.6200008392334,27.690000534057617,653700.0
2013-02-06,27.459999084472656,27.469999313354492,27.31999969482422,27.350000381469727,1340000.0
2013-02-07,27.270000457763672,27.290000915527344,27.139999389648438,27.190000534057617,997500.0
2013-02-08,27.139999389648438,27.209999084472656,27.0,27.0,771700.0
2013-02-11,26.920000076293945,26.959999084472656,26.829999923706055,26.84000015258789,1136000.0
2013-02-12,26.75,26.780000686645508,26.649999618530273,26.729999542236328,1077000.0
2013-02-13,26.690000534057617,26.75,26.649999618530273,26.700000762939453,1118600.0
2013-02-14,26.540000915527344,26.540000915527344,26.43000030517578,26.540000915527344,977600.0
2013-02-15,26.56999969482422,26.579999923706055,26.469999313354492,26.489999771118164,944300.0
2013-02-19,26.59000015258789,26.610000610351562,26.3700008392334,26.399999618530273,2169300.0
2013-02-20,26.530000686645508,26.530000686645508,26.40999984741211,26.520000457763672,1962700.0
2013-02-21,26.43000030517578,26.450000762939453,26.270000457763672,26.309999465942383,951100.0
2013-02-22,26.469999313354492,26.559999465942383,26.34000015258789,26.360000610351562,603000.0
2013-02-25,26.31999969482422,26.389999389648438,26.15999984741211,26.15999984741211,607800.0
2013-02-26,26.139999389648438,26.25,26.1299991607666,26.229999542236328,946900.0
2013-02-27,26.31999969482422,26.40999984741211,26.25,26.25,669200.0
2013-02-28,26.260000228881836,26.459999084472656,26.239999771118164,26.399999618530273,2224200.0
2013-03-01,26.260000228881836,26.309999465942383,26.200000762939453,26.270000457763672,577200.0
2013-03-04,26.219999313354492,26.280000686645508,26.139999389648438,26.260000228881836,2422900.0
2013-03-05,26.209999084472656,26.280000686645508,26.100000381469727,26.139999389648438,1476100.0
2013-03-06,26.020000457763672,26.040000915527344,25.889999389648438,25.93000030517578,689300.0
2013-03-07,26.079999923706055,26.239999771118164,26.06999969482422,26.239999771118164,1963800.0
2013-03-08,26.34000015258789,26.34000015258789,26.1299991607666,26.239999771118164,1118100.0
2013-03-11,26.260000228881836,26.389999389648438,26.229999542236328,26.3799991607666,2174600.0
2013-03-12,26.350000381469727,26.420000076293945,26.309999465942383,26.399999618530273,828400.0
2013-03-13,26.389999389648438,26.399999618530273,26.239999771118164,26.270000457763672,463900.0
2013-03-14,26.239999771118164,26.3700008392334,26.229999542236328,26.360000610351562,494400.0
2013-03-15,26.270000457763672,26.290000915527344,26.15999984741211,26.200000762939453,995800.0
2013-03-18,26.0,26.030000686645508,25.899999618530273,25.959999084472656,547400.0
2013-03-19,25.979999542236328,26.030000686645508,25.8799991607666,25.940000534057617,469000.0
2013-03-20,26.049999237060547,26.15999984741211,25.959999084472656,26.139999389648438,482900.0
2013-03-21,26.1200008392334,26.209999084472656,26.09000015258789,26.149999618530273,762800.0
2013-03-22,26.15999984741211,26.18000030517578,26.010000228881836,26.110000610351562,836400.0
2013-03-25,26.100000381469727,26.149999618530273,26.040000915527344,26.100000381469727,1104500.0
2013-03-26,26.200000762939453,26.229999542236328,26.15999984741211,26.170000076293945,577500.0
2013-03-27,26.139999389648438,26.299999237060547,26.100000381469727,26.280000686645508,826600.0
2013-03-28,26.290000915527344,26.350000381469727,25.8799991607666,25.899999618530273,741800.0
2013-04-01,25.989999771118164,26.010000228881836,25.780000686645508,25.860000610351562,559200.0
2013-04-02,25.920000076293945,25.950000762939453,25.709999084472656,25.790000915527344,819800.0
2013-04-03,25.809999465942383,25.940000534057617,25.799999237060547,25.920000076293945,1153600.0
2013-04-04,25.790000915527344,25.860000610351562,25.75,25.84000015258789,474800.0
2013-04-05,25.790000915527344,25.809999465942383,25.68000030517578,25.739999771118164,453400.0
2013-04-08,25.81999969482422,25.90999984741211,25.739999771118164,25.770000457763672,463200.0
2013-04-09,25.739999771118164,25.889999389648438,25.739999771118164,25.889999389648438,329400.0
2013-04-10,25.899999618530273,25.979999542236328,25.709999084472656,25.760000228881836,503700.0
2013-04-11,25.790000915527344,25.8799991607666,25.739999771118164,25.780000686645508,2098900.0
2013-04-12,25.850000381469727,25.969999313354492,25.84000015258789,25.950000762939453,1205300.0
2013-04-15,25.649999618530273,25.690000534057617,25.450000762939453,25.459999084472656,964800.0
2013-04-16,25.610000610351562,25.780000686645508,25.610000610351562,25.780000686645508,601000.0
2013-04-17,25.790000915527344,25.969999313354492,25.739999771118164,25.84000015258789,647100.0
2013-04-18,25.950000762939453,25.979999542236328,25.829999923706055,25.93000030517578,450200.0
2013-04-19,25.969999313354492,26.049999237060547,25.920000076293945,25.969999313354492,466600.0
2013-04-22,25.84000015258789,25.84000015258789,25.719999313354492,25.790000915527344,427500.0
2013-04-23,25.790000915527344,25.790000915527344,25.559999465942383,25.579999923706055,521600.0
2013-04-24,25.649999618530273,25.670000076293945,25.56999969482422,25.649999618530273,267800.0
2013-04-25,25.729999542236328,25.850000381469727,25.649999618530273,25.84000015258789,372100.0
2013-04-26,25.75,25.81999969482422,25.700000762939453,25.709999084472656,300300.0
2013-04-29,25.760000228881836,26.079999923706055,25.760000228881836,26.059999465942383,787900.0
2013-04-30,26.149999618530273,26.260000228881836,26.059999465942383,26.219999313354492,1332600.0
2013-05-01,26.040000915527344,26.15999984741211,26.0,26.06999969482422,808700.0
2013-05-02,26.200000762939453,26.31999969482422,26.170000076293945,26.309999465942383,845900.0
2013-05-03,26.360000610351562,26.360000610351562,26.219999313354492,26.219999313354492,565200.0
2013-05-06,26.1200008392334,26.149999618530273,26.030000686645508,26.030000686645508,547400.0
2013-05-07,26.079999923706055,26.1200008392334,25.950000762939453,26.049999237060547,586600.0
2013-05-08,26.040000915527344,26.06999969482422,25.899999618530273,25.959999084472656,420600.0
2013-05-09,25.969999313354492,26.18000030517578,25.969999313354492,26.059999465942383,562900.0
2013-05-10,26.06999969482422,26.079999923706055,25.729999542236328,25.790000915527344,594500.0
2013-05-13,25.829999923706055,26.0,25.81999969482422,25.950000762939453,547200.0
2013-05-14,25.940000534057617,25.950000762939453,25.850000381469727,25.90999984741211,792300.0
2013-05-15,25.84000015258789,25.93000030517578,25.649999618530273,25.65999984741211,827600.0
2013-05-16,25.56999969482422,25.6200008392334,25.489999771118164,25.489999771118164,1034700.0
2013-05-17,25.489999771118164,25.530000686645508,25.329999923706055,25.3700008392334,670300.0
2013-05-20,25.290000915527344,25.40999984741211,25.219999313354492,25.389999389648438,563400.0
2013-05-21,25.329999923706055,25.420000076293945,25.270000457763672,25.350000381469727,577800.0
2013-05-22,25.3700008392334,25.489999771118164,25.280000686645508,25.299999237060547,623500.0
2013-05-23,25.360000610351562,25.479999542236328,25.299999237060547,25.360000610351562,540300.0
2013-05-24,25.34000015258789,25.350000381469727,25.239999771118164,25.309999465942383,408600.0
2013-05-28,25.440000534057617,25.5,25.31999969482422,25.40999984741211,450900.0
2013-05-29,25.459999084472656,25.59000015258789,25.399999618530273,25.530000686645508,412900.0
2013-05-30,25.469999313354492,25.5,25.420000076293945,25.5,386100.0
2013-05-31,25.479999542236328,25.59000015258789,25.440000534057617,25.489999771118164,334000.0
2013-06-03,25.709999084472656,25.739999771118164,25.479999542236328,25.709999084472656,877800.0
2013-06-04,25.56999969482422,25.729999542236328,25.56999969482422,25.719999313354492,524900.0
2013-06-05,25.690000534057617,25.700000762939453,25.530000686645508,25.530000686645508,299000.0
2013-06-06,25.610000610351562,25.799999237060547,25.59000015258789,25.790000915527344,295600.0
2013-06-07,25.760000228881836,25.84000015258789,25.760000228881836,25.81999969482422,276900.0
2013-06-10,25.579999923706055,25.790000915527344,25.579999923706055,25.739999771118164,402700.0
2013-06-11,25.68000030517578,25.809999465942383,25.649999618530273,25.780000686645508,385300.0
2013-06-12,25.780000686645508,25.780000686645508,25.510000228881836,25.579999923706055,2432000.0
2013-06-13,25.479999542236328,25.5,25.3700008392334,25.479999542236328,1223800.0
2013-06-14,25.420000076293945,25.440000534057617,25.280000686645508,25.34000015258789,941300.0
2013-06-17,25.229999542236328,25.420000076293945,25.229999542236328,25.350000381469727,598100.0
2013-06-18,25.309999465942383,25.40999984741211,25.309999465942383,25.389999389648438,396700.0
2013-06-19,25.40999984741211,25.770000457763672,25.40999984741211,25.670000076293945,433700.0
2013-06-20,25.3799991607666,25.389999389648438,25.209999084472656,25.219999313354492,1011000.0
2013-06-21,25.25,25.3700008392334,25.200000762939453,25.299999237060547,1313300.0
2013-06-24,25.15999984741211,25.260000228881836,25.139999389648438,25.219999313354492,453600.0
2013-06-25,25.31999969482422,25.329999923706055,25.209999084472656,25.270000457763672,518800.0
2013-06-26,25.299999237060547,25.3799991607666,25.219999313354492,25.309999465942383,900300.0
2013-06-27,25.329999923706055,25.350000381469727,25.200000762939453,25.25,423200.0
2013-06-28,25.190000534057617,25.219999313354492,24.8799991607666,24.899999618530273,1177700.0
2013-07-01,24.8700008392334,25.399999618530273,24.75,24.790000915527344,937900.0
2013-07-02,24.860000610351562,24.899999618530273,24.780000686645508,24.780000686645508,509100.0
2013-07-03,24.8700008392334,24.959999084472656,24.860000610351562,24.899999618530273,387700.0
2013-07-05,24.850000381469727,24.850000381469727,24.600000381469727,24.6299991607666,479500.0
2013-07-08,24.670000076293945,24.829999923706055,24.65999984741211,24.68000030517578,2151900.0
2013-07-09,24.920000076293945,24.979999542236328,24.780000686645508,24.950000762939453,596700.0
2013-07-10,25.0,25.079999923706055,24.940000534057617,24.979999542236328,294000.0
2013-07-11,25.06999969482422,25.139999389648438,24.989999771118164,25.1200008392334,727000.0
2013-07-12,25.049999237060547,25.06999969482422,24.780000686645508,24.81999969482422,915000.0
2013-07-15,24.739999771118164,24.920000076293945,24.739999771118164,24.889999389648438,289000.0
2013-07-16,25.1200008392334,25.209999084472656,25.030000686645508,25.09000015258789,312400.0
2013-07-17,25.209999084472656,25.209999084472656,25.020000457763672,25.020000457763672,263600.0
2013-07-18,24.8700008392334,25.270000457763672,24.8700008392334,25.1200008392334,401600.0
2013-07-19,25.149999618530273,25.200000762939453,25.049999237060547,25.059999465942383,251400.0
2013-07-22,25.100000381469727,25.15999984741211,25.049999237060547,25.1299991607666,316300.0
2013-07-23,25.1200008392334,25.1299991607666,24.979999542236328,25.0,208000.0
2013-07-24,24.93000030517578,24.969999313354492,24.809999465942383,24.809999465942383,284300.0
2013-07-25,24.760000228881836,24.84000015258789,24.709999084472656,24.760000228881836,208000.0
2013-07-26,24.799999237060547,24.81999969482422,24.670000076293945,24.68000030517578,205900.0
2013-07-29,24.579999923706055,24.700000762939453,24.579999923706055,24.6200008392334,225200.0
2013-07-30,24.690000534057617,24.690000534057617,24.549999237060547,24.579999923706055,323000.0
2013-07-31,24.5,24.649999618530273,24.459999084472656,24.6299991607666,522500.0
2013-08-01,24.469999313354492,24.59000015258789,24.3700008392334,24.40999984741211,439800.0
2013-08-02,24.420000076293945,24.520000457763672,24.360000610351562,24.3700008392334,530300.0
2013-08-05,24.399999618530273,24.5,24.3799991607666,24.459999084472656,211200.0
2013-08-06,24.40999984741211,24.5,24.399999618530273,24.469999313354492,317600.0
2013-08-07,24.579999923706055,24.649999618530273,24.530000686645508,24.6200008392334,372800.0
2013-08-08,24.8700008392334,24.899999618530273,24.709999084472656,24.799999237060547,586000.0
2013-08-09,24.799999237060547,24.84000015258789,24.739999771118164,24.790000915527344,702000.0
2013-08-12,24.84000015258789,25.149999618530273,24.799999237060547,25.1299991607666,1003000.0
2013-08-13,25.139999389648438,25.149999618530273,24.93000030517578,24.950000762939453,484100.0
2013-08-14,25.0,25.170000076293945,25.0,25.149999618530273,345500.0
2013-08-15,25.18000030517578,25.299999237060547,25.149999618530273,25.299999237060547,496100.0
2013-08-16,25.290000915527344,25.290000915527344,25.1299991607666,25.139999389648438,489300.0
2013-08-19,25.15999984741211,25.3700008392334,25.15999984741211,25.350000381469727,453800.0
2013-08-20,25.25,25.299999237060547,25.100000381469727,25.110000610351562,284900.0
2013-08-21,25.149999618530273,25.18000030517578,24.950000762939453,24.979999542236328,483400.0
2013-08-22,24.8799991607666,24.93000030517578,24.709999084472656,24.709999084472656,302100.0
2013-08-23,24.829999923706055,24.940000534057617,24.829999923706055,24.920000076293945,434400.0
2013-08-26,25.350000381469727,25.549999237060547,25.309999465942383,25.40999984741211,937400.0
2013-08-27,25.299999237060547,25.399999618530273,25.190000534057617,25.190000534057617,707100.0
2013-08-28,25.219999313354492,25.3700008392334,25.200000762939453,25.260000228881836,313900.0
2013-08-29,25.139999389648438,25.219999313354492,25.1299991607666,25.1299991607666,470200.0
2013-08-30,25.1200008392334,25.139999389648438,25.0,25.079999923706055,471900.0
2013-09-03,25.31999969482422,25.3799991607666,25.049999237060547,25.1200008392334,489100.0
2013-09-04,25.100000381469727,25.100000381469727,25.010000228881836,25.079999923706055,420900.0
2013-09-05,25.06999969482422,25.190000534057617,25.049999237060547,25.170000076293945,256300.0
2013-09-06,25.280000686645508,25.329999923706055,25.18000030517578,25.290000915527344,291300.0
2013-09-09,25.290000915527344,25.3700008392334,25.229999542236328,25.270000457763672,561900.0
2013-09-10,25.229999542236328,25.389999389648438,25.229999542236328,25.389999389648438,614900.0
2013-09-11,25.3799991607666,25.469999313354492,25.350000381469727,25.440000534057617,341400.0
2013-09-12,25.3700008392334,25.639999389648438,25.329999923706055,25.6299991607666,2189400.0
2013-09-13,25.579999923706055,25.579999923706055,25.440000534057617,25.489999771118164,577500.0
2013-09-16,25.459999084472656,25.469999313354492,25.34000015258789,25.34000015258789,421900.0
2013-09-17,25.43000030517578,25.440000534057617,25.1200008392334,25.1200008392334,595300.0
2013-09-18,25.18000030517578,25.350000381469727,25.100000381469727,25.350000381469727,642500.0
2013-09-19,25.389999389648438,25.43000030517578,25.290000915527344,25.360000610351562,578900.0
2013-09-20,25.239999771118164,25.260000228881836,25.110000610351562,25.1200008392334,531900.0
2013-09-23,25.18000030517578,25.270000457763672,25.15999984741211,25.190000534057617,617100.0
2013-09-24,25.280000686645508,25.3799991607666,25.260000228881836,25.31999969482422,998100.0
2013-09-25,25.350000381469727,25.469999313354492,25.31999969482422,25.399999618530273,728000.0
2013-09-26,25.3700008392334,25.5,25.34000015258789,25.489999771118164,295500.0
2013-09-27,25.440000534057617,25.510000228881836,25.40999984741211,25.440000534057617,288800.0
2013-09-30,25.5,25.520000457763672,25.200000762939453,25.290000915527344,988900.0
2013-10-01,25.18000030517578,25.260000228881836,25.15999984741211,25.239999771118164,1361200.0
2013-10-02,25.290000915527344,25.3700008392334,25.270000457763672,25.309999465942383,1271100.0
2013-10-03,25.399999618530273,25.420000076293945,25.329999923706055,25.329999923706055,348400.0
2013-10-04,25.329999923706055,25.5,25.309999465942383,25.479999542236328,301300.0
2013-10-07,25.56999969482422,25.670000076293945,25.559999465942383,25.670000076293945,363500.0
2013-10-08,25.639999389648438,25.68000030517578,25.59000015258789,25.65999984741211,636100.0
2013-10-09,25.600000381469727,25.649999618530273,25.530000686645508,25.56999969482422,625100.0
2013-10-10,25.610000610351562,25.649999618530273,25.56999969482422,25.579999923706055,331500.0
2013-10-11,25.559999465942383,25.6299991607666,25.559999465942383,25.600000381469727,236400.0
2013-10-14,25.579999923706055,25.65999984741211,25.56999969482422,25.639999389648438,215600.0
2013-10-15,25.6200008392334,25.719999313354492,25.610000610351562,25.690000534057617,430400.0
2013-10-16,25.709999084472656,25.760000228881836,25.690000534057617,25.729999542236328,899000.0
2013-10-17,25.739999771118164,25.850000381469727,25.700000762939453,25.739999771118164,377800.0
2013-10-18,25.729999542236328,25.75,25.670000076293945,25.690000534057617,445500.0
2013-10-21,25.59000015258789,25.709999084472656,25.59000015258789,25.709999084472656,500000.0
2013-10-22,25.700000762939453,25.799999237060547,25.700000762939453,25.770000457763672,285300.0
2013-10-23,25.700000762939453,25.790000915527344,25.6200008392334,25.6200008392334,1361500.0
2013-10-24,25.530000686645508,25.600000381469727,25.5,25.530000686645508,839600.0
2013-10-25,25.610000610351562,25.6299991607666,25.520000457763672,25.549999237060547,824500.0
2013-10-28,25.469999313354492,25.469999313354492,25.3700008392334,25.40999984741211,416500.0
2013-10-29,25.31999969482422,25.389999389648438,25.280000686645508,25.31999969482422,447400.0
2013-10-30,25.34000015258789,25.350000381469727,25.200000762939453,25.200000762939453,391200.0
2013-10-31,25.25,25.280000686645508,25.049999237060547,25.049999237060547,463100.0
2013-11-01,25.1299991607666,25.1299991607666,24.899999618530273,24.90999984741211,1646200.0
2013-11-04,24.93000030517578,24.969999313354492,24.8700008392334,24.899999618530273,916100.0
2013-11-05,25.020000457763672,25.020000457763672,24.940000534057617,24.969999313354492,326300.0
2013-11-06,25.030000686645508,25.030000686645508,24.829999923706055,24.84000015258789,264400.0
2013-11-07,24.81999969482422,24.84000015258789,24.770000457763672,24.799999237060547,511400.0
2013-11-08,24.770000457763672,24.889999389648438,24.760000228881836,24.8799991607666,687200.0
2013-11-11,24.829999923706055,24.940000534057617,24.81999969482422,24.84000015258789,371900.0
2013-11-12,24.850000381469727,24.889999389648438,24.81999969482422,24.84000015258789,454200.0
2013-11-13,24.84000015258789,24.850000381469727,24.739999771118164,24.790000915527344,355400.0
2013-11-14,24.790000915527344,24.799999237060547,24.700000762939453,24.729999542236328,308300.0
2013-11-15,24.75,24.829999923706055,24.729999542236328,24.75,320700.0
2013-11-18,24.799999237060547,24.829999923706055,24.65999984741211,24.68000030517578,1589900.0
2013-11-19,24.719999313354492,24.799999237060547,24.65999984741211,24.700000762939453,437800.0
2013-11-20,24.760000228881836,24.790000915527344,24.709999084472656,24.75,350000.0
2013-11-21,24.780000686645508,24.8700008392334,24.760000228881836,24.84000015258789,336800.0
2013-11-22,24.790000915527344,24.790000915527344,24.700000762939453,24.729999542236328,377700.0
2013-11-25,24.739999771118164,24.790000915527344,24.700000762939453,24.760000228881836,297700.0
2013-11-26,24.700000762939453,24.75,24.639999389648438,24.729999542236328,646800.0
2013-11-27,24.709999084472656,24.770000457763672,24.670000076293945,24.739999771118164,1050100.0
2013-11-29,24.75,24.8799991607666,24.75,24.84000015258789,157500.0
2013-12-02,24.8700008392334,24.899999618530273,24.760000228881836,24.790000915527344,420400.0
2013-12-03,24.739999771118164,24.850000381469727,24.739999771118164,24.81999969482422,1232600.0
2013-12-04,24.729999542236328,24.809999465942383,24.709999084472656,24.739999771118164,213600.0
2013-12-05,24.6200008392334,24.639999389648438,24.540000915527344,24.559999465942383,365000.0
2013-12-06,24.6299991607666,24.65999984741211,24.56999969482422,24.649999618530273,332900.0
2013-12-09,24.690000534057617,24.690000534057617,24.579999923706055,24.639999389648438,347300.0
2013-12-10,24.690000534057617,24.75,24.610000610351562,24.65999984741211,335200.0
2013-12-11,24.690000534057617,24.700000762939453,24.6200008392334,24.65999984741211,246000.0
2013-12-12,24.709999084472656,24.729999542236328,24.549999237060547,24.639999389648438,321700.0
2013-12-13,24.610000610351562,24.639999389648438,24.579999923706055,24.610000610351562,430400.0
2013-12-16,24.540000915527344,24.670000076293945,24.520000457763672,24.579999923706055,347900.0
2013-12-17,24.530000686645508,24.59000015258789,24.440000534057617,24.469999313354492,427700.0
2013-12-18,24.5,24.579999923706055,24.450000762939453,24.459999084472656,531800.0
2013-12-19,24.469999313354492,24.59000015258789,24.469999313354492,24.479999542236328,789700.0
2013-12-20,24.600000381469727,24.709999084472656,24.600000381469727,24.65999984741211,1067700.0
2013-12-23,24.649999618530273,24.709999084472656,24.6299991607666,24.649999618530273,358300.0
2013-12-24,24.670000076293945,24.670000076293945,24.59000015258789,24.600000381469727,147400.0
2013-12-26,24.610000610351562,24.610000610351562,24.510000228881836,24.510000228881836,224400.0
2013-12-27,24.5,24.639999389648438,24.5,24.56999969482422,327400.0
2013-12-30,24.5,24.559999465942383,24.360000610351562,24.3700008392334,568200.0
2013-12-31,24.360000610351562,24.3700008392334,24.219999313354492,24.25,551700.0
2014-01-02,24.25,24.260000228881836,24.15999984741211,24.170000076293945,1065100.0
2014-01-03,24.25,24.450000762939453,24.25,24.440000534057617,230000.0
2014-01-06,24.229999542236328,24.559999465942383,24.149999618530273,24.549999237060547,527100.0
2014-01-07,24.6200008392334,24.6200008392334,24.360000610351562,24.399999618530273,964400.0
2014-01-08,24.420000076293945,24.43000030517578,24.299999237060547,24.31999969482422,176400.0
2014-01-09,24.3700008392334,24.3700008392334,24.09000015258789,24.1200008392334,404300.0
2014-01-10,24.190000534057617,24.299999237060547,24.100000381469727,24.239999771118164,296300.0
2014-01-13,24.239999771118164,24.290000915527344,24.18000030517578,24.260000228881836,215000.0
2014-01-14,24.219999313354492,24.350000381469727,24.219999313354492,24.329999923706055,227200.0
2014-01-15,24.219999313354492,24.329999923706055,24.200000762939453,24.239999771118164,246500.0
2014-01-16,24.420000076293945,24.420000076293945,24.299999237060547,24.350000381469727,1741100.0
2014-01-17,24.219999313354492,24.239999771118164,24.139999389648438,24.15999984741211,377200.0
2014-01-21,24.1299991607666,24.190000534057617,24.100000381469727,24.1200008392334,382400.0
2014-01-22,24.100000381469727,24.200000762939453,24.040000915527344,24.18000030517578,241100.0
2014-01-23,24.31999969482422,24.3700008392334,24.25,24.270000457763672,315400.0
2014-01-24,24.25,24.260000228881836,24.1200008392334,24.25,284300.0
2014-01-27,24.25,24.3799991607666,24.25,24.280000686645508,330400.0
2014-01-28,24.290000915527344,24.329999923706055,24.270000457763672,24.31999969482422,193500.0
2014-01-29,24.219999313354492,24.309999465942383,24.190000534057617,24.270000457763672,187800.0
2014-01-30,24.420000076293945,24.420000076293945,24.299999237060547,24.3799991607666,167400.0
2014-01-31,24.829999923706055,24.850000381469727,24.459999084472656,24.649999618530273,461300.0
2014-02-03,24.889999389648438,24.989999771118164,24.760000228881836,24.959999084472656,592500.0
2014-02-04,24.979999542236328,25.18000030517578,24.979999542236328,25.149999618530273,1715400.0
2014-02-05,25.149999618530273,25.40999984741211,25.149999618530273,25.3700008392334,465500.0
2014-02-06,25.3799991607666,25.43000030517578,25.09000015258789,25.100000381469727,1142000.0
2014-02-07,25.260000228881836,25.399999618530273,25.15999984741211,25.219999313354492,558600.0
2014-02-10,25.229999542236328,25.299999237060547,25.190000534057617,25.239999771118164,365000.0
2014-02-11,25.399999618530273,25.399999618530273,25.139999389648438,25.270000457763672,301400.0
2014-02-12,25.3700008392334,25.510000228881836,25.280000686645508,25.489999771118164,366200.0
2014-02-13,25.440000534057617,25.56999969482422,25.40999984741211,25.489999771118164,450000.0
2014-02-14,25.6200008392334,25.6200008392334,25.489999771118164,25.540000915527344,684000.0
2014-02-18,25.790000915527344,26.200000762939453,25.790000915527344,26.1299991607666,1310100.0
2014-02-19,25.790000915527344,26.649999618530273,25.770000457763672,26.600000381469727,1273200.0
2014-02-20,26.450000762939453,26.65999984741211,26.3700008392334,26.6299991607666,992500.0
2014-02-21,26.610000610351562,26.700000762939453,26.56999969482422,26.639999389648438,947500.0
2014-02-24,26.829999923706055,27.030000686645508,26.780000686645508,26.969999313354492,1627900.0
2014-02-25,26.969999313354492,27.139999389648438,26.899999618530273,27.079999923706055,740200.0
2014-02-26,26.950000762939453,27.139999389648438,26.920000076293945,27.110000610351562,511900.0
2014-02-27,27.280000686645508,27.34000015258789,27.1299991607666,27.149999618530273,749500.0
2014-02-28,27.1299991607666,27.40999984741211,27.1299991607666,27.3700008392334,1193200.0
2014-03-03,27.479999542236328,28.079999923706055,27.440000534057617,28.059999465942383,3762300.0
2014-03-04,27.84000015258789,28.09000015258789,27.719999313354492,27.959999084472656,1283100.0
2014-03-05,28.010000228881836,28.440000534057617,27.950000762939453,28.360000610351562,3269600.0
2014-03-06,28.31999969482422,28.3799991607666,28.209999084472656,28.31999969482422,975200.0
2014-03-07,28.510000228881836,28.520000457763672,28.31999969482422,28.3799991607666,2186700.0
2014-03-10,28.5,28.700000762939453,28.450000762939453,28.510000228881836,1352500.0
2014-03-11,28.719999313354492,28.829999923706055,28.690000534057617,28.760000228881836,1357100.0
2014-03-12,28.549999237060547,28.850000381469727,28.5,28.739999771118164,1415800.0
2014-03-13,28.899999618530273,28.950000762939453,28.75,28.780000686645508,886000.0
2014-03-14,28.600000381469727,28.709999084472656,28.559999465942383,28.600000381469727,938900.0
2014-03-17,28.6200008392334,28.729999542236328,28.40999984741211,28.440000534057617,1484400.0
2014-03-18,28.600000381469727,28.739999771118164,28.540000915527344,28.719999313354492,763200.0
2014-03-19,28.670000076293945,28.739999771118164,28.56999969482422,28.65999984741211,674600.0
2014-03-20,28.479999542236328,28.549999237060547,28.049999237060547,28.110000610351562,1344600.0
2014-03-21,28.040000915527344,28.09000015258789,27.81999969482422,27.850000381469727,821800.0
2014-03-24,27.959999084472656,28.170000076293945,27.950000762939453,28.040000915527344,1860800.0
2014-03-25,27.959999084472656,28.06999969482422,27.959999084472656,28.059999465942383,667800.0
2014-03-26,28.1299991607666,28.25,28.06999969482422,28.1299991607666,397400.0
2014-03-27,28.18000030517578,28.469999313354492,28.18000030517578,28.450000762939453,872200.0
2014-03-28,28.440000534057617,28.579999923706055,28.350000381469727,28.43000030517578,477300.0
2014-03-31,28.389999389648438,28.399999618530273,28.020000457763672,28.329999923706055,1399500.0
2014-04-01,28.309999465942383,28.360000610351562,28.139999389648438,28.190000534057617,1882900.0
2014-04-02,28.170000076293945,28.239999771118164,27.799999237060547,27.829999923706055,1534100.0
2014-04-03,27.84000015258789,28.010000228881836,27.799999237060547,28.0,574700.0
2014-04-04,28.059999465942383,28.290000915527344,27.959999084472656,28.270000457763672,693400.0
2014-04-07,28.40999984741211,28.489999771118164,28.270000457763672,28.479999542236328,995900.0
2014-04-08,28.510000228881836,28.780000686645508,28.510000228881836,28.6200008392334,681000.0
2014-04-09,28.540000915527344,28.850000381469727,28.479999542236328,28.739999771118164,1328600.0
2014-04-10,28.809999465942383,28.8799991607666,28.700000762939453,28.780000686645508,804600.0
2014-04-11,28.65999984741211,28.790000915527344,28.510000228881836,28.559999465942383,996800.0
2014-04-14,28.6200008392334,28.889999389648438,28.579999923706055,28.8700008392334,563500.0
2014-04-15,28.760000228881836,28.8700008392334,28.600000381469727,28.649999618530273,802200.0
2014-04-16,28.709999084472656,28.799999237060547,28.479999542236328,28.520000457763672,1127800.0
2014-04-17,28.56999969482422,28.889999389648438,28.510000228881836,28.8799991607666,544700.0
2014-04-21,28.719999313354492,28.780000686645508,28.450000762939453,28.489999771118164,1015500.0
2014-04-22,28.899999618530273,29.040000915527344,28.790000915527344,29.0,715600.0
2014-04-23,29.0,29.219999313354492,28.989999771118164,29.209999084472656,750700.0
2014-04-24,29.290000915527344,29.31999969482422,29.149999618530273,29.209999084472656,581400.0
2014-04-25,29.229999542236328,29.280000686645508,29.059999465942383,29.110000610351562,579700.0
2014-04-28,29.290000915527344,29.290000915527344,28.950000762939453,29.0,1392600.0
2014-04-29,28.899999618530273,29.40999984741211,28.809999465942383,29.3799991607666,1139200.0
2014-04-30,29.350000381469727,29.350000381469727,29.110000610351562,29.270000457763672,1210500.0
2014-05-01,29.190000534057617,29.280000686645508,29.059999465942383,29.1299991607666,1262900.0
2014-05-02,29.149999618530273,29.149999618530273,28.920000076293945,28.940000534057617,829800.0
2014-05-05,29.18000030517578,29.239999771118164,28.969999313354492,29.1200008392334,889400.0
2014-05-06,29.040000915527344,29.239999771118164,29.020000457763672,29.1299991607666,1463600.0
2014-05-07,29.100000381469727,29.190000534057617,28.950000762939453,29.030000686645508,644400.0
2014-05-08,28.860000610351562,28.959999084472656,28.790000915527344,28.8799991607666,1361100.0
2014-05-09,28.639999389648438,28.690000534057617,28.440000534057617,28.479999542236328,1065700.0
2014-05-12,28.399999618530273,28.530000686645508,28.299999237060547,28.510000228881836,1004400.0
2014-05-13,28.559999465942383,28.780000686645508,28.469999313354492,28.59000015258789,579700.0
2014-05-14,28.579999923706055,28.600000381469727,28.5,28.579999923706055,906700.0
2014-05-15,28.700000762939453,28.719999313354492,28.549999237060547,28.610000610351562,555700.0
2014-05-16,28.479999542236328,28.510000228881836,28.229999542236328,28.350000381469727,1413100.0
2014-05-19,28.270000457763672,28.3799991607666,28.209999084472656,28.34000015258789,525900.0
2014-05-20,28.309999465942383,28.420000076293945,28.270000457763672,28.280000686645508,546600.0
2014-05-21,28.270000457763672,28.31999969482422,28.209999084472656,28.280000686645508,1507400.0
2014-05-22,28.280000686645508,28.34000015258789,28.1200008392334,28.209999084472656,477300.0
2014-05-23,28.200000762939453,28.25,28.06999969482422,28.1200008392334,326300.0
2014-05-27,27.90999984741211,27.950000762939453,27.760000228881836,27.760000228881836,1054600.0
2014-05-28,27.68000030517578,27.75,27.440000534057617,27.75,1469400.0
2014-05-29,27.889999389648438,27.989999771118164,27.790000915527344,27.989999771118164,931100.0
2014-05-30,27.799999237060547,27.860000610351562,27.700000762939453,27.709999084472656,2109300.0
2014-06-02,27.559999465942383,27.649999618530273,27.5,27.520000457763672,1510100.0
2014-06-03,27.5,27.520000457763672,27.3700008392334,27.469999313354492,752700.0
2014-06-04,27.450000762939453,27.489999771118164,27.3799991607666,27.389999389648438,638800.0
2014-06-05,27.3700008392334,27.40999984741211,27.309999465942383,27.34000015258789,639500.0
2014-06-06,27.350000381469727,27.670000076293945,27.350000381469727,27.649999618530273,435100.0
2014-06-09,27.549999237060547,27.549999237060547,27.43000030517578,27.520000457763672,461800.0
2014-06-10,27.479999542236328,27.559999465942383,27.420000076293945,27.469999313354492,680100.0
2014-06-11,27.5,27.600000381469727,27.420000076293945,27.450000762939453,282900.0
2014-06-12,27.510000228881836,27.8700008392334,27.31999969482422,27.479999542236328,1015300.0
2014-06-13,27.709999084472656,27.790000915527344,27.65999984741211,27.729999542236328,644600.0
2014-06-16,27.780000686645508,27.790000915527344,27.559999465942383,27.600000381469727,402500.0
2014-06-17,27.350000381469727,27.510000228881836,27.350000381469727,27.43000030517578,597300.0
2014-06-18,27.43000030517578,27.5,27.3700008392334,27.440000534057617,454200.0
2014-06-19,27.479999542236328,27.75,27.479999542236328,27.75,595900.0
2014-06-20,27.68000030517578,27.8799991607666,27.68000030517578,27.809999465942383,566200.0
2014-06-23,27.81999969482422,27.860000610351562,27.68000030517578,27.799999237060547,337200.0
2014-06-24,27.719999313354492,27.809999465942383,27.6200008392334,27.780000686645508,334800.0
2014-06-25,27.860000610351562,27.959999084472656,27.850000381469727,27.950000762939453,594000.0
2014-06-26,27.940000534057617,28.06999969482422,27.8700008392334,28.049999237060547,384100.0
2014-06-27,28.059999465942383,28.149999618530273,27.809999465942383,27.84000015258789,373100.0
2014-06-30,27.829999923706055,27.8700008392334,27.43000030517578,27.459999084472656,1129500.0
2014-07-01,27.329999923706055,27.350000381469727,27.229999542236328,27.309999465942383,3418700.0
2014-07-02,27.260000228881836,27.5,27.190000534057617,27.469999313354492,630000.0
2014-07-03,27.469999313354492,27.489999771118164,27.3700008392334,27.3799991607666,733500.0
2014-07-07,27.280000686645508,27.280000686645508,26.989999771118164,27.18000030517578,550100.0
2014-07-08,27.1299991607666,27.209999084472656,27.100000381469727,27.1299991607666,359200.0
2014-07-09,27.100000381469727,27.100000381469727,26.729999542236328,26.860000610351562,1690800.0
2014-07-10,26.8700008392334,26.889999389648438,26.299999237060547,26.309999465942383,850600.0
2014-07-11,26.25,26.290000915527344,26.0,26.1200008392334,855000.0
2014-07-14,26.149999618530273,26.360000610351562,26.1299991607666,26.350000381469727,610800.0
2014-07-15,26.239999771118164,26.290000915527344,26.1200008392334,26.239999771118164,722400.0
2014-07-16,26.25,26.399999618530273,26.190000534057617,26.25,357200.0
2014-07-17,26.209999084472656,26.420000076293945,26.209999084472656,26.270000457763672,565200.0
2014-07-18,26.34000015258789,26.40999984741211,26.270000457763672,26.360000610351562,242800.0
2014-07-21,26.219999313354492,26.440000534057617,26.219999313354492,26.399999618530273,1245100.0
2014-07-22,26.459999084472656,26.5,26.270000457763672,26.329999923706055,364000.0
2014-07-23,26.3799991607666,26.639999389648438,26.31999969482422,26.6299991607666,478700.0
2014-07-24,26.860000610351562,26.860000610351562,26.579999923706055,26.649999618530273,427800.0
2014-07-25,26.610000610351562,26.739999771118164,26.56999969482422,26.719999313354492,320700.0
2014-07-28,26.90999984741211,26.90999984741211,26.690000534057617,26.84000015258789,340300.0
2014-07-29,26.68000030517578,26.68000030517578,26.600000381469727,26.639999389648438,394600.0
2014-07-30,26.700000762939453,26.729999542236328,26.59000015258789,26.65999984741211,251500.0
2014-07-31,26.889999389648438,26.940000534057617,26.75,26.809999465942383,868400.0
2014-08-01,26.920000076293945,27.06999969482422,26.549999237060547,26.610000610351562,750800.0
2014-08-04,26.75,26.809999465942383,26.549999237060547,26.729999542236328,426700.0
2014-08-05,26.709999084472656,26.719999313354492,26.530000686645508,26.610000610351562,550000.0
2014-08-06,26.65999984741211,26.899999618530273,26.6299991607666,26.8799991607666,234100.0
2014-08-07,26.729999542236328,26.729999542236328,26.40999984741211,26.489999771118164,654000.0
2014-08-08,26.34000015258789,26.3799991607666,26.110000610351562,26.149999618530273,1269200.0
2014-08-11,26.149999618530273,26.459999084472656,26.139999389648438,26.40999984741211,334800.0
2014-08-12,26.059999465942383,26.280000686645508,26.030000686645508,26.040000915527344,695300.0
2014-08-13,26.170000076293945,26.190000534057617,25.979999542236328,26.030000686645508,519600.0
2014-08-14,26.0,26.1200008392334,25.8700008392334,26.049999237060547,282600.0
2014-08-15,26.25,26.31999969482422,26.18000030517578,26.270000457763672,521400.0
2014-08-18,26.270000457763672,26.290000915527344,26.149999618530273,26.209999084472656,209200.0
2014-08-19,26.149999618530273,26.18000030517578,25.889999389648438,25.899999618530273,452800.0
2014-08-20,25.899999618530273,25.899999618530273,25.739999771118164,25.84000015258789,209400.0
2014-08-21,25.8700008392334,25.93000030517578,25.790000915527344,25.8799991607666,182400.0
2014-08-22,25.93000030517578,25.959999084472656,25.860000610351562,25.93000030517578,418500.0
2014-08-25,25.809999465942383,25.940000534057617,25.780000686645508,25.84000015258789,232900.0
2014-08-26,26.010000228881836,26.170000076293945,25.959999084472656,26.170000076293945,397100.0
2014-08-27,26.329999923706055,26.3700008392334,26.1299991607666,26.190000534057617,370800.0
2014-08-28,26.25,26.420000076293945,26.25,26.399999618530273,300600.0
2014-08-29,26.469999313354492,26.5,26.299999237060547,26.459999084472656,277100.0
2014-09-02,26.549999237060547,26.700000762939453,26.549999237060547,26.65999984741211,360400.0
2014-09-03,26.530000686645508,26.559999465942383,26.329999923706055,26.43000030517578,540100.0
2014-09-04,26.389999389648438,26.469999313354492,26.229999542236328,26.3799991607666,296200.0
2014-09-05,26.43000030517578,26.479999542236328,26.309999465942383,26.43000030517578,148000.0
2014-09-08,26.219999313354492,26.280000686645508,26.1200008392334,26.170000076293945,306200.0
2014-09-09,26.06999969482422,26.18000030517578,26.049999237060547,26.139999389648438,281800.0
2014-09-10,25.969999313354492,26.020000457763672,25.760000228881836,25.780000686645508,943200.0
2014-09-11,25.739999771118164,25.739999771118164,25.510000228881836,25.670000076293945,403700.0
2014-09-12,25.510000228881836,25.540000915527344,25.420000076293945,25.5,315000.0
2014-09-15,25.350000381469727,25.479999542236328,25.34000015258789,25.420000076293945,282600.0
2014-09-16,25.40999984741211,25.469999313354492,25.350000381469727,25.469999313354492,198800.0
2014-09-17,25.479999542236328,25.600000381469727,25.3799991607666,25.520000457763672,154300.0
2014-09-18,25.34000015258789,25.389999389648438,25.25,25.290000915527344,299700.0
2014-09-19,25.260000228881836,25.260000228881836,25.1299991607666,25.15999984741211,236100.0
2014-09-22,25.149999618530273,25.219999313354492,25.0,25.15999984741211,549500.0
2014-09-23,25.219999313354492,25.299999237060547,25.110000610351562,25.110000610351562,253300.0
2014-09-24,25.239999771118164,25.459999084472656,25.239999771118164,25.459999084472656,460400.0
2014-09-25,25.270000457763672,25.270000457763672,25.079999923706055,25.139999389648438,303700.0
2014-09-26,25.190000534057617,25.389999389648438,25.139999389648438,25.31999969482422,132500.0
2014-09-29,25.350000381469727,25.700000762939453,25.350000381469727,25.700000762939453,1418200.0
2014-09-30,25.68000030517578,25.75,25.520000457763672,25.549999237060547,372900.0
2014-10-01,25.520000457763672,25.690000534057617,25.479999542236328,25.6299991607666,401600.0
2014-10-02,25.8700008392334,25.93000030517578,25.780000686645508,25.81999969482422,345200.0
2014-10-03,25.850000381469727,25.889999389648438,25.709999084472656,25.729999542236328,525300.0
2014-10-06,26.239999771118164,26.440000534057617,26.200000762939453,26.440000534057617,507800.0
2014-10-07,26.450000762939453,26.670000076293945,26.3799991607666,26.40999984741211,694400.0
2014-10-08,26.5,26.559999465942383,26.360000610351562,26.399999618530273,352200.0
2014-10-09,26.530000686645508,26.700000762939453,26.43000030517578,26.469999313354492,451100.0
2014-10-10,26.479999542236328,26.600000381469727,26.389999389648438,26.440000534057617,352600.0
2014-10-13,26.31999969482422,26.5,26.270000457763672,26.440000534057617,303600.0
2014-10-14,26.540000915527344,26.719999313354492,26.420000076293945,26.68000030517578,487800.0
2014-10-15,26.6200008392334,26.700000762939453,26.260000228881836,26.280000686645508,536000.0
2014-10-16,26.329999923706055,26.420000076293945,26.309999465942383,26.399999618530273,774200.0
2014-10-17,26.290000915527344,26.290000915527344,26.1200008392334,26.139999389648438,272300.0
2014-10-20,25.780000686645508,25.979999542236328,25.709999084472656,25.8700008392334,499400.0
2014-10-21,25.8700008392334,25.989999771118164,25.850000381469727,25.979999542236328,1297100.0
2014-10-22,26.059999465942383,26.09000015258789,25.780000686645508,25.799999237060547,539100.0
2014-10-23,25.860000610351562,25.950000762939453,25.809999465942383,25.920000076293945,417600.0
2014-10-24,25.8799991607666,25.90999984741211,25.65999984741211,25.709999084472656,511400.0
2014-10-27,25.59000015258789,25.739999771118164,25.549999237060547,25.719999313354492,412400.0
2014-10-28,25.75,25.799999237060547,25.65999984741211,25.739999771118164,197200.0
2014-10-29,25.780000686645508,25.889999389648438,25.719999313354492,25.8799991607666,234400.0
2014-10-30,25.700000762939453,25.809999465942383,25.700000762939453,25.719999313354492,331100.0
2014-10-31,25.6200008392334,25.709999084472656,25.520000457763672,25.65999984741211,360900.0
2014-11-03,25.65999984741211,25.670000076293945,25.510000228881836,25.6200008392334,515900.0
2014-11-04,25.510000228881836,25.559999465942383,25.469999313354492,25.489999771118164,332000.0
2014-11-05,25.309999465942383,25.389999389648438,25.229999542236328,25.350000381469727,202300.0
2014-11-06,25.270000457763672,25.40999984741211,25.270000457763672,25.299999237060547,143800.0
2014-11-07,25.3799991607666,25.389999389648438,25.270000457763672,25.389999389648438,216100.0
2014-11-10,25.389999389648438,25.59000015258789,25.34000015258789,25.3799991607666,371200.0
2014-11-11,25.389999389648438,25.670000076293945,25.309999465942383,25.639999389648438,317900.0
2014-11-12,25.65999984741211,25.850000381469727,25.6299991607666,25.739999771118164,1396500.0
2014-11-13,25.739999771118164,25.940000534057617,25.739999771118164,25.899999618530273,303200.0
2014-11-14,25.790000915527344,25.969999313354492,25.780000686645508,25.8700008392334,267100.0
2014-11-17,25.850000381469727,25.850000381469727,25.700000762939453,25.780000686645508,312900.0
2014-11-18,25.690000534057617,25.690000534057617,25.579999923706055,25.639999389648438,223600.0
2014-11-19,25.670000076293945,25.670000076293945,25.59000015258789,25.6200008392334,133200.0
2014-11-20,25.549999237060547,25.670000076293945,25.540000915527344,25.6299991607666,946100.0
2014-11-21,25.59000015258789,25.780000686645508,25.59000015258789,25.690000534057617,270500.0
2014-11-24,25.770000457763672,25.81999969482422,25.549999237060547,25.579999923706055,201500.0
2014-11-25,25.670000076293945,25.790000915527344,25.6200008392334,25.75,1353800.0
2014-11-26,25.770000457763672,25.81999969482422,25.739999771118164,25.760000228881836,796500.0
2014-11-28,25.639999389648438,25.709999084472656,25.479999542236328,25.540000915527344,216600.0
2014-12-01,25.520000457763672,25.8700008392334,25.469999313354492,25.850000381469727,636500.0
2014-12-02,25.75,25.809999465942383,25.469999313354492,25.489999771118164,812100.0
2014-12-03,25.329999923706055,25.3700008392334,25.219999313354492,25.280000686645508,382900.0
2014-12-04,25.290000915527344,25.3799991607666,25.209999084472656,25.350000381469727,203300.0
2014-12-05,25.31999969482422,25.40999984741211,25.31999969482422,25.3700008392334,298300.0
2014-12-08,25.3700008392334,25.459999084472656,25.229999542236328,25.270000457763672,185500.0
2014-12-09,25.219999313354492,25.420000076293945,25.18000030517578,25.399999618530273,255700.0
2014-12-10,25.360000610351562,25.389999389648438,25.200000762939453,25.229999542236328,853800.0
2014-12-11,25.15999984741211,25.25,25.079999923706055,25.170000076293945,393700.0
2014-12-12,25.190000534057617,25.280000686645508,25.18000030517578,25.200000762939453,313400.0
2014-12-15,25.200000762939453,25.34000015258789,25.149999618530273,25.270000457763672,479000.0
2014-12-16,25.18000030517578,25.25,25.049999237060547,25.079999923706055,224100.0
2014-12-17,25.049999237060547,25.170000076293945,24.889999389648438,25.059999465942383,536500.0
2014-12-18,25.360000610351562,25.489999771118164,25.270000457763672,25.479999542236328,359600.0
2014-12-19,25.360000610351562,25.469999313354492,25.299999237060547,25.440000534057617,233600.0
2014-12-22,25.459999084472656,25.520000457763672,25.290000915527344,25.299999237060547,427500.0
2014-12-23,25.280000686645508,25.43000030517578,25.280000686645508,25.3700008392334,664500.0
2014-12-24,25.329999923706055,25.329999923706055,25.110000610351562,25.1299991607666,141800.0
2014-12-26,25.139999389648438,25.229999542236328,25.079999923706055,25.209999084472656,139800.0
2014-12-29,25.260000228881836,25.34000015258789,25.190000534057617,25.229999542236328,329400.0
2014-12-30,25.200000762939453,25.239999771118164,25.06999969482422,25.079999923706055,412600.0
2014-12-31,25.010000228881836,25.030000686645508,24.809999465942383,24.889999389648438,619900.0
2015-01-02,24.81999969482422,24.81999969482422,24.56999969482422,24.639999389648438,261800.0
2015-01-05,24.809999465942383,25.0,24.809999465942383,24.940000534057617,510200.0
2015-01-06,25.1200008392334,25.190000534057617,25.049999237060547,25.110000610351562,345500.0
2015-01-07,25.200000762939453,25.209999084472656,24.989999771118164,24.989999771118164,223300.0
2015-01-08,25.09000015258789,25.190000534057617,24.889999389648438,24.899999618530273,198700.0
2015-01-09,24.940000534057617,24.979999542236328,24.780000686645508,24.84000015258789,1421700.0
2015-01-12,24.809999465942383,24.899999618530273,24.649999618530273,24.65999984741211,324300.0
2015-01-13,24.84000015258789,24.84000015258789,24.389999389648438,24.420000076293945,363200.0
2015-01-14,24.40999984741211,24.489999771118164,24.309999465942383,24.360000610351562,260400.0
2015-01-15,24.489999771118164,24.489999771118164,24.170000076293945,24.239999771118164,237300.0
2015-01-16,24.149999618530273,24.239999771118164,24.100000381469727,24.15999984741211,242200.0
2015-01-20,24.079999923706055,24.100000381469727,23.829999923706055,23.979999542236328,317800.0
2015-01-21,24.0,24.0,23.81999969482422,23.84000015258789,222800.0
2015-01-22,23.889999389648438,23.920000076293945,23.719999313354492,23.729999542236328,226700.0
2015-01-23,23.520000457763672,23.549999237060547,23.43000030517578,23.479999542236328,772500.0
2015-01-26,23.530000686645508,23.59000015258789,23.399999618530273,23.520000457763672,646300.0
2015-01-27,23.540000915527344,23.610000610351562,23.440000534057617,23.520000457763672,2805400.0
2015-01-28,23.540000915527344,23.549999237060547,23.360000610351562,23.399999618530273,2735600.0
2015-01-29,23.309999465942383,23.3700008392334,23.139999389648438,23.200000762939453,198100.0
2015-01-30,23.219999313354492,23.229999542236328,23.010000228881836,23.139999389648438,353000.0
2015-02-02,23.079999923706055,23.190000534057617,22.8799991607666,22.90999984741211,338100.0
2015-02-03,23.030000686645508,23.3700008392334,23.020000457763672,23.239999771118164,1257300.0
2015-02-04,23.309999465942383,23.5,23.1200008392334,23.139999389648438,428900.0
2015-02-05,23.1299991607666,23.239999771118164,23.110000610351562,23.219999313354492,215300.0
2015-02-06,23.34000015258789,23.40999984741211,23.229999542236328,23.399999618530273,306000.0
2015-02-09,23.3700008392334,23.610000610351562,23.34000015258789,23.610000610351562,583100.0
2015-02-10,23.56999969482422,23.56999969482422,23.299999237060547,23.329999923706055,386600.0
2015-02-11,23.280000686645508,23.31999969482422,23.200000762939453,23.229999542236328,117300.0
2015-02-12,23.280000686645508,23.40999984741211,23.260000228881836,23.360000610351562,181900.0
2015-02-13,23.459999084472656,23.6200008392334,23.459999084472656,23.56999969482422,253200.0
2015-02-17,23.540000915527344,23.6299991607666,23.389999389648438,23.559999465942383,226800.0
2015-02-18,23.5,23.530000686645508,23.329999923706055,23.389999389648438,194100.0
2015-02-19,23.329999923706055,23.450000762939453,23.309999465942383,23.350000381469727,153900.0
2015-02-20,23.309999465942383,23.309999465942383,23.139999389648438,23.149999618530273,191100.0
2015-02-23,23.079999923706055,23.1200008392334,22.969999313354492,22.979999542236328,251100.0
2015-02-24,23.049999237060547,23.170000076293945,23.010000228881836,23.030000686645508,279900.0
2015-02-25,22.969999313354492,23.1200008392334,22.760000228881836,22.829999923706055,641900.0
2015-02-26,22.829999923706055,22.959999084472656,22.780000686645508,22.959999084472656,312000.0
2015-02-27,22.979999542236328,23.1299991607666,22.899999618530273,23.06999969482422,181500.0
2015-03-02,23.049999237060547,23.100000381469727,22.860000610351562,22.8799991607666,305000.0
2015-03-03,22.829999923706055,22.860000610351562,22.670000076293945,22.709999084472656,540800.0
2015-03-04,22.579999923706055,22.799999237060547,22.5,22.75,298500.0
2015-03-05,22.790000915527344,22.790000915527344,22.579999923706055,22.600000381469727,178700.0
2015-03-06,22.530000686645508,22.610000610351562,22.479999542236328,22.59000015258789,364600.0
2015-03-09,22.639999389648438,22.68000030517578,22.559999465942383,22.579999923706055,138500.0
2015-03-10,22.459999084472656,22.5,22.399999618530273,22.450000762939453,358400.0
2015-03-11,22.479999542236328,22.530000686645508,22.389999389648438,22.40999984741211,109300.0
2015-03-12,22.450000762939453,22.489999771118164,22.270000457763672,22.40999984741211,178000.0
2015-03-13,22.34000015258789,22.34000015258789,22.030000686645508,22.06999969482422,260300.0
2015-03-16,22.15999984741211,22.280000686645508,22.100000381469727,22.260000228881836,185700.0
2015-03-17,22.139999389648438,22.200000762939453,22.049999237060547,22.079999923706055,200600.0
2015-03-18,22.100000381469727,22.3700008392334,22.0,22.350000381469727,2806100.0
2015-03-19,22.389999389648438,22.399999618530273,22.200000762939453,22.260000228881836,187000.0
2015-03-20,22.350000381469727,22.59000015258789,22.350000381469727,22.549999237060547,263600.0
2015-03-23,22.649999618530273,22.75,22.6299991607666,22.739999771118164,308500.0
2015-03-24,22.579999923706055,22.6299991607666,22.5,22.610000610351562,240900.0
2015-03-25,22.6299991607666,22.65999984741211,22.540000915527344,22.549999237060547,225800.0
2015-03-26,22.579999923706055,22.610000610351562,22.3799991607666,22.389999389648438,177000.0
2015-03-27,22.350000381469727,22.40999984741211,22.309999465942383,22.31999969482422,142600.0
2015-03-30,22.290000915527344,22.450000762939453,22.280000686645508,22.34000015258789,197100.0
2015-03-31,22.350000381469727,22.469999313354492,22.1299991607666,22.139999389648438,243600.0
2015-04-01,22.18000030517578,22.479999542236328,22.149999618530273,22.40999984741211,331100.0
2015-04-02,22.520000457763672,22.790000915527344,22.520000457763672,22.739999771118164,339800.0
2015-04-06,22.850000381469727,22.8799991607666,22.68000030517578,22.690000534057617,399800.0
2015-04-07,22.639999389648438,22.729999542236328,22.579999923706055,22.6299991607666,185500.0
2015-04-08,22.690000534057617,22.690000534057617,22.450000762939453,22.510000228881836,95300.0
2015-04-09,22.420000076293945,22.459999084472656,22.290000915527344,22.440000534057617,158800.0
2015-04-10,22.329999923706055,22.3799991607666,22.299999237060547,22.31999969482422,111000.0
2015-04-13,22.25,22.299999237060547,22.1200008392334,22.1299991607666,259000.0
2015-04-14,22.229999542236328,22.329999923706055,22.170000076293945,22.270000457763672,412800.0
2015-04-15,22.280000686645508,22.360000610351562,22.18000030517578,22.219999313354492,174400.0
2015-04-16,22.34000015258789,22.40999984741211,22.299999237060547,22.3799991607666,271100.0
2015-04-17,22.399999618530273,22.459999084472656,22.25,22.25,631200.0
2015-04-20,22.1299991607666,22.15999984741211,22.040000915527344,22.06999969482422,171300.0
2015-04-21,22.020000457763672,22.110000610351562,21.959999084472656,22.100000381469727,460200.0
2015-04-22,22.110000610351562,22.15999984741211,22.010000228881836,22.030000686645508,436000.0
2015-04-23,22.170000076293945,22.40999984741211,22.170000076293945,22.280000686645508,263800.0
2015-04-24,22.3799991607666,22.389999389648438,22.239999771118164,22.350000381469727,335100.0
2015-04-27,22.270000457763672,22.270000457763672,22.170000076293945,22.219999313354492,189800.0
2015-04-28,22.270000457763672,22.329999923706055,22.190000534057617,22.239999771118164,262400.0
2015-04-29,22.219999313354492,22.40999984741211,22.170000076293945,22.3799991607666,281900.0
2015-04-30,22.5,22.520000457763672,22.190000534057617,22.290000915527344,223200.0
2015-05-01,22.219999313354492,22.25,21.93000030517578,22.020000457763672,423000.0
2015-05-04,21.940000534057617,22.010000228881836,21.889999389648438,21.969999313354492,351700.0
2015-05-05,22.020000457763672,22.110000610351562,21.959999084472656,22.110000610351562,160100.0
2015-05-06,22.18000030517578,22.290000915527344,22.100000381469727,22.190000534057617,897700.0
2015-05-07,22.15999984741211,22.209999084472656,22.030000686645508,22.110000610351562,211200.0
2015-05-08,22.25,22.360000610351562,22.15999984741211,22.360000610351562,180500.0
2015-05-11,22.3700008392334,22.40999984741211,22.329999923706055,22.3700008392334,317000.0
2015-05-12,22.329999923706055,22.489999771118164,22.31999969482422,22.420000076293945,526300.0
2015-05-13,22.43000030517578,22.459999084472656,22.219999313354492,22.389999389648438,724800.0
2015-05-14,22.469999313354492,22.719999313354492,22.450000762939453,22.719999313354492,879700.0
2015-05-15,22.719999313354492,22.75,22.610000610351562,22.690000534057617,678600.0
2015-05-18,22.75,22.799999237060547,22.68000030517578,22.739999771118164,456000.0
2015-05-19,22.649999618530273,22.700000762939453,22.450000762939453,22.540000915527344,1093200.0
2015-05-20,22.489999771118164,22.489999771118164,22.360000610351562,22.440000534057617,283600.0
2015-05-21,22.440000534057617,22.520000457763672,22.420000076293945,22.43000030517578,201100.0
2015-05-22,22.40999984741211,22.43000030517578,22.229999542236328,22.229999542236328,253800.0
2015-05-26,22.15999984741211,22.15999984741211,21.969999313354492,21.979999542236328,427900.0
2015-05-27,21.889999389648438,22.010000228881836,21.829999923706055,21.8700008392334,355200.0
2015-05-28,21.950000762939453,22.0,21.84000015258789,21.979999542236328,364100.0
2015-05-29,21.959999084472656,22.040000915527344,21.799999237060547,21.829999923706055,243400.0
2015-06-01,21.899999618530273,22.06999969482422,21.84000015258789,22.010000228881836,250300.0
2015-06-02,22.209999084472656,22.329999923706055,22.139999389648438,22.31999969482422,592800.0
2015-06-03,22.299999237060547,22.450000762939453,22.219999313354492,22.239999771118164,385400.0
2015-06-04,22.260000228881836,22.40999984741211,22.260000228881836,22.3700008392334,255800.0
2015-06-05,22.290000915527344,22.459999084472656,22.209999084472656,22.260000228881836,369300.0
2015-06-08,22.360000610351562,22.479999542236328,22.350000381469727,22.459999084472656,311200.0
2015-06-09,22.40999984741211,22.559999465942383,22.40999984741211,22.479999542236328,407700.0
2015-06-10,22.6299991607666,22.639999389648438,22.309999465942383,22.350000381469727,929900.0
2015-06-11,22.18000030517578,22.219999313354492,22.030000686645508,22.049999237060547,431300.0
2015-06-12,22.09000015258789,22.09000015258789,21.959999084472656,21.979999542236328,275500.0
2015-06-15,21.8799991607666,21.8799991607666,21.700000762939453,21.739999771118164,408300.0
2015-06-16,21.8700008392334,22.0,21.790000915527344,21.90999984741211,235600.0
2015-06-17,21.940000534057617,22.059999465942383,21.93000030517578,21.979999542236328,279500.0
2015-06-18,22.020000457763672,22.049999237060547,21.959999084472656,21.969999313354492,116200.0
2015-06-19,21.920000076293945,21.93000030517578,21.770000457763672,21.860000610351562,441200.0
2015-06-22,22.0,22.15999984741211,21.93000030517578,22.1299991607666,361600.0
2015-06-23,22.18000030517578,22.280000686645508,22.06999969482422,22.200000762939453,1246800.0
2015-06-24,22.209999084472656,22.399999618530273,22.209999084472656,22.280000686645508,373300.0
2015-06-25,22.260000228881836,22.420000076293945,22.229999542236328,22.40999984741211,632700.0
2015-06-26,22.670000076293945,22.790000915527344,22.600000381469727,22.709999084472656,653800.0
2015-06-29,22.790000915527344,22.940000534057617,22.739999771118164,22.81999969482422,595100.0
2015-06-30,22.799999237060547,23.360000610351562,22.729999542236328,23.350000381469727,1263800.0
2015-07-01,23.25,23.280000686645508,23.100000381469727,23.270000457763672,1103100.0
2015-07-02,23.18000030517578,23.389999389648438,23.18000030517578,23.270000457763672,798700.0
2015-07-06,23.149999618530273,23.280000686645508,23.1200008392334,23.200000762939453,643400.0
2015-07-07,23.100000381469727,23.1299991607666,22.860000610351562,23.020000457763672,779000.0
2015-07-08,22.959999084472656,23.1200008392334,22.90999984741211,22.93000030517578,399600.0
2015-07-09,22.979999542236328,23.06999969482422,22.90999984741211,22.90999984741211,351900.0
2015-07-10,23.06999969482422,23.219999313354492,22.940000534057617,23.06999969482422,381200.0
2015-07-13,23.06999969482422,23.190000534057617,23.010000228881836,23.18000030517578,862200.0
2015-07-14,23.350000381469727,23.399999618530273,23.209999084472656,23.229999542236328,310300.0
2015-07-15,23.100000381469727,23.15999984741211,22.989999771118164,23.100000381469727,453300.0
2015-07-16,23.1299991607666,23.18000030517578,22.950000762939453,22.950000762939453,427300.0
2015-07-17,22.81999969482422,22.84000015258789,22.709999084472656,22.760000228881836,641700.0
2015-07-20,22.540000915527344,22.600000381469727,22.399999618530273,22.40999984741211,670300.0
2015-07-21,22.3700008392334,22.459999084472656,22.290000915527344,22.290000915527344,464700.0
2015-07-22,22.170000076293945,22.350000381469727,22.1299991607666,22.15999984741211,438900.0
2015-07-23,22.170000076293945,22.170000076293945,21.979999542236328,22.040000915527344,1146900.0
2015-07-24,21.90999984741211,21.90999984741211,21.700000762939453,21.700000762939453,492000.0
2015-07-27,21.559999465942383,21.600000381469727,21.329999923706055,21.329999923706055,752200.0
2015-07-28,21.489999771118164,21.59000015258789,21.40999984741211,21.579999923706055,508800.0
2015-07-29,21.610000610351562,21.670000076293945,21.520000457763672,21.549999237060547,472200.0
2015-07-30,21.700000762939453,21.739999771118164,21.579999923706055,21.600000381469727,246500.0
2015-07-31,21.68000030517578,21.690000534057617,21.440000534057617,21.459999084472656,244300.0
2015-08-03,21.290000915527344,21.450000762939453,21.280000686645508,21.40999984741211,883600.0
2015-08-04,21.469999313354492,21.559999465942383,21.450000762939453,21.5,261900.0
2015-08-05,21.459999084472656,21.530000686645508,21.440000534057617,21.520000457763672,221900.0
2015-08-06,21.5,21.520000457763672,21.329999923706055,21.34000015258789,203300.0
2015-08-07,21.360000610351562,21.530000686645508,21.360000610351562,21.5,176000.0
2015-08-10,21.549999237060547,21.850000381469727,21.549999237060547,21.850000381469727,536900.0
2015-08-11,21.729999542236328,21.729999542236328,21.530000686645508,21.649999618530273,327100.0
2015-08-12,21.6200008392334,21.65999984741211,21.020000457763672,21.110000610351562,1012500.0
2015-08-13,21.200000762939453,21.389999389648438,21.149999618530273,21.389999389648438,588100.0
2015-08-14,21.34000015258789,21.450000762939453,21.299999237060547,21.360000610351562,282600.0
2015-08-17,21.40999984741211,21.40999984741211,21.290000915527344,21.309999465942383,195600.0
2015-08-18,21.239999771118164,21.360000610351562,21.229999542236328,21.309999465942383,211200.0
2015-08-19,21.329999923706055,21.3799991607666,21.1200008392334,21.139999389648438,166700.0
2015-08-20,21.040000915527344,21.299999237060547,21.040000915527344,21.260000228881836,192000.0
2015-08-21,21.18000030517578,21.200000762939453,20.829999923706055,20.850000381469727,513000.0
2015-08-24,20.43000030517578,20.81999969482422,20.329999923706055,20.739999771118164,711700.0
2015-08-25,21.0,21.09000015258789,20.739999771118164,20.770000457763672,382600.0
2015-08-26,20.790000915527344,20.829999923706055,20.6200008392334,20.68000030517578,272900.0
2015-08-27,20.860000610351562,20.969999313354492,20.780000686645508,20.90999984741211,168200.0
2015-08-28,20.940000534057617,21.020000457763672,20.860000610351562,20.8799991607666,215200.0
2015-08-31,20.780000686645508,20.889999389648438,20.670000076293945,20.8799991607666,185300.0
2015-09-01,20.790000915527344,20.829999923706055,20.65999984741211,20.65999984741211,196800.0
2015-09-02,20.760000228881836,20.760000228881836,20.549999237060547,20.6200008392334,599000.0
2015-09-03,20.670000076293945,20.799999237060547,20.65999984741211,20.68000030517578,151700.0
2015-09-04,20.75,20.829999923706055,20.68000030517578,20.690000534057617,142800.0
2015-09-08,20.700000762939453,20.940000534057617,20.700000762939453,20.93000030517578,190100.0
2015-09-09,21.049999237060547,21.06999969482422,20.940000534057617,20.959999084472656,303500.0
2015-09-10,20.8799991607666,20.959999084472656,20.850000381469727,20.920000076293945,77100.0
2015-09-11,20.950000762939453,21.0,20.670000076293945,21.0,273300.0
2015-09-14,21.09000015258789,21.209999084472656,21.06999969482422,21.190000534057617,265100.0
2015-09-15,21.149999618530273,21.18000030517578,21.079999923706055,21.079999923706055,207200.0
2015-09-16,21.079999923706055,21.09000015258789,20.889999389648438,20.950000762939453,204000.0
2015-09-17,20.899999618530273,20.940000534057617,20.860000610351562,20.8700008392334,158600.0
2015-09-18,20.889999389648438,20.899999618530273,20.719999313354492,20.739999771118164,187600.0
2015-09-21,20.729999542236328,20.940000534057617,20.719999313354492,20.889999389648438,224900.0
2015-09-22,20.799999237060547,20.829999923706055,20.690000534057617,20.709999084472656,241500.0
2015-09-23,20.739999771118164,20.790000915527344,20.68000030517578,20.690000534057617,92300.0
2015-09-24,20.56999969482422,20.790000915527344,20.530000686645508,20.760000228881836,185700.0
2015-09-25,20.93000030517578,21.1299991607666,20.93000030517578,21.1299991607666,287200.0
2015-09-28,21.09000015258789,21.139999389648438,20.899999618530273,20.959999084472656,249100.0
2015-09-29,20.889999389648438,20.959999084472656,20.8700008392334,20.889999389648438,195200.0
2015-09-30,20.920000076293945,21.059999465942383,20.829999923706055,20.8799991607666,719600.0
2015-10-01,20.93000030517578,20.979999542236328,20.770000457763672,20.790000915527344,234100.0
2015-10-02,20.799999237060547,20.989999771118164,20.760000228881836,20.93000030517578,402300.0
2015-10-05,20.989999771118164,21.06999969482422,20.959999084472656,21.020000457763672,182100.0
2015-10-06,21.049999237060547,21.309999465942383,21.049999237060547,21.290000915527344,301700.0
2015-10-07,21.420000076293945,21.440000534057617,21.229999542236328,21.260000228881836,293700.0
2015-10-08,21.25,21.280000686645508,21.15999984741211,21.25,242000.0
2015-10-09,21.389999389648438,21.420000076293945,21.239999771118164,21.280000686645508,161400.0
2015-10-12,21.31999969482422,21.420000076293945,21.299999237060547,21.3700008392334,187500.0
2015-10-13,21.34000015258789,21.520000457763672,21.34000015258789,21.510000228881836,311600.0
2015-10-14,21.59000015258789,21.6200008392334,21.399999618530273,21.420000076293945,338300.0
2015-10-15,21.389999389648438,21.420000076293945,21.280000686645508,21.290000915527344,304700.0
2015-10-16,21.239999771118164,21.25,21.040000915527344,21.200000762939453,230400.0
2015-10-19,21.170000076293945,21.270000457763672,21.149999618530273,21.170000076293945,229100.0
2015-10-20,21.290000915527344,21.389999389648438,21.25,21.389999389648438,202500.0
2015-10-21,21.31999969482422,21.350000381469727,21.260000228881836,21.309999465942383,117400.0
2015-10-22,21.3799991607666,21.399999618530273,21.200000762939453,21.209999084472656,190600.0
2015-10-23,21.139999389648438,21.18000030517578,20.979999542236328,21.06999969482422,248100.0
2015-10-26,21.09000015258789,21.219999313354492,21.09000015258789,21.190000534057617,188500.0
2015-10-27,21.149999618530273,21.209999084472656,21.040000915527344,21.079999923706055,118000.0
2015-10-28,21.139999389648438,21.200000762939453,21.110000610351562,21.18000030517578,296100.0
2015-10-29,21.149999618530273,21.239999771118164,21.1299991607666,21.1299991607666,206600.0
2015-10-30,21.190000534057617,21.299999237060547,21.190000534057617,21.280000686645508,253400.0
2015-11-02,21.229999542236328,21.229999542236328,21.1200008392334,21.18000030517578,280600.0
2015-11-03,21.209999084472656,21.299999237060547,21.209999084472656,21.219999313354492,238500.0
2015-11-04,21.139999389648438,21.139999389648438,21.010000228881836,21.030000686645508,319400.0
2015-11-05,21.0,21.06999969482422,20.860000610351562,20.8799991607666,245300.0
2015-11-06,20.700000762939453,20.780000686645508,20.670000076293945,20.760000228881836,164600.0
2015-11-09,20.719999313354492,20.729999542236328,20.389999389648438,20.389999389648438,394600.0
2015-11-10,20.489999771118164,20.530000686645508,20.209999084472656,20.309999465942383,424800.0
2015-11-11,20.479999542236328,20.520000457763672,20.43000030517578,20.520000457763672,246200.0
2015-11-12,20.43000030517578,20.639999389648438,20.420000076293945,20.6299991607666,216400.0
2015-11-13,20.6200008392334,20.649999618530273,20.3799991607666,20.40999984741211,408000.0
2015-11-16,20.420000076293945,20.43000030517578,20.329999923706055,20.360000610351562,193100.0
2015-11-17,20.399999618530273,20.43000030517578,20.299999237060547,20.3799991607666,158400.0
2015-11-18,20.40999984741211,20.40999984741211,20.270000457763672,20.329999923706055,171200.0
2015-11-19,20.469999313354492,20.59000015258789,20.469999313354492,20.59000015258789,146600.0
2015-11-20,20.700000762939453,20.799999237060547,20.6299991607666,20.68000030517578,330500.0
2015-11-23,20.56999969482422,20.770000457763672,20.530000686645508,20.739999771118164,318900.0
2015-11-24,20.75,20.829999923706055,20.610000610351562,20.6200008392334,227400.0
2015-11-25,20.6200008392334,20.729999542236328,20.579999923706055,20.719999313354492,231800.0
2015-11-27,20.65999984741211,20.670000076293945,20.579999923706055,20.579999923706055,140600.0
2015-11-30,20.549999237060547,20.600000381469727,20.450000762939453,20.510000228881836,209500.0
2015-12-01,20.520000457763672,20.799999237060547,20.489999771118164,20.799999237060547,490900.0
2015-12-02,20.709999084472656,20.719999313354492,20.59000015258789,20.600000381469727,473800.0
2015-12-03,20.6200008392334,20.889999389648438,20.6200008392334,20.84000015258789,563900.0
2015-12-04,20.8799991607666,20.950000762939453,20.860000610351562,20.950000762939453,559000.0
2015-12-07,20.84000015258789,20.889999389648438,20.639999389648438,20.649999618530273,577400.0
2015-12-08,20.59000015258789,20.68000030517578,20.469999313354492,20.489999771118164,400100.0
2015-12-09,20.559999465942383,20.690000534057617,20.510000228881836,20.610000610351562,468400.0
2015-12-10,20.5,20.670000076293945,20.469999313354492,20.6299991607666,264500.0
2015-12-11,20.549999237060547,20.600000381469727,20.420000076293945,20.489999771118164,380000.0
2015-12-14,20.399999618530273,20.520000457763672,20.3799991607666,20.420000076293945,394100.0
2015-12-15,20.440000534057617,20.479999542236328,20.360000610351562,20.3799991607666,738200.0
2015-12-16,20.360000610351562,20.3799991607666,20.15999984741211,20.219999313354492,561900.0
2015-12-17,20.06999969482422,20.18000030517578,19.940000534057617,20.170000076293945,3234100.0
2015-12-18,20.309999465942383,20.549999237060547,20.260000228881836,20.399999618530273,673600.0
2015-12-21,20.329999923706055,20.489999771118164,20.299999237060547,20.329999923706055,926400.0
2015-12-22,20.360000610351562,20.420000076293945,20.290000915527344,20.34000015258789,358800.0
2015-12-23,20.3799991607666,20.540000915527344,20.360000610351562,20.479999542236328,488000.0
2015-12-24,20.479999542236328,20.510000228881836,20.440000534057617,20.479999542236328,111000.0
2015-12-28,20.420000076293945,20.450000762939453,20.360000610351562,20.3799991607666,667400.0
2015-12-29,20.40999984741211,20.489999771118164,20.3799991607666,20.489999771118164,470700.0
2015-12-30,20.56999969482422,20.6200008392334,20.520000457763672,20.579999923706055,353100.0
2015-12-31,20.639999389648438,20.68000030517578,20.610000610351562,20.610000610351562,250800.0
2016-01-04,20.510000228881836,20.520000457763672,20.290000915527344,20.40999984741211,252200.0
2016-01-05,20.350000381469727,20.389999389648438,20.270000457763672,20.280000686645508,265900.0
2016-01-06,20.1299991607666,20.18000030517578,20.1200008392334,20.139999389648438,122200.0
2016-01-07,20.09000015258789,20.18000030517578,20.049999237060547,20.059999465942383,161600.0
2016-01-08,20.15999984741211,20.270000457763672,20.110000610351562,20.1299991607666,174700.0
2016-01-11,20.0,20.0,19.760000228881836,19.829999923706055,325600.0
2016-01-12,19.790000915527344,20.0,19.770000457763672,19.950000762939453,220100.0
2016-01-13,20.040000915527344,20.110000610351562,20.0,20.0,142300.0
2016-01-14,19.989999771118164,20.040000915527344,19.920000076293945,19.989999771118164,95600.0
2016-01-15,19.90999984741211,19.979999542236328,19.8799991607666,19.969999313354492,238700.0
2016-01-19,20.0,20.149999618530273,19.969999313354492,20.06999969482422,545400.0
2016-01-20,19.8700008392334,19.899999618530273,19.670000076293945,19.790000915527344,539000.0
2016-01-21,19.850000381469727,20.06999969482422,19.81999969482422,20.010000228881836,196300.0
2016-01-22,20.18000030517578,20.25,20.079999923706055,20.1299991607666,306800.0
2016-01-25,20.110000610351562,20.190000534057617,20.040000915527344,20.100000381469727,469100.0
2016-01-26,20.079999923706055,20.18000030517578,20.079999923706055,20.1299991607666,62500.0
2016-01-27,20.170000076293945,20.200000762939453,20.09000015258789,20.100000381469727,169600.0
2016-01-28,20.100000381469727,20.1200008392334,19.979999542236328,20.030000686645508,211900.0
2016-01-29,20.020000457763672,20.100000381469727,19.969999313354492,19.989999771118164,203400.0
2016-02-01,20.0,20.149999618530273,19.979999542236328,20.079999923706055,288700.0
2016-02-02,20.040000915527344,20.079999923706055,19.979999542236328,20.049999237060547,671900.0
2016-02-03,20.079999923706055,20.170000076293945,20.030000686645508,20.1299991607666,99300.0
2016-02-04,20.200000762939453,20.219999313354492,20.020000457763672,20.030000686645508,101500.0
2016-02-05,19.989999771118164,20.040000915527344,19.920000076293945,19.920000076293945,176500.0
2016-02-08,19.860000610351562,19.889999389648438,19.75,19.780000686645508,88600.0
2016-02-09,19.739999771118164,19.81999969482422,19.700000762939453,19.709999084472656,140600.0
2016-02-10,19.719999313354492,19.799999237060547,19.68000030517578,19.719999313354492,85300.0
2016-02-11,19.56999969482422,19.65999984741211,19.549999237060547,19.6299991607666,105300.0
2016-02-12,19.709999084472656,19.770000457763672,19.65999984741211,19.700000762939453,51100.0
2016-02-16,19.729999542236328,19.860000610351562,19.690000534057617,19.860000610351562,80200.0
2016-02-17,19.760000228881836,19.979999542236328,19.760000228881836,19.90999984741211,87700.0
2016-02-18,19.940000534057617,19.989999771118164,19.860000610351562,19.860000610351562,61800.0
2016-02-19,19.84000015258789,19.860000610351562,19.75,19.780000686645508,101600.0
2016-02-22,19.889999389648438,19.979999542236328,19.889999389648438,19.940000534057617,89200.0
2016-02-23,19.989999771118164,20.030000686645508,19.8799991607666,19.989999771118164,159700.0
2016-02-24,19.860000610351562,20.040000915527344,19.860000610351562,20.040000915527344,229600.0
2016-02-25,20.09000015258789,20.1299991607666,20.010000228881836,20.010000228881836,179000.0
2016-02-26,20.079999923706055,20.079999923706055,19.899999618530273,19.969999313354492,126600.0
2016-02-29,20.030000686645508,20.030000686645508,19.90999984741211,19.969999313354492,161800.0
2016-03-01,19.920000076293945,19.920000076293945,19.84000015258789,19.920000076293945,378600.0
2016-03-02,19.920000076293945,20.020000457763672,19.8799991607666,19.979999542236328,154800.0
2016-03-03,20.09000015258789,20.139999389648438,20.010000228881836,20.1299991607666,168100.0
2016-03-04,20.290000915527344,20.360000610351562,20.229999542236328,20.360000610351562,832000.0
2016-03-07,20.350000381469727,20.40999984741211,20.290000915527344,20.350000381469727,640600.0
2016-03-08,20.31999969482422,20.43000030517578,20.270000457763672,20.40999984741211,265200.0
2016-03-09,20.40999984741211,20.459999084472656,20.360000610351562,20.43000030517578,902300.0
2016-03-10,20.450000762939453,20.6299991607666,20.43000030517578,20.6200008392334,860300.0
2016-03-11,20.709999084472656,20.81999969482422,20.709999084472656,20.81999969482422,522000.0
2016-03-14,20.829999923706055,20.959999084472656,20.75,20.940000534057617,249200.0
2016-03-15,20.889999389648438,20.940000534057617,20.850000381469727,20.920000076293945,128200.0
2016-03-16,20.8700008392334,21.020000457763672,20.829999923706055,21.020000457763672,249000.0
2016-03-17,21.280000686645508,21.280000686645508,21.1200008392334,21.149999618530273,487900.0
2016-03-18,21.190000534057617,21.200000762939453,21.06999969482422,21.09000015258789,673100.0
2016-03-21,21.09000015258789,21.149999618530273,20.979999542236328,21.049999237060547,313400.0
2016-03-22,21.09000015258789,21.15999984741211,21.040000915527344,21.15999984741211,493200.0
2016-03-23,20.950000762939453,21.0,20.899999618530273,20.979999542236328,1086000.0
2016-03-24,20.860000610351562,20.93000030517578,20.739999771118164,20.790000915527344,466900.0
2016-03-28,20.790000915527344,21.010000228881836,20.790000915527344,20.8799991607666,394800.0
2016-03-29,20.81999969482422,20.950000762939453,20.81999969482422,20.93000030517578,594200.0
2016-03-30,21.0,21.030000686645508,20.670000076293945,20.690000534057617,219300.0
2016-03-31,20.68000030517578,20.690000534057617,20.420000076293945,20.600000381469727,364300.0
2016-04-01,20.40999984741211,20.510000228881836,20.360000610351562,20.489999771118164,542100.0
2016-04-04,20.399999618530273,20.450000762939453,20.25,20.270000457763672,512600.0
2016-04-05,20.25,20.290000915527344,20.149999618530273,20.15999984741211,179100.0
2016-04-06,20.1200008392334,20.239999771118164,20.06999969482422,20.18000030517578,337800.0
2016-04-07,20.15999984741211,20.15999984741211,20.049999237060547,20.059999465942383,99500.0
2016-04-08,20.110000610351562,20.309999465942383,20.100000381469727,20.290000915527344,120400.0
2016-04-11,20.239999771118164,20.270000457763672,20.139999389648438,20.139999389648438,359600.0
2016-04-12,20.229999542236328,20.31999969482422,20.209999084472656,20.25,401900.0
2016-04-13,20.299999237060547,20.420000076293945,20.260000228881836,20.329999923706055,554800.0
2016-04-14,20.3700008392334,20.40999984741211,20.299999237060547,20.31999969482422,111600.0
2016-04-15,20.3700008392334,20.579999923706055,20.3700008392334,20.540000915527344,779500.0
2016-04-18,20.549999237060547,20.760000228881836,20.520000457763672,20.65999984741211,222100.0
2016-04-19,20.770000457763672,20.920000076293945,20.770000457763672,20.920000076293945,335200.0
2016-04-20,20.979999542236328,21.170000076293945,20.940000534057617,21.170000076293945,390900.0
2016-04-21,21.260000228881836,21.260000228881836,20.920000076293945,20.979999542236328,1751600.0
2016-04-22,20.90999984741211,20.959999084472656,20.540000915527344,20.549999237060547,620500.0
2016-04-25,20.65999984741211,20.920000076293945,20.65999984741211,20.81999969482422,556900.0
2016-04-26,20.899999618530273,21.06999969482422,20.829999923706055,21.059999465942383,467400.0
2016-04-27,21.0,21.020000457763672,20.809999465942383,20.90999984741211,499200.0
2016-04-28,20.8700008392334,21.020000457763672,20.850000381469727,20.8700008392334,614000.0
2016-04-29,21.0,21.09000015258789,20.969999313354492,21.079999923706055,943200.0
2016-05-02,21.100000381469727,21.100000381469727,20.940000534057617,21.100000381469727,282900.0
2016-05-03,21.100000381469727,21.1299991607666,20.809999465942383,20.8799991607666,686300.0
2016-05-04,20.889999389648438,21.0,20.850000381469727,20.969999313354492,295100.0
2016-05-05,21.09000015258789,21.100000381469727,20.75,20.770000457763672,333600.0
2016-05-06,20.799999237060547,20.920000076293945,20.799999237060547,20.8799991607666,353200.0
2016-05-09,20.940000534057617,20.969999313354492,20.790000915527344,20.8700008392334,209000.0
2016-05-10,20.969999313354492,21.239999771118164,20.940000534057617,21.190000534057617,495400.0
2016-05-11,21.280000686645508,21.350000381469727,21.200000762939453,21.280000686645508,643000.0
2016-05-12,21.34000015258789,21.3799991607666,21.239999771118164,21.3700008392334,1609000.0
2016-05-13,21.25,21.309999465942383,21.200000762939453,21.270000457763672,451000.0
2016-05-16,21.229999542236328,21.420000076293945,21.209999084472656,21.399999618530273,717000.0
2016-05-17,21.420000076293945,21.540000915527344,21.40999984741211,21.469999313354492,303200.0
2016-05-18,21.31999969482422,21.450000762939453,21.25,21.3700008392334,353100.0
2016-05-19,21.209999084472656,21.290000915527344,20.8799991607666,21.049999237060547,644100.0
2016-05-20,21.200000762939453,21.270000457763672,21.049999237060547,21.1200008392334,367300.0
2016-05-23,20.979999542236328,20.979999542236328,20.829999923706055,20.8700008392334,373800.0
2016-05-24,20.770000457763672,20.959999084472656,20.760000228881836,20.829999923706055,594200.0
2016-05-25,20.81999969482422,21.079999923706055,20.81999969482422,21.06999969482422,666100.0
2016-05-26,21.18000030517578,21.299999237060547,21.010000228881836,21.299999237060547,442000.0
2016-05-27,21.290000915527344,21.420000076293945,21.280000686645508,21.40999984741211,499200.0
2016-05-31,21.5,21.56999969482422,21.309999465942383,21.309999465942383,447300.0
2016-06-01,21.270000457763672,21.469999313354492,21.219999313354492,21.459999084472656,430100.0
2016-06-02,21.59000015258789,21.790000915527344,21.559999465942383,21.729999542236328,931700.0
2016-06-03,21.8700008392334,22.06999969482422,21.780000686645508,22.06999969482422,876600.0
2016-06-06,22.309999465942383,22.5,22.260000228881836,22.329999923706055,1038300.0
2016-06-07,22.329999923706055,22.479999542236328,22.329999923706055,22.450000762939453,2583200.0
2016-06-08,22.610000610351562,22.979999542236328,22.610000610351562,22.959999084472656,1132100.0
2016-06-09,22.979999542236328,23.010000228881836,22.780000686645508,22.809999465942383,600800.0
2016-06-10,22.81999969482422,23.010000228881836,22.700000762939453,22.790000915527344,721300.0
2016-06-13,22.850000381469727,22.8700008392334,22.670000076293945,22.68000030517578,853600.0
2016-06-14,22.549999237060547,22.709999084472656,22.399999618530273,22.700000762939453,702400.0
2016-06-15,22.790000915527344,22.81999969482422,22.649999618530273,22.65999984741211,276700.0
2016-06-16,22.670000076293945,22.709999084472656,22.299999237060547,22.549999237060547,584400.0
2016-06-17,22.75,22.850000381469727,22.6299991607666,22.770000457763672,426100.0
2016-06-20,22.6299991607666,22.6299991607666,22.5,22.510000228881836,353100.0
2016-06-21,22.31999969482422,22.329999923706055,22.15999984741211,22.18000030517578,479000.0
2016-06-22,22.139999389648438,22.209999084472656,22.030000686645508,22.030000686645508,381100.0
2016-06-23,22.079999923706055,22.139999389648438,21.93000030517578,22.100000381469727,351500.0
2016-06-24,21.600000381469727,21.739999771118164,21.510000228881836,21.6299991607666,1141100.0
2016-06-27,21.729999542236328,21.860000610351562,21.700000762939453,21.780000686645508,556400.0
2016-06-28,22.1200008392334,22.190000534057617,21.969999313354492,22.0,893800.0
2016-06-29,22.139999389648438,22.25,22.110000610351562,22.190000534057617,548800.0
2016-06-30,22.09000015258789,22.110000610351562,21.860000610351562,22.06999969482422,770200.0
2016-07-01,22.15999984741211,22.18000030517578,21.959999084472656,21.979999542236328,747200.0
2016-07-05,22.010000228881836,22.010000228881836,21.56999969482422,21.84000015258789,840500.0
2016-07-06,21.579999923706055,21.600000381469727,21.43000030517578,21.59000015258789,640300.0
2016-07-07,21.639999389648438,21.68000030517578,21.170000076293945,21.18000030517578,1412700.0
2016-07-08,21.350000381469727,21.459999084472656,21.309999465942383,21.43000030517578,813400.0
2016-07-11,21.709999084472656,21.709999084472656,21.489999771118164,21.520000457763672,287600.0
2016-07-12,21.40999984741211,21.559999465942383,21.309999465942383,21.540000915527344,964100.0
2016-07-13,21.809999465942383,21.899999618530273,21.670000076293945,21.68000030517578,1968300.0
2016-07-14,22.0,22.030000686645508,21.770000457763672,21.780000686645508,1640000.0
2016-07-15,21.639999389648438,21.690000534057617,21.329999923706055,21.34000015258789,751800.0
2016-07-18,21.34000015258789,21.530000686645508,21.139999389648438,21.510000228881836,1246200.0
2016-07-19,21.34000015258789,21.34000015258789,21.049999237060547,21.059999465942383,598100.0
2016-07-20,21.049999237060547,21.110000610351562,20.799999237060547,20.809999465942383,2116100.0
2016-07-21,20.920000076293945,20.950000762939453,20.700000762939453,20.729999542236328,346400.0
2016-07-22,20.56999969482422,20.760000228881836,20.420000076293945,20.729999542236328,729400.0
2016-07-25,20.790000915527344,20.81999969482422,20.709999084472656,20.799999237060547,366500.0
2016-07-26,20.700000762939453,20.790000915527344,20.670000076293945,20.719999313354492,349300.0
2016-07-27,20.729999542236328,20.780000686645508,20.600000381469727,20.639999389648438,2096200.0
2016-07-28,20.600000381469727,20.6200008392334,20.420000076293945,20.459999084472656,1225800.0
2016-07-29,20.450000762939453,20.68000030517578,20.43000030517578,20.59000015258789,905000.0
2016-08-01,20.540000915527344,20.75,20.520000457763672,20.540000915527344,603700.0
2016-08-02,20.649999618530273,20.709999084472656,20.3799991607666,20.469999313354492,595100.0
2016-08-03,20.510000228881836,20.670000076293945,20.450000762939453,20.559999465942383,610000.0
2016-08-04,20.610000610351562,20.719999313354492,20.469999313354492,20.649999618530273,297700.0
2016-08-05,20.75,20.93000030517578,20.719999313354492,20.920000076293945,823800.0
2016-08-08,21.0,21.059999465942383,20.8799991607666,20.93000030517578,371200.0
2016-08-09,20.889999389648438,21.040000915527344,20.81999969482422,20.84000015258789,348800.0
2016-08-10,20.850000381469727,20.8799991607666,20.670000076293945,20.709999084472656,170700.0
2016-08-11,20.719999313354492,20.770000457763672,20.610000610351562,20.6200008392334,143800.0
2016-08-12,20.6200008392334,20.709999084472656,20.520000457763672,20.700000762939453,434600.0
2016-08-15,20.780000686645508,20.950000762939453,20.780000686645508,20.8799991607666,801000.0
2016-08-16,20.93000030517578,20.950000762939453,20.799999237060547,20.8799991607666,417000.0
2016-08-17,20.799999237060547,20.850000381469727,20.729999542236328,20.799999237060547,241600.0
2016-08-18,20.84000015258789,20.959999084472656,20.81999969482422,20.940000534057617,1069900.0
2016-08-19,20.799999237060547,20.899999618530273,20.75,20.860000610351562,581800.0
2016-08-22,20.889999389648438,21.040000915527344,20.860000610351562,20.969999313354492,246300.0
2016-08-23,20.899999618530273,21.030000686645508,20.8799991607666,20.989999771118164,675400.0
2016-08-24,20.959999084472656,21.0,20.68000030517578,20.739999771118164,333100.0
2016-08-25,20.799999237060547,20.809999465942383,20.6200008392334,20.65999984741211,727900.0
2016-08-26,20.670000076293945,20.809999465942383,20.479999542236328,20.530000686645508,726600.0
2016-08-29,20.459999084472656,20.549999237060547,20.350000381469727,20.3799991607666,404600.0
2016-08-30,20.350000381469727,20.3799991607666,20.15999984741211,20.34000015258789,448200.0
2016-08-31,20.34000015258789,20.350000381469727,20.18000030517578,20.229999542236328,438600.0
2016-09-01,20.299999237060547,20.3799991607666,20.200000762939453,20.229999542236328,624800.0
2016-09-02,20.420000076293945,20.469999313354492,20.290000915527344,20.299999237060547,472400.0
2016-09-06,20.209999084472656,20.34000015258789,20.1200008392334,20.280000686645508,258100.0
2016-09-07,20.399999618530273,20.520000457763672,20.3700008392334,20.5,381000.0
2016-09-08,20.5,20.530000686645508,20.389999389648438,20.479999542236328,191400.0
2016-09-09,20.3700008392334,20.469999313354492,20.260000228881836,20.34000015258789,211900.0
2016-09-12,20.280000686645508,20.469999313354492,20.280000686645508,20.360000610351562,501400.0
2016-09-13,20.280000686645508,20.280000686645508,20.059999465942383,20.09000015258789,583600.0
2016-09-14,20.040000915527344,20.079999923706055,19.950000762939453,20.049999237060547,366900.0
2016-09-15,20.100000381469727,20.149999618530273,20.040000915527344,20.1200008392334,277700.0
2016-09-16,20.1200008392334,20.389999389648438,20.1200008392334,20.329999923706055,284900.0
2016-09-19,20.479999542236328,20.579999923706055,20.3700008392334,20.440000534057617,868900.0
2016-09-20,20.489999771118164,20.639999389648438,20.489999771118164,20.6200008392334,375100.0
2016-09-21,20.670000076293945,20.729999542236328,20.59000015258789,20.639999389648438,270500.0
2016-09-22,20.75,20.81999969482422,20.530000686645508,20.559999465942383,408900.0
2016-09-23,20.489999771118164,20.489999771118164,20.34000015258789,20.469999313354492,403900.0
2016-09-26,20.389999389648438,20.43000030517578,20.280000686645508,20.40999984741211,301300.0
2016-09-27,20.389999389648438,20.389999389648438,20.260000228881836,20.350000381469727,285200.0
2016-09-28,20.31999969482422,20.3700008392334,20.229999542236328,20.34000015258789,183800.0
2016-09-29,20.25,20.280000686645508,20.1200008392334,20.149999618530273,487400.0
2016-09-30,20.110000610351562,20.149999618530273,19.950000762939453,19.979999542236328,1031100.0
2016-10-03,19.969999313354492,20.040000915527344,19.860000610351562,20.0,573400.0
2016-10-04,20.059999465942383,20.200000762939453,20.040000915527344,20.1299991607666,517600.0
2016-10-05,20.15999984741211,20.25,20.09000015258789,20.170000076293945,181400.0
2016-10-06,20.020000457763672,20.09000015258789,19.950000762939453,20.040000915527344,336400.0
2016-10-07,20.100000381469727,20.190000534057617,20.049999237060547,20.049999237060547,182500.0
2016-10-10,20.0,20.09000015258789,19.920000076293945,20.0,305600.0
2016-10-11,19.979999542236328,20.079999923706055,19.950000762939453,20.020000457763672,264900.0
2016-10-12,19.950000762939453,20.1299991607666,19.940000534057617,19.940000534057617,331900.0
2016-10-13,19.950000762939453,20.1200008392334,19.950000762939453,20.079999923706055,487500.0
2016-10-14,20.209999084472656,20.350000381469727,20.15999984741211,20.18000030517578,911800.0
2016-10-17,20.18000030517578,20.299999237060547,20.1200008392334,20.280000686645508,331100.0
2016-10-18,20.239999771118164,20.3799991607666,20.239999771118164,20.270000457763672,271400.0
2016-10-19,20.229999542236328,20.31999969482422,20.200000762939453,20.260000228881836,301100.0
2016-10-20,20.190000534057617,20.260000228881836,20.15999984741211,20.209999084472656,316700.0
2016-10-21,20.170000076293945,20.34000015258789,20.170000076293945,20.280000686645508,692300.0
2016-10-24,20.350000381469727,20.510000228881836,20.350000381469727,20.450000762939453,364600.0
2016-10-25,20.450000762939453,20.59000015258789,20.450000762939453,20.579999923706055,901500.0
2016-10-26,20.600000381469727,20.690000534057617,20.579999923706055,20.6200008392334,371900.0
2016-10-27,20.6299991607666,20.780000686645508,20.59000015258789,20.700000762939453,755600.0
2016-10-28,20.6299991607666,20.709999084472656,20.579999923706055,20.6299991607666,409500.0
2016-10-31,20.510000228881836,20.6200008392334,20.469999313354492,20.520000457763672,312600.0
2016-11-01,20.5,20.5,20.299999237060547,20.34000015258789,1251300.0
2016-11-02,20.360000610351562,20.479999542236328,20.31999969482422,20.459999084472656,505000.0
2016-11-03,20.5,20.5,20.350000381469727,20.420000076293945,151900.0
2016-11-04,20.389999389648438,20.420000076293945,20.31999969482422,20.420000076293945,1456600.0
2016-11-07,20.5,20.520000457763672,20.360000610351562,20.389999389648438,1114300.0
2016-11-08,20.360000610351562,20.520000457763672,20.360000610351562,20.43000030517578,416300.0
2016-11-09,20.239999771118164,20.440000534057617,20.239999771118164,20.34000015258789,646500.0
2016-11-10,20.309999465942383,20.31999969482422,20.170000076293945,20.209999084472656,399700.0
2016-11-11,20.170000076293945,20.229999542236328,20.100000381469727,20.18000030517578,388000.0
2016-11-14,20.040000915527344,20.079999923706055,19.920000076293945,20.059999465942383,624800.0
2016-11-15,20.079999923706055,20.079999923706055,19.969999313354492,20.049999237060547,320300.0
2016-11-16,20.030000686645508,20.100000381469727,20.0,20.06999969482422,221000.0
2016-11-17,20.079999923706055,20.139999389648438,19.989999771118164,20.1299991607666,444600.0
2016-11-18,20.1200008392334,20.170000076293945,20.09000015258789,20.15999984741211,184400.0
2016-11-21,20.200000762939453,20.360000610351562,20.18000030517578,20.34000015258789,505600.0
2016-11-22,20.31999969482422,20.350000381469727,20.280000686645508,20.309999465942383,149500.0
2016-11-23,20.200000762939453,20.290000915527344,20.1299991607666,20.280000686645508,1215800.0
2016-11-25,20.25,20.309999465942383,20.200000762939453,20.299999237060547,133900.0
2016-11-28,20.239999771118164,20.3700008392334,20.229999542236328,20.25,221300.0
2016-11-29,20.260000228881836,20.260000228881836,19.979999542236328,20.0,254600.0
2016-11-30,20.010000228881836,20.06999969482422,19.93000030517578,19.940000534057617,1159600.0
2016-12-01,19.950000762939453,19.989999771118164,19.700000762939453,19.719999313354492,544800.0
2016-12-02,19.739999771118164,19.770000457763672,19.639999389648438,19.68000030517578,2178400.0
2016-12-05,19.729999542236328,19.81999969482422,19.709999084472656,19.770000457763672,273700.0
2016-12-06,19.799999237060547,19.989999771118164,19.799999237060547,19.90999984741211,680200.0
2016-12-07,19.8700008392334,19.959999084472656,19.829999923706055,19.959999084472656,283800.0
2016-12-08,19.940000534057617,19.940000534057617,19.809999465942383,19.81999969482422,367700.0
2016-12-09,19.860000610351562,19.860000610351562,19.6200008392334,19.799999237060547,677700.0
2016-12-12,19.8799991607666,20.110000610351562,19.8700008392334,20.100000381469727,1207700.0
2016-12-13,20.110000610351562,20.170000076293945,20.049999237060547,20.1200008392334,954600.0
2016-12-14,20.0,20.1200008392334,19.989999771118164,20.06999969482422,366400.0
2016-12-15,19.940000534057617,20.040000915527344,19.889999389648438,20.010000228881836,418300.0
2016-12-16,19.979999542236328,20.15999984741211,19.889999389648438,20.139999389648438,382700.0
2016-12-19,20.170000076293945,20.219999313354492,19.799999237060547,20.219999313354492,1611100.0
2016-12-20,20.100000381469727,20.18000030517578,19.979999542236328,20.010000228881836,287800.0
2016-12-21,20.030000686645508,20.06999969482422,19.989999771118164,20.040000915527344,826000.0
2016-12-22,19.959999084472656,19.989999771118164,19.829999923706055,19.829999923706055,496900.0
2016-12-23,19.84000015258789,19.889999389648438,19.729999542236328,19.75,1172100.0
2016-12-27,19.790000915527344,19.969999313354492,19.790000915527344,19.950000762939453,450200.0
2016-12-28,19.81999969482422,19.950000762939453,19.81999969482422,19.940000534057617,425100.0
2016-12-29,19.93000030517578,20.0,19.920000076293945,19.950000762939453,377100.0
2016-12-30,19.979999542236328,20.100000381469727,19.950000762939453,19.969999313354492,426200.0
2017-01-03,20.0,20.100000381469727,19.950000762939453,19.959999084472656,607600.0
2017-01-04,20.06999969482422,20.31999969482422,20.06999969482422,20.31999969482422,1350200.0
2017-01-05,20.34000015258789,20.479999542236328,20.329999923706055,20.420000076293945,1449600.0
2017-01-06,20.420000076293945,20.420000076293945,20.31999969482422,20.34000015258789,425700.0
2017-01-09,20.34000015258789,20.399999618530273,20.219999313354492,20.3799991607666,960500.0
2017-01-10,20.399999618530273,20.579999923706055,20.399999618530273,20.579999923706055,1397000.0
2017-01-11,20.579999923706055,21.0,20.3799991607666,20.469999313354492,858100.0
2017-01-12,20.469999313354492,20.65999984741211,20.440000534057617,20.639999389648438,763600.0
2017-01-13,20.6200008392334,20.739999771118164,20.579999923706055,20.729999542236328,1404900.0
2017-01-17,20.81999969482422,20.93000030517578,20.809999465942383,20.889999389648438,1312000.0
2017-01-18,20.860000610351562,20.90999984741211,20.809999465942383,20.8700008392334,1398100.0
2017-01-19,20.84000015258789,20.8700008392334,20.739999771118164,20.75,323400.0
2017-01-20,20.780000686645508,20.829999923706055,20.709999084472656,20.829999923706055,361700.0
2017-01-23,20.8700008392334,20.8799991607666,20.770000457763672,20.8700008392334,1134600.0
2017-01-24,20.93000030517578,20.940000534057617,20.760000228881836,20.780000686645508,427900.0
2017-01-25,20.6299991607666,20.889999389648438,20.6299991607666,20.850000381469727,326500.0
2017-01-26,20.780000686645508,20.790000915527344,20.559999465942383,20.610000610351562,618000.0
2017-01-27,20.610000610351562,20.6200008392334,20.559999465942383,20.56999969482422,922900.0
2017-01-30,20.489999771118164,20.489999771118164,20.34000015258789,20.34000015258789,685000.0
2017-01-31,20.3700008392334,20.420000076293945,20.350000381469727,20.399999618530273,819100.0
2017-02-01,20.450000762939453,20.600000381469727,20.389999389648438,20.600000381469727,438900.0
2017-02-02,20.6200008392334,20.6299991607666,20.510000228881836,20.559999465942383,1055800.0
2017-02-03,20.59000015258789,20.639999389648438,20.540000915527344,20.56999969482422,368400.0
2017-02-06,20.600000381469727,20.6299991607666,20.5,20.530000686645508,578900.0
2017-02-07,20.520000457763672,20.59000015258789,20.479999542236328,20.549999237060547,255100.0
2017-02-08,20.549999237060547,20.59000015258789,20.5,20.520000457763672,279500.0
2017-02-09,20.530000686645508,20.610000610351562,20.520000457763672,20.56999969482422,2080100.0
2017-02-10,20.549999237060547,20.649999618530273,20.549999237060547,20.56999969482422,985300.0
2017-02-13,20.510000228881836,20.540000915527344,20.43000030517578,20.469999313354492,530200.0
2017-02-14,20.450000762939453,20.540000915527344,20.43000030517578,20.540000915527344,200900.0
2017-02-15,20.540000915527344,20.700000762939453,20.540000915527344,20.65999984741211,241900.0
2017-02-16,20.690000534057617,20.760000228881836,20.600000381469727,20.600000381469727,606800.0
2017-02-17,20.520000457763672,20.610000610351562,20.520000457763672,20.59000015258789,350500.0
2017-02-21,20.709999084472656,20.709999084472656,20.600000381469727,20.639999389648438,452500.0
2017-02-22,20.690000534057617,20.690000534057617,20.56999969482422,20.59000015258789,462800.0
2017-02-23,20.719999313354492,20.719999313354492,20.450000762939453,20.479999542236328,460400.0
2017-02-24,20.420000076293945,20.420000076293945,20.25,20.290000915527344,2389800.0
2017-02-27,20.25,20.260000228881836,20.100000381469727,20.1200008392334,1007000.0
2017-02-28,20.1299991607666,20.329999923706055,20.1299991607666,20.200000762939453,1886300.0
2017-03-01,20.239999771118164,20.469999313354492,20.239999771118164,20.469999313354492,1580600.0
2017-03-02,20.350000381469727,20.469999313354492,20.299999237060547,20.31999969482422,741700.0
2017-03-03,20.31999969482422,20.34000015258789,20.229999542236328,20.31999969482422,287700.0
2017-03-06,20.420000076293945,20.440000534057617,20.239999771118164,20.280000686645508,457400.0
2017-03-07,20.15999984741211,20.25,20.049999237060547,20.09000015258789,1154900.0
2017-03-08,20.040000915527344,20.1200008392334,20.040000915527344,20.049999237060547,580300.0
2017-03-09,20.049999237060547,20.139999389648438,19.899999618530273,19.940000534057617,325300.0
2017-03-10,19.940000534057617,20.010000228881836,19.93000030517578,19.979999542236328,748100.0
2017-03-13,19.950000762939453,20.079999923706055,19.950000762939453,20.049999237060547,204300.0
2017-03-14,20.020000457763672,20.06999969482422,19.979999542236328,20.010000228881836,2765800.0
2017-03-15,20.0,20.110000610351562,20.0,20.079999923706055,890600.0
2017-03-16,20.190000534057617,20.200000762939453,20.1299991607666,20.170000076293945,266900.0
2017-03-17,20.15999984741211,20.200000762939453,20.030000686645508,20.149999618530273,414900.0
2017-03-20,20.15999984741211,20.229999542236328,20.1299991607666,20.15999984741211,695600.0
2017-03-21,20.15999984741211,20.170000076293945,20.079999923706055,20.1200008392334,241400.0
2017-03-22,20.079999923706055,20.170000076293945,20.079999923706055,20.1299991607666,218600.0
2017-03-23,20.110000610351562,20.15999984741211,20.030000686645508,20.149999618530273,186800.0
2017-03-24,20.100000381469727,20.139999389648438,19.969999313354492,20.0,196100.0
2017-03-27,20.0,20.0,19.850000381469727,19.899999618530273,1043200.0
2017-03-28,19.899999618530273,19.920000076293945,19.81999969482422,19.829999923706055,713600.0
2017-03-29,19.809999465942383,19.84000015258789,19.760000228881836,19.780000686645508,255700.0
2017-03-30,19.770000457763672,19.770000457763672,19.670000076293945,19.709999084472656,597800.0
2017-03-31,19.75,19.790000915527344,19.579999923706055,19.780000686645508,872100.0
2017-04-03,19.8700008392334,19.899999618530273,19.65999984741211,19.68000030517578,365800.0
2017-04-04,19.649999618530273,19.65999984741211,19.530000686645508,19.530000686645508,1194300.0
2017-04-05,19.59000015258789,19.6200008392334,19.530000686645508,19.540000915527344,520100.0
2017-04-06,19.600000381469727,19.610000610351562,19.510000228881836,19.559999465942383,248200.0
2017-04-07,19.520000457763672,19.600000381469727,19.469999313354492,19.579999923706055,323800.0
2017-04-10,19.579999923706055,19.65999984741211,19.559999465942383,19.600000381469727,152300.0
2017-04-11,19.6200008392334,19.770000457763672,19.579999923706055,19.760000228881836,390800.0
2017-04-12,19.75,19.81999969482422,19.700000762939453,19.700000762939453,201700.0
2017-04-13,19.770000457763672,19.790000915527344,19.68000030517578,19.700000762939453,225400.0
2017-04-17,19.690000534057617,19.739999771118164,19.65999984741211,19.68000030517578,237700.0
2017-04-18,19.68000030517578,19.729999542236328,19.56999969482422,19.729999542236328,475100.0
2017-04-19,19.670000076293945,19.719999313354492,19.469999313354492,19.489999771118164,491900.0
2017-04-20,19.520000457763672,19.530000686645508,19.209999084472656,19.209999084472656,958500.0
2017-04-21,19.280000686645508,19.329999923706055,19.190000534057617,19.290000915527344,180700.0
2017-04-24,19.350000381469727,19.350000381469727,19.15999984741211,19.200000762939453,534300.0
2017-04-25,19.200000762939453,19.440000534057617,19.200000762939453,19.399999618530273,723300.0
2017-04-26,19.389999389648438,19.489999771118164,19.280000686645508,19.34000015258789,472900.0
2017-04-27,19.3799991607666,19.56999969482422,19.360000610351562,19.520000457763672,521900.0
2017-04-28,19.59000015258789,19.75,19.5,19.739999771118164,466200.0
2017-05-01,19.850000381469727,20.020000457763672,19.850000381469727,20.010000228881836,532600.0
2017-05-02,20.0,20.229999542236328,19.93000030517578,20.049999237060547,1097100.0
2017-05-03,20.0,20.280000686645508,20.0,20.25,991500.0
2017-05-04,20.190000534057617,20.200000762939453,19.950000762939453,20.010000228881836,536500.0
2017-05-05,20.100000381469727,20.1200008392334,19.93000030517578,19.989999771118164,477700.0
2017-05-08,19.989999771118164,20.110000610351562,19.989999771118164,20.100000381469727,293900.0
2017-05-09,20.110000610351562,20.190000534057617,19.950000762939453,19.969999313354492,605400.0
2017-05-10,19.969999313354492,20.09000015258789,19.920000076293945,20.09000015258789,1150500.0
2017-05-11,20.040000915527344,20.040000915527344,19.860000610351562,20.0,486400.0
2017-05-12,20.049999237060547,20.18000030517578,20.049999237060547,20.18000030517578,536900.0
2017-05-15,20.170000076293945,20.3799991607666,20.010000228881836,20.020000457763672,475700.0
2017-05-16,19.989999771118164,20.020000457763672,19.920000076293945,20.0,193100.0
2017-05-17,20.079999923706055,20.18000030517578,20.049999237060547,20.149999618530273,254200.0
2017-05-18,19.93000030517578,20.030000686645508,19.860000610351562,20.010000228881836,396100.0
2017-05-19,20.09000015258789,20.239999771118164,20.09000015258789,20.239999771118164,390200.0
2017-05-22,20.25,20.3700008392334,20.25,20.290000915527344,449500.0
2017-05-23,20.25,20.25,20.010000228881836,20.020000457763672,449500.0
2017-05-24,19.90999984741211,19.90999984741211,19.780000686645508,19.84000015258789,564700.0
2017-05-25,19.90999984741211,19.90999984741211,19.770000457763672,19.889999389648438,294600.0
2017-05-26,19.860000610351562,19.920000076293945,19.799999237060547,19.829999923706055,188000.0
2017-05-30,19.84000015258789,19.8700008392334,19.729999542236328,19.8700008392334,197800.0
2017-05-31,19.899999618530273,20.030000686645508,19.889999389648438,19.979999542236328,232900.0
2017-06-01,19.899999618530273,19.979999542236328,19.8700008392334,19.959999084472656,201100.0
2017-06-02,19.979999542236328,20.030000686645508,19.889999389648438,19.899999618530273,300200.0
2017-06-05,19.889999389648438,19.989999771118164,19.860000610351562,19.93000030517578,282400.0
2017-06-06,19.950000762939453,20.059999465942383,19.84000015258789,19.850000381469727,362700.0
2017-06-07,19.940000534057617,20.030000686645508,19.93000030517578,20.030000686645508,337000.0
2017-06-08,20.06999969482422,20.18000030517578,20.06999969482422,20.06999969482422,212400.0
2017-06-09,20.049999237060547,20.190000534057617,20.049999237060547,20.139999389648438,284700.0
2017-06-12,20.1200008392334,20.1200008392334,19.860000610351562,19.899999618530273,377000.0
2017-06-13,19.899999618530273,20.0,19.799999237060547,19.829999923706055,201300.0
2017-06-14,19.790000915527344,19.81999969482422,19.68000030517578,19.690000534057617,449100.0
2017-06-15,19.610000610351562,19.729999542236328,19.600000381469727,19.709999084472656,454100.0
2017-06-16,19.729999542236328,19.760000228881836,19.65999984741211,19.75,231100.0
2017-06-19,19.700000762939453,19.719999313354492,19.56999969482422,19.56999969482422,369600.0
2017-06-20,19.540000915527344,19.540000915527344,19.329999923706055,19.530000686645508,230900.0
2017-06-21,19.5,19.5,19.270000457763672,19.270000457763672,272400.0
2017-06-22,19.170000076293945,19.170000076293945,18.93000030517578,18.959999084472656,629800.0
2017-06-23,19.030000686645508,19.09000015258789,18.940000534057617,19.049999237060547,391400.0
2017-06-26,19.059999465942383,19.1200008392334,19.0,19.100000381469727,326300.0
2017-06-27,19.15999984741211,19.219999313354492,19.049999237060547,19.059999465942383,314500.0
2017-06-28,19.030000686645508,19.1200008392334,19.0,19.110000610351562,435900.0
2017-06-29,19.15999984741211,19.420000076293945,19.15999984741211,19.3700008392334,394800.0
2017-06-30,19.5,19.850000381469727,19.5,19.850000381469727,985700.0
2017-07-03,20.040000915527344,20.209999084472656,20.0,20.139999389648438,796800.0
2017-07-05,20.229999542236328,20.299999237060547,19.959999084472656,20.170000076293945,2448700.0
2017-07-06,19.969999313354492,20.079999923706055,19.8799991607666,20.059999465942383,871700.0
2017-07-07,20.040000915527344,20.18000030517578,20.010000228881836,20.100000381469727,625300.0
2017-07-10,20.219999313354492,20.260000228881836,20.09000015258789,20.1200008392334,836000.0
2017-07-11,20.010000228881836,20.15999984741211,19.93000030517578,20.1299991607666,1087600.0
2017-07-12,20.079999923706055,20.190000534057617,20.040000915527344,20.110000610351562,1193300.0
2017-07-13,20.049999237060547,20.079999923706055,19.920000076293945,19.950000762939453,582400.0
2017-07-14,20.0,20.100000381469727,19.979999542236328,20.06999969482422,297800.0
2017-07-17,20.0,20.059999465942383,19.93000030517578,20.030000686645508,439800.0
2017-07-18,20.15999984741211,20.200000762939453,19.940000534057617,19.959999084472656,441100.0
2017-07-19,20.0,20.270000457763672,20.0,20.260000228881836,428800.0
2017-07-20,20.290000915527344,20.309999465942383,20.200000762939453,20.25,455300.0
2017-07-21,20.200000762939453,20.290000915527344,20.1299991607666,20.1299991607666,790900.0
2017-07-24,19.899999618530273,19.920000076293945,19.799999237060547,19.860000610351562,556800.0
2017-07-25,19.809999465942383,19.809999465942383,19.540000915527344,19.540000915527344,722500.0
2017-07-26,19.530000686645508,19.739999771118164,19.530000686645508,19.709999084472656,1529400.0
2017-07-27,19.920000076293945,19.969999313354492,19.8700008392334,19.93000030517578,348000.0
2017-07-28,19.959999084472656,20.0,19.920000076293945,19.940000534057617,167400.0
2017-07-31,19.8799991607666,19.950000762939453,19.850000381469727,19.93000030517578,593200.0
2017-08-01,19.860000610351562,19.8700008392334,19.600000381469727,19.649999618530273,881700.0
2017-08-02,19.739999771118164,19.899999618530273,19.709999084472656,19.889999389648438,926300.0
2017-08-03,19.780000686645508,19.799999237060547,19.68000030517578,19.729999542236328,422700.0
2017-08-04,19.770000457763672,19.780000686645508,19.639999389648438,19.65999984741211,646400.0
2017-08-07,19.700000762939453,19.739999771118164,19.649999618530273,19.700000762939453,261900.0
2017-08-08,19.809999465942383,19.809999465942383,19.600000381469727,19.6299991607666,518200.0
2017-08-09,19.56999969482422,19.600000381469727,19.510000228881836,19.510000228881836,386800.0
2017-08-10,19.5,19.520000457763672,19.049999237060547,19.09000015258789,1721000.0
2017-08-11,19.06999969482422,19.209999084472656,19.06999969482422,19.200000762939453,564300.0
2017-08-14,19.030000686645508,19.1200008392334,18.979999542236328,19.100000381469727,578600.0
2017-08-15,18.969999313354492,19.020000457763672,18.8799991607666,18.940000534057617,510000.0
2017-08-16,18.940000534057617,18.950000762939453,18.709999084472656,18.780000686645508,750600.0
2017-08-17,18.760000228881836,18.760000228881836,18.579999923706055,18.65999984741211,514400.0
2017-08-18,18.68000030517578,18.690000534057617,18.530000686645508,18.670000076293945,714100.0
2017-08-21,18.579999923706055,18.6299991607666,18.540000915527344,18.579999923706055,426300.0
2017-08-22,18.549999237060547,18.610000610351562,18.520000457763672,18.579999923706055,582600.0
2017-08-23,18.59000015258789,18.59000015258789,18.459999084472656,18.479999542236328,795100.0
2017-08-24,18.549999237060547,18.65999984741211,18.43000030517578,18.65999984741211,790500.0
2017-08-25,18.649999618530273,18.75,18.639999389648438,18.649999618530273,479400.0
2017-08-28,18.700000762939453,18.809999465942383,18.690000534057617,18.780000686645508,585300.0
2017-08-29,18.670000076293945,18.700000762939453,18.459999084472656,18.479999542236328,513500.0
2017-08-30,18.43000030517578,18.5,18.329999923706055,18.489999771118164,746100.0
2017-08-31,18.489999771118164,18.649999618530273,18.469999313354492,18.639999389648438,639400.0
2017-09-01,18.6299991607666,18.690000534057617,18.579999923706055,18.600000381469727,881500.0
2017-09-05,18.68000030517578,18.8799991607666,18.68000030517578,18.790000915527344,1145800.0
2017-09-06,18.75,18.860000610351562,18.729999542236328,18.84000015258789,681400.0
2017-09-07,18.829999923706055,18.84000015258789,18.739999771118164,18.75,576400.0
2017-09-08,18.770000457763672,18.899999618530273,18.770000457763672,18.850000381469727,606600.0
2017-09-11,18.850000381469727,18.860000610351562,18.75,18.829999923706055,342500.0
2017-09-12,18.770000457763672,18.809999465942383,18.579999923706055,18.719999313354492,1050700.0
2017-09-13,18.770000457763672,18.860000610351562,18.760000228881836,18.850000381469727,741100.0
2017-09-14,18.8700008392334,19.0,18.81999969482422,18.860000610351562,618000.0
2017-09-15,18.8700008392334,19.059999465942383,18.8700008392334,19.059999465942383,1529000.0
2017-09-18,19.040000915527344,19.06999969482422,18.940000534057617,18.950000762939453,431700.0
2017-09-19,18.93000030517578,18.950000762939453,18.780000686645508,18.8799991607666,763800.0
2017-09-20,18.889999389648438,19.139999389648438,18.8799991607666,19.1200008392334,394300.0
2017-09-21,19.049999237060547,19.100000381469727,19.030000686645508,19.059999465942383,1173200.0
2017-09-22,19.09000015258789,19.18000030517578,19.030000686645508,19.059999465942383,492400.0
2017-09-25,19.0,19.0,18.850000381469727,18.889999389648438,807900.0
2017-09-26,18.860000610351562,18.8799991607666,18.780000686645508,18.829999923706055,466400.0
2017-09-27,18.799999237060547,18.979999542236328,18.770000457763672,18.979999542236328,633000.0
2017-09-28,18.920000076293945,18.920000076293945,18.829999923706055,18.84000015258789,659000.0
2017-09-29,18.84000015258789,19.059999465942383,18.809999465942383,18.979999542236328,1902300.0
2017-10-02,18.780000686645508,18.959999084472656,18.770000457763672,18.90999984741211,742800.0
2017-10-03,18.93000030517578,18.989999771118164,18.889999389648438,18.920000076293945,1156300.0
2017-10-04,18.93000030517578,18.969999313354492,18.889999389648438,18.920000076293945,781600.0
2017-10-05,18.920000076293945,19.06999969482422,18.920000076293945,19.049999237060547,618100.0
2017-10-06,19.020000457763672,19.09000015258789,19.010000228881836,19.09000015258789,1960000.0
2017-10-09,19.020000457763672,19.059999465942383,18.959999084472656,18.959999084472656,537500.0
2017-10-10,19.0,19.139999389648438,19.0,19.079999923706055,585500.0
2017-10-11,19.06999969482422,19.1200008392334,19.040000915527344,19.100000381469727,324100.0
2017-10-12,19.06999969482422,19.190000534057617,18.989999771118164,19.06999969482422,1001600.0
2017-10-13,19.059999465942383,19.15999984741211,19.040000915527344,19.139999389648438,838800.0
2017-10-16,19.1200008392334,19.1299991607666,19.030000686645508,19.049999237060547,1114000.0
2017-10-17,19.049999237060547,19.079999923706055,18.920000076293945,18.920000076293945,1172100.0
2017-10-18,18.899999618530273,18.979999542236328,18.889999389648438,18.950000762939453,667000.0
2017-10-19,19.040000915527344,19.170000076293945,19.040000915527344,19.1200008392334,771100.0
2017-10-20,19.110000610351562,19.15999984741211,18.989999771118164,18.989999771118164,959300.0
2017-10-23,19.0,19.100000381469727,18.979999542236328,19.049999237060547,482000.0
2017-10-24,19.010000228881836,19.190000534057617,19.0,19.170000076293945,562200.0
2017-10-25,19.18000030517578,19.290000915527344,19.139999389648438,19.15999984741211,583800.0
2017-10-26,19.18000030517578,19.270000457763672,19.149999618530273,19.219999313354492,423900.0
2017-10-27,19.25,19.270000457763672,19.170000076293945,19.270000457763672,1385500.0
2017-10-30,19.270000457763672,19.389999389648438,19.270000457763672,19.34000015258789,787300.0
2017-10-31,19.329999923706055,19.459999084472656,19.290000915527344,19.440000534057617,480300.0
2017-11-01,19.399999618530273,19.510000228881836,19.389999389648438,19.440000534057617,603700.0
2017-11-02,19.3799991607666,19.40999984741211,19.290000915527344,19.40999984741211,1026700.0
2017-11-03,19.43000030517578,19.5,19.34000015258789,19.420000076293945,492900.0
2017-11-06,19.360000610351562,19.459999084472656,19.360000610351562,19.440000534057617,855700.0
2017-11-07,19.399999618530273,19.450000762939453,19.34000015258789,19.450000762939453,404100.0
2017-11-08,19.420000076293945,19.420000076293945,19.34000015258789,19.3700008392334,327900.0
2017-11-09,19.3700008392334,19.420000076293945,19.299999237060547,19.329999923706055,719700.0
2017-11-10,19.350000381469727,19.399999618530273,19.329999923706055,19.360000610351562,550000.0
2017-11-13,19.329999923706055,19.360000610351562,19.280000686645508,19.290000915527344,841000.0
2017-11-14,19.280000686645508,19.299999237060547,19.110000610351562,19.1299991607666,782600.0
2017-11-15,19.059999465942383,19.110000610351562,19.010000228881836,19.09000015258789,412400.0
2017-11-16,19.09000015258789,19.1200008392334,19.040000915527344,19.059999465942383,603700.0
2017-11-17,19.059999465942383,19.1299991607666,19.059999465942383,19.079999923706055,859000.0
2017-11-20,18.989999771118164,19.0,18.90999984741211,19.0,620100.0
2017-11-21,18.969999313354492,19.09000015258789,18.969999313354492,19.010000228881836,343200.0
2017-11-22,19.059999465942383,19.190000534057617,19.059999465942383,19.170000076293945,465800.0
2017-11-24,19.200000762939453,19.239999771118164,19.100000381469727,19.139999389648438,357200.0
2017-11-27,19.110000610351562,19.149999618530273,19.079999923706055,19.1299991607666,315700.0
2017-11-28,19.079999923706055,19.1200008392334,19.049999237060547,19.1200008392334,373400.0
2017-11-29,19.149999618530273,19.290000915527344,19.149999618530273,19.270000457763672,656600.0
2017-11-30,19.209999084472656,19.31999969482422,19.059999465942383,19.079999923706055,684400.0
2017-12-01,19.059999465942383,19.149999618530273,19.049999237060547,19.059999465942383,1448700.0
2017-12-04,19.06999969482422,19.09000015258789,18.959999084472656,18.979999542236328,1606900.0
2017-12-05,18.959999084472656,19.0,18.81999969482422,18.850000381469727,808600.0
2017-12-06,18.829999923706055,18.84000015258789,18.6299991607666,18.649999618530273,780300.0
2017-12-07,18.600000381469727,18.600000381469727,18.43000030517578,18.479999542236328,1061000.0
2017-12-08,18.520000457763672,18.520000457763672,18.40999984741211,18.43000030517578,520000.0
2017-12-11,18.3799991607666,18.399999618530273,18.270000457763672,18.299999237060547,661200.0
2017-12-12,18.260000228881836,18.299999237060547,18.18000030517578,18.190000534057617,737300.0
2017-12-13,18.200000762939453,18.260000228881836,18.190000534057617,18.25,639600.0
2017-12-14,18.280000686645508,18.290000915527344,18.239999771118164,18.239999771118164,720800.0
2017-12-15,18.280000686645508,18.329999923706055,18.219999313354492,18.329999923706055,367100.0
2017-12-18,18.43000030517578,18.469999313354492,18.34000015258789,18.350000381469727,749800.0
2017-12-19,18.350000381469727,18.450000762939453,18.350000381469727,18.3700008392334,586600.0
2017-12-20,18.399999618530273,18.489999771118164,18.389999389648438,18.450000762939453,556500.0
2017-12-21,18.399999618530273,18.510000228881836,18.3799991607666,18.469999313354492,1147200.0
2017-12-22,18.469999313354492,18.489999771118164,18.329999923706055,18.40999984741211,612100.0
2017-12-26,18.420000076293945,18.600000381469727,18.420000076293945,18.56999969482422,669600.0
2017-12-27,18.600000381469727,18.700000762939453,18.600000381469727,18.670000076293945,1029600.0
2017-12-28,18.68000030517578,18.739999771118164,18.65999984741211,18.719999313354492,677200.0
2017-12-29,18.75,18.770000457763672,18.690000534057617,18.760000228881836,871200.0
2018-01-02,18.790000915527344,19.010000228881836,18.790000915527344,18.969999313354492,1317700.0
2018-01-03,19.0,19.0,18.899999618530273,18.959999084472656,990300.0
2018-01-04,18.8799991607666,18.969999313354492,18.829999923706055,18.93000030517578,647400.0
2018-01-05,18.889999389648438,18.889999389648438,18.790000915527344,18.829999923706055,722000.0
2018-01-08,18.709999084472656,18.729999542236328,18.6200008392334,18.700000762939453,940400.0
2018-01-09,18.649999618530273,18.739999771118164,18.610000610351562,18.739999771118164,463700.0
2018-01-10,18.75,18.760000228881836,18.65999984741211,18.670000076293945,717100.0
2018-01-11,18.6200008392334,18.639999389648438,18.559999465942383,18.600000381469727,993600.0
2018-01-12,18.649999618530273,18.649999618530273,18.450000762939453,18.559999465942383,876000.0
2018-01-16,18.510000228881836,18.540000915527344,18.469999313354492,18.540000915527344,538300.0
2018-01-17,18.56999969482422,18.719999313354492,18.520000457763672,18.690000534057617,872700.0
2018-01-18,18.780000686645508,18.899999618530273,18.6299991607666,18.68000030517578,777200.0
2018-01-19,18.639999389648438,18.690000534057617,18.579999923706055,18.6299991607666,520400.0
2018-01-22,18.709999084472656,18.75,18.670000076293945,18.690000534057617,547500.0
2018-01-23,18.670000076293945,18.670000076293945,18.56999969482422,18.6200008392334,359100.0
2018-01-24,18.690000534057617,18.799999237060547,18.68000030517578,18.799999237060547,598700.0
2018-01-25,18.950000762939453,18.950000762939453,18.729999542236328,18.739999771118164,656800.0
2018-01-26,18.739999771118164,18.899999618530273,18.729999542236328,18.889999389648438,815000.0
2018-01-29,19.0,19.010000228881836,18.8799991607666,18.90999984741211,621900.0
2018-01-30,18.959999084472656,18.989999771118164,18.829999923706055,18.940000534057617,1052400.0
2018-01-31,18.93000030517578,18.940000534057617,18.81999969482422,18.829999923706055,752300.0
2018-02-01,18.790000915527344,19.0,18.770000457763672,19.0,1133000.0
2018-02-02,18.969999313354492,18.979999542236328,18.889999389648438,18.969999313354492,658100.0
2018-02-05,18.889999389648438,18.969999313354492,18.809999465942383,18.84000015258789,1033200.0
2018-02-06,18.860000610351562,18.989999771118164,18.860000610351562,18.979999542236328,1226000.0
2018-02-07,19.030000686645508,19.030000686645508,18.90999984741211,18.959999084472656,798100.0
2018-02-08,18.989999771118164,18.989999771118164,18.860000610351562,18.860000610351562,873000.0
2018-02-09,18.84000015258789,18.889999389648438,18.75,18.81999969482422,1012100.0
2018-02-12,18.850000381469727,18.950000762939453,18.829999923706055,18.940000534057617,644000.0
2018-02-13,18.940000534057617,18.969999313354492,18.889999389648438,18.940000534057617,981800.0
2018-02-14,18.899999618530273,19.040000915527344,18.860000610351562,19.010000228881836,1024900.0
2018-02-15,19.06999969482422,19.1299991607666,19.0,19.1200008392334,1827000.0
2018-02-16,19.040000915527344,19.040000915527344,18.940000534057617,18.969999313354492,840700.0
2018-02-20,18.969999313354492,19.06999969482422,18.969999313354492,18.979999542236328,583200.0
2018-02-21,18.979999542236328,19.049999237060547,18.920000076293945,18.93000030517578,992600.0
2018-02-22,18.940000534057617,19.040000915527344,18.940000534057617,19.040000915527344,715300.0
2018-02-23,19.09000015258789,19.1299991607666,19.040000915527344,19.100000381469727,723700.0
2018-02-26,19.100000381469727,19.200000762939453,19.079999923706055,19.139999389648438,636300.0
2018-02-27,19.1299991607666,19.170000076293945,19.09000015258789,19.100000381469727,509800.0
2018-02-28,19.170000076293945,19.280000686645508,19.15999984741211,19.170000076293945,860600.0
2018-03-01,19.270000457763672,19.479999542236328,19.219999313354492,19.459999084472656,3122600.0
2018-03-02,19.440000534057617,19.479999542236328,19.299999237060547,19.389999389648438,1596900.0
2018-03-05,19.450000762939453,19.639999389648438,19.40999984741211,19.6299991607666,1412900.0
2018-03-06,19.6299991607666,19.68000030517578,19.559999465942383,19.59000015258789,937100.0
2018-03-07,19.540000915527344,19.56999969482422,19.40999984741211,19.420000076293945,762600.0
2018-03-08,19.399999618530273,19.510000228881836,19.3700008392334,19.479999542236328,538700.0
2018-03-09,19.450000762939453,19.450000762939453,19.309999465942383,19.350000381469727,534900.0
2018-03-12,19.34000015258789,19.399999618530273,19.309999465942383,19.3799991607666,903000.0
2018-03-13,19.440000534057617,19.5,19.350000381469727,19.389999389648438,332700.0
2018-03-14,19.440000534057617,19.479999542236328,19.389999389648438,19.399999618530273,258400.0
2018-03-15,19.399999618530273,19.399999618530273,19.25,19.280000686645508,573600.0
2018-03-16,19.280000686645508,19.280000686645508,19.15999984741211,19.190000534057617,3647400.0
2018-03-19,19.049999237060547,19.059999465942383,18.829999923706055,18.84000015258789,871400.0
2018-03-20,18.850000381469727,18.899999618530273,18.790000915527344,18.799999237060547,1190700.0
2018-03-21,18.860000610351562,18.889999389648438,18.780000686645508,18.850000381469727,450000.0
2018-03-22,18.860000610351562,18.889999389648438,18.780000686645508,18.850000381469727,781300.0
2018-03-23,18.780000686645508,18.899999618530273,18.6299991607666,18.8700008392334,1926000.0
2018-03-26,18.860000610351562,18.90999984741211,18.799999237060547,18.809999465942383,446600.0
2018-03-27,18.739999771118164,18.790000915527344,18.68000030517578,18.700000762939453,372600.0
2018-03-28,18.600000381469727,18.739999771118164,18.59000015258789,18.690000534057617,474000.0
2018-03-29,18.690000534057617,18.850000381469727,18.6200008392334,18.809999465942383,1417900.0
2018-04-02,18.899999618530273,18.950000762939453,18.700000762939453,18.709999084472656,669300.0
2018-04-03,18.729999542236328,18.770000457763672,18.59000015258789,18.600000381469727,1126400.0
2018-04-04,18.3799991607666,18.56999969482422,18.31999969482422,18.549999237060547,1794300.0
2018-04-05,18.670000076293945,18.829999923706055,18.639999389648438,18.81999969482422,501500.0
2018-04-06,18.729999542236328,18.809999465942383,18.670000076293945,18.719999313354492,406200.0
2018-04-09,18.850000381469727,19.049999237060547,18.75,18.989999771118164,679300.0
2018-04-10,18.93000030517578,18.989999771118164,18.8700008392334,18.889999389648438,743300.0
2018-04-11,18.90999984741211,19.020000457763672,18.860000610351562,18.899999618530273,347100.0
2018-04-12,18.90999984741211,18.979999542236328,18.8700008392334,18.969999313354492,383600.0
2018-04-13,19.010000228881836,19.010000228881836,18.8700008392334,18.90999984741211,402500.0
2018-04-16,19.020000457763672,19.030000686645508,18.850000381469727,18.850000381469727,256400.0
2018-04-17,18.8799991607666,18.90999984741211,18.770000457763672,18.84000015258789,231600.0
2018-04-18,18.969999313354492,19.059999465942383,18.969999313354492,19.049999237060547,563900.0
2018-04-19,19.1299991607666,19.1299991607666,18.940000534057617,19.0,243100.0
2018-04-20,18.899999618530273,18.940000534057617,18.809999465942383,18.850000381469727,563100.0
2018-04-23,18.860000610351562,18.889999389648438,18.770000457763672,18.790000915527344,304200.0
2018-04-24,18.760000228881836,18.93000030517578,18.739999771118164,18.93000030517578,242400.0
2018-04-25,18.84000015258789,19.09000015258789,18.84000015258789,19.059999465942383,330300.0
2018-04-26,19.100000381469727,19.1200008392334,18.93000030517578,18.969999313354492,487300.0
2018-04-27,18.940000534057617,19.219999313354492,18.940000534057617,19.219999313354492,364000.0
2018-04-30,19.229999542236328,19.280000686645508,19.190000534057617,19.25,420300.0
2018-05-01,19.25,19.510000228881836,19.25,19.479999542236328,620400.0
2018-05-02,19.40999984741211,19.479999542236328,19.309999465942383,19.31999969482422,596400.0
2018-05-03,19.34000015258789,19.540000915527344,19.299999237060547,19.540000915527344,542200.0
2018-05-04,19.399999618530273,19.40999984741211,19.299999237060547,19.31999969482422,538000.0
2018-05-07,19.260000228881836,19.260000228881836,19.149999618530273,19.149999618530273,333100.0
2018-05-08,19.209999084472656,19.209999084472656,19.110000610351562,19.190000534057617,221000.0
2018-05-09,19.1299991607666,19.1299991607666,19.010000228881836,19.040000915527344,523900.0
2018-05-10,19.040000915527344,19.139999389648438,19.0,19.049999237060547,251900.0
2018-05-11,19.0,19.040000915527344,18.920000076293945,18.950000762939453,286900.0
2018-05-14,18.940000534057617,18.969999313354492,18.850000381469727,18.850000381469727,401500.0
2018-05-15,18.829999923706055,18.829999923706055,18.649999618530273,18.75,546700.0
2018-05-16,18.81999969482422,18.81999969482422,18.739999771118164,18.770000457763672,155900.0
2018-05-17,18.90999984741211,18.90999984741211,18.65999984741211,18.65999984741211,220200.0
2018-05-18,18.790000915527344,18.950000762939453,18.75,18.8700008392334,494200.0
2018-05-21,19.059999465942383,19.100000381469727,18.950000762939453,18.989999771118164,792600.0
2018-05-22,19.1200008392334,19.18000030517578,19.059999465942383,19.100000381469727,379500.0
2018-05-23,19.1200008392334,19.290000915527344,19.110000610351562,19.290000915527344,470100.0
2018-05-24,19.3799991607666,19.420000076293945,19.229999542236328,19.229999542236328,368500.0
2018-05-25,19.25,19.3700008392334,19.219999313354492,19.360000610351562,284800.0
2018-05-29,19.3799991607666,19.399999618530273,19.139999389648438,19.219999313354492,462000.0
2018-05-30,19.200000762939453,19.229999542236328,19.059999465942383,19.229999542236328,399800.0
2018-05-31,19.270000457763672,19.299999237060547,19.149999618530273,19.209999084472656,788300.0
2018-06-01,19.260000228881836,19.260000228881836,19.100000381469727,19.139999389648438,412000.0
2018-06-04,19.360000610351562,19.360000610351562,18.649999618530273,18.68000030517578,1242700.0
2018-06-05,18.770000457763672,18.770000457763672,18.579999923706055,18.639999389648438,752200.0
2018-06-06,18.719999313354492,18.850000381469727,18.719999313354492,18.729999542236328,601100.0
2018-06-07,18.84000015258789,18.84000015258789,18.530000686645508,18.579999923706055,1039700.0
2018-06-08,18.6200008392334,18.790000915527344,18.56999969482422,18.770000457763672,596300.0
2018-06-11,18.729999542236328,18.729999542236328,18.559999465942383,18.559999465942383,621300.0
2018-06-12,18.6299991607666,18.81999969482422,18.600000381469727,18.790000915527344,834600.0
2018-06-13,18.739999771118164,18.790000915527344,18.649999618530273,18.670000076293945,303000.0
2018-06-14,18.59000015258789,18.59000015258789,18.40999984741211,18.420000076293945,798500.0
2018-06-15,18.309999465942383,18.540000915527344,18.239999771118164,18.459999084472656,820500.0
2018-06-18,18.299999237060547,18.350000381469727,18.200000762939453,18.280000686645508,1001800.0
2018-06-19,18.049999237060547,18.1299991607666,17.719999313354492,18.100000381469727,1695800.0
2018-06-20,18.190000534057617,18.229999542236328,18.06999969482422,18.18000030517578,478500.0
2018-06-21,18.18000030517578,18.209999084472656,18.110000610351562,18.1299991607666,394100.0
2018-06-22,18.18000030517578,18.239999771118164,18.100000381469727,18.209999084472656,339600.0
2018-06-25,18.0,18.049999237060547,17.920000076293945,17.920000076293945,598100.0
2018-06-26,17.940000534057617,18.010000228881836,17.84000015258789,17.889999389648438,438400.0
2018-06-27,17.84000015258789,17.8700008392334,17.75,17.760000228881836,1004800.0
2018-06-28,17.799999237060547,17.899999618530273,17.760000228881836,17.770000457763672,568700.0
2018-06-29,17.709999084472656,18.1200008392334,17.709999084472656,18.030000686645508,839500.0
2018-07-02,17.8799991607666,17.899999618530273,17.639999389648438,17.65999984741211,996500.0
2018-07-03,17.739999771118164,17.770000457763672,17.65999984741211,17.670000076293945,281100.0
2018-07-05,17.729999542236328,17.780000686645508,17.649999618530273,17.65999984741211,893700.0
2018-07-06,17.639999389648438,17.93000030517578,17.639999389648438,17.90999984741211,943300.0
2018-07-09,17.84000015258789,17.84000015258789,17.670000076293945,17.719999313354492,361900.0
2018-07-10,17.719999313354492,17.739999771118164,17.579999923706055,17.6200008392334,723000.0
2018-07-11,17.56999969482422,17.56999969482422,17.25,17.280000686645508,847100.0
2018-07-12,17.280000686645508,17.450000762939453,17.280000686645508,17.399999618530273,2362800.0
2018-07-13,17.399999618530273,17.399999618530273,17.25,17.360000610351562,943000.0
2018-07-16,17.440000534057617,17.5,17.309999465942383,17.329999923706055,415600.0
2018-07-17,17.31999969482422,17.40999984741211,17.280000686645508,17.329999923706055,403300.0
2018-07-18,17.34000015258789,17.34000015258789,17.229999542236328,17.280000686645508,350500.0
2018-07-19,17.25,17.360000610351562,17.239999771118164,17.31999969482422,304000.0
2018-07-20,17.399999618530273,17.469999313354492,17.350000381469727,17.440000534057617,438800.0
2018-07-23,17.5,17.530000686645508,17.43000030517578,17.479999542236328,313200.0
2018-07-24,17.440000534057617,17.510000228881836,17.389999389648438,17.420000076293945,420900.0
2018-07-25,17.5,17.68000030517578,17.489999771118164,17.670000076293945,700400.0
2018-07-26,17.780000686645508,17.81999969482422,17.549999237060547,17.549999237060547,803100.0
2018-07-27,17.540000915527344,17.540000915527344,17.420000076293945,17.469999313354492,847200.0
2018-07-30,17.440000534057617,17.729999542236328,17.440000534057617,17.579999923706055,382000.0
2018-07-31,17.639999389648438,17.700000762939453,17.469999313354492,17.530000686645508,497700.0
2018-08-01,17.530000686645508,17.56999969482422,17.3799991607666,17.440000534057617,352500.0
2018-08-02,17.440000534057617,17.510000228881836,17.34000015258789,17.3799991607666,511600.0
2018-08-03,17.34000015258789,17.56999969482422,17.34000015258789,17.510000228881836,311800.0
2018-08-06,17.540000915527344,17.68000030517578,17.540000915527344,17.639999389648438,347900.0
2018-08-07,17.68000030517578,17.700000762939453,17.540000915527344,17.549999237060547,346700.0
2018-08-08,17.520000457763672,17.56999969482422,17.479999542236328,17.540000915527344,274500.0
2018-08-09,17.540000915527344,17.540000915527344,17.469999313354492,17.489999771118164,278100.0
2018-08-10,17.40999984741211,17.520000457763672,17.190000534057617,17.209999084472656,536500.0
2018-08-13,17.059999465942383,17.15999984741211,17.040000915527344,17.079999923706055,414500.0
2018-08-14,17.15999984741211,17.219999313354492,17.1299991607666,17.219999313354492,294100.0
2018-08-15,17.239999771118164,17.239999771118164,17.059999465942383,17.06999969482422,421300.0
2018-08-16,17.149999618530273,17.399999618530273,17.149999618530273,17.290000915527344,406700.0
2018-08-17,17.219999313354492,17.450000762939453,17.219999313354492,17.440000534057617,298200.0
2018-08-20,17.459999084472656,17.459999084472656,17.25,17.270000457763672,184200.0
2018-08-21,17.209999084472656,17.360000610351562,17.18000030517578,17.25,226500.0
2018-08-22,17.190000534057617,17.190000534057617,17.059999465942383,17.139999389648438,305900.0
2018-08-23,17.049999237060547,17.110000610351562,16.969999313354492,16.989999771118164,384800.0
2018-08-24,17.06999969482422,17.139999389648438,17.020000457763672,17.040000915527344,261600.0
2018-08-27,16.959999084472656,17.190000534057617,16.959999084472656,17.18000030517578,294800.0
2018-08-28,17.1200008392334,17.1200008392334,16.899999618530273,16.899999618530273,552800.0
2018-08-29,16.969999313354492,17.059999465942383,16.899999618530273,16.989999771118164,579100.0
2018-08-30,16.950000762939453,16.959999084472656,16.84000015258789,16.850000381469727,757600.0
2018-08-31,16.899999618530273,17.06999969482422,16.899999618530273,17.059999465942383,1005200.0
2018-09-04,16.8700008392334,17.059999465942383,16.809999465942383,17.049999237060547,1059100.0
2018-09-05,17.1200008392334,17.1299991607666,17.030000686645508,17.049999237060547,533400.0
2018-09-06,17.0,17.06999969482422,16.989999771118164,17.010000228881836,393300.0
2018-09-07,17.049999237060547,17.100000381469727,17.010000228881836,17.100000381469727,398400.0
2018-09-10,17.15999984741211,17.239999771118164,17.15999984741211,17.219999313354492,391300.0
2018-09-11,17.170000076293945,17.170000076293945,17.040000915527344,17.049999237060547,559500.0
2018-09-12,17.040000915527344,17.25,17.040000915527344,17.15999984741211,1287700.0
2018-09-13,17.170000076293945,17.170000076293945,17.020000457763672,17.079999923706055,635300.0
2018-09-14,17.079999923706055,17.100000381469727,17.020000457763672,17.049999237060547,701400.0
2018-09-17,17.100000381469727,17.100000381469727,16.899999618530273,16.899999618530273,850700.0
2018-09-18,16.940000534057617,16.940000534057617,16.850000381469727,16.889999389648438,614000.0
2018-09-19,16.899999618530273,16.969999313354492,16.8700008392334,16.969999313354492,356400.0
2018-09-20,16.959999084472656,17.1299991607666,16.959999084472656,17.079999923706055,478000.0
2018-09-21,17.059999465942383,17.09000015258789,17.0,17.079999923706055,307500.0
2018-09-24,17.049999237060547,17.110000610351562,17.010000228881836,17.030000686645508,648700.0
2018-09-25,16.989999771118164,17.049999237060547,16.920000076293945,16.979999542236328,327800.0
2018-09-26,16.959999084472656,16.979999542236328,16.940000534057617,16.959999084472656,449300.0
2018-09-27,16.959999084472656,16.959999084472656,16.850000381469727,16.889999389648438,267900.0
2018-09-28,16.8799991607666,16.979999542236328,16.8700008392334,16.90999984741211,418300.0
2018-10-01,16.920000076293945,17.06999969482422,16.920000076293945,17.049999237060547,1171900.0
2018-10-02,17.079999923706055,17.3700008392334,17.079999923706055,17.360000610351562,1481700.0
2018-10-03,17.389999389648438,17.389999389648438,17.170000076293945,17.18000030517578,492800.0
2018-10-04,17.18000030517578,17.229999542236328,17.1200008392334,17.149999618530273,651000.0
2018-10-05,17.219999313354492,17.350000381469727,17.219999313354492,17.350000381469727,279800.0
2018-10-08,17.399999618530273,17.459999084472656,17.34000015258789,17.450000762939453,277500.0
2018-10-09,17.450000762939453,17.459999084472656,17.360000610351562,17.43000030517578,395000.0
2018-10-10,17.360000610351562,17.399999618530273,17.260000228881836,17.280000686645508,394100.0
2018-10-11,17.280000686645508,17.40999984741211,17.219999313354492,17.31999969482422,708100.0
2018-10-12,17.469999313354492,17.56999969482422,17.459999084472656,17.549999237060547,574300.0
2018-10-15,17.549999237060547,17.780000686645508,17.549999237060547,17.760000228881836,990200.0
2018-10-16,17.770000457763672,17.809999465942383,17.729999542236328,17.760000228881836,1230400.0
2018-10-17,17.719999313354492,17.81999969482422,17.719999313354492,17.75,512100.0
2018-10-18,17.700000762939453,17.709999084472656,17.549999237060547,17.549999237060547,650900.0
2018-10-19,17.549999237060547,17.670000076293945,17.520000457763672,17.540000915527344,520000.0
2018-10-22,17.59000015258789,17.65999984741211,17.56999969482422,17.6200008392334,386400.0
2018-10-23,17.510000228881836,17.700000762939453,17.5,17.65999984741211,334200.0
2018-10-24,17.75,17.790000915527344,17.610000610351562,17.6200008392334,403300.0
2018-10-25,17.6200008392334,17.68000030517578,17.530000686645508,17.559999465942383,378600.0
2018-10-26,17.639999389648438,17.770000457763672,17.639999389648438,17.719999313354492,421600.0
2018-10-29,17.719999313354492,17.790000915527344,17.510000228881836,17.510000228881836,331200.0
2018-10-30,17.549999237060547,17.549999237060547,17.40999984741211,17.450000762939453,255900.0
2018-10-31,17.399999618530273,17.459999084472656,17.3700008392334,17.40999984741211,711700.0
2018-11-01,17.530000686645508,17.690000534057617,17.5,17.6200008392334,952000.0
2018-11-02,17.719999313354492,17.770000457763672,17.670000076293945,17.770000457763672,1190600.0
2018-11-05,17.75,17.790000915527344,17.6299991607666,17.670000076293945,475400.0
2018-11-06,17.670000076293945,17.68000030517578,17.579999923706055,17.579999923706055,333800.0
2018-11-07,17.59000015258789,17.610000610351562,17.540000915527344,17.59000015258789,436800.0
2018-11-08,17.56999969482422,17.610000610351562,17.389999389648438,17.5,818600.0
2018-11-09,17.389999389648438,17.440000534057617,17.290000915527344,17.309999465942383,824900.0
2018-11-12,17.260000228881836,17.360000610351562,17.260000228881836,17.299999237060547,465900.0
2018-11-13,17.299999237060547,17.299999237060547,17.190000534057617,17.229999542236328,395000.0
2018-11-14,17.299999237060547,17.309999465942383,17.229999542236328,17.280000686645508,461200.0
2018-11-15,17.290000915527344,17.40999984741211,17.229999542236328,17.239999771118164,453700.0
2018-11-16,17.209999084472656,17.459999084472656,17.209999084472656,17.420000076293945,356800.0
2018-11-19,17.3700008392334,17.3799991607666,17.270000457763672,17.360000610351562,166600.0
2018-11-20,17.360000610351562,17.360000610351562,17.25,17.25,432700.0
2018-11-21,17.270000457763672,17.309999465942383,17.209999084472656,17.239999771118164,193400.0
2018-11-23,17.139999389648438,17.229999542236328,17.100000381469727,17.15999984741211,213000.0
2018-11-26,17.149999618530273,17.15999984741211,17.020000457763672,17.079999923706055,361800.0
2018-11-27,17.139999389648438,17.149999618530273,17.059999465942383,17.09000015258789,636600.0
2018-11-28,17.190000534057617,17.25,17.149999618530273,17.25,333400.0
2018-11-29,17.260000228881836,17.350000381469727,17.239999771118164,17.290000915527344,558700.0
2018-11-30,17.239999771118164,17.31999969482422,17.209999084472656,17.290000915527344,391000.0
2018-12-03,17.420000076293945,17.510000228881836,17.329999923706055,17.3700008392334,1685600.0
2018-12-04,17.299999237060547,17.360000610351562,17.270000457763672,17.290000915527344,1486000.0
2018-12-06,17.190000534057617,17.260000228881836,17.100000381469727,17.25,719700.0
2018-12-07,17.360000610351562,17.459999084472656,17.360000610351562,17.40999984741211,872000.0
2018-12-10,17.399999618530273,17.399999618530273,17.31999969482422,17.34000015258789,350300.0
2018-12-11,17.299999237060547,17.309999465942383,17.149999618530273,17.25,227000.0
2018-12-12,17.299999237060547,17.3700008392334,17.290000915527344,17.329999923706055,279800.0
2018-12-13,17.299999237060547,17.43000030517578,17.280000686645508,17.40999984741211,344400.0
2018-12-14,17.40999984741211,17.479999542236328,17.31999969482422,17.329999923706055,284100.0
2018-12-17,17.309999465942383,17.309999465942383,17.200000762939453,17.219999313354492,351800.0
2018-12-18,17.270000457763672,17.280000686645508,17.200000762939453,17.219999313354492,341300.0
2018-12-19,17.219999313354492,17.309999465942383,17.15999984741211,17.190000534057617,661500.0
2018-12-20,17.239999771118164,17.239999771118164,17.1200008392334,17.139999389648438,258100.0
2018-12-21,17.079999923706055,17.100000381469727,17.0,17.0,806100.0
2018-12-24,16.8700008392334,16.959999084472656,16.719999313354492,16.950000762939453,368700.0
2018-12-26,16.920000076293945,17.040000915527344,16.920000076293945,16.959999084472656,1059000.0
2018-12-27,16.959999084472656,16.959999084472656,16.8799991607666,16.899999618530273,419400.0
2018-12-28,16.979999542236328,17.0,16.950000762939453,16.969999313354492,348200.0
2018-12-31,16.979999542236328,16.989999771118164,16.90999984741211,16.940000534057617,439800.0
2019-01-02,16.8799991607666,17.0,16.8799991607666,16.90999984741211,253800.0
2019-01-03,16.920000076293945,16.989999771118164,16.920000076293945,16.969999313354492,492200.0
2019-01-04,16.979999542236328,17.010000228881836,16.90999984741211,16.940000534057617,264400.0
2019-01-07,17.09000015258789,17.190000534057617,17.059999465942383,17.15999984741211,512400.0
2019-01-08,17.239999771118164,17.280000686645508,17.200000762939453,17.280000686645508,329200.0
2019-01-09,17.290000915527344,17.350000381469727,17.280000686645508,17.309999465942383,309200.0
2019-01-10,17.219999313354492,17.25,17.15999984741211,17.18000030517578,241200.0
2019-01-11,17.209999084472656,17.260000228881836,17.200000762939453,17.239999771118164,198000.0
2019-01-14,17.149999618530273,17.219999313354492,17.1200008392334,17.15999984741211,131400.0
2019-01-15,17.100000381469727,17.1299991607666,17.059999465942383,17.079999923706055,140700.0
2019-01-16,17.149999618530273,17.18000030517578,17.079999923706055,17.100000381469727,237500.0
2019-01-17,17.139999389648438,17.200000762939453,17.09000015258789,17.200000762939453,214800.0
2019-01-18,17.190000534057617,17.309999465942383,17.15999984741211,17.280000686645508,473200.0
2019-01-22,17.18000030517578,17.190000534057617,17.049999237060547,17.1299991607666,519300.0
2019-01-23,17.1299991607666,17.18000030517578,17.079999923706055,17.18000030517578,222000.0
2019-01-24,17.18000030517578,17.190000534057617,17.1200008392334,17.190000534057617,125000.0
2019-01-25,17.079999923706055,17.09000015258789,16.979999542236328,17.079999923706055,280400.0
2019-01-28,17.06999969482422,17.09000015258789,17.030000686645508,17.09000015258789,331000.0
2019-01-29,17.06999969482422,17.06999969482422,16.979999542236328,17.010000228881836,114400.0
2019-01-30,17.010000228881836,17.010000228881836,16.93000030517578,17.0,122200.0
2019-01-31,17.030000686645508,17.079999923706055,16.920000076293945,16.920000076293945,484000.0
2019-02-01,16.979999542236328,17.0,16.90999984741211,16.93000030517578,691500.0
2019-02-04,16.950000762939453,17.1200008392334,16.950000762939453,17.1200008392334,350800.0
2019-02-05,17.059999465942383,17.079999923706055,16.989999771118164,17.06999969482422,490800.0
2019-02-06,17.100000381469727,17.1299991607666,17.079999923706055,17.110000610351562,298700.0
2019-02-07,17.030000686645508,17.030000686645508,16.899999618530273,16.950000762939453,443400.0
2019-02-08,16.950000762939453,16.950000762939453,16.829999923706055,16.829999923706055,465800.0
2019-02-11,16.81999969482422,16.81999969482422,16.729999542236328,16.809999465942383,290600.0
2019-02-12,16.850000381469727,16.899999618530273,16.84000015258789,16.889999389648438,272400.0
2019-02-13,16.84000015258789,16.8799991607666,16.829999923706055,16.860000610351562,306300.0
2019-02-14,16.829999923706055,16.829999923706055,16.68000030517578,16.709999084472656,474400.0
2019-02-15,16.799999237060547,16.8799991607666,16.75,16.8700008392334,442400.0
2019-02-19,16.850000381469727,16.8799991607666,16.760000228881836,16.799999237060547,235100.0
2019-02-20,16.700000762939453,16.709999084472656,16.59000015258789,16.690000534057617,280700.0
2019-02-21,16.739999771118164,16.770000457763672,16.670000076293945,16.729999542236328,350900.0
2019-02-22,16.799999237060547,16.829999923706055,16.739999771118164,16.760000228881836,237500.0
2019-02-25,16.739999771118164,16.739999771118164,16.559999465942383,16.56999969482422,258400.0
2019-02-26,16.56999969482422,16.59000015258789,16.5,16.540000915527344,380000.0
2019-02-27,16.559999465942383,16.6299991607666,16.520000457763672,16.610000610351562,167300.0
2019-02-28,16.559999465942383,16.559999465942383,16.440000534057617,16.440000534057617,328100.0
2019-03-01,16.469999313354492,16.5,16.34000015258789,16.450000762939453,404000.0
2019-03-04,16.450000762939453,16.489999771118164,16.309999465942383,16.329999923706055,1293500.0
2019-03-05,16.350000381469727,16.440000534057617,16.350000381469727,16.420000076293945,226300.0
2019-03-06,16.360000610351562,16.389999389648438,16.290000915527344,16.34000015258789,264100.0
2019-03-07,16.290000915527344,16.290000915527344,16.18000030517578,16.209999084472656,345700.0
2019-03-08,16.25,16.309999465942383,16.219999313354492,16.299999237060547,361500.0
2019-03-11,16.299999237060547,16.299999237060547,16.219999313354492,16.239999771118164,381900.0
2019-03-12,16.229999542236328,16.3700008392334,16.219999313354492,16.329999923706055,443900.0
2019-03-13,16.31999969482422,16.440000534057617,16.299999237060547,16.3700008392334,155200.0
2019-03-14,16.399999618530273,16.549999237060547,16.399999618530273,16.469999313354492,265600.0
2019-03-15,16.450000762939453,16.68000030517578,16.450000762939453,16.68000030517578,611900.0
2019-03-18,16.690000534057617,16.700000762939453,16.59000015258789,16.690000534057617,301700.0
2019-03-19,16.700000762939453,16.760000228881836,16.600000381469727,16.649999618530273,375100.0
2019-03-20,16.59000015258789,16.719999313354492,16.59000015258789,16.690000534057617,212300.0
2019-03-21,16.670000076293945,16.829999923706055,16.670000076293945,16.81999969482422,400800.0
2019-03-22,16.84000015258789,16.920000076293945,16.760000228881836,16.760000228881836,826400.0
2019-03-25,16.790000915527344,16.8799991607666,16.790000915527344,16.829999923706055,313600.0
2019-03-26,16.850000381469727,16.889999389648438,16.799999237060547,16.809999465942383,128800.0
2019-03-27,16.760000228881836,16.780000686645508,16.670000076293945,16.709999084472656,187200.0
2019-03-28,16.690000534057617,16.690000534057617,16.6299991607666,16.649999618530273,274200.0
2019-03-29,16.649999618530273,16.65999984741211,16.450000762939453,16.469999313354492,793000.0
2019-04-01,16.510000228881836,16.6299991607666,16.489999771118164,16.610000610351562,1040300.0
2019-04-02,16.610000610351562,16.68000030517578,16.579999923706055,16.65999984741211,427000.0
2019-04-03,16.709999084472656,16.780000686645508,16.709999084472656,16.780000686645508,335800.0
2019-04-04,16.799999237060547,16.989999771118164,16.799999237060547,16.989999771118164,571700.0
2019-04-05,16.920000076293945,16.93000030517578,16.829999923706055,16.90999984741211,454100.0
2019-04-08,16.8700008392334,16.8799991607666,16.81999969482422,16.850000381469727,298200.0
2019-04-09,16.860000610351562,16.860000610351562,16.780000686645508,16.799999237060547,332100.0
2019-04-10,16.809999465942383,16.899999618530273,16.809999465942383,16.850000381469727,137300.0
2019-04-11,16.8700008392334,16.899999618530273,16.75,16.760000228881836,365600.0
2019-04-12,16.739999771118164,16.8799991607666,16.739999771118164,16.8799991607666,499400.0
2019-04-15,16.850000381469727,16.899999618530273,16.829999923706055,16.850000381469727,145800.0
2019-04-16,16.709999084472656,16.75,16.65999984741211,16.68000030517578,338200.0
2019-04-17,16.690000534057617,16.719999313354492,16.610000610351562,16.6200008392334,242100.0
2019-04-18,16.729999542236328,16.75,16.65999984741211,16.729999542236328,380000.0
2019-04-22,16.719999313354492,16.739999771118164,16.510000228881836,16.530000686645508,361600.0
2019-04-23,16.520000457763672,16.520000457763672,16.440000534057617,16.459999084472656,227600.0
2019-04-24,16.389999389648438,16.389999389648438,16.260000228881836,16.260000228881836,120900.0
2019-04-25,16.260000228881836,16.260000228881836,16.170000076293945,16.190000534057617,210600.0
2019-04-26,16.209999084472656,16.299999237060547,16.190000534057617,16.200000762939453,191000.0
2019-04-29,16.25,16.260000228881836,16.100000381469727,16.100000381469727,212800.0
2019-04-30,16.149999618530273,16.200000762939453,16.030000686645508,16.059999465942383,190000.0
2019-05-01,16.020000457763672,16.09000015258789,15.970000267028809,16.079999923706055,320400.0
2019-05-02,16.09000015258789,16.190000534057617,16.09000015258789,16.1200008392334,263700.0
2019-05-03,16.1299991607666,16.139999389648438,16.030000686645508,16.030000686645508,133800.0
2019-05-06,15.819999694824219,15.880000114440918,15.770000457763672,15.869999885559082,177400.0
2019-05-07,15.75,15.880000114440918,15.710000038146973,15.8100004196167,222800.0
2019-05-08,15.8100004196167,15.84000015258789,15.680000305175781,15.680000305175781,200700.0
2019-05-09,15.680000305175781,15.6899995803833,15.550000190734863,15.630000114440918,571400.0
2019-05-10,15.65999984741211,15.729999542236328,15.5600004196167,15.59000015258789,402700.0
2019-05-13,15.520000457763672,15.550000190734863,15.420000076293945,15.550000190734863,312000.0
2019-05-14,15.65999984741211,15.880000114440918,15.65999984741211,15.8100004196167,301800.0
2019-05-15,15.850000381469727,15.949999809265137,15.819999694824219,15.84000015258789,253300.0
2019-05-16,15.920000076293945,16.06999969482422,15.899999618530273,16.06999969482422,196900.0
2019-05-17,16.020000457763672,16.030000686645508,15.90999984741211,15.920000076293945,276700.0
2019-05-20,16.110000610351562,16.170000076293945,16.079999923706055,16.1299991607666,288800.0
2019-05-21,16.219999313354492,16.34000015258789,16.190000534057617,16.209999084472656,378800.0
2019-05-22,16.170000076293945,16.229999542236328,16.1200008392334,16.15999984741211,510400.0
2019-05-23,16.1200008392334,16.25,16.079999923706055,16.110000610351562,356800.0
2019-05-24,16.190000534057617,16.299999237060547,16.190000534057617,16.270000457763672,385000.0
2019-05-28,16.469999313354492,16.530000686645508,16.40999984741211,16.530000686645508,351200.0
2019-05-29,16.68000030517578,16.75,16.479999542236328,16.530000686645508,532600.0
2019-05-30,16.709999084472656,16.780000686645508,16.65999984741211,16.75,454300.0
2019-05-31,16.670000076293945,16.850000381469727,16.6200008392334,16.6200008392334,654400.0
2019-06-03,16.68000030517578,16.729999542236328,16.549999237060547,16.59000015258789,522300.0
2019-06-04,16.579999923706055,16.709999084472656,16.579999923706055,16.649999618530273,522400.0
2019-06-05,16.579999923706055,16.649999618530273,16.399999618530273,16.420000076293945,403900.0
2019-06-06,16.5,16.670000076293945,16.469999313354492,16.639999389648438,229200.0
2019-06-07,16.600000381469727,16.6200008392334,16.459999084472656,16.459999084472656,540700.0
2019-06-10,16.43000030517578,16.6299991607666,16.399999618530273,16.59000015258789,392400.0
2019-06-11,16.610000610351562,16.700000762939453,16.530000686645508,16.65999984741211,252600.0
2019-06-12,16.709999084472656,16.799999237060547,16.709999084472656,16.75,505100.0
2019-06-13,16.790000915527344,16.809999465942383,16.75,16.770000457763672,525400.0
2019-06-14,16.84000015258789,16.8799991607666,16.75,16.780000686645508,223600.0
2019-06-17,16.84000015258789,16.920000076293945,16.809999465942383,16.899999618530273,702600.0
2019-06-18,16.790000915527344,16.90999984741211,16.790000915527344,16.809999465942383,251600.0
2019-06-19,16.760000228881836,16.81999969482422,16.709999084472656,16.739999771118164,160700.0
2019-06-20,16.690000534057617,16.850000381469727,16.690000534057617,16.760000228881836,244800.0
2019-06-21,16.780000686645508,16.780000686645508,16.56999969482422,16.56999969482422,440800.0
2019-06-24,16.639999389648438,16.68000030517578,16.59000015258789,16.600000381469727,203200.0
2019-06-25,16.709999084472656,16.760000228881836,16.670000076293945,16.68000030517578,254700.0
2019-06-26,16.65999984741211,16.739999771118164,16.6200008392334,16.690000534057617,162200.0
2019-06-27,16.729999542236328,16.770000457763672,16.68000030517578,16.75,246000.0
2019-06-28,16.760000228881836,16.889999389648438,16.549999237060547,16.56999969482422,546500.0
2019-07-01,16.6200008392334,16.68000030517578,16.530000686645508,16.549999237060547,502200.0
2019-07-02,16.479999542236328,16.549999237060547,16.440000534057617,16.469999313354492,279400.0
2019-07-03,16.520000457763672,16.700000762939453,16.520000457763672,16.690000534057617,205000.0
2019-07-05,16.690000534057617,16.690000534057617,16.56999969482422,16.59000015258789,244900.0
2019-07-08,16.670000076293945,16.709999084472656,16.56999969482422,16.59000015258789,145400.0
2019-07-09,16.639999389648438,16.65999984741211,16.399999618530273,16.639999389648438,141000.0
2019-07-10,16.690000534057617,16.709999084472656,16.59000015258789,16.65999984741211,120400.0
2019-07-11,16.670000076293945,16.780000686645508,16.579999923706055,16.770000457763672,254600.0
2019-07-12,16.739999771118164,16.889999389648438,16.739999771118164,16.889999389648438,201200.0
2019-07-15,16.760000228881836,16.760000228881836,16.6299991607666,16.709999084472656,284300.0
2019-07-16,16.600000381469727,16.600000381469727,16.5,16.579999923706055,149900.0
2019-07-17,16.610000610351562,16.649999618530273,16.520000457763672,16.530000686645508,156100.0
2019-07-18,16.5,16.5,16.399999618530273,16.40999984741211,265800.0
2019-07-19,16.40999984741211,16.649999618530273,16.40999984741211,16.600000381469727,231900.0
2019-07-22,16.579999923706055,16.6299991607666,16.479999542236328,16.510000228881836,204900.0
2019-07-23,16.459999084472656,16.600000381469727,16.399999618530273,16.559999465942383,154500.0
2019-07-24,16.6200008392334,16.65999984741211,16.540000915527344,16.559999465942383,308900.0
2019-07-25,16.610000610351562,16.610000610351562,16.420000076293945,16.420000076293945,181700.0
2019-07-26,16.43000030517578,16.450000762939453,16.350000381469727,16.350000381469727,227800.0
2019-07-29,16.399999618530273,16.40999984741211,16.31999969482422,16.31999969482422,425200.0
2019-07-30,16.31999969482422,16.31999969482422,16.18000030517578,16.18000030517578,160000.0
2019-07-31,16.15999984741211,16.190000534057617,15.9399995803833,15.9399995803833,275900.0
2019-08-01,15.949999809265137,15.949999809265137,15.739999771118164,15.75,564000.0
2019-08-02,15.770000457763672,15.819999694824219,15.720000267028809,15.729999542236328,364400.0
2019-08-05,15.489999771118164,15.789999961853027,15.390000343322754,15.739999771118164,340500.0
2019-08-06,15.699999809265137,15.760000228881836,15.550000190734863,15.59000015258789,332400.0
2019-08-07,15.510000228881836,15.569999694824219,15.460000038146973,15.569999694824219,220800.0
2019-08-08,15.579999923706055,15.6899995803833,15.579999923706055,15.680000305175781,662800.0
2019-08-09,15.729999542236328,15.770000457763672,15.680000305175781,15.75,511600.0
2019-08-12,15.800000190734863,15.800000190734863,15.210000038146973,15.229999542236328,694900.0
2019-08-13,15.229999542236328,15.390000343322754,15.130000114440918,15.180000305175781,331600.0
2019-08-14,15.130000114440918,15.25,15.130000114440918,15.210000038146973,217400.0
2019-08-15,15.149999618530273,15.239999771118164,15.100000381469727,15.130000114440918,350000.0
2019-08-16,15.050000190734863,15.180000305175781,15.050000190734863,15.079999923706055,143100.0
2019-08-19,15.050000190734863,15.100000381469727,15.0,15.029999732971191,238600.0
2019-08-20,15.039999961853027,15.0600004196167,15.0,15.039999961853027,153400.0
2019-08-21,15.109999656677246,15.119999885559082,15.0600004196167,15.069999694824219,122500.0
2019-08-22,15.140000343322754,15.170000076293945,15.09000015258789,15.119999885559082,140600.0
2019-08-23,15.199999809265137,15.199999809265137,14.899999618530273,14.9399995803833,249800.0
2019-08-26,15.069999694824219,15.140000343322754,15.039999961853027,15.130000114440918,148700.0
2019-08-27,15.100000381469727,15.109999656677246,14.979999542236328,15.020000457763672,106200.0
2019-08-28,14.979999542236328,15.09000015258789,14.890000343322754,15.0600004196167,172700.0
2019-08-29,15.0600004196167,15.079999923706055,14.960000038146973,15.0,113300.0
2019-08-30,15.020000457763672,15.050000190734863,14.960000038146973,14.979999542236328,103900.0
2019-09-03,14.920000076293945,15.0,14.899999618530273,14.970000267028809,288700.0
2019-09-04,15.020000457763672,15.050000190734863,14.979999542236328,15.029999732971191,473700.0
2019-09-05,15.079999923706055,15.079999923706055,14.899999618530273,14.920000076293945,343700.0
2019-09-06,14.90999984741211,14.949999809265137,14.829999923706055,14.84000015258789,353000.0
2019-09-09,14.800000190734863,14.90999984741211,14.619999885559082,14.84000015258789,217400.0
2019-09-10,14.899999618530273,15.079999923706055,14.859999656677246,15.079999923706055,541900.0
2019-09-11,15.069999694824219,15.130000114440918,15.0,15.109999656677246,412200.0
2019-09-12,15.199999809265137,15.399999618530273,15.1899995803833,15.399999618530273,570200.0
2019-09-13,15.470000267028809,15.520000457763672,15.399999618530273,15.4399995803833,403800.0
2019-09-16,15.520000457763672,15.619999885559082,15.460000038146973,15.59000015258789,856200.0
2019-09-17,15.539999961853027,15.5600004196167,15.420000076293945,15.460000038146973,356400.0
2019-09-18,15.430000305175781,15.489999771118164,15.40999984741211,15.460000038146973,251200.0
2019-09-19,15.430000305175781,15.5600004196167,15.430000305175781,15.510000228881836,153900.0
2019-09-20,15.470000267028809,15.489999771118164,15.359999656677246,15.420000076293945,417400.0
2019-09-23,15.5,15.579999923706055,15.5,15.529999732971191,278900.0
2019-09-24,15.529999732971191,15.619999885559082,15.529999732971191,15.5600004196167,234100.0
2019-09-25,15.5600004196167,15.710000038146973,15.550000190734863,15.710000038146973,190900.0
2019-09-26,15.729999542236328,15.75,15.670000076293945,15.739999771118164,237100.0
2019-09-27,15.739999771118164,15.779999732971191,15.710000038146973,15.720000267028809,283400.0
2019-09-30,15.739999771118164,15.880000114440918,15.710000038146973,15.859999656677246,238400.0
2019-10-01,15.829999923706055,15.880000114440918,15.8100004196167,15.880000114440918,213100.0
2019-10-02,15.869999885559082,15.890000343322754,15.779999732971191,15.84000015258789,865800.0
2019-10-03,15.770000457763672,15.90999984741211,15.770000457763672,15.880000114440918,380800.0
2019-10-04,15.84000015258789,15.850000381469727,15.760000228881836,15.770000457763672,249800.0
2019-10-07,15.710000038146973,15.710000038146973,15.5600004196167,15.630000114440918,197000.0
2019-10-08,15.569999694824219,15.770000457763672,15.569999694824219,15.720000267028809,163000.0
2019-10-09,15.770000457763672,15.8100004196167,15.729999542236328,15.75,344800.0
2019-10-10,15.770000457763672,15.789999961853027,15.680000305175781,15.6899995803833,131200.0
2019-10-11,15.770000457763672,15.90999984741211,15.770000457763672,15.899999618530273,388100.0
2019-10-14,15.930000305175781,15.970000267028809,15.859999656677246,15.890000343322754,178900.0
2019-10-15,15.880000114440918,16.010000228881836,15.880000114440918,15.989999771118164,285200.0
2019-10-16,15.9399995803833,15.970000267028809,15.880000114440918,15.949999809265137,327200.0
2019-10-17,15.979999542236328,16.0,15.890000343322754,15.899999618530273,111300.0
2019-10-18,15.90999984741211,15.9399995803833,15.850000381469727,15.930000305175781,116100.0
2019-10-21,15.930000305175781,15.9399995803833,15.890000343322754,15.899999618530273,168000.0
2019-10-22,15.899999618530273,15.930000305175781,15.850000381469727,15.850000381469727,96900.0
2019-10-23,15.8100004196167,15.90999984741211,15.760000228881836,15.880000114440918,445500.0
2019-10-24,15.859999656677246,15.899999618530273,15.819999694824219,15.84000015258789,82500.0
2019-10-25,15.829999923706055,15.949999809265137,15.8100004196167,15.880000114440918,386400.0
2019-10-28,15.890000343322754,15.970000267028809,15.859999656677246,15.970000267028809,138200.0
2019-10-29,15.989999771118164,15.989999771118164,15.899999618530273,15.920000076293945,276500.0
2019-10-30,15.899999618530273,16.0,15.880000114440918,15.970000267028809,170600.0
2019-10-31,15.930000305175781,15.960000038146973,15.829999923706055,15.9399995803833,316800.0
2019-11-01,15.930000305175781,16.079999923706055,15.930000305175781,16.06999969482422,279700.0
2019-11-04,16.06999969482422,16.1299991607666,16.059999465942383,16.06999969482422,524500.0
2019-11-05,16.09000015258789,16.200000762939453,16.079999923706055,16.200000762939453,177000.0
2019-11-06,16.15999984741211,16.15999984741211,16.06999969482422,16.100000381469727,279100.0
2019-11-07,16.1200008392334,16.1200008392334,16.049999237060547,16.079999923706055,185300.0
2019-11-08,16.100000381469727,16.18000030517578,16.059999465942383,16.1200008392334,321600.0
2019-11-11,16.079999923706055,16.110000610351562,16.030000686645508,16.06999969482422,193500.0
2019-11-12,16.110000610351562,16.260000228881836,16.110000610351562,16.260000228881836,259300.0
2019-11-13,16.270000457763672,16.290000915527344,16.18000030517578,16.200000762939453,1509500.0
2019-11-14,16.18000030517578,16.209999084472656,16.139999389648438,16.190000534057617,177600.0
2019-11-15,16.18000030517578,16.190000534057617,16.110000610351562,16.1299991607666,141100.0
2019-11-18,16.100000381469727,16.1200008392334,16.040000915527344,16.049999237060547,173700.0
2019-11-19,16.030000686645508,16.049999237060547,15.970000267028809,15.989999771118164,190500.0
2019-11-20,16.020000457763672,16.06999969482422,15.979999542236328,15.979999542236328,166400.0
2019-11-21,16.030000686645508,16.1299991607666,16.020000457763672,16.040000915527344,119100.0
2019-11-22,16.06999969482422,16.06999969482422,16.020000457763672,16.030000686645508,96300.0
2019-11-25,16.059999465942383,16.200000762939453,16.059999465942383,16.18000030517578,116000.0
2019-11-26,16.1200008392334,16.149999618530273,16.100000381469727,16.1299991607666,221300.0
2019-11-27,16.149999618530273,16.149999618530273,16.06999969482422,16.079999923706055,178600.0
2019-11-29,16.079999923706055,16.209999084472656,16.079999923706055,16.149999618530273,164100.0
2019-12-02,16.1200008392334,16.15999984741211,16.049999237060547,16.079999923706055,129900.0
2019-12-03,16.1200008392334,16.200000762939453,16.1200008392334,16.18000030517578,591600.0
2019-12-04,16.219999313354492,16.260000228881836,16.09000015258789,16.139999389648438,198900.0
2019-12-05,16.100000381469727,16.25,16.100000381469727,16.190000534057617,131900.0
2019-12-06,16.270000457763672,16.309999465942383,16.219999313354492,16.260000228881836,112000.0
2019-12-09,16.239999771118164,16.389999389648438,16.239999771118164,16.329999923706055,161600.0
2019-12-10,16.34000015258789,16.479999542236328,16.34000015258789,16.459999084472656,124400.0
2019-12-11,16.389999389648438,16.440000534057617,16.3700008392334,16.43000030517578,297700.0
2019-12-12,16.459999084472656,16.610000610351562,16.450000762939453,16.59000015258789,297000.0
2019-12-13,16.59000015258789,16.790000915527344,16.540000915527344,16.540000915527344,437600.0
2019-12-16,16.670000076293945,16.8799991607666,16.670000076293945,16.829999923706055,352500.0
2019-12-17,16.799999237060547,16.799999237060547,16.670000076293945,16.709999084472656,308600.0
2019-12-18,16.690000534057617,16.770000457763672,16.639999389648438,16.68000030517578,255700.0
2019-12-19,16.600000381469727,16.639999389648438,16.530000686645508,16.549999237060547,480600.0
2019-12-20,16.549999237060547,16.6200008392334,16.530000686645508,16.6200008392334,420200.0
2019-12-23,16.479999542236328,16.479999542236328,16.229999542236328,16.260000228881836,311700.0
2019-12-24,16.280000686645508,16.360000610351562,16.280000686645508,16.34000015258789,95700.0
2019-12-26,16.3799991607666,16.40999984741211,16.34000015258789,16.3700008392334,200900.0
2019-12-27,16.469999313354492,16.56999969482422,16.469999313354492,16.520000457763672,129900.0
2019-12-30,16.559999465942383,16.600000381469727,16.489999771118164,16.530000686645508,165700.0
2019-12-31,16.6299991607666,16.6299991607666,16.510000228881836,16.559999465942383,139400.0
2020-01-02,16.65999984741211,16.65999984741211,16.459999084472656,16.5,281300.0
2020-01-03,16.479999542236328,16.479999542236328,16.299999237060547,16.309999465942383,836700.0
2020-01-06,16.40999984741211,16.40999984741211,16.239999771118164,16.350000381469727,296000.0
2020-01-07,16.309999465942383,16.389999389648438,16.280000686645508,16.389999389648438,218500.0
2020-01-08,16.34000015258789,16.34000015258789,16.290000915527344,16.309999465942383,179400.0
2020-01-09,16.34000015258789,16.389999389648438,16.299999237060547,16.350000381469727,154600.0
2020-01-10,16.399999618530273,16.5,16.3700008392334,16.5,260200.0
2020-01-13,16.600000381469727,16.600000381469727,16.350000381469727,16.399999618530273,173700.0
2020-01-14,16.440000534057617,16.520000457763672,16.440000534057617,16.489999771118164,317400.0
2020-01-15,16.530000686645508,16.579999923706055,16.479999542236328,16.530000686645508,158200.0
2020-01-16,16.530000686645508,16.530000686645508,16.31999969482422,16.350000381469727,219100.0
2020-01-17,16.3700008392334,16.520000457763672,16.3700008392334,16.5,158500.0
2020-01-21,16.510000228881836,16.520000457763672,16.440000534057617,16.489999771118164,220500.0
2020-01-22,16.549999237060547,16.59000015258789,16.43000030517578,16.450000762939453,144600.0
2020-01-23,16.540000915527344,16.540000915527344,16.40999984741211,16.40999984741211,82100.0
2020-01-24,16.350000381469727,16.350000381469727,16.219999313354492,16.229999542236328,253400.0
2020-01-27,16.110000610351562,16.110000610351562,15.960000038146973,15.970000267028809,336200.0
2020-01-28,15.970000267028809,16.059999465942383,15.960000038146973,16.0,134900.0
2020-01-29,15.960000038146973,15.960000038146973,15.850000381469727,15.859999656677246,135900.0
2020-01-30,15.829999923706055,15.84000015258789,15.720000267028809,15.739999771118164,277700.0
2020-01-31,15.710000038146973,15.729999542236328,15.630000114440918,15.649999618530273,152400.0
2020-02-03,15.550000190734863,15.649999618530273,15.520000457763672,15.619999885559082,204000.0
2020-02-04,15.710000038146973,15.779999732971191,15.640000343322754,15.649999618530273,689000.0
2020-02-05,15.720000267028809,15.729999542236328,15.619999885559082,15.65999984741211,102100.0
2020-02-06,15.65999984741211,15.770000457763672,15.640000343322754,15.770000457763672,167900.0
2020-02-07,15.779999732971191,15.880000114440918,15.779999732971191,15.84000015258789,292100.0
2020-02-10,15.800000190734863,15.869999885559082,15.779999732971191,15.819999694824219,323200.0
2020-02-11,15.829999923706055,15.880000114440918,15.789999961853027,15.819999694824219,90700.0
2020-02-12,15.84000015258789,15.869999885559082,15.789999961853027,15.829999923706055,141400.0
2020-02-13,15.859999656677246,15.90999984741211,15.829999923706055,15.90999984741211,76100.0
2020-02-14,15.960000038146973,16.010000228881836,15.920000076293945,15.9399995803833,133300.0
2020-02-18,16.020000457763672,16.09000015258789,15.930000305175781,16.059999465942383,330300.0
2020-02-19,16.049999237060547,16.079999923706055,15.989999771118164,16.049999237060547,149600.0
2020-02-20,16.0,16.040000915527344,15.930000305175781,15.949999809265137,211900.0
2020-02-21,16.010000228881836,16.049999237060547,15.949999809265137,15.970000267028809,91100.0
2020-02-24,15.680000305175781,15.680000305175781,15.569999694824219,15.649999618530273,220000.0
2020-02-25,15.630000114440918,15.670000076293945,15.600000381469727,15.640000343322754,143800.0
2020-02-26,15.5600004196167,15.640000343322754,15.539999961853027,15.569999694824219,164000.0
2020-02-27,15.479999542236328,15.489999771118164,15.319999694824219,15.350000381469727,190600.0
2020-02-28,15.180000305175781,15.300000190734863,15.109999656677246,15.25,977200.0
2020-03-02,15.350000381469727,15.449999809265137,15.329999923706055,15.430000305175781,307600.0
2020-03-03,15.510000228881836,15.649999618530273,15.5,15.529999732971191,604500.0
2020-03-04,15.520000457763672,15.539999961853027,15.420000076293945,15.430000305175781,153100.0
2020-03-05,15.34000015258789,15.34000015258789,15.210000038146973,15.229999542236328,143600.0
2020-03-06,15.15999984741211,15.15999984741211,15.020000457763672,15.029999732971191,266700.0
2020-03-09,14.729999542236328,14.850000381469727,14.649999618530273,14.770000457763672,324200.0
2020-03-10,14.920000076293945,15.050000190734863,14.920000076293945,15.010000228881836,271100.0
2020-03-11,14.9399995803833,14.989999771118164,14.8100004196167,14.84000015258789,354800.0
2020-03-12,14.5600004196167,14.5600004196167,14.220000267028809,14.270000457763672,594600.0
2020-03-13,14.529999732971191,14.609999656677246,14.050000190734863,14.25,868100.0
2020-03-16,13.75,13.9399995803833,13.5,13.649999618530273,534200.0
2020-03-17,13.539999961853027,13.770000457763672,13.510000228881836,13.630000114440918,290500.0
2020-03-18,13.539999961853027,13.9399995803833,13.539999961853027,13.710000038146973,382300.0
2020-03-19,13.760000228881836,13.979999542236328,13.760000228881836,13.880000114440918,423900.0
2020-03-20,14.0,14.199999809265137,13.880000114440918,13.989999771118164,491300.0
2020-03-23,13.930000305175781,14.399999618530273,13.930000305175781,14.34000015258789,251500.0
2020-03-24,14.5,14.699999809265137,14.420000076293945,14.699999809265137,418800.0
2020-03-25,14.670000076293945,14.800000190734863,14.59000015258789,14.680000305175781,173700.0
2020-03-26,14.680000305175781,14.770000457763672,14.40999984741211,14.470000267028809,303600.0
2020-03-27,14.380000114440918,14.449999809265137,14.069999694824219,14.130000114440918,285600.0
2020-03-30,14.130000114440918,14.220000267028809,13.970000267028809,14.020000457763672,213700.0
2020-03-31,14.029999732971191,14.100000381469727,13.930000305175781,14.069999694824219,234600.0
2020-04-01,13.949999809265137,13.949999809265137,13.609999656677246,13.630000114440918,249400.0
2020-04-02,13.770000457763672,13.770000457763672,13.520000457763672,13.600000381469727,435400.0
2020-04-03,13.539999961853027,13.59000015258789,13.329999923706055,13.449999809265137,254700.0
2020-04-06,13.510000228881836,13.649999618530273,13.300000190734863,13.630000114440918,605000.0
2020-04-07,13.75,14.100000381469727,13.75,13.880000114440918,795300.0
2020-04-08,13.899999618530273,14.039999961853027,13.850000381469727,13.930000305175781,243200.0
2020-04-09,14.100000381469727,14.100000381469727,13.729999542236328,13.779999732971191,544900.0
2020-04-13,13.869999885559082,13.869999885559082,13.470000267028809,13.579999923706055,456700.0
2020-04-14,13.579999923706055,13.65999984741211,13.460000038146973,13.600000381469727,343200.0
2020-04-15,13.489999771118164,13.5600004196167,13.399999618530273,13.529999732971191,235300.0
2020-04-16,13.529999732971191,13.619999885559082,13.4399995803833,13.489999771118164,318500.0
2020-04-17,13.680000305175781,13.6899995803833,13.579999923706055,13.649999618530273,347400.0
2020-04-20,13.680000305175781,13.699999809265137,13.5,13.529999732971191,298400.0
2020-04-21,13.300000190734863,13.4399995803833,13.210000038146973,13.399999618530273,372500.0
2020-04-22,13.399999618530273,13.529999732971191,13.359999656677246,13.430000305175781,303200.0
2020-04-23,13.529999732971191,13.59000015258789,13.449999809265137,13.5600004196167,382300.0
2020-04-24,13.5600004196167,13.5600004196167,13.239999771118164,13.319999694824219,676600.0
2020-04-27,13.279999732971191,13.319999694824219,13.199999809265137,13.229999542236328,341800.0
2020-04-28,13.300000190734863,13.4399995803833,13.300000190734863,13.350000381469727,375700.0
2020-04-29,13.420000076293945,13.449999809265137,13.300000190734863,13.369999885559082,341300.0
2020-04-30,13.350000381469727,13.699999809265137,13.300000190734863,13.6899995803833,650800.0
2020-05-01,13.670000076293945,13.760000228881836,13.609999656677246,13.729999542236328,350400.0
2020-05-04,13.630000114440918,13.770000457763672,13.59000015258789,13.680000305175781,711800.0
2020-05-05,13.770000457763672,13.789999961853027,13.640000343322754,13.65999984741211,449300.0
2020-05-06,13.680000305175781,13.6899995803833,13.569999694824219,13.65999984741211,135600.0
2020-05-07,13.75,13.859999656677246,13.710000038146973,13.850000381469727,256300.0
2020-05-08,13.899999618530273,13.920000076293945,13.819999694824219,13.869999885559082,292500.0
2020-05-11,13.949999809265137,14.0,13.75,13.75,418100.0
2020-05-12,13.75,13.850000381469727,13.630000114440918,13.760000228881836,237100.0
2020-05-13,13.75,13.770000457763672,13.539999961853027,13.550000190734863,425900.0
2020-05-14,13.539999961853027,13.640000343322754,13.5,13.529999732971191,176600.0
2020-05-15,13.600000381469727,13.65999984741211,13.529999732971191,13.529999732971191,207700.0
2020-05-18,13.649999618530273,13.680000305175781,13.550000190734863,13.609999656677246,216500.0
2020-05-19,13.630000114440918,13.720000267028809,13.600000381469727,13.609999656677246,988300.0
2020-05-20,13.6899995803833,13.710000038146973,13.630000114440918,13.680000305175781,804000.0
2020-05-21,13.6899995803833,13.699999809265137,13.510000228881836,13.569999694824219,267900.0
2020-05-22,13.529999732971191,13.5600004196167,13.420000076293945,13.510000228881836,675900.0
2020-05-26,13.65999984741211,13.75,13.619999885559082,13.75,347300.0
2020-05-27,13.630000114440918,13.670000076293945,13.579999923706055,13.640000343322754,226500.0
2020-05-28,13.640000343322754,13.710000038146973,13.5600004196167,13.670000076293945,168900.0
2020-05-29,13.59000015258789,13.65999984741211,13.5,13.65999984741211,372100.0
2020-06-01,13.569999694824219,13.710000038146973,13.520000457763672,13.670000076293945,239800.0
2020-06-02,13.699999809265137,13.699999809265137,13.569999694824219,13.600000381469727,312800.0
2020-06-03,13.600000381469727,13.680000305175781,13.569999694824219,13.680000305175781,307800.0
2020-06-04,13.680000305175781,13.829999923706055,13.640000343322754,13.819999694824219,500100.0
2020-06-05,13.880000114440918,13.899999618530273,13.779999732971191,13.850000381469727,501400.0
2020-06-08,13.890000343322754,13.890000343322754,13.75,13.84000015258789,813900.0
2020-06-09,13.829999923706055,13.859999656677246,13.729999542236328,13.850000381469727,1077100.0
2020-06-10,13.880000114440918,13.890000343322754,13.770000457763672,13.789999961853027,695900.0
2020-06-11,13.6899995803833,13.6899995803833,13.579999923706055,13.600000381469727,993000.0
2020-06-12,13.680000305175781,13.739999771118164,13.579999923706055,13.609999656677246,523600.0
2020-06-15,13.449999809265137,13.579999923706055,13.369999885559082,13.529999732971191,443400.0
2020-06-16,13.65999984741211,13.670000076293945,13.479999542236328,13.529999732971191,541900.0
2020-06-17,13.5,13.569999694824219,13.430000305175781,13.529999732971191,410800.0
2020-06-18,13.510000228881836,13.550000190734863,13.4399995803833,13.489999771118164,623000.0
2020-06-19,13.539999961853027,13.5600004196167,13.479999542236328,13.489999771118164,856200.0
2020-06-22,13.449999809265137,13.479999542236328,13.399999618530273,13.479999542236328,280500.0
2020-06-23,13.430000305175781,13.539999961853027,13.369999885559082,13.5,419200.0
2020-06-24,13.489999771118164,13.5600004196167,13.390000343322754,13.399999618530273,413100.0
2020-06-25,13.449999809265137,13.470000267028809,13.329999923706055,13.420000076293945,227200.0
2020-06-26,13.329999923706055,13.329999923706055,13.149999618530273,13.15999984741211,534300.0
2020-06-29,13.239999771118164,13.359999656677246,13.220000267028809,13.350000381469727,373000.0
2020-06-30,13.359999656677246,13.539999961853027,13.34000015258789,13.510000228881836,325500.0
2020-07-01,13.579999923706055,13.680000305175781,13.510000228881836,13.680000305175781,484800.0
2020-07-02,13.680000305175781,13.699999809265137,13.630000114440918,13.630000114440918,397200.0
2020-07-06,13.65999984741211,13.670000076293945,13.5600004196167,13.5600004196167,596900.0
2020-07-07,13.520000457763672,13.640000343322754,13.510000228881836,13.609999656677246,2100000.0
2020-07-08,13.630000114440918,13.670000076293945,13.579999923706055,13.65999984741211,417600.0
2020-07-09,13.739999771118164,13.770000457763672,13.680000305175781,13.710000038146973,647900.0
2020-07-10,13.6899995803833,13.699999809265137,13.539999961853027,13.5600004196167,451500.0
2020-07-13,13.569999694824219,13.569999694824219,13.4399995803833,13.4399995803833,536900.0
2020-07-14,13.420000076293945,13.470000267028809,13.359999656677246,13.390000343322754,391600.0
2020-07-15,13.40999984741211,13.59000015258789,13.369999885559082,13.59000015258789,221200.0
2020-07-16,13.59000015258789,13.65999984741211,13.529999732971191,13.65999984741211,225400.0
2020-07-17,13.720000267028809,13.729999542236328,13.649999618530273,13.710000038146973,395300.0
2020-07-20,13.699999809265137,13.699999809265137,13.510000228881836,13.609999656677246,378100.0
2020-07-21,13.59000015258789,13.65999984741211,13.569999694824219,13.569999694824219,238900.0
2020-07-22,13.65999984741211,13.8100004196167,13.640000343322754,13.800000190734863,772800.0
2020-07-23,13.800000190734863,13.800000190734863,13.699999809265137,13.729999542236328,1013000.0
2020-07-24,13.75,13.800000190734863,13.6899995803833,13.75,342300.0
2020-07-27,13.859999656677246,13.90999984741211,13.84000015258789,13.869999885559082,1165900.0
2020-07-28,13.770000457763672,13.800000190734863,13.699999809265137,13.789999961853027,578800.0
2020-07-29,13.869999885559082,13.90999984741211,13.800000190734863,13.90999984741211,641500.0
2020-07-30,13.920000076293945,14.010000228881836,13.869999885559082,13.960000038146973,712700.0
2020-07-31,14.029999732971191,14.1899995803833,14.0,14.180000305175781,1272000.0
2020-08-03,14.180000305175781,14.199999809265137,14.119999885559082,14.15999984741211,1669800.0
2020-08-04,14.15999984741211,14.170000076293945,14.079999923706055,14.119999885559082,1066000.0
2020-08-05,14.170000076293945,14.25,14.079999923706055,14.180000305175781,1186400.0
2020-08-06,14.1899995803833,14.199999809265137,14.079999923706055,14.140000343322754,449100.0
2020-08-07,14.109999656677246,14.109999656677246,13.970000267028809,13.989999771118164,544600.0
2020-08-10,14.0,14.0600004196167,13.9399995803833,13.970000267028809,914200.0
2020-08-11,13.920000076293945,14.0,13.920000076293945,13.930000305175781,985500.0
2020-08-12,13.970000267028809,14.050000190734863,13.949999809265137,14.050000190734863,919500.0
2020-08-13,14.140000343322754,14.300000190734863,14.130000114440918,14.279999732971191,1523800.0
2020-08-14,14.3100004196167,14.350000381469727,14.199999809265137,14.229999542236328,1841200.0
2020-08-17,14.260000228881836,14.369999885559082,14.25,14.329999923706055,1051900.0
2020-08-18,14.380000114440918,14.380000114440918,14.260000228881836,14.319999694824219,621000.0
2020-08-19,14.350000381469727,14.390000343322754,14.319999694824219,14.380000114440918,870300.0
2020-08-20,14.350000381469727,14.359999656677246,14.270000457763672,14.3100004196167,440500.0
2020-08-21,14.270000457763672,14.329999923706055,14.229999542236328,14.289999961853027,549000.0
2020-08-24,14.399999618530273,14.399999618530273,14.260000228881836,14.289999961853027,760000.0
2020-08-25,14.359999656677246,14.529999732971191,14.359999656677246,14.5,1976100.0
2020-08-26,14.510000228881836,14.529999732971191,14.390000343322754,14.420000076293945,1274400.0
2020-08-27,14.520000457763672,14.609999656677246,14.430000305175781,14.600000381469727,2401900.0
2020-08-28,14.640000343322754,14.670000076293945,14.5600004196167,14.649999618530273,1252600.0
2020-08-31,14.739999771118164,14.760000228881836,14.65999984741211,14.739999771118164,1531900.0
2020-09-01,14.770000457763672,14.960000038146973,14.760000228881836,14.8100004196167,1398600.0
2020-09-02,14.760000228881836,14.8100004196167,14.680000305175781,14.789999961853027,1168400.0
2020-09-03,14.779999732971191,14.779999732971191,14.609999656677246,14.670000076293945,1042500.0
2020-09-04,14.729999542236328,14.770000457763672,14.600000381469727,14.75,1526900.0
2020-09-08,14.539999961853027,14.6899995803833,14.479999542236328,14.670000076293945,1380400.0
2020-09-09,14.670000076293945,14.680000305175781,14.569999694824219,14.619999885559082,630300.0
2020-09-10,14.699999809265137,14.829999923706055,14.699999809265137,14.720000267028809,898400.0
2020-09-11,14.770000457763672,14.859999656677246,14.739999771118164,14.859999656677246,667900.0
2020-09-14,14.850000381469727,14.869999885559082,14.680000305175781,14.710000038146973,772900.0
2020-09-15,14.760000228881836,14.779999732971191,14.65999984741211,14.75,973400.0
2020-09-16,14.720000267028809,14.779999732971191,14.680000305175781,14.720000267028809,543400.0
2020-09-17,14.699999809265137,14.899999618530273,14.680000305175781,14.890000343322754,684000.0
2020-09-18,14.920000076293945,14.989999771118164,14.829999923706055,14.979999542236328,1024800.0
2020-09-21,14.930000305175781,14.930000305175781,14.680000305175781,14.720000267028809,1905700.0
2020-09-22,14.729999542236328,14.800000190734863,14.65999984741211,14.670000076293945,655500.0
2020-09-23,14.649999618530273,14.729999542236328,14.619999885559082,14.619999885559082,759100.0
2020-09-24,14.600000381469727,14.680000305175781,14.569999694824219,14.619999885559082,886800.0
2020-09-25,14.619999885559082,14.6899995803833,14.5600004196167,14.630000114440918,310900.0
2020-09-28,14.630000114440918,14.649999618530273,14.520000457763672,14.529999732971191,471700.0
2020-09-29,14.510000228881836,14.59000015258789,14.479999542236328,14.539999961853027,429400.0
2020-09-30,14.539999961853027,14.829999923706055,14.539999961853027,14.739999771118164,1893000.0
2020-10-01,14.720000267028809,14.720000267028809,14.619999885559082,14.649999618530273,288600.0
2020-10-02,14.550000190734863,14.710000038146973,14.550000190734863,14.640000343322754,881300.0
2020-10-05,14.699999809265137,14.729999542236328,14.640000343322754,14.710000038146973,380200.0
2020-10-06,14.720000267028809,14.859999656677246,14.710000038146973,14.710000038146973,2146900.0
2020-10-07,14.829999923706055,14.9399995803833,14.829999923706055,14.920000076293945,1374600.0
2020-10-08,15.0,15.0,14.890000343322754,14.90999984741211,507700.0
2020-10-09,14.930000305175781,14.989999771118164,14.880000114440918,14.960000038146973,537800.0
2020-10-12,14.960000038146973,14.960000038146973,14.760000228881836,14.789999961853027,1265900.0
2020-10-13,14.8100004196167,14.829999923706055,14.739999771118164,14.8100004196167,337000.0
2020-10-14,14.8100004196167,14.890000343322754,14.779999732971191,14.890000343322754,460200.0
2020-10-15,14.760000228881836,14.899999618530273,14.720000267028809,14.869999885559082,483000.0
2020-10-16,14.899999618530273,14.899999618530273,14.819999694824219,14.819999694824219,726500.0
2020-10-19,14.920000076293945,14.949999809265137,14.859999656677246,14.880000114440918,1575700.0
2020-10-20,14.880000114440918,14.890000343322754,14.789999961853027,14.869999885559082,745000.0
2020-10-21,14.920000076293945,14.979999542236328,14.880000114440918,14.880000114440918,866400.0
2020-10-22,14.930000305175781,14.979999542236328,14.869999885559082,14.920000076293945,744500.0
2020-10-23,14.90999984741211,14.9399995803833,14.869999885559082,14.9399995803833,767700.0
2020-10-26,14.880000114440918,14.899999618530273,14.760000228881836,14.890000343322754,1771300.0
2020-10-27,14.890000343322754,14.979999542236328,14.770000457763672,14.789999961853027,540700.0
2020-10-28,14.59000015258789,14.640000343322754,14.550000190734863,14.59000015258789,1108400.0
2020-10-29,14.569999694824219,14.569999694824219,14.470000267028809,14.539999961853027,896300.0
2020-10-30,14.529999732971191,14.600000381469727,14.5,14.550000190734863,885100.0
2020-11-02,14.529999732971191,14.569999694824219,14.5,14.5600004196167,580600.0
2020-11-03,14.65999984741211,14.670000076293945,14.600000381469727,14.619999885559082,567400.0
2020-11-04,14.630000114440918,14.710000038146973,14.550000190734863,14.680000305175781,437800.0
2020-11-05,14.779999732971191,14.890000343322754,14.779999732971191,14.8100004196167,539500.0
2020-11-06,14.869999885559082,14.920000076293945,14.859999656677246,14.880000114440918,400300.0
2020-11-09,14.979999542236328,15.050000190734863,14.949999809265137,14.949999809265137,1179100.0
2020-11-10,14.930000305175781,15.140000343322754,14.930000305175781,15.119999885559082,1715900.0
2020-11-11,15.140000343322754,15.149999618530273,15.029999732971191,15.09000015258789,995400.0
2020-11-12,15.039999961853027,15.100000381469727,15.010000228881836,15.010000228881836,558700.0
2020-11-13,15.0,15.079999923706055,14.989999771118164,15.020000457763672,378300.0
2020-11-16,15.149999618530273,15.239999771118164,15.079999923706055,15.229999542236328,685200.0
2020-11-17,15.289999961853027,15.369999885559082,15.270000457763672,15.359999656677246,1024900.0
2020-11-18,15.430000305175781,15.520000457763672,15.420000076293945,15.460000038146973,822600.0
2020-11-19,15.420000076293945,15.460000038146973,15.359999656677246,15.399999618530273,1068600.0
2020-11-20,15.460000038146973,15.479999542236328,15.289999961853027,15.390000343322754,809300.0
2020-11-23,15.449999809265137,15.550000190734863,15.449999809265137,15.510000228881836,602200.0
2020-11-24,15.40999984741211,15.579999923706055,15.40999984741211,15.569999694824219,1434700.0
2020-11-25,15.550000190734863,15.550000190734863,15.420000076293945,15.479999542236328,900700.0
2020-11-27,15.550000190734863,15.670000076293945,15.550000190734863,15.65999984741211,632800.0
2020-11-30,15.6899995803833,15.6899995803833,15.479999542236328,15.5600004196167,1221100.0
2020-12-01,15.600000381469727,15.609999656677246,15.369999885559082,15.390000343322754,804700.0
2020-12-02,15.3100004196167,15.4399995803833,15.270000457763672,15.420000076293945,1980600.0
2020-12-03,15.5,15.5,15.34000015258789,15.380000114440918,774600.0
2020-12-04,15.350000381469727,15.359999656677246,15.210000038146973,15.300000190734863,1240500.0
2020-12-07,15.239999771118164,15.329999923706055,15.140000343322754,15.289999961853027,1307700.0
2020-12-08,15.239999771118164,15.25,15.170000076293945,15.239999771118164,661600.0
2020-12-09,15.229999542236328,15.3100004196167,15.170000076293945,15.270000457763672,987100.0
2020-12-10,15.329999923706055,15.430000305175781,15.319999694824219,15.34000015258789,929600.0
2020-12-11,15.430000305175781,15.489999771118164,15.359999656677246,15.479999542236328,1021700.0
2020-12-14,15.4399995803833,15.510000228881836,15.399999618530273,15.479999542236328,726000.0
2020-12-15,15.479999542236328,15.539999961853027,15.460000038146973,15.510000228881836,704900.0
2020-12-16,15.550000190734863,15.550000190734863,15.430000305175781,15.520000457763672,576200.0
2020-12-17,15.5600004196167,15.649999618530273,15.510000228881836,15.609999656677246,1341200.0
2020-12-18,15.569999694824219,15.630000114440918,15.529999732971191,15.609999656677246,662800.0
2020-12-21,15.529999732971191,15.680000305175781,15.5,15.680000305175781,608900.0
2020-12-22,15.6899995803833,15.6899995803833,15.609999656677246,15.619999885559082,480200.0
2020-12-23,15.720000267028809,15.789999961853027,15.680000305175781,15.779999732971191,1053900.0
2020-12-24,15.800000190734863,15.84000015258789,15.75,15.829999923706055,429100.0
2020-12-28,15.800000190734863,15.8100004196167,15.65999984741211,15.770000457763672,837900.0
2020-12-29,15.75,15.829999923706055,15.739999771118164,15.819999694824219,575900.0
2020-12-30,15.84000015258789,16.0,15.84000015258789,15.979999542236328,702000.0
2020-12-31,16.010000228881836,16.149999618530273,16.0,16.139999389648438,634000.0
2021-01-04,16.31999969482422,16.34000015258789,16.010000228881836,16.110000610351562,2284100.0
2021-01-05,16.110000610351562,16.25,16.059999465942383,16.200000762939453,920700.0
2021-01-06,16.190000534057617,16.25,16.110000610351562,16.1299991607666,1075700.0
2021-01-07,16.1200008392334,16.149999618530273,16.06999969482422,16.1200008392334,1536300.0
2021-01-08,16.1200008392334,16.170000076293945,16.049999237060547,16.139999389648438,1309500.0
2021-01-11,16.079999923706055,16.079999923706055,15.949999809265137,16.020000457763672,1266300.0
2021-01-12,16.06999969482422,16.280000686645508,16.010000228881836,16.270000457763672,2171000.0
2021-01-13,16.399999618530273,16.399999618530273,16.270000457763672,16.329999923706055,1404400.0
2021-01-14,16.329999923706055,16.530000686645508,16.290000915527344,16.510000228881836,892400.0
2021-01-15,16.56999969482422,16.600000381469727,16.479999542236328,16.559999465942383,2351400.0
2021-01-19,16.6299991607666,16.649999618530273,16.5,16.520000457763672,2044400.0
2021-01-20,16.450000762939453,16.489999771118164,16.3700008392334,16.440000534057617,769800.0
2021-01-21,16.5,16.5,16.420000076293945,16.469999313354492,797200.0
2021-01-22,16.290000915527344,16.34000015258789,16.15999984741211,16.209999084472656,1265200.0
2021-01-25,16.149999618530273,16.350000381469727,16.1299991607666,16.329999923706055,852400.0
2021-01-26,16.399999618530273,16.510000228881836,16.3799991607666,16.489999771118164,1264600.0
2021-01-27,16.520000457763672,16.549999237060547,16.350000381469727,16.43000030517578,804400.0
2021-01-28,16.459999084472656,16.5,16.290000915527344,16.299999237060547,722800.0
2021-01-29,16.350000381469727,16.43000030517578,16.260000228881836,16.389999389648438,854400.0
2021-02-01,16.459999084472656,16.459999084472656,16.309999465942383,16.450000762939453,1078200.0
2021-02-02,16.3700008392334,16.479999542236328,16.34000015258789,16.479999542236328,1293000.0
2021-02-03,16.43000030517578,16.510000228881836,16.3799991607666,16.5,1033700.0
2021-02-04,16.5,16.559999465942383,16.40999984741211,16.559999465942383,1015400.0
2021-02-05,16.610000610351562,16.700000762939453,16.56999969482422,16.670000076293945,640600.0
2021-02-08,16.729999542236328,16.790000915527344,16.690000534057617,16.75,1041700.0
2021-02-09,16.770000457763672,16.84000015258789,16.65999984741211,16.75,2791600.0
2021-02-10,16.700000762939453,16.700000762939453,16.559999465942383,16.6200008392334,1596500.0
2021-02-11,16.6299991607666,16.709999084472656,16.600000381469727,16.65999984741211,1028800.0
2021-02-12,16.670000076293945,16.790000915527344,16.65999984741211,16.690000534057617,726100.0
2021-02-16,16.860000610351562,17.0,16.829999923706055,16.959999084472656,2241500.0
2021-02-17,16.959999084472656,16.979999542236328,16.799999237060547,16.889999389648438,1664800.0
2021-02-18,16.959999084472656,16.979999542236328,16.8799991607666,16.950000762939453,928000.0
2021-02-19,17.040000915527344,17.1200008392334,17.010000228881836,17.049999237060547,1419300.0
2021-02-22,17.100000381469727,17.329999923706055,17.09000015258789,17.290000915527344,2508100.0
2021-02-23,17.34000015258789,17.40999984741211,17.260000228881836,17.3700008392334,2187000.0
2021-02-24,17.459999084472656,17.610000610351562,17.450000762939453,17.610000610351562,2197100.0
2021-02-25,17.579999923706055,17.600000381469727,17.440000534057617,17.549999237060547,2217000.0
2021-02-26,17.3799991607666,17.459999084472656,17.260000228881836,17.299999237060547,1815200.0
2021-03-01,17.450000762939453,17.450000762939453,17.18000030517578,17.190000534057617,1464500.0
2021-03-02,17.139999389648438,17.309999465942383,17.110000610351562,17.270000457763672,2097000.0
2021-03-03,17.149999618530273,17.239999771118164,17.149999618530273,17.170000076293945,1283700.0
2021-03-04,17.149999618530273,17.280000686645508,17.079999923706055,17.1200008392334,1430300.0
2021-03-05,17.149999618530273,17.209999084472656,17.09000015258789,17.200000762939453,1224000.0
2021-03-08,17.190000534057617,17.229999542236328,17.09000015258789,17.170000076293945,1365200.0
2021-03-09,17.170000076293945,17.270000457763672,17.1299991607666,17.25,810800.0
2021-03-10,17.219999313354492,17.219999313354492,17.09000015258789,17.190000534057617,1612900.0
2021-03-11,17.290000915527344,17.329999923706055,17.239999771118164,17.309999465942383,1216100.0
2021-03-12,17.25,17.309999465942383,17.200000762939453,17.299999237060547,532900.0
2021-03-15,17.25,17.290000915527344,17.200000762939453,17.270000457763672,717000.0
2021-03-16,17.309999465942383,17.3799991607666,17.290000915527344,17.360000610351562,695700.0
2021-03-17,17.299999237060547,17.309999465942383,17.239999771118164,17.309999465942383,673400.0
2021-03-18,17.280000686645508,17.280000686645508,16.93000030517578,16.940000534057617,1595200.0
2021-03-19,16.940000534057617,17.010000228881836,16.8799991607666,16.920000076293945,1091500.0
2021-03-22,16.920000076293945,16.940000534057617,16.799999237060547,16.93000030517578,1427700.0
2021-03-23,16.799999237060547,16.969999313354492,16.790000915527344,16.889999389648438,1212400.0
2021-03-24,16.8700008392334,16.90999984741211,16.84000015258789,16.860000610351562,674500.0
2021-03-25,16.829999923706055,16.850000381469727,16.760000228881836,16.809999465942383,1168800.0
2021-03-26,16.860000610351562,16.940000534057617,16.860000610351562,16.920000076293945,657600.0
2021-03-29,16.8700008392334,16.8700008392334,16.790000915527344,16.829999923706055,601000.0
2021-03-30,16.770000457763672,16.770000457763672,16.56999969482422,16.6200008392334,1181900.0
2021-03-31,16.56999969482422,17.040000915527344,16.56999969482422,16.940000534057617,2311000.0
2021-04-01,17.040000915527344,17.100000381469727,16.860000610351562,16.90999984741211,1736600.0
2021-04-05,16.969999313354492,17.059999465942383,16.90999984741211,16.920000076293945,750100.0
2021-04-06,16.989999771118164,17.09000015258789,16.959999084472656,17.040000915527344,383700.0
2021-04-07,17.079999923706055,17.15999984741211,17.049999237060547,17.1299991607666,570400.0
2021-04-08,17.190000534057617,17.299999237060547,17.18000030517578,17.290000915527344,1281500.0
2021-04-09,17.34000015258789,17.3700008392334,17.25,17.270000457763672,727100.0
2021-04-12,17.25,17.25,17.139999389648438,17.149999618530273,674700.0
2021-04-13,17.25,17.34000015258789,17.239999771118164,17.290000915527344,791400.0
2021-04-14,17.389999389648438,17.549999237060547,17.389999389648438,17.489999771118164,880200.0
2021-04-15,17.579999923706055,17.579999923706055,17.479999542236328,17.530000686645508,832600.0
2021-04-16,17.579999923706055,17.6299991607666,17.450000762939453,17.489999771118164,606900.0
2021-04-19,17.549999237060547,17.610000610351562,17.5,17.549999237060547,434200.0
2021-04-20,17.700000762939453,17.81999969482422,17.700000762939453,17.760000228881836,1442600.0
2021-04-21,17.760000228881836,17.8700008392334,17.700000762939453,17.84000015258789,756700.0
2021-04-22,17.899999618530273,18.1299991607666,17.81999969482422,18.059999465942383,1553100.0
2021-04-23,18.100000381469727,18.209999084472656,18.049999237060547,18.209999084472656,834900.0
2021-04-26,18.360000610351562,18.579999923706055,18.260000228881836,18.579999923706055,2563200.0
2021-04-27,18.579999923706055,18.739999771118164,18.389999389648438,18.579999923706055,2050700.0
2021-04-28,18.350000381469727,18.579999923706055,18.309999465942383,18.3700008392334,1571200.0
2021-04-29,18.43000030517578,18.43000030517578,18.190000534057617,18.290000915527344,1210300.0
2021-04-30,18.190000534057617,18.420000076293945,18.170000076293945,18.399999618530273,712000.0
2021-05-03,18.56999969482422,18.579999923706055,18.270000457763672,18.34000015258789,2236900.0
2021-05-04,18.43000030517578,18.559999465942383,18.3799991607666,18.489999771118164,1908800.0
2021-05-05,18.639999389648438,18.940000534057617,18.549999237060547,18.920000076293945,2055500.0
2021-05-06,19.0,19.229999542236328,18.920000076293945,19.209999084472656,2428200.0
2021-05-07,19.25,19.360000610351562,19.06999969482422,19.329999923706055,3591100.0
2021-05-10,19.25,19.25,18.979999542236328,18.979999542236328,3319400.0
2021-05-11,19.100000381469727,19.25,19.100000381469727,19.239999771118164,2297200.0
2021-05-12,19.200000762939453,19.270000457763672,19.040000915527344,19.059999465942383,2470000.0
2021-05-13,18.889999389648438,18.899999618530273,18.3700008392334,18.530000686645508,2850600.0
2021-05-14,18.700000762939453,18.700000762939453,18.329999923706055,18.360000610351562,1911900.0
2021-05-17,18.399999618530273,18.469999313354492,18.299999237060547,18.389999389648438,1364600.0
2021-05-18,18.59000015258789,18.68000030517578,18.530000686645508,18.59000015258789,1763300.0
2021-05-19,18.34000015258789,18.40999984741211,18.200000762939453,18.40999984741211,1636500.0
2021-05-20,18.40999984741211,18.489999771118164,18.329999923706055,18.3799991607666,961000.0
2021-05-21,18.290000915527344,18.420000076293945,18.260000228881836,18.389999389648438,1319500.0
2021-05-24,18.18000030517578,18.299999237060547,18.139999389648438,18.280000686645508,1448300.0
2021-05-25,18.350000381469727,18.420000076293945,18.079999923706055,18.190000534057617,1194400.0
2021-05-26,18.149999618530273,18.270000457763672,18.020000457763672,18.219999313354492,1082800.0
2021-05-27,18.299999237060547,18.6200008392334,18.299999237060547,18.579999923706055,1116200.0
2021-05-28,18.639999389648438,18.75,18.579999923706055,18.59000015258789,790100.0
2021-06-01,18.899999618530273,19.09000015258789,18.81999969482422,18.889999389648438,1344500.0
2021-06-02,18.969999313354492,19.030000686645508,18.729999542236328,18.920000076293945,937500.0
2021-06-03,18.959999084472656,18.959999084472656,18.610000610351562,18.670000076293945,744700.0
2021-06-04,18.770000457763672,19.040000915527344,18.770000457763672,19.010000228881836,634200.0
2021-06-07,19.1299991607666,19.139999389648438,18.940000534057617,19.0,1252100.0
2021-06-08,19.079999923706055,19.190000534057617,19.030000686645508,19.079999923706055,549700.0
2021-06-09,19.010000228881836,19.06999969482422,18.8799991607666,19.030000686645508,681600.0
2021-06-10,19.09000015258789,19.209999084472656,19.040000915527344,19.139999389648438,618800.0
2021-06-11,19.010000228881836,19.049999237060547,18.860000610351562,19.040000915527344,629500.0
2021-06-14,18.530000686645508,18.780000686645508,18.5,18.68000030517578,1675100.0
2021-06-15,18.479999542236328,18.549999237060547,18.40999984741211,18.520000457763672,1328300.0
2021-06-16,18.530000686645508,18.610000610351562,18.389999389648438,18.389999389648438,1857900.0
2021-06-17,18.1200008392334,18.209999084472656,17.670000076293945,17.68000030517578,2853100.0
2021-06-18,17.979999542236328,18.170000076293945,17.850000381469727,18.020000457763672,1996100.0
2021-06-21,17.84000015258789,18.110000610351562,17.799999237060547,18.06999969482422,2234300.0
2021-06-22,18.030000686645508,18.059999465942383,17.889999389648438,17.889999389648438,909300.0
2021-06-23,17.950000762939453,18.020000457763672,17.81999969482422,17.899999618530273,521300.0
2021-06-24,17.670000076293945,17.889999389648438,17.540000915527344,17.84000015258789,1346800.0
2021-06-25,17.889999389648438,17.90999984741211,17.729999542236328,17.829999923706055,540000.0
2021-06-28,17.889999389648438,18.219999313354492,17.889999389648438,18.209999084472656,1097300.0
2021-06-29,18.190000534057617,18.290000915527344,18.110000610351562,18.139999389648438,483800.0
2021-06-30,18.040000915527344,18.670000076293945,17.940000534057617,18.6299991607666,1597700.0
2021-07-01,18.850000381469727,18.90999984741211,18.450000762939453,18.469999313354492,1558200.0
2021-07-02,18.559999465942383,18.56999969482422,18.299999237060547,18.350000381469727,810700.0
2021-07-06,18.329999923706055,18.329999923706055,17.729999542236328,17.829999923706055,1817800.0
2021-07-07,17.809999465942383,17.860000610351562,17.670000076293945,17.799999237060547,1086900.0
2021-07-08,17.690000534057617,17.81999969482422,17.670000076293945,17.670000076293945,848700.0
2021-07-09,17.670000076293945,17.739999771118164,17.600000381469727,17.709999084472656,577100.0
2021-07-12,17.790000915527344,18.020000457763672,17.770000457763672,18.010000228881836,1259600.0
2021-07-13,18.0,18.110000610351562,17.93000030517578,18.059999465942383,469800.0
2021-07-14,18.15999984741211,18.31999969482422,18.149999618530273,18.260000228881836,615800.0
2021-07-15,18.229999542236328,18.350000381469727,18.229999542236328,18.31999969482422,585800.0
2021-07-16,18.459999084472656,18.530000686645508,18.360000610351562,18.3700008392334,1297300.0
2021-07-19,18.3700008392334,18.3799991607666,18.06999969482422,18.149999618530273,1441000.0
2021-07-20,18.3799991607666,18.540000915527344,18.34000015258789,18.459999084472656,1024400.0
2021-07-21,18.59000015258789,18.75,18.510000228881836,18.739999771118164,747100.0
2021-07-22,18.799999237060547,18.950000762939453,18.75,18.920000076293945,713400.0
2021-07-23,19.0,19.020000457763672,18.799999237060547,18.829999923706055,729700.0
2021-07-26,19.030000686645508,19.270000457763672,18.950000762939453,19.270000457763672,1117600.0
2021-07-27,19.299999237060547,19.389999389648438,19.06999969482422,19.15999984741211,734700.0
2021-07-28,19.229999542236328,19.270000457763672,19.100000381469727,19.190000534057617,806200.0
2021-07-29,19.170000076293945,19.18000030517578,19.049999237060547,19.1200008392334,624700.0
2021-07-30,18.850000381469727,18.850000381469727,18.610000610351562,18.649999618530273,910400.0
2021-08-02,18.6299991607666,18.760000228881836,18.6299991607666,18.68000030517578,426200.0
2021-08-03,18.6299991607666,18.809999465942383,18.6299991607666,18.75,316300.0
2021-08-04,18.760000228881836,18.84000015258789,18.6299991607666,18.65999984741211,587100.0
2021-08-05,18.760000228881836,18.809999465942383,18.729999542236328,18.760000228881836,265500.0
2021-08-06,18.790000915527344,18.8799991607666,18.719999313354492,18.8799991607666,266700.0
2021-08-09,18.770000457763672,18.81999969482422,18.729999542236328,18.760000228881836,605800.0
2021-08-10,18.90999984741211,19.049999237060547,18.90999984741211,19.040000915527344,623500.0
2021-08-11,19.049999237060547,19.1299991607666,19.0,19.1200008392334,939200.0
2021-08-12,19.06999969482422,19.3700008392334,19.06999969482422,19.280000686645508,693400.0
2021-08-13,19.360000610351562,19.3700008392334,19.25,19.329999923706055,631700.0
2021-08-16,19.420000076293945,19.43000030517578,19.299999237060547,19.40999984741211,418700.0
2021-08-17,19.350000381469727,19.360000610351562,19.200000762939453,19.290000915527344,727300.0
2021-08-18,19.299999237060547,19.34000015258789,19.260000228881836,19.299999237060547,1094800.0
2021-08-19,19.170000076293945,19.190000534057617,18.969999313354492,19.030000686645508,970500.0
2021-08-20,18.950000762939453,19.010000228881836,18.799999237060547,18.84000015258789,537900.0
2021-08-23,18.940000534057617,19.030000686645508,18.90999984741211,18.950000762939453,1560000.0
2021-08-24,19.0,19.18000030517578,19.0,19.149999618530273,802900.0
2021-08-25,19.09000015258789,19.280000686645508,19.09000015258789,19.239999771118164,1103500.0
2021-08-26,19.219999313354492,19.239999771118164,19.139999389648438,19.170000076293945,396200.0
2021-08-27,19.260000228881836,19.350000381469727,19.239999771118164,19.31999969482422,757300.0
2021-08-30,19.450000762939453,19.479999542236328,19.309999465942383,19.389999389648438,446000.0
2021-08-31,19.25,19.25,19.059999465942383,19.1299991607666,630000.0
2021-09-01,19.100000381469727,19.200000762939453,19.020000457763672,19.059999465942383,1446300.0
2021-09-02,19.149999618530273,19.170000076293945,19.079999923706055,19.079999923706055,694400.0
2021-09-03,19.09000015258789,19.1299991607666,19.049999237060547,19.06999969482422,276700.0
2021-09-07,19.100000381469727,19.110000610351562,18.940000534057617,18.950000762939453,855800.0
2021-09-08,19.010000228881836,19.049999237060547,18.829999923706055,18.829999923706055,525400.0
2021-09-09,18.739999771118164,18.81999969482422,18.65999984741211,18.670000076293945,749000.0
2021-09-10,18.600000381469727,18.649999618530273,18.489999771118164,18.59000015258789,1512800.0
2021-09-13,18.530000686645508,18.579999923706055,18.469999313354492,18.540000915527344,2118700.0
2021-09-14,18.559999465942383,18.649999618530273,18.540000915527344,18.56999969482422,1329700.0
2021-09-15,18.68000030517578,18.760000228881836,18.639999389648438,18.760000228881836,569900.0
2021-09-16,18.709999084472656,18.75,18.56999969482422,18.75,550100.0
2021-09-17,18.700000762939453,18.700000762939453,18.549999237060547,18.600000381469727,653500.0
2021-09-20,18.420000076293945,18.459999084472656,18.360000610351562,18.420000076293945,1144200.0
2021-09-21,18.440000534057617,18.469999313354492,18.31999969482422,18.399999618530273,374400.0
2021-09-22,18.530000686645508,18.600000381469727,18.520000457763672,18.56999969482422,268700.0
2021-09-23,18.639999389648438,18.809999465942383,18.639999389648438,18.799999237060547,619900.0
2021-09-24,18.739999771118164,18.81999969482422,18.719999313354492,18.799999237060547,486900.0
2021-09-27,18.829999923706055,18.969999313354492,18.829999923706055,18.940000534057617,937900.0
2021-09-28,18.989999771118164,19.010000228881836,18.90999984741211,19.0,853800.0
2021-09-29,19.040000915527344,19.049999237060547,18.950000762939453,19.0,736400.0
2021-09-30,19.040000915527344,19.200000762939453,19.0,19.1200008392334,1177000.0
2021-10-01,19.200000762939453,19.420000076293945,19.190000534057617,19.399999618530273,1008800.0
2021-10-04,19.360000610351562,19.5,19.299999237060547,19.360000610351562,1079400.0
2021-10-05,19.209999084472656,19.260000228881836,19.139999389648438,19.239999771118164,368300.0
2021-10-06,19.190000534057617,19.25,19.1200008392334,19.209999084472656,858500.0
2021-10-07,19.270000457763672,19.3700008392334,19.229999542236328,19.360000610351562,1405600.0
2021-10-08,19.450000762939453,19.510000228881836,19.399999618530273,19.40999984741211,750500.0
2021-10-11,19.360000610351562,19.43000030517578,19.309999465942383,19.350000381469727,875700.0
2021-10-12,19.459999084472656,19.459999084472656,19.31999969482422,19.350000381469727,1269700.0
2021-10-13,19.209999084472656,19.209999084472656,19.0,19.049999237060547,1339400.0
2021-10-14,19.110000610351562,19.149999618530273,19.049999237060547,19.1200008392334,1030300.0
2021-10-15,19.200000762939453,19.270000457763672,19.139999389648438,19.200000762939453,743300.0
2021-10-18,19.18000030517578,19.200000762939453,19.100000381469727,19.170000076293945,1011200.0
2021-10-19,19.139999389648438,19.18000030517578,19.059999465942383,19.1200008392334,445200.0
2021-10-20,19.100000381469727,19.18000030517578,19.06999969482422,19.18000030517578,464100.0
2021-10-21,19.100000381469727,19.149999618530273,18.959999084472656,18.989999771118164,582100.0
2021-10-22,19.010000228881836,19.079999923706055,18.93000030517578,18.979999542236328,493400.0
2021-10-25,19.059999465942383,19.15999984741211,19.059999465942383,19.139999389648438,1018400.0
2021-10-26,19.139999389648438,19.299999237060547,19.100000381469727,19.25,989800.0
2021-10-27,19.190000534057617,19.34000015258789,19.170000076293945,19.209999084472656,1455300.0
2021-10-28,19.290000915527344,19.389999389648438,19.239999771118164,19.299999237060547,755300.0
2021-10-29,19.260000228881836,19.309999465942383,19.18000030517578,19.290000915527344,904200.0
2021-11-01,19.420000076293945,19.56999969482422,19.40999984741211,19.520000457763672,1185100.0
2021-11-02,19.479999542236328,19.540000915527344,19.3700008392334,19.450000762939453,1278400.0
2021-11-03,19.399999618530273,19.549999237060547,19.360000610351562,19.43000030517578,634900.0
2021-11-04,19.40999984741211,19.559999465942383,19.329999923706055,19.3700008392334,1050500.0
2021-11-05,19.34000015258789,19.34000015258789,19.25,19.270000457763672,466300.0
2021-11-08,19.270000457763672,19.299999237060547,19.200000762939453,19.219999313354492,1204100.0
2021-11-09,19.219999313354492,19.3799991607666,19.1200008392334,19.360000610351562,1420800.0
2021-11-10,19.389999389648438,19.5,19.3700008392334,19.489999771118164,893500.0
2021-11-11,19.489999771118164,19.649999618530273,19.489999771118164,19.600000381469727,1151900.0
2021-11-12,19.649999618530273,19.790000915527344,19.6299991607666,19.75,1475300.0
2021-11-15,19.81999969482422,19.8799991607666,19.780000686645508,19.860000610351562,1999900.0
2021-11-16,19.799999237060547,19.8700008392334,19.780000686645508,19.8700008392334,582700.0
2021-11-17,19.950000762939453,20.1299991607666,19.93000030517578,20.110000610351562,2447200.0
2021-11-18,20.149999618530273,20.229999542236328,19.989999771118164,20.020000457763672,972600.0
2021-11-19,20.079999923706055,20.1299991607666,20.020000457763672,20.06999969482422,697500.0
2021-11-22,20.030000686645508,20.18000030517578,20.030000686645508,20.15999984741211,1577300.0
2021-11-23,20.149999618530273,20.309999465942383,20.110000610351562,20.309999465942383,991500.0
2021-11-24,20.280000686645508,20.3700008392334,20.260000228881836,20.260000228881836,897300.0
2021-11-26,20.010000228881836,20.030000686645508,19.799999237060547,19.969999313354492,1210000.0
2021-11-29,20.049999237060547,20.049999237060547,19.68000030517578,19.739999771118164,1270900.0
2021-11-30,19.540000915527344,19.579999923706055,19.31999969482422,19.360000610351562,2694000.0
2021-12-01,19.420000076293945,19.489999771118164,19.309999465942383,19.329999923706055,2502500.0
2021-12-02,19.56999969482422,19.729999542236328,19.5,19.65999984741211,1377800.0
2021-12-03,19.790000915527344,19.860000610351562,19.68000030517578,19.739999771118164,715100.0
2021-12-06,19.760000228881836,19.81999969482422,19.65999984741211,19.799999237060547,631000.0
2021-12-07,19.809999465942383,19.809999465942383,19.700000762939453,19.780000686645508,557100.0
2021-12-08,19.780000686645508,19.809999465942383,19.709999084472656,19.790000915527344,617200.0
2021-12-09,19.68000030517578,19.729999542236328,19.56999969482422,19.68000030517578,1429700.0
2021-12-10,19.6299991607666,19.729999542236328,19.6200008392334,19.719999313354492,512500.0
2021-12-13,19.700000762939453,19.809999465942383,19.68000030517578,19.770000457763672,1149200.0
2021-12-14,19.760000228881836,19.799999237060547,19.709999084472656,19.770000457763672,717100.0
2021-12-15,19.739999771118164,19.75,19.549999237060547,19.68000030517578,1023900.0
2021-12-16,19.6200008392334,19.770000457763672,19.59000015258789,19.739999771118164,650400.0
2021-12-17,19.690000534057617,19.709999084472656,19.579999923706055,19.579999923706055,604400.0
2021-12-20,19.420000076293945,19.43000030517578,19.309999465942383,19.350000381469727,1220500.0
2021-12-21,19.420000076293945,19.68000030517578,19.389999389648438,19.670000076293945,687000.0
2021-12-22,19.790000915527344,19.899999618530273,19.790000915527344,19.899999618530273,787500.0
2021-12-23,19.889999389648438,19.979999542236328,19.84000015258789,19.93000030517578,437300.0
2021-12-27,19.920000076293945,19.959999084472656,19.899999618530273,19.950000762939453,462900.0
2021-12-28,19.889999389648438,19.899999618530273,19.760000228881836,19.770000457763672,458100.0
2021-12-29,19.760000228881836,19.979999542236328,19.760000228881836,19.959999084472656,784200.0
2021-12-30,19.899999618530273,19.920000076293945,19.799999237060547,19.81999969482422,502300.0
2021-12-31,19.81999969482422,19.84000015258789,19.719999313354492,19.75,352600.0
2022-01-03,19.690000534057617,19.760000228881836,19.600000381469727,19.670000076293945,556500.0
2022-01-04,19.729999542236328,19.860000610351562,19.709999084472656,19.799999237060547,755100.0
2022-01-05,19.719999313354492,19.75,19.65999984741211,19.690000534057617,1111200.0
2022-01-06,19.639999389648438,19.68000030517578,19.549999237060547,19.670000076293945,523800.0
2022-01-07,19.739999771118164,19.84000015258789,19.700000762939453,19.84000015258789,445500.0
2022-01-10,19.709999084472656,19.719999313354492,19.540000915527344,19.68000030517578,714500.0
2022-01-11,19.649999618530273,19.81999969482422,19.579999923706055,19.799999237060547,830000.0
2022-01-12,19.8700008392334,19.8700008392334,19.739999771118164,19.809999465942383,1310300.0
2022-01-13,19.850000381469727,19.850000381469727,19.670000076293945,19.700000762939453,626000.0
2022-01-14,19.75,19.940000534057617,19.739999771118164,19.940000534057617,778800.0
2022-01-18,19.889999389648438,20.0,19.850000381469727,19.959999084472656,1514700.0
2022-01-19,20.09000015258789,20.299999237060547,20.09000015258789,20.299999237060547,2120900.0
2022-01-20,20.329999923706055,20.389999389648438,20.260000228881836,20.260000228881836,1584400.0
2022-01-21,20.209999084472656,20.209999084472656,20.079999923706055,20.149999618530273,2368100.0
2022-01-24,20.0,20.1200008392334,19.860000610351562,20.1200008392334,2892300.0
2022-01-25,20.1200008392334,20.239999771118164,20.09000015258789,20.200000762939453,2217400.0
2022-01-26,20.190000534057617,20.219999313354492,20.110000610351562,20.170000076293945,1739400.0
2022-01-27,20.100000381469727,20.1200008392334,19.920000076293945,19.940000534057617,1318400.0
2022-01-28,20.030000686645508,20.18000030517578,20.020000457763672,20.18000030517578,1381800.0
2022-01-31,20.219999313354492,20.270000457763672,20.1299991607666,20.190000534057617,1911300.0
2022-02-01,20.309999465942383,20.5,20.309999465942383,20.469999313354492,2257000.0
2022-02-02,20.520000457763672,20.520000457763672,20.360000610351562,20.420000076293945,2341100.0
2022-02-03,20.389999389648438,20.559999465942383,20.3799991607666,20.450000762939453,1201300.0
2022-02-04,20.489999771118164,20.6200008392334,20.450000762939453,20.59000015258789,1670200.0
2022-02-07,20.670000076293945,20.75,20.639999389648438,20.68000030517578,1397100.0
2022-02-08,20.690000534057617,20.84000015258789,20.65999984741211,20.829999923706055,1453900.0
2022-02-09,20.950000762939453,21.18000030517578,20.950000762939453,21.18000030517578,2476700.0
2022-02-10,21.25,21.3700008392334,21.010000228881836,21.030000686645508,2255500.0
2022-02-11,21.030000686645508,21.15999984741211,20.959999084472656,21.100000381469727,1741900.0
2022-02-14,21.0,21.020000457763672,20.799999237060547,21.020000457763672,2028300.0
2022-02-15,20.90999984741211,20.940000534057617,20.860000610351562,20.940000534057617,1187600.0
2022-02-16,20.969999313354492,21.020000457763672,20.950000762939453,21.0,1655400.0
2022-02-17,21.049999237060547,21.079999923706055,20.979999542236328,21.06999969482422,1512900.0
2022-02-18,21.06999969482422,21.1200008392334,21.020000457763672,21.040000915527344,1414500.0
2022-02-22,21.06999969482422,21.399999618530273,21.049999237060547,21.389999389648438,2983900.0
2022-02-23,21.450000762939453,21.469999313354492,21.31999969482422,21.399999618530273,2783200.0
2022-02-24,21.8799991607666,21.899999618530273,21.15999984741211,21.290000915527344,6757900.0
2022-02-25,20.8799991607666,20.979999542236328,20.6299991607666,20.690000534057617,3970800.0
2022-02-28,20.959999084472656,21.0,20.770000457763672,20.93000030517578,4196400.0
2022-03-01,21.31999969482422,21.530000686645508,21.229999542236328,21.440000534057617,5063200.0
2022-03-02,21.649999618530273,21.649999618530273,21.34000015258789,21.43000030517578,5534800.0
2022-03-03,21.579999923706055,22.149999618530273,21.510000228881836,21.90999984741211,10096800.0
2022-03-04,22.31999969482422,22.639999389648438,21.600000381469727,21.84000015258789,11291500.0
2022-03-07,22.229999542236328,22.290000915527344,21.850000381469727,22.229999542236328,8382600.0
2022-03-08,22.229999542236328,22.440000534057617,21.68000030517578,22.200000762939453,7919100.0
2022-03-09,22.010000228881836,22.010000228881836,21.639999389648438,21.860000610351562,5167100.0
2022-03-10,21.969999313354492,22.0,21.6299991607666,21.770000457763672,4536700.0
2022-03-11,21.68000030517578,21.90999984741211,21.559999465942383,21.84000015258789,2564100.0
2022-03-14,21.729999542236328,21.979999542236328,21.68000030517578,21.799999237060547,3182000.0
2022-03-15,21.600000381469727,21.780000686645508,21.510000228881836,21.719999313354492,3719700.0
2022-03-16,21.719999313354492,21.780000686645508,21.350000381469727,21.3700008392334,2675400.0
2022-03-17,21.399999618530273,21.68000030517578,21.399999618530273,21.6200008392334,2197900.0
2022-03-18,21.530000686645508,21.6299991607666,21.459999084472656,21.6299991607666,1799000.0
2022-03-21,21.860000610351562,22.15999984741211,21.850000381469727,22.09000015258789,5344800.0
2022-03-22,22.200000762939453,22.209999084472656,22.010000228881836,22.1299991607666,3391600.0
2022-03-23,22.270000457763672,22.389999389648438,22.18000030517578,22.229999542236328,3799100.0
2022-03-24,22.18000030517578,22.229999542236328,22.020000457763672,22.079999923706055,4133200.0
2022-03-25,22.09000015258789,22.260000228881836,22.059999465942383,22.25,2659100.0
2022-03-28,21.940000534057617,21.979999542236328,21.829999923706055,21.920000076293945,3978400.0
2022-03-29,21.610000610351562,21.850000381469727,21.399999618530273,21.75,4256100.0
2022-03-30,21.8799991607666,22.09000015258789,21.8700008392334,22.020000457763672,3382400.0
2022-03-31,22.079999923706055,22.229999542236328,21.850000381469727,21.8799991607666,2748000.0
2022-04-01,21.8799991607666,21.979999542236328,21.700000762939453,21.739999771118164,1578200.0
2022-04-04,21.940000534057617,21.969999313354492,21.799999237060547,21.889999389648438,1818100.0
2022-04-05,22.06999969482422,22.200000762939453,21.959999084472656,21.969999313354492,3493100.0
2022-04-06,21.889999389648438,21.969999313354492,21.84000015258789,21.959999084472656,2217500.0
2022-04-07,21.959999084472656,22.040000915527344,21.899999618530273,22.010000228881836,1680300.0
2022-04-08,22.1200008392334,22.360000610351562,22.1200008392334,22.350000381469727,5542100.0
2022-04-11,22.440000534057617,22.549999237060547,22.350000381469727,22.530000686645508,5246900.0
2022-04-12,22.65999984741211,22.770000457763672,22.610000610351562,22.709999084472656,3947400.0
2022-04-13,22.639999389648438,22.700000762939453,22.510000228881836,22.68000030517578,2928800.0
2022-04-14,22.6299991607666,22.65999984741211,22.530000686645508,22.56999969482422,3274300.0
2022-04-18,22.68000030517578,22.8799991607666,22.670000076293945,22.84000015258789,3882200.0
2022-04-19,22.75,22.75,22.600000381469727,22.6200008392334,4469000.0
2022-04-20,22.700000762939453,22.719999313354492,22.489999771118164,22.649999618530273,3067400.0
2022-04-21,22.649999618530273,22.68000030517578,22.540000915527344,22.610000610351562,2723100.0
2022-04-22,22.56999969482422,22.600000381469727,22.31999969482422,22.329999923706055,3439600.0
2022-04-25,22.1200008392334,22.190000534057617,21.959999084472656,22.149999618530273,5558100.0
2022-04-26,22.309999465942383,22.360000610351562,22.049999237060547,22.209999084472656,3047500.0
2022-04-27,22.229999542236328,22.299999237060547,22.149999618530273,22.209999084472656,3381900.0
2022-04-28,22.270000457763672,22.329999923706055,22.139999389648438,22.309999465942383,1983300.0
2022-04-29,22.360000610351562,22.3700008392334,22.059999465942383,22.06999969482422,1489100.0
2022-05-02,21.969999313354492,22.0,21.780000686645508,21.989999771118164,2133500.0
2022-05-03,22.040000915527344,22.149999618530273,21.829999923706055,21.8700008392334,1353500.0
2022-05-04,22.020000457763672,22.139999389648438,21.920000076293945,22.06999969482422,1749400.0
2022-05-05,22.170000076293945,22.170000076293945,21.989999771118164,22.110000610351562,1611400.0
2022-05-06,21.979999542236328,22.020000457763672,21.790000915527344,21.84000015258789,2595600.0
2022-05-09,21.709999084472656,21.729999542236328,21.270000457763672,21.329999923706055,6074400.0
2022-05-10,21.56999969482422,21.6299991607666,21.459999084472656,21.479999542236328,2063800.0
2022-05-11,21.700000762939453,21.920000076293945,21.68000030517578,21.8700008392334,3349700.0
2022-05-12,21.780000686645508,22.0,21.65999984741211,21.969999313354492,3303800.0
2022-05-13,22.0,22.190000534057617,21.90999984741211,22.18000030517578,1971300.0
2022-05-16,22.6200008392334,22.899999618530273,22.600000381469727,22.84000015258789,7783600.0
2022-05-17,22.700000762939453,23.010000228881836,22.700000762939453,22.959999084472656,5074300.0
2022-05-18,22.719999313354492,22.729999542236328,22.360000610351562,22.399999618530273,3828600.0
2022-05-19,22.270000457763672,22.479999542236328,22.200000762939453,22.389999389648438,2145700.0
2022-05-20,22.290000915527344,22.329999923706055,22.200000762939453,22.239999771118164,1437700.0
2022-05-23,22.309999465942383,22.450000762939453,22.280000686645508,22.440000534057617,2111400.0
2022-05-24,22.3700008392334,22.3700008392334,22.030000686645508,22.170000076293945,1493100.0
2022-05-25,21.959999084472656,22.110000610351562,21.920000076293945,22.059999465942383,1982200.0
2022-05-26,22.110000610351562,22.389999389648438,22.079999923706055,22.280000686645508,1786600.0
2022-05-27,22.31999969482422,22.489999771118164,22.299999237060547,22.420000076293945,1629400.0
2022-05-31,22.399999618530273,22.399999618530273,21.950000762939453,21.989999771118164,2333800.0
2022-06-01,22.09000015258789,22.200000762939453,21.84000015258789,21.969999313354492,1886500.0
2022-06-02,22.1299991607666,22.209999084472656,22.059999465942383,22.079999923706055,1806200.0
2022-06-03,22.030000686645508,22.06999969482422,21.84000015258789,21.8700008392334,2339000.0
2022-06-06,22.110000610351562,22.219999313354492,22.049999237060547,22.15999984741211,1460400.0
2022-06-07,22.100000381469727,22.1299991607666,21.969999313354492,22.110000610351562,2303500.0
2022-06-08,22.170000076293945,22.280000686645508,22.1200008392334,22.18000030517578,2097400.0
2022-06-09,22.079999923706055,22.25,22.06999969482422,22.18000030517578,1103500.0
2022-06-10,22.059999465942383,22.09000015258789,21.93000030517578,22.010000228881836,1473400.0
2022-06-13,21.8799991607666,21.8799991607666,21.510000228881836,21.760000228881836,3358700.0
2022-06-14,21.75,21.790000915527344,21.6299991607666,21.700000762939453,1970000.0
2022-06-15,21.600000381469727,21.799999237060547,21.579999923706055,21.709999084472656,2272200.0
2022-06-16,21.790000915527344,21.989999771118164,21.780000686645508,21.93000030517578,2835300.0
2022-06-17,22.020000457763672,22.110000610351562,21.799999237060547,21.799999237060547,2004300.0
2022-06-21,21.739999771118164,21.809999465942383,21.520000457763672,21.559999465942383,5814000.0
2022-06-22,21.479999542236328,21.549999237060547,21.290000915527344,21.299999237060547,3535600.0
2022-06-23,21.110000610351562,21.139999389648438,20.649999618530273,20.65999984741211,8575400.0
2022-06-24,20.81999969482422,20.860000610351562,20.700000762939453,20.729999542236328,3052900.0
2022-06-27,20.709999084472656,20.729999542236328,20.459999084472656,20.479999542236328,2489300.0
2022-06-28,20.6200008392334,20.729999542236328,20.549999237060547,20.56999969482422,2234500.0
2022-06-29,20.739999771118164,20.739999771118164,20.6299991607666,20.700000762939453,1828800.0
2022-06-30,20.6200008392334,20.700000762939453,20.3700008392334,20.3799991607666,2619500.0
2022-07-01,20.360000610351562,20.360000610351562,19.969999313354492,19.979999542236328,4772800.0
2022-07-05,19.8700008392334,19.8799991607666,19.479999542236328,19.549999237060547,4820200.0
2022-07-06,19.75,19.780000686645508,19.479999542236328,19.639999389648438,4061500.0
2022-07-07,20.0,20.110000610351562,19.920000076293945,20.010000228881836,2504800.0
2022-07-08,20.100000381469727,20.399999618530273,20.09000015258789,20.3799991607666,1228600.0
2022-07-11,20.5,20.520000457763672,20.219999313354492,20.25,925400.0
2022-07-12,20.040000915527344,20.110000610351562,19.68000030517578,19.690000534057617,2139300.0
2022-07-13,19.760000228881836,19.989999771118164,19.709999084472656,19.760000228881836,3541200.0
2022-07-14,19.649999618530273,19.65999984741211,19.489999771118164,19.520000457763672,4642600.0
2022-07-15,19.559999465942383,19.719999313354492,19.5,19.649999618530273,841500.0
2022-07-18,19.969999313354492,20.18000030517578,19.969999313354492,20.06999969482422,1408200.0
2022-07-19,19.860000610351562,20.020000457763672,19.770000457763672,19.950000762939453,1758800.0
2022-07-20,19.989999771118164,20.0,19.860000610351562,19.950000762939453,1240000.0
2022-07-21,19.700000762939453,19.81999969482422,19.56999969482422,19.600000381469727,1981600.0
2022-07-22,19.389999389648438,19.540000915527344,19.290000915527344,19.299999237060547,1712600.0
2022-07-25,19.530000686645508,19.59000015258789,19.3799991607666,19.559999465942383,834600.0
2022-07-26,19.799999237060547,19.860000610351562,19.68000030517578,19.799999237060547,1071200.0
2022-07-27,19.950000762939453,20.0,19.860000610351562,19.940000534057617,1275200.0
2022-07-28,20.09000015258789,20.190000534057617,20.06999969482422,20.1299991607666,1410700.0
2022-07-29,20.239999771118164,20.34000015258789,20.149999618530273,20.190000534057617,1411700.0
2022-08-01,19.93000030517578,19.979999542236328,19.75,19.959999084472656,1604400.0
2022-08-02,19.780000686645508,19.8700008392334,19.670000076293945,19.68000030517578,1636800.0
2022-08-03,19.8799991607666,19.93000030517578,19.6299991607666,19.760000228881836,976200.0
2022-08-04,19.760000228881836,20.09000015258789,19.729999542236328,20.059999465942383,825700.0
2022-08-05,19.920000076293945,20.100000381469727,19.899999618530273,19.969999313354492,1172800.0
2022-08-08,19.940000534057617,20.149999618530273,19.940000534057617,20.079999923706055,1345800.0
2022-08-09,20.139999389648438,20.190000534057617,20.049999237060547,20.15999984741211,1171700.0
2022-08-10,20.34000015258789,20.489999771118164,20.270000457763672,20.43000030517578,1428600.0
2022-08-11,20.489999771118164,20.6200008392334,20.489999771118164,20.6200008392334,1143100.0
2022-08-12,20.600000381469727,20.670000076293945,20.43000030517578,20.65999984741211,1518600.0
2022-08-15,20.469999313354492,20.56999969482422,20.389999389648438,20.520000457763672,1569500.0
2022-08-16,20.420000076293945,20.5,20.200000762939453,20.209999084472656,1118900.0
2022-08-17,20.280000686645508,20.329999923706055,20.170000076293945,20.209999084472656,886400.0
2022-08-18,20.209999084472656,20.209999084472656,19.90999984741211,19.90999984741211,1780300.0
2022-08-19,19.940000534057617,20.1299991607666,19.8700008392334,20.100000381469727,1044400.0
2022-08-22,20.100000381469727,20.309999465942383,20.059999465942383,20.260000228881836,1183400.0
2022-08-23,20.350000381469727,20.59000015258789,20.350000381469727,20.549999237060547,1954200.0
2022-08-24,20.65999984741211,20.739999771118164,20.510000228881836,20.6299991607666,1663800.0
2022-08-25,20.610000610351562,20.649999618530273,20.459999084472656,20.5,1455200.0
2022-08-26,20.56999969482422,20.790000915527344,20.530000686645508,20.760000228881836,2184800.0
2022-08-29,20.65999984741211,20.84000015258789,20.59000015258789,20.790000915527344,2410200.0
2022-08-30,20.700000762939453,20.739999771118164,20.610000610351562,20.700000762939453,2312500.0
2022-08-31,20.6299991607666,20.68000030517578,20.540000915527344,20.6299991607666,1109300.0
2022-09-01,20.520000457763672,20.579999923706055,20.280000686645508,20.309999465942383,2429900.0
2022-09-02,20.399999618530273,20.520000457763672,20.3700008392334,20.3799991607666,739000.0
2022-09-06,20.399999618530273,20.440000534057617,20.290000915527344,20.43000030517578,1218600.0
2022-09-07,20.420000076293945,20.700000762939453,20.280000686645508,20.299999237060547,1670000.0
2022-09-08,20.31999969482422,20.420000076293945,20.15999984741211,20.290000915527344,2038600.0
2022-09-09,20.420000076293945,20.670000076293945,20.40999984741211,20.670000076293945,1405700.0
2022-09-12,20.6299991607666,20.809999465942383,20.549999237060547,20.809999465942383,1550700.0
2022-09-13,20.6299991607666,20.739999771118164,20.610000610351562,20.68000030517578,1185900.0
2022-09-14,20.6200008392334,20.690000534057617,20.530000686645508,20.549999237060547,765500.0
2022-09-15,20.549999237060547,20.719999313354492,20.520000457763672,20.540000915527344,901700.0
2022-09-16,20.40999984741211,20.56999969482422,20.34000015258789,20.520000457763672,844400.0
2022-09-19,20.3700008392334,20.549999237060547,20.34000015258789,20.520000457763672,1103900.0
2022-09-20,20.600000381469727,20.850000381469727,20.579999923706055,20.790000915527344,1002200.0
2022-09-21,20.809999465942383,20.829999923706055,20.600000381469727,20.649999618530273,1328400.0
2022-09-22,20.65999984741211,20.719999313354492,20.56999969482422,20.65999984741211,733400.0
2022-09-23,20.40999984741211,20.40999984741211,20.170000076293945,20.260000228881836,2370100.0
2022-09-26,20.299999237060547,20.440000534057617,19.93000030517578,19.93000030517578,4199800.0
2022-09-27,20.170000076293945,20.219999313354492,19.959999084472656,19.969999313354492,2556800.0
2022-09-28,20.020000457763672,20.15999984741211,20.020000457763672,20.139999389648438,1036600.0
2022-09-29,20.18000030517578,20.209999084472656,20.049999237060547,20.149999618530273,695700.0
2022-09-30,20.190000534057617,20.270000457763672,20.010000228881836,20.020000457763672,1828100.0
2022-10-03,20.049999237060547,20.1200008392334,19.979999542236328,20.059999465942383,885500.0
2022-10-04,20.190000534057617,20.299999237060547,20.079999923706055,20.1200008392334,1551100.0
2022-10-05,20.1200008392334,20.299999237060547,20.110000610351562,20.239999771118164,1432600.0
2022-10-06,20.200000762939453,20.200000762939453,20.049999237060547,20.149999618530273,636600.0
2022-10-07,20.170000076293945,20.219999313354492,20.100000381469727,20.18000030517578,603200.0
2022-10-10,20.34000015258789,20.479999542236328,20.329999923706055,20.420000076293945,849300.0
2022-10-11,20.3700008392334,20.40999984741211,20.309999465942383,20.34000015258789,687500.0
2022-10-12,20.229999542236328,20.290000915527344,20.1200008392334,20.18000030517578,1106400.0
2022-10-13,20.010000228881836,20.25,19.979999542236328,20.18000030517578,1054400.0
2022-10-14,20.200000762939453,20.25,20.020000457763672,20.059999465942383,549500.0
2022-10-17,20.079999923706055,20.139999389648438,20.040000915527344,20.059999465942383,516900.0
2022-10-18,19.979999542236328,20.030000686645508,19.93000030517578,20.030000686645508,798400.0
2022-10-19,19.959999084472656,20.030000686645508,19.920000076293945,19.989999771118164,768200.0
2022-10-20,20.0,20.110000610351562,20.0,20.0,450900.0
2022-10-21,19.940000534057617,20.149999618530273,19.920000076293945,20.049999237060547,1902400.0
2022-10-24,20.06999969482422,20.079999923706055,19.979999542236328,19.979999542236328,936400.0
2022-10-25,19.889999389648438,19.969999313354492,19.8799991607666,19.920000076293945,948600.0
2022-10-26,19.899999618530273,19.950000762939453,19.829999923706055,19.84000015258789,1695000.0
2022-10-27,19.8799991607666,19.93000030517578,19.700000762939453,19.719999313354492,1261500.0
2022-10-28,19.610000610351562,19.649999618530273,19.5,19.6200008392334,941300.0
2022-10-31,19.790000915527344,19.889999389648438,19.700000762939453,19.829999923706055,1141800.0
2022-11-01,19.899999618530273,20.06999969482422,19.8799991607666,20.049999237060547,1188800.0
2022-11-02,19.969999313354492,20.030000686645508,19.93000030517578,19.940000534057617,953800.0
2022-11-03,19.780000686645508,19.889999389648438,19.739999771118164,19.84000015258789,482500.0
2022-11-04,20.059999465942383,20.110000610351562,19.959999084472656,20.09000015258789,723500.0
2022-11-07,20.059999465942383,20.170000076293945,20.010000228881836,20.15999984741211,1010200.0
2022-11-08,20.100000381469727,20.15999984741211,20.030000686645508,20.059999465942383,720400.0
2022-11-09,20.040000915527344,20.09000015258789,19.950000762939453,19.969999313354492,771400.0
2022-11-10,20.010000228881836,20.059999465942383,19.90999984741211,20.030000686645508,1432900.0
2022-11-11,20.1200008392334,20.18000030517578,20.049999237060547,20.079999923706055,966200.0
2022-11-14,19.969999313354492,20.1299991607666,19.959999084472656,20.06999969482422,647100.0
2022-11-15,19.969999313354492,20.209999084472656,19.959999084472656,20.1299991607666,951100.0
2022-11-16,20.06999969482422,20.06999969482422,19.979999542236328,20.059999465942383,758300.0
2022-11-17,19.84000015258789,19.889999389648438,19.809999465942383,19.8799991607666,1302900.0
2022-11-18,19.889999389648438,19.93000030517578,19.860000610351562,19.889999389648438,552400.0
2022-11-21,19.889999389648438,19.950000762939453,19.84000015258789,19.93000030517578,772100.0
2022-11-22,19.93000030517578,20.030000686645508,19.920000076293945,19.959999084472656,1316700.0
2022-11-23,19.850000381469727,19.90999984741211,19.829999923706055,19.8799991607666,1524800.0
2022-11-25,19.860000610351562,20.020000457763672,19.850000381469727,19.8700008392334,464100.0
2022-11-28,19.760000228881836,19.809999465942383,19.690000534057617,19.760000228881836,978600.0
2022-11-29,19.799999237060547,19.950000762939453,19.780000686645508,19.81999969482422,1088900.0
2022-11-30,19.899999618530273,20.059999465942383,19.860000610351562,20.049999237060547,1369200.0
2022-12-01,19.979999542236328,20.0,19.889999389648438,19.920000076293945,2622400.0
2022-12-02,19.860000610351562,19.90999984741211,19.790000915527344,19.860000610351562,1518700.0
2022-12-05,19.889999389648438,19.899999618530273,19.739999771118164,19.770000457763672,1568900.0
2022-12-06,19.770000457763672,19.799999237060547,19.579999923706055,19.6299991607666,1384700.0
2022-12-07,19.65999984741211,19.690000534057617,19.56999969482422,19.649999618530273,730000.0
2022-12-08,19.68000030517578,19.68000030517578,19.540000915527344,19.65999984741211,701300.0
2022-12-09,19.65999984741211,19.729999542236328,19.549999237060547,19.559999465942383,1672700.0
2022-12-12,19.6200008392334,19.75,19.579999923706055,19.729999542236328,1032200.0
2022-12-13,19.8700008392334,19.950000762939453,19.84000015258789,19.850000381469727,1419100.0
2022-12-14,19.790000915527344,19.889999389648438,19.760000228881836,19.829999923706055,1381100.0
2022-12-15,19.860000610351562,19.920000076293945,19.790000915527344,19.81999969482422,972500.0
2022-12-16,19.729999542236328,19.809999465942383,19.690000534057617,19.760000228881836,1932900.0
2022-12-19,19.68000030517578,19.709999084472656,19.6200008392334,19.670000076293945,1334500.0
2022-12-20,19.729999542236328,19.860000610351562,19.719999313354492,19.81999969482422,1659800.0
2022-12-21,19.829999923706055,20.040000915527344,19.829999923706055,20.040000915527344,2161700.0
2022-12-22,20.030000686645508,20.100000381469727,19.989999771118164,20.09000015258789,1722500.0
2022-12-23,20.139999389648438,20.200000762939453,20.09000015258789,20.200000762939453,1543200.0
2022-12-27,20.149999618530273,20.280000686645508,20.110000610351562,20.110000610351562,2237600.0
2022-12-28,20.209999084472656,20.290000915527344,20.190000534057617,20.25,2219100.0
2022-12-29,20.15999984741211,20.219999313354492,20.139999389648438,20.149999618530273,1874700.0
2022-12-30,20.149999618530273,20.239999771118164,20.1200008392334,20.149999618530273,859500.0
2023-01-03,20.110000610351562,20.149999618530273,19.860000610351562,19.93000030517578,448600.0
2023-01-04,19.829999923706055,19.84000015258789,19.68000030517578,19.690000534057617,1160100.0
2023-01-05,19.690000534057617,19.700000762939453,19.600000381469727,19.639999389648438,464200.0
2023-01-06,19.649999618530273,19.68000030517578,19.549999237060547,19.559999465942383,540100.0
2023-01-09,19.6299991607666,19.780000686645508,19.6200008392334,19.6299991607666,1029500.0
2023-01-10,19.549999237060547,19.549999237060547,19.420000076293945,19.420000076293945,964000.0
2023-01-11,19.399999618530273,19.399999618530273,19.34000015258789,19.3700008392334,1194300.0
2023-01-12,19.389999389648438,19.540000915527344,19.31999969482422,19.5,1461100.0
2023-01-13,19.450000762939453,19.540000915527344,19.43000030517578,19.530000686645508,615600.0
2023-01-17,19.5,19.610000610351562,19.469999313354492,19.600000381469727,698400.0
2023-01-18,19.649999618530273,19.68000030517578,19.469999313354492,19.469999313354492,1088200.0
2023-01-19,19.5,19.510000228881836,19.329999923706055,19.360000610351562,611600.0
2023-01-20,19.270000457763672,19.43000030517578,19.25,19.40999984741211,612800.0
2023-01-23,19.43000030517578,19.43000030517578,19.350000381469727,19.3799991607666,974300.0
2023-01-24,19.420000076293945,19.520000457763672,19.40999984741211,19.510000228881836,491600.0
2023-01-25,19.510000228881836,19.600000381469727,19.510000228881836,19.559999465942383,786200.0
2023-01-26,19.75,19.860000610351562,19.739999771118164,19.829999923706055,1132500.0
2023-01-27,19.829999923706055,19.90999984741211,19.770000457763672,19.8700008392334,399700.0
2023-01-30,19.959999084472656,20.020000457763672,19.950000762939453,19.979999542236328,974400.0
2023-01-31,20.040000915527344,20.239999771118164,20.020000457763672,20.229999542236328,1040500.0
2023-02-01,20.190000534057617,20.219999313354492,19.969999313354492,20.09000015258789,1336200.0
2023-02-02,20.190000534057617,20.260000228881836,20.1299991607666,20.170000076293945,1015600.0
2023-02-03,20.09000015258789,20.18000030517578,20.030000686645508,20.059999465942383,1863300.0
2023-02-06,20.100000381469727,20.100000381469727,19.899999618530273,20.010000228881836,411200.0
2023-02-07,19.989999771118164,20.110000610351562,19.969999313354492,20.059999465942383,545300.0
2023-02-08,20.040000915527344,20.1299991607666,19.979999542236328,20.1200008392334,441400.0
2023-02-09,20.170000076293945,20.170000076293945,19.989999771118164,19.989999771118164,1063700.0
2023-02-10,20.020000457763672,20.200000762939453,20.020000457763672,20.18000030517578,1712400.0
2023-02-13,20.15999984741211,20.31999969482422,20.15999984741211,20.299999237060547,779600.0
2023-02-14,20.299999237060547,20.479999542236328,20.270000457763672,20.459999084472656,1205500.0
2023-02-15,20.399999618530273,20.40999984741211,20.229999542236328,20.290000915527344,768700.0
2023-02-16,20.25,20.399999618530273,20.25,20.3799991607666,659800.0
2023-02-17,20.440000534057617,20.530000686645508,20.440000534057617,20.479999542236328,1033000.0
2023-02-21,20.6299991607666,20.739999771118164,20.600000381469727,20.68000030517578,817500.0
2023-02-22,20.68000030517578,20.68000030517578,20.56999969482422,20.579999923706055,474800.0
2023-02-23,20.600000381469727,20.6299991607666,20.510000228881836,20.559999465942383,285200.0
2023-02-24,20.40999984741211,20.40999984741211,20.260000228881836,20.260000228881836,842500.0
2023-02-27,20.299999237060547,20.309999465942383,20.219999313354492,20.239999771118164,955600.0
2023-02-28,20.270000457763672,20.280000686645508,20.18000030517578,20.190000534057617,522700.0
2023-03-01,20.209999084472656,20.360000610351562,20.200000762939453,20.31999969482422,783800.0
2023-03-02,20.260000228881836,20.299999237060547,20.15999984741211,20.200000762939453,922000.0
2023-03-03,20.209999084472656,20.3799991607666,20.170000076293945,20.31999969482422,2627000.0
2023-03-06,20.18000030517578,20.309999465942383,20.149999618530273,20.25,759400.0
2023-03-07,20.209999084472656,20.290000915527344,20.170000076293945,20.219999313354492,581900.0
2023-03-08,20.18000030517578,20.18000030517578,20.059999465942383,20.06999969482422,914600.0
2023-03-09,20.100000381469727,20.15999984741211,19.940000534057617,19.950000762939453,1198900.0
2023-03-10,19.93000030517578,20.049999237060547,19.93000030517578,20.030000686645508,1000400.0
2023-03-13,19.889999389648438,20.040000915527344,19.8799991607666,19.93000030517578,1149400.0
2023-03-14,19.90999984741211,20.010000228881836,19.860000610351562,19.93000030517578,842100.0
2023-03-15,19.799999237060547,19.829999923706055,19.700000762939453,19.709999084472656,1213400.0
2023-03-16,19.8799991607666,19.920000076293945,19.799999237060547,19.850000381469727,858300.0
2023-03-17,19.8799991607666,19.8799991607666,19.75,19.829999923706055,795500.0
2023-03-20,19.780000686645508,19.850000381469727,19.75,19.81999969482422,679700.0
2023-03-21,19.979999542236328,19.989999771118164,19.829999923706055,19.84000015258789,346500.0
2023-03-22,19.889999389648438,19.889999389648438,19.690000534057617,19.770000457763672,552000.0
2023-03-23,19.739999771118164,19.799999237060547,19.639999389648438,19.65999984741211,726800.0
2023-03-24,19.75,19.969999313354492,19.75,19.959999084472656,989500.0
2023-03-27,20.030000686645508,20.18000030517578,20.030000686645508,20.149999618530273,757300.0
2023-03-28,20.1200008392334,20.25,20.1200008392334,20.239999771118164,632100.0
2023-03-29,20.170000076293945,20.200000762939453,20.09000015258789,20.1200008392334,528900.0
2023-03-30,20.290000915527344,20.31999969482422,20.229999542236328,20.309999465942383,606500.0
2023-03-31,20.200000762939453,20.469999313354492,20.200000762939453,20.43000030517578,938200.0
2023-04-03,20.530000686645508,20.6299991607666,20.43000030517578,20.450000762939453,437800.0
2023-04-04,20.459999084472656,20.520000457763672,20.350000381469727,20.350000381469727,1995900.0
2023-04-05,20.3799991607666,20.510000228881836,20.3799991607666,20.450000762939453,461600.0
2023-04-06,20.520000457763672,20.65999984741211,20.5,20.649999618530273,1111300.0
2023-04-10,20.6200008392334,20.739999771118164,20.56999969482422,20.700000762939453,474600.0
2023-04-11,20.760000228881836,20.8799991607666,20.760000228881836,20.84000015258789,2304700.0
2023-04-12,20.84000015258789,20.84000015258789,20.75,20.770000457763672,498200.0
2023-04-13,20.979999542236328,21.049999237060547,20.850000381469727,20.8700008392334,711900.0
2023-04-14,20.81999969482422,20.920000076293945,20.790000915527344,20.90999984741211,644100.0
2023-04-17,20.979999542236328,21.209999084472656,20.969999313354492,21.200000762939453,1008100.0
2023-04-18,21.1299991607666,21.3700008392334,21.1299991607666,21.299999237060547,587100.0
2023-04-19,21.18000030517578,21.31999969482422,21.110000610351562,21.110000610351562,795000.0
2023-04-20,21.0,21.079999923706055,20.950000762939453,21.079999923706055,621500.0
2023-04-21,21.010000228881836,21.049999237060547,20.860000610351562,20.940000534057617,578000.0
2023-04-24,20.979999542236328,21.18000030517578,20.920000076293945,21.059999465942383,371400.0
2023-04-25,20.899999618530273,21.020000457763672,20.799999237060547,20.989999771118164,1009500.0
2023-04-26,21.040000915527344,21.100000381469727,20.969999313354492,21.020000457763672,336900.0
2023-04-27,21.049999237060547,21.100000381469727,20.899999618530273,20.979999542236328,406800.0
2023-04-28,20.860000610351562,20.989999771118164,20.84000015258789,20.950000762939453,737300.0
2023-05-01,20.940000534057617,20.940000534057617,20.690000534057617,20.729999542236328,414900.0
2023-05-02,20.709999084472656,20.790000915527344,20.540000915527344,20.540000915527344,526700.0
2023-05-03,20.5,20.670000076293945,20.450000762939453,20.600000381469727,1837500.0
2023-05-04,20.5,20.729999542236328,20.5,20.700000762939453,529400.0
2023-05-05,20.75,21.06999969482422,20.75,21.030000686645508,290000.0
2023-05-08,21.030000686645508,21.040000915527344,20.889999389648438,20.90999984741211,250500.0
2023-05-09,20.829999923706055,20.989999771118164,20.799999237060547,20.959999084472656,634200.0
2023-05-10,20.8700008392334,21.06999969482422,20.8700008392334,21.030000686645508,666600.0
2023-05-11,20.860000610351562,20.93000030517578,20.75,20.780000686645508,1833000.0
2023-05-12,20.8700008392334,20.93000030517578,20.739999771118164,20.829999923706055,513500.0
2023-05-15,20.899999618530273,21.149999618530273,20.899999618530273,21.09000015258789,460100.0
2023-05-16,21.110000610351562,21.15999984741211,20.889999389648438,20.940000534057617,430900.0
2023-05-17,20.8700008392334,20.940000534057617,20.719999313354492,20.780000686645508,465000.0
2023-05-18,20.600000381469727,20.719999313354492,20.559999465942383,20.700000762939453,379200.0
2023-05-19,20.940000534057617,20.979999542236328,20.760000228881836,20.780000686645508,359000.0
2023-05-22,20.770000457763672,20.790000915527344,20.709999084472656,20.760000228881836,460600.0
2023-05-23,20.809999465942383,20.84000015258789,20.719999313354492,20.739999771118164,473800.0
2023-05-24,20.700000762939453,20.770000457763672,20.600000381469727,20.6299991607666,365900.0
2023-05-25,20.549999237060547,20.549999237060547,20.360000610351562,20.399999618530273,552800.0
2023-05-26,20.530000686645508,20.610000610351562,20.510000228881836,20.56999969482422,347200.0
2023-05-30,20.5,20.510000228881836,20.40999984741211,20.440000534057617,520400.0
2023-05-31,20.350000381469727,20.489999771118164,20.34000015258789,20.459999084472656,1719100.0
2023-06-01,20.65999984741211,20.790000915527344,20.6299991607666,20.760000228881836,495400.0
2023-06-02,20.780000686645508,20.93000030517578,20.68000030517578,20.8799991607666,4954200.0
2023-06-05,20.829999923706055,20.899999618530273,20.809999465942383,20.850000381469727,591500.0
2023-06-06,20.940000534057617,21.040000915527344,20.889999389648438,21.020000457763672,1154800.0
2023-06-07,21.0,21.049999237060547,20.860000610351562,20.889999389648438,441500.0
2023-06-08,20.950000762939453,21.270000457763672,20.950000762939453,21.239999771118164,636800.0
2023-06-09,21.1200008392334,21.219999313354492,21.09000015258789,21.190000534057617,333300.0
2023-06-12,21.200000762939453,21.309999465942383,21.200000762939453,21.239999771118164,411600.0
2023-06-13,21.290000915527344,21.350000381469727,21.239999771118164,21.299999237060547,306800.0
2023-06-14,21.229999542236328,21.3700008392334,21.229999542236328,21.329999923706055,517200.0
2023-06-15,21.510000228881836,21.719999313354492,21.5,21.700000762939453,401200.0
2023-06-16,21.780000686645508,22.0,21.780000686645508,21.989999771118164,534000.0
2023-06-20,21.989999771118164,21.989999771118164,21.84000015258789,21.899999618530273,874000.0
2023-06-21,21.959999084472656,22.1299991607666,21.940000534057617,22.1299991607666,607100.0
2023-06-22,21.959999084472656,22.010000228881836,21.799999237060547,21.950000762939453,1377600.0
2023-06-23,21.649999618530273,21.8700008392334,21.489999771118164,21.530000686645508,463200.0
2023-06-26,21.540000915527344,21.770000457763672,21.489999771118164,21.510000228881836,488100.0
2023-06-27,21.399999618530273,21.399999618530273,21.209999084472656,21.290000915527344,358900.0
2023-06-28,21.049999237060547,21.139999389648438,21.030000686645508,21.049999237060547,445700.0
2023-06-29,20.959999084472656,20.989999771118164,20.829999923706055,20.93000030517578,503400.0
2023-06-30,21.06999969482422,21.25,21.06999969482422,21.06999969482422,1392300.0
2023-07-03,21.15999984741211,21.3700008392334,21.15999984741211,21.309999465942383,505600.0
2023-07-05,21.399999618530273,21.40999984741211,21.190000534057617,21.239999771118164,710200.0
2023-07-06,21.209999084472656,21.309999465942383,21.170000076293945,21.219999313354492,379300.0
2023-07-07,21.18000030517578,21.309999465942383,21.1299991607666,21.15999984741211,539200.0
2023-07-10,21.209999084472656,21.290000915527344,21.18000030517578,21.18000030517578,554400.0
2023-07-11,21.270000457763672,21.420000076293945,21.229999542236328,21.389999389648438,814400.0
2023-07-12,21.399999618530273,21.530000686645508,21.209999084472656,21.209999084472656,971200.0
2023-07-13,21.209999084472656,21.360000610351562,21.190000534057617,21.350000381469727,1008400.0
2023-07-14,21.549999237060547,21.6200008392334,21.479999542236328,21.59000015258789,710200.0
2023-07-17,21.68000030517578,21.68000030517578,21.43000030517578,21.440000534057617,838600.0
2023-07-18,21.530000686645508,21.780000686645508,21.530000686645508,21.739999771118164,1142500.0
2023-07-19,21.860000610351562,22.030000686645508,21.860000610351562,22.0,633800.0
2023-07-20,22.110000610351562,22.139999389648438,22.010000228881836,22.049999237060547,680500.0
2023-07-21,22.0,22.059999465942383,21.950000762939453,22.010000228881836,668300.0
2023-07-24,22.149999618530273,22.3799991607666,22.149999618530273,22.350000381469727,1204000.0
2023-07-25,22.31999969482422,22.3799991607666,22.260000228881836,22.360000610351562,408900.0
2023-07-26,22.299999237060547,22.3700008392334,22.15999984741211,22.309999465942383,798900.0
2023-07-27,22.290000915527344,22.290000915527344,22.100000381469727,22.110000610351562,553300.0
2023-07-28,21.959999084472656,22.110000610351562,21.90999984741211,21.989999771118164,717500.0
2023-07-31,21.93000030517578,21.93000030517578,21.799999237060547,21.93000030517578,421900.0
2023-08-01,21.81999969482422,21.969999313354492,21.790000915527344,21.959999084472656,618400.0
2023-08-02,21.90999984741211,21.90999984741211,21.760000228881836,21.790000915527344,441100.0
2023-08-03,21.690000534057617,21.75,21.559999465942383,21.6200008392334,396300.0
2023-08-04,21.65999984741211,21.719999313354492,21.600000381469727,21.639999389648438,502500.0
2023-08-07,21.719999313354492,21.729999542236328,21.579999923706055,21.59000015258789,844400.0
2023-08-08,21.479999542236328,21.479999542236328,21.360000610351562,21.43000030517578,443800.0
2023-08-09,21.440000534057617,21.469999313354492,21.360000610351562,21.389999389648438,327900.0
2023-08-10,21.399999618530273,21.520000457763672,21.399999618530273,21.40999984741211,300400.0
2023-08-11,21.420000076293945,21.530000686645508,21.350000381469727,21.40999984741211,649500.0
2023-08-14,21.31999969482422,21.329999923706055,21.219999313354492,21.25,803700.0
2023-08-15,21.270000457763672,21.270000457763672,21.079999923706055,21.079999923706055,826500.0
2023-08-16,21.1200008392334,21.280000686645508,21.1200008392334,21.190000534057617,365200.0
2023-08-17,21.229999542236328,21.290000915527344,21.15999984741211,21.18000030517578,772800.0
2023-08-18,21.290000915527344,21.3799991607666,21.25,21.350000381469727,750400.0
2023-08-21,21.489999771118164,21.489999771118164,21.270000457763672,21.290000915527344,438800.0
2023-08-22,21.3799991607666,21.3799991607666,21.1299991607666,21.15999984741211,275000.0
2023-08-23,21.299999237060547,21.43000030517578,21.299999237060547,21.3799991607666,216000.0
2023-08-24,21.34000015258789,21.559999465942383,21.34000015258789,21.559999465942383,169800.0
2023-08-25,21.559999465942383,21.700000762939453,21.530000686645508,21.6200008392334,209200.0
2023-08-28,21.690000534057617,21.829999923706055,21.65999984741211,21.829999923706055,379900.0
2023-08-29,21.790000915527344,21.8700008392334,21.770000457763672,21.799999237060547,202600.0
2023-08-30,21.84000015258789,21.899999618530273,21.790000915527344,21.850000381469727,193700.0
2023-08-31,21.81999969482422,21.8799991607666,21.719999313354492,21.739999771118164,330700.0
2023-09-01,21.809999465942383,21.889999389648438,21.739999771118164,21.780000686645508,287300.0
2023-09-05,21.850000381469727,21.979999542236328,21.799999237060547,21.920000076293945,403400.0
2023-09-06,21.899999618530273,22.0,21.899999618530273,21.940000534057617,246700.0
2023-09-07,21.8799991607666,21.940000534057617,21.850000381469727,21.899999618530273,258600.0
2023-09-08,21.920000076293945,21.920000076293945,21.829999923706055,21.850000381469727,319600.0
2023-09-11,21.90999984741211,22.040000915527344,21.90999984741211,22.010000228881836,211800.0
2023-09-12,22.030000686645508,22.059999465942383,21.969999313354492,22.040000915527344,352600.0
2023-09-13,22.06999969482422,22.1299991607666,22.020000457763672,22.110000610351562,383700.0
2023-09-14,22.110000610351562,22.280000686645508,22.110000610351562,22.209999084472656,263100.0
2023-09-15,22.309999465942383,22.3799991607666,22.309999465942383,22.34000015258789,250500.0
2023-09-18,22.31999969482422,22.31999969482422,22.1200008392334,22.18000030517578,415200.0
2023-09-19,22.239999771118164,22.31999969482422,22.229999542236328,22.270000457763672,252500.0
2023-09-20,22.1299991607666,22.209999084472656,22.100000381469727,22.209999084472656,277200.0
2023-09-21,22.079999923706055,22.079999923706055,21.899999618530273,21.899999618530273,326900.0
2023-09-22,21.90999984741211,21.959999084472656,21.81999969482422,21.860000610351562,196400.0
2023-09-25,21.729999542236328,21.780000686645508,21.670000076293945,21.75,208900.0
2023-09-26,21.75,21.780000686645508,21.649999618530273,21.670000076293945,203500.0
2023-09-27,21.649999618530273,21.670000076293945,21.59000015258789,21.610000610351562,227000.0
2023-09-28,21.600000381469727,21.809999465942383,21.549999237060547,21.799999237060547,209500.0
2023-09-29,21.739999771118164,21.739999771118164,21.389999389648438,21.40999984741211,1023000.0
2023-10-02,21.5,21.670000076293945,21.5,21.579999923706055,536300.0
2023-10-03,21.510000228881836,21.530000686645508,21.309999465942383,21.3700008392334,523300.0
2023-10-04,21.399999618530273,21.399999618530273,21.299999237060547,21.31999969482422,216400.0
2023-10-05,21.270000457763672,21.440000534057617,21.260000228881836,21.440000534057617,211000.0
2023-10-06,21.40999984741211,21.59000015258789,21.40999984741211,21.579999923706055,153200.0
2023-10-09,21.579999923706055,21.610000610351562,21.489999771118164,21.56999969482422,310600.0
2023-10-10,21.5,21.579999923706055,21.5,21.549999237060547,167500.0
2023-10-11,21.510000228881836,21.540000915527344,21.3700008392334,21.40999984741211,425600.0
2023-10-12,21.549999237060547,21.6299991607666,21.420000076293945,21.610000610351562,461600.0
2023-10-13,21.760000228881836,21.760000228881836,21.649999618530273,21.709999084472656,273500.0
2023-10-16,21.739999771118164,21.790000915527344,21.709999084472656,21.729999542236328,228800.0
2023-10-17,21.81999969482422,21.920000076293945,21.809999465942383,21.860000610351562,250300.0
2023-10-18,21.93000030517578,21.969999313354492,21.860000610351562,21.920000076293945,227600.0
2023-10-19,21.899999618530273,22.010000228881836,21.860000610351562,21.969999313354492,283800.0
2023-10-20,22.010000228881836,22.06999969482422,21.889999389648438,21.920000076293945,578300.0
2023-10-23,21.940000534057617,22.030000686645508,21.90999984741211,21.93000030517578,359900.0
2023-10-24,21.889999389648438,21.950000762939453,21.829999923706055,21.90999984741211,219700.0
2023-10-25,21.90999984741211,21.90999984741211,21.719999313354492,21.809999465942383,536500.0
2023-10-26,21.809999465942383,21.899999618530273,21.799999237060547,21.850000381469727,267400.0
2023-10-27,21.920000076293945,22.059999465942383,21.90999984741211,22.049999237060547,912000.0
2023-10-30,21.969999313354492,22.020000457763672,21.899999618530273,21.899999618530273,392700.0
2023-10-31,21.969999313354492,22.06999969482422,21.950000762939453,22.010000228881836,221300.0
2023-11-01,21.950000762939453,22.0,21.920000076293945,21.979999542236328,672600.0
2023-11-02,22.040000915527344,22.239999771118164,22.040000915527344,22.239999771118164,1165300.0
2023-11-03,22.209999084472656,22.40999984741211,22.209999084472656,22.399999618530273,293100.0
2023-11-06,22.399999618530273,22.489999771118164,22.350000381469727,22.459999084472656,2009600.0
2023-11-07,22.350000381469727,22.43000030517578,22.139999389648438,22.15999984741211,363500.0
2023-11-08,22.15999984741211,22.299999237060547,22.15999984741211,22.260000228881836,504100.0
2023-11-09,22.270000457763672,22.34000015258789,22.1299991607666,22.1299991607666,434700.0
2023-11-10,22.1299991607666,22.1299991607666,22.010000228881836,22.040000915527344,305200.0
2023-11-13,22.079999923706055,22.3700008392334,22.049999237060547,22.360000610351562,304500.0
2023-11-14,22.280000686645508,22.34000015258789,22.229999542236328,22.25,383800.0
2023-11-15,22.200000762939453,22.329999923706055,22.200000762939453,22.290000915527344,298400.0
2023-11-16,22.219999313354492,22.229999542236328,22.09000015258789,22.1200008392334,320700.0
2023-11-17,22.079999923706055,22.110000610351562,22.010000228881836,22.079999923706055,280200.0
2023-11-20,22.1299991607666,22.209999084472656,22.06999969482422,22.139999389648438,341700.0
2023-11-21,22.15999984741211,22.209999084472656,22.09000015258789,22.18000030517578,129200.0
2023-11-22,22.100000381469727,22.15999984741211,22.040000915527344,22.06999969482422,289200.0
2023-11-24,22.010000228881836,22.010000228881836,21.729999542236328,21.739999771118164,290300.0
2023-11-27,21.790000915527344,21.829999923706055,21.59000015258789,21.59000015258789,672500.0
2023-11-28,21.639999389648438,21.979999542236328,21.6299991607666,21.940000534057617,386800.0
2023-11-29,21.959999084472656,22.110000610351562,21.940000534057617,22.079999923706055,278100.0
2023-11-30,22.139999389648438,22.299999237060547,22.110000610351562,22.280000686645508,406200.0
2023-12-01,22.059999465942383,22.190000534057617,22.010000228881836,22.020000457763672,477900.0
2023-12-04,21.969999313354492,22.1299991607666,21.950000762939453,21.979999542236328,562700.0
2023-12-05,21.899999618530273,22.020000457763672,21.889999389648438,22.010000228881836,208500.0
2023-12-06,21.889999389648438,21.959999084472656,21.540000915527344,21.549999237060547,701100.0
2023-12-07,21.6200008392334,21.729999542236328,21.59000015258789,21.68000030517578,997900.0
2023-12-08,21.700000762939453,21.829999923706055,21.700000762939453,21.81999969482422,215000.0
2023-12-11,21.799999237060547,21.829999923706055,21.610000610351562,21.709999084472656,359000.0
2023-12-12,21.719999313354492,21.8799991607666,21.65999984741211,21.850000381469727,648600.0
2023-12-13,21.770000457763672,21.790000915527344,21.65999984741211,21.719999313354492,729300.0
2023-12-14,21.760000228881836,21.90999984741211,21.760000228881836,21.899999618530273,466100.0
2023-12-15,21.8799991607666,22.0,21.799999237060547,21.959999084472656,306900.0
2023-12-18,20.959999084472656,21.020000457763672,20.899999618530273,21.020000457763672,841100.0
2023-12-19,20.950000762939453,21.110000610351562,20.899999618530273,21.06999969482422,853100.0
2023-12-20,20.979999542236328,21.0,20.790000915527344,20.81999969482422,478900.0
2023-12-21,20.84000015258789,20.899999618530273,20.729999542236328,20.790000915527344,525500.0
2023-12-22,20.860000610351562,20.959999084472656,20.829999923706055,20.889999389648438,967600.0
2023-12-26,20.899999618530273,21.020000457763672,20.850000381469727,20.979999542236328,752300.0
2023-12-27,20.969999313354492,21.040000915527344,20.950000762939453,21.0,847100.0
2023-12-28,21.0,21.1299991607666,20.979999542236328,21.049999237060547,537100.0
2023-12-29,20.8799991607666,20.920000076293945,20.690000534057617,20.739999771118164,563800.0
2024-01-02,20.84000015258789,20.8799991607666,20.670000076293945,20.690000534057617,542600.0
2024-01-03,20.670000076293945,20.670000076293945,20.520000457763672,20.59000015258789,282400.0
2024-01-04,20.56999969482422,20.719999313354492,20.520000457763672,20.719999313354492,693400.0
2024-01-05,20.610000610351562,20.709999084472656,20.56999969482422,20.579999923706055,314700.0
2024-01-08,20.450000762939453,20.540000915527344,20.389999389648438,20.510000228881836,2311000.0
2024-01-09,20.610000610351562,20.739999771118164,20.540000915527344,20.649999618530273,342500.0
2024-01-10,20.649999618530273,20.649999618530273,20.579999923706055,20.610000610351562,219200.0
2024-01-11,20.700000762939453,20.780000686645508,20.670000076293945,20.719999313354492,296900.0
2024-01-12,20.799999237060547,20.799999237060547,20.530000686645508,20.610000610351562,277300.0
2024-01-16,20.809999465942383,20.829999923706055,20.670000076293945,20.760000228881836,177100.0
2024-01-17,20.670000076293945,20.700000762939453,20.600000381469727,20.610000610351562,652200.0
2024-01-18,20.6200008392334,20.850000381469727,20.559999465942383,20.850000381469727,291600.0
2024-01-19,21.010000228881836,21.100000381469727,20.969999313354492,21.010000228881836,391400.0
2024-01-22,21.010000228881836,21.1299991607666,20.989999771118164,21.100000381469727,346300.0
2024-01-23,21.18000030517578,21.350000381469727,21.18000030517578,21.34000015258789,489300.0
2024-01-24,21.3799991607666,21.530000686645508,21.309999465942383,21.5,562800.0
2024-01-25,21.450000762939453,21.450000762939453,21.290000915527344,21.399999618530273,348400.0
2024-01-26,21.40999984741211,21.479999542236328,21.3700008392334,21.450000762939453,323500.0
2024-01-29,21.309999465942383,21.389999389648438,21.260000228881836,21.350000381469727,153300.0
2024-01-30,21.360000610351562,21.670000076293945,21.360000610351562,21.670000076293945,867400.0
2024-01-31,21.610000610351562,21.6299991607666,21.549999237060547,21.6299991607666,315400.0
2024-02-01,21.6299991607666,21.719999313354492,21.579999923706055,21.690000534057617,333200.0
2024-02-02,21.690000534057617,21.770000457763672,21.670000076293945,21.700000762939453,239200.0
2024-02-05,21.670000076293945,21.770000457763672,21.6299991607666,21.709999084472656,215900.0
2024-02-06,21.719999313354492,21.770000457763672,21.6200008392334,21.770000457763672,276200.0
2024-02-07,21.81999969482422,21.979999542236328,21.81999969482422,21.850000381469727,260200.0
2024-02-08,21.899999618530273,22.079999923706055,21.899999618530273,22.059999465942383,323700.0
2024-02-09,22.049999237060547,22.18000030517578,22.0,22.139999389648438,346100.0
2024-02-12,22.1299991607666,22.18000030517578,22.049999237060547,22.049999237060547,305900.0
2024-02-13,22.06999969482422,22.079999923706055,21.940000534057617,21.989999771118164,275700.0
2024-02-14,21.860000610351562,21.959999084472656,21.799999237060547,21.889999389648438,292700.0
2024-02-15,21.860000610351562,21.90999984741211,21.780000686645508,21.799999237060547,325500.0
2024-02-16,21.790000915527344,21.829999923706055,21.670000076293945,21.690000534057617,312600.0
2024-02-20,22.010000228881836,22.09000015258789,21.860000610351562,22.0,682700.0
2024-02-21,22.0,22.18000030517578,22.0,22.149999618530273,430700.0
2024-02-22,21.920000076293945,22.139999389648438,21.920000076293945,22.09000015258789,564900.0
2024-02-23,22.1299991607666,22.260000228881836,22.010000228881836,22.15999984741211,501600.0
2024-02-26,22.239999771118164,22.399999618530273,22.139999389648438,22.3799991607666,429300.0
2024-02-27,22.420000076293945,22.549999237060547,22.420000076293945,22.440000534057617,547900.0
2024-02-28,22.309999465942383,22.309999465942383,22.149999618530273,22.170000076293945,644100.0
2024-02-29,22.1200008392334,22.200000762939453,22.040000915527344,22.18000030517578,314100.0
2024-03-01,22.209999084472656,22.209999084472656,22.030000686645508,22.200000762939453,471100.0
2024-03-04,22.440000534057617,22.520000457763672,22.399999618530273,22.450000762939453,415000.0
2024-03-05,22.25,22.299999237060547,22.170000076293945,22.190000534057617,183600.0
2024-03-06,22.350000381469727,22.40999984741211,22.270000457763672,22.350000381469727,273600.0
2024-03-07,22.3799991607666,22.540000915527344,22.299999237060547,22.450000762939453,335000.0
2024-03-08,22.360000610351562,22.43000030517578,22.260000228881836,22.43000030517578,374800.0
2024-03-11,22.5,22.790000915527344,22.479999542236328,22.739999771118164,470800.0
2024-03-12,22.799999237060547,23.020000457763672,22.75,23.0,422300.0
2024-03-13,22.889999389648438,22.989999771118164,22.829999923706055,22.959999084472656,308300.0
2024-03-14,23.1299991607666,23.280000686645508,23.0,23.09000015258789,583300.0
2024-03-15,23.209999084472656,23.59000015258789,23.190000534057617,23.59000015258789,1023300.0
2024-03-18,23.540000915527344,23.719999313354492,23.399999618530273,23.719999313354492,469400.0
2024-03-19,23.719999313354492,23.739999771118164,23.459999084472656,23.549999237060547,532000.0
2024-03-20,23.440000534057617,23.790000915527344,23.25,23.790000915527344,456200.0
2024-03-21,23.850000381469727,23.940000534057617,23.639999389648438,23.920000076293945,672700.0
2024-03-22,24.0,24.170000076293945,23.969999313354492,24.079999923706055,556000.0
2024-03-25,24.329999923706055,24.670000076293945,24.31999969482422,24.639999389648438,491100.0
2024-03-26,24.81999969482422,24.8799991607666,24.510000228881836,24.520000457763672,931100.0
2024-03-27,24.360000610351562,24.700000762939453,24.299999237060547,24.670000076293945,736200.0
2024-03-28,24.670000076293945,24.850000381469727,24.530000686645508,24.760000228881836,401600.0
2024-04-01,24.799999237060547,25.139999389648438,24.790000915527344,25.06999969482422,2221200.0
2024-04-02,24.889999389648438,24.940000534057617,24.700000762939453,24.760000228881836,935300.0
2024-04-03,24.6299991607666,24.809999465942383,24.549999237060547,24.700000762939453,1460300.0
2024-04-04,24.68000030517578,24.809999465942383,24.59000015258789,24.799999237060547,341000.0
2024-04-05,24.809999465942383,25.09000015258789,24.790000915527344,25.079999923706055,360900.0
2024-04-08,25.239999771118164,25.280000686645508,24.8700008392334,24.8799991607666,821300.0
2024-04-09,25.030000686645508,25.149999618530273,24.969999313354492,25.040000915527344,441000.0
2024-04-10,25.15999984741211,25.360000610351562,25.09000015258789,25.260000228881836,1613200.0
2024-04-11,25.360000610351562,25.3700008392334,25.18000030517578,25.200000762939453,320100.0
2024-04-12,25.469999313354492,25.709999084472656,25.329999923706055,25.43000030517578,418900.0
2024-04-15,25.75,25.760000228881836,25.59000015258789,25.65999984741211,462700.0
2024-04-16,25.469999313354492,25.469999313354492,25.0,25.06999969482422,573500.0
2024-04-17,25.239999771118164,25.559999465942383,25.239999771118164,25.40999984741211,693700.0
2024-04-18,25.729999542236328,25.959999084472656,25.65999984741211,25.93000030517578,1067500.0
2024-04-19,25.850000381469727,26.520000457763672,25.829999923706055,26.510000228881836,893300.0
2024-04-22,26.309999465942383,26.530000686645508,26.1200008392334,26.190000534057617,1019300.0
2024-04-23,25.6200008392334,25.979999542236328,25.579999923706055,25.950000762939453,1118200.0
2024-04-24,26.020000457763672,26.610000610351562,26.020000457763672,26.540000915527344,1072900.0
2024-04-25,26.399999618530273,26.549999237060547,25.940000534057617,26.170000076293945,554100.0
2024-04-26,26.1200008392334,26.31999969482422,25.969999313354492,26.040000915527344,339800.0
2024-04-29,25.59000015258789,25.6299991607666,24.809999465942383,25.100000381469727,1284700.0
2024-04-30,24.760000228881836,24.959999084472656,24.610000610351562,24.639999389648438,725600.0
2024-05-01,24.34000015258789,24.3700008392334,23.780000686645508,23.84000015258789,1599100.0
2024-05-02,24.0,24.040000915527344,23.350000381469727,23.450000762939453,703400.0
2024-05-03,23.829999923706055,24.110000610351562,23.670000076293945,23.969999313354492,906700.0
2024-05-06,23.719999313354492,23.8799991607666,23.68000030517578,23.780000686645508,1696800.0
2024-05-07,24.15999984741211,24.639999389648438,24.15999984741211,24.5,1670200.0
2024-05-08,24.549999237060547,24.59000015258789,24.270000457763672,24.43000030517578,443300.0
2024-05-09,24.510000228881836,24.56999969482422,24.3700008392334,24.399999618530273,435800.0
2024-05-10,24.5,24.700000762939453,24.459999084472656,24.670000076293945,729900.0
2024-05-13,24.360000610351562,24.510000228881836,23.43000030517578,23.469999313354492,1122000.0
2024-05-14,23.940000534057617,24.010000228881836,23.579999923706055,23.700000762939453,1112500.0
2024-05-15,23.84000015258789,23.979999542236328,23.719999313354492,23.860000610351562,515700.0
2024-05-16,23.68000030517578,23.75,23.459999084472656,23.5,617700.0
2024-05-17,23.709999084472656,23.729999542236328,23.43000030517578,23.489999771118164,1914400.0
2024-05-20,23.389999389648438,23.84000015258789,23.360000610351562,23.739999771118164,1058900.0
2024-05-21,23.889999389648438,24.06999969482422,23.8700008392334,24.010000228881836,451400.0
2024-05-22,24.239999771118164,24.280000686645508,24.06999969482422,24.110000610351562,447700.0
2024-05-23,24.31999969482422,24.780000686645508,24.31999969482422,24.6299991607666,417900.0
2024-05-24,24.610000610351562,24.770000457763672,24.450000762939453,24.670000076293945,394000.0
2024-05-28,24.959999084472656,25.350000381469727,24.8700008392334,25.209999084472656,1112000.0
2024-05-29,25.549999237060547,25.780000686645508,25.420000076293945,25.459999084472656,576100.0
2024-05-30,25.3700008392334,25.549999237060547,25.260000228881836,25.31999969482422,286000.0
2024-05-31,25.280000686645508,25.34000015258789,24.989999771118164,25.1299991607666,489800.0
2024-06-03,25.649999618530273,25.690000534057617,25.209999084472656,25.239999771118164,772700.0
2024-06-04,25.25,25.43000030517578,25.139999389648438,25.18000030517578,741000.0
2024-06-05,25.110000610351562,25.260000228881836,24.989999771118164,25.219999313354492,549100.0
2024-06-06,25.389999389648438,25.59000015258789,25.3799991607666,25.530000686645508,196000.0
2024-06-07,25.43000030517578,25.43000030517578,25.170000076293945,25.3700008392334,328200.0
2024-06-10,25.290000915527344,25.290000915527344,24.889999389648438,24.889999389648438,517400.0
2024-06-11,25.200000762939453,25.420000076293945,25.200000762939453,25.270000457763672,703500.0
2024-06-12,25.530000686645508,25.829999923706055,25.25,25.75,434100.0
2024-06-13,25.989999771118164,26.170000076293945,25.809999465942383,25.850000381469727,800100.0
2024-06-14,25.889999389648438,25.920000076293945,25.18000030517578,25.610000610351562,630300.0
2024-06-17,25.459999084472656,25.5,25.09000015258789,25.239999771118164,524300.0
2024-06-18,25.3799991607666,25.440000534057617,25.149999618530273,25.290000915527344,386200.0
2024-06-20,25.399999618530273,25.559999465942383,24.809999465942383,24.81999969482422,376800.0
2024-06-21,25.31999969482422,25.31999969482422,24.540000915527344,24.59000015258789,542200.0
2024-06-24,24.09000015258789,24.299999237060547,23.989999771118164,24.260000228881836,520300.0
2024-06-25,23.809999465942383,24.1200008392334,23.719999313354492,23.959999084472656,548400.0
2024-06-26,23.860000610351562,24.06999969482422,23.600000381469727,23.90999984741211,311700.0
2024-06-27,24.0,24.049999237060547,23.540000915527344,23.639999389648438,435000.0
2024-06-28,23.770000457763672,24.049999237060547,23.75,23.799999237060547,534600.0
2024-07-01,23.530000686645508,23.649999618530273,23.239999771118164,23.6200008392334,738700.0
2024-07-02,23.670000076293945,24.1200008392334,23.670000076293945,23.969999313354492,290600.0
2024-07-03,24.06999969482422,24.229999542236328,23.90999984741211,24.030000686645508,550200.0
2024-07-05,23.959999084472656,24.260000228881836,23.959999084472656,24.190000534057617,305300.0
2024-07-08,24.170000076293945,24.280000686645508,23.860000610351562,24.010000228881836,381400.0
2024-07-09,24.190000534057617,24.489999771118164,24.139999389648438,24.360000610351562,420600.0
2024-07-10,24.18000030517578,24.239999771118164,23.969999313354492,24.059999465942383,249000.0
2024-07-11,24.260000228881836,24.59000015258789,24.260000228881836,24.489999771118164,712500.0
2024-07-12,24.389999389648438,24.459999084472656,24.190000534057617,24.3799991607666,215900.0
2024-07-15,24.110000610351562,24.43000030517578,24.059999465942383,24.239999771118164,311000.0
2024-07-16,24.0,24.09000015258789,23.850000381469727,23.899999618530273,249900.0
2024-07-17,23.84000015258789,23.979999542236328,23.790000915527344,23.899999618530273,276500.0
2024-07-18,23.989999771118164,24.049999237060547,23.8799991607666,23.950000762939453,139200.0
2024-07-19,23.940000534057617,24.079999923706055,23.6200008392334,23.639999389648438,259100.0
2024-07-22,23.950000762939453,24.3799991607666,23.950000762939453,24.270000457763672,252100.0
2024-07-23,24.34000015258789,24.360000610351562,24.219999313354492,24.270000457763672,137800.0
2024-07-24,24.170000076293945,24.34000015258789,24.059999465942383,24.09000015258789,223600.0
2024-07-25,23.84000015258789,24.020000457763672,23.760000228881836,23.93000030517578,149800.0
2024-07-26,23.979999542236328,23.989999771118164,23.8799991607666,23.899999618530273,101700.0
2024-07-29,23.700000762939453,23.760000228881836,23.520000457763672,23.6299991607666,332200.0
2024-07-30,23.68000030517578,23.90999984741211,23.68000030517578,23.829999923706055,135600.0
2024-07-31,23.8700008392334,23.899999618530273,23.690000534057617,23.739999771118164,368000.0
2024-08-01,23.579999923706055,23.610000610351562,23.219999313354492,23.260000228881836,278600.0
2024-08-02,23.200000762939453,23.350000381469727,23.15999984741211,23.290000915527344,210400.0
2024-08-05,22.989999771118164,23.56999969482422,22.790000915527344,23.540000915527344,352400.0
2024-08-06,23.610000610351562,23.809999465942383,23.56999969482422,23.719999313354492,397900.0
2024-08-07,24.15999984741211,24.25,23.979999542236328,24.06999969482422,392500.0
2024-08-08,24.020000457763672,24.020000457763672,23.6200008392334,23.780000686645508,230900.0
2024-08-09,24.219999313354492,24.290000915527344,23.950000762939453,24.209999084472656,139900.0
2024-08-12,24.059999465942383,24.149999618530273,23.780000686645508,23.979999542236328,208600.0
2024-08-13,23.899999618530273,23.899999618530273,23.6299991607666,23.75,173900.0
2024-08-14,23.530000686645508,23.850000381469727,23.530000686645508,23.760000228881836,135000.0
2024-08-15,23.93000030517578,24.020000457763672,23.739999771118164,23.739999771118164,160800.0
2024-08-16,23.860000610351562,23.989999771118164,23.739999771118164,23.850000381469727,284800.0
2024-08-19,24.0,24.299999237060547,24.0,24.280000686645508,256600.0
2024-08-20,24.309999465942383,24.540000915527344,24.309999465942383,24.459999084472656,329000.0
2024-08-21,24.479999542236328,24.600000381469727,24.420000076293945,24.469999313354492,282200.0
2024-08-22,24.260000228881836,24.489999771118164,24.200000762939453,24.479999542236328,147800.0
2024-08-23,24.540000915527344,24.719999313354492,24.489999771118164,24.68000030517578,296300.0
2024-08-26,24.739999771118164,24.969999313354492,24.68000030517578,24.969999313354492,276700.0
2024-08-27,24.950000762939453,25.1299991607666,24.940000534057617,25.020000457763672,229600.0
2024-08-28,25.020000457763672,25.139999389648438,24.860000610351562,24.93000030517578,203900.0
2024-08-29,24.709999084472656,24.899999618530273,24.690000534057617,24.8700008392334,230400.0
2024-08-30,24.899999618530273,25.049999237060547,24.829999923706055,24.8799991607666,227700.0
2024-09-03,24.68000030517578,24.770000457763672,24.510000228881836,24.68000030517578,378900.0
2024-09-04,24.34000015258789,24.3700008392334,24.25,24.309999465942383,309300.0
2024-09-05,24.40999984741211,24.579999923706055,24.3700008392334,24.489999771118164,197600.0
2024-09-06,24.510000228881836,24.690000534057617,24.190000534057617,24.219999313354492,242500.0
2024-09-09,24.459999084472656,24.729999542236328,24.450000762939453,24.649999618530273,223500.0
2024-09-10,24.600000381469727,24.600000381469727,24.450000762939453,24.489999771118164,347200.0
2024-09-11,24.770000457763672,25.049999237060547,24.760000228881836,25.020000457763672,457100.0
2024-09-12,25.020000457763672,25.059999465942383,24.889999389648438,24.950000762939453,138800.0
2024-09-13,24.989999771118164,25.399999618530273,24.989999771118164,25.190000534057617,492300.0
2024-09-16,25.399999618530273,25.520000457763672,25.260000228881836,25.34000015258789,217200.0
2024-09-17,25.260000228881836,25.489999771118164,25.229999542236328,25.469999313354492,343100.0
2024-09-18,25.59000015258789,25.700000762939453,25.479999542236328,25.639999389648438,334000.0
2024-09-19,25.65999984741211,25.780000686645508,25.610000610351562,25.6299991607666,776400.0
2024-09-20,25.530000686645508,25.530000686645508,25.360000610351562,25.459999084472656,243500.0
2024-09-23,25.829999923706055,25.959999084472656,25.81999969482422,25.950000762939453,226300.0
2024-09-24,26.0,26.190000534057617,26.0,26.139999389648438,391400.0
2024-09-25,26.030000686645508,26.31999969482422,26.020000457763672,26.31999969482422,218800.0
2024-09-26,26.760000228881836,27.100000381469727,26.3799991607666,26.440000534057617,337000.0
2024-09-27,26.31999969482422,26.559999465942383,26.31999969482422,26.549999237060547,140500.0
2024-09-30,26.030000686645508,26.15999984741211,25.969999313354492,26.09000015258789,219300.0
2024-10-01,25.670000076293945,25.670000076293945,25.469999313354492,25.510000228881836,419400.0
2024-10-02,25.3799991607666,25.6299991607666,25.360000610351562,25.530000686645508,227800.0
2024-10-03,25.520000457763672,25.6299991607666,25.3799991607666,25.549999237060547,333100.0
2024-10-04,25.389999389648438,25.479999542236328,25.34000015258789,25.389999389648438,181800.0
2024-10-07,25.200000762939453,25.25,25.09000015258789,25.190000534057617,224000.0
2024-10-08,25.34000015258789,25.3799991607666,25.200000762939453,25.34000015258789,648700.0
2024-10-09,25.450000762939453,25.610000610351562,25.43000030517578,25.56999969482422,381600.0
2024-10-10,25.59000015258789,25.850000381469727,25.530000686645508,25.760000228881836,355200.0
2024-10-11,25.969999313354492,26.09000015258789,25.8700008392334,25.959999084472656,287600.0
2024-10-14,25.899999618530273,25.979999542236328,25.760000228881836,25.809999465942383,307000.0
2024-10-15,25.790000915527344,26.010000228881836,25.65999984741211,25.989999771118164,252800.0
2024-10-16,25.889999389648438,25.969999313354492,25.68000030517578,25.729999542236328,290800.0
2024-10-17,25.56999969482422,25.770000457763672,25.200000762939453,25.670000076293945,183100.0
2024-10-18,25.559999465942383,25.600000381469727,25.399999618530273,25.399999618530273,190900.0
2024-10-21,25.290000915527344,25.489999771118164,25.290000915527344,25.360000610351562,221800.0
2024-10-22,25.139999389648438,25.260000228881836,25.040000915527344,25.260000228881836,517000.0
2024-10-23,25.030000686645508,25.219999313354492,25.030000686645508,25.200000762939453,305300.0
2024-10-24,24.950000762939453,25.059999465942383,24.780000686645508,24.809999465942383,254900.0
2024-10-25,24.829999923706055,24.93000030517578,24.799999237060547,24.84000015258789,125900.0
2024-10-28,24.979999542236328,25.059999465942383,24.899999618530273,25.040000915527344,171700.0
2024-10-29,25.170000076293945,25.440000534057617,25.170000076293945,25.329999923706055,340900.0
2024-10-30,25.260000228881836,25.540000915527344,25.239999771118164,25.530000686645508,238300.0
2024-10-31,25.549999237060547,25.549999237060547,25.329999923706055,25.5,236500.0
2024-11-01,25.549999237060547,25.549999237060547,25.299999237060547,25.31999969482422,192100.0
2024-11-04,25.34000015258789,25.5,25.260000228881836,25.34000015258789,184300.0
2024-11-05,25.399999618530273,25.399999618530273,25.290000915527344,25.34000015258789,160300.0
2024-11-06,24.93000030517578,25.15999984741211,24.860000610351562,25.149999618530273,258700.0
2024-11-07,25.34000015258789,25.739999771118164,25.34000015258789,25.709999084472656,266100.0
2024-11-08,25.649999618530273,25.690000534057617,25.389999389648438,25.469999313354492,538800.0
2024-11-11,25.350000381469727,25.420000076293945,25.229999542236328,25.3799991607666,681000.0
2024-11-12,25.559999465942383,25.6299991607666,25.520000457763672,25.59000015258789,215700.0
2024-11-13,25.709999084472656,25.75,25.579999923706055,25.670000076293945,298900.0
2024-11-14,25.920000076293945,26.040000915527344,25.84000015258789,25.889999389648438,496500.0
2024-11-15,25.940000534057617,26.049999237060547,25.899999618530273,26.0,294800.0
2024-11-18,25.899999618530273,26.09000015258789,25.84000015258789,26.079999923706055,350300.0
2024-11-19,26.06999969482422,26.219999313354492,26.020000457763672,26.219999313354492,441400.0
2024-11-20,26.209999084472656,26.360000610351562,26.110000610351562,26.360000610351562,435200.0
2024-11-21,26.34000015258789,26.350000381469727,26.239999771118164,26.309999465942383,331900.0
2024-11-22,26.479999542236328,26.649999618530273,26.459999084472656,26.510000228881836,926400.0
2024-11-25,26.6299991607666,26.719999313354492,26.5,26.530000686645508,824500.0
2024-11-26,26.549999237060547,26.790000915527344,26.549999237060547,26.770000457763672,339700.0
2024-11-27,26.829999923706055,26.920000076293945,26.799999237060547,26.889999389648438,221800.0
2024-11-29,26.8700008392334,26.889999389648438,26.739999771118164,26.760000228881836,140600.0
2024-12-02,26.5,26.579999923706055,26.43000030517578,26.559999465942383,258600.0
2024-12-03,26.540000915527344,26.549999237060547,26.43000030517578,26.440000534057617,414800.0
2024-12-04,26.600000381469727,26.6299991607666,26.510000228881836,26.549999237060547,523400.0
2024-12-05,26.799999237060547,27.0,26.799999237060547,27.0,235800.0
2024-12-06,27.09000015258789,27.25,27.06999969482422,27.25,442700.0
2024-12-09,27.440000534057617,27.469999313354492,27.170000076293945,27.360000610351562,570400.0
2024-12-10,27.600000381469727,27.729999542236328,27.489999771118164,27.579999923706055,363300.0
2024-12-11,27.40999984741211,27.559999465942383,27.389999389648438,27.489999771118164,195000.0
2024-12-12,27.549999237060547,27.6299991607666,27.43000030517578,27.459999084472656,262700.0
2024-12-13,27.520000457763672,27.639999389648438,27.489999771118164,27.639999389648438,118400.0
2024-12-16,27.979999542236328,27.989999771118164,27.75,27.760000228881836,176600.0
2024-12-17,27.670000076293945,27.729999542236328,27.520000457763672,27.709999084472656,167800.0
2024-12-18,27.809999465942383,28.030000686645508,27.719999313354492,27.829999923706055,700900.0
2024-12-19,27.90999984741211,27.90999984741211,27.31999969482422,27.329999923706055,486500.0
2024-12-20,27.639999389648438,27.709999084472656,27.5,27.600000381469727,347900.0
2024-12-23,26.59000015258789,26.600000381469727,26.389999389648438,26.389999389648438,626700.0
2024-12-24,26.399999618530273,26.59000015258789,26.389999389648438,26.530000686645508,125500.0
2024-12-26,26.190000534057617,26.40999984741211,26.110000610351562,26.25,268600.0
2024-12-27,26.200000762939453,26.280000686645508,25.84000015258789,25.850000381469727,407200.0
2024-12-30,26.420000076293945,26.420000076293945,26.229999542236328,26.270000457763672,423700.0
2024-12-31,26.329999923706055,26.600000381469727,26.309999465942383,26.59000015258789,285900.0
2025-01-02,26.670000076293945,26.700000762939453,26.34000015258789,26.6200008392334,487500.0
2025-01-03,26.43000030517578,26.520000457763672,26.290000915527344,26.489999771118164,998700.0
2025-01-06,26.670000076293945,26.809999465942383,26.389999389648438,26.43000030517578,587100.0
2025-01-07,26.479999542236328,26.559999465942383,26.43000030517578,26.5,374300.0
2025-01-08,26.200000762939453,26.399999618530273,26.0,26.360000610351562,469900.0
2025-01-10,26.270000457763672,26.450000762939453,26.270000457763672,26.450000762939453,325900.0
2025-01-13,26.489999771118164,26.760000228881836,26.450000762939453,26.75,528100.0
2025-01-14,26.709999084472656,26.860000610351562,26.6299991607666,26.65999984741211,382000.0
2025-01-15,26.729999542236328,26.81999969482422,26.670000076293945,26.729999542236328,296100.0
2025-01-16,26.479999542236328,26.479999542236328,26.329999923706055,26.34000015258789,390200.0
2025-01-17,26.56999969482422,26.68000030517578,26.540000915527344,26.600000381469727,360300.0
2025-01-21,26.8799991607666,26.940000534057617,26.799999237060547,26.920000076293945,268900.0
2025-01-22,26.989999771118164,27.239999771118164,26.989999771118164,27.219999313354492,401100.0
2025-01-23,27.209999084472656,27.3799991607666,27.149999618530273,27.260000228881836,325900.0
2025-01-24,27.239999771118164,27.43000030517578,27.200000762939453,27.360000610351562,171100.0
2025-01-27,27.270000457763672,27.31999969482422,27.15999984741211,27.31999969482422,259900.0
2025-01-28,27.31999969482422,27.6200008392334,27.309999465942383,27.559999465942383,237400.0
2025-01-29,27.829999923706055,28.020000457763672,27.799999237060547,27.920000076293945,351700.0
2025-01-30,27.8799991607666,27.8799991607666,27.65999984741211,27.719999313354492,171800.0
2025-01-31,27.31999969482422,27.690000534057617,27.239999771118164,27.600000381469727,366600.0
2025-02-03,27.6299991607666,27.829999923706055,27.5,27.639999389648438,482400.0
2025-02-04,27.670000076293945,27.799999237060547,27.6200008392334,27.729999542236328,247900.0
2025-02-05,27.690000534057617,27.889999389648438,27.690000534057617,27.8700008392334,738400.0
2025-02-06,27.829999923706055,27.829999923706055,27.610000610351562,27.68000030517578,169800.0
2025-02-07,27.56999969482422,27.670000076293945,27.450000762939453,27.56999969482422,731400.0
2025-02-10,27.700000762939453,27.899999618530273,27.670000076293945,27.889999389648438,759500.0
2025-02-11,27.850000381469727,27.989999771118164,27.799999237060547,27.889999389648438,891900.0
2025-02-12,27.84000015258789,28.0,27.84000015258789,27.969999313354492,241700.0
2025-02-13,28.06999969482422,28.329999923706055,28.059999465942383,28.190000534057617,662300.0
2025-02-14,28.329999923706055,28.440000534057617,28.100000381469727,28.170000076293945,301800.0
2025-02-18,28.200000762939453,28.389999389648438,28.110000610351562,28.3799991607666,555900.0
2025-02-19,28.450000762939453,28.489999771118164,28.149999618530273,28.219999313354492,230800.0
2025-02-20,28.1200008392334,28.1200008392334,27.860000610351562,27.920000076293945,305100.0
2025-02-21,27.709999084472656,27.709999084472656,27.479999542236328,27.549999237060547,363900.0
2025-02-24,27.479999542236328,27.479999542236328,26.979999542236328,27.030000686645508,582800.0
2025-02-25,26.959999084472656,27.079999923706055,26.84000015258789,27.059999465942383,382600.0
2025-02-26,27.09000015258789,27.190000534057617,27.09000015258789,27.1200008392334,148400.0
2025-02-27,26.969999313354492,26.979999542236328,26.770000457763672,26.809999465942383,313000.0
2025-02-28,26.809999465942383,26.809999465942383,26.450000762939453,26.489999771118164,468700.0
2025-03-03,26.309999465942383,26.350000381469727,25.989999771118164,26.049999237060547,778900.0
2025-03-04,25.950000762939453,26.260000228881836,25.860000610351562,26.190000534057617,859400.0
2025-03-05,26.450000762939453,26.489999771118164,26.219999313354492,26.389999389648438,514600.0
2025-03-06,26.1299991607666,26.3700008392334,26.040000915527344,26.290000915527344,713900.0
2025-03-07,26.350000381469727,26.530000686645508,26.329999923706055,26.5,401100.0
2025-03-10,26.6299991607666,26.75,26.510000228881836,26.6299991607666,375500.0
2025-03-11,26.6299991607666,26.75,26.610000610351562,26.639999389648438,181500.0
2025-03-12,26.559999465942383,26.6299991607666,26.510000228881836,26.579999923706055,350800.0
2025-03-13,26.700000762939453,26.739999771118164,26.610000610351562,26.6200008392334,205700.0
2025-03-14,26.420000076293945,26.489999771118164,26.309999465942383,26.459999084472656,286300.0
2025-03-17,26.65999984741211,26.860000610351562,26.65999984741211,26.860000610351562,170200.0
2025-03-18,26.950000762939453,27.0,26.790000915527344,26.860000610351562,243500.0
2025-03-19,26.860000610351562,26.969999313354492,26.84000015258789,26.850000381469727,246500.0
2025-03-20,26.770000457763672,27.030000686645508,26.770000457763672,26.899999618530273,245900.0
2025-03-21,26.799999237060547,26.829999923706055,26.68000030517578,26.739999771118164,206000.0
2025-03-24,26.799999237060547,26.799999237060547,26.649999618530273,26.68000030517578,345100.0
2025-03-25,26.709999084472656,26.799999237060547,26.649999618530273,26.770000457763672,120700.0
2025-03-26,26.68000030517578,26.690000534057617,26.549999237060547,26.56999969482422,124700.0
2025-03-27,26.450000762939453,26.479999542236328,26.260000228881836,26.43000030517578,182400.0
2025-03-28,26.389999389648438,26.469999313354492,26.290000915527344,26.469999313354492,84000.0
2025-03-31,26.450000762939453,26.459999084472656,26.309999465942383,26.34000015258789,212300.0
2025-04-01,26.510000228881836,26.940000534057617,26.489999771118164,26.93000030517578,413000.0
2025-04-02,26.8799991607666,27.219999313354492,26.860000610351562,27.18000030517578,290600.0
2025-04-03,26.889999389648438,27.18000030517578,26.829999923706055,26.979999542236328,545100.0
2025-04-04,26.549999237060547,26.549999237060547,26.040000915527344,26.139999389648438,802800.0
2025-04-07,25.850000381469727,26.229999542236328,25.459999084472656,25.469999313354492,782500.0
2025-04-08,25.770000457763672,25.829999923706055,25.270000457763672,25.270000457763672,481700.0
2025-04-09,25.3700008392334,26.049999237060547,25.290000915527344,26.020000457763672,658700.0
2025-04-10,25.860000610351562,25.940000534057617,25.690000534057617,25.760000228881836,297800.0
2025-04-11,25.979999542236328,26.34000015258789,25.979999542236328,26.309999465942383,560100.0
2025-04-14,26.260000228881836,26.360000610351562,26.170000076293945,26.280000686645508,181600.0
2025-04-15,26.209999084472656,26.239999771118164,26.1299991607666,26.139999389648438,258100.0
2025-04-16,26.290000915527344,26.549999237060547,26.290000915527344,26.520000457763672,373000.0
2025-04-17,26.670000076293945,26.760000228881836,26.6200008392334,26.649999618530273,257000.0
2025-04-21,26.81999969482422,26.8799991607666,26.56999969482422,26.6299991607666,431700.0
2025-04-22,26.790000915527344,27.010000228881836,26.739999771118164,26.979999542236328,329900.0
2025-04-23,26.940000534057617,27.059999465942383,26.860000610351562,26.969999313354492,301000.0
2025-04-24,27.100000381469727,27.309999465942383,27.09000015258789,27.25,279500.0
2025-04-25,27.450000762939453,27.530000686645508,27.389999389648438,27.479999542236328,269600.0
2025-04-28,27.270000457763672,27.309999465942383,27.020000457763672,27.290000915527344,318400.0
2025-04-29,27.229999542236328,27.280000686645508,26.959999084472656,26.979999542236328,204200.0
2025-04-30,26.799999237060547,26.940000534057617,26.75,26.809999465942383,537700.0
2025-05-01,26.65999984741211,26.719999313354492,26.510000228881836,26.6200008392334,335000.0
2025-05-02,26.93000030517578,26.989999771118164,26.770000457763672,26.860000610351562,188500.0
2025-05-05,26.81999969482422,26.84000015258789,26.639999389648438,26.709999084472656,547900.0
2025-05-06,26.81999969482422,26.969999313354492,26.790000915527344,26.8799991607666,326000.0
2025-05-07,26.920000076293945,26.989999771118164,26.809999465942383,26.8700008392334,155000.0
2025-05-08,26.729999542236328,26.93000030517578,26.729999542236328,26.90999984741211,196500.0
2025-05-09,27.079999923706055,27.15999984741211,26.920000076293945,27.020000457763672,180600.0
2025-05-12,26.989999771118164,27.040000915527344,26.950000762939453,26.989999771118164,209800.0
2025-05-13,27.1299991607666,27.450000762939453,27.1299991607666,27.3799991607666,315300.0
2025-05-14,27.31999969482422,27.350000381469727,27.190000534057617,27.229999542236328,173600.0
2025-05-15,27.100000381469727,27.420000076293945,26.950000762939453,27.399999618530273,231800.0
2025-05-16,27.43000030517578,27.5,27.190000534057617,27.34000015258789,358300.0
2025-05-19,27.3799991607666,27.59000015258789,27.3799991607666,27.579999923706055,414700.0
2025-05-20,27.709999084472656,27.709999084472656,27.520000457763672,27.649999618530273,179400.0
2025-05-21,27.719999313354492,27.84000015258789,27.540000915527344,27.68000030517578,449800.0
2025-05-22,27.459999084472656,27.510000228881836,27.360000610351562,27.399999618530273,246500.0
2025-05-23,27.079999923706055,27.190000534057617,27.020000457763672,27.139999389648438,237500.0
2025-05-27,27.149999618530273,27.190000534057617,26.940000534057617,27.010000228881836,269500.0
2025-05-28,26.8799991607666,26.8799991607666,26.709999084472656,26.719999313354492,228400.0
2025-05-29,26.59000015258789,26.59000015258789,26.469999313354492,26.56999969482422,253400.0
2025-05-30,26.6200008392334,26.75,26.6200008392334,26.700000762939453,261200.0
2025-06-02,26.809999465942383,26.889999389648438,26.6200008392334,26.6299991607666,217000.0
2025-06-03,26.600000381469727,26.850000381469727,26.530000686645508,26.700000762939453,216700.0
2025-06-04,26.799999237060547,26.920000076293945,26.780000686645508,26.899999618530273,224700.0
2025-06-05,27.110000610351562,27.299999237060547,27.040000915527344,27.260000228881836,289500.0
2025-06-06,27.5,27.59000015258789,27.31999969482422,27.479999542236328,293200.0
2025-06-09,27.440000534057617,27.459999084472656,27.34000015258789,27.389999389648438,469100.0
2025-06-10,27.290000915527344,27.34000015258789,26.989999771118164,27.06999969482422,365800.0
2025-06-11,27.15999984741211,27.18000030517578,27.020000457763672,27.049999237060547,190000.0
2025-06-12,27.1299991607666,27.219999313354492,26.989999771118164,27.010000228881836,140100.0
2025-06-13,26.81999969482422,27.040000915527344,26.799999237060547,26.959999084472656,334700.0
2025-06-16,26.959999084472656,27.200000762939453,26.90999984741211,27.170000076293945,152800.0
2025-06-17,27.110000610351562,27.139999389648438,26.8799991607666,26.889999389648438,146000.0
2025-06-18,26.81999969482422,26.899999618530273,26.739999771118164,26.780000686645508,402000.0
2025-06-20,26.600000381469727,26.6299991607666,26.389999389648438,26.40999984741211,991100.0
2025-06-23,26.3700008392334,26.579999923706055,26.3700008392334,26.479999542236328,569100.0
2025-06-24,26.280000686645508,26.469999313354492,26.280000686645508,26.290000915527344,405700.0
2025-06-25,26.270000457763672,26.270000457763672,26.030000686645508,26.079999923706055,228000.0
2025-06-26,26.079999923706055,26.229999542236328,26.010000228881836,26.139999389648438,383600.0
2025-06-27,26.190000534057617,26.350000381469727,26.100000381469727,26.329999923706055,91100.0
2025-06-30,26.25,26.309999465942383,26.1299991607666,26.149999618530273,168800.0
2025-07-01,25.81999969482422,25.850000381469727,25.639999389648438,25.649999618530273,404400.0
2025-07-02,25.649999618530273,25.899999618530273,25.59000015258789,25.8700008392334,216900.0
2025-07-03,25.93000030517578,26.06999969482422,25.889999389648438,25.889999389648438,184000.0
2025-07-07,25.670000076293945,25.739999771118164,25.600000381469727,25.709999084472656,237400.0
2025-07-08,25.719999313354492,25.739999771118164,25.59000015258789,25.739999771118164,120800.0
2025-07-09,25.780000686645508,25.93000030517578,25.739999771118164,25.93000030517578,121500.0
2025-07-10,25.920000076293945,25.920000076293945,25.700000762939453,25.770000457763672,187600.0
2025-07-11,25.860000610351562,25.920000076293945,25.760000228881836,25.770000457763672,334100.0
2025-07-14,25.950000762939453,25.979999542236328,25.780000686645508,25.8799991607666,117800.0
2025-07-15,25.739999771118164,25.84000015258789,25.6200008392334,25.6200008392334,238900.0
2025-07-16,25.719999313354492,25.889999389648438,25.719999313354492,25.8799991607666,125500.0
2025-07-17,25.760000228881836,25.850000381469727,25.649999618530273,25.780000686645508,452700.0
2025-07-18,25.899999618530273,26.110000610351562,25.899999618530273,26.030000686645508,123600.0
2025-07-21,25.940000534057617,25.959999084472656,25.790000915527344,25.899999618530273,238600.0
2025-07-22,25.899999618530273,26.030000686645508,25.899999618530273,25.969999313354492,161100.0
2025-07-23,26.049999237060547,26.209999084472656,25.969999313354492,26.200000762939453,96100.0
2025-07-24,26.270000457763672,26.290000915527344,26.030000686645508,26.200000762939453,225000.0
2025-07-25,26.040000915527344,26.09000015258789,25.979999542236328,26.079999923706055,203200.0
2025-07-28,26.09000015258789,26.239999771118164,26.040000915527344,26.229999542236328,145100.0
2025-07-29,26.110000610351562,26.110000610351562,25.84000015258789,26.010000228881836,298700.0
2025-07-30,25.979999542236328,26.1200008392334,25.889999389648438,25.959999084472656,219700.0
2025-07-31,26.059999465942383,26.1200008392334,25.8799991607666,25.899999618530273,156700.0
2025-08-01,25.81999969482422,25.8799991607666,25.6200008392334,25.670000076293945,236600.0
2025-08-04,25.649999618530273,25.81999969482422,25.649999618530273,25.729999542236328,128300.0
2025-08-05,25.770000457763672,26.0,25.770000457763672,25.920000076293945,165000.0
2025-08-06,25.90999984741211,25.989999771118164,25.81999969482422,25.989999771118164,110200.0
2025-08-07,26.030000686645508,26.280000686645508,26.030000686645508,26.25,225000.0
2025-08-08,26.389999389648438,26.450000762939453,26.200000762939453,26.209999084472656,107600.0
2025-08-11,26.68000030517578,26.760000228881836,26.600000381469727,26.6299991607666,314600.0
2025-08-12,26.75,26.829999923706055,26.68000030517578,26.809999465942383,191100.0
2025-08-13,26.979999542236328,26.979999542236328,26.780000686645508,26.899999618530273,140100.0
2025-08-14,26.709999084472656,26.719999313354492,26.540000915527344,26.600000381469727,135500.0
2025-08-15,26.59000015258789,27.06999969482422,26.59000015258789,27.059999465942383,1086200.0
2025-08-18,26.940000534057617,27.030000686645508,26.889999389648438,27.020000457763672,214100.0
2025-08-19,26.989999771118164,27.139999389648438,26.93000030517578,27.1299991607666,181900.0
2025-08-20,27.100000381469727,27.299999237060547,27.040000915527344,27.200000762939453,307800.0
2025-08-21,27.239999771118164,27.280000686645508,27.079999923706055,27.280000686645508,203000.0
2025-08-22,27.360000610351562,27.600000381469727,27.329999923706055,27.59000015258789,227700.0
2025-08-25,27.59000015258789,27.709999084472656,27.530000686645508,27.579999923706055,201300.0
2025-08-26,27.450000762939453,27.469999313354492,27.34000015258789,27.420000076293945,173500.0
2025-08-27,27.459999084472656,27.770000457763672,27.450000762939453,27.68000030517578,138500.0
2025-08-28,27.6200008392334,27.6200008392334,27.510000228881836,27.520000457763672,180200.0
2025-08-29,27.5,27.770000457763672,27.5,27.770000457763672,249600.0
2025-09-02,27.5,27.5,27.329999923706055,27.450000762939453,206300.0
2025-09-03,27.450000762939453,27.489999771118164,27.309999465942383,27.31999969482422,236300.0
2025-09-04,27.239999771118164,27.270000457763672,27.110000610351562,27.239999771118164,164500.0
2025-09-05,27.079999923706055,27.219999313354492,27.079999923706055,27.15999984741211,117400.0
2025-09-08,27.170000076293945,27.299999237060547,27.079999923706055,27.280000686645508,135000.0
2025-09-09,27.329999923706055,27.3799991607666,27.100000381469727,27.100000381469727,96800.0
2025-09-10,27.200000762939453,27.290000915527344,27.170000076293945,27.209999084472656,98900.0
2025-09-11,27.239999771118164,27.43000030517578,27.229999542236328,27.40999984741211,283800.0
2025-09-12,27.399999618530273,27.540000915527344,27.3700008392334,27.5,170200.0
2025-09-15,27.790000915527344,28.010000228881836,27.790000915527344,27.90999984741211,203800.0
2025-09-16,27.860000610351562,27.920000076293945,27.729999542236328,27.760000228881836,154700.0
2025-09-17,27.489999771118164,27.5,27.1200008392334,27.18000030517578,516300.0
2025-09-18,27.100000381469727,27.110000610351562,26.969999313354492,27.079999923706055,194600.0
2025-09-19,26.93000030517578,27.059999465942383,26.8700008392334,26.969999313354492,215300.0
2025-09-22,26.760000228881836,26.860000610351562,26.719999313354492,26.850000381469727,197900.0
2025-09-23,26.780000686645508,26.989999771118164,26.75,26.809999465942383,159300.0
2025-09-24,26.979999542236328,26.989999771118164,26.8799991607666,26.899999618530273,120900.0
2025-09-25,26.90999984741211,26.90999984741211,26.719999313354492,26.84000015258789,95900.0
2025-09-26,26.899999618530273,27.010000228881836,26.860000610351562,26.979999542236328,431600.0
2025-09-29,26.969999313354492,27.040000915527344,26.8799991607666,26.90999984741211,215100.0
2025-09-30,26.81999969482422,26.8799991607666,26.739999771118164,26.760000228881836,262600.0
2025-10-01,26.700000762939453,26.81999969482422,26.65999984741211,26.809999465942383,284300.0
2025-10-02,26.739999771118164,26.739999771118164,26.600000381469727,26.68000030517578,231200.0
2025-10-03,26.68000030517578,26.760000228881836,26.610000610351562,26.670000076293945,339400.0
2025-10-06,26.690000534057617,26.770000457763672,26.639999389648438,26.739999771118164,146600.0
2025-10-07,26.59000015258789,26.6299991607666,26.510000228881836,26.600000381469727,176900.0
2025-10-08,26.549999237060547,26.639999389648438,26.549999237060547,26.639999389648438,145900.0
2025-10-09,26.600000381469727,26.600000381469727,26.459999084472656,26.489999771118164,128100.0
2025-10-10,26.420000076293945,26.440000534057617,26.139999389648438,26.31999969482422,360700.0
2025-10-13,26.43000030517578,26.450000762939453,26.329999923706055,26.40999984741211,123800.0
2025-10-14,26.450000762939453,26.729999542236328,26.43000030517578,26.59000015258789,363100.0
2025-10-15,26.739999771118164,26.780000686645508,26.540000915527344,26.579999923706055,153800.0
2025-10-16,26.68000030517578,26.81999969482422,26.68000030517578,26.729999542236328,120000.0
2025-10-17,26.579999923706055,26.6299991607666,26.450000762939453,26.540000915527344,106900.0
2025-10-20,26.729999542236328,26.809999465942383,26.6299991607666,26.770000457763672,137900.0
2025-10-21,26.760000228881836,26.850000381469727,26.670000076293945,26.829999923706055,104400.0
2025-10-22,26.989999771118164,27.040000915527344,26.899999618530273,26.959999084472656,216800.0
2025-10-23,27.149999618530273,27.190000534057617,26.889999389648438,26.920000076293945,132800.0
2025-10-24,26.799999237060547,26.799999237060547,26.540000915527344,26.59000015258789,383000.0
2025-10-27,26.479999542236328,26.5,26.200000762939453,26.290000915527344,274300.0
2025-10-28,26.190000534057617,26.350000381469727,26.09000015258789,26.15999984741211,249800.0
2025-10-29,26.139999389648438,26.450000762939453,26.139999389648438,26.31999969482422,186000.0
2025-10-30,26.190000534057617,26.329999923706055,26.049999237060547,26.260000228881836,230800.0
2025-10-31,26.299999237060547,26.3700008392334,26.25,26.3700008392334,105900.0
2025-11-03,26.559999465942383,26.940000534057617,26.549999237060547,26.920000076293945,183500.0
2025-11-04,26.81999969482422,26.8700008392334,26.610000610351562,26.649999618530273,153500.0
2025-11-05,26.75,26.760000228881836,26.540000915527344,26.549999237060547,133200.0
2025-11-06,26.34000015258789,26.350000381469727,26.059999465942383,26.110000610351562,296600.0
2025-11-07,26.170000076293945,26.209999084472656,26.059999465942383,26.200000762939453,118000.0
2025-11-10,26.229999542236328,26.639999389648438,26.18000030517578,26.610000610351562,212200.0
2025-11-11,26.540000915527344,26.610000610351562,26.510000228881836,26.540000915527344,133500.0
2025-11-12,26.420000076293945,26.43000030517578,26.34000015258789,26.399999618530273,121800.0
2025-11-13,26.389999389648438,26.40999984741211,26.219999313354492,26.239999771118164,172300.0
2025-11-14,26.18000030517578,26.34000015258789,26.06999969482422,26.09000015258789,208100.0
2025-11-17,26.1200008392334,26.440000534057617,26.1200008392334,26.43000030517578,268700.0
2025-11-18,26.450000762939453,26.5,26.3700008392334,26.399999618530273,87800.0
2025-11-19,26.309999465942383,26.329999923706055,26.06999969482422,26.09000015258789,209500.0
2025-11-20,26.25,26.25,25.93000030517578,25.940000534057617,234100.0
2025-11-21,25.809999465942383,25.93000030517578,25.649999618530273,25.8799991607666,546700.0
2025-11-24,25.579999923706055,25.790000915527344,25.549999237060547,25.68000030517578,229600.0
2025-11-25,25.670000076293945,25.90999984741211,25.670000076293945,25.850000381469727,339200.0
2025-11-26,25.899999618530273,26.170000076293945,25.899999618530273,26.1299991607666,153000.0
2025-11-28,26.18000030517578,26.43000030517578,26.18000030517578,26.420000076293945,115800.0
2025-12-01,26.31999969482422,26.3700008392334,26.270000457763672,26.290000915527344,251400.0
2025-12-02,26.290000915527344,26.489999771118164,26.290000915527344,26.40999984741211,196200.0
2025-12-03,26.420000076293945,26.440000534057617,26.329999923706055,26.3799991607666,85500.0
2025-12-04,26.3700008392334,26.489999771118164,26.360000610351562,26.459999084472656,98500.0
2025-12-05,26.489999771118164,26.56999969482422,26.440000534057617,26.520000457763672,128100.0
2025-12-08,26.469999313354492,26.510000228881836,26.360000610351562,26.399999618530273,424400.0
2025-12-09,26.389999389648438,26.469999313354492,26.350000381469727,26.399999618530273,128000.0
2025-12-10,26.440000534057617,26.520000457763672,26.420000076293945,26.489999771118164,166500.0
2025-12-11,26.549999237060547,26.670000076293945,26.549999237060547,26.639999389648438,377700.0
2025-12-12,26.6200008392334,26.6200008392334,26.479999542236328,26.520000457763672,274000.0
2025-12-15,26.399999618530273,26.399999618530273,26.260000228881836,26.34000015258789,191800.0
2025-12-16,26.31999969482422,26.34000015258789,26.219999313354492,26.25,126100.0
2025-12-17,26.280000686645508,26.280000686645508,26.170000076293945,26.200000762939453,58700.0
2025-12-18,26.1299991607666,26.18000030517578,26.09000015258789,26.149999618530273,131200.0
2025-12-19,26.139999389648438,26.25,26.1299991607666,26.200000762939453,186200.0
2025-12-22,25.450000762939453,25.5,25.399999618530273,25.440000534057617,385700.0
2025-12-23,25.479999542236328,25.530000686645508,25.469999313354492,25.479999542236328,170800.0
2025-12-24,25.559999465942383,25.670000076293945,25.540000915527344,25.649999618530273,152900.0
2025-12-26,25.670000076293945,25.709999084472656,25.639999389648438,25.65999984741211,316400.0
2025-12-29,25.700000762939453,25.739999771118164,25.649999618530273,25.649999618530273,171800.0
2025-12-30,25.600000381469727,25.6299991607666,25.549999237060547,25.56999969482422,177100.0
2025-12-31,25.610000610351562,25.639999389648438,25.520000457763672,25.520000457763672,677200.0
2026-01-02,25.5,25.56999969482422,25.43000030517578,25.559999465942383,307600.0
2026-01-05,25.670000076293945,25.850000381469727,25.670000076293945,25.81999969482422,372400.0
2026-01-06,25.829999923706055,25.920000076293945,25.809999465942383,25.84000015258789,276500.0
2026-01-07,25.950000762939453,25.950000762939453,25.8799991607666,25.90999984741211,190900.0
2026-01-08,25.959999084472656,26.049999237060547,25.959999084472656,26.010000228881836,260000.0
2026-01-09,25.950000762939453,25.959999084472656,25.75,25.780000686645508,312300.0
2026-01-12,25.809999465942383,25.90999984741211,25.56999969482422,25.6299991607666,387800.0
2026-01-13,25.559999465942383,25.649999618530273,25.549999237060547,25.56999969482422,240700.0
2026-01-14,25.56999969482422,25.6200008392334,25.479999542236328,25.510000228881836,366000.0
2026-01-15,25.520000457763672,25.6299991607666,25.520000457763672,25.59000015258789,265200.0
2026-01-16,25.690000534057617,25.700000762939453,25.559999465942383,25.600000381469727,229000.0
2026-01-20,25.510000228881836,25.579999923706055,25.489999771118164,25.489999771118164,218100.0
2026-01-21,25.56999969482422,25.600000381469727,25.5,25.549999237060547,224300.0
2026-01-22,25.6200008392334,25.649999618530273,25.579999923706055,25.600000381469727,213500.0
2026-01-23,25.610000610351562,25.770000457763672,25.59000015258789,25.739999771118164,207200.0
2026-01-26,25.790000915527344,25.84000015258789,25.719999313354492,25.760000228881836,296700.0
2026-01-27,25.860000610351562,25.860000610351562,25.799999237060547,25.84000015258789,197000.0
2026-01-28,25.8700008392334,25.920000076293945,25.829999923706055,25.8799991607666,210300.0
2026-01-29,25.940000534057617,26.010000228881836,25.81999969482422,25.8700008392334,322900.0
2026-01-30,25.809999465942383,25.809999465942383,25.559999465942383,25.65999984741211,305100.0
2026-02-02,25.549999237060547,25.649999618530273,25.540000915527344,25.649999618530273,196000.0
2026-02-03,25.709999084472656,25.760000228881836,25.68000030517578,25.75,245700.0
2026-02-04,25.670000076293945,25.93000030517578,25.649999618530273,25.709999084472656,197900.0
2026-02-05,25.739999771118164,25.829999923706055,25.549999237060547,25.770000457763672,378600.0
2026-02-06,25.790000915527344,25.899999618530273,25.68000030517578,25.770000457763672,406500.0
2026-02-09,25.75,25.790000915527344,25.709999084472656,25.75,141900.0
2026-02-10,25.75,25.790000915527344,25.709999084472656,25.729999542236328,255900.0
2026-02-11,25.770000457763672,25.860000610351562,25.700000762939453,25.81999969482422,149800.0
2026-02-12,25.8700008392334,25.920000076293945,25.790000915527344,25.889999389648438,264900.0
2026-02-13,25.850000381469727,25.860000610351562,25.729999542236328,25.790000915527344,179100.0
2026-02-17,25.639999389648438,25.770000457763672,25.610000610351562,25.709999084472656,175900.0
2026-02-18,25.760000228881836,25.84000015258789,25.739999771118164,25.84000015258789,256000.0
2026-02-19,25.75,25.920000076293945,25.729999542236328,25.899999618530273,935100.0
2026-02-20,25.979999542236328,26.059999465942383,25.860000610351562,26.030000686645508,359600.0
2026-02-23,25.93000030517578,26.110000610351562,25.93000030517578,25.969999313354492,338400.0
2026-02-24,25.920000076293945,26.040000915527344,25.920000076293945,26.010000228881836,197200.0
2026-02-25,26.010000228881836,26.139999389648438,25.959999084472656,26.1200008392334,236800.0
2026-02-26,26.149999618530273,26.149999618530273,25.969999313354492,26.049999237060547,313400.0
2026-02-27,26.100000381469727,26.139999389648438,25.969999313354492,26.020000457763672,193400.0
2026-03-02,26.040000915527344,26.049999237060547,25.90999984741211,25.989999771118164,249600.0
2026-03-03,26.049999237060547,26.06999969482422,25.860000610351562,26.020000457763672,632100.0
2026-03-04,25.989999771118164,26.1200008392334,25.989999771118164,26.1200008392334,259800.0
2026-03-05,26.190000534057617,26.420000076293945,26.15999984741211,26.40999984741211,1279600.0
2026-03-06,26.610000610351562,26.760000228881836,26.56999969482422,26.709999084472656,3532700.0
2026-03-09,26.829999923706055,26.84000015258789,26.510000228881836,26.549999237060547,1904500.0
2026-03-10,26.59000015258789,26.639999389648438,26.469999313354492,26.610000610351562,752000.0
2026-03-11,26.770000457763672,26.780000686645508,26.6200008392334,26.700000762939453,2688500.0
2026-03-12,26.809999465942383,26.8700008392334,26.709999084472656,26.75,2333000.0
2026-03-13,26.700000762939453,26.829999923706055,26.600000381469727,26.75,4488500.0
2026-03-16,26.709999084472656,26.760000228881836,26.440000534057617,26.450000762939453,2304300.0
2026-03-17,26.600000381469727,26.68000030517578,26.530000686645508,26.6200008392334,1186200.0
2026-03-18,26.6299991607666,26.920000076293945,26.610000610351562,26.90999984741211,2617000.0
2026-03-19,26.950000762939453,26.979999542236328,26.829999923706055,26.969999313354492,2685900.0
2026-03-20,26.850000381469727,26.93000030517578,26.790000915527344,26.850000381469727,1557000.0
2026-03-23,26.739999771118164,26.860000610351562,26.65999984741211,26.84000015258789,2924500.0
2026-03-24,26.780000686645508,26.959999084472656,26.770000457763672,26.889999389648438,1830200.0
2026-03-25,26.790000915527344,27.0,26.75,26.959999084472656,2316100.0
2026-03-26,26.940000534057617,27.139999389648438,26.899999618530273,27.110000610351562,1592600.0
2026-03-27,27.139999389648438,27.31999969482422,27.09000015258789,27.170000076293945,2147600.0
2026-03-30,27.1299991607666,27.270000457763672,27.100000381469727,27.1200008392334,1428900.0
2026-03-31,27.18000030517578,27.3700008392334,27.15999984741211,27.31999969482422,2374000.0
2026-04-01,27.1299991607666,27.15999984741211,26.959999084472656,27.100000381469727,2251800.0
2026-04-02,27.219999313354492,27.229999542236328,27.1200008392334,27.15999984741211,2938700.0
2026-04-06,27.200000762939453,27.299999237060547,27.139999389648438,27.280000686645508,1678100.0
2026-04-07,27.15999984741211,27.229999542236328,27.0,27.010000228881836,1910900.0
2026-04-08,26.90999984741211,26.950000762939453,26.799999237060547,26.8700008392334,2181900.0
2026-04-09,26.959999084472656,26.979999542236328,26.770000457763672,26.8700008392334,1718200.0
2026-04-10,26.920000076293945,26.950000762939453,26.84000015258789,26.889999389648438,561600.0
2026-04-13,26.969999313354492,27.100000381469727,26.93000030517578,26.93000030517578,1508800.0
2026-04-14,27.030000686645508,27.139999389648438,26.989999771118164,27.1200008392334,1616900.0
2026-04-15,27.149999618530273,27.219999313354492,27.06999969482422,27.170000076293945,1260100.0
2026-04-16,27.25,27.280000686645508,27.100000381469727,27.110000610351562,1419600.0
2026-04-17,26.90999984741211,26.969999313354492,26.770000457763672,26.920000076293945,2481500.0
2026-04-20,27.0,27.139999389648438,26.979999542236328,26.989999771118164,1101100.0
2026-04-21,27.040000915527344,27.229999542236328,27.030000686645508,27.170000076293945,1271700.0
2026-04-22,27.260000228881836,27.309999465942383,27.110000610351562,27.1299991607666,1047000.0
2026-04-23,27.15999984741211,27.420000076293945,27.059999465942383,27.399999618530273,1638800.0
2026-04-24,27.3700008392334,27.40999984741211,27.299999237060547,27.389999389648438,1182700.0
2026-04-27,27.3799991607666,27.6200008392334,27.3799991607666,27.56999969482422,1917500.0
2026-04-28,27.75,27.969999313354492,27.639999389648438,27.959999084472656,2720000.0
2026-04-29,28.030000686645508,28.190000534057617,28.010000228881836,28.110000610351562,3153100.0
2026-04-30,28.0,28.079999923706055,27.93000030517578,28.030000686645508,1796300.0
2026-05-01,28.100000381469727,28.209999084472656,28.040000915527344,28.110000610351562,1362000.0
2026-05-04,28.15999984741211,28.329999923706055,28.110000610351562,28.290000915527344,2656000.0
2026-05-05,28.280000686645508,28.3700008392334,28.200000762939453,28.3700008392334,1712600.0
2026-05-06,28.1299991607666,28.1299991607666,27.940000534057617,28.059999465942383,2013400.0
2026-05-07,27.8799991607666,27.8799991607666,27.600000381469727,27.799999237060547,3059900.0
2026-05-08,27.889999389648438,28.0,27.84000015258789,27.969999313354492,604000.0
2026-05-11,28.209999084472656,28.389999389648438,28.18000030517578,28.329999923706055,1520300.0
2026-05-12,28.40999984741211,28.6200008392334,28.350000381469727,28.56999969482422,1863100.0
2026-05-13,28.540000915527344,28.84000015258789,28.459999084472656,28.729999542236328,1988100.0
2026-05-14,28.329999923706055,28.3799991607666,28.170000076293945,28.25,1221200.0
2026-05-15,27.920000076293945,27.969999313354492,27.75,27.829999923706055,2476600.0
2026-05-18,28.1299991607666,28.270000457763672,28.110000610351562,28.200000762939453,1713500.0
2026-05-19,28.270000457763672,28.329999923706055,28.190000534057617,28.280000686645508,877300.0
2026-05-20,28.15999984741211,28.15999984741211,27.889999389648438,27.969999313354492,1094000.0
2026-05-21,27.969999313354492,27.989999771118164,27.549999237060547,27.610000610351562,1619500.0
2026-05-22,27.639999389648438,27.690000534057617,27.489999771118164,27.559999465942383,917100.0
2026-05-26,27.600000381469727,27.649999618530273,27.43000030517578,27.469999313354492,801900.0
2026-05-27,27.3700008392334,27.530000686645508,27.329999923706055,27.469999313354492,1309600.0
2026-05-28,27.489999771118164,27.59000015258789,27.420000076293945,27.579999923706055,583300.0
2026-05-29,27.549999237060547,27.549999237060547,27.190000534057617,27.25,1825400.0
2026-06-01,27.420000076293945,27.450000762939453,27.200000762939453,27.239999771118164,1134900.0
2026-06-02,27.239999771118164,27.239999771118164,27.059999465942383,27.1200008392334,1658300.0
2026-06-03,27.18000030517578,27.209999084472656,26.860000610351562,26.860000610351562,1072900.0
2026-06-04,26.809999465942383,26.8700008392334,26.6200008392334,26.690000534057617,1354000.0
2026-06-05,26.610000610351562,26.670000076293945,26.3799991607666,26.399999618530273,4275100.0
2026-06-08,26.420000076293945,26.520000457763672,26.309999465942383,26.329999923706055,1259500.0
2026-06-09,26.360000610351562,26.450000762939453,26.239999771118164,26.280000686645508,759400.0
2026-06-10,26.3799991607666,26.420000076293945,26.309999465942383,26.329999923706055,737800.0
2026-06-11,26.31999969482422,26.3700008392334,26.219999313354492,26.299999237060547,1014300.0
2026-06-12,26.309999465942383,26.360000610351562,26.239999771118164,26.239999771118164,811600.0
2026-06-15,26.170000076293945,26.389999389648438,26.15999984741211,26.3799991607666,1406500.0
2026-06-16,26.459999084472656,26.729999542236328,26.450000762939453,26.65999984741211,797200.0
2026-06-17,26.809999465942383,26.8700008392334,26.770000457763672,26.84000015258789,829100.0
2026-06-18,26.75,26.75,26.579999923706055,26.6299991607666,1040900.0
2026-06-22,26.729999542236328,26.75,26.639999389648438,26.649999618530273,2362200.0
2026-06-23,26.6200008392334,26.729999542236328,26.579999923706055,26.600000381469727,1704800.0
2026-06-24,26.649999618530273,26.760000228881836,26.559999465942383,26.559999465942383,834700.0
2026-06-25,26.6299991607666,26.940000534057617,26.600000381469727,26.920000076293945,1352800.0
2026-06-26,26.790000915527344,26.90999984741211,26.770000457763672,26.799999237060547,621100.0
2026-06-29,26.739999771118164,26.739999771118164,26.479999542236328,26.510000228881836,2364400.0
2026-06-30,26.6200008392334,26.770000457763672,26.450000762939453,26.670000076293945,707400.0
2026-07-01,26.739999771118164,26.920000076293945,26.739999771118164,26.860000610351562,517900.0
2026-07-02,26.8700008392334,26.969999313354492,26.719999313354492,26.739999771118164,387300.0
2026-07-06,27.18000030517578,27.59000015258789,27.149999618530273,27.540000915527344,1314100.0
2026-07-07,27.5,27.579999923706055,27.3799991607666,27.549999237060547,1175500.0
2026-07-08,27.639999389648438,27.690000534057617,27.530000686645508,27.6200008392334,681800.0
2026-07-09,27.670000076293945,27.8799991607666,27.639999389648438,27.709999084472656,607900.0
2026-07-10,27.649999618530273,27.809999465942383,27.5,27.770000457763672,1459200.0
2026-07-13,27.809999465942383,27.899999618530273,27.700000762939453,27.719999313354492,1160000.0
2026-07-14,27.6299991607666,27.68000030517578,27.549999237060547,27.6299991607666,602500.0
2026-07-15,27.670000076293945,28.0,27.670000076293945,27.979999542236328,1448600.0
2026-07-16,27.81999969482422,27.829999923706055,27.559999465942383,27.59000015258789,645400.0
2026-07-17,27.760000228881836,27.850000381469727,27.690000534057617,27.84000015258789,856300.0
2026-07-20,27.979999542236328,28.079999923706055,27.899999618530273,28.020000457763672,713400.0
2026-07-21,28.030000686645508,28.15999984741211,27.979999542236328,28.149999618530273,646400.0
2026-07-22,28.200000762939453,28.299999237060547,28.149999618530273,28.229999542236328,647600.0
2026-07-23,28.309999465942383,28.34000015258789,28.15999984741211,28.239999771118164,600700.0
2026-07-24,28.1200008392334,28.360000610351562,28.059999465942383,28.239999771118164,529600.0
2026-07-27,27.850000381469727,27.920000076293945,27.610000610351562,27.6200008392334,1139400.0
2026-07-28,27.6299991607666,27.959999084472656,27.6299991607666,27.84000015258789,1036000.0
2026-07-29,27.829999923706055,27.829999923706055,27.489999771118164,27.489999771118164,601900.0
2026-07-30,27.610000610351562,27.670000076293945,27.459999084472656,27.479999542236328,1299200.0
2026-07-31,27.600000381469727,27.600000381469727,27.440000534057617,27.510000228881836,425400.0
2026-08-03,27.510000228881836,27.809999465942383,27.489999771118164,27.790000915527344,481800.0
2026-08-04,27.549999237060547,27.690000534057617,27.479999542236328,27.65999984741211,741600.0
2026-08-05,27.65999984741211,27.809999465942383,27.520000457763672,27.6299991607666,2092000.0
2026-08-06,27.600000381469727,27.600000381469727,27.3700008392334,27.43000030517578,463900.0
2026-08-07,27.479999542236328,27.690000534057617,27.469999313354492,27.6200008392334,412500.0
2026-08-10,27.690000534057617,27.860000610351562,27.68000030517578,27.81999969482422,356900.0
2026-08-11,27.75,27.75,27.559999465942383,27.59000015258789,480100.0
2026-08-12,27.690000534057617,27.920000076293945,27.670000076293945,27.84000015258789,695200.0
2026-08-13,27.770000457763672,27.81999969482422,27.59000015258789,27.6200008392334,484400.0
2026-08-14,27.649999618530273,27.790000915527344,27.6299991607666,27.770000457763672,450800.0
2026-08-17,27.860000610351562,28.15999984741211,27.850000381469727,28.139999389648438,867200.0
2026-08-18,28.190000534057617,28.239999771118164,28.010000228881836,28.030000686645508,1485300.0
2026-08-19,28.149999618530273,28.399999618530273,28.149999618530273,28.290000915527344,740400.0
2026-08-20,28.399999618530273,28.479999542236328,28.329999923706055,28.3799991607666,1363300.0
2026-08-21,28.360000610351562,28.360000610351562,28.139999389648438,28.31999969482422,1068000.0
2026-08-24,28.329999923706055,28.34000015258789,28.170000076293945,28.299999237060547,967800.0
2026-08-25,28.030000686645508,28.299999237060547,27.969999313354492,28.280000686645508,1066100.0
2026-08-26,28.280000686645508,28.65999984741211,28.280000686645508,28.59000015258789,1946400.0
2026-08-27,28.6299991607666,28.920000076293945,28.59000015258789,28.81999969482422,2499900.0
2026-08-31,29.09000015258789,29.360000610351562,29.040000915527344,29.31999969482422,2298600.0
2026-09-01,29.280000686645508,29.520000457763672,29.229999542236328,29.489999771118164,3565600.0
2026-09-02,29.1200008392334,29.440000534057617,29.1200008392334,29.270000457763672,3171300.0
