date,open,high,low,close,volume
2010-01-04,42.18000030517578,42.7400016784668,42.15999984741211,42.709999084472656,70761600.0
2010-01-05,42.90999984741211,43.16999816894531,42.7599983215332,43.02000045776367,50196300.0
2010-01-06,43.08000183105469,43.290000915527344,43.0099983215332,43.11000061035156,50670000.0
2010-01-07,42.849998474121094,42.97999954223633,42.619998931884766,42.86000061035156,41803700.0
2010-01-08,42.880001068115234,43.220001220703125,42.7400016784668,43.20000076293945,41118100.0
2010-01-11,43.45000076293945,43.470001220703125,42.900001525878906,43.11000061035156,42546400.0
2010-01-12,42.61000061035156,42.70000076293945,42.20000076293945,42.41999816894531,65902300.0
2010-01-13,42.59000015258789,42.70000076293945,42.150001525878906,42.54999923706055,48040100.0
2010-01-14,42.52000045776367,42.619998931884766,42.369998931884766,42.439998626708984,52893800.0
2010-01-15,42.31999969482422,42.380001068115234,41.83000183105469,41.95000076293945,76681800.0
2010-01-19,42.08000183105469,42.79999923706055,42.06999969482422,42.79999923706055,57597300.0
2010-01-20,42.11000061035156,42.11000061035156,41.43000030517578,41.77000045776367,78934700.0
2010-01-21,41.54999923706055,41.68000030517578,40.47999954223633,40.5099983215332,116104300.0
2010-01-22,40.220001220703125,40.349998474121094,39.529998779296875,39.61000061035156,108173800.0
2010-01-25,40.130001068115234,40.31999969482422,39.66999816894531,39.900001525878906,86170400.0
2010-01-26,39.130001068115234,39.599998474121094,35.810001373291016,39.06999969482422,89832400.0
2010-01-27,38.790000915527344,39.119998931884766,38.380001068115234,38.970001220703125,91623300.0
2010-01-28,39.31999969482422,39.47999954223633,38.36000061035156,38.70000076293945,98086600.0
2010-01-29,39.150001525878906,39.2599983215332,38.08000183105469,38.279998779296875,151695100.0
2010-02-01,38.63999938964844,39.349998474121094,38.61000061035156,39.310001373291016,81928100.0
2010-02-02,39.38999938964844,39.709999084472656,39.02000045776367,39.630001068115234,86791200.0
2010-02-03,39.63999938964844,39.81999969482422,39.27000045776367,39.400001525878906,64323800.0
2010-02-04,38.75,38.79999923706055,37.599998474121094,37.619998931884766,131791500.0
2010-02-05,37.290000915527344,37.400001525878906,36.18000030517578,37.20000076293945,165899900.0
2010-02-08,37.18000030517578,37.47999954223633,36.81999969482422,36.83000183105469,78752400.0
2010-02-09,37.72999954223633,38.369998931884766,37.43000030517578,38.029998779296875,133342000.0
2010-02-10,38.040000915527344,38.290000915527344,37.5099983215332,37.93000030517578,84646000.0
2010-02-11,38.189998626708984,38.970001220703125,37.869998931884766,38.93000030517578,90206600.0
2010-02-12,38.13999938964844,38.58000183105469,37.869998931884766,38.439998626708984,63053000.0
2010-02-16,39.02000045776367,39.459999084472656,38.75,39.43000030517578,73196700.0
2010-02-17,39.72999954223633,39.7599983215332,39.33000183105469,39.56999969482422,63631100.0
2010-02-18,39.2599983215332,39.86000061035156,39.20000076293945,39.720001220703125,61597600.0
2010-02-19,39.27000045776367,39.630001068115234,39.15999984741211,39.380001068115234,77264800.0
2010-02-22,39.619998931884766,39.63999938964844,39.29999923706055,39.43000030517578,56446600.0
2010-02-23,39.209999084472656,39.43000030517578,38.4900016784668,38.52000045776367,103220800.0
2010-02-24,38.779998779296875,39.06999969482422,38.54999923706055,38.88999938964844,73043700.0
2010-02-25,37.970001220703125,38.63999938964844,37.7599983215332,38.56999969482422,73641500.0
2010-02-26,38.61000061035156,39.040000915527344,38.369998931884766,38.959999084472656,65727300.0
2010-03-01,39.43000030517578,39.72999954223633,39.33000183105469,39.619998931884766,73146100.0
2010-03-02,40.02000045776367,40.29999923706055,39.849998474121094,40.06999969482422,66353000.0
2010-03-03,40.279998779296875,40.619998931884766,39.970001220703125,40.119998931884766,68779900.0
2010-03-04,40.150001525878906,40.20000076293945,39.65999984741211,39.90999984741211,61065500.0
2010-03-05,40.459999084472656,40.95000076293945,40.310001373291016,40.95000076293945,78177700.0
2010-03-08,41.040000915527344,41.189998626708984,40.91999816894531,40.97999954223633,56724000.0
2010-03-09,40.79999923706055,41.400001525878906,40.790000915527344,41.209999084472656,66759800.0
2010-03-10,41.29999923706055,41.66999816894531,41.209999084472656,41.5,73994500.0
2010-03-11,41.2599983215332,41.54999923706055,41.040000915527344,41.5099983215332,42415700.0
2010-03-12,41.70000076293945,41.709999084472656,41.25,41.369998931884766,48949200.0
2010-03-15,41.130001068115234,41.2400016784668,40.810001373291016,41.06999969482422,43560300.0
2010-03-16,41.209999084472656,41.619998931884766,41.04999923706055,41.599998474121094,58417000.0
2010-03-17,42.0099983215332,42.25,41.869998931884766,42.04999923706055,72017100.0
2010-03-18,41.970001220703125,42.029998779296875,41.529998779296875,41.72999954223633,73867900.0
2010-03-19,41.189998626708984,41.869998931884766,41.130001068115234,41.189998626708984,65993900.0
2010-03-22,40.77000045776367,41.380001068115234,40.66999816894531,41.34000015258789,57583400.0
2010-03-23,41.38999938964844,41.65999984741211,41.20000076293945,41.630001068115234,50528500.0
2010-03-24,41.189998626708984,41.36000061035156,41.0099983215332,41.0099983215332,65081100.0
2010-03-25,41.349998474121094,41.5,40.81999969482422,40.900001525878906,72397600.0
2010-03-26,41.2400016784668,41.38999938964844,40.75,41.099998474121094,69798700.0
2010-03-29,41.529998779296875,41.86000061035156,41.439998626708984,41.84000015258789,57961300.0
2010-03-30,41.939998626708984,42.119998931884766,41.720001220703125,42.0,50327500.0
2010-03-31,41.86000061035156,42.22999954223633,41.84000015258789,42.119998931884766,52858500.0
2010-04-01,42.7400016784668,43.220001220703125,42.7400016784668,43.220001220703125,96281100.0
2010-04-05,43.439998626708984,43.75,43.34000015258789,43.61000061035156,63633700.0
2010-04-06,43.439998626708984,43.84000015258789,43.40999984741211,43.7400016784668,42926300.0
2010-04-07,43.560001373291016,43.66999816894531,43.130001068115234,43.36000061035156,55642000.0
2010-04-08,43.06999969482422,43.560001373291016,42.86000061035156,43.5099983215332,52083200.0
2010-04-09,43.599998474121094,46.65999984741211,43.529998779296875,43.779998779296875,46651000.0
2010-04-12,43.45000076293945,43.66999816894531,43.43000030517578,43.43000030517578,43558300.0
2010-04-13,43.310001373291016,43.38999938964844,42.90999984741211,43.34000015258789,47072900.0
2010-04-14,43.790000915527344,44.02000045776367,43.59000015258789,43.97999954223633,42957800.0
2010-04-15,43.70000076293945,43.97999954223633,43.650001525878906,43.7400016784668,43463300.0
2010-04-16,43.25,43.31999969482422,42.27000045776367,42.459999084472656,142486200.0
2010-04-19,41.959999084472656,42.380001068115234,41.650001525878906,42.290000915527344,89434600.0
2010-04-20,42.66999816894531,42.86000061035156,42.45000076293945,42.790000915527344,63883700.0
2010-04-21,42.709999084472656,42.77000045776367,42.2599983215332,42.650001525878906,64141600.0
2010-04-22,42.27000045776367,42.869998931884766,41.9900016784668,42.83000183105469,72788900.0
2010-04-23,42.689998626708984,43.11000061035156,42.4900016784668,43.060001373291016,64724100.0
2010-04-26,43.33000183105469,43.400001525878906,42.9900016784668,43.060001373291016,46317300.0
2010-04-27,42.58000183105469,42.68000030517578,41.43000030517578,41.52000045776367,132888400.0
2010-04-28,42.0099983215332,42.060001373291016,41.290000915527344,41.869998931884766,68981700.0
2010-04-29,42.2599983215332,42.61000061035156,42.15999984741211,42.560001373291016,69912900.0
2010-04-30,42.540000915527344,42.689998626708984,42.0099983215332,42.04999923706055,77528000.0
2010-05-03,42.189998626708984,42.41999816894531,41.900001525878906,42.279998779296875,47649800.0
2010-05-04,41.380001068115234,41.40999984741211,40.22999954223633,40.34000015258789,159998800.0
2010-05-05,39.58000183105469,40.2599983215332,39.22999954223633,39.61000061035156,131994700.0
2010-05-06,39.310001373291016,39.7599983215332,36.58000183105469,37.9900016784668,225063100.0
2010-05-07,38.36000061035156,38.84000015258789,37.25,38.189998626708984,191265100.0
2010-05-10,40.630001068115234,41.029998779296875,40.38999938964844,40.939998626708984,187916400.0
2010-05-11,40.0,40.79999923706055,39.900001525878906,40.20000076293945,119869600.0
2010-05-12,40.540000915527344,40.77000045776367,40.400001525878906,40.70000076293945,73936600.0
2010-05-13,40.70000076293945,40.93000030517578,40.290000915527344,40.31999969482422,71622500.0
2010-05-14,40.029998779296875,40.060001373291016,39.099998474121094,39.4900016784668,113085000.0
2010-05-17,39.400001525878906,39.66999816894531,38.400001525878906,39.25,101708500.0
2010-05-18,39.63999938964844,39.790000915527344,38.29999923706055,38.43000030517578,113529000.0
2010-05-19,37.900001525878906,38.29999923706055,37.36000061035156,38.060001373291016,129633400.0
2010-05-20,36.61000061035156,37.060001373291016,36.0,36.16999816894531,174383500.0
2010-05-21,35.709999084472656,37.380001068115234,35.66999816894531,37.34000015258789,169452900.0
2010-05-24,37.369998931884766,37.630001068115234,36.900001525878906,36.95000076293945,90936400.0
2010-05-25,35.470001220703125,36.61000061035156,35.209999084472656,36.54999923706055,144257100.0
2010-05-26,36.93000030517578,37.52000045776367,36.439998626708984,36.529998779296875,128281900.0
2010-05-27,37.959999084472656,38.810001373291016,37.68000030517578,38.7400016784668,147181800.0
2010-05-28,38.52000045776367,38.59000015258789,37.91999816894531,38.099998474121094,113223700.0
2010-06-01,37.709999084472656,38.43000030517578,37.380001068115234,37.400001525878906,91068700.0
2010-06-02,37.83000183105469,38.7400016784668,37.630001068115234,38.709999084472656,103740800.0
2010-06-03,38.959999084472656,39.0099983215332,38.08000183105469,38.56999969482422,70470800.0
2010-06-04,37.7400016784668,38.119998931884766,37.09000015258789,37.20000076293945,108937200.0
2010-06-07,37.34000015258789,37.5,36.59000015258789,36.619998931884766,82131900.0
2010-06-08,37.029998779296875,37.5099983215332,36.58000183105469,37.459999084472656,108438000.0
2010-06-09,37.619998931884766,38.119998931884766,37.060001373291016,37.2599983215332,87947600.0
2010-06-10,38.040000915527344,38.61000061035156,37.97999954223633,38.560001373291016,92855100.0
2010-06-11,38.0,38.790000915527344,37.9900016784668,38.7599983215332,66496500.0
2010-06-14,39.2400016784668,39.5,38.66999816894531,38.77000045776367,83991300.0
2010-06-15,39.20000076293945,39.9900016784668,39.04999923706055,39.939998626708984,96494500.0
2010-06-16,39.5099983215332,40.119998931884766,39.45000076293945,39.939998626708984,63906600.0
2010-06-17,40.04999923706055,40.060001373291016,39.40999984741211,39.7400016784668,68660100.0
2010-06-18,39.90999984741211,40.130001068115234,39.689998626708984,39.91999816894531,64639800.0
2010-06-21,40.959999084472656,41.130001068115234,40.29999923706055,40.61000061035156,96721100.0
2010-06-22,40.529998779296875,40.72999954223633,39.72999954223633,39.83000183105469,100336600.0
2010-06-23,39.849998474121094,39.880001068115234,39.25,39.66999816894531,93969400.0
2010-06-24,39.4900016784668,39.4900016784668,38.81999969482422,38.970001220703125,82636000.0
2010-06-25,39.08000183105469,39.529998779296875,38.77000045776367,39.43000030517578,60657800.0
2010-06-28,39.400001525878906,39.5,39.029998779296875,39.15999984741211,36242500.0
2010-06-29,38.099998474121094,38.13999938964844,37.400001525878906,37.56999969482422,120391400.0
2010-06-30,37.7599983215332,38.099998474121094,37.220001220703125,37.31999969482422,84176700.0
2010-07-01,37.5,37.63999938964844,36.7599983215332,37.59000015258789,113344200.0
2010-07-02,37.70000076293945,37.959999084472656,37.43000030517578,37.75,63854500.0
2010-07-06,38.720001220703125,39.040000915527344,38.060001373291016,38.45000076293945,76509800.0
2010-07-07,38.400001525878906,39.310001373291016,38.36000061035156,39.29999923706055,68037800.0
2010-07-08,39.369998931884766,39.529998779296875,38.97999954223633,39.4900016784668,60958700.0
2010-07-09,39.52000045776367,40.0099983215332,39.459999084472656,39.970001220703125,43777100.0
2010-07-12,39.810001373291016,40.040000915527344,39.470001220703125,39.650001525878906,53211600.0
2010-07-13,39.9900016784668,40.2400016784668,39.88999938964844,40.11000061035156,52194800.0
2010-07-14,39.849998474121094,40.13999938964844,39.709999084472656,40.029998779296875,46615600.0
2010-07-15,39.849998474121094,39.93000030517578,39.349998474121094,39.84000015258789,66745400.0
2010-07-16,39.5099983215332,39.5099983215332,38.58000183105469,38.650001525878906,99497500.0
2010-07-19,39.02000045776367,39.25,38.75,39.15999984741211,46717800.0
2010-07-20,38.900001525878906,40.13999938964844,38.880001068115234,40.08000183105469,92255200.0
2010-07-21,40.25,40.279998779296875,39.47999954223633,39.66999816894531,66007400.0
2010-07-22,40.36000061035156,40.939998626708984,40.31999969482422,40.869998931884766,74052900.0
2010-07-23,40.7599983215332,41.189998626708984,40.4900016784668,41.150001525878906,65675400.0
2010-07-26,41.06999969482422,41.470001220703125,40.90999984741211,41.43000030517578,64865500.0
2010-07-27,41.65999984741211,41.709999084472656,41.150001525878906,41.36000061035156,63763700.0
2010-07-28,41.11000061035156,41.380001068115234,40.97999954223633,41.130001068115234,43131400.0
2010-07-29,41.560001373291016,41.650001525878906,40.88999938964844,41.20000076293945,49588200.0
2010-07-30,40.88999938964844,41.529998779296875,40.7599983215332,41.400001525878906,54277200.0
2010-08-02,42.18000030517578,42.59000015258789,42.06999969482422,42.470001220703125,69623700.0
2010-08-03,42.13999938964844,42.43000030517578,41.93000030517578,42.27000045776367,60207900.0
2010-08-04,42.279998779296875,42.43000030517578,42.0,42.33000183105469,55875600.0
2010-08-05,42.02000045776367,42.20000076293945,41.869998931884766,42.13999938964844,43650600.0
2010-08-06,41.86000061035156,42.189998626708984,41.599998474121094,42.08000183105469,65731600.0
2010-08-09,42.36000061035156,42.38999938964844,42.15999984741211,42.29999923706055,27051000.0
2010-08-10,41.560001373291016,41.9900016784668,41.41999816894531,41.720001220703125,68735400.0
2010-08-11,40.849998474121094,40.849998474121094,40.31999969482422,40.38999938964844,92778600.0
2010-08-12,40.0099983215332,40.58000183105469,39.970001220703125,40.459999084472656,43919400.0
2010-08-13,40.630001068115234,40.81999969482422,40.5099983215332,40.68000030517578,28672700.0
2010-08-16,40.65999984741211,41.099998474121094,40.560001373291016,41.060001373291016,34651900.0
2010-08-17,41.470001220703125,41.720001220703125,41.310001373291016,41.4900016784668,39414300.0
2010-08-18,41.400001525878906,41.66999816894531,41.20000076293945,41.459999084472656,38009500.0
2010-08-19,41.470001220703125,41.59000015258789,40.880001068115234,41.13999938964844,56729300.0
2010-08-20,40.9900016784668,41.04999923706055,40.689998626708984,41.02000045776367,54134900.0
2010-08-23,41.119998931884766,41.2599983215332,40.630001068115234,40.650001525878906,44767900.0
2010-08-24,40.16999816894531,40.33000183105469,39.810001373291016,40.130001068115234,80709600.0
2010-08-25,39.720001220703125,40.029998779296875,39.310001373291016,39.869998931884766,89890000.0
2010-08-26,40.08000183105469,40.25,39.560001373291016,39.619998931884766,59948200.0
2010-08-27,40.0,40.5,39.56999969482422,40.4900016784668,77005500.0
2010-08-30,40.2400016784668,40.41999816894531,39.810001373291016,39.81999969482422,48054700.0
2010-08-31,39.849998474121094,40.220001220703125,39.72999954223633,40.060001373291016,72404500.0
2010-09-01,40.790000915527344,41.4900016784668,40.7599983215332,41.470001220703125,83435900.0
2010-09-02,41.38999938964844,41.619998931884766,41.25,41.540000915527344,47351900.0
2010-09-03,42.040000915527344,42.16999816894531,41.810001373291016,42.029998779296875,48712700.0
2010-09-07,41.77000045776367,41.79999923706055,41.400001525878906,41.41999816894531,45210000.0
2010-09-08,41.72999954223633,42.040000915527344,41.65999984741211,41.869998931884766,40612600.0
2010-09-09,42.310001373291016,42.34000015258789,41.900001525878906,42.11000061035156,34925400.0
2010-09-10,42.119998931884766,42.34000015258789,42.06999969482422,42.2599983215332,33236500.0
2010-09-13,43.06999969482422,43.31999969482422,43.029998779296875,43.27000045776367,63308900.0
2010-09-14,43.150001525878906,43.529998779296875,42.97999954223633,43.25,65151200.0
2010-09-15,43.09000015258789,43.34000015258789,42.970001220703125,43.310001373291016,41107300.0
2010-09-16,42.970001220703125,43.16999816894531,42.93000030517578,43.09000015258789,36078100.0
2010-09-17,43.290000915527344,43.310001373291016,42.959999084472656,43.02000045776367,40115200.0
2010-09-20,43.33000183105469,43.75,43.189998626708984,43.70000076293945,53864500.0
2010-09-21,43.720001220703125,43.81999969482422,43.310001373291016,43.56999969482422,54263300.0
2010-09-22,43.650001525878906,43.90999984741211,43.470001220703125,43.599998474121094,45586800.0
2010-09-23,43.33000183105469,43.77000045776367,43.209999084472656,43.31999969482422,62060200.0
2010-09-24,43.849998474121094,44.150001525878906,43.849998474121094,44.119998931884766,57929100.0
2010-09-27,44.09000015258789,44.220001220703125,43.970001220703125,44.040000915527344,40319500.0
2010-09-28,44.099998474121094,44.439998626708984,43.7400016784668,44.36000061035156,50012300.0
2010-09-29,44.38999938964844,44.709999084472656,44.31999969482422,44.5099983215332,58310500.0
2010-09-30,44.83000183105469,44.9900016784668,44.45000076293945,44.77000045776367,60498400.0
2010-10-01,45.25,45.5,45.099998474121094,45.43000030517578,69689800.0
2010-10-04,45.400001525878906,45.5099983215332,45.08000183105469,45.290000915527344,49852800.0
2010-10-05,45.630001068115234,46.20000076293945,45.56999969482422,46.11000061035156,76615300.0
2010-10-06,46.099998474121094,46.22999954223633,46.0,46.09000015258789,50339900.0
2010-10-07,46.189998626708984,46.20000076293945,45.45000076293945,45.68000030517578,49224000.0
2010-10-08,45.650001525878906,46.29999923706055,45.54999923706055,46.22999954223633,54002700.0
2010-10-11,46.150001525878906,46.290000915527344,46.029998779296875,46.20000076293945,32413800.0
2010-10-12,45.790000915527344,46.11000061035156,45.529998779296875,46.0099983215332,63619500.0
2010-10-13,46.540000915527344,47.0099983215332,46.529998779296875,46.86000061035156,69189600.0
2010-10-14,46.81999969482422,46.9900016784668,46.540000915527344,46.779998779296875,50754200.0
2010-10-15,47.02000045776367,47.029998779296875,46.380001068115234,46.720001220703125,83974500.0
2010-10-18,46.36000061035156,46.79999923706055,46.290000915527344,46.7400016784668,51898000.0
2010-10-19,45.68000030517578,45.83000183105469,45.08000183105469,45.2599983215332,90101300.0
2010-10-20,45.63999938964844,46.279998779296875,45.599998474121094,45.97999954223633,62292200.0
2010-10-21,46.2400016784668,46.5,45.4900016784668,45.97999954223633,85422400.0
2010-10-22,46.16999816894531,46.209999084472656,45.880001068115234,46.029998779296875,42843800.0
2010-10-25,46.59000015258789,46.88999938964844,46.5,46.529998779296875,53950800.0
2010-10-26,46.22999954223633,46.560001373291016,46.09000015258789,46.4900016784668,36715600.0
2010-10-27,45.83000183105469,45.83000183105469,45.27000045776367,45.70000076293945,70436800.0
2010-10-28,46.119998931884766,46.15999984741211,45.75,45.9900016784668,45927000.0
2010-10-29,45.90999984741211,46.130001068115234,45.83000183105469,46.119998931884766,38056300.0
2010-11-01,46.59000015258789,46.869998931884766,46.380001068115234,46.630001068115234,47366500.0
2010-11-02,47.04999923706055,47.25,46.95000076293945,47.209999084472656,48355900.0
2010-11-03,47.31999969482422,47.529998779296875,46.7400016784668,47.5,94125200.0
2010-11-04,48.220001220703125,48.58000183105469,48.16999816894531,48.58000183105469,83567900.0
2010-11-05,48.33000183105469,48.599998474121094,48.290000915527344,48.4900016784668,53781000.0
2010-11-08,48.11000061035156,48.33000183105469,47.9900016784668,48.290000915527344,37106100.0
2010-11-09,48.529998779296875,48.619998931884766,47.52000045776367,47.68000030517578,55351100.0
2010-11-10,47.939998626708984,48.11000061035156,47.369998931884766,48.029998779296875,66304400.0
2010-11-11,47.560001373291016,47.599998474121094,47.29999923706055,47.560001373291016,48410200.0
2010-11-12,46.88999938964844,47.130001068115234,46.220001220703125,46.40999984741211,88808000.0
2010-11-15,46.63999938964844,46.880001068115234,46.36000061035156,46.38999938964844,48585300.0
2010-11-16,45.90999984741211,45.959999084472656,45.02000045776367,45.16999816894531,136332900.0
2010-11-17,45.31999969482422,45.63999938964844,45.22999954223633,45.400001525878906,80352800.0
2010-11-18,46.27000045776367,46.56999969482422,46.2400016784668,46.47999954223633,77989900.0
2010-11-19,46.2599983215332,46.54999923706055,45.97999954223633,46.5099983215332,48175100.0
2010-11-22,46.27000045776367,46.58000183105469,45.83000183105469,46.369998931884766,46793100.0
2010-11-23,45.150001525878906,45.2400016784668,44.79999923706055,44.900001525878906,86768900.0
2010-11-24,45.630001068115234,45.959999084472656,45.56999969482422,45.939998626708984,63287600.0
2010-11-26,45.02000045776367,45.25,44.79999923706055,44.79999923706055,60387100.0
2010-11-29,44.959999084472656,45.22999954223633,44.5099983215332,45.150001525878906,80428200.0
2010-11-30,44.619998931884766,45.150001525878906,44.529998779296875,44.779998779296875,78842700.0
2010-12-01,45.900001525878906,46.15999984741211,45.75,46.060001373291016,81889600.0
2010-12-02,46.209999084472656,46.97999954223633,46.189998626708984,46.970001220703125,72593100.0
2010-12-03,46.56999969482422,47.209999084472656,46.56999969482422,47.13999938964844,44688700.0
2010-12-06,46.869998931884766,47.130001068115234,46.83000183105469,47.060001373291016,44988700.0
2010-12-07,47.59000015258789,47.61000061035156,46.83000183105469,46.84000015258789,64406800.0
2010-12-08,46.75,46.869998931884766,46.279998779296875,46.540000915527344,48924100.0
2010-12-09,46.720001220703125,46.7599983215332,46.25,46.380001068115234,63131000.0
2010-12-10,46.40999984741211,46.59000015258789,46.2400016784668,46.59000015258789,44844200.0
2010-12-13,46.869998931884766,47.119998931884766,46.7400016784668,46.88999938964844,49177500.0
2010-12-14,46.93000030517578,47.13999938964844,46.810001373291016,46.959999084472656,53611300.0
2010-12-15,46.689998626708984,46.7599983215332,46.150001525878906,46.20000076293945,69038700.0
2010-12-16,46.2400016784668,46.38999938964844,46.02000045776367,46.33000183105469,55441400.0
2010-12-17,46.209999084472656,46.41999816894531,46.130001068115234,46.400001525878906,43610700.0
2010-12-20,46.36000061035156,46.40999984741211,46.08000183105469,46.189998626708984,48887300.0
2010-12-21,46.33000183105469,46.65999984741211,46.31999969482422,46.5,59666300.0
2010-12-22,46.47999954223633,46.709999084472656,46.439998626708984,46.65999984741211,24942400.0
2010-12-23,46.5,46.630001068115234,46.439998626708984,46.61000061035156,27545100.0
2010-12-27,46.439998626708984,46.54999923706055,46.33000183105469,46.459999084472656,29293100.0
2010-12-28,46.54999923706055,46.58000183105469,46.400001525878906,46.5,30330000.0
2010-12-29,46.81999969482422,47.099998474121094,46.810001373291016,47.06999969482422,30891500.0
2010-12-30,47.33000183105469,47.38999938964844,47.16999816894531,47.310001373291016,28376000.0
2010-12-31,47.43000030517578,47.68000030517578,47.310001373291016,47.63999938964844,34328200.0
2011-01-03,48.029998779296875,48.310001373291016,48.029998779296875,48.099998474121094,40116200.0
2011-01-04,48.2599983215332,48.31999969482422,47.75,48.31999969482422,45176300.0
2011-01-05,47.900001525878906,48.29999923706055,47.880001068115234,48.20000076293945,47527100.0
2011-01-06,48.0099983215332,48.040000915527344,47.58000183105469,47.689998626708984,43977400.0
2011-01-07,47.5099983215332,47.619998931884766,46.93000030517578,47.25,57124900.0
2011-01-10,46.79999923706055,46.849998474121094,46.5099983215332,46.7599983215332,62556500.0
2011-01-11,47.27000045776367,47.38999938964844,47.06999969482422,47.2599983215332,53337100.0
2011-01-12,47.900001525878906,48.209999084472656,47.84000015258789,48.209999084472656,67254100.0
2011-01-13,48.099998474121094,48.11000061035156,47.66999816894531,47.790000915527344,53294600.0
2011-01-14,47.630001068115234,47.939998626708984,47.61000061035156,47.93000030517578,38685900.0
2011-01-18,47.849998474121094,47.959999084472656,47.75,47.86000061035156,30565800.0
2011-01-19,48.0,48.0099983215332,47.31999969482422,47.4900016784668,64940400.0
2011-01-20,47.130001068115234,47.13999938964844,46.529998779296875,46.970001220703125,75797500.0
2011-01-21,47.0,47.06999969482422,46.439998626708984,46.47999954223633,87318900.0
2011-01-24,46.47999954223633,46.849998474121094,46.40999984741211,46.84000015258789,61839300.0
2011-01-25,46.599998474121094,46.70000076293945,46.22999954223633,46.560001373291016,63557800.0
2011-01-26,47.0,47.150001525878906,46.81999969482422,46.970001220703125,66604500.0
2011-01-27,47.08000183105469,47.150001525878906,46.75,46.810001373291016,80518400.0
2011-01-28,46.61000061035156,46.619998931884766,45.25,45.33000183105469,185092200.0
2011-01-31,45.720001220703125,45.97999954223633,45.56999969482422,45.810001373291016,97695000.0
2011-02-01,46.209999084472656,46.97999954223633,46.15999984741211,46.91999816894531,105876000.0
2011-02-02,46.7599983215332,47.13999938964844,46.52000045776367,46.56999969482422,68880600.0
2011-02-03,46.650001525878906,46.7599983215332,46.2599983215332,46.5099983215332,56934900.0
2011-02-04,46.58000183105469,46.65999984741211,46.130001068115234,46.5,76698100.0
2011-02-07,46.400001525878906,46.7599983215332,46.349998474121094,46.560001373291016,60078400.0
2011-02-08,46.41999816894531,46.61000061035156,46.20000076293945,46.58000183105469,74244600.0
2011-02-09,45.939998626708984,46.040000915527344,45.310001373291016,45.5099983215332,105680200.0
2011-02-10,44.849998474121094,45.29999923706055,44.70000076293945,45.08000183105469,114356000.0
2011-02-11,44.790000915527344,45.689998626708984,44.779998779296875,45.630001068115234,126541100.0
2011-02-14,45.70000076293945,45.720001220703125,45.380001068115234,45.400001525878906,79051200.0
2011-02-15,45.43000030517578,45.650001525878906,45.310001373291016,45.4900016784668,57068800.0
2011-02-16,45.59000015258789,45.939998626708984,45.52000045776367,45.869998931884766,64667700.0
2011-02-17,45.72999954223633,46.08000183105469,45.68000030517578,46.029998779296875,55294900.0
2011-02-18,46.18000030517578,46.43000030517578,46.029998779296875,46.310001373291016,50410700.0
2011-02-22,45.33000183105469,45.66999816894531,44.689998626708984,44.83000183105469,107176000.0
2011-02-23,44.959999084472656,45.18000030517578,44.36000061035156,44.869998931884766,91843500.0
2011-02-24,44.849998474121094,45.060001373291016,44.560001373291016,44.97999954223633,71568500.0
2011-02-25,45.38999938964844,45.599998474121094,45.18000030517578,45.52000045776367,62718900.0
2011-02-28,45.70000076293945,45.939998626708984,45.52000045776367,45.790000915527344,54078600.0
2011-03-01,46.09000015258789,46.13999938964844,45.22999954223633,45.31999969482422,69711700.0
2011-03-02,45.439998626708984,46.02000045776367,45.439998626708984,45.939998626708984,60123300.0
2011-03-03,46.5099983215332,46.93000030517578,46.43000030517578,46.849998474121094,61309300.0
2011-03-04,46.90999984741211,47.150001525878906,46.470001220703125,46.900001525878906,66742500.0
2011-03-07,46.959999084472656,47.0099983215332,46.060001373291016,46.2400016784668,47781500.0
2011-03-08,46.650001525878906,47.130001068115234,46.29999923706055,46.86000061035156,63985100.0
2011-03-09,46.88999938964844,47.08000183105469,46.650001525878906,46.95000076293945,47005200.0
2011-03-10,46.04999923706055,46.119998931884766,45.5099983215332,45.560001373291016,91093100.0
2011-03-11,45.279998779296875,46.18000030517578,45.27000045776367,46.029998779296875,75103800.0
2011-03-14,45.849998474121094,46.31999969482422,45.709999084472656,46.29999923706055,59912300.0
2011-03-15,44.5,45.77000045776367,44.5,45.529998779296875,103041800.0
2011-03-16,45.52000045776367,46.18000030517578,44.25,44.599998474121094,106325500.0
2011-03-17,45.2599983215332,45.380001068115234,44.88999938964844,45.150001525878906,68572300.0
2011-03-18,45.63999938964844,45.689998626708984,45.209999084472656,45.22999954223633,81209800.0
2011-03-21,46.08000183105469,46.25,45.9900016784668,46.099998474121094,49424900.0
2011-03-22,46.220001220703125,46.279998779296875,46.029998779296875,46.2400016784668,38871500.0
2011-03-23,46.34000015258789,46.95000076293945,46.189998626708984,46.849998474121094,53485200.0
2011-03-24,47.08000183105469,47.45000076293945,46.869998931884766,47.38999938964844,53767500.0
2011-03-25,47.400001525878906,47.63999938964844,47.22999954223633,47.34000015258789,44773600.0
2011-03-28,47.290000915527344,47.40999984741211,47.06999969482422,47.099998474121094,36577100.0
2011-03-29,47.310001373291016,47.650001525878906,47.130001068115234,47.63999938964844,56950300.0
2011-03-30,48.06999969482422,48.400001525878906,48.0099983215332,48.25,70036900.0
2011-03-31,48.540000915527344,48.75,48.470001220703125,48.66999816894531,73140800.0
2011-04-01,49.2400016784668,49.560001373291016,49.0,49.45000076293945,82168900.0
2011-04-04,49.68000030517578,49.88999938964844,49.5099983215332,49.869998931884766,45858900.0
2011-04-05,49.650001525878906,50.029998779296875,49.540000915527344,49.77000045776367,69539700.0
2011-04-06,50.209999084472656,50.29999923706055,49.939998626708984,50.040000915527344,69303000.0
2011-04-07,50.06999969482422,50.29999923706055,49.70000076293945,49.9900016784668,48786300.0
2011-04-08,50.27000045776367,50.279998779296875,49.79999923706055,50.040000915527344,54649200.0
2011-04-11,49.90999984741211,49.97999954223633,49.349998474121094,49.45000076293945,52980300.0
2011-04-12,49.060001373291016,49.13999938964844,48.45000076293945,48.52000045776367,72883500.0
2011-04-13,49.36000061035156,49.45000076293945,48.66999816894531,48.91999816894531,53492200.0
2011-04-14,48.81999969482422,49.15999984741211,48.630001068115234,49.06999969482422,57128000.0
2011-04-15,49.060001373291016,49.150001525878906,48.7599983215332,49.130001068115234,54453100.0
2011-04-18,48.150001525878906,48.189998626708984,47.560001373291016,47.900001525878906,93596400.0
2011-04-19,48.29999923706055,48.61000061035156,48.25,48.59000015258789,50803200.0
2011-04-20,49.65999984741211,49.7599983215332,49.439998626708984,49.7400016784668,49837100.0
2011-04-21,50.040000915527344,50.189998626708984,49.790000915527344,50.18000030517578,30217500.0
2011-04-25,50.11000061035156,50.150001525878906,49.630001068115234,49.77000045776367,33470800.0
2011-04-26,49.91999816894531,50.22999954223633,49.65999984741211,50.20000076293945,39700000.0
2011-04-27,50.130001068115234,50.16999816894531,49.369998931884766,50.11000061035156,60926500.0
2011-04-28,49.65999984741211,49.77000045776367,49.38999938964844,49.70000076293945,45836600.0
2011-04-29,49.7400016784668,50.13999938964844,49.65999984741211,50.0,38277100.0
2011-05-02,50.2400016784668,50.43000030517578,49.84000015258789,50.0099983215332,50952000.0
2011-05-03,49.31999969482422,49.349998474121094,48.58000183105469,48.900001525878906,83696700.0
2011-05-04,48.70000076293945,48.7400016784668,47.869998931884766,48.09000015258789,82919100.0
2011-05-05,47.70000076293945,48.09000015258789,47.27000045776367,47.630001068115234,79810600.0
2011-05-06,48.369998931884766,48.86000061035156,47.880001068115234,48.25,92669900.0
2011-05-09,48.2400016784668,48.459999084472656,47.93000030517578,48.34000015258789,48367900.0
2011-05-10,48.470001220703125,48.90999984741211,48.43000030517578,48.90999984741211,54996900.0
2011-05-11,48.560001373291016,48.58000183105469,47.529998779296875,47.83000183105469,82957400.0
2011-05-12,47.439998626708984,48.060001373291016,47.150001525878906,47.970001220703125,71004700.0
2011-05-13,47.7400016784668,47.84000015258789,46.619998931884766,46.91999816894531,83193600.0
2011-05-16,46.7599983215332,47.41999816894531,46.68000030517578,46.849998474121094,72402600.0
2011-05-17,46.58000183105469,47.029998779296875,46.400001525878906,47.0,60103700.0
2011-05-18,47.310001373291016,47.84000015258789,47.119998931884766,47.7599983215332,49432300.0
2011-05-19,47.650001525878906,47.709999084472656,47.18000030517578,47.45000076293945,37836800.0
2011-05-20,47.34000015258789,47.380001068115234,46.81999969482422,47.06999969482422,60130900.0
2011-05-23,45.93000030517578,46.20000076293945,45.77000045776367,46.09000015258789,59786200.0
2011-05-24,46.5099983215332,46.689998626708984,46.36000061035156,46.54999923706055,46599000.0
2011-05-25,46.27000045776367,46.810001373291016,46.2599983215332,46.650001525878906,43400000.0
2011-05-26,46.83000183105469,47.279998779296875,46.75,47.25,47128400.0
2011-05-27,47.56999969482422,47.869998931884766,47.52000045776367,47.75,38849400.0
2011-05-31,48.56999969482422,48.599998474121094,48.150001525878906,48.529998779296875,58762300.0
2011-06-01,48.43000030517578,48.560001373291016,47.59000015258789,47.65999984741211,55372400.0
2011-06-02,47.9900016784668,48.20000076293945,47.61000061035156,48.11000061035156,38988300.0
2011-06-03,47.54999923706055,48.119998931884766,47.529998779296875,47.869998931884766,42955600.0
2011-06-06,47.81999969482422,47.81999969482422,47.040000915527344,47.099998474121094,51477600.0
2011-06-07,47.709999084472656,47.86000061035156,47.45000076293945,47.470001220703125,58042500.0
2011-06-08,47.29999923706055,47.43000030517578,46.9900016784668,47.130001068115234,63855900.0
2011-06-09,47.11000061035156,47.63999938964844,46.970001220703125,47.5,40819000.0
2011-06-10,46.970001220703125,46.970001220703125,46.380001068115234,46.470001220703125,61946000.0
2011-06-13,46.689998626708984,46.810001373291016,46.25,46.38999938964844,37673300.0
2011-06-14,47.02000045776367,47.27000045776367,46.970001220703125,47.09000015258789,46392600.0
2011-06-15,46.47999954223633,46.720001220703125,45.970001220703125,46.08000183105469,66901900.0
2011-06-16,45.790000915527344,46.13999938964844,45.369998931884766,45.72999954223633,66078600.0
2011-06-17,46.06999969482422,46.09000015258789,45.689998626708984,45.790000915527344,61268200.0
2011-06-20,45.56999969482422,45.790000915527344,45.470001220703125,45.720001220703125,40025300.0
2011-06-21,46.130001068115234,46.619998931884766,46.029998779296875,46.560001373291016,48523000.0
2011-06-22,45.7599983215332,46.08000183105469,45.59000015258789,45.63999938964844,40580400.0
2011-06-23,45.029998779296875,45.599998474121094,44.77000045776367,45.58000183105469,63556800.0
2011-06-24,45.880001068115234,45.900001525878906,45.40999984741211,45.5,44225900.0
2011-06-27,45.47999954223633,46.130001068115234,45.40999984741211,46.029998779296875,53450600.0
2011-06-28,46.06999969482422,46.66999816894531,45.939998626708984,46.65999984741211,45598200.0
2011-06-29,46.779998779296875,47.189998626708984,46.5,47.09000015258789,55289100.0
2011-06-30,47.34000015258789,47.619998931884766,47.20000076293945,47.599998474121094,46188400.0
2011-07-01,47.58000183105469,48.290000915527344,46.75,48.15999984741211,44635400.0
2011-07-05,48.279998779296875,48.31999969482422,47.97999954223633,48.13999938964844,51374800.0
2011-07-06,47.93000030517578,48.02000045776367,47.61000061035156,47.81999969482422,56118500.0
2011-07-07,48.369998931884766,48.630001068115234,48.279998779296875,48.47999954223633,49542300.0
2011-07-08,47.93000030517578,48.0099983215332,47.45000076293945,47.93000030517578,50271000.0
2011-07-11,47.099998474121094,47.18000030517578,46.52000045776367,46.59000015258789,58197700.0
2011-07-12,46.25,46.599998474121094,46.08000183105469,46.119998931884766,46966300.0
2011-07-13,46.540000915527344,47.27000045776367,46.43000030517578,46.869998931884766,59429900.0
2011-07-14,47.119998931884766,47.16999816894531,46.27000045776367,46.369998931884766,53279700.0
2011-07-15,46.81999969482422,46.84000015258789,46.36000061035156,46.65999984741211,35171100.0
2011-07-18,46.22999954223633,46.33000183105469,45.79999923706055,46.119998931884766,46489100.0
2011-07-19,46.5,46.84000015258789,46.36000061035156,46.790000915527344,37413900.0
2011-07-20,47.029998779296875,47.099998474121094,46.810001373291016,46.93000030517578,29604100.0
2011-07-21,47.16999816894531,47.77000045776367,47.029998779296875,47.68000030517578,45701000.0
2011-07-22,47.689998626708984,47.779998779296875,47.41999816894531,47.650001525878906,31952700.0
2011-07-25,47.34000015258789,47.7400016784668,47.2400016784668,47.54999923706055,32505900.0
2011-07-26,47.84000015258789,47.97999954223633,47.54999923706055,47.709999084472656,29118300.0
2011-07-27,47.540000915527344,47.540000915527344,46.75,46.869998931884766,54477400.0
2011-07-28,47.09000015258789,47.27000045776367,46.7400016784668,46.90999984741211,44734300.0
2011-07-29,46.54999923706055,47.25,46.41999816894531,47.11000061035156,48432100.0
2011-08-01,47.66999816894531,47.689998626708984,46.630001068115234,47.06999969482422,48466100.0
2011-08-02,46.68000030517578,46.7599983215332,45.59000015258789,45.619998931884766,73705600.0
2011-08-03,45.599998474121094,45.630001068115234,44.65999984741211,45.459999084472656,73967200.0
2011-08-04,44.2400016784668,44.36000061035156,42.790000915527344,42.86000061035156,139352000.0
2011-08-05,43.150001525878906,43.2599983215332,41.31999969482422,42.58000183105469,154381700.0
2011-08-08,40.72999954223633,41.2400016784668,38.709999084472656,39.029998779296875,175336300.0
2011-08-09,40.0,41.34000015258789,38.810001373291016,41.31999969482422,191406700.0
2011-08-10,40.060001373291016,40.540000915527344,39.119998931884766,39.130001068115234,122586600.0
2011-08-11,40.04999923706055,41.79999923706055,39.7599983215332,41.290000915527344,121153900.0
2011-08-12,41.31999969482422,41.560001373291016,40.83000183105469,41.27000045776367,64752000.0
2011-08-15,41.90999984741211,42.33000183105469,41.900001525878906,42.22999954223633,65966400.0
2011-08-16,41.779998779296875,42.16999816894531,41.34000015258789,41.869998931884766,61578100.0
2011-08-17,42.150001525878906,42.47999954223633,41.7599983215332,42.16999816894531,45131600.0
2011-08-18,40.630001068115234,40.689998626708984,39.63999938964844,40.18000030517578,106805200.0
2011-08-19,39.619998931884766,40.7400016784668,39.61000061035156,39.68000030517578,72408800.0
2011-08-22,40.34000015258789,40.5099983215332,39.5099983215332,39.63999938964844,51908100.0
2011-08-23,40.15999984741211,41.06999969482422,39.7400016784668,41.029998779296875,73244900.0
2011-08-24,40.38999938964844,40.869998931884766,39.97999954223633,40.630001068115234,48121000.0
2011-08-25,40.619998931884766,40.779998779296875,39.619998931884766,39.84000015258789,57125600.0
2011-08-26,39.880001068115234,40.540000915527344,39.22999954223633,40.52000045776367,74396200.0
2011-08-29,41.279998779296875,41.84000015258789,41.25,41.83000183105469,46759900.0
2011-08-30,41.59000015258789,42.150001525878906,41.369998931884766,41.88999938964844,51881500.0
2011-08-31,42.650001525878906,42.93000030517578,42.40999984741211,42.75,74774800.0
2011-09-01,42.869998931884766,43.27000045776367,42.5,42.52000045776367,76392600.0
2011-09-02,41.86000061035156,42.06999969482422,41.349998474121094,41.560001373291016,69255200.0
2011-09-06,40.189998626708984,41.15999984741211,40.16999816894531,41.130001068115234,66073000.0
2011-09-07,41.83000183105469,42.380001068115234,41.599998474121094,42.349998474121094,49845600.0
2011-09-08,41.619998931884766,42.11000061035156,41.29999923706055,41.40999984741211,59110100.0
2011-09-09,40.77000045776367,41.83000183105469,39.849998474121094,40.0099983215332,76809100.0
2011-09-12,39.27000045776367,39.970001220703125,38.97999954223633,39.93000030517578,69385300.0
2011-09-13,39.72999954223633,40.040000915527344,39.400001525878906,39.9900016784668,68090600.0
2011-09-14,39.709999084472656,40.220001220703125,38.88999938964844,39.880001068115234,82237200.0
2011-09-15,40.38999938964844,40.470001220703125,39.79999923706055,40.459999084472656,62836900.0
2011-09-16,40.650001525878906,40.81999969482422,40.150001525878906,40.529998779296875,46199300.0
2011-09-19,39.099998474121094,39.529998779296875,38.91999816894531,39.33000183105469,67923900.0
2011-09-20,39.47999954223633,39.7599983215332,39.02000045776367,39.040000915527344,53481200.0
2011-09-21,38.810001373291016,39.04999923706055,37.560001373291016,37.59000015258789,105520500.0
2011-09-22,35.810001373291016,36.099998474121094,34.709999084472656,34.95000076293945,159906700.0
2011-09-23,35.38999938964844,35.93000030517578,35.130001068115234,35.880001068115234,102748900.0
2011-09-26,35.56999969482422,36.470001220703125,35.09000015258789,36.41999816894531,94311200.0
2011-09-27,37.61000061035156,38.2400016784668,37.38999938964844,37.58000183105469,112508800.0
2011-09-28,37.400001525878906,37.65999984741211,36.40999984741211,36.45000076293945,80061600.0
2011-09-29,37.41999816894531,37.540000915527344,36.38999938964844,36.95000076293945,74702700.0
2011-09-30,36.0099983215332,36.36000061035156,35.029998779296875,35.099998474121094,102866200.0
2011-10-03,35.06999969482422,35.59000015258789,34.290000915527344,34.36000061035156,107059200.0
2011-10-04,33.93000030517578,34.939998626708984,33.41999816894531,34.88999938964844,111600000.0
2011-10-05,34.7599983215332,35.75,34.4900016784668,35.70000076293945,81013800.0
2011-10-06,35.779998779296875,36.90999984741211,35.619998931884766,36.880001068115234,140578300.0
2011-10-07,37.099998474121094,37.2400016784668,36.20000076293945,36.439998626708984,76503200.0
2011-10-10,37.459999084472656,38.130001068115234,37.43000030517578,38.06999969482422,69649800.0
2011-10-11,37.58000183105469,38.279998779296875,37.5,38.09000015258789,72086900.0
2011-10-12,38.88999938964844,39.720001220703125,38.869998931884766,39.15999984741211,101798900.0
2011-10-13,38.84000015258789,39.0099983215332,38.290000915527344,38.810001373291016,57089300.0
2011-10-14,39.400001525878906,39.61000061035156,39.15999984741211,39.59000015258789,72966500.0
2011-10-17,39.16999816894531,39.2599983215332,38.209999084472656,38.25,63743000.0
2011-10-18,38.31999969482422,39.459999084472656,37.72999954223633,39.27000045776367,85366100.0
2011-10-19,39.02000045776367,39.209999084472656,38.470001220703125,38.52000045776367,52363200.0
2011-10-20,38.209999084472656,38.220001220703125,37.130001068115234,37.779998779296875,83654600.0
2011-10-21,38.38999938964844,38.900001525878906,38.369998931884766,38.86000061035156,69672700.0
2011-10-24,39.34000015258789,40.5,39.29999923706055,40.380001068115234,87934300.0
2011-10-25,39.900001525878906,40.02000045776367,39.43000030517578,39.58000183105469,76772100.0
2011-10-26,40.38999938964844,40.5099983215332,39.52000045776367,40.310001373291016,62940200.0
2011-10-27,42.09000015258789,43.220001220703125,41.72999954223633,42.7599983215332,156301800.0
2011-10-28,42.02000045776367,42.65999984741211,41.939998626708984,42.400001525878906,59840500.0
2011-10-31,41.599998474121094,41.68000030517578,40.7599983215332,40.810001373291016,69667800.0
2011-11-01,39.290000915527344,40.310001373291016,39.13999938964844,39.81999969482422,91614700.0
2011-11-02,40.939998626708984,41.13999938964844,40.41999816894531,41.040000915527344,64629600.0
2011-11-03,41.290000915527344,41.630001068115234,40.66999816894531,41.459999084472656,58912200.0
2011-11-04,41.11000061035156,41.2599983215332,40.54999923706055,41.189998626708984,50083800.0
2011-11-07,41.130001068115234,41.630001068115234,40.970001220703125,41.540000915527344,44450000.0
2011-11-08,41.61000061035156,42.08000183105469,41.099998474121094,42.029998779296875,70276800.0
2011-11-09,40.400001525878906,40.560001373291016,39.47999954223633,39.56999969482422,111322800.0
2011-11-10,40.189998626708984,40.29999923706055,39.54999923706055,39.83000183105469,48436000.0
2011-11-11,40.369998931884766,40.900001525878906,40.369998931884766,40.790000915527344,48885300.0
2011-11-14,40.5,40.599998474121094,40.0,40.22999954223633,47272600.0
2011-11-15,40.18000030517578,40.70000076293945,39.86000061035156,40.47999954223633,45852500.0
2011-11-16,39.75,40.16999816894531,39.38999938964844,39.38999938964844,64823000.0
2011-11-17,39.599998474121094,39.70000076293945,38.18000030517578,38.38999938964844,102951000.0
2011-11-18,38.95000076293945,38.959999084472656,38.31999969482422,38.540000915527344,51240500.0
2011-11-21,37.5099983215332,37.65999984741211,36.880001068115234,37.29999923706055,59896200.0
2011-11-22,37.45000076293945,37.65999984741211,36.9900016784668,37.43000030517578,46355600.0
2011-11-23,36.790000915527344,36.81999969482422,36.220001220703125,36.220001220703125,65700800.0
2011-11-25,36.22999954223633,36.72999954223633,36.099998474121094,36.099998474121094,30076300.0
2011-11-28,37.720001220703125,37.86000061035156,37.459999084472656,37.83000183105469,79397700.0
2011-11-29,37.720001220703125,38.220001220703125,37.619998931884766,37.65999984741211,52655900.0
2011-11-30,39.5,40.06999969482422,39.290000915527344,40.0099983215332,92375400.0
2011-12-01,40.029998779296875,40.349998474121094,39.810001373291016,39.88999938964844,46229200.0
2011-12-02,40.38999938964844,40.43000030517578,39.75,39.77000045776367,47176100.0
2011-12-05,40.5,40.59000015258789,40.119998931884766,40.41999816894531,59551400.0
2011-12-06,39.86000061035156,40.16999816894531,39.59000015258789,39.869998931884766,43432800.0
2011-12-07,39.77000045776367,40.15999984741211,39.5099983215332,40.029998779296875,73276600.0
2011-12-08,39.43000030517578,39.560001373291016,38.47999954223633,38.59000015258789,86315100.0
2011-12-09,38.709999084472656,39.47999954223633,38.70000076293945,39.369998931884766,51866700.0
2011-12-12,38.2400016784668,38.290000915527344,37.65999984741211,37.88999938964844,82239000.0
2011-12-13,38.2400016784668,38.45000076293945,37.41999816894531,37.540000915527344,59290300.0
2011-12-14,37.400001525878906,37.599998474121094,36.97999954223633,37.0,66643900.0
2011-12-15,37.7400016784668,37.75,37.119998931884766,37.2400016784668,82103600.0
2011-12-16,37.619998931884766,37.84000015258789,37.369998931884766,37.52000045776367,64381200.0
2011-12-19,37.22999954223633,37.279998779296875,36.47999954223633,36.54999923706055,56108700.0
2011-12-20,37.15999984741211,37.79999923706055,37.130001068115234,37.720001220703125,71387400.0
2011-12-21,37.630001068115234,37.849998474121094,37.20000076293945,37.84000015258789,47572400.0
2011-12-22,37.88999938964844,38.369998931884766,37.880001068115234,38.34000015258789,58644600.0
2011-12-23,38.31999969482422,38.5,38.15999984741211,38.4900016784668,21521600.0
2011-12-27,38.18000030517578,38.29999923706055,38.040000915527344,38.119998931884766,26198500.0
2011-12-28,37.93000030517578,37.97999954223633,37.43000030517578,37.47999954223633,39326100.0
2011-12-29,37.66999816894531,37.959999084472656,37.630001068115234,37.90999984741211,32240500.0
2011-12-30,37.880001068115234,38.13999938964844,37.86000061035156,37.939998626708984,33432400.0
2012-01-03,38.97999954223633,39.27000045776367,38.88999938964844,39.099998474121094,72557500.0
2012-01-04,38.7400016784668,38.970001220703125,38.599998474121094,38.880001068115234,46225600.0
2012-01-05,38.63999938964844,38.83000183105469,38.33000183105469,38.709999084472656,54383000.0
2012-01-06,38.66999816894531,38.66999816894531,38.20000076293945,38.220001220703125,50333100.0
2012-01-09,38.58000183105469,38.70000076293945,38.369998931884766,38.619998931884766,45814800.0
2012-01-10,39.5,39.68000030517578,39.36000061035156,39.459999084472656,59620000.0
2012-01-11,39.22999954223633,39.5099983215332,39.119998931884766,39.4900016784668,47747100.0
2012-01-12,39.689998626708984,39.75,39.380001068115234,39.650001525878906,43328400.0
2012-01-13,39.36000061035156,39.380001068115234,38.939998626708984,39.290000915527344,57195200.0
2012-01-17,40.13999938964844,40.25,39.880001068115234,40.040000915527344,70477600.0
2012-01-18,40.25,41.06999969482422,40.150001525878906,41.04999923706055,72674100.0
2012-01-19,41.2599983215332,41.47999954223633,41.13999938964844,41.40999984741211,68477400.0
2012-01-20,41.310001373291016,41.4900016784668,41.119998931884766,41.380001068115234,43400800.0
2012-01-23,41.58000183105469,41.97999954223633,41.5099983215332,41.779998779296875,62223900.0
2012-01-24,41.400001525878906,41.84000015258789,41.22999954223633,41.84000015258789,39864800.0
2012-01-25,41.52000045776367,42.41999816894531,41.38999938964844,42.310001373291016,64939200.0
2012-01-26,42.61000061035156,42.7599983215332,41.97999954223633,42.13999938964844,68097200.0
2012-01-27,42.15999984741211,42.5099983215332,42.13999938964844,42.36000061035156,51983800.0
2012-01-30,41.5099983215332,41.88999938964844,41.349998474121094,41.75,43104400.0
2012-01-31,42.27000045776367,42.54999923706055,41.83000183105469,42.11000061035156,69525300.0
2012-02-01,42.75,43.25,42.66999816894531,43.040000915527344,82799300.0
2012-02-02,43.25,43.54999923706055,43.13999938964844,43.15999984741211,71522900.0
2012-02-03,43.72999954223633,43.939998626708984,43.47999954223633,43.880001068115234,72000800.0
2012-02-06,43.290000915527344,43.5099983215332,43.20000076293945,43.5099983215332,40208500.0
2012-02-07,43.310001373291016,43.68000030517578,43.040000915527344,43.599998474121094,47240100.0
2012-02-08,43.869998931884766,44.099998474121094,43.709999084472656,43.90999984741211,53168200.0
2012-02-09,43.970001220703125,44.0,43.61000061035156,43.88999938964844,44004500.0
2012-02-10,42.939998626708984,43.0,42.7400016784668,42.91999816894531,62254000.0
2012-02-13,43.630001068115234,43.66999816894531,43.290000915527344,43.619998931884766,47447900.0
2012-02-14,43.31999969482422,43.45000076293945,42.97999954223633,43.2599983215332,42652500.0
2012-02-15,43.779998779296875,43.790000915527344,43.279998779296875,43.380001068115234,51791500.0
2012-02-16,43.209999084472656,43.880001068115234,43.08000183105469,43.849998474121094,52445100.0
2012-02-17,44.0099983215332,44.099998474121094,43.779998779296875,43.93000030517578,50694200.0
2012-02-21,44.04999923706055,44.08000183105469,43.68000030517578,43.75,46318500.0
2012-02-22,43.810001373291016,43.900001525878906,43.65999984741211,43.83000183105469,40179600.0
2012-02-23,43.7400016784668,43.849998474121094,43.4900016784668,43.75,36443800.0
2012-02-24,43.959999084472656,44.2599983215332,43.93000030517578,44.189998626708984,37876800.0
2012-02-27,43.56999969482422,43.90999984741211,43.380001068115234,43.75,42999300.0
2012-02-28,44.029998779296875,44.369998931884766,43.91999816894531,44.36000061035156,40977700.0
2012-02-29,44.63999938964844,44.90999984741211,44.209999084472656,44.33000183105469,72109200.0
2012-03-01,44.47999954223633,44.869998931884766,44.41999816894531,44.75,51045600.0
2012-03-02,44.599998474121094,44.75,44.41999816894531,44.63999938964844,32352400.0
2012-03-05,44.22999954223633,44.2400016784668,43.68000030517578,43.869998931884766,50657400.0
2012-03-06,42.75,42.79999923706055,42.220001220703125,42.400001525878906,103961400.0
2012-03-07,42.75,42.95000076293945,42.54999923706055,42.90999984741211,45233800.0
2012-03-08,43.56999969482422,43.88999938964844,43.400001525878906,43.810001373291016,40673600.0
2012-03-09,43.810001373291016,44.040000915527344,43.689998626708984,43.790000915527344,36487700.0
2012-03-12,43.4900016784668,43.54999923706055,43.150001525878906,43.310001373291016,31488700.0
2012-03-13,43.7400016784668,44.529998779296875,43.619998931884766,44.4900016784668,61336000.0
2012-03-14,44.2599983215332,44.369998931884766,43.68000030517578,43.790000915527344,59777900.0
2012-03-15,44.029998779296875,44.18000030517578,43.7599983215332,44.13999938964844,35060300.0
2012-03-16,44.06999969482422,44.25,43.93000030517578,44.09000015258789,36520100.0
2012-03-19,43.709999084472656,44.099998474121094,43.650001525878906,43.91999816894531,30002500.0
2012-03-20,43.15999984741211,43.27000045776367,42.900001525878906,43.15999984741211,53828200.0
2012-03-21,43.18000030517578,43.34000015258789,42.939998626708984,43.2400016784668,49696000.0
2012-03-22,42.810001373291016,42.84000015258789,42.380001068115234,42.58000183105469,73056000.0
2012-03-23,42.630001068115234,42.95000076293945,42.41999816894531,42.900001525878906,31693200.0
2012-03-26,43.18000030517578,43.66999816894531,43.099998474121094,43.650001525878906,67482700.0
2012-03-27,43.650001525878906,43.70000076293945,43.380001068115234,43.41999816894531,35627500.0
2012-03-28,43.209999084472656,43.29999923706055,42.5099983215332,42.689998626708984,55592200.0
2012-03-29,42.220001220703125,42.68000030517578,41.90999984741211,42.63999938964844,53897700.0
2012-03-30,43.04999923706055,43.060001373291016,42.630001068115234,42.95000076293945,48514500.0
2012-04-02,42.900001525878906,43.72999954223633,42.790000915527344,43.540000915527344,62056300.0
2012-04-03,43.61000061035156,43.75,43.0,43.290000915527344,58379300.0
2012-04-04,42.560001373291016,42.630001068115234,42.2400016784668,42.5099983215332,49766700.0
2012-04-05,42.52000045776367,43.849998474121094,42.5,42.7400016784668,45579600.0
2012-04-09,42.09000015258789,42.310001373291016,41.970001220703125,42.11000061035156,42343200.0
2012-04-10,41.970001220703125,42.09000015258789,41.16999816894531,41.290000915527344,81350300.0
2012-04-11,41.880001068115234,42.0,41.63999938964844,41.7400016784668,45581000.0
2012-04-12,41.95000076293945,42.81999969482422,41.939998626708984,42.810001373291016,64008500.0
2012-04-13,42.58000183105469,42.70000076293945,42.040000915527344,42.15999984741211,64221100.0
2012-04-16,42.459999084472656,42.5099983215332,41.7599983215332,41.95000076293945,62839600.0
2012-04-17,42.16999816894531,42.529998779296875,41.97999954223633,42.43000030517578,51806300.0
2012-04-18,42.060001373291016,42.349998474121094,41.9900016784668,42.22999954223633,40456400.0
2012-04-19,42.150001525878906,42.47999954223633,41.81999969482422,42.040000915527344,42080500.0
2012-04-20,42.310001373291016,42.54999923706055,42.2599983215332,42.33000183105469,43456900.0
2012-04-23,41.56999969482422,41.61000061035156,41.06999969482422,41.52000045776367,63093800.0
2012-04-24,41.630001068115234,41.880001068115234,41.529998779296875,41.61000061035156,50567200.0
2012-04-25,41.95000076293945,42.0099983215332,41.72999954223633,41.9900016784668,45739900.0
2012-04-26,41.84000015258789,42.310001373291016,41.790000915527344,42.25,35715200.0
2012-04-27,42.279998779296875,42.400001525878906,42.04999923706055,42.310001373291016,40038100.0
2012-04-30,42.310001373291016,42.31999969482422,42.06999969482422,42.220001220703125,39795800.0
2012-05-01,42.25,42.880001068115234,42.13999938964844,42.5,37657900.0
2012-05-02,42.369998931884766,42.4900016784668,42.150001525878906,42.41999816894531,35379800.0
2012-05-03,42.439998626708984,42.470001220703125,41.90999984741211,42.099998474121094,45671000.0
2012-05-04,41.869998931884766,41.939998626708984,41.290000915527344,41.36000061035156,58478500.0
2012-05-07,41.290000915527344,41.56999969482422,41.2400016784668,41.5099983215332,44100000.0
2012-05-08,41.130001068115234,41.13999938964844,40.41999816894531,40.849998474121094,66820200.0
2012-05-09,40.11000061035156,40.599998474121094,39.869998931884766,40.31999969482422,86829800.0
2012-05-10,40.7400016784668,40.7400016784668,40.41999816894531,40.4900016784668,48337700.0
2012-05-11,40.0099983215332,40.52000045776367,39.93000030517578,39.970001220703125,56290000.0
2012-05-14,39.27000045776367,39.34000015258789,39.04999923706055,39.060001373291016,63048400.0
2012-05-15,39.09000015258789,39.22999954223633,38.56999969482422,38.720001220703125,61529000.0
2012-05-16,38.5099983215332,38.75,38.119998931884766,38.16999816894531,82693600.0
2012-05-17,38.150001525878906,38.22999954223633,37.61000061035156,37.650001525878906,74320200.0
2012-05-18,37.7599983215332,37.86000061035156,37.16999816894531,37.290000915527344,75155600.0
2012-05-21,37.5,38.2400016784668,37.459999084472656,38.18000030517578,62509500.0
2012-05-22,38.13999938964844,38.40999984741211,37.540000915527344,37.779998779296875,52847900.0
2012-05-23,37.380001068115234,37.54999923706055,36.689998626708984,37.52000045776367,72030300.0
2012-05-24,37.630001068115234,37.63999938964844,36.970001220703125,37.33000183105469,57707700.0
2012-05-25,37.18000030517578,37.369998931884766,37.04999923706055,37.150001525878906,47685000.0
2012-05-29,38.150001525878906,38.36000061035156,37.869998931884766,38.20000076293945,71172100.0
2012-05-30,37.470001220703125,37.650001525878906,37.29999923706055,37.540000915527344,80092500.0
2012-05-31,37.61000061035156,37.88999938964844,37.220001220703125,37.70000076293945,66528900.0
2012-06-01,36.93000030517578,37.119998931884766,36.63999938964844,36.689998626708984,79955400.0
2012-06-04,36.75,36.9900016784668,36.56999969482422,36.849998474121094,57106800.0
2012-06-05,36.86000061035156,37.04999923706055,36.650001525878906,36.95000076293945,58858400.0
2012-06-06,37.36000061035156,38.08000183105469,37.349998474121094,38.029998779296875,55300800.0
2012-06-07,38.84000015258789,38.91999816894531,38.130001068115234,38.2599983215332,49633200.0
2012-06-08,37.689998626708984,37.9900016784668,37.54999923706055,37.93000030517578,39729500.0
2012-06-11,38.27000045776367,38.310001373291016,37.349998474121094,37.380001068115234,51800800.0
2012-06-12,37.90999984741211,38.189998626708984,37.720001220703125,38.15999984741211,54033500.0
2012-06-13,38.099998474121094,38.459999084472656,37.93000030517578,38.02000045776367,43926900.0
2012-06-14,37.970001220703125,38.41999816894531,37.77000045776367,38.290000915527344,46464200.0
2012-06-15,38.470001220703125,39.0,38.380001068115234,38.9900016784668,63027500.0
2012-06-18,38.7400016784668,39.16999816894531,38.63999938964844,39.06999969482422,37552500.0
2012-06-19,39.400001525878906,39.95000076293945,39.34000015258789,39.70000076293945,50142100.0
2012-06-20,39.70000076293945,39.81999969482422,39.18000030517578,39.56999969482422,58814400.0
2012-06-21,38.83000183105469,38.880001068115234,37.619998931884766,37.66999816894531,58815500.0
2012-06-22,37.970001220703125,37.9900016784668,37.58000183105469,37.790000915527344,33162400.0
2012-06-25,37.22999954223633,37.2400016784668,36.880001068115234,37.09000015258789,44292700.0
2012-06-26,37.34000015258789,37.560001373291016,37.060001373291016,37.40999984741211,35913100.0
2012-06-27,37.63999938964844,37.779998779296875,37.52000045776367,37.650001525878906,28255200.0
2012-06-28,37.310001373291016,37.5099983215332,37.04999923706055,37.470001220703125,34183500.0
2012-06-29,38.650001525878906,39.189998626708984,38.59000015258789,39.130001068115234,78076300.0
2012-07-02,39.060001373291016,39.189998626708984,38.790000915527344,39.130001068115234,38509900.0
2012-07-03,39.5,39.91999816894531,39.380001068115234,39.90999984741211,36099700.0
2012-07-05,39.560001373291016,39.7400016784668,39.27000045776367,39.4900016784668,33512700.0
2012-07-06,38.900001525878906,38.9900016784668,38.61000061035156,38.77000045776367,49424200.0
2012-07-09,38.599998474121094,38.70000076293945,38.38999938964844,38.630001068115234,34530600.0
2012-07-10,38.9900016784668,39.02000045776367,38.060001373291016,38.20000076293945,48650000.0
2012-07-11,38.349998474121094,38.58000183105469,38.130001068115234,38.400001525878906,37130100.0
2012-07-12,37.66999816894531,37.9900016784668,37.45000076293945,37.7599983215332,45106800.0
2012-07-13,38.08000183105469,38.529998779296875,38.04999923706055,38.4900016784668,37182200.0
2012-07-16,38.27000045776367,38.4900016784668,38.08000183105469,38.400001525878906,26278800.0
2012-07-17,38.63999938964844,38.95000076293945,38.209999084472656,38.90999984741211,40019400.0
2012-07-18,38.349998474121094,38.90999984741211,38.33000183105469,38.810001373291016,47417000.0
2012-07-19,39.0099983215332,39.2400016784668,38.869998931884766,39.16999816894531,44699700.0
2012-07-20,38.689998626708984,38.790000915527344,38.45000076293945,38.59000015258789,43769200.0
2012-07-23,37.4900016784668,37.77000045776367,37.150001525878906,37.58000183105469,55593300.0
2012-07-24,37.7599983215332,37.77000045776367,37.18000030517578,37.41999816894531,46775500.0
2012-07-25,37.689998626708984,37.84000015258789,37.369998931884766,37.599998474121094,34494400.0
2012-07-26,38.189998626708984,38.5099983215332,38.029998779296875,38.45000076293945,50710800.0
2012-07-27,38.880001068115234,39.599998474121094,38.7599983215332,39.529998779296875,50860600.0
2012-07-30,39.2599983215332,39.5099983215332,39.209999084472656,39.29999923706055,41406700.0
2012-07-31,39.4900016784668,39.650001525878906,39.119998931884766,39.119998931884766,58788800.0
2012-08-01,39.540000915527344,40.45000076293945,39.13999938964844,39.189998626708984,49853100.0
2012-08-02,38.75,39.099998474121094,38.439998626708984,38.72999954223633,50858700.0
2012-08-03,39.529998779296875,40.02000045776367,39.47999954223633,39.93000030517578,60512600.0
2012-08-06,39.97999954223633,40.36000061035156,39.97999954223633,40.18000030517578,37181300.0
2012-08-07,40.2400016784668,40.58000183105469,40.22999954223633,40.290000915527344,43260000.0
2012-08-08,40.150001525878906,40.540000915527344,40.11000061035156,40.369998931884766,36569300.0
2012-08-09,40.5099983215332,40.779998779296875,40.470001220703125,40.540000915527344,34528300.0
2012-08-10,40.380001068115234,40.779998779296875,40.2599983215332,40.72999954223633,32246700.0
2012-08-13,40.470001220703125,40.59000015258789,40.13999938964844,40.369998931884766,40396800.0
2012-08-14,40.599998474121094,40.65999984741211,40.290000915527344,40.36000061035156,26731300.0
2012-08-15,40.25,40.400001525878906,40.16999816894531,40.29999923706055,18836100.0
2012-08-16,40.40999984741211,40.7400016784668,40.209999084472656,40.66999816894531,37695800.0
2012-08-17,40.4900016784668,40.52000045776367,40.2400016784668,40.470001220703125,46358100.0
2012-08-20,40.209999084472656,40.470001220703125,40.11000061035156,40.45000076293945,28711200.0
2012-08-21,40.66999816894531,40.84000015258789,40.27000045776367,40.38999938964844,27937400.0
2012-08-22,40.150001525878906,40.5,40.0099983215332,40.40999984741211,36551000.0
2012-08-23,40.310001373291016,40.369998931884766,39.91999816894531,40.040000915527344,39512000.0
2012-08-24,39.869998931884766,40.209999084472656,39.70000076293945,40.04999923706055,34421500.0
2012-08-27,39.849998474121094,39.88999938964844,39.61000061035156,39.63999938964844,23179600.0
2012-08-28,39.59000015258789,39.7400016784668,39.5,39.560001373291016,24377800.0
2012-08-29,39.599998474121094,39.619998931884766,39.2400016784668,39.369998931884766,31372600.0
2012-08-30,39.119998931884766,39.119998931884766,38.849998474121094,38.90999984741211,36609900.0
2012-08-31,39.20000076293945,39.459999084472656,38.95000076293945,39.279998779296875,41552000.0
2012-09-04,39.29999923706055,39.29999923706055,38.93000030517578,39.060001373291016,32627400.0
2012-09-05,38.900001525878906,38.970001220703125,38.68000030517578,38.86000061035156,33041200.0
2012-09-06,39.09000015258789,39.849998474121094,39.08000183105469,39.720001220703125,47868700.0
2012-09-07,40.2599983215332,40.65999984741211,40.209999084472656,40.63999938964844,59898600.0
2012-09-10,40.40999984741211,40.540000915527344,40.09000015258789,40.119998931884766,37361500.0
2012-09-11,40.349998474121094,40.720001220703125,40.310001373291016,40.599998474121094,32692200.0
2012-09-12,40.84000015258789,40.93000030517578,40.619998931884766,40.779998779296875,44014400.0
2012-09-13,40.61000061035156,42.0099983215332,40.52000045776367,41.880001068115234,95670600.0
2012-09-14,42.310001373291016,42.84000015258789,42.20000076293945,42.369998931884766,85091000.0
2012-09-17,42.15999984741211,42.2400016784668,41.810001373291016,41.90999984741211,47652400.0
2012-09-18,41.900001525878906,42.060001373291016,41.720001220703125,41.93000030517578,37259800.0
2012-09-19,41.939998626708984,42.0,41.77000045776367,41.93000030517578,39322800.0
2012-09-20,41.45000076293945,41.709999084472656,41.209999084472656,41.68000030517578,46217400.0
2012-09-21,42.029998779296875,42.04999923706055,41.72999954223633,41.779998779296875,49929300.0
2012-09-24,41.61000061035156,41.79999923706055,41.4900016784668,41.7400016784668,29068900.0
2012-09-25,41.810001373291016,41.869998931884766,41.11000061035156,41.119998931884766,49642600.0
2012-09-26,40.9900016784668,41.060001373291016,40.65999984741211,40.93000030517578,44745200.0
2012-09-27,41.43000030517578,41.720001220703125,41.2400016784668,41.58000183105469,40566600.0
2012-09-28,41.47999954223633,41.52000045776367,41.20000076293945,41.33000183105469,55360900.0
2012-10-01,41.689998626708984,42.099998474121094,41.630001068115234,41.7400016784668,40299700.0
2012-10-02,41.970001220703125,42.02000045776367,41.59000015258789,41.79999923706055,36829800.0
2012-10-03,41.810001373291016,41.83000183105469,41.45000076293945,41.52000045776367,41571300.0
2012-10-04,41.65999984741211,41.97999954223633,41.54999923706055,41.95000076293945,44450900.0
2012-10-05,42.15999984741211,42.33000183105469,41.79999923706055,41.95000076293945,53557500.0
2012-10-08,41.43000030517578,41.63999938964844,41.369998931884766,41.58000183105469,33006200.0
2012-10-09,41.529998779296875,41.560001373291016,41.099998474121094,41.27000045776367,44369700.0
2012-10-10,41.33000183105469,41.34000015258789,40.91999816894531,41.02000045776367,51701800.0
2012-10-11,41.470001220703125,41.619998931884766,41.380001068115234,41.400001525878906,41911800.0
2012-10-12,41.349998474121094,41.56999969482422,41.18000030517578,41.27000045776367,35969600.0
2012-10-15,41.380001068115234,41.619998931884766,41.209999084472656,41.5099983215332,35889600.0
2012-10-16,41.779998779296875,42.060001373291016,41.77000045776367,41.939998626708984,54306500.0
2012-10-17,42.060001373291016,42.36000061035156,41.91999816894531,42.27000045776367,58925200.0
2012-10-18,42.060001373291016,42.349998474121094,41.959999084472656,42.150001525878906,48731300.0
2012-10-19,41.88999938964844,41.900001525878906,41.380001068115234,41.5,49582400.0
2012-10-22,41.86000061035156,42.04999923706055,41.630001068115234,41.900001525878906,42518400.0
2012-10-23,41.2400016784668,41.2400016784668,40.81999969482422,41.040000915527344,58436700.0
2012-10-24,41.40999984741211,41.47999954223633,41.08000183105469,41.08000183105469,35063000.0
2012-10-25,41.66999816894531,41.7400016784668,41.099998474121094,41.529998779296875,41000200.0
2012-10-26,41.27000045776367,41.380001068115234,41.060001373291016,41.209999084472656,36208200.0
2012-10-31,41.33000183105469,41.41999816894531,41.02000045776367,41.150001525878906,58457500.0
2012-11-01,41.540000915527344,41.88999938964844,41.470001220703125,41.81999969482422,63484700.0
2012-11-02,42.04999923706055,42.04999923706055,41.47999954223633,41.599998474121094,53942400.0
2012-11-05,41.54999923706055,41.84000015258789,41.470001220703125,41.79999923706055,33477200.0
2012-11-06,41.90999984741211,42.2599983215332,41.88999938964844,42.130001068115234,48097800.0
2012-11-07,41.790000915527344,41.810001373291016,41.18000030517578,41.439998626708984,65258900.0
2012-11-08,41.40999984741211,41.66999816894531,40.869998931884766,40.91999816894531,73473600.0
2012-11-09,40.970001220703125,41.33000183105469,40.90999984741211,41.0,60594400.0
2012-11-12,41.16999816894531,41.310001373291016,41.06999969482422,41.150001525878906,43640500.0
2012-11-13,40.65999984741211,40.97999954223633,40.52000045776367,40.779998779296875,56929600.0
2012-11-14,40.84000015258789,40.880001068115234,40.060001373291016,40.150001525878906,65058700.0
2012-11-15,40.22999954223633,40.40999984741211,40.060001373291016,40.290000915527344,56282800.0
2012-11-16,40.25,40.439998626708984,39.91999816894531,40.40999984741211,55419900.0
2012-11-19,40.77000045776367,41.13999938964844,40.77000045776367,41.119998931884766,60801400.0
2012-11-20,40.790000915527344,41.040000915527344,40.68000030517578,41.040000915527344,49350300.0
2012-11-21,40.880001068115234,41.040000915527344,40.779998779296875,40.959999084472656,49863200.0
2012-11-23,41.45000076293945,41.68000030517578,41.41999816894531,41.630001068115234,38725400.0
2012-11-26,41.459999084472656,41.63999938964844,41.380001068115234,41.630001068115234,38361700.0
2012-11-27,41.59000015258789,41.650001525878906,41.27000045776367,41.279998779296875,39719300.0
2012-11-28,41.029998779296875,41.54999923706055,40.900001525878906,41.5099983215332,45433200.0
2012-11-29,41.7400016784668,41.95000076293945,41.58000183105469,41.810001373291016,60142000.0
2012-11-30,41.900001525878906,41.91999816894531,41.68000030517578,41.790000915527344,60627600.0
2012-12-03,42.04999923706055,42.04999923706055,41.77000045776367,41.77000045776367,47979700.0
2012-12-04,41.939998626708984,42.119998931884766,41.86000061035156,41.88999938964844,48560100.0
2012-12-05,42.31999969482422,42.58000183105469,42.20000076293945,42.34000015258789,60792500.0
2012-12-06,42.400001525878906,42.689998626708984,42.369998931884766,42.65999984741211,45175200.0
2012-12-07,42.7400016784668,42.81999969482422,42.58000183105469,42.790000915527344,33920200.0
2012-12-10,42.779998779296875,43.11000061035156,42.75,43.029998779296875,52020900.0
2012-12-11,43.06999969482422,43.31999969482422,43.029998779296875,43.25,55722500.0
2012-12-12,43.38999938964844,43.650001525878906,43.209999084472656,43.380001068115234,57451400.0
2012-12-13,43.349998474121094,43.470001220703125,43.060001373291016,43.189998626708984,55617900.0
2012-12-14,43.27000045776367,43.459999084472656,43.220001220703125,43.380001068115234,39422900.0
2012-12-17,43.279998779296875,43.5099983215332,43.22999954223633,43.4900016784668,55647600.0
2012-12-18,43.189998626708984,43.56999969482422,43.0,43.529998779296875,61649000.0
2012-12-19,43.58000183105469,43.72999954223633,43.47999954223633,43.5099983215332,50249100.0
2012-12-20,43.52000045776367,43.779998779296875,43.38999938964844,43.77000045776367,57106100.0
2012-12-21,43.029998779296875,43.29999923706055,42.970001220703125,43.27000045776367,66038300.0
2012-12-24,43.209999084472656,43.25,43.09000015258789,43.18000030517578,18908100.0
2012-12-26,43.4900016784668,43.58000183105469,43.290000915527344,43.310001373291016,25381900.0
2012-12-27,43.540000915527344,43.650001525878906,43.20000076293945,43.540000915527344,41600600.0
2012-12-28,43.52000045776367,43.849998474121094,43.4900016784668,43.70000076293945,42093300.0
2012-12-31,43.75,44.41999816894531,43.66999816894531,44.349998474121094,49353800.0
2013-01-02,44.90999984741211,45.33000183105469,44.779998779296875,45.220001220703125,101185100.0
2013-01-03,44.900001525878906,45.279998779296875,44.84000015258789,44.900001525878906,66217800.0
2013-01-04,44.689998626708984,45.0099983215332,44.599998474121094,44.9900016784668,51087000.0
2013-01-07,44.63999938964844,44.689998626708984,44.5099983215332,44.650001525878906,50598800.0
2013-01-08,44.400001525878906,44.45000076293945,44.09000015258789,44.25,48456800.0
2013-01-09,44.38999938964844,44.54999923706055,44.36000061035156,44.439998626708984,38511200.0
2013-01-10,44.709999084472656,44.91999816894531,44.529998779296875,44.83000183105469,44170700.0
2013-01-11,44.47999954223633,44.5099983215332,43.95000076293945,44.470001220703125,54701600.0
2013-01-14,44.650001525878906,44.720001220703125,44.439998626708984,44.65999984741211,63801400.0
2013-01-15,44.36000061035156,44.4900016784668,44.099998474121094,44.470001220703125,55408900.0
2013-01-16,44.130001068115234,44.45000076293945,44.11000061035156,44.43000030517578,32090000.0
2013-01-17,44.630001068115234,44.849998474121094,44.59000015258789,44.68000030517578,39873100.0
2013-01-18,44.689998626708984,44.79999923706055,44.540000915527344,44.779998779296875,51709600.0
2013-01-22,44.630001068115234,44.709999084472656,44.529998779296875,44.709999084472656,46493900.0
2013-01-23,44.5,44.540000915527344,44.33000183105469,44.470001220703125,32607900.0
2013-01-24,44.41999816894531,44.58000183105469,44.20000076293945,44.310001373291016,38920500.0
2013-01-25,44.220001220703125,44.29999923706055,43.91999816894531,44.15999984741211,52779500.0
2013-01-28,44.040000915527344,44.040000915527344,43.709999084472656,43.849998474121094,56862100.0
2013-01-29,44.099998474121094,44.45000076293945,43.869998931884766,44.34000015258789,46274900.0
2013-01-30,44.150001525878906,44.279998779296875,44.11000061035156,44.130001068115234,47812800.0
2013-01-31,44.18000030517578,44.27000045776367,44.04999923706055,44.220001220703125,51081600.0
2013-02-01,44.470001220703125,44.63999938964844,44.310001373291016,44.5099983215332,50348500.0
2013-02-04,44.16999816894531,44.209999084472656,43.790000915527344,43.91999816894531,48193600.0
2013-02-05,44.099998474121094,44.189998626708984,43.93000030517578,43.970001220703125,41440100.0
2013-02-06,43.7599983215332,43.91999816894531,43.619998931884766,43.91999816894531,52411700.0
2013-02-07,43.849998474121094,43.86000061035156,43.31999969482422,43.529998779296875,47884300.0
2013-02-08,43.65999984741211,43.91999816894531,43.650001525878906,43.849998474121094,36378000.0
2013-02-11,43.77000045776367,43.880001068115234,43.630001068115234,43.83000183105469,25661600.0
2013-02-12,43.83000183105469,44.130001068115234,43.68000030517578,43.95000076293945,40661300.0
2013-02-13,44.20000076293945,44.279998779296875,44.06999969482422,44.16999816894531,32068400.0
2013-02-14,44.0,44.209999084472656,43.939998626708984,44.150001525878906,28975200.0
2013-02-15,44.189998626708984,44.209999084472656,43.959999084472656,43.9900016784668,42285100.0
2013-02-19,44.029998779296875,44.220001220703125,44.029998779296875,44.08000183105469,55626600.0
2013-02-20,44.279998779296875,44.279998779296875,43.650001525878906,43.689998626708984,47496700.0
2013-02-21,43.34000015258789,43.36000061035156,42.880001068115234,43.09000015258789,78468500.0
2013-02-22,43.380001068115234,43.380001068115234,43.099998474121094,43.279998779296875,73001800.0
2013-02-25,43.630001068115234,43.66999816894531,42.59000015258789,42.70000076293945,81527900.0
2013-02-26,42.939998626708984,43.06999969482422,42.65999984741211,42.939998626708984,69633700.0
2013-02-27,42.95000076293945,43.459999084472656,42.91999816894531,43.40999984741211,45986600.0
2013-02-28,43.38999938964844,43.47999954223633,43.16999816894531,43.209999084472656,43961100.0
2013-03-01,43.06999969482422,43.349998474121094,42.900001525878906,43.310001373291016,52273200.0
2013-03-04,42.83000183105469,42.959999084472656,42.66999816894531,42.900001525878906,43730400.0
2013-03-05,43.34000015258789,43.63999938964844,43.310001373291016,43.41999816894531,49300100.0
2013-03-06,43.630001068115234,43.709999084472656,43.4900016784668,43.630001068115234,42439500.0
2013-03-07,43.63999938964844,43.79999923706055,43.58000183105469,43.75,44079200.0
2013-03-08,44.029998779296875,44.22999954223633,43.83000183105469,44.130001068115234,61841100.0
2013-03-11,43.93000030517578,43.939998626708984,43.7599983215332,43.88999938964844,44046200.0
2013-03-12,43.66999816894531,43.72999954223633,43.290000915527344,43.38999938964844,50934700.0
2013-03-13,43.310001373291016,43.31999969482422,42.95000076293945,42.97999954223633,80500000.0
2013-03-14,43.130001068115234,43.279998779296875,43.099998474121094,43.15999984741211,40119600.0
2013-03-15,42.91999816894531,42.970001220703125,42.72999954223633,42.77000045776367,61240400.0
2013-03-18,42.279998779296875,42.52000045776367,42.2400016784668,42.290000915527344,69344000.0
2013-03-19,42.31999969482422,42.34000015258789,41.720001220703125,41.9900016784668,81729400.0
2013-03-20,42.310001373291016,42.40999984741211,42.20000076293945,42.22999954223633,53647100.0
2013-03-21,42.02000045776367,42.09000015258789,41.75,41.79999923706055,50647800.0
2013-03-22,41.900001525878906,42.0099983215332,41.79999923706055,41.959999084472656,41763400.0
2013-03-25,42.2400016784668,42.29999923706055,41.75,41.91999816894531,46751300.0
2013-03-26,42.290000915527344,42.540000915527344,42.279998779296875,42.52000045776367,55547100.0
2013-03-27,42.25,42.689998626708984,42.130001068115234,42.68000030517578,42991800.0
2013-03-28,42.560001373291016,42.779998779296875,42.470001220703125,42.77000045776367,43219200.0
2013-04-01,42.720001220703125,42.7400016784668,42.22999954223633,42.310001373291016,48386600.0
2013-04-02,42.540000915527344,42.540000915527344,42.27000045776367,42.33000183105469,39392900.0
2013-04-03,42.27000045776367,42.34000015258789,41.7400016784668,41.83000183105469,66774600.0
2013-04-04,41.790000915527344,41.880001068115234,41.470001220703125,41.709999084472656,72963600.0
2013-04-05,40.9900016784668,41.7599983215332,40.91999816894531,41.61000061035156,93360600.0
2013-04-08,41.45000076293945,41.7400016784668,41.34000015258789,41.68000030517578,46406900.0
2013-04-09,41.7400016784668,42.36000061035156,41.630001068115234,42.09000015258789,77324700.0
2013-04-10,42.38999938964844,42.790000915527344,42.349998474121094,42.4900016784668,49605200.0
2013-04-11,42.560001373291016,42.63999938964844,42.38999938964844,42.529998779296875,46004700.0
2013-04-12,42.06999969482422,42.11000061035156,41.54999923706055,41.880001068115234,109321200.0
2013-04-15,41.5099983215332,41.52000045776367,40.81999969482422,40.86000061035156,69582100.0
2013-04-16,41.689998626708984,41.79999923706055,41.369998931884766,41.70000076293945,51188300.0
2013-04-17,41.349998474121094,41.349998474121094,40.7599983215332,41.040000915527344,87858500.0
2013-04-18,41.290000915527344,41.31999969482422,40.869998931884766,41.040000915527344,47811900.0
2013-04-19,41.61000061035156,41.72999954223633,41.470001220703125,41.63999938964844,50232400.0
2013-04-22,41.779998779296875,41.84000015258789,41.47999954223633,41.84000015258789,33583200.0
2013-04-23,41.7599983215332,42.130001068115234,41.689998626708984,42.040000915527344,64692700.0
2013-04-24,42.119998931884766,42.45000076293945,42.11000061035156,42.290000915527344,51542700.0
2013-04-25,42.52000045776367,42.83000183105469,42.439998626708984,42.66999816894531,41501800.0
2013-04-26,42.45000076293945,42.5099983215332,42.099998474121094,42.2400016784668,51739700.0
2013-04-29,42.619998931884766,42.83000183105469,42.439998626708984,42.68000030517578,43874800.0
2013-04-30,42.83000183105469,43.40999984741211,42.650001525878906,43.290000915527344,80948900.0
2013-05-01,43.220001220703125,43.2400016784668,42.68000030517578,42.81999969482422,64532800.0
2013-05-02,43.0,43.18000030517578,42.88999938964844,43.15999984741211,46989800.0
2013-05-03,43.40999984741211,43.77000045776367,43.36000061035156,43.52000045776367,57682900.0
2013-05-06,43.52000045776367,43.61000061035156,43.38999938964844,43.58000183105469,31402200.0
2013-05-07,43.75,43.970001220703125,43.630001068115234,43.88999938964844,38932900.0
2013-05-08,44.06999969482422,44.27000045776367,44.040000915527344,44.22999954223633,47973100.0
2013-05-09,44.150001525878906,44.189998626708984,43.689998626708984,43.90999984741211,40290500.0
2013-05-10,43.619998931884766,43.68000030517578,43.369998931884766,43.56999969482422,44867100.0
2013-05-13,43.310001373291016,43.34000015258789,43.130001068115234,43.16999816894531,51315300.0
2013-05-14,43.34000015258789,43.560001373291016,43.279998779296875,43.369998931884766,39457200.0
2013-05-15,43.27000045776367,43.45000076293945,43.15999984741211,43.380001068115234,54677500.0
2013-05-16,43.380001068115234,43.540000915527344,43.220001220703125,43.22999954223633,34833500.0
2013-05-17,43.33000183105469,43.47999954223633,43.25,43.41999816894531,37786100.0
2013-05-20,43.40999984741211,43.58000183105469,43.290000915527344,43.529998779296875,33022100.0
2013-05-21,43.45000076293945,43.650001525878906,43.15999984741211,43.439998626708984,39757800.0
2013-05-22,43.560001373291016,43.959999084472656,42.79999923706055,42.959999084472656,95248900.0
2013-05-23,42.279998779296875,42.68000030517578,42.060001373291016,42.63999938964844,84326400.0
2013-05-24,42.27000045776367,42.29999923706055,42.029998779296875,42.27000045776367,70236100.0
2013-05-28,42.779998779296875,42.869998931884766,42.459999084472656,42.5,51418200.0
2013-05-29,42.220001220703125,42.290000915527344,41.93000030517578,41.959999084472656,71460900.0
2013-05-30,41.900001525878906,42.2400016784668,41.869998931884766,41.959999084472656,57619400.0
2013-05-31,41.619998931884766,41.68000030517578,41.13999938964844,41.20000076293945,109498200.0
2013-06-03,41.400001525878906,41.95000076293945,41.11000061035156,41.810001373291016,103868200.0
2013-06-04,41.790000915527344,41.83000183105469,41.18000030517578,41.29999923706055,61790500.0
2013-06-05,41.209999084472656,41.279998779296875,40.529998779296875,40.560001373291016,88096500.0
2013-06-06,40.5,40.939998626708984,40.38999938964844,40.900001525878906,79388500.0
2013-06-07,40.66999816894531,40.970001220703125,40.43000030517578,40.689998626708984,83416900.0
2013-06-10,40.33000183105469,40.33000183105469,39.9900016784668,40.13999938964844,94653100.0
2013-06-11,39.31999969482422,39.66999816894531,39.189998626708984,39.380001068115234,91969100.0
2013-06-12,39.70000076293945,39.720001220703125,39.02000045776367,39.11000061035156,110462700.0
2013-06-13,39.09000015258789,39.95000076293945,39.029998779296875,39.939998626708984,109955800.0
2013-06-14,39.810001373291016,39.900001525878906,39.20000076293945,39.310001373291016,101834900.0
2013-06-17,39.75,39.93000030517578,39.43000030517578,39.66999816894531,59802800.0
2013-06-18,39.56999969482422,39.869998931884766,39.470001220703125,39.84000015258789,57237000.0
2013-06-19,39.540000915527344,39.720001220703125,38.540000915527344,38.61000061035156,106460000.0
2013-06-20,37.689998626708984,37.689998626708984,36.43000030517578,36.880001068115234,151378100.0
2013-06-21,37.400001525878906,37.63999938964844,36.779998779296875,37.40999984741211,122377400.0
2013-06-24,36.4900016784668,37.040000915527344,36.15999984741211,36.650001525878906,105810400.0
2013-06-25,37.279998779296875,37.470001220703125,36.880001068115234,37.43000030517578,81147700.0
2013-06-26,37.720001220703125,38.16999816894531,37.709999084472656,38.02000045776367,79737000.0
2013-06-27,37.97999954223633,38.34000015258789,37.970001220703125,38.279998779296875,95787800.0
2013-06-28,37.9900016784668,38.599998474121094,37.93000030517578,38.5,92251600.0
2013-07-01,38.68000030517578,38.880001068115234,38.470001220703125,38.619998931884766,64188900.0
2013-07-02,38.52000045776367,38.779998779296875,37.689998626708984,37.93000030517578,91594600.0
2013-07-03,37.400001525878906,37.90999984741211,37.36000061035156,37.58000183105469,51565400.0
2013-07-05,37.63999938964844,37.689998626708984,36.97999954223633,37.34000015258789,94284700.0
2013-07-08,37.34000015258789,37.68000030517578,37.279998779296875,37.38999938964844,63868900.0
2013-07-09,37.79999923706055,37.93000030517578,37.52000045776367,37.880001068115234,68925700.0
2013-07-10,37.70000076293945,37.95000076293945,37.47999954223633,37.52000045776367,72780900.0
2013-07-11,38.90999984741211,39.38999938964844,38.709999084472656,39.36000061035156,99047500.0
2013-07-12,38.91999816894531,39.0099983215332,38.75,38.939998626708984,48446100.0
2013-07-15,39.150001525878906,39.54999923706055,39.130001068115234,39.34000015258789,78940600.0
2013-07-16,39.439998626708984,39.540000915527344,39.150001525878906,39.5,59925000.0
2013-07-17,39.83000183105469,39.900001525878906,39.689998626708984,39.86000061035156,64775200.0
2013-07-18,39.61000061035156,39.72999954223633,39.33000183105469,39.38999938964844,63396800.0
2013-07-19,39.33000183105469,39.34000015258789,39.130001068115234,39.279998779296875,56381200.0
2013-07-22,39.380001068115234,39.7400016784668,39.22999954223633,39.66999816894531,60947300.0
2013-07-23,40.04999923706055,40.2400016784668,39.93000030517578,40.099998474121094,69873900.0
2013-07-24,40.099998474121094,40.11000061035156,39.45000076293945,39.689998626708984,73854100.0
2013-07-25,39.560001373291016,39.959999084472656,39.540000915527344,39.91999816894531,45387700.0
2013-07-26,39.70000076293945,39.880001068115234,39.400001525878906,39.83000183105469,37847700.0
2013-07-29,39.5099983215332,39.560001373291016,39.310001373291016,39.33000183105469,50232900.0
2013-07-30,39.5099983215332,39.540000915527344,39.15999984741211,39.2400016784668,38655400.0
2013-07-31,38.93000030517578,39.47999954223633,38.7599983215332,39.0099983215332,81129000.0
2013-08-01,39.43000030517578,39.86000061035156,39.349998474121094,39.720001220703125,81917200.0
2013-08-02,39.61000061035156,39.939998626708984,39.58000183105469,39.709999084472656,46528200.0
2013-08-05,39.58000183105469,39.59000015258789,39.29999923706055,39.459999084472656,41164800.0
2013-08-06,39.29999923706055,39.29999923706055,38.869998931884766,38.959999084472656,51415100.0
2013-08-07,38.59000015258789,38.7599983215332,38.5099983215332,38.540000915527344,54242300.0
2013-08-08,38.970001220703125,39.45000076293945,38.720001220703125,39.279998779296875,75526500.0
2013-08-09,39.290000915527344,39.59000015258789,39.279998779296875,39.36000061035156,56199400.0
2013-08-12,39.52000045776367,39.880001068115234,39.52000045776367,39.72999954223633,61381800.0
2013-08-13,39.97999954223633,40.09000015258789,39.77000045776367,39.970001220703125,61264100.0
2013-08-14,40.130001068115234,40.20000076293945,40.040000915527344,40.099998474121094,48288100.0
2013-08-15,39.59000015258789,39.720001220703125,39.220001220703125,39.63999938964844,59751700.0
2013-08-16,39.66999816894531,39.7400016784668,39.25,39.29999923706055,72806300.0
2013-08-19,38.9900016784668,39.029998779296875,38.540000915527344,38.560001373291016,53829000.0
2013-08-20,38.369998931884766,38.72999954223633,38.349998474121094,38.4900016784668,53697600.0
2013-08-21,38.029998779296875,38.08000183105469,37.5099983215332,37.59000015258789,108745800.0
2013-08-22,38.0099983215332,38.279998779296875,37.97999954223633,38.20000076293945,57470900.0
2013-08-23,38.5,38.720001220703125,38.27000045776367,38.650001525878906,57345100.0
2013-08-26,38.70000076293945,38.72999954223633,38.15999984741211,38.22999954223633,42254600.0
2013-08-27,37.599998474121094,37.66999816894531,37.27000045776367,37.349998474121094,89367100.0
2013-08-28,37.290000915527344,37.790000915527344,37.16999816894531,37.43000030517578,69409900.0
2013-08-29,37.869998931884766,38.15999984741211,37.63999938964844,37.72999954223633,63988700.0
2013-08-30,38.16999816894531,38.189998626708984,37.7400016784668,38.02000045776367,104219900.0
2013-09-03,38.56999969482422,38.709999084472656,38.16999816894531,38.2599983215332,62694800.0
2013-09-04,38.47999954223633,38.95000076293945,38.400001525878906,38.939998626708984,60083400.0
2013-09-05,38.970001220703125,39.5,38.91999816894531,39.400001525878906,59046600.0
2013-09-06,39.95000076293945,40.13999938964844,39.5099983215332,39.97999954223633,75420400.0
2013-09-09,40.380001068115234,41.11000061035156,40.349998474121094,41.029998779296875,116120500.0
2013-09-10,41.27000045776367,41.43000030517578,41.150001525878906,41.34000015258789,80651200.0
2013-09-11,41.18000030517578,41.5,41.099998474121094,41.369998931884766,73495900.0
2013-09-12,41.220001220703125,41.2599983215332,40.880001068115234,40.88999938964844,58460500.0
2013-09-13,40.959999084472656,41.209999084472656,40.869998931884766,41.15999984741211,44927100.0
2013-09-16,41.869998931884766,41.900001525878906,41.52000045776367,41.619998931884766,68924400.0
2013-09-17,41.630001068115234,41.70000076293945,41.45000076293945,41.529998779296875,46999400.0
2013-09-18,41.40999984741211,43.31999969482422,41.22999954223633,43.27000045776367,113370100.0
2013-09-19,43.130001068115234,43.16999816894531,42.779998779296875,43.040000915527344,100087700.0
2013-09-20,42.84000015258789,42.84000015258789,42.0099983215332,42.08000183105469,77275200.0
2013-09-23,42.13999938964844,42.380001068115234,42.06999969482422,42.22999954223633,61143000.0
2013-09-24,42.06999969482422,42.16999816894531,41.790000915527344,41.869998931884766,43438700.0
2013-09-25,41.869998931884766,41.900001525878906,41.5,41.54999923706055,56353100.0
2013-09-26,41.790000915527344,41.939998626708984,41.4900016784668,41.720001220703125,54419200.0
2013-09-27,41.38999938964844,41.470001220703125,41.11000061035156,41.22999954223633,69028500.0
2013-09-30,40.59000015258789,40.91999816894531,40.4900016784668,40.7599983215332,93884500.0
2013-10-01,41.040000915527344,41.59000015258789,41.0099983215332,41.56999969482422,62524700.0
2013-10-02,41.369998931884766,41.75,41.22999954223633,41.72999954223633,46985900.0
2013-10-03,41.93000030517578,42.02000045776367,41.27000045776367,41.56999969482422,51161500.0
2013-10-04,41.66999816894531,42.150001525878906,41.599998474121094,42.11000061035156,36780900.0
2013-10-07,41.560001373291016,41.93000030517578,41.52000045776367,41.75,51699900.0
2013-10-08,41.900001525878906,41.959999084472656,41.310001373291016,41.349998474121094,66218200.0
2013-10-09,41.63999938964844,41.84000015258789,41.310001373291016,41.65999984741211,67258400.0
2013-10-10,42.18000030517578,42.720001220703125,42.150001525878906,42.63999938964844,99094900.0
2013-10-11,42.459999084472656,42.880001068115234,42.38999938964844,42.83000183105469,42764200.0
2013-10-14,42.470001220703125,43.18000030517578,42.400001525878906,43.08000183105469,43319800.0
2013-10-15,42.88999938964844,43.029998779296875,42.54999923706055,42.65999984741211,54388300.0
2013-10-16,42.869998931884766,43.16999816894531,42.79999923706055,43.0,64749400.0
2013-10-17,42.959999084472656,43.310001373291016,42.88999938964844,43.27000045776367,58641300.0
2013-10-18,43.459999084472656,43.5099983215332,43.2599983215332,43.310001373291016,55660500.0
2013-10-21,43.34000015258789,43.40999984741211,43.150001525878906,43.2400016784668,44243400.0
2013-10-22,43.54999923706055,43.90999984741211,43.4900016784668,43.65999984741211,74992500.0
2013-10-23,42.93000030517578,42.97999954223633,42.619998931884766,42.63999938964844,69411000.0
2013-10-24,42.880001068115234,42.880001068115234,42.4900016784668,42.54999923706055,57466500.0
2013-10-25,42.58000183105469,42.83000183105469,42.470001220703125,42.75,45414700.0
2013-10-28,42.810001373291016,43.06999969482422,42.77000045776367,43.0,44569400.0
2013-10-29,43.150001525878906,43.220001220703125,43.09000015258789,43.13999938964844,32543300.0
2013-10-30,43.310001373291016,43.310001373291016,42.709999084472656,42.900001525878906,55442300.0
2013-10-31,43.0,43.0099983215332,42.439998626708984,42.459999084472656,68089000.0
2013-11-01,42.619998931884766,42.709999084472656,42.209999084472656,42.47999954223633,83621600.0
2013-11-04,42.560001373291016,42.7599983215332,42.54999923706055,42.7400016784668,35360700.0
2013-11-05,42.189998626708984,42.25,41.849998474121094,41.880001068115234,73296100.0
2013-11-06,42.189998626708984,42.2400016784668,41.97999954223633,42.0099983215332,61350100.0
2013-11-07,42.09000015258789,42.11000061035156,41.15999984741211,41.25,94546100.0
2013-11-08,41.0099983215332,41.18000030517578,40.75,41.15999984741211,79167700.0
2013-11-11,41.119998931884766,41.189998626708984,40.849998474121094,40.95000076293945,58492300.0
2013-11-12,40.959999084472656,41.0099983215332,40.439998626708984,40.72999954223633,81455800.0
2013-11-13,40.34000015258789,40.88999938964844,40.31999969482422,40.79999923706055,69898800.0
2013-11-14,40.83000183105469,41.470001220703125,40.720001220703125,41.459999084472656,87793800.0
2013-11-15,41.93000030517578,42.43000030517578,41.880001068115234,42.25,94070900.0
2013-11-18,42.79999923706055,43.09000015258789,42.619998931884766,42.630001068115234,80437300.0
2013-11-19,42.75,42.810001373291016,42.31999969482422,42.369998931884766,59573100.0
2013-11-20,42.40999984741211,42.470001220703125,41.720001220703125,41.790000915527344,62635400.0
2013-11-21,41.65999984741211,41.81999969482422,41.529998779296875,41.75,51401400.0
2013-11-22,41.779998779296875,42.099998474121094,41.70000076293945,42.04999923706055,49745300.0
2013-11-25,42.029998779296875,42.040000915527344,41.470001220703125,41.5099983215332,59685800.0
2013-11-26,41.5,41.779998779296875,41.380001068115234,41.650001525878906,37990900.0
2013-11-27,41.81999969482422,42.0099983215332,41.650001525878906,41.91999816894531,45419400.0
2013-11-29,42.2400016784668,42.459999084472656,42.15999984741211,42.349998474121094,41826600.0
2013-12-02,42.189998626708984,42.2599983215332,41.380001068115234,41.459999084472656,67975400.0
2013-12-03,41.310001373291016,41.619998931884766,41.029998779296875,41.31999969482422,108126900.0
2013-12-04,41.060001373291016,41.380001068115234,40.84000015258789,41.27000045776367,62378500.0
2013-12-05,41.150001525878906,41.40999984741211,41.0099983215332,41.029998779296875,56729300.0
2013-12-06,41.72999954223633,42.09000015258789,41.61000061035156,41.939998626708984,75512400.0
2013-12-09,42.060001373291016,42.2400016784668,41.959999084472656,42.0,56365100.0
2013-12-10,41.790000915527344,42.060001373291016,41.779998779296875,42.02000045776367,44343900.0
2013-12-11,41.709999084472656,41.709999084472656,41.040000915527344,41.09000015258789,74628400.0
2013-12-12,40.91999816894531,41.0,40.66999816894531,40.849998474121094,62076500.0
2013-12-13,40.97999954223633,41.04999923706055,40.779998779296875,40.95000076293945,62277400.0
2013-12-16,41.20000076293945,41.5099983215332,41.15999984741211,41.220001220703125,59551600.0
2013-12-17,41.16999816894531,41.16999816894531,40.83000183105469,40.86000061035156,53390900.0
2013-12-18,40.77000045776367,41.68000030517578,40.13999938964844,41.29999923706055,107981900.0
2013-12-19,40.58000183105469,40.70000076293945,40.220001220703125,40.540000915527344,70838100.0
2013-12-20,40.540000915527344,40.75,40.439998626708984,40.47999954223633,86690800.0
2013-12-23,40.810001373291016,40.970001220703125,40.70000076293945,40.779998779296875,56621800.0
2013-12-24,40.970001220703125,41.08000183105469,40.939998626708984,41.02000045776367,18409100.0
2013-12-26,40.849998474121094,40.90999984741211,40.650001525878906,40.66999816894531,24739900.0
2013-12-27,41.09000015258789,41.310001373291016,41.029998779296875,41.29999923706055,35691100.0
2013-12-30,41.36000061035156,41.540000915527344,41.310001373291016,41.47999954223633,39861800.0
2013-12-31,41.58000183105469,41.849998474121094,41.5,41.79999923706055,38839400.0
2014-01-02,41.0,41.0099983215332,40.150001525878906,40.189998626708984,138488400.0
2014-01-03,40.38999938964844,40.400001525878906,39.939998626708984,40.119998931884766,83579700.0
2014-01-06,39.959999084472656,39.959999084472656,39.72999954223633,39.7400016784668,55735100.0
2014-01-07,39.95000076293945,40.09000015258789,39.790000915527344,39.90999984741211,57341500.0
2014-01-08,39.970001220703125,40.0099983215332,39.65999984741211,39.779998779296875,63182600.0
2014-01-09,39.650001525878906,39.720001220703125,39.2599983215332,39.56999969482422,74405200.0
2014-01-10,39.79999923706055,40.41999816894531,39.790000915527344,40.27000045776367,110244200.0
2014-01-13,40.349998474121094,40.400001525878906,39.68000030517578,39.790000915527344,62209500.0
2014-01-14,40.0099983215332,40.34000015258789,39.83000183105469,40.220001220703125,75830700.0
2014-01-15,40.189998626708984,40.310001373291016,40.119998931884766,40.209999084472656,47361900.0
2014-01-16,40.15999984741211,40.2599983215332,39.900001525878906,39.9900016784668,56673900.0
2014-01-17,39.970001220703125,39.97999954223633,39.7400016784668,39.790000915527344,61288200.0
2014-01-21,40.0,40.04999923706055,39.560001373291016,39.72999954223633,46683100.0
2014-01-22,40.060001373291016,40.27000045776367,39.880001068115234,40.2599983215332,56188400.0
2014-01-23,39.77000045776367,39.77000045776367,38.9900016784668,39.27000045776367,109930400.0
2014-01-24,38.75,38.779998779296875,38.20000076293945,38.2400016784668,127153900.0
2014-01-27,38.290000915527344,38.369998931884766,37.77000045776367,38.09000015258789,118532300.0
2014-01-28,38.34000015258789,38.5,38.20000076293945,38.33000183105469,86568700.0
2014-01-29,37.83000183105469,38.20000076293945,37.59000015258789,37.779998779296875,142219100.0
2014-01-30,38.31999969482422,38.40999984741211,37.9900016784668,38.130001068115234,84660600.0
2014-01-31,37.68000030517578,38.27000045776367,37.58000183105469,38.189998626708984,102329500.0
2014-02-03,37.86000061035156,37.91999816894531,37.04999923706055,37.11000061035156,123117200.0
2014-02-04,37.720001220703125,38.09000015258789,37.619998931884766,37.86000061035156,138955500.0
2014-02-05,37.70000076293945,37.959999084472656,37.45000076293945,37.720001220703125,86064900.0
2014-02-06,37.9900016784668,38.56999969482422,37.9900016784668,38.5099983215332,99403100.0
2014-02-07,38.810001373291016,38.91999816894531,38.52000045776367,38.72999954223633,80356700.0
2014-02-10,38.560001373291016,38.59000015258789,38.130001068115234,38.29999923706055,68839500.0
2014-02-11,38.5099983215332,39.220001220703125,38.5,39.130001068115234,93164800.0
2014-02-12,39.38999938964844,39.58000183105469,39.02000045776367,39.13999938964844,68705700.0
2014-02-13,38.56999969482422,39.209999084472656,38.56999969482422,39.18000030517578,50414900.0
2014-02-14,39.45000076293945,39.869998931884766,39.380001068115234,39.65999984741211,69806400.0
2014-02-18,39.63999938964844,39.720001220703125,39.27000045776367,39.290000915527344,69542600.0
2014-02-19,39.13999938964844,39.459999084472656,38.93000030517578,39.02000045776367,101924800.0
2014-02-20,38.97999954223633,39.25,38.7400016784668,39.15999984741211,71686300.0
2014-02-21,39.369998931884766,39.59000015258789,39.279998779296875,39.43000030517578,66907700.0
2014-02-24,39.38999938964844,39.779998779296875,39.34000015258789,39.43000030517578,58971200.0
2014-02-25,39.349998474121094,39.439998626708984,38.869998931884766,38.97999954223633,77028600.0
2014-02-26,39.20000076293945,39.279998779296875,38.849998474121094,39.0099983215332,59122600.0
2014-02-27,39.36000061035156,39.81999969482422,39.279998779296875,39.75,67962200.0
2014-02-28,39.779998779296875,39.84000015258789,39.220001220703125,39.47999954223633,88240700.0
2014-03-03,38.720001220703125,38.939998626708984,38.4900016784668,38.779998779296875,98832200.0
2014-03-04,39.529998779296875,39.59000015258789,39.27000045776367,39.439998626708984,63103000.0
2014-03-05,39.31999969482422,39.529998779296875,39.25,39.470001220703125,42856900.0
2014-03-06,39.83000183105469,40.220001220703125,39.81999969482422,40.029998779296875,86027600.0
2014-03-07,39.849998474121094,39.869998931884766,39.279998779296875,39.52000045776367,66565600.0
2014-03-10,39.2599983215332,39.27000045776367,38.91999816894531,39.25,57747100.0
2014-03-11,39.310001373291016,39.43000030517578,38.709999084472656,38.810001373291016,72692600.0
2014-03-12,38.58000183105469,38.93000030517578,38.459999084472656,38.88999938964844,56882800.0
2014-03-13,38.97999954223633,39.0,38.029998779296875,38.189998626708984,79967400.0
2014-03-14,38.25,38.619998931884766,38.25,38.400001525878906,64589800.0
2014-03-17,38.7400016784668,38.959999084472656,38.7400016784668,38.869998931884766,57492000.0
2014-03-18,38.959999084472656,39.43000030517578,38.93000030517578,39.40999984741211,68135000.0
2014-03-19,39.130001068115234,39.310001373291016,38.400001525878906,38.56999969482422,95953000.0
2014-03-20,38.310001373291016,38.81999969482422,38.16999816894531,38.7400016784668,60572300.0
2014-03-21,39.0,39.45000076293945,38.93000030517578,38.97999954223633,86969000.0
2014-03-24,39.33000183105469,39.45000076293945,39.09000015258789,39.36000061035156,54328100.0
2014-03-25,39.7599983215332,39.959999084472656,39.63999938964844,39.810001373291016,93531000.0
2014-03-26,40.15999984741211,40.290000915527344,39.880001068115234,39.900001525878906,91289900.0
2014-03-27,40.04999923706055,40.47999954223633,40.029998779296875,40.41999816894531,73438700.0
2014-03-28,40.779998779296875,41.02000045776367,40.689998626708984,40.7400016784668,67464400.0
2014-03-31,40.9900016784668,41.25,40.970001220703125,41.0099983215332,75256100.0
2014-04-01,41.400001525878906,41.4900016784668,41.2400016784668,41.4900016784668,65717300.0
2014-04-02,41.33000183105469,41.61000061035156,41.27000045776367,41.56999969482422,44076300.0
2014-04-03,41.380001068115234,41.439998626708984,41.0,41.40999984741211,84659200.0
2014-04-04,41.849998474121094,42.130001068115234,41.2400016784668,41.29999923706055,127800700.0
2014-04-07,41.34000015258789,41.59000015258789,41.2400016784668,41.47999954223633,60586200.0
2014-04-08,42.060001373291016,42.2599983215332,41.81999969482422,41.959999084472656,107043300.0
2014-04-09,42.0099983215332,42.470001220703125,41.72999954223633,42.279998779296875,71617000.0
2014-04-10,42.27000045776367,42.41999816894531,41.779998779296875,41.83000183105469,74792500.0
2014-04-11,41.540000915527344,41.88999938964844,41.529998779296875,41.83000183105469,76310100.0
2014-04-14,41.959999084472656,41.970001220703125,41.529998779296875,41.7400016784668,44883400.0
2014-04-15,41.47999954223633,41.5099983215332,40.599998474121094,41.11000061035156,155302100.0
2014-04-16,41.310001373291016,41.66999816894531,41.209999084472656,41.630001068115234,64113100.0
2014-04-17,41.66999816894531,42.150001525878906,41.54999923706055,42.0099983215332,69955200.0
2014-04-21,41.95000076293945,41.959999084472656,41.63999938964844,41.75,29288500.0
2014-04-22,41.79999923706055,41.86000061035156,41.619998931884766,41.63999938964844,43060000.0
2014-04-23,41.439998626708984,41.459999084472656,41.099998474121094,41.34000015258789,58299300.0
2014-04-24,41.369998931884766,41.38999938964844,41.02000045776367,41.380001068115234,39310800.0
2014-04-25,40.84000015258789,40.849998474121094,40.540000915527344,40.81999969482422,72613500.0
2014-04-28,40.869998931884766,41.15999984741211,40.66999816894531,41.02000045776367,64020600.0
2014-04-29,41.279998779296875,41.56999969482422,41.2599983215332,41.40999984741211,71181600.0
2014-04-30,41.09000015258789,41.33000183105469,41.040000915527344,41.33000183105469,49063100.0
2014-05-01,41.279998779296875,41.47999954223633,41.08000183105469,41.380001068115234,31161300.0
2014-05-02,41.29999923706055,41.72999954223633,41.27000045776367,41.61000061035156,63037500.0
2014-05-05,41.31999969482422,41.41999816894531,41.20000076293945,41.380001068115234,26894600.0
2014-05-06,41.41999816894531,41.810001373291016,41.400001525878906,41.56999969482422,41163100.0
2014-05-07,41.45000076293945,41.79999923706055,41.380001068115234,41.790000915527344,43226500.0
2014-05-08,41.90999984741211,42.040000915527344,41.689998626708984,41.689998626708984,49820300.0
2014-05-09,41.72999954223633,41.83000183105469,41.560001373291016,41.619998931884766,43953000.0
2014-05-12,42.22999954223633,42.349998474121094,42.06999969482422,42.31999969482422,63396500.0
2014-05-13,42.38999938964844,42.65999984741211,42.33000183105469,42.47999954223633,53342400.0
2014-05-14,42.720001220703125,42.91999816894531,42.65999984741211,42.779998779296875,57544700.0
2014-05-15,42.720001220703125,42.72999954223633,42.22999954223633,42.380001068115234,56308800.0
2014-05-16,42.7400016784668,43.0,42.619998931884766,42.939998626708984,70419600.0
2014-05-19,42.880001068115234,43.0,42.84000015258789,42.939998626708984,32471500.0
2014-05-20,42.779998779296875,42.880001068115234,42.47999954223633,42.59000015258789,63707800.0
2014-05-21,42.81999969482422,42.939998626708984,42.790000915527344,42.91999816894531,50661300.0
2014-05-22,43.130001068115234,43.220001220703125,43.040000915527344,43.220001220703125,51415000.0
2014-05-23,43.15999984741211,43.290000915527344,43.119998931884766,43.13999938964844,55456100.0
2014-05-27,42.959999084472656,43.029998779296875,42.630001068115234,42.77000045776367,40155800.0
2014-05-28,42.9900016784668,43.11000061035156,42.84000015258789,43.02000045776367,45095400.0
2014-05-29,43.130001068115234,43.209999084472656,43.02000045776367,43.13999938964844,28979600.0
2014-05-30,42.869998931884766,42.91999816894531,42.459999084472656,42.54999923706055,72201700.0
2014-06-02,42.72999954223633,42.81999969482422,42.650001525878906,42.68000030517578,33550800.0
2014-06-03,42.72999954223633,43.040000915527344,42.720001220703125,42.91999816894531,38021700.0
2014-06-04,42.630001068115234,42.7599983215332,42.560001373291016,42.68000030517578,25656100.0
2014-06-05,43.06999969482422,43.20000076293945,42.900001525878906,43.130001068115234,41040500.0
2014-06-06,43.47999954223633,43.65999984741211,43.40999984741211,43.560001373291016,45429100.0
2014-06-09,43.5099983215332,43.779998779296875,43.5099983215332,43.720001220703125,38995600.0
2014-06-10,43.77000045776367,43.97999954223633,43.709999084472656,43.95000076293945,31573300.0
2014-06-11,43.689998626708984,43.880001068115234,43.68000030517578,43.79999923706055,44721500.0
2014-06-12,43.869998931884766,43.90999984741211,43.45000076293945,43.59000015258789,40265500.0
2014-06-13,43.439998626708984,43.650001525878906,43.349998474121094,43.61000061035156,27554000.0
2014-06-16,43.47999954223633,43.52000045776367,43.279998779296875,43.40999984741211,32040700.0
2014-06-17,43.36000061035156,43.439998626708984,43.2400016784668,43.41999816894531,35013500.0
2014-06-18,43.31999969482422,43.93000030517578,43.189998626708984,43.900001525878906,62131500.0
2014-06-19,43.7599983215332,43.84000015258789,43.52000045776367,43.650001525878906,48497900.0
2014-06-20,43.5,43.59000015258789,43.400001525878906,43.560001373291016,36744000.0
2014-06-23,43.529998779296875,43.54999923706055,43.31999969482422,43.470001220703125,27608300.0
2014-06-24,43.59000015258789,43.88999938964844,43.36000061035156,43.45000076293945,49441000.0
2014-06-25,43.130001068115234,43.2400016784668,43.0,43.20000076293945,35940200.0
2014-06-26,43.31999969482422,43.31999969482422,43.099998474121094,43.25,21873800.0
2014-06-27,43.25,43.380001068115234,43.119998931884766,43.349998474121094,21988900.0
2014-06-30,43.369998931884766,43.41999816894531,43.20000076293945,43.22999954223633,34343200.0
2014-07-01,43.54999923706055,43.68000030517578,43.529998779296875,43.63999938964844,42222400.0
2014-07-02,43.81999969482422,43.91999816894531,43.790000915527344,43.900001525878906,35955800.0
2014-07-03,43.79999923706055,44.189998626708984,43.77000045776367,44.15999984741211,26627100.0
2014-07-07,44.06999969482422,44.15999984741211,43.97999954223633,44.130001068115234,26962800.0
2014-07-08,44.099998474121094,44.130001068115234,43.84000015258789,43.93000030517578,29106700.0
2014-07-09,43.95000076293945,44.22999954223633,43.900001525878906,44.18000030517578,29892600.0
2014-07-10,43.540000915527344,43.959999084472656,43.43000030517578,43.939998626708984,43704000.0
2014-07-11,43.7599983215332,43.970001220703125,43.72999954223633,43.88999938964844,32082600.0
2014-07-14,44.150001525878906,44.2400016784668,44.06999969482422,44.22999954223633,23136700.0
2014-07-15,44.27000045776367,44.31999969482422,43.9900016784668,44.20000076293945,38034000.0
2014-07-16,44.41999816894531,44.470001220703125,44.25,44.310001373291016,26424000.0
2014-07-17,44.0,44.08000183105469,43.400001525878906,43.47999954223633,66994900.0
2014-07-18,44.099998474121094,44.2599983215332,43.939998626708984,44.15999984741211,51870700.0
2014-07-21,43.939998626708984,44.400001525878906,43.91999816894531,44.310001373291016,56034400.0
2014-07-22,44.79999923706055,44.83000183105469,44.70000076293945,44.720001220703125,43480300.0
2014-07-23,44.81999969482422,44.81999969482422,44.65999984741211,44.7599983215332,29647900.0
2014-07-24,44.81999969482422,45.0,44.77000045776367,44.959999084472656,31503700.0
2014-07-25,44.75,44.83000183105469,44.63999938964844,44.779998779296875,34409200.0
2014-07-28,44.84000015258789,45.11000061035156,44.7599983215332,45.09000015258789,38243200.0
2014-07-29,45.130001068115234,45.130001068115234,44.790000915527344,44.81999969482422,35722000.0
2014-07-30,45.0099983215332,45.04999923706055,44.38999938964844,44.599998474121094,54177600.0
2014-07-31,44.060001373291016,44.150001525878906,43.65999984741211,43.81999969482422,88181200.0
2014-08-01,43.95000076293945,44.18000030517578,43.650001525878906,44.060001373291016,108800800.0
2014-08-04,44.2599983215332,44.56999969482422,44.08000183105469,44.470001220703125,43918900.0
2014-08-05,44.02000045776367,44.13999938964844,43.650001525878906,43.790000915527344,67276000.0
2014-08-06,43.54999923706055,43.72999954223633,43.439998626708984,43.4900016784668,63560700.0
2014-08-07,43.59000015258789,43.619998931884766,43.13999938964844,43.31999969482422,77763500.0
2014-08-08,43.5099983215332,43.779998779296875,43.33000183105469,43.709999084472656,53612400.0
2014-08-11,43.91999816894531,44.310001373291016,43.88999938964844,44.27000045776367,49923100.0
2014-08-12,44.09000015258789,44.33000183105469,44.040000915527344,44.31999969482422,36823500.0
2014-08-13,44.66999816894531,44.779998779296875,44.439998626708984,44.560001373291016,49491900.0
2014-08-14,44.59000015258789,44.709999084472656,44.529998779296875,44.630001068115234,33152100.0
2014-08-15,44.72999954223633,44.83000183105469,44.279998779296875,44.5099983215332,66006100.0
2014-08-18,44.7400016784668,44.939998626708984,44.63999938964844,44.939998626708984,38360500.0
2014-08-19,44.97999954223633,45.16999816894531,44.959999084472656,45.150001525878906,33591600.0
2014-08-20,44.939998626708984,45.13999938964844,44.86000061035156,45.060001373291016,30889600.0
2014-08-21,44.959999084472656,45.040000915527344,44.810001373291016,44.869998931884766,35476300.0
2014-08-22,44.91999816894531,44.9900016784668,44.58000183105469,44.75,45995800.0
2014-08-25,44.869998931884766,45.099998474121094,44.810001373291016,45.08000183105469,31989900.0
2014-08-26,45.16999816894531,45.380001068115234,45.150001525878906,45.349998474121094,45918400.0
2014-08-27,45.439998626708984,45.58000183105469,45.34000015258789,45.58000183105469,34239100.0
2014-08-28,44.9900016784668,45.18000030517578,44.939998626708984,45.130001068115234,38157700.0
2014-08-29,45.16999816894531,45.2400016784668,45.0,45.060001373291016,39791500.0
2014-09-02,45.04999923706055,45.060001373291016,44.880001068115234,44.9900016784668,48129000.0
2014-09-03,45.75,45.790000915527344,45.5,45.58000183105469,51700200.0
2014-09-04,45.72999954223633,45.83000183105469,45.34000015258789,45.459999084472656,41676700.0
2014-09-05,45.540000915527344,45.849998474121094,45.41999816894531,45.849998474121094,53035700.0
2014-09-08,45.68000030517578,45.720001220703125,45.220001220703125,45.310001373291016,50222700.0
2014-09-09,45.040000915527344,45.13999938964844,44.560001373291016,44.75,85940600.0
2014-09-10,44.33000183105469,44.63999938964844,44.22999954223633,44.560001373291016,57439600.0
2014-09-11,44.25,44.33000183105469,44.189998626708984,44.2599983215332,70622500.0
2014-09-12,43.9900016784668,44.0,43.63999938964844,43.790000915527344,85785600.0
2014-09-15,43.65999984741211,43.709999084472656,43.439998626708984,43.56999969482422,68507800.0
2014-09-16,43.529998779296875,44.439998626708984,43.5,44.13999938964844,97318600.0
2014-09-17,44.20000076293945,44.27000045776367,43.720001220703125,43.72999954223633,76121700.0
2014-09-18,43.869998931884766,43.95000076293945,43.72999954223633,43.790000915527344,50513900.0
2014-09-19,43.91999816894531,43.970001220703125,43.349998474121094,43.459999084472656,88033100.0
2014-09-22,43.08000183105469,43.130001068115234,42.61000061035156,42.79999923706055,83094000.0
2014-09-23,42.70000076293945,42.900001525878906,42.5,42.560001373291016,82990700.0
2014-09-24,42.869998931884766,43.2599983215332,42.65999984741211,43.16999816894531,55218900.0
2014-09-25,42.5099983215332,42.529998779296875,42.119998931884766,42.22999954223633,68810700.0
2014-09-26,42.27000045776367,42.56999969482422,42.209999084472656,42.41999816894531,54551800.0
2014-09-29,41.369998931884766,41.77000045776367,41.36000061035156,41.560001373291016,74208400.0
2014-09-30,41.45000076293945,41.63999938964844,41.36000061035156,41.560001373291016,87704500.0
2014-10-01,41.34000015258789,41.380001068115234,40.70000076293945,40.709999084472656,109933300.0
2014-10-02,40.86000061035156,41.220001220703125,40.369998931884766,40.93000030517578,92880600.0
2014-10-03,41.08000183105469,41.38999938964844,40.88999938964844,41.279998779296875,61010900.0
2014-10-06,42.119998931884766,42.15999984741211,41.810001373291016,41.81999969482422,84259600.0
2014-10-07,41.7599983215332,41.869998931884766,41.45000076293945,41.45000076293945,41767500.0
2014-10-08,41.529998779296875,42.150001525878906,41.060001373291016,42.06999969482422,90901600.0
2014-10-09,41.900001525878906,41.95000076293945,41.27000045776367,41.40999984741211,82942800.0
2014-10-10,40.959999084472656,41.099998474121094,40.470001220703125,40.5099983215332,104177200.0
2014-10-13,41.20000076293945,41.5,40.900001525878906,40.91999816894531,89761000.0
2014-10-14,41.060001373291016,41.41999816894531,40.84000015258789,41.15999984741211,71636700.0
2014-10-15,40.599998474121094,40.810001373291016,39.779998779296875,40.63999938964844,122284500.0
2014-10-16,39.70000076293945,40.720001220703125,39.68000030517578,40.27000045776367,101076200.0
2014-10-17,40.709999084472656,41.0,40.47999954223633,40.720001220703125,73616400.0
2014-10-20,40.68000030517578,40.88999938964844,40.59000015258789,40.84000015258789,50853900.0
2014-10-21,40.7599983215332,41.16999816894531,40.72999954223633,41.0099983215332,49877200.0
2014-10-22,40.959999084472656,41.040000915527344,40.599998474121094,40.7400016784668,50711600.0
2014-10-23,40.84000015258789,40.970001220703125,40.68000030517578,40.72999954223633,43661600.0
2014-10-24,40.77000045776367,41.220001220703125,40.7400016784668,41.02000045776367,43721100.0
2014-10-27,40.369998931884766,40.7599983215332,40.279998779296875,40.70000076293945,44793200.0
2014-10-28,41.189998626708984,41.63999938964844,41.18000030517578,41.52000045776367,73890500.0
2014-10-29,41.90999984741211,42.02000045776367,41.31999969482422,41.58000183105469,75308700.0
2014-10-30,41.65999984741211,42.13999938964844,41.65999984741211,41.970001220703125,54208200.0
2014-10-31,42.15999984741211,42.33000183105469,42.0,42.150001525878906,108786100.0
2014-11-03,42.0099983215332,42.040000915527344,41.70000076293945,41.79999923706055,59606600.0
2014-11-04,41.849998474121094,41.880001068115234,41.54999923706055,41.84000015258789,41428100.0
2014-11-05,41.5,41.54999923706055,41.22999954223633,41.470001220703125,48726600.0
2014-11-06,41.349998474121094,41.40999984741211,40.939998626708984,40.959999084472656,52054400.0
2014-11-07,41.08000183105469,41.279998779296875,41.0099983215332,41.220001220703125,42327500.0
2014-11-10,41.65999984741211,41.689998626708984,41.29999923706055,41.33000183105469,45891600.0
2014-11-11,41.20000076293945,41.36000061035156,41.13999938964844,41.290000915527344,28395000.0
2014-11-12,41.310001373291016,41.5,41.16999816894531,41.209999084472656,25122300.0
2014-11-13,41.38999938964844,41.40999984741211,40.9900016784668,41.099998474121094,30709800.0
2014-11-14,41.029998779296875,41.459999084472656,41.0,41.439998626708984,47386400.0
2014-11-17,41.09000015258789,41.09000015258789,40.91999816894531,41.0,38237800.0
2014-11-18,41.060001373291016,41.25,41.04999923706055,41.220001220703125,23114500.0
2014-11-19,41.09000015258789,41.36000061035156,40.90999984741211,41.20000076293945,49215300.0
2014-11-20,41.16999816894531,41.31999969482422,41.099998474121094,41.130001068115234,28926200.0
2014-11-21,42.189998626708984,42.459999084472656,41.97999954223633,42.439998626708984,111455200.0
2014-11-24,42.209999084472656,42.22999954223633,42.04999923706055,42.09000015258789,38061300.0
2014-11-25,42.15999984741211,42.20000076293945,41.790000915527344,41.81999969482422,43794300.0
2014-11-26,42.189998626708984,42.380001068115234,42.150001525878906,42.349998474121094,30953300.0
2014-11-28,41.869998931884766,41.880001068115234,41.47999954223633,41.5,49144700.0
2014-12-01,41.04999923706055,41.060001373291016,40.7400016784668,40.790000915527344,75105900.0
2014-12-02,40.90999984741211,40.95000076293945,40.7400016784668,40.779998779296875,47273300.0
2014-12-03,40.880001068115234,41.060001373291016,40.84000015258789,40.88999938964844,37508300.0
2014-12-04,41.08000183105469,41.099998474121094,40.869998931884766,40.959999084472656,31459900.0
2014-12-05,40.7599983215332,41.0,40.66999816894531,40.880001068115234,32496300.0
2014-12-08,40.61000061035156,40.619998931884766,40.220001220703125,40.279998779296875,43437900.0
2014-12-09,39.79999923706055,39.93000030517578,39.66999816894531,39.900001525878906,54564100.0
2014-12-10,39.790000915527344,39.79999923706055,39.27000045776367,39.310001373291016,55591700.0
2014-12-11,39.13999938964844,39.349998474121094,38.91999816894531,38.97999954223633,65853700.0
2014-12-12,38.900001525878906,38.90999984741211,38.33000183105469,38.34000015258789,79274600.0
2014-12-15,38.41999816894531,38.45000076293945,37.59000015258789,37.790000915527344,93921700.0
2014-12-16,37.369998931884766,38.31999969482422,37.22999954223633,37.72999954223633,117074100.0
2014-12-17,37.349998474121094,38.54999923706055,37.310001373291016,38.04999923706055,119530800.0
2014-12-18,38.630001068115234,38.869998931884766,38.310001373291016,38.56999969482422,70091400.0
2014-12-19,38.63999938964844,39.02000045776367,38.630001068115234,38.84000015258789,61239600.0
2014-12-22,39.310001373291016,39.45000076293945,39.22999954223633,39.380001068115234,47398500.0
2014-12-23,39.060001373291016,39.09000015258789,38.79999923706055,39.02000045776367,52339300.0
2014-12-24,39.09000015258789,39.15999984741211,38.91999816894531,39.11000061035156,21433900.0
2014-12-26,39.470001220703125,39.630001068115234,39.38999938964844,39.41999816894531,28723000.0
2014-12-29,39.43000030517578,39.5099983215332,39.18000030517578,39.18000030517578,38964300.0
2014-12-30,39.130001068115234,39.34000015258789,39.119998931884766,39.2599983215332,32332700.0
2014-12-31,39.470001220703125,39.4900016784668,39.209999084472656,39.290000915527344,34940700.0
2015-01-02,39.189998626708984,39.209999084472656,38.66999816894531,38.77000045776367,65010000.0
2015-01-05,38.52000045776367,38.52000045776367,38.02000045776367,38.08000183105469,83166600.0
2015-01-06,38.09000015258789,38.2599983215332,37.720001220703125,37.91999816894531,52066100.0
2015-01-07,38.56999969482422,38.77000045776367,38.439998626708984,38.7400016784668,64948700.0
2015-01-08,39.310001373291016,39.58000183105469,39.2599983215332,39.400001525878906,55081600.0
2015-01-09,39.52000045776367,39.540000915527344,39.150001525878906,39.27000045776367,38550100.0
2015-01-12,39.150001525878906,39.20000076293945,38.900001525878906,38.95000076293945,55381800.0
2015-01-13,39.45000076293945,39.650001525878906,38.970001220703125,39.290000915527344,55565600.0
2015-01-14,38.86000061035156,39.15999984741211,38.7599983215332,39.06999969482422,83761000.0
2015-01-15,39.59000015258789,39.72999954223633,39.099998474121094,39.15999984741211,57441600.0
2015-01-16,39.130001068115234,39.540000915527344,39.06999969482422,39.4900016784668,72675200.0
2015-01-20,39.40999984741211,39.459999084472656,39.220001220703125,39.43000030517578,57716900.0
2015-01-21,39.7599983215332,40.34000015258789,39.7400016784668,40.29999923706055,74714900.0
2015-01-22,40.5099983215332,41.11000061035156,40.31999969482422,41.06999969482422,95318400.0
2015-01-23,40.81999969482422,40.959999084472656,40.7400016784668,40.7599983215332,52368100.0
2015-01-26,40.630001068115234,40.90999984741211,40.56999969482422,40.779998779296875,47266100.0
2015-01-27,40.29999923706055,40.65999984741211,40.290000915527344,40.560001373291016,42525200.0
2015-01-28,40.459999084472656,40.5,40.0099983215332,40.119998931884766,56698000.0
2015-01-29,40.06999969482422,40.150001525878906,39.720001220703125,40.119998931884766,53124400.0
2015-01-30,39.29999923706055,39.54999923706055,39.02000045776367,39.02000045776367,103745400.0
2015-02-02,39.529998779296875,39.869998931884766,39.439998626708984,39.720001220703125,50443600.0
2015-02-03,40.15999984741211,40.52000045776367,40.11000061035156,40.470001220703125,48552700.0
2015-02-04,40.41999816894531,40.63999938964844,40.209999084472656,40.27000045776367,34900700.0
2015-02-05,40.150001525878906,40.540000915527344,40.13999938964844,40.5099983215332,32092400.0
2015-02-06,39.90999984741211,40.119998931884766,39.709999084472656,39.81999969482422,64292000.0
2015-02-09,39.689998626708984,39.88999938964844,39.68000030517578,39.7599983215332,35632500.0
2015-02-10,39.630001068115234,39.720001220703125,39.5,39.65999984741211,46949400.0
2015-02-11,39.34000015258789,39.4900016784668,39.099998474121094,39.369998931884766,44240300.0
2015-02-12,39.79999923706055,40.27000045776367,39.77000045776367,40.209999084472656,55855400.0
2015-02-13,40.43000030517578,40.689998626708984,40.43000030517578,40.66999816894531,44640000.0
2015-02-17,40.54999923706055,40.599998474121094,40.2400016784668,40.58000183105469,30152800.0
2015-02-18,40.380001068115234,40.63999938964844,40.27000045776367,40.56999969482422,36036700.0
2015-02-19,40.2400016784668,40.61000061035156,40.20000076293945,40.400001525878906,38785800.0
2015-02-20,40.25,40.72999954223633,40.15999984741211,40.66999816894531,32542700.0
2015-02-23,40.41999816894531,40.459999084472656,40.16999816894531,40.2599983215332,34091700.0
2015-02-24,40.47999954223633,40.959999084472656,40.2599983215332,40.84000015258789,64630500.0
2015-02-25,40.720001220703125,40.869998931884766,40.66999816894531,40.7599983215332,28592500.0
2015-02-26,40.810001373291016,40.869998931884766,40.70000076293945,40.77000045776367,25889800.0
2015-02-27,40.689998626708984,41.0,40.689998626708984,40.7400016784668,43207600.0
2015-03-02,40.63999938964844,40.709999084472656,40.529998779296875,40.68000030517578,36669900.0
2015-03-03,40.439998626708984,40.4900016784668,40.349998474121094,40.369998931884766,40406100.0
2015-03-04,40.04999923706055,40.06999969482422,39.7599983215332,39.93000030517578,51564400.0
2015-03-05,40.0,40.06999969482422,39.7400016784668,39.869998931884766,33714000.0
2015-03-06,39.540000915527344,39.619998931884766,39.16999816894531,39.2599983215332,72516900.0
2015-03-09,39.2400016784668,39.27000045776367,39.11000061035156,39.11000061035156,34915600.0
2015-03-10,38.52000045776367,38.54999923706055,38.220001220703125,38.2400016784668,84229600.0
2015-03-11,38.470001220703125,38.599998474121094,38.36000061035156,38.529998779296875,47978700.0
2015-03-12,39.040000915527344,39.08000183105469,38.709999084472656,38.77000045776367,46829700.0
2015-03-13,38.470001220703125,38.470001220703125,38.06999969482422,38.29999923706055,69885200.0
2015-03-16,38.68000030517578,38.79999923706055,38.599998474121094,38.7599983215332,50569900.0
2015-03-17,38.79999923706055,39.22999954223633,38.7599983215332,39.209999084472656,53697700.0
2015-03-18,39.119998931884766,40.29999923706055,39.040000915527344,40.16999816894531,101688200.0
2015-03-19,39.79999923706055,39.810001373291016,39.369998931884766,39.4900016784668,64499900.0
2015-03-20,39.869998931884766,40.16999816894531,39.84000015258789,40.08000183105469,67345300.0
2015-03-23,40.15999984741211,40.27000045776367,40.0,40.20000076293945,35502700.0
2015-03-24,40.25,40.380001068115234,40.20000076293945,40.36000061035156,45280300.0
2015-03-25,40.349998474121094,40.38999938964844,39.689998626708984,39.720001220703125,49779900.0
2015-03-26,39.529998779296875,39.56999969482422,39.189998626708984,39.349998474121094,76980100.0
2015-03-27,39.36000061035156,39.5,39.279998779296875,39.459999084472656,42212000.0
2015-03-30,39.91999816894531,40.29999923706055,39.900001525878906,40.220001220703125,51535700.0
2015-03-31,39.970001220703125,40.189998626708984,39.849998474121094,40.130001068115234,47508800.0
2015-04-01,40.45000076293945,40.68000030517578,40.36000061035156,40.630001068115234,56392700.0
2015-04-02,40.97999954223633,41.34000015258789,40.900001525878906,41.2400016784668,62389200.0
2015-04-06,41.630001068115234,42.0,41.59000015258789,41.77000045776367,54678400.0
2015-04-07,41.68000030517578,41.79999923706055,41.54999923706055,41.560001373291016,33279500.0
2015-04-08,42.52000045776367,42.59000015258789,42.20000076293945,42.43000030517578,65023100.0
2015-04-09,42.68000030517578,42.869998931884766,42.529998779296875,42.849998474121094,52128800.0
2015-04-10,42.65999984741211,42.88999938964844,42.630001068115234,42.880001068115234,49899000.0
2015-04-13,42.959999084472656,43.11000061035156,42.61000061035156,42.630001068115234,55031100.0
2015-04-14,42.72999954223633,42.90999984741211,42.540000915527344,42.81999969482422,42601100.0
2015-04-15,42.810001373291016,43.13999938964844,42.72999954223633,43.119998931884766,40254700.0
2015-04-16,43.2400016784668,43.709999084472656,43.16999816894531,43.459999084472656,55057700.0
2015-04-17,42.54999923706055,42.77000045776367,42.45000076293945,42.70000076293945,76688000.0
2015-04-20,42.650001525878906,42.790000915527344,42.619998931884766,42.65999984741211,28811300.0
2015-04-21,43.02000045776367,43.11000061035156,42.88999938964844,42.90999984741211,33309100.0
2015-04-22,43.20000076293945,43.40999984741211,43.09000015258789,43.369998931884766,29271900.0
2015-04-23,43.2599983215332,43.790000915527344,43.2400016784668,43.689998626708984,32056500.0
2015-04-24,43.869998931884766,43.900001525878906,43.779998779296875,43.849998474121094,44030100.0
2015-04-27,44.02000045776367,44.119998931884766,43.93000030517578,44.02000045776367,41819300.0
2015-04-28,44.040000915527344,44.189998626708984,43.900001525878906,44.09000015258789,32442100.0
2015-04-29,43.650001525878906,43.77000045776367,43.41999816894531,43.540000915527344,45752900.0
2015-04-30,43.189998626708984,43.20000076293945,42.869998931884766,42.880001068115234,98330200.0
2015-05-01,43.09000015258789,43.2599983215332,42.869998931884766,43.13999938964844,44928900.0
2015-05-04,43.15999984741211,43.459999084472656,43.13999938964844,43.38999938964844,31314300.0
2015-05-05,43.189998626708984,43.25,42.90999984741211,42.91999816894531,38738700.0
2015-05-06,42.97999954223633,43.02000045776367,42.310001373291016,42.38999938964844,52439700.0
2015-05-07,42.13999938964844,42.34000015258789,42.060001373291016,42.33000183105469,44347000.0
2015-05-08,42.81999969482422,43.06999969482422,42.689998626708984,42.869998931884766,56822800.0
2015-05-11,42.81999969482422,42.88999938964844,42.41999816894531,42.459999084472656,34705400.0
2015-05-12,42.130001068115234,42.43000030517578,42.099998474121094,42.31999969482422,38432500.0
2015-05-13,42.709999084472656,42.790000915527344,42.369998931884766,42.400001525878906,41156700.0
2015-05-14,42.689998626708984,42.88999938964844,42.630001068115234,42.81999969482422,37071400.0
2015-05-15,42.790000915527344,43.15999984741211,42.689998626708984,43.150001525878906,40940700.0
2015-05-18,42.90999984741211,42.93000030517578,42.689998626708984,42.709999084472656,35675300.0
2015-05-19,42.810001373291016,42.84000015258789,42.70000076293945,42.779998779296875,32065300.0
2015-05-20,42.689998626708984,42.869998931884766,42.540000915527344,42.75,37659200.0
2015-05-21,42.439998626708984,42.630001068115234,42.380001068115234,42.599998474121094,27575700.0
2015-05-22,42.81999969482422,42.869998931884766,42.650001525878906,42.7400016784668,37907000.0
2015-05-26,42.470001220703125,42.47999954223633,41.93000030517578,42.060001373291016,51008600.0
2015-05-27,41.72999954223633,42.099998474121094,41.65999984741211,42.06999969482422,35464700.0
2015-05-28,41.43000030517578,41.56999969482422,41.279998779296875,41.52000045776367,42689100.0
2015-05-29,41.45000076293945,41.4900016784668,41.06999969482422,41.119998931884766,59462200.0
2015-06-01,41.13999938964844,41.15999984741211,40.869998931884766,40.959999084472656,52509700.0
2015-06-02,40.91999816894531,41.29999923706055,40.86000061035156,41.119998931884766,42331700.0
2015-06-03,40.939998626708984,41.060001373291016,40.810001373291016,40.90999984741211,39291400.0
2015-06-04,40.54999923706055,40.68000030517578,40.27000045776367,40.290000915527344,46637300.0
2015-06-05,39.97999954223633,40.310001373291016,39.90999984741211,40.11000061035156,51982800.0
2015-06-08,40.16999816894531,40.220001220703125,40.060001373291016,40.099998474121094,34008200.0
2015-06-09,39.939998626708984,39.970001220703125,39.810001373291016,39.86000061035156,33384100.0
2015-06-10,40.2400016784668,40.4900016784668,40.220001220703125,40.439998626708984,64828100.0
2015-06-11,40.34000015258789,40.349998474121094,40.130001068115234,40.2400016784668,33808000.0
2015-06-12,40.25,40.290000915527344,40.119998931884766,40.2400016784668,40975900.0
2015-06-15,39.7599983215332,39.84000015258789,39.66999816894531,39.790000915527344,34097000.0
2015-06-16,39.650001525878906,39.86000061035156,39.56999969482422,39.79999923706055,33605900.0
2015-06-17,39.810001373291016,40.27000045776367,39.58000183105469,40.040000915527344,70505900.0
2015-06-18,40.349998474121094,40.560001373291016,40.279998779296875,40.40999984741211,60019000.0
2015-06-19,40.220001220703125,40.36000061035156,40.060001373291016,40.060001373291016,55891700.0
2015-06-22,40.75,40.77000045776367,40.59000015258789,40.63999938964844,45009800.0
2015-06-23,40.79999923706055,41.060001373291016,40.790000915527344,41.040000915527344,40579100.0
2015-06-24,41.0,41.06999969482422,40.75,40.75,56107100.0
2015-06-25,40.5,40.52000045776367,40.279998779296875,40.310001373291016,33663800.0
2015-06-26,39.95000076293945,40.150001525878906,39.88999938964844,39.93000030517578,34721500.0
2015-06-29,39.290000915527344,39.439998626708984,39.029998779296875,39.040000915527344,59610800.0
2015-06-30,39.7400016784668,39.7599983215332,39.47999954223633,39.619998931884766,61266600.0
2015-07-01,39.84000015258789,39.86000061035156,39.5,39.59000015258789,38622300.0
2015-07-02,39.83000183105469,40.02000045776367,39.75,39.779998779296875,34085800.0
2015-07-06,38.720001220703125,38.939998626708984,38.52000045776367,38.66999816894531,66892500.0
2015-07-07,37.939998626708984,38.15999984741211,37.40999984741211,38.09000015258789,100698500.0
2015-07-08,37.08000183105469,37.25,36.720001220703125,36.779998779296875,93899000.0
2015-07-09,37.900001525878906,38.029998779296875,37.47999954223633,37.4900016784668,72889000.0
2015-07-10,38.43000030517578,38.56999969482422,38.189998626708984,38.439998626708984,64726600.0
2015-07-13,38.689998626708984,38.790000915527344,38.599998474121094,38.70000076293945,43846200.0
2015-07-14,38.52000045776367,38.79999923706055,38.47999954223633,38.77000045776367,30252200.0
2015-07-15,38.529998779296875,38.560001373291016,38.290000915527344,38.33000183105469,44039400.0
2015-07-16,38.7599983215332,38.869998931884766,38.650001525878906,38.810001373291016,36217600.0
2015-07-17,38.869998931884766,38.880001068115234,38.689998626708984,38.7599983215332,35714800.0
2015-07-20,38.38999938964844,38.59000015258789,38.220001220703125,38.5099983215332,31707000.0
2015-07-21,38.68000030517578,38.709999084472656,38.4900016784668,38.52000045776367,27625400.0
2015-07-22,38.20000076293945,38.209999084472656,37.93000030517578,37.970001220703125,39326800.0
2015-07-23,37.95000076293945,37.97999954223633,37.56999969482422,37.599998474121094,42787700.0
2015-07-24,37.290000915527344,37.29999923706055,36.869998931884766,37.060001373291016,55194200.0
2015-07-27,36.439998626708984,36.58000183105469,36.27000045776367,36.36000061035156,73051800.0
2015-07-28,36.63999938964844,36.7599983215332,36.400001525878906,36.72999954223633,49701300.0
2015-07-29,36.81999969482422,37.25,36.709999084472656,37.09000015258789,61119900.0
2015-07-30,36.68000030517578,36.790000915527344,36.4900016784668,36.720001220703125,44051400.0
2015-07-31,37.06999969482422,37.2599983215332,36.970001220703125,37.119998931884766,85020500.0
2015-08-03,36.66999816894531,36.70000076293945,36.36000061035156,36.5,45674700.0
2015-08-04,36.810001373291016,36.93000030517578,36.52000045776367,36.630001068115234,38618400.0
2015-08-05,36.97999954223633,37.0099983215332,36.56999969482422,36.63999938964844,30785300.0
2015-08-06,36.45000076293945,36.470001220703125,36.220001220703125,36.31999969482422,42182300.0
2015-08-07,36.31999969482422,36.459999084472656,36.220001220703125,36.29999923706055,37027200.0
2015-08-10,36.52000045776367,36.9900016784668,36.47999954223633,36.90999984741211,43071900.0
2015-08-11,36.040000915527344,36.150001525878906,35.779998779296875,36.099998474121094,58642500.0
2015-08-12,35.45000076293945,35.54999923706055,35.25,35.540000915527344,64540000.0
2015-08-13,35.54999923706055,35.709999084472656,35.41999816894531,35.47999954223633,58165600.0
2015-08-14,35.56999969482422,35.68000030517578,35.4900016784668,35.529998779296875,35715200.0
2015-08-17,35.02000045776367,35.18000030517578,34.95000076293945,35.13999938964844,42609500.0
2015-08-18,34.75,34.849998474121094,34.63999938964844,34.7599983215332,42639500.0
2015-08-19,34.5,34.68000030517578,34.04999923706055,34.33000183105469,112308600.0
2015-08-20,33.869998931884766,33.970001220703125,33.70000076293945,33.790000915527344,116628600.0
2015-08-21,33.290000915527344,33.45000076293945,32.709999084472656,32.75,129140200.0
2015-08-24,30.530000686645508,32.220001220703125,30.0,31.31999969482422,218802300.0
2015-08-25,33.2599983215332,33.279998779296875,31.719999313354492,31.719999313354492,135001800.0
2015-08-26,32.5099983215332,32.900001525878906,31.90999984741211,32.77000045776367,134618500.0
2015-08-27,33.40999984741211,34.279998779296875,33.400001525878906,34.220001220703125,144856300.0
2015-08-28,33.70000076293945,34.0099983215332,33.59000015258789,33.779998779296875,68659200.0
2015-08-31,33.529998779296875,33.900001525878906,33.2400016784668,33.84000015258789,98538600.0
2015-09-01,32.810001373291016,33.02000045776367,32.36000061035156,32.529998779296875,83635900.0
2015-09-02,33.040000915527344,33.04999923706055,32.630001068115234,33.0,55551000.0
2015-09-03,33.060001373291016,33.56999969482422,33.0099983215332,33.130001068115234,67468200.0
2015-09-04,32.5099983215332,32.61000061035156,31.950000762939453,32.13999938964844,81962800.0
2015-09-08,33.02000045776367,33.209999084472656,32.86000061035156,33.15999984741211,53584300.0
2015-09-09,33.779998779296875,33.84000015258789,32.9900016784668,32.9900016784668,56389200.0
2015-09-10,33.08000183105469,33.529998779296875,33.0,33.33000183105469,49745400.0
2015-09-11,33.2400016784668,33.5,33.16999816894531,33.459999084472656,42195900.0
2015-09-14,33.349998474121094,33.45000076293945,33.150001525878906,33.40999984741211,39313800.0
2015-09-15,33.400001525878906,33.81999969482422,33.36000061035156,33.72999954223633,51913600.0
2015-09-16,34.279998779296875,34.689998626708984,34.22999954223633,34.54999923706055,85209600.0
2015-09-17,34.279998779296875,35.349998474121094,34.2599983215332,34.470001220703125,105902400.0
2015-09-18,34.130001068115234,34.380001068115234,33.689998626708984,33.83000183105469,90964900.0
2015-09-21,33.84000015258789,33.90999984741211,33.63999938964844,33.77000045776367,45318300.0
2015-09-22,33.040000915527344,33.16999816894531,32.880001068115234,33.13999938964844,58874100.0
2015-09-23,32.9900016784668,33.029998779296875,32.599998474121094,32.61000061035156,44721000.0
2015-09-24,32.099998474121094,32.630001068115234,31.940000534057617,32.470001220703125,79880800.0
2015-09-25,32.939998626708984,32.939998626708984,32.349998474121094,32.400001525878906,59861600.0
2015-09-28,32.13999938964844,32.150001525878906,31.610000610351562,31.709999084472656,58659500.0
2015-09-29,31.81999969482422,32.02000045776367,31.639999389648438,31.860000610351562,52829500.0
2015-09-30,32.689998626708984,32.849998474121094,32.47999954223633,32.779998779296875,80422200.0
2015-10-01,33.04999923706055,33.119998931884766,32.709999084472656,32.959999084472656,48402600.0
2015-10-02,32.810001373291016,33.849998474121094,32.689998626708984,33.84000015258789,83904700.0
2015-10-05,34.22999954223633,34.59000015258789,34.16999816894531,34.56999969482422,77869000.0
2015-10-06,34.45000076293945,34.59000015258789,34.31999969482422,34.5099983215332,47313400.0
2015-10-07,35.36000061035156,35.650001525878906,35.15999984741211,35.43000030517578,97905900.0
2015-10-08,35.220001220703125,35.86000061035156,35.18000030517578,35.810001373291016,64163600.0
2015-10-09,36.16999816894531,36.2599983215332,35.77000045776367,35.939998626708984,61563400.0
2015-10-12,36.0,36.02000045776367,35.630001068115234,35.66999816894531,44030200.0
2015-10-13,35.25,35.54999923706055,35.060001373291016,35.09000015258789,72241600.0
2015-10-14,35.34000015258789,35.529998779296875,35.2400016784668,35.36000061035156,57724900.0
2015-10-15,35.939998626708984,36.2400016784668,35.72999954223633,36.220001220703125,60410800.0
2015-10-16,36.09000015258789,36.2599983215332,35.900001525878906,36.25,65003800.0
2015-10-19,35.869998931884766,35.900001525878906,35.70000076293945,35.880001068115234,52354600.0
2015-10-20,35.790000915527344,35.93000030517578,35.709999084472656,35.869998931884766,44212500.0
2015-10-21,35.63999938964844,35.66999816894531,35.33000183105469,35.349998474121094,55037000.0
2015-10-22,35.720001220703125,36.15999984741211,35.720001220703125,36.08000183105469,56963300.0
2015-10-23,36.349998474121094,36.41999816894531,36.150001525878906,36.290000915527344,53727000.0
2015-10-26,36.11000061035156,36.130001068115234,35.91999816894531,35.959999084472656,41789200.0
2015-10-27,35.58000183105469,35.709999084472656,35.470001220703125,35.54999923706055,56392800.0
2015-10-28,35.630001068115234,35.79999923706055,34.939998626708984,35.13999938964844,125416000.0
2015-10-29,34.79999923706055,34.970001220703125,34.7400016784668,34.810001373291016,63886000.0
2015-10-30,35.06999969482422,35.08000183105469,34.849998474121094,34.869998931884766,72076000.0
2015-11-02,35.16999816894531,35.560001373291016,35.150001525878906,35.560001373291016,51896500.0
2015-11-03,35.459999084472656,36.16999816894531,35.45000076293945,36.029998779296875,68335400.0
2015-11-04,36.25,36.27000045776367,35.630001068115234,35.7400016784668,69243600.0
2015-11-05,35.709999084472656,35.91999816894531,35.56999969482422,35.79999923706055,43303000.0
2015-11-06,35.0099983215332,35.349998474121094,34.81999969482422,35.29999923706055,65547200.0
2015-11-09,34.790000915527344,34.90999984741211,34.34000015258789,34.41999816894531,76448600.0
2015-11-10,34.27000045776367,34.36000061035156,34.119998931884766,34.27000045776367,53876200.0
2015-11-11,34.540000915527344,34.54999923706055,34.279998779296875,34.34000015258789,34433100.0
2015-11-12,34.189998626708984,34.41999816894531,33.97999954223633,34.0099983215332,53097900.0
2015-11-13,33.779998779296875,33.810001373291016,33.439998626708984,33.540000915527344,72046800.0
2015-11-16,33.63999938964844,34.20000076293945,33.58000183105469,34.189998626708984,61895300.0
2015-11-17,34.2400016784668,34.29999923706055,34.029998779296875,34.09000015258789,58447500.0
2015-11-18,34.04999923706055,34.5,34.02000045776367,34.459999084472656,48166100.0
2015-11-19,34.68000030517578,34.86000061035156,34.619998931884766,34.77000045776367,68973900.0
2015-11-20,35.11000061035156,35.29999923706055,35.0099983215332,35.119998931884766,73122400.0
2015-11-23,34.970001220703125,35.040000915527344,34.7599983215332,34.790000915527344,55352100.0
2015-11-24,34.560001373291016,35.029998779296875,34.529998779296875,34.970001220703125,62017500.0
2015-11-25,34.75,34.779998779296875,34.56999969482422,34.70000076293945,37938300.0
2015-11-27,34.2400016784668,34.25,33.900001525878906,33.939998626708984,54817200.0
2015-11-30,33.849998474121094,34.029998779296875,33.77000045776367,33.9900016784668,91134900.0
2015-12-01,34.15999984741211,34.29999923706055,34.09000015258789,34.25,56692100.0
2015-12-02,34.04999923706055,34.099998474121094,33.70000076293945,33.84000015258789,59091000.0
2015-12-03,33.970001220703125,33.9900016784668,33.52000045776367,33.650001525878906,52692500.0
2015-12-04,33.369998931884766,33.939998626708984,33.369998931884766,33.880001068115234,79516400.0
2015-12-07,33.560001373291016,33.58000183105469,33.22999954223633,33.31999969482422,47613100.0
2015-12-08,32.63999938964844,32.97999954223633,32.560001373291016,32.95000076293945,71352200.0
2015-12-09,32.849998474121094,33.189998626708984,32.599998474121094,32.68000030517578,66422800.0
2015-12-10,32.59000015258789,32.720001220703125,32.38999938964844,32.459999084472656,59281000.0
2015-12-11,31.790000915527344,31.829999923706055,31.5,31.549999237060547,89806000.0
2015-12-14,31.8799991607666,32.08000183105469,31.59000015258789,32.060001373291016,83798000.0
2015-12-15,32.459999084472656,32.68000030517578,32.45000076293945,32.54999923706055,78124300.0
2015-12-16,32.79999923706055,33.36000061035156,32.65999984741211,33.189998626708984,105082200.0
2015-12-17,33.209999084472656,33.2400016784668,32.7599983215332,32.7599983215332,93646700.0
2015-12-18,32.77000045776367,32.86000061035156,32.58000183105469,32.650001525878906,96868900.0
2015-12-21,32.459999084472656,32.4900016784668,32.16999816894531,32.400001525878906,64002400.0
2015-12-22,32.40999984741211,32.66999816894531,32.369998931884766,32.65999984741211,49664600.0
2015-12-23,32.90999984741211,33.150001525878906,32.900001525878906,33.119998931884766,47464000.0
2015-12-24,32.93000030517578,33.060001373291016,32.90999984741211,33.0,21532700.0
2015-12-28,32.7400016784668,32.790000915527344,32.630001068115234,32.77000045776367,38299200.0
2015-12-29,32.86000061035156,32.93000030517578,32.7599983215332,32.79999923706055,43931500.0
2015-12-30,32.47999954223633,32.529998779296875,32.27000045776367,32.290000915527344,51320000.0
2015-12-31,32.290000915527344,32.41999816894531,32.18000030517578,32.189998626708984,44184700.0
2016-01-04,31.350000381469727,31.3799991607666,31.049999237060547,31.309999465942383,83489100.0
2016-01-05,31.450000762939453,31.5,31.299999237060547,31.3799991607666,57773900.0
2016-01-06,30.790000915527344,30.989999771118164,30.65999984741211,30.780000686645508,65835100.0
2016-01-07,29.989999771118164,30.40999984741211,29.809999465942383,29.829999923706055,88974700.0
2016-01-08,30.030000686645508,30.139999389648438,29.5,29.510000228881836,73528000.0
2016-01-11,29.790000915527344,29.809999465942383,29.229999542236328,29.5,56225500.0
2016-01-12,29.709999084472656,29.850000381469727,29.350000381469727,29.559999465942383,61357500.0
2016-01-13,29.899999618530273,30.0,29.18000030517578,29.25,71788700.0
2016-01-14,29.280000686645508,29.739999771118164,29.059999465942383,29.6299991607666,65521200.0
2016-01-15,28.469999313354492,28.649999618530273,28.079999923706055,28.459999084472656,117573900.0
2016-01-19,29.200000762939453,29.239999771118164,28.65999984741211,28.8799991607666,79535100.0
2016-01-20,28.170000076293945,28.459999084472656,27.610000610351562,28.25,103223500.0
2016-01-21,28.239999771118164,28.729999542236328,28.030000686645508,28.360000610351562,81845900.0
2016-01-22,29.260000228881836,29.34000015258789,29.059999465942383,29.329999923706055,75886600.0
2016-01-25,29.1299991607666,29.25,28.809999465942383,28.829999923706055,59623300.0
2016-01-26,28.989999771118164,29.299999237060547,28.940000534057617,29.25,60020100.0
2016-01-27,29.239999771118164,29.559999465942383,28.950000762939453,29.149999618530273,74020200.0
2016-01-28,29.719999313354492,29.790000915527344,29.360000610351562,29.610000610351562,84739900.0
2016-01-29,30.079999923706055,30.600000381469727,30.049999237060547,30.56999969482422,81973800.0
2016-02-01,30.059999465942383,30.3700008392334,29.979999542236328,30.280000686645508,43254600.0
2016-02-02,29.780000686645508,29.81999969482422,29.219999313354492,29.299999237060547,75516000.0
2016-02-03,29.610000610351562,30.149999618530273,29.1200008392334,30.1299991607666,117143200.0
2016-02-04,30.360000610351562,30.739999771118164,30.170000076293945,30.360000610351562,99923300.0
2016-02-05,30.239999771118164,30.34000015258789,29.889999389648438,30.010000228881836,70370700.0
2016-02-08,29.549999237060547,29.739999771118164,29.25,29.600000381469727,72716800.0
2016-02-09,29.040000915527344,29.530000686645508,28.889999389648438,29.190000534057617,67275700.0
2016-02-10,29.520000457763672,29.850000381469727,29.299999237060547,29.309999465942383,67192400.0
2016-02-11,28.719999313354492,29.020000457763672,28.600000381469727,28.81999969482422,86795500.0
2016-02-12,29.06999969482422,29.329999923706055,28.93000030517578,29.31999969482422,68436000.0
2016-02-16,29.8700008392334,30.010000228881836,29.739999771118164,29.969999313354492,54396200.0
2016-02-17,30.239999771118164,30.6299991607666,30.209999084472656,30.559999465942383,69297600.0
2016-02-18,30.670000076293945,30.670000076293945,30.309999465942383,30.3799991607666,59141200.0
2016-02-19,30.190000534057617,30.389999389648438,30.079999923706055,30.239999771118164,59069000.0
2016-02-22,30.75,30.989999771118164,30.700000762939453,30.989999771118164,42673400.0
2016-02-23,30.639999389648438,30.690000534057617,30.290000915527344,30.329999923706055,54666100.0
2016-02-24,29.84000015258789,30.3700008392334,29.670000076293945,30.260000228881836,59334200.0
2016-02-25,30.219999313354492,30.399999618530273,30.0,30.360000610351562,45895100.0
2016-02-26,30.559999465942383,30.579999923706055,30.030000686645508,30.059999465942383,54635600.0
2016-02-29,30.360000610351562,30.610000610351562,30.290000915527344,30.31999969482422,65543100.0
2016-03-01,30.899999618530273,31.420000076293945,30.889999389648438,31.399999618530273,69324500.0
2016-03-02,31.440000534057617,31.84000015258789,31.3700008392334,31.81999969482422,66977500.0
2016-03-03,31.850000381469727,32.189998626708984,31.809999465942383,32.18000030517578,69856900.0
2016-03-04,32.4900016784668,32.959999084472656,32.40999984741211,32.81999969482422,102487700.0
2016-03-07,32.5,32.93000030517578,32.470001220703125,32.77000045776367,67816600.0
2016-03-08,32.369998931884766,32.41999816894531,32.09000015258789,32.209999084472656,50510100.0
2016-03-09,32.41999816894531,32.59000015258789,32.310001373291016,32.40999984741211,54890300.0
2016-03-10,32.599998474121094,32.65999984741211,31.989999771118164,32.459999084472656,69716400.0
2016-03-11,32.95000076293945,33.209999084472656,32.90999984741211,33.13999938964844,74998500.0
2016-03-14,33.029998779296875,33.150001525878906,32.849998474121094,32.939998626708984,43838500.0
2016-03-15,32.439998626708984,32.47999954223633,32.290000915527344,32.470001220703125,66967800.0
2016-03-16,32.209999084472656,33.209999084472656,32.20000076293945,33.119998931884766,98218500.0
2016-03-17,33.56999969482422,33.93000030517578,33.400001525878906,33.849998474121094,114746800.0
2016-03-18,34.02000045776367,34.189998626708984,33.9900016784668,34.029998779296875,102194600.0
2016-03-21,33.9900016784668,34.18000030517578,33.939998626708984,34.099998474121094,59921400.0
2016-03-22,33.79999923706055,34.15999984741211,33.790000915527344,34.02000045776367,41960900.0
2016-03-23,33.7400016784668,33.7400016784668,33.400001525878906,33.439998626708984,58628500.0
2016-03-24,33.08000183105469,33.369998931884766,33.0,33.36000061035156,61479100.0
2016-03-28,33.380001068115234,33.47999954223633,33.31999969482422,33.470001220703125,40595500.0
2016-03-29,33.470001220703125,33.939998626708984,33.20000076293945,33.93000030517578,81638800.0
2016-03-30,34.439998626708984,34.58000183105469,34.27000045776367,34.279998779296875,53128600.0
2016-03-31,34.400001525878906,34.5099983215332,34.150001525878906,34.25,109595100.0
2016-04-01,33.52000045776367,34.209999084472656,33.41999816894531,34.150001525878906,76178800.0
2016-04-04,34.130001068115234,34.13999938964844,33.709999084472656,33.7400016784668,46429000.0
2016-04-05,33.209999084472656,33.31999969482422,33.02000045776367,33.08000183105469,61660900.0
2016-04-06,32.9900016784668,33.4900016784668,32.900001525878906,33.47999954223633,56608700.0
2016-04-07,33.040000915527344,33.11000061035156,32.72999954223633,32.810001373291016,75406000.0
2016-04-08,33.529998779296875,33.56999969482422,33.25,33.380001068115234,44785200.0
2016-04-11,33.93000030517578,34.04999923706055,33.7599983215332,33.810001373291016,63972000.0
2016-04-12,33.810001373291016,34.439998626708984,33.779998779296875,34.33000183105469,70261600.0
2016-04-13,34.880001068115234,34.959999084472656,34.72999954223633,34.939998626708984,95376400.0
2016-04-14,34.880001068115234,34.90999984741211,34.720001220703125,34.77000045776367,49781400.0
2016-04-15,34.72999954223633,34.790000915527344,34.56999969482422,34.56999969482422,61733700.0
2016-04-18,34.45000076293945,34.900001525878906,34.380001068115234,34.72999954223633,51810600.0
2016-04-19,35.06999969482422,35.34000015258789,35.029998779296875,35.2599983215332,70368800.0
2016-04-20,34.97999954223633,35.279998779296875,34.849998474121094,35.099998474121094,51670100.0
2016-04-21,35.0099983215332,35.0099983215332,34.68000030517578,34.75,59286600.0
2016-04-22,34.61000061035156,34.849998474121094,34.5099983215332,34.540000915527344,43727100.0
2016-04-25,34.52000045776367,34.52000045776367,34.27000045776367,34.31999969482422,40116100.0
2016-04-26,34.58000183105469,34.70000076293945,34.47999954223633,34.689998626708984,46394300.0
2016-04-27,34.54999923706055,34.959999084472656,34.45000076293945,34.900001525878906,56192100.0
2016-04-28,34.54999923706055,34.849998474121094,34.459999084472656,34.540000915527344,51718900.0
2016-04-29,34.540000915527344,34.58000183105469,34.11000061035156,34.38999938964844,86482700.0
2016-05-02,34.38999938964844,34.400001525878906,34.13999938964844,34.29999923706055,36887000.0
2016-05-03,33.650001525878906,33.709999084472656,33.31999969482422,33.33000183105469,94755400.0
2016-05-04,33.119998931884766,33.18000030517578,32.77000045776367,32.790000915527344,105838400.0
2016-05-05,33.11000061035156,33.150001525878906,32.68000030517578,32.779998779296875,83029500.0
2016-05-06,32.66999816894531,32.970001220703125,32.650001525878906,32.83000183105469,81640000.0
2016-05-09,32.7599983215332,32.77000045776367,32.31999969482422,32.40999984741211,84074300.0
2016-05-10,32.77000045776367,33.04999923706055,32.7599983215332,33.029998779296875,69384400.0
2016-05-11,33.0,33.18000030517578,32.869998931884766,32.95000076293945,58600300.0
2016-05-12,33.13999938964844,33.20000076293945,32.7400016784668,32.86000061035156,63469800.0
2016-05-13,32.58000183105469,32.720001220703125,32.209999084472656,32.27000045776367,62246800.0
2016-05-16,32.59000015258789,32.77000045776367,32.58000183105469,32.65999984741211,51206600.0
2016-05-17,32.59000015258789,32.7400016784668,32.41999816894531,32.5099983215332,63616400.0
2016-05-18,32.290000915527344,32.630001068115234,32.0099983215332,32.189998626708984,91541300.0
2016-05-19,31.920000076293945,32.0,31.700000762939453,31.889999389648438,74455000.0
2016-05-20,32.189998626708984,32.29999923706055,32.150001525878906,32.209999084472656,54928300.0
2016-05-23,32.13999938964844,32.349998474121094,32.119998931884766,32.150001525878906,52648200.0
2016-05-24,32.31999969482422,32.54999923706055,32.290000915527344,32.47999954223633,58219200.0
2016-05-25,32.790000915527344,33.02000045776367,32.77000045776367,32.869998931884766,53340200.0
2016-05-26,33.130001068115234,33.189998626708984,32.90999984741211,33.09000015258789,48215100.0
2016-05-27,33.209999084472656,33.279998779296875,32.9900016784668,33.08000183105469,43342900.0
2016-05-31,33.15999984741211,33.29999923706055,33.029998779296875,33.119998931884766,94760100.0
2016-06-01,32.9900016784668,33.16999816894531,32.90999984741211,33.099998474121094,52115100.0
2016-06-02,33.06999969482422,33.40999984741211,33.02000045776367,33.369998931884766,48252500.0
2016-06-03,33.779998779296875,33.900001525878906,33.52000045776367,33.880001068115234,89424800.0
2016-06-06,34.0099983215332,34.29999923706055,33.97999954223633,34.2400016784668,110069500.0
2016-06-07,34.459999084472656,34.59000015258789,34.43000030517578,34.54999923706055,59934000.0
2016-06-08,34.779998779296875,34.86000061035156,34.65999984741211,34.79999923706055,75850100.0
2016-06-09,34.33000183105469,34.47999954223633,34.279998779296875,34.400001525878906,54934300.0
2016-06-10,33.70000076293945,33.849998474121094,33.45000076293945,33.529998779296875,77417500.0
2016-06-13,33.09000015258789,33.369998931884766,33.02000045776367,33.060001373291016,56865500.0
2016-06-14,32.959999084472656,33.119998931884766,32.68000030517578,32.95000076293945,71023800.0
2016-06-15,33.290000915527344,33.59000015258789,33.18000030517578,33.29999923706055,64707000.0
2016-06-16,32.70000076293945,33.209999084472656,32.4900016784668,33.18000030517578,73981900.0
2016-06-17,33.2400016784668,33.290000915527344,33.02000045776367,33.27000045776367,56740400.0
2016-06-20,33.900001525878906,34.08000183105469,33.83000183105469,33.86000061035156,78204200.0
2016-06-21,34.02000045776367,34.220001220703125,33.83000183105469,34.119998931884766,75173100.0
2016-06-22,34.08000183105469,34.15999984741211,33.880001068115234,33.939998626708984,67273500.0
2016-06-23,34.400001525878906,34.7599983215332,34.25,34.7599983215332,70159900.0
2016-06-24,32.7599983215332,33.459999084472656,32.56999969482422,32.650001525878906,158566000.0
2016-06-27,32.5,32.5099983215332,31.889999389648438,32.22999954223633,101826000.0
2016-06-28,33.0,33.20000076293945,32.880001068115234,33.18000030517578,68332900.0
2016-06-29,33.81999969482422,34.02000045776367,33.7599983215332,34.02000045776367,82587300.0
2016-06-30,34.16999816894531,34.45000076293945,34.0099983215332,34.36000061035156,92761700.0
2016-07-01,34.619998931884766,34.75,34.540000915527344,34.689998626708984,66514800.0
2016-07-05,34.209999084472656,34.2400016784668,33.900001525878906,33.95000076293945,63420200.0
2016-07-06,33.4900016784668,33.86000061035156,33.33000183105469,33.86000061035156,61084500.0
2016-07-07,34.02000045776367,34.119998931884766,33.66999816894531,33.77000045776367,49586800.0
2016-07-08,34.150001525878906,34.5099983215332,34.11000061035156,34.5,74907900.0
2016-07-11,34.790000915527344,34.95000076293945,34.77000045776367,34.83000183105469,70202000.0
2016-07-12,35.290000915527344,35.43000030517578,35.189998626708984,35.31999969482422,89275200.0
2016-07-13,35.33000183105469,35.349998474121094,35.029998779296875,35.2599983215332,62034300.0
2016-07-14,35.650001525878906,35.869998931884766,35.56999969482422,35.77000045776367,99969200.0
2016-07-15,35.7400016784668,35.77000045776367,35.54999923706055,35.689998626708984,82124300.0
2016-07-18,35.58000183105469,36.02000045776367,35.58000183105469,36.0099983215332,75861700.0
2016-07-19,35.689998626708984,35.7599983215332,35.52000045776367,35.63999938964844,54832700.0
2016-07-20,35.720001220703125,35.900001525878906,35.619998931884766,35.81999969482422,48091500.0
2016-07-21,35.7400016784668,35.88999938964844,35.61000061035156,35.709999084472656,56354300.0
2016-07-22,35.83000183105469,35.97999954223633,35.720001220703125,35.970001220703125,45498600.0
2016-07-25,35.84000015258789,35.849998474121094,35.58000183105469,35.61000061035156,44174100.0
2016-07-26,35.810001373291016,35.959999084472656,35.7599983215332,35.88999938964844,63593800.0
2016-07-27,35.95000076293945,36.119998931884766,35.650001525878906,36.0099983215332,67888600.0
2016-07-28,35.95000076293945,36.02000045776367,35.790000915527344,36.02000045776367,45590000.0
2016-07-29,36.029998779296875,36.25,35.869998931884766,36.209999084472656,85265700.0
2016-08-01,36.29999923706055,36.36000061035156,36.09000015258789,36.13999938964844,57794000.0
2016-08-02,36.08000183105469,36.16999816894531,35.619998931884766,35.880001068115234,81854600.0
2016-08-03,35.630001068115234,36.02000045776367,35.54999923706055,36.0,42844900.0
2016-08-04,36.099998474121094,36.349998474121094,36.02000045776367,36.20000076293945,70532500.0
2016-08-05,36.459999084472656,36.65999984741211,36.36000061035156,36.619998931884766,55760000.0
2016-08-08,36.86000061035156,36.959999084472656,36.81999969482422,36.880001068115234,43636800.0
2016-08-09,37.02000045776367,37.279998779296875,37.0099983215332,37.130001068115234,65823600.0
2016-08-10,37.31999969482422,37.34000015258789,37.029998779296875,37.13999938964844,59111700.0
2016-08-11,37.290000915527344,37.63999938964844,37.2400016784668,37.619998931884766,82544300.0
2016-08-12,37.5,37.599998474121094,37.33000183105469,37.47999954223633,54790400.0
2016-08-15,37.7599983215332,37.97999954223633,37.75,37.869998931884766,55160100.0
2016-08-16,37.790000915527344,37.790000915527344,37.56999969482422,37.70000076293945,62084000.0
2016-08-17,37.40999984741211,37.560001373291016,37.099998474121094,37.459999084472656,106432500.0
2016-08-18,37.70000076293945,37.83000183105469,37.599998474121094,37.810001373291016,63045700.0
2016-08-19,37.400001525878906,37.630001068115234,37.2400016784668,37.599998474121094,63995700.0
2016-08-22,37.25,37.25,36.9900016784668,37.099998474121094,62902100.0
2016-08-23,37.41999816894531,37.5,36.91999816894531,36.95000076293945,72475000.0
2016-08-24,36.88999938964844,37.099998474121094,36.81999969482422,37.04999923706055,75080700.0
2016-08-25,36.90999984741211,37.099998474121094,36.90999984741211,37.08000183105469,56434300.0
2016-08-26,37.15999984741211,37.54999923706055,36.470001220703125,36.7599983215332,178796200.0
2016-08-29,36.7599983215332,37.09000015258789,36.7400016784668,37.040000915527344,49578800.0
2016-08-30,37.09000015258789,37.220001220703125,36.880001068115234,36.939998626708984,48196900.0
2016-08-31,36.75,36.790000915527344,36.41999816894531,36.529998779296875,98943200.0
2016-09-01,36.56999969482422,36.810001373291016,36.47999954223633,36.810001373291016,67120400.0
2016-09-02,37.310001373291016,37.43000030517578,37.150001525878906,37.40999984741211,88393000.0
2016-09-06,37.90999984741211,38.2400016784668,37.83000183105469,38.209999084472656,108573800.0
2016-09-07,38.220001220703125,38.2400016784668,38.0099983215332,38.09000015258789,58618800.0
2016-09-08,38.099998474121094,38.209999084472656,37.900001525878906,37.9900016784668,73367300.0
2016-09-09,37.400001525878906,37.40999984741211,36.689998626708984,36.709999084472656,124082600.0
2016-09-12,36.209999084472656,37.099998474121094,36.13999938964844,36.959999084472656,119811600.0
2016-09-13,36.40999984741211,36.54999923706055,35.849998474121094,36.029998779296875,160782500.0
2016-09-14,36.150001525878906,36.540000915527344,36.119998931884766,36.13999938964844,90163100.0
2016-09-15,36.400001525878906,36.849998474121094,36.2400016784668,36.7599983215332,87331100.0
2016-09-16,36.459999084472656,36.560001373291016,36.16999816894531,36.5099983215332,92612000.0
2016-09-19,36.970001220703125,37.099998474121094,36.7400016784668,36.79999923706055,55874700.0
2016-09-20,37.09000015258789,37.09000015258789,36.810001373291016,36.81999969482422,48531200.0
2016-09-21,37.18000030517578,37.900001525878906,37.06999969482422,37.849998474121094,123874800.0
2016-09-22,38.18000030517578,38.31999969482422,37.97999954223633,38.119998931884766,73865400.0
2016-09-23,37.810001373291016,37.90999984741211,37.61000061035156,37.630001068115234,56201900.0
2016-09-26,37.290000915527344,37.380001068115234,37.08000183105469,37.08000183105469,47253900.0
2016-09-27,37.349998474121094,37.61000061035156,37.189998626708984,37.61000061035156,60877300.0
2016-09-28,37.66999816894531,37.97999954223633,37.33000183105469,37.95000076293945,82411300.0
2016-09-29,37.75,37.849998474121094,37.18000030517578,37.290000915527344,74659100.0
2016-09-30,37.459999084472656,37.59000015258789,37.279998779296875,37.45000076293945,85539100.0
2016-10-03,37.529998779296875,37.779998779296875,37.380001068115234,37.709999084472656,77690300.0
2016-10-04,37.72999954223633,37.81999969482422,37.16999816894531,37.290000915527344,95339800.0
2016-10-05,37.66999816894531,37.880001068115234,37.54999923706055,37.83000183105469,61950100.0
2016-10-06,37.630001068115234,37.88999938964844,37.540000915527344,37.86000061035156,45429700.0
2016-10-07,37.90999984741211,37.959999084472656,37.400001525878906,37.689998626708984,77792800.0
2016-10-10,37.939998626708984,38.189998626708984,37.880001068115234,38.099998474121094,56113700.0
2016-10-11,37.439998626708984,37.459999084472656,37.029998779296875,37.220001220703125,79646900.0
2016-10-12,37.099998474121094,37.279998779296875,36.97999954223633,37.150001525878906,48482900.0
2016-10-13,36.58000183105469,36.959999084472656,36.380001068115234,36.81999969482422,67497300.0
2016-10-14,37.130001068115234,37.209999084472656,36.810001373291016,36.880001068115234,54235800.0
2016-10-17,36.83000183105469,36.97999954223633,36.79999923706055,36.84000015258789,37742300.0
2016-10-18,37.470001220703125,37.560001373291016,37.34000015258789,37.4900016784668,50174900.0
2016-10-19,37.66999816894531,37.79999923706055,37.529998779296875,37.720001220703125,49171200.0
2016-10-20,37.59000015258789,37.77000045776367,37.470001220703125,37.61000061035156,55283900.0
2016-10-21,37.38999938964844,37.630001068115234,37.34000015258789,37.599998474121094,33058500.0
2016-10-24,37.900001525878906,37.93000030517578,37.65999984741211,37.7599983215332,28142200.0
2016-10-25,37.72999954223633,37.869998931884766,37.66999816894531,37.79999923706055,32233900.0
2016-10-26,37.380001068115234,37.58000183105469,37.279998779296875,37.400001525878906,50715500.0
2016-10-27,37.43000030517578,37.43000030517578,37.04999923706055,37.08000183105469,47287000.0
2016-10-28,37.119998931884766,37.279998779296875,36.75,36.93000030517578,69558100.0
2016-10-31,37.099998474121094,37.27000045776367,37.04999923706055,37.13999938964844,60365100.0
2016-11-01,37.279998779296875,37.290000915527344,36.54999923706055,36.84000015258789,90113200.0
2016-11-02,36.70000076293945,36.79999923706055,36.22999954223633,36.400001525878906,82319300.0
2016-11-03,36.439998626708984,36.54999923706055,36.16999816894531,36.29999923706055,67403000.0
2016-11-04,36.0099983215332,36.18000030517578,35.880001068115234,35.93000030517578,78558900.0
2016-11-07,36.810001373291016,37.27000045776367,36.75,37.22999954223633,85341300.0
2016-11-08,37.22999954223633,37.66999816894531,36.970001220703125,37.470001220703125,83963300.0
2016-11-09,36.34000015258789,36.689998626708984,36.09000015258789,36.25,193443900.0
2016-11-10,35.91999816894531,36.04999923706055,35.040000915527344,35.220001220703125,206490900.0
2016-11-11,34.54999923706055,34.84000015258789,34.119998931884766,34.54999923706055,182114700.0
2016-11-14,34.31999969482422,34.5,34.029998779296875,34.29999923706055,107881600.0
2016-11-15,34.56999969482422,35.04999923706055,34.54999923706055,34.9900016784668,89937000.0
2016-11-16,34.58000183105469,34.790000915527344,34.52000045776367,34.70000076293945,65387900.0
2016-11-17,34.81999969482422,35.02000045776367,34.689998626708984,34.75,80829200.0
2016-11-18,34.81999969482422,34.88999938964844,34.56999969482422,34.59000015258789,51490500.0
2016-11-21,34.900001525878906,35.029998779296875,34.83000183105469,34.93000030517578,45251800.0
2016-11-22,35.439998626708984,35.47999954223633,35.20000076293945,35.459999084472656,61503100.0
2016-11-23,34.959999084472656,35.130001068115234,34.880001068115234,35.08000183105469,43495600.0
2016-11-25,35.279998779296875,35.310001373291016,35.20000076293945,35.25,28572700.0
2016-11-28,35.38999938964844,35.529998779296875,35.349998474121094,35.38999938964844,50953000.0
2016-11-29,35.279998779296875,35.54999923706055,35.2400016784668,35.439998626708984,36457700.0
2016-11-30,35.599998474121094,35.650001525878906,35.47999954223633,35.5,86930300.0
2016-12-01,35.400001525878906,35.47999954223633,35.06999969482422,35.08000183105469,80947500.0
2016-12-02,35.08000183105469,35.290000915527344,35.060001373291016,35.119998931884766,58727500.0
2016-12-05,35.290000915527344,35.439998626708984,35.27000045776367,35.40999984741211,53275100.0
2016-12-06,35.52000045776367,35.61000061035156,35.43000030517578,35.599998474121094,48356900.0
2016-12-07,35.81999969482422,36.2400016784668,35.7599983215332,36.20000076293945,61773300.0
2016-12-08,36.099998474121094,36.40999984741211,36.08000183105469,36.36000061035156,60291800.0
2016-12-09,36.13999938964844,36.279998779296875,36.06999969482422,36.16999816894531,60173400.0
2016-12-12,35.970001220703125,36.099998474121094,35.83000183105469,35.93000030517578,40766300.0
2016-12-13,36.13999938964844,36.40999984741211,36.130001068115234,36.33000183105469,48943200.0
2016-12-14,36.040000915527344,36.16999816894531,35.2400016784668,35.25,95190000.0
2016-12-15,35.27000045776367,35.45000076293945,35.16999816894531,35.310001373291016,68897000.0
2016-12-16,35.22999954223633,35.34000015258789,35.04999923706055,35.150001525878906,75471100.0
2016-12-19,35.16999816894531,35.18000030517578,34.90999984741211,34.90999984741211,45241700.0
2016-12-20,35.0099983215332,35.099998474121094,34.939998626708984,35.029998779296875,39157800.0
2016-12-21,34.689998626708984,34.70000076293945,34.459999084472656,34.4900016784668,52040600.0
2016-12-22,34.119998931884766,34.13999938964844,33.939998626708984,34.08000183105469,48802800.0
2016-12-23,34.11000061035156,34.279998779296875,34.08000183105469,34.279998779296875,32062900.0
2016-12-27,34.36000061035156,34.470001220703125,34.349998474121094,34.43000030517578,25959900.0
2016-12-28,34.720001220703125,34.7599983215332,34.599998474121094,34.689998626708984,33745600.0
2016-12-29,35.040000915527344,35.29999923706055,35.02000045776367,35.2599983215332,48465500.0
2016-12-30,35.25,35.27000045776367,34.90999984741211,35.0099983215332,60515600.0
2017-01-03,35.38999938964844,35.650001525878906,35.29999923706055,35.43000030517578,64483700.0
2017-01-04,35.630001068115234,35.77000045776367,35.61000061035156,35.70000076293945,83072600.0
2017-01-05,35.959999084472656,36.150001525878906,35.939998626708984,36.09000015258789,60303200.0
2017-01-06,35.970001220703125,36.0,35.84000015258789,35.939998626708984,33132200.0
2017-01-09,35.91999816894531,36.0,35.869998931884766,35.90999984741211,33950800.0
2017-01-10,36.130001068115234,36.31999969482422,36.099998474121094,36.119998931884766,46621700.0
2017-01-11,36.189998626708984,36.58000183105469,36.04999923706055,36.54999923706055,92509300.0
2017-01-12,36.70000076293945,36.709999084472656,36.52000045776367,36.709999084472656,38318100.0
2017-01-13,36.56999969482422,36.709999084472656,36.529998779296875,36.68000030517578,35242000.0
2017-01-17,36.599998474121094,36.720001220703125,36.54999923706055,36.65999984741211,38367000.0
2017-01-18,36.68000030517578,36.689998626708984,36.38999938964844,36.459999084472656,37054200.0
2017-01-19,36.470001220703125,36.47999954223633,36.20000076293945,36.349998474121094,52877000.0
2017-01-20,36.38999938964844,36.470001220703125,36.220001220703125,36.41999816894531,59295600.0
2017-01-23,36.66999816894531,36.970001220703125,36.650001525878906,36.959999084472656,51401800.0
2017-01-24,37.119998931884766,37.33000183105469,37.099998474121094,37.189998626708984,45519900.0
2017-01-25,37.45000076293945,37.619998931884766,37.36000061035156,37.599998474121094,42660800.0
2017-01-26,37.59000015258789,37.599998474121094,37.40999984741211,37.439998626708984,43300100.0
2017-01-27,37.439998626708984,37.52000045776367,37.31999969482422,37.470001220703125,30457500.0
2017-01-30,37.20000076293945,37.279998779296875,37.11000061035156,37.27000045776367,34712000.0
2017-01-31,37.310001373291016,37.40999984741211,37.20000076293945,37.34000015258789,67258600.0
2017-02-01,37.4900016784668,37.560001373291016,37.2599983215332,37.36000061035156,54321500.0
2017-02-02,37.47999954223633,37.560001373291016,37.41999816894531,37.52000045776367,26814000.0
2017-02-03,37.68000030517578,37.81999969482422,37.599998474121094,37.75,34305200.0
2017-02-06,37.709999084472656,37.75,37.630001068115234,37.65999984741211,30250100.0
2017-02-07,37.58000183105469,37.619998931884766,37.43000030517578,37.470001220703125,31693700.0
2017-02-08,37.4900016784668,37.7400016784668,37.47999954223633,37.70000076293945,37862900.0
2017-02-09,37.70000076293945,37.939998626708984,37.70000076293945,37.869998931884766,38286700.0
2017-02-10,37.959999084472656,38.220001220703125,37.939998626708984,38.220001220703125,38798700.0
2017-02-13,38.220001220703125,38.380001068115234,38.209999084472656,38.34000015258789,34007000.0
2017-02-14,38.34000015258789,38.380001068115234,38.029998779296875,38.380001068115234,55327300.0
2017-02-15,38.38999938964844,38.709999084472656,38.349998474121094,38.689998626708984,49527300.0
2017-02-16,38.72999954223633,38.72999954223633,38.52000045776367,38.54999923706055,42986800.0
2017-02-17,38.25,38.400001525878906,38.220001220703125,38.38999938964844,54880700.0
2017-02-21,38.630001068115234,38.81999969482422,38.59000015258789,38.810001373291016,42603700.0
2017-02-22,38.75,38.93000030517578,38.72999954223633,38.93000030517578,39083500.0
2017-02-23,39.130001068115234,39.150001525878906,38.880001068115234,38.939998626708984,46763100.0
2017-02-24,38.470001220703125,38.560001373291016,38.41999816894531,38.47999954223633,44575100.0
2017-02-27,38.369998931884766,38.47999954223633,38.27000045776367,38.36000061035156,53625500.0
2017-02-28,38.31999969482422,38.33000183105469,37.97999954223633,37.9900016784668,71508900.0
2017-03-01,38.29999923706055,38.599998474121094,38.279998779296875,38.58000183105469,93966300.0
2017-03-02,38.20000076293945,38.27000045776367,37.88999938964844,37.900001525878906,63518000.0
2017-03-03,38.08000183105469,38.22999954223633,37.959999084472656,38.189998626708984,54969900.0
2017-03-06,38.25,38.2599983215332,38.09000015258789,38.209999084472656,30455800.0
2017-03-07,38.33000183105469,38.349998474121094,38.18000030517578,38.25,43470400.0
2017-03-08,38.15999984741211,38.220001220703125,37.86000061035156,37.88999938964844,60587000.0
2017-03-09,37.70000076293945,37.7599983215332,37.38999938964844,37.59000015258789,64159100.0
2017-03-10,37.88999938964844,38.0099983215332,37.79999923706055,38.0099983215332,45184900.0
2017-03-13,38.40999984741211,38.56999969482422,38.369998931884766,38.540000915527344,42405900.0
2017-03-14,38.41999816894531,38.470001220703125,38.290000915527344,38.31999969482422,56600300.0
2017-03-15,38.52000045776367,39.38999938964844,38.40999984741211,39.31999969482422,124080900.0
2017-03-16,39.599998474121094,39.650001525878906,39.439998626708984,39.560001373291016,137911800.0
2017-03-17,39.599998474121094,39.619998931884766,39.459999084472656,39.4900016784668,68267900.0
2017-03-20,39.7400016784668,40.060001373291016,39.68000030517578,39.95000076293945,70310000.0
2017-03-21,40.150001525878906,40.22999954223633,39.47999954223633,39.5099983215332,71712900.0
2017-03-22,39.47999954223633,39.790000915527344,39.380001068115234,39.70000076293945,70134100.0
2017-03-23,39.560001373291016,39.849998474121094,39.54999923706055,39.709999084472656,53877500.0
2017-03-24,39.68000030517578,39.880001068115234,39.66999816894531,39.810001373291016,68871400.0
2017-03-27,39.54999923706055,39.77000045776367,39.43000030517578,39.70000076293945,52896700.0
2017-03-28,39.66999816894531,39.93000030517578,39.66999816894531,39.810001373291016,51799000.0
2017-03-29,39.720001220703125,39.90999984741211,39.63999938964844,39.880001068115234,36857000.0
2017-03-30,39.720001220703125,39.84000015258789,39.63999938964844,39.66999816894531,33282500.0
2017-03-31,39.41999816894531,39.47999954223633,39.310001373291016,39.38999938964844,94971500.0
2017-04-03,39.5099983215332,39.650001525878906,39.369998931884766,39.61000061035156,60048300.0
2017-04-04,39.529998779296875,39.689998626708984,39.459999084472656,39.630001068115234,44136500.0
2017-04-05,39.79999923706055,39.900001525878906,39.4900016784668,39.5099983215332,44099200.0
2017-04-06,39.470001220703125,39.540000915527344,39.31999969482422,39.439998626708984,35544800.0
2017-04-07,39.36000061035156,39.54999923706055,39.33000183105469,39.369998931884766,40355800.0
2017-04-10,39.220001220703125,39.2599983215332,39.09000015258789,39.209999084472656,33853800.0
2017-04-11,39.20000076293945,39.25,38.88999938964844,39.119998931884766,46002800.0
2017-04-12,39.290000915527344,39.31999969482422,39.06999969482422,39.310001373291016,55149100.0
2017-04-13,39.400001525878906,39.5,39.130001068115234,39.13999938964844,48182500.0
2017-04-17,39.31999969482422,39.54999923706055,39.2599983215332,39.54999923706055,29862300.0
2017-04-18,39.099998474121094,39.2400016784668,38.959999084472656,39.04999923706055,50889200.0
2017-04-19,39.150001525878906,39.15999984741211,38.709999084472656,38.810001373291016,58751100.0
2017-04-20,39.22999954223633,39.29999923706055,39.11000061035156,39.290000915527344,46722900.0
2017-04-21,39.29999923706055,39.349998474121094,39.220001220703125,39.290000915527344,32949500.0
2017-04-24,39.869998931884766,39.93000030517578,39.75,39.849998474121094,63549800.0
2017-04-25,40.13999938964844,40.310001373291016,40.099998474121094,40.20000076293945,50957400.0
2017-04-26,40.130001068115234,40.25,40.0,40.04999923706055,56452000.0
2017-04-27,40.130001068115234,40.13999938964844,39.880001068115234,40.0,42298100.0
2017-04-28,40.040000915527344,40.130001068115234,39.93000030517578,40.060001373291016,56635400.0
2017-05-01,40.2400016784668,40.400001525878906,40.150001525878906,40.290000915527344,41171000.0
2017-05-02,40.459999084472656,40.630001068115234,40.40999984741211,40.58000183105469,55325500.0
2017-05-03,40.40999984741211,40.45000076293945,40.20000076293945,40.310001373291016,58336100.0
2017-05-04,40.09000015258789,40.11000061035156,39.83000183105469,39.86000061035156,81078300.0
2017-05-05,39.79999923706055,40.189998626708984,39.790000915527344,40.189998626708984,52581000.0
2017-05-08,40.29999923706055,40.400001525878906,40.150001525878906,40.18000030517578,35951500.0
2017-05-09,40.4900016784668,40.810001373291016,40.459999084472656,40.689998626708984,70127300.0
2017-05-10,40.810001373291016,40.959999084472656,40.7599983215332,40.959999084472656,47629100.0
2017-05-11,41.0099983215332,41.119998931884766,40.810001373291016,41.04999923706055,37366100.0
2017-05-12,41.11000061035156,41.2599983215332,41.099998474121094,41.220001220703125,65418200.0
2017-05-15,41.43000030517578,41.65999984741211,41.400001525878906,41.63999938964844,52561000.0
2017-05-16,41.61000061035156,41.70000076293945,41.529998779296875,41.68000030517578,41936300.0
2017-05-17,41.31999969482422,41.369998931884766,40.95000076293945,40.970001220703125,63287300.0
2017-05-18,39.97999954223633,40.650001525878906,39.81999969482422,40.290000915527344,121234700.0
2017-05-19,40.880001068115234,41.22999954223633,40.869998931884766,41.150001525878906,63742000.0
2017-05-22,41.189998626708984,41.31999969482422,41.150001525878906,41.189998626708984,46357500.0
2017-05-23,41.220001220703125,41.279998779296875,41.119998931884766,41.22999954223633,39495600.0
2017-05-24,41.2400016784668,41.459999084472656,41.20000076293945,41.38999938964844,48549600.0
2017-05-25,41.61000061035156,41.72999954223633,41.5099983215332,41.59000015258789,39606900.0
2017-05-26,41.66999816894531,41.7599983215332,41.630001068115234,41.7400016784668,31372700.0
2017-05-30,41.5099983215332,41.58000183105469,41.439998626708984,41.52000045776367,35122800.0
2017-05-31,41.52000045776367,41.52000045776367,41.130001068115234,41.20000076293945,80159500.0
2017-06-01,41.310001373291016,41.560001373291016,41.209999084472656,41.54999923706055,46802100.0
2017-06-02,41.70000076293945,41.790000915527344,41.599998474121094,41.7599983215332,43699200.0
2017-06-05,41.75,41.849998474121094,41.66999816894531,41.709999084472656,39245500.0
2017-06-06,41.65999984741211,41.81999969482422,41.63999938964844,41.72999954223633,34184900.0
2017-06-07,41.599998474121094,41.7599983215332,41.45000076293945,41.68000030517578,34745400.0
2017-06-08,41.959999084472656,41.97999954223633,41.77000045776367,41.93000030517578,48941400.0
2017-06-09,41.959999084472656,42.040000915527344,41.380001068115234,41.61000061035156,73660800.0
2017-06-12,41.369998931884766,41.40999984741211,41.189998626708984,41.38999938964844,52374200.0
2017-06-13,41.61000061035156,41.63999938964844,41.45000076293945,41.59000015258789,38327800.0
2017-06-14,41.900001525878906,41.91999816894531,41.439998626708984,41.58000183105469,70500400.0
2017-06-15,41.08000183105469,41.16999816894531,40.900001525878906,41.150001525878906,87660700.0
2017-06-16,41.2400016784668,41.290000915527344,41.040000915527344,41.220001220703125,53875900.0
2017-06-19,41.470001220703125,41.70000076293945,41.439998626708984,41.630001068115234,68181200.0
2017-06-20,41.31999969482422,41.33000183105469,40.95000076293945,40.97999954223633,71372000.0
2017-06-21,41.16999816894531,41.27000045776367,41.0,41.06999969482422,54840400.0
2017-06-22,41.290000915527344,41.45000076293945,41.189998626708984,41.279998779296875,50400700.0
2017-06-23,41.349998474121094,41.58000183105469,41.31999969482422,41.5,46141200.0
2017-06-26,41.88999938964844,42.0099983215332,41.7599983215332,41.900001525878906,44381000.0
2017-06-27,41.900001525878906,41.900001525878906,41.400001525878906,41.40999984741211,54898400.0
2017-06-28,41.529998779296875,41.77000045776367,41.43000030517578,41.72999954223633,33600800.0
2017-06-29,41.529998779296875,41.540000915527344,40.91999816894531,41.20000076293945,66218700.0
2017-06-30,41.45000076293945,41.56999969482422,41.36000061035156,41.38999938964844,76054300.0
2017-07-03,41.619998931884766,41.7599983215332,41.540000915527344,41.630001068115234,38427000.0
2017-07-05,41.38999938964844,41.56999969482422,41.189998626708984,41.54999923706055,49491000.0
2017-07-06,41.25,41.33000183105469,40.9900016784668,41.04999923706055,48464800.0
2017-07-07,41.15999984741211,41.22999954223633,40.95000076293945,41.130001068115234,69254100.0
2017-07-10,41.27000045776367,41.54999923706055,41.25,41.52000045776367,38230800.0
2017-07-11,41.7400016784668,41.90999984741211,41.619998931884766,41.86000061035156,41916900.0
2017-07-12,42.45000076293945,42.7599983215332,42.41999816894531,42.66999816894531,80106600.0
2017-07-13,42.7400016784668,42.900001525878906,42.70000076293945,42.880001068115234,38698800.0
2017-07-14,43.16999816894531,43.45000076293945,43.150001525878906,43.41999816894531,51171300.0
2017-07-17,43.25,43.279998779296875,43.130001068115234,43.220001220703125,44288000.0
2017-07-18,43.13999938964844,43.38999938964844,43.08000183105469,43.349998474121094,49195500.0
2017-07-19,43.349998474121094,43.79999923706055,43.349998474121094,43.709999084472656,37949700.0
2017-07-20,43.75,43.7599983215332,43.560001373291016,43.65999984741211,35990000.0
2017-07-21,43.66999816894531,43.68000030517578,43.5099983215332,43.630001068115234,34217900.0
2017-07-24,43.81999969482422,43.81999969482422,43.630001068115234,43.7599983215332,37613800.0
2017-07-25,43.810001373291016,43.869998931884766,43.63999938964844,43.650001525878906,37103900.0
2017-07-26,43.720001220703125,44.060001373291016,43.65999984741211,44.0099983215332,49001700.0
2017-07-27,44.150001525878906,44.15999984741211,43.459999084472656,43.77000045776367,61916500.0
2017-07-28,43.61000061035156,43.7599983215332,43.5,43.75,46072600.0
2017-07-31,43.84000015258789,43.84000015258789,43.68000030517578,43.79999923706055,60833500.0
2017-08-01,44.0,44.029998779296875,43.880001068115234,43.93000030517578,37138400.0
2017-08-02,44.0099983215332,44.04999923706055,43.7400016784668,43.970001220703125,29234800.0
2017-08-03,43.7599983215332,43.790000915527344,43.56999969482422,43.790000915527344,45351400.0
2017-08-04,43.88999938964844,43.97999954223633,43.689998626708984,43.95000076293945,48442700.0
2017-08-07,44.11000061035156,44.279998779296875,44.08000183105469,44.25,23791100.0
2017-08-08,44.369998931884766,44.58000183105469,44.20000076293945,44.2599983215332,33793700.0
2017-08-09,43.75,43.88999938964844,43.630001068115234,43.86000061035156,29007400.0
2017-08-10,43.4900016784668,43.5,42.79999923706055,42.81999969482422,104326500.0
2017-08-11,42.869998931884766,43.099998474121094,42.720001220703125,42.91999816894531,52964600.0
2017-08-14,43.38999938964844,43.56999969482422,43.310001373291016,43.36000061035156,37340400.0
2017-08-15,43.33000183105469,43.439998626708984,43.2400016784668,43.40999984741211,29467800.0
2017-08-16,43.77000045776367,43.88999938964844,43.709999084472656,43.86000061035156,43356300.0
2017-08-17,43.7599983215332,43.83000183105469,43.2400016784668,43.29999923706055,65838600.0
2017-08-18,43.470001220703125,43.849998474121094,43.290000915527344,43.66999816894531,67014400.0
2017-08-21,43.77000045776367,43.91999816894531,43.66999816894531,43.83000183105469,27756400.0
2017-08-22,44.13999938964844,44.380001068115234,44.099998474121094,44.31999969482422,30935800.0
2017-08-23,44.2400016784668,44.56999969482422,44.209999084472656,44.529998779296875,48383900.0
2017-08-24,44.72999954223633,44.77000045776367,44.529998779296875,44.66999816894531,52141700.0
2017-08-25,44.91999816894531,45.06999969482422,44.84000015258789,44.93000030517578,55530900.0
2017-08-28,44.90999984741211,44.90999984741211,44.68000030517578,44.77000045776367,37424900.0
2017-08-29,44.77000045776367,44.77000045776367,44.2599983215332,44.689998626708984,45507800.0
2017-08-30,44.630001068115234,44.790000915527344,44.599998474121094,44.7599983215332,46687600.0
2017-08-31,44.77000045776367,44.93000030517578,44.720001220703125,44.83000183105469,62118300.0
2017-09-01,45.0099983215332,45.18000030517578,44.95000076293945,45.15999984741211,55195500.0
2017-09-05,44.810001373291016,44.900001525878906,44.34000015258789,44.56999969482422,49130500.0
2017-09-06,44.7400016784668,44.90999984741211,44.66999816894531,44.86000061035156,44733800.0
2017-09-07,45.08000183105469,45.189998626708984,45.02000045776367,45.189998626708984,39114300.0
2017-09-08,45.119998931884766,45.130001068115234,44.810001373291016,44.88999938964844,41973600.0
2017-09-11,45.2599983215332,45.52000045776367,45.25,45.4900016784668,45287800.0
2017-09-12,45.4900016784668,45.529998779296875,45.369998931884766,45.439998626708984,49495000.0
2017-09-13,45.2599983215332,45.33000183105469,45.099998474121094,45.20000076293945,54758700.0
2017-09-14,45.09000015258789,45.34000015258789,45.04999923706055,45.31999969482422,36057900.0
2017-09-15,45.400001525878906,45.650001525878906,45.310001373291016,45.59000015258789,47816300.0
2017-09-18,45.880001068115234,45.959999084472656,45.689998626708984,45.75,37633400.0
2017-09-19,45.779998779296875,45.86000061035156,45.63999938964844,45.849998474121094,63741000.0
2017-09-20,45.869998931884766,45.939998626708984,45.209999084472656,45.63999938964844,78810000.0
2017-09-21,45.63999938964844,45.790000915527344,45.540000915527344,45.63999938964844,32668200.0
2017-09-22,45.38999938964844,45.470001220703125,45.310001373291016,45.380001068115234,39264300.0
2017-09-25,45.0,45.0,44.439998626708984,44.61000061035156,85660600.0
2017-09-26,44.70000076293945,44.7599983215332,44.41999816894531,44.4900016784668,62892900.0
2017-09-27,44.36000061035156,44.45000076293945,44.09000015258789,44.33000183105469,80084700.0
2017-09-28,44.099998474121094,44.36000061035156,44.09000015258789,44.29999923706055,54957600.0
2017-09-29,44.63999938964844,44.91999816894531,44.54999923706055,44.810001373291016,70546800.0
2017-10-02,44.810001373291016,45.029998779296875,44.790000915527344,44.81999969482422,68124300.0
2017-10-03,45.18000030517578,45.540000915527344,45.130001068115234,45.529998779296875,54087400.0
2017-10-04,45.5099983215332,45.630001068115234,45.459999084472656,45.52000045776367,45574100.0
2017-10-05,45.709999084472656,45.9900016784668,45.70000076293945,45.86000061035156,38759200.0
2017-10-06,45.439998626708984,45.65999984741211,45.310001373291016,45.630001068115234,44870200.0
2017-10-09,45.5099983215332,45.599998474121094,45.43000030517578,45.599998474121094,25022400.0
2017-10-10,45.95000076293945,46.08000183105469,45.88999938964844,46.04999923706055,45691800.0
2017-10-11,46.040000915527344,46.279998779296875,46.029998779296875,46.2599983215332,48802900.0
2017-10-12,46.279998779296875,46.369998931884766,46.20000076293945,46.2400016784668,35546600.0
2017-10-13,46.65999984741211,46.75,46.599998474121094,46.65999984741211,61902200.0
2017-10-16,46.779998779296875,46.81999969482422,46.619998931884766,46.630001068115234,34089400.0
2017-10-17,46.5099983215332,46.529998779296875,46.29999923706055,46.38999938964844,38828200.0
2017-10-18,46.54999923706055,46.650001525878906,46.40999984741211,46.5,36187200.0
2017-10-19,46.02000045776367,46.119998931884766,45.88999938964844,46.09000015258789,51487000.0
2017-10-20,46.31999969482422,46.349998474121094,46.18000030517578,46.2599983215332,46370200.0
2017-10-23,46.18000030517578,46.189998626708984,45.880001068115234,45.88999938964844,47564000.0
2017-10-24,45.97999954223633,46.13999938964844,45.880001068115234,45.88999938964844,40213400.0
2017-10-25,46.06999969482422,46.130001068115234,45.43000030517578,45.790000915527344,57309600.0
2017-10-26,45.81999969482422,45.90999984741211,45.470001220703125,45.47999954223633,55320500.0
2017-10-27,45.720001220703125,46.189998626708984,45.58000183105469,46.13999938964844,55225600.0
2017-10-30,45.9900016784668,46.11000061035156,45.790000915527344,45.849998474121094,35732500.0
2017-10-31,46.130001068115234,46.279998779296875,46.060001373291016,46.279998779296875,63902300.0
2017-11-01,46.70000076293945,46.849998474121094,46.4900016784668,46.52000045776367,51926300.0
2017-11-02,46.59000015258789,46.630001068115234,46.36000061035156,46.58000183105469,38024500.0
2017-11-03,46.540000915527344,46.560001373291016,46.09000015258789,46.34000015258789,42909900.0
2017-11-06,46.560001373291016,46.869998931884766,46.540000915527344,46.86000061035156,30828500.0
2017-11-07,46.810001373291016,46.869998931884766,46.4900016784668,46.560001373291016,46904400.0
2017-11-08,46.70000076293945,46.810001373291016,46.619998931884766,46.779998779296875,35006300.0
2017-11-09,46.459999084472656,46.59000015258789,46.13999938964844,46.4900016784668,39894900.0
2017-11-10,46.43000030517578,46.459999084472656,46.189998626708984,46.290000915527344,32484400.0
2017-11-13,46.130001068115234,46.290000915527344,46.02000045776367,46.189998626708984,52239700.0
2017-11-14,46.11000061035156,46.15999984741211,45.81999969482422,45.880001068115234,56682300.0
2017-11-15,45.650001525878906,45.77000045776367,45.45000076293945,45.63999938964844,49000900.0
2017-11-16,46.310001373291016,46.72999954223633,46.29999923706055,46.59000015258789,46316400.0
2017-11-17,46.72999954223633,47.02000045776367,46.70000076293945,46.81999969482422,46258900.0
2017-11-20,46.77000045776367,47.099998474121094,46.75,47.060001373291016,45493800.0
2017-11-21,47.630001068115234,47.880001068115234,47.61000061035156,47.689998626708984,63587700.0
2017-11-22,47.84000015258789,47.93000030517578,47.650001525878906,47.810001373291016,60764000.0
2017-11-24,47.65999984741211,47.7400016784668,47.61000061035156,47.709999084472656,25838000.0
2017-11-27,47.310001373291016,47.33000183105469,46.9900016784668,47.0099983215332,47853200.0
2017-11-28,47.38999938964844,47.52000045776367,47.18000030517578,47.36000061035156,54357600.0
2017-11-29,47.16999816894531,47.16999816894531,46.5,46.61000061035156,66269800.0
2017-11-30,46.470001220703125,46.47999954223633,46.06999969482422,46.099998474121094,118059300.0
2017-12-01,45.97999954223633,46.06999969482422,45.619998931884766,45.84000015258789,88358900.0
2017-12-04,46.349998474121094,46.43000030517578,45.88999938964844,45.93000030517578,67381600.0
2017-12-05,45.959999084472656,46.209999084472656,45.86000061035156,45.900001525878906,32126400.0
2017-12-06,45.119998931884766,45.380001068115234,45.060001373291016,45.279998779296875,81862800.0
2017-12-07,45.400001525878906,45.529998779296875,45.04999923706055,45.40999984741211,70820800.0
2017-12-08,45.91999816894531,46.0,45.7400016784668,45.939998626708984,42794900.0
2017-12-11,46.189998626708984,46.2599983215332,46.099998474121094,46.16999816894531,46795900.0
2017-12-12,45.7400016784668,45.959999084472656,45.65999984741211,45.86000061035156,47157800.0
2017-12-13,46.150001525878906,46.560001373291016,46.13999938964844,46.40999984741211,75946200.0
2017-12-14,46.2599983215332,46.380001068115234,46.06999969482422,46.06999969482422,50968200.0
2017-12-15,46.15999984741211,46.2599983215332,45.93000030517578,46.16999816894531,67881200.0
2017-12-18,46.56999969482422,46.849998474121094,46.529998779296875,46.689998626708984,61186100.0
2017-12-19,46.06999969482422,46.06999969482422,45.68000030517578,45.75,51306800.0
2017-12-20,45.959999084472656,46.02000045776367,45.79999923706055,45.810001373291016,42832800.0
2017-12-21,46.0,46.27000045776367,45.970001220703125,46.11000061035156,40602200.0
2017-12-22,46.290000915527344,46.5099983215332,46.22999954223633,46.5,40032700.0
2017-12-26,46.41999816894531,46.470001220703125,46.2599983215332,46.459999084472656,29614100.0
2017-12-27,46.52000045776367,46.63999938964844,46.45000076293945,46.58000183105469,35373200.0
2017-12-28,47.0099983215332,47.04999923706055,46.790000915527344,46.900001525878906,34284300.0
2017-12-29,47.279998779296875,47.31999969482422,47.060001373291016,47.119998931884766,46485100.0
2018-01-02,47.779998779296875,48.06999969482422,47.72999954223633,48.0099983215332,68969400.0
2018-01-03,48.290000915527344,48.540000915527344,48.279998779296875,48.470001220703125,56228700.0
2018-01-04,48.59000015258789,48.779998779296875,48.56999969482422,48.709999084472656,52154900.0
2018-01-05,48.81999969482422,49.13999938964844,48.77000045776367,49.130001068115234,50026900.0
2018-01-08,49.060001373291016,49.220001220703125,49.02000045776367,49.130001068115234,36998200.0
2018-01-09,49.119998931884766,49.130001068115234,48.83000183105469,49.04999923706055,42131600.0
2018-01-10,48.68000030517578,48.84000015258789,48.529998779296875,48.7400016784668,72183900.0
2018-01-11,48.66999816894531,49.04999923706055,48.65999984741211,49.040000915527344,38720900.0
2018-01-12,49.13999938964844,49.540000915527344,49.0099983215332,49.5099983215332,69358300.0
2018-01-16,49.70000076293945,49.849998474121094,49.22999954223633,49.31999969482422,80418000.0
2018-01-17,49.70000076293945,50.09000015258789,49.630001068115234,49.970001220703125,65863500.0
2018-01-18,49.959999084472656,50.099998474121094,49.88999938964844,50.029998779296875,33947000.0
2018-01-19,50.279998779296875,50.439998626708984,50.130001068115234,50.439998626708984,60503700.0
2018-01-22,50.40999984741211,50.7400016784668,50.29999923706055,50.72999954223633,49191200.0
2018-01-23,50.72999954223633,50.9900016784668,50.650001525878906,50.970001220703125,61277300.0
2018-01-24,51.29999923706055,51.52000045776367,51.040000915527344,51.400001525878906,63963100.0
2018-01-25,51.45000076293945,51.83000183105469,51.209999084472656,51.369998931884766,61533700.0
2018-01-26,51.72999954223633,52.08000183105469,51.61000061035156,52.08000183105469,80566200.0
2018-01-29,51.45000076293945,51.5099983215332,51.220001220703125,51.290000915527344,58884200.0
2018-01-30,50.7400016784668,50.79999923706055,50.380001068115234,50.59000015258789,87601400.0
2018-01-31,51.279998779296875,51.34000015258789,50.63999938964844,51.029998779296875,96654200.0
2018-02-01,50.56999969482422,50.849998474121094,50.29999923706055,50.34000015258789,72143800.0
2018-02-02,49.81999969482422,49.849998474121094,49.0099983215332,49.04999923706055,116832800.0
2018-02-05,48.97999954223633,49.47999954223633,47.33000183105469,47.33000183105469,151202100.0
2018-02-06,47.31999969482422,49.279998779296875,47.18000030517578,48.869998931884766,183650300.0
2018-02-07,48.0,48.52000045776367,47.29999923706055,47.33000183105469,156301200.0
2018-02-08,47.630001068115234,47.66999816894531,45.630001068115234,45.689998626708984,163250200.0
2018-02-09,46.310001373291016,46.779998779296875,45.040000915527344,46.41999816894531,153419800.0
2018-02-12,47.08000183105469,47.4900016784668,46.65999984741211,47.150001525878906,104447700.0
2018-02-13,47.220001220703125,47.650001525878906,47.16999816894531,47.5099983215332,55739700.0
2018-02-14,47.40999984741211,48.81999969482422,47.38999938964844,48.70000076293945,96491500.0
2018-02-15,49.560001373291016,49.86000061035156,48.9900016784668,49.70000076293945,95168100.0
2018-02-16,49.34000015258789,49.9900016784668,49.33000183105469,49.540000915527344,70876400.0
2018-02-20,48.65999984741211,49.029998779296875,48.59000015258789,48.86000061035156,78660300.0
2018-02-21,49.29999923706055,49.86000061035156,48.779998779296875,48.81999969482422,66591900.0
2018-02-22,48.970001220703125,49.349998474121094,48.810001373291016,48.849998474121094,62436300.0
2018-02-23,49.45000076293945,49.7400016784668,49.2400016784668,49.720001220703125,43623300.0
2018-02-26,49.849998474121094,50.18000030517578,49.56999969482422,50.18000030517578,51742600.0
2018-02-27,49.529998779296875,49.59000015258789,48.720001220703125,48.720001220703125,94671000.0
2018-02-28,48.83000183105469,48.88999938964844,48.02000045776367,48.02000045776367,102169900.0
2018-03-01,48.369998931884766,48.75,47.5,47.93000030517578,112694400.0
2018-03-02,47.349998474121094,48.22999954223633,47.11000061035156,48.130001068115234,72756200.0
2018-03-05,47.61000061035156,48.290000915527344,47.54999923706055,48.20000076293945,55905400.0
2018-03-06,49.0099983215332,49.029998779296875,48.52000045776367,48.650001525878906,57199200.0
2018-03-07,48.34000015258789,48.72999954223633,48.119998931884766,48.70000076293945,46554800.0
2018-03-08,48.790000915527344,48.84000015258789,48.47999954223633,48.709999084472656,46733900.0
2018-03-09,49.11000061035156,49.77000045776367,49.06999969482422,49.75,58818700.0
2018-03-12,49.810001373291016,49.970001220703125,49.61000061035156,49.869998931884766,52944500.0
2018-03-13,50.099998474121094,50.18000030517578,49.2400016784668,49.41999816894531,60376000.0
2018-03-14,49.790000915527344,49.86000061035156,49.22999954223633,49.5,51067200.0
2018-03-15,49.65999984741211,49.72999954223633,49.13999938964844,49.31999969482422,65778900.0
2018-03-16,49.13999938964844,49.349998474121094,49.119998931884766,49.209999084472656,66155800.0
2018-03-19,48.88999938964844,49.0,48.38999938964844,48.68000030517578,65394200.0
2018-03-20,49.09000015258789,49.34000015258789,48.97999954223633,49.220001220703125,60101700.0
2018-03-21,49.15999984741211,49.70000076293945,49.0099983215332,49.5099983215332,78575100.0
2018-03-22,48.369998931884766,48.61000061035156,47.779998779296875,47.86000061035156,87622700.0
2018-03-23,47.939998626708984,48.02000045776367,46.869998931884766,46.88999938964844,82908800.0
2018-03-26,48.099998474121094,48.470001220703125,47.54999923706055,48.40999984741211,73320800.0
2018-03-27,48.45000076293945,48.52000045776367,47.41999816894531,47.529998779296875,84232100.0
2018-03-28,47.380001068115234,47.54999923706055,46.970001220703125,47.290000915527344,78140800.0
2018-03-29,47.630001068115234,48.45000076293945,47.56999969482422,48.279998779296875,82685500.0
2018-04-02,47.95000076293945,48.16999816894531,46.959999084472656,47.40999984741211,72405700.0
2018-04-03,47.84000015258789,47.939998626708984,47.459999084472656,47.880001068115234,52874500.0
2018-04-04,46.59000015258789,47.93000030517578,46.540000915527344,47.900001525878906,68352400.0
2018-04-05,48.09000015258789,48.2599983215332,47.83000183105469,48.02000045776367,48247700.0
2018-04-06,47.540000915527344,47.869998931884766,46.79999923706055,47.08000183105469,76156700.0
2018-04-09,47.41999816894531,47.65999984741211,47.119998931884766,47.130001068115234,55352700.0
2018-04-10,47.81999969482422,48.119998931884766,47.61000061035156,48.04999923706055,87142000.0
2018-04-11,47.75,48.18000030517578,47.7400016784668,48.06999969482422,51569200.0
2018-04-12,47.970001220703125,48.189998626708984,47.88999938964844,48.04999923706055,52968500.0
2018-04-13,48.0099983215332,48.060001373291016,47.439998626708984,47.56999969482422,56518000.0
2018-04-16,47.5,47.66999816894531,47.349998474121094,47.630001068115234,43005800.0
2018-04-17,47.41999816894531,47.869998931884766,47.400001525878906,47.72999954223633,58168100.0
2018-04-18,47.90999984741211,48.310001373291016,47.84000015258789,48.13999938964844,80289500.0
2018-04-19,48.2599983215332,48.290000915527344,47.70000076293945,47.86000061035156,67581100.0
2018-04-20,47.59000015258789,47.619998931884766,47.04999923706055,47.2599983215332,80997700.0
2018-04-23,47.16999816894531,47.29999923706055,46.779998779296875,46.880001068115234,74337500.0
2018-04-24,47.2599983215332,47.36000061035156,46.43000030517578,46.65999984741211,72196800.0
2018-04-25,46.310001373291016,46.40999984741211,46.0099983215332,46.29999923706055,69106800.0
2018-04-26,46.56999969482422,47.0,46.540000915527344,46.970001220703125,45047800.0
2018-04-27,47.2400016784668,47.34000015258789,46.970001220703125,47.2599983215332,33545000.0
2018-04-30,47.43000030517578,47.4900016784668,46.90999984741211,46.91999816894531,49179000.0
2018-05-01,46.63999938964844,46.7599983215332,46.099998474121094,46.689998626708984,75839300.0
2018-05-02,46.7400016784668,46.84000015258789,46.279998779296875,46.31999969482422,66837900.0
2018-05-03,46.290000915527344,46.349998474121094,45.599998474121094,46.220001220703125,83449200.0
2018-05-04,45.77000045776367,46.59000015258789,45.72999954223633,46.43000030517578,60099100.0
2018-05-07,46.04999923706055,46.349998474121094,46.02000045776367,46.15999984741211,58886100.0
2018-05-08,46.27000045776367,46.439998626708984,45.97999954223633,46.41999816894531,58783600.0
2018-05-09,46.560001373291016,46.61000061035156,46.27000045776367,46.5099983215332,46129500.0
2018-05-10,47.06999969482422,47.650001525878906,46.9900016784668,47.47999954223633,115804000.0
2018-05-11,47.68000030517578,47.72999954223633,47.279998779296875,47.400001525878906,68838600.0
2018-05-14,47.65999984741211,47.779998779296875,47.38999938964844,47.459999084472656,34353300.0
2018-05-15,46.58000183105469,46.70000076293945,46.279998779296875,46.47999954223633,78379300.0
2018-05-16,46.91999816894531,47.27000045776367,46.91999816894531,47.18000030517578,60004200.0
2018-05-17,46.66999816894531,46.79999923706055,46.310001373291016,46.459999084472656,73014000.0
2018-05-18,46.04999923706055,46.189998626708984,45.939998626708984,46.06999969482422,59258700.0
2018-05-21,46.45000076293945,46.540000915527344,46.15999984741211,46.349998474121094,59330200.0
2018-05-22,46.54999923706055,46.75,46.45000076293945,46.5099983215332,32584700.0
2018-05-23,45.959999084472656,46.529998779296875,45.95000076293945,46.4900016784668,70687800.0
2018-05-24,46.2400016784668,46.33000183105469,45.72999954223633,46.2400016784668,79762900.0
2018-05-25,46.22999954223633,46.5,46.189998626708984,46.43000030517578,39374500.0
2018-05-29,45.7400016784668,45.880001068115234,45.119998931884766,45.349998474121094,112089900.0
2018-05-30,45.36000061035156,45.7599983215332,45.15999984741211,45.709999084472656,72813800.0
2018-05-31,45.650001525878906,45.91999816894531,45.459999084472656,45.689998626708984,92066200.0
2018-06-01,46.060001373291016,46.349998474121094,46.0,46.33000183105469,66762200.0
2018-06-04,46.720001220703125,46.90999984741211,46.70000076293945,46.79999923706055,36302900.0
2018-06-05,46.65999984741211,46.7400016784668,46.41999816894531,46.439998626708984,40092200.0
2018-06-06,46.84000015258789,47.150001525878906,46.7400016784668,47.13999938964844,46801500.0
2018-06-07,46.970001220703125,47.02000045776367,46.130001068115234,46.41999816894531,89752500.0
2018-06-08,46.16999816894531,46.529998779296875,45.9900016784668,46.33000183105469,73944700.0
2018-06-11,46.380001068115234,46.5,46.2599983215332,46.33000183105469,38323500.0
2018-06-12,46.310001373291016,46.369998931884766,46.029998779296875,46.209999084472656,57189800.0
2018-06-13,46.290000915527344,46.36000061035156,45.619998931884766,45.900001525878906,100698800.0
2018-06-14,45.900001525878906,45.9900016784668,45.540000915527344,45.59000015258789,76094800.0
2018-06-15,45.16999816894531,45.290000915527344,44.91999816894531,45.22999954223633,86066000.0
2018-06-18,44.59000015258789,44.7400016784668,44.34000015258789,44.68000030517578,83532600.0
2018-06-19,43.56999969482422,43.9900016784668,43.40999984741211,43.900001525878906,122657600.0
2018-06-20,44.29999923706055,44.36000061035156,44.040000915527344,44.09000015258789,69822800.0
2018-06-21,43.81999969482422,43.84000015258789,43.40999984741211,43.470001220703125,86214100.0
2018-06-22,44.099998474121094,44.119998931884766,43.77000045776367,43.91999816894531,48711000.0
2018-06-25,43.5099983215332,43.560001373291016,42.900001525878906,43.33000183105469,110854500.0
2018-06-26,43.349998474121094,43.43000030517578,43.04999923706055,43.15999984741211,69228700.0
2018-06-27,43.099998474121094,43.11000061035156,42.20000076293945,42.33000183105469,95340400.0
2018-06-28,42.290000915527344,42.709999084472656,42.150001525878906,42.689998626708984,105345300.0
2018-06-29,43.2400016784668,43.45000076293945,43.20000076293945,43.33000183105469,108877000.0
2018-07-02,42.619998931884766,42.970001220703125,42.529998779296875,42.900001525878906,78848700.0
2018-07-03,43.18000030517578,43.220001220703125,42.869998931884766,42.93000030517578,28637200.0
2018-07-05,43.04999923706055,43.09000015258789,42.650001525878906,42.81999969482422,67394400.0
2018-07-06,42.95000076293945,43.58000183105469,42.91999816894531,43.40999984741211,69933900.0
2018-07-09,44.0099983215332,44.20000076293945,43.790000915527344,44.189998626708984,80552700.0
2018-07-10,44.04999923706055,44.11000061035156,43.7400016784668,44.09000015258789,63808300.0
2018-07-11,43.369998931884766,43.58000183105469,43.060001373291016,43.22999954223633,58679200.0
2018-07-12,43.7599983215332,43.91999816894531,43.599998474121094,43.81999969482422,53833300.0
2018-07-13,43.77000045776367,43.95000076293945,43.619998931884766,43.849998474121094,40515300.0
2018-07-16,43.63999938964844,43.70000076293945,43.45000076293945,43.61000061035156,31717300.0
2018-07-17,43.439998626708984,44.0099983215332,43.38999938964844,43.93000030517578,46911500.0
2018-07-18,43.689998626708984,43.91999816894531,43.560001373291016,43.880001068115234,41182100.0
2018-07-19,43.20000076293945,43.529998779296875,43.060001373291016,43.34000015258789,72549300.0
2018-07-20,43.77000045776367,44.040000915527344,43.7400016784668,43.959999084472656,75114300.0
2018-07-23,43.7599983215332,43.779998779296875,43.529998779296875,43.66999816894531,57679100.0
2018-07-24,44.38999938964844,44.56999969482422,44.18000030517578,44.310001373291016,66639400.0
2018-07-25,44.599998474121094,45.060001373291016,44.47999954223633,45.029998779296875,77820500.0
2018-07-26,44.650001525878906,44.779998779296875,44.5,44.529998779296875,68705800.0
2018-07-27,44.86000061035156,44.95000076293945,44.45000076293945,44.689998626708984,63743400.0
2018-07-30,44.790000915527344,44.86000061035156,44.4900016784668,44.619998931884766,41541400.0
2018-07-31,44.619998931884766,44.93000030517578,44.5099983215332,44.86000061035156,88217500.0
2018-08-01,44.470001220703125,44.689998626708984,44.34000015258789,44.459999084472656,61755000.0
2018-08-02,43.54999923706055,43.939998626708984,43.459999084472656,43.869998931884766,68678600.0
2018-08-03,44.02000045776367,44.2599983215332,43.970001220703125,44.209999084472656,41043800.0
2018-08-06,43.88999938964844,44.02000045776367,43.77000045776367,43.869998931884766,33153800.0
2018-08-07,44.380001068115234,44.54999923706055,44.29999923706055,44.31999969482422,38719500.0
2018-08-08,44.22999954223633,44.31999969482422,44.09000015258789,44.2599983215332,30610200.0
2018-08-09,44.31999969482422,44.41999816894531,44.099998474121094,44.130001068115234,35013900.0
2018-08-10,43.13999938964844,43.33000183105469,43.04999923706055,43.189998626708984,86629900.0
2018-08-13,42.790000915527344,42.88999938964844,42.369998931884766,42.47999954223633,75183500.0
2018-08-14,42.63999938964844,42.86000061035156,42.560001373291016,42.7400016784668,56724600.0
2018-08-15,41.540000915527344,41.709999084472656,41.130001068115234,41.5099983215332,138633600.0
2018-08-16,41.91999816894531,42.11000061035156,41.75,41.77000045776367,78123900.0
2018-08-17,41.619998931884766,42.310001373291016,41.52000045776367,42.209999084472656,76030400.0
2018-08-20,42.310001373291016,42.439998626708984,42.16999816894531,42.400001525878906,50762900.0
2018-08-21,42.83000183105469,43.11000061035156,42.79999923706055,42.939998626708984,70462300.0
2018-08-22,42.97999954223633,43.349998474121094,42.97999954223633,43.279998779296875,45602900.0
2018-08-23,43.130001068115234,43.2599983215332,42.529998779296875,42.58000183105469,68878400.0
2018-08-24,43.220001220703125,43.400001525878906,43.08000183105469,43.369998931884766,69304200.0
2018-08-27,43.77000045776367,44.15999984741211,43.7599983215332,43.9900016784668,96574800.0
2018-08-28,44.11000061035156,44.18000030517578,43.7400016784668,43.83000183105469,50093400.0
2018-08-29,43.72999954223633,44.119998931884766,43.63999938964844,44.099998474121094,58165600.0
2018-08-30,43.41999816894531,43.41999816894531,42.79999923706055,42.95000076293945,120206400.0
2018-08-31,42.88999938964844,43.310001373291016,42.84000015258789,43.16999816894531,88660500.0
2018-09-04,42.4900016784668,42.4900016784668,42.22999954223633,42.33000183105469,76724700.0
2018-09-05,41.84000015258789,41.90999984741211,41.59000015258789,41.720001220703125,77835800.0
2018-09-06,41.79999923706055,41.90999984741211,41.47999954223633,41.7599983215332,73104400.0
2018-09-07,41.630001068115234,41.939998626708984,41.38999938964844,41.54999923706055,61590700.0
2018-09-10,41.540000915527344,41.540000915527344,41.09000015258789,41.13999938964844,61116600.0
2018-09-11,40.7400016784668,41.2400016784668,40.630001068115234,41.22999954223633,74608700.0
2018-09-12,41.040000915527344,41.689998626708984,40.88999938964844,41.439998626708984,116612700.0
2018-09-13,42.060001373291016,42.279998779296875,41.810001373291016,42.0,96306500.0
2018-09-14,42.22999954223633,42.279998779296875,41.7599983215332,41.959999084472656,65202700.0
2018-09-17,41.650001525878906,41.810001373291016,41.52000045776367,41.58000183105469,74603900.0
2018-09-18,41.779998779296875,42.04999923706055,41.77000045776367,41.97999954223633,52000700.0
2018-09-19,42.33000183105469,42.61000061035156,42.31999969482422,42.560001373291016,55892400.0
2018-09-20,42.93000030517578,43.060001373291016,42.689998626708984,43.029998779296875,93427400.0
2018-09-21,43.09000015258789,43.29999923706055,43.029998779296875,43.22999954223633,102750700.0
2018-09-24,42.72999954223633,42.790000915527344,42.59000015258789,42.7400016784668,54411700.0
2018-09-25,42.810001373291016,43.0099983215332,42.7599983215332,42.90999984741211,49467000.0
2018-09-26,42.97999954223633,43.5099983215332,42.939998626708984,43.0,84080400.0
2018-09-27,43.130001068115234,43.349998474121094,43.09000015258789,43.209999084472656,45547200.0
2018-09-28,42.88999938964844,43.150001525878906,42.779998779296875,42.91999816894531,64732800.0
2018-10-01,43.130001068115234,43.15999984741211,42.83000183105469,42.93000030517578,31030500.0
2018-10-02,42.369998931884766,42.599998474121094,42.2599983215332,42.38999938964844,57719700.0
2018-10-03,42.689998626708984,42.720001220703125,41.91999816894531,42.040000915527344,76571200.0
2018-10-04,41.61000061035156,41.619998931884766,40.810001373291016,40.9900016784668,132360900.0
2018-10-05,41.0099983215332,41.08000183105469,40.459999084472656,40.84000015258789,80578500.0
2018-10-08,40.560001373291016,40.9900016784668,40.47999954223633,40.900001525878906,59744400.0
2018-10-09,40.56999969482422,40.959999084472656,40.43000030517578,40.75,60976800.0
2018-10-10,40.540000915527344,40.54999923706055,39.529998779296875,39.540000915527344,99036700.0
2018-10-11,39.31999969482422,39.7400016784668,38.77000045776367,39.13999938964844,168923800.0
2018-10-12,40.2599983215332,40.36000061035156,39.7400016784668,40.290000915527344,116892100.0
2018-10-15,39.939998626708984,40.13999938964844,39.779998779296875,39.86000061035156,52651000.0
2018-10-16,40.36000061035156,40.900001525878906,40.290000915527344,40.86000061035156,65949500.0
2018-10-17,40.54999923706055,40.58000183105469,40.15999984741211,40.36000061035156,69718700.0
2018-10-18,39.93000030517578,39.959999084472656,39.15999984741211,39.29999923706055,107005100.0
2018-10-19,39.90999984741211,40.15999984741211,39.58000183105469,39.66999816894531,81176200.0
2018-10-22,40.34000015258789,40.41999816894531,39.91999816894531,40.099998474121094,67724900.0
2018-10-23,39.150001525878906,39.88999938964844,38.93000030517578,39.65999984741211,89864600.0
2018-10-24,39.459999084472656,39.5099983215332,38.36000061035156,38.380001068115234,87632500.0
2018-10-25,38.81999969482422,39.38999938964844,38.709999084472656,39.119998931884766,80961600.0
2018-10-26,38.310001373291016,38.970001220703125,38.13999938964844,38.66999816894531,139198800.0
2018-10-29,39.0099983215332,39.06999969482422,37.58000183105469,38.0,102322800.0
2018-10-30,38.22999954223633,38.75,38.150001525878906,38.7400016784668,99881500.0
2018-10-31,39.15999984741211,39.38999938964844,39.0,39.15999984741211,92768300.0
2018-11-01,39.779998779296875,40.59000015258789,39.560001373291016,40.560001373291016,120482200.0
2018-11-02,41.25,41.400001525878906,40.40999984741211,40.81999969482422,111324700.0
2018-11-05,40.810001373291016,41.02000045776367,40.709999084472656,40.93000030517578,58319600.0
2018-11-06,40.72999954223633,40.93000030517578,40.63999938964844,40.86000061035156,40847800.0
2018-11-07,41.40999984741211,41.70000076293945,41.150001525878906,41.630001068115234,81011500.0
2018-11-08,41.09000015258789,41.22999954223633,40.41999816894531,40.54999923706055,90610900.0
2018-11-09,39.93000030517578,39.97999954223633,39.4900016784668,39.79999923706055,82943700.0
2018-11-12,39.66999816894531,39.7400016784668,39.13999938964844,39.2400016784668,68569700.0
2018-11-13,39.619998931884766,40.08000183105469,39.439998626708984,39.689998626708984,106305600.0
2018-11-14,40.060001373291016,40.189998626708984,39.56999969482422,39.93000030517578,96621100.0
2018-11-15,40.13999938964844,41.04999923706055,40.060001373291016,40.81999969482422,146475800.0
2018-11-16,40.4900016784668,41.11000061035156,40.369998931884766,40.900001525878906,135075800.0
2018-11-19,40.619998931884766,40.68000030517578,40.2400016784668,40.349998474121094,77777300.0
2018-11-20,39.720001220703125,39.90999984741211,39.34000015258789,39.47999954223633,98272800.0
2018-11-21,40.209999084472656,40.47999954223633,40.130001068115234,40.209999084472656,68104600.0
2018-11-23,39.7400016784668,39.95000076293945,39.709999084472656,39.7400016784668,32048200.0
2018-11-26,40.29999923706055,40.41999816894531,40.08000183105469,40.22999954223633,76320100.0
2018-11-27,40.09000015258789,40.5099983215332,40.029998779296875,40.5099983215332,81069100.0
2018-11-28,40.790000915527344,41.5099983215332,40.470001220703125,41.47999954223633,121010900.0
2018-11-29,41.189998626708984,41.400001525878906,40.91999816894531,41.119998931884766,104239600.0
2018-11-30,40.959999084472656,41.16999816894531,40.79999923706055,41.08000183105469,92961200.0
2018-12-03,42.130001068115234,42.150001525878906,41.70000076293945,41.90999984741211,125024100.0
2018-12-04,41.95000076293945,42.02000045776367,40.91999816894531,41.02000045776367,134758200.0
2018-12-06,39.93000030517578,40.68000030517578,39.68000030517578,40.63999938964844,165155100.0
2018-12-07,40.58000183105469,40.849998474121094,39.779998779296875,39.880001068115234,134304600.0
2018-12-10,39.61000061035156,39.68000030517578,38.970001220703125,39.459999084472656,104465300.0
2018-12-11,40.02000045776367,40.029998779296875,39.47999954223633,39.7599983215332,104014700.0
2018-12-12,40.5,40.779998779296875,40.380001068115234,40.40999984741211,89712200.0
2018-12-13,40.560001373291016,40.68000030517578,40.349998474121094,40.400001525878906,72445400.0
2018-12-14,39.88999938964844,40.18000030517578,39.79999923706055,39.83000183105469,94915600.0
2018-12-17,39.88999938964844,40.040000915527344,39.33000183105469,39.459999084472656,109276200.0
2018-12-18,39.16999816894531,39.380001068115234,39.029998779296875,39.13999938964844,102509800.0
2018-12-19,39.33000183105469,39.72999954223633,38.16999816894531,38.4900016784668,204046200.0
2018-12-20,38.880001068115234,39.130001068115234,38.459999084472656,38.790000915527344,183908800.0
2018-12-21,38.900001525878906,39.11000061035156,38.31999969482422,38.52000045776367,143673400.0
2018-12-24,38.439998626708984,38.720001220703125,38.15999984741211,38.15999984741211,50709500.0
2018-12-26,38.40999984741211,38.959999084472656,38.040000915527344,38.91999816894531,96347200.0
2018-12-27,38.400001525878906,38.90999984741211,38.2400016784668,38.869998931884766,81792700.0
2018-12-28,39.189998626708984,39.459999084472656,39.0,39.2400016784668,72869100.0
2018-12-31,39.5,39.540000915527344,38.93000030517578,39.060001373291016,72972200.0
2019-01-02,38.59000015258789,39.189998626708984,38.58000183105469,39.15999984741211,57198800.0
2019-01-03,38.72999954223633,38.7599983215332,38.29999923706055,38.45000076293945,62767600.0
2019-01-04,39.0099983215332,39.86000061035156,38.91999816894531,39.689998626708984,103055100.0
2019-01-07,39.720001220703125,39.95000076293945,39.4900016784668,39.779998779296875,76597000.0
2019-01-08,39.79999923706055,40.0,39.56999969482422,39.93000030517578,70518200.0
2019-01-09,40.34000015258789,40.86000061035156,40.33000183105469,40.63999938964844,125118800.0
2019-01-10,40.41999816894531,40.959999084472656,40.41999816894531,40.93000030517578,85207600.0
2019-01-11,40.599998474121094,40.79999923706055,40.5,40.72999954223633,63136200.0
2019-01-14,40.209999084472656,40.58000183105469,40.13999938964844,40.38999938964844,76217000.0
2019-01-15,40.619998931884766,40.88999938964844,40.54999923706055,40.66999816894531,78913000.0
2019-01-16,40.959999084472656,41.310001373291016,40.95000076293945,41.16999816894531,82543600.0
2019-01-17,40.84000015258789,41.54999923706055,40.79999923706055,41.349998474121094,85522800.0
2019-01-18,41.52000045776367,41.720001220703125,41.41999816894531,41.54999923706055,98168900.0
2019-01-22,41.060001373291016,41.150001525878906,40.650001525878906,40.83000183105469,101294900.0
2019-01-23,41.209999084472656,41.279998779296875,40.900001525878906,41.25,66625200.0
2019-01-24,41.279998779296875,41.68000030517578,41.279998779296875,41.650001525878906,76076900.0
2019-01-25,42.099998474121094,42.310001373291016,42.040000915527344,42.20000076293945,105779500.0
2019-01-28,41.56999969482422,41.790000915527344,41.439998626708984,41.7599983215332,85543100.0
2019-01-29,41.970001220703125,41.9900016784668,41.72999954223633,41.83000183105469,56518900.0
2019-01-30,42.08000183105469,42.83000183105469,41.880001068115234,42.7400016784668,127796800.0
2019-01-31,42.790000915527344,43.13999938964844,42.779998779296875,43.099998474121094,119929200.0
2019-02-01,42.779998779296875,42.84000015258789,42.630001068115234,42.7599983215332,65766100.0
2019-02-04,42.630001068115234,42.95000076293945,42.540000915527344,42.83000183105469,45770200.0
2019-02-05,43.029998779296875,43.459999084472656,42.959999084472656,43.41999816894531,81720100.0
2019-02-06,43.220001220703125,43.25,42.7400016784668,42.83000183105469,58194900.0
2019-02-07,42.4900016784668,42.709999084472656,42.029998779296875,42.400001525878906,101061400.0
2019-02-08,42.09000015258789,42.22999954223633,41.849998474121094,42.15999984741211,64212200.0
2019-02-11,42.2400016784668,42.2599983215332,42.0,42.02000045776367,42213400.0
2019-02-12,42.369998931884766,42.54999923706055,42.310001373291016,42.369998931884766,66073100.0
2019-02-13,42.38999938964844,42.470001220703125,41.970001220703125,42.06999969482422,82318100.0
2019-02-14,41.81999969482422,42.29999923706055,41.7400016784668,42.150001525878906,91302500.0
2019-02-15,42.130001068115234,42.130001068115234,41.95000076293945,42.09000015258789,72362200.0
2019-02-19,41.93000030517578,42.5099983215332,41.93000030517578,42.41999816894531,64391100.0
2019-02-20,42.650001525878906,42.93000030517578,42.540000915527344,42.65999984741211,73694800.0
2019-02-21,42.630001068115234,42.66999816894531,42.369998931884766,42.56999969482422,48092400.0
2019-02-22,42.93000030517578,43.15999984741211,42.84000015258789,43.040000915527344,58022200.0
2019-02-25,43.52000045776367,43.72999954223633,43.41999816894531,43.52000045776367,66533800.0
2019-02-26,43.220001220703125,43.52000045776367,43.189998626708984,43.369998931884766,58330600.0
2019-02-27,43.09000015258789,43.15999984741211,42.849998474121094,43.0,69471200.0
2019-02-28,42.720001220703125,42.7400016784668,42.439998626708984,42.439998626708984,87434700.0
2019-03-01,42.779998779296875,42.810001373291016,42.40999984741211,42.4900016784668,94263900.0
2019-03-04,42.720001220703125,42.779998779296875,42.18000030517578,42.54999923706055,94168300.0
2019-03-05,42.75,43.040000915527344,42.65999984741211,42.970001220703125,54576700.0
2019-03-06,42.9900016784668,43.04999923706055,42.65999984741211,42.72999954223633,61237800.0
2019-03-07,42.47999954223633,42.4900016784668,41.869998931884766,41.939998626708984,83415300.0
2019-03-08,41.439998626708984,41.68000030517578,41.38999938964844,41.63999938964844,97742100.0
2019-03-11,42.0099983215332,42.470001220703125,42.0099983215332,42.41999816894531,63002300.0
2019-03-12,42.63999938964844,42.75,42.560001373291016,42.63999938964844,42726900.0
2019-03-13,42.65999984741211,42.75,42.54999923706055,42.689998626708984,61450000.0
2019-03-14,42.52000045776367,42.540000915527344,42.290000915527344,42.459999084472656,58460400.0
2019-03-15,42.849998474121094,43.13999938964844,42.81999969482422,43.08000183105469,139870800.0
2019-03-18,43.38999938964844,43.58000183105469,43.33000183105469,43.560001373291016,42149100.0
2019-03-19,43.61000061035156,43.7400016784668,43.47999954223633,43.58000183105469,53192700.0
2019-03-20,43.439998626708984,44.0099983215332,43.13999938964844,43.650001525878906,90678800.0
2019-03-21,43.41999816894531,43.720001220703125,43.31999969482422,43.709999084472656,71400600.0
2019-03-22,43.04999923706055,43.150001525878906,42.38999938964844,42.43000030517578,118616600.0
2019-03-25,42.34000015258789,42.65999984741211,42.29999923706055,42.529998779296875,53285300.0
2019-03-26,42.66999816894531,42.779998779296875,42.43000030517578,42.65999984741211,57145800.0
2019-03-27,42.439998626708984,42.529998779296875,42.060001373291016,42.20000076293945,72804300.0
2019-03-28,42.34000015258789,42.529998779296875,42.189998626708984,42.47999954223633,41052500.0
2019-03-29,42.95000076293945,43.0,42.720001220703125,42.91999816894531,70439100.0
2019-04-01,43.5,43.66999816894531,43.400001525878906,43.630001068115234,70455500.0
2019-04-02,43.66999816894531,43.689998626708984,43.349998474121094,43.4900016784668,48692200.0
2019-04-03,43.90999984741211,44.13999938964844,43.72999954223633,43.790000915527344,73639400.0
2019-04-04,43.779998779296875,44.13999938964844,43.7599983215332,44.060001373291016,47028400.0
2019-04-05,44.18000030517578,44.41999816894531,44.13999938964844,44.400001525878906,50360800.0
2019-04-08,44.18000030517578,44.439998626708984,44.11000061035156,44.400001525878906,30209000.0
2019-04-09,44.43000030517578,44.459999084472656,44.27000045776367,44.310001373291016,49530300.0
2019-04-10,44.5,44.63999938964844,44.40999984741211,44.52000045776367,51143400.0
2019-04-11,44.20000076293945,44.22999954223633,43.91999816894531,44.040000915527344,55153600.0
2019-04-12,44.47999954223633,44.52000045776367,44.2599983215332,44.36000061035156,54695700.0
2019-04-15,44.31999969482422,44.34000015258789,43.959999084472656,44.130001068115234,37957800.0
2019-04-16,44.31999969482422,44.52000045776367,44.31999969482422,44.459999084472656,43860100.0
2019-04-17,44.77000045776367,44.84000015258789,44.47999954223633,44.59000015258789,56935400.0
2019-04-18,44.43000030517578,44.650001525878906,44.29999923706055,44.560001373291016,56639800.0
2019-04-22,44.13999938964844,44.31999969482422,44.060001373291016,44.27000045776367,35929100.0
2019-04-23,44.20000076293945,44.45000076293945,44.150001525878906,44.369998931884766,32829900.0
2019-04-24,44.06999969482422,44.08000183105469,43.630001068115234,43.77000045776367,68961600.0
2019-04-25,43.5,43.720001220703125,43.369998931884766,43.709999084472656,61168500.0
2019-04-26,43.779998779296875,43.959999084472656,43.63999938964844,43.880001068115234,55441700.0
2019-04-29,44.0,44.04999923706055,43.880001068115234,43.970001220703125,34398300.0
2019-04-30,43.849998474121094,44.029998779296875,43.630001068115234,43.93000030517578,69577000.0
2019-05-01,44.0099983215332,44.349998474121094,43.540000915527344,43.599998474121094,98629100.0
2019-05-02,43.70000076293945,43.849998474121094,43.45000076293945,43.70000076293945,53101500.0
2019-05-03,44.02000045776367,44.279998779296875,43.959999084472656,44.220001220703125,56642000.0
2019-05-06,42.84000015258789,43.38999938964844,42.790000915527344,43.310001373291016,80977000.0
2019-05-07,42.86000061035156,42.86000061035156,42.209999084472656,42.459999084472656,94189000.0
2019-05-08,42.58000183105469,42.7599983215332,42.380001068115234,42.400001525878906,73548600.0
2019-05-09,41.45000076293945,41.93000030517578,41.150001525878906,41.72999954223633,130849000.0
2019-05-10,41.849998474121094,42.11000061035156,41.34000015258789,41.97999954223633,90343300.0
2019-05-13,40.68000030517578,40.869998931884766,40.380001068115234,40.58000183105469,154670900.0
2019-05-14,41.130001068115234,41.29999923706055,40.97999954223633,41.150001525878906,89406800.0
2019-05-15,40.900001525878906,41.310001373291016,40.84000015258789,41.22999954223633,79039500.0
2019-05-16,41.16999816894531,41.41999816894531,41.0099983215332,41.029998779296875,60101000.0
2019-05-17,40.349998474121094,40.630001068115234,40.25,40.290000915527344,83972200.0
2019-05-20,40.16999816894531,40.29999923706055,39.970001220703125,40.119998931884766,53810000.0
2019-05-21,40.38999938964844,40.63999938964844,40.290000915527344,40.630001068115234,59832600.0
2019-05-22,40.58000183105469,40.619998931884766,40.38999938964844,40.43000030517578,44117200.0
2019-05-23,39.880001068115234,40.08000183105469,39.75,39.90999984741211,86731100.0
2019-05-24,40.220001220703125,40.27000045776367,39.90999984741211,39.95000076293945,66379700.0
2019-05-28,40.369998931884766,40.41999816894531,40.0099983215332,40.09000015258789,98395200.0
2019-05-29,39.93000030517578,40.369998931884766,39.880001068115234,40.349998474121094,82060400.0
2019-05-30,40.47999954223633,40.72999954223633,40.45000076293945,40.56999969482422,69626300.0
2019-05-31,40.380001068115234,40.810001373291016,40.349998474121094,40.709999084472656,85220400.0
2019-06-03,41.04999923706055,41.29999923706055,40.970001220703125,41.08000183105469,75619900.0
2019-06-04,40.90999984741211,41.20000076293945,40.81999969482422,41.16999816894531,64141900.0
2019-06-05,41.220001220703125,41.2400016784668,40.72999954223633,40.84000015258789,64072200.0
2019-06-06,40.84000015258789,40.95000076293945,40.689998626708984,40.86000061035156,47722500.0
2019-06-07,41.08000183105469,41.52000045776367,41.060001373291016,41.18000030517578,63584200.0
2019-06-10,41.560001373291016,41.810001373291016,41.470001220703125,41.61000061035156,57245800.0
2019-06-11,42.150001525878906,42.220001220703125,41.959999084472656,42.08000183105469,69040600.0
2019-06-12,41.779998779296875,41.810001373291016,41.54999923706055,41.630001068115234,55120600.0
2019-06-13,41.689998626708984,41.7599983215332,41.43000030517578,41.560001373291016,59717500.0
2019-06-14,41.290000915527344,41.310001373291016,41.08000183105469,41.099998474121094,71468300.0
2019-06-17,40.81999969482422,41.029998779296875,40.81999969482422,40.95000076293945,48715600.0
2019-06-18,41.400001525878906,42.029998779296875,41.38999938964844,41.939998626708984,112482400.0
2019-06-19,42.02000045776367,42.5,41.91999816894531,42.290000915527344,105746200.0
2019-06-20,43.18000030517578,43.209999084472656,42.7400016784668,42.90999984741211,89200400.0
2019-06-21,42.7400016784668,42.869998931884766,42.66999816894531,42.77000045776367,55544000.0
2019-06-24,42.75,42.81999969482422,42.66999816894531,42.709999084472656,37025600.0
2019-06-25,42.540000915527344,42.59000015258789,42.209999084472656,42.27000045776367,62167500.0
2019-06-26,42.599998474121094,42.81999969482422,42.56999969482422,42.66999816894531,45126700.0
2019-06-27,42.849998474121094,42.9900016784668,42.779998779296875,42.970001220703125,42358200.0
2019-06-28,42.970001220703125,43.0,42.779998779296875,42.90999984741211,66235700.0
2019-07-01,43.70000076293945,43.7400016784668,43.2599983215332,43.41999816894531,73169000.0
2019-07-02,43.380001068115234,43.40999984741211,43.189998626708984,43.310001373291016,67518700.0
2019-07-03,43.11000061035156,43.22999954223633,43.04999923706055,43.22999954223633,31218500.0
2019-07-05,42.93000030517578,43.029998779296875,42.709999084472656,42.93000030517578,51678000.0
2019-07-08,42.630001068115234,42.72999954223633,42.560001373291016,42.66999816894531,37679000.0
2019-07-09,42.33000183105469,42.59000015258789,42.31999969482422,42.540000915527344,28227600.0
2019-07-10,42.970001220703125,43.130001068115234,42.86000061035156,42.900001525878906,53673100.0
2019-07-11,43.04999923706055,43.04999923706055,42.70000076293945,42.81999969482422,44486100.0
2019-07-12,42.86000061035156,42.88999938964844,42.68000030517578,42.849998474121094,30512200.0
2019-07-15,43.029998779296875,43.099998474121094,42.970001220703125,43.0099983215332,28026300.0
2019-07-16,43.060001373291016,43.18000030517578,42.90999984741211,42.95000076293945,37093700.0
2019-07-17,42.93000030517578,43.0099983215332,42.77000045776367,42.81999969482422,32865600.0
2019-07-18,42.79999923706055,43.130001068115234,42.779998779296875,43.08000183105469,63374400.0
2019-07-19,43.20000076293945,43.220001220703125,42.81999969482422,42.86000061035156,81774700.0
2019-07-22,42.970001220703125,43.029998779296875,42.84000015258789,42.869998931884766,29826200.0
2019-07-23,42.91999816894531,43.02000045776367,42.75,42.91999816894531,37246400.0
2019-07-24,42.869998931884766,43.02000045776367,42.869998931884766,42.9900016784668,40358800.0
2019-07-25,42.900001525878906,43.11000061035156,42.529998779296875,42.61000061035156,55327700.0
2019-07-26,42.779998779296875,42.81999969482422,42.58000183105469,42.70000076293945,33068600.0
2019-07-29,42.560001373291016,42.650001525878906,42.40999984741211,42.619998931884766,31912400.0
2019-07-30,42.290000915527344,42.349998474121094,42.15999984741211,42.290000915527344,57335800.0
2019-07-31,42.27000045776367,42.29999923706055,41.279998779296875,41.77000045776367,98764700.0
2019-08-01,41.779998779296875,42.099998474121094,40.84000015258789,40.95000076293945,139325900.0
2019-08-02,40.790000915527344,40.880001068115234,40.43000030517578,40.54999923706055,92796300.0
2019-08-05,39.43000030517578,39.5099983215332,38.849998474121094,39.04999923706055,131194100.0
2019-08-06,39.720001220703125,39.810001373291016,39.349998474121094,39.61000061035156,88071500.0
2019-08-07,39.209999084472656,39.810001373291016,39.04999923706055,39.790000915527344,106772500.0
2019-08-08,40.040000915527344,40.29999923706055,39.939998626708984,40.279998779296875,81187700.0
2019-08-09,40.029998779296875,40.09000015258789,39.70000076293945,39.869998931884766,64704000.0
2019-08-12,39.369998931884766,39.52000045776367,39.279998779296875,39.38999938964844,78559800.0
2019-08-13,39.09000015258789,40.11000061035156,39.02000045776367,39.88999938964844,110271800.0
2019-08-14,39.09000015258789,39.189998626708984,38.720001220703125,38.7400016784668,102911500.0
2019-08-15,39.099998474121094,39.15999984741211,38.810001373291016,39.0,78018300.0
2019-08-16,39.36000061035156,39.70000076293945,39.36000061035156,39.540000915527344,52047900.0
2019-08-19,40.040000915527344,40.04999923706055,39.66999816894531,39.70000076293945,43330900.0
2019-08-20,39.83000183105469,39.970001220703125,39.72999954223633,39.779998779296875,44920900.0
2019-08-21,40.20000076293945,40.20000076293945,39.970001220703125,40.15999984741211,39677100.0
2019-08-22,39.86000061035156,39.91999816894531,39.529998779296875,39.63999938964844,41603000.0
2019-08-23,39.54999923706055,39.91999816894531,38.9900016784668,39.04999923706055,80560300.0
2019-08-26,39.33000183105469,39.380001068115234,39.15999984741211,39.2599983215332,58145000.0
2019-08-27,39.529998779296875,39.66999816894531,39.29999923706055,39.33000183105469,62899100.0
2019-08-28,39.2599983215332,39.5099983215332,39.15999984741211,39.439998626708984,49483900.0
2019-08-29,39.689998626708984,39.90999984741211,39.54999923706055,39.880001068115234,43359900.0
2019-08-30,40.209999084472656,40.220001220703125,39.959999084472656,40.189998626708984,57071300.0
2019-09-03,39.72999954223633,39.95000076293945,39.72999954223633,39.939998626708984,50339600.0
2019-09-04,40.4900016784668,40.65999984741211,40.400001525878906,40.61000061035156,65958900.0
2019-09-05,41.09000015258789,41.220001220703125,41.04999923706055,41.06999969482422,72704000.0
2019-09-06,41.29999923706055,41.38999938964844,41.20000076293945,41.25,48716200.0
2019-09-09,41.36000061035156,41.5,41.25,41.380001068115234,38554200.0
2019-09-10,41.34000015258789,41.4900016784668,41.16999816894531,41.40999984741211,48449600.0
2019-09-11,41.560001373291016,41.72999954223633,41.4900016784668,41.70000076293945,62563900.0
2019-09-12,41.970001220703125,42.25,41.81999969482422,42.0,74590100.0
2019-09-13,42.25,42.349998474121094,42.15999984741211,42.2400016784668,58403500.0
2019-09-16,41.90999984741211,42.11000061035156,41.810001373291016,41.90999984741211,62905800.0
2019-09-17,41.529998779296875,41.939998626708984,41.5,41.90999984741211,98835700.0
2019-09-18,41.84000015258789,41.900001525878906,41.40999984741211,41.7400016784668,70984700.0
2019-09-19,41.7400016784668,41.880001068115234,41.5,41.56999969482422,52527900.0
2019-09-20,41.880001068115234,41.93000030517578,41.439998626708984,41.61000061035156,84880500.0
2019-09-23,41.40999984741211,41.66999816894531,41.40999984741211,41.650001525878906,41828800.0
2019-09-24,41.630001068115234,41.63999938964844,41.16999816894531,41.209999084472656,57006500.0
2019-09-25,40.939998626708984,41.27000045776367,40.790000915527344,41.18000030517578,43393200.0
2019-09-26,41.25,41.29999923706055,41.04999923706055,41.16999816894531,37645800.0
2019-09-27,41.16999816894531,41.27000045776367,40.4900016784668,40.63999938964844,79236200.0
2019-09-30,40.97999954223633,41.099998474121094,40.81999969482422,40.869998931884766,43961000.0
2019-10-01,40.900001525878906,40.90999984741211,40.54999923706055,40.58000183105469,48520000.0
2019-10-02,40.279998779296875,40.34000015258789,40.06999969482422,40.27000045776367,41806300.0
2019-10-03,40.40999984741211,40.790000915527344,40.29999923706055,40.790000915527344,62287700.0
2019-10-04,40.66999816894531,41.04999923706055,40.630001068115234,40.970001220703125,54314800.0
2019-10-07,40.720001220703125,40.93000030517578,40.599998474121094,40.630001068115234,57065700.0
2019-10-08,40.54999923706055,40.599998474121094,40.310001373291016,40.34000015258789,57784200.0
2019-10-09,40.66999816894531,40.810001373291016,40.599998474121094,40.650001525878906,41122500.0
2019-10-10,40.79999923706055,41.2400016784668,40.790000915527344,41.06999969482422,49289100.0
2019-10-11,41.70000076293945,42.04999923706055,41.630001068115234,41.72999954223633,95248800.0
2019-10-14,41.68000030517578,41.7400016784668,41.540000915527344,41.54999923706055,29228200.0
2019-10-15,41.66999816894531,42.0099983215332,41.650001525878906,41.91999816894531,50663000.0
2019-10-16,41.880001068115234,42.08000183105469,41.790000915527344,42.040000915527344,40768400.0
2019-10-17,42.369998931884766,42.38999938964844,42.13999938964844,42.20000076293945,56380200.0
2019-10-18,42.11000061035156,42.220001220703125,41.869998931884766,41.97999954223633,78858900.0
2019-10-21,42.15999984741211,42.369998931884766,42.099998474121094,42.36000061035156,38432200.0
2019-10-22,42.38999938964844,42.540000915527344,42.33000183105469,42.38999938964844,53409500.0
2019-10-23,42.220001220703125,42.45000076293945,42.189998626708984,42.400001525878906,43342700.0
2019-10-24,42.58000183105469,42.59000015258789,42.369998931884766,42.400001525878906,61391900.0
2019-10-25,42.400001525878906,42.72999954223633,42.380001068115234,42.70000076293945,49443700.0
2019-10-28,42.900001525878906,43.060001373291016,42.880001068115234,42.95000076293945,56279100.0
2019-10-29,42.72999954223633,42.86000061035156,42.689998626708984,42.72999954223633,33949800.0
2019-10-30,42.630001068115234,42.91999816894531,42.45000076293945,42.91999816894531,60881000.0
2019-10-31,42.7599983215332,42.77000045776367,42.36000061035156,42.58000183105469,56057700.0
2019-11-01,43.029998779296875,43.25,43.0099983215332,43.220001220703125,72772400.0
2019-11-04,43.77000045776367,43.81999969482422,43.58000183105469,43.650001525878906,62191600.0
2019-11-05,43.90999984741211,43.939998626708984,43.70000076293945,43.900001525878906,62354500.0
2019-11-06,43.869998931884766,43.90999984741211,43.619998931884766,43.7599983215332,61670500.0
2019-11-07,44.09000015258789,44.25,44.029998779296875,44.08000183105469,97598200.0
2019-11-08,43.72999954223633,43.83000183105469,43.59000015258789,43.68000030517578,68666900.0
2019-11-11,43.13999938964844,43.41999816894531,43.099998474121094,43.369998931884766,47092800.0
2019-11-12,43.2599983215332,43.279998779296875,43.0099983215332,43.09000015258789,57453500.0
2019-11-13,42.65999984741211,42.84000015258789,42.599998474121094,42.7599983215332,63134600.0
2019-11-14,42.720001220703125,42.849998474121094,42.56999969482422,42.790000915527344,48737400.0
2019-11-15,43.06999969482422,43.220001220703125,43.029998779296875,43.130001068115234,67670700.0
2019-11-18,43.13999938964844,43.220001220703125,43.02000045776367,43.060001373291016,52545500.0
2019-11-19,43.380001068115234,43.380001068115234,43.09000015258789,43.150001525878906,40853600.0
2019-11-20,43.0,43.15999984741211,42.779998779296875,42.959999084472656,51991800.0
2019-11-21,42.790000915527344,42.88999938964844,42.68000030517578,42.869998931884766,43842600.0
2019-11-22,42.95000076293945,42.9900016784668,42.77000045776367,42.869998931884766,23519900.0
2019-11-25,43.13999938964844,43.34000015258789,43.099998474121094,43.29999923706055,57048200.0
2019-11-26,43.060001373291016,43.189998626708984,42.88999938964844,43.16999816894531,49571200.0
2019-11-27,43.09000015258789,43.2400016784668,43.0099983215332,43.220001220703125,30402300.0
2019-11-29,42.63999938964844,42.720001220703125,42.540000915527344,42.540000915527344,35476600.0
2019-12-02,42.66999816894531,42.68000030517578,42.369998931884766,42.529998779296875,59762300.0
2019-12-03,42.15999984741211,42.31999969482422,41.970001220703125,42.310001373291016,50471700.0
2019-12-04,42.630001068115234,42.70000076293945,42.56999969482422,42.630001068115234,47026100.0
2019-12-05,42.720001220703125,42.880001068115234,42.650001525878906,42.81999969482422,43346400.0
2019-12-06,43.06999969482422,43.130001068115234,42.97999954223633,43.06999969482422,56766600.0
2019-12-09,43.029998779296875,43.16999816894531,42.880001068115234,42.900001525878906,37622000.0
2019-12-10,42.9900016784668,43.13999938964844,42.90999984741211,43.04999923706055,34791300.0
2019-12-11,43.290000915527344,43.720001220703125,43.27000045776367,43.68000030517578,60083200.0
2019-12-12,43.810001373291016,44.5,43.77000045776367,44.439998626708984,132196700.0
2019-12-13,44.54999923706055,44.869998931884766,44.29999923706055,44.41999816894531,160526800.0
2019-12-16,43.88999938964844,44.0099983215332,43.81999969482422,43.86000061035156,81828000.0
2019-12-17,44.20000076293945,44.310001373291016,44.119998931884766,44.2599983215332,79046200.0
2019-12-18,44.459999084472656,44.5099983215332,44.36000061035156,44.5,67065000.0
2019-12-19,44.36000061035156,44.529998779296875,44.33000183105469,44.52000045776367,59364600.0
2019-12-20,44.56999969482422,44.66999816894531,44.5,44.61000061035156,69295600.0
2019-12-23,44.59000015258789,44.66999816894531,44.540000915527344,44.66999816894531,29479500.0
2019-12-24,44.58000183105469,44.619998931884766,44.47999954223633,44.56999969482422,18951500.0
2019-12-26,44.7400016784668,44.90999984741211,44.720001220703125,44.88999938964844,24947900.0
2019-12-27,45.18000030517578,45.20000076293945,44.95000076293945,45.06999969482422,48407900.0
2019-12-30,45.18000030517578,45.18000030517578,44.709999084472656,44.77000045776367,44522800.0
2019-12-31,44.79999923706055,44.91999816894531,44.68000030517578,44.869998931884766,47292800.0
2020-01-02,45.36000061035156,45.779998779296875,45.349998474121094,45.779998779296875,78570100.0
2020-01-03,45.029998779296875,45.2599983215332,44.90999984741211,44.93000030517578,78998200.0
2020-01-06,44.599998474121094,44.869998931884766,44.59000015258789,44.81999969482422,40085300.0
2020-01-07,44.790000915527344,44.900001525878906,44.689998626708984,44.790000915527344,65705300.0
2020-01-08,44.72999954223633,45.29999923706055,44.689998626708984,45.04999923706055,86913300.0
2020-01-09,45.47999954223633,45.47999954223633,45.2599983215332,45.349998474121094,53199900.0
2020-01-10,45.63999938964844,45.77000045776367,45.529998779296875,45.59000015258789,67573300.0
2020-01-13,45.90999984741211,46.31999969482422,45.810001373291016,46.29999923706055,79593800.0
2020-01-14,46.029998779296875,46.06999969482422,45.81999969482422,46.040000915527344,75746900.0
2020-01-15,45.869998931884766,45.91999816894531,45.61000061035156,45.68000030517578,60620600.0
2020-01-16,45.97999954223633,46.040000915527344,45.83000183105469,45.970001220703125,50712700.0
2020-01-17,46.119998931884766,46.2599983215332,46.0099983215332,46.22999954223633,72382100.0
2020-01-21,45.27000045776367,45.349998474121094,45.029998779296875,45.060001373291016,106662600.0
2020-01-22,45.560001373291016,45.58000183105469,45.29999923706055,45.43000030517578,57584900.0
2020-01-23,44.720001220703125,45.099998474121094,44.47999954223633,44.959999084472656,88714300.0
2020-01-24,45.02000045776367,45.029998779296875,44.38999938964844,44.599998474121094,88654500.0
2020-01-27,42.7400016784668,44.970001220703125,42.65999984741211,43.060001373291016,129321800.0
2020-01-28,43.220001220703125,43.5,43.029998779296875,43.41999816894531,82396700.0
2020-01-29,43.7599983215332,43.790000915527344,43.5,43.630001068115234,51814700.0
2020-01-30,42.65999984741211,43.029998779296875,42.43000030517578,42.97999954223633,105864200.0
2020-01-31,42.29999923706055,42.33000183105469,41.880001068115234,42.11000061035156,99532200.0
2020-02-03,42.27000045776367,42.68000030517578,42.2599983215332,42.58000183105469,71309200.0
2020-02-04,43.68000030517578,43.93000030517578,43.650001525878906,43.68000030517578,73939300.0
2020-02-05,44.459999084472656,44.470001220703125,43.900001525878906,43.93000030517578,74350800.0
2020-02-06,44.33000183105469,44.349998474121094,43.959999084472656,43.970001220703125,80118800.0
2020-02-07,43.529998779296875,43.54999923706055,43.25,43.36000061035156,58449900.0
2020-02-10,43.380001068115234,43.630001068115234,43.380001068115234,43.599998474121094,45350800.0
2020-02-11,44.13999938964844,44.40999984741211,44.08000183105469,44.16999816894531,58708400.0
2020-02-12,44.59000015258789,44.84000015258789,44.5,44.77000045776367,41641100.0
2020-02-13,44.290000915527344,44.45000076293945,44.15999984741211,44.18000030517578,64757500.0
2020-02-14,44.459999084472656,44.470001220703125,44.040000915527344,44.20000076293945,45095300.0
2020-02-18,43.88999938964844,44.04999923706055,43.810001373291016,43.90999984741211,40176200.0
2020-02-19,44.25,44.33000183105469,44.189998626708984,44.22999954223633,45651500.0
2020-02-20,43.880001068115234,44.34000015258789,43.400001525878906,43.540000915527344,109316300.0
2020-02-21,43.439998626708984,43.529998779296875,43.22999954223633,43.290000915527344,70553100.0
2020-02-24,41.459999084472656,41.90999984741211,41.43000030517578,41.66999816894531,101505600.0
2020-02-25,42.279998779296875,42.349998474121094,41.34000015258789,41.34000015258789,118601100.0
2020-02-26,41.83000183105469,42.2400016784668,41.63999938964844,41.66999816894531,109411100.0
2020-02-27,41.209999084472656,41.52000045776367,40.65999984741211,40.66999816894531,151063200.0
2020-02-28,39.54999923706055,40.619998931884766,39.279998779296875,40.52000045776367,201191200.0
2020-03-02,40.63999938964844,41.40999984741211,40.400001525878906,41.400001525878906,135152300.0
2020-03-03,41.40999984741211,42.08000183105469,40.83000183105469,41.119998931884766,141798700.0
2020-03-04,41.7400016784668,41.93000030517578,41.5099983215332,41.849998474121094,80064800.0
2020-03-05,41.52000045776367,41.68000030517578,40.79999923706055,40.970001220703125,107474200.0
2020-03-06,40.27000045776367,40.38999938964844,39.810001373291016,40.130001068115234,104006900.0
2020-03-09,37.22999954223633,38.099998474121094,36.599998474121094,37.38999938964844,143376900.0
2020-03-10,38.95000076293945,39.33000183105469,38.16999816894531,39.290000915527344,142773700.0
2020-03-11,38.20000076293945,38.33000183105469,37.220001220703125,37.459999084472656,137795400.0
2020-03-12,34.130001068115234,34.66999816894531,32.88999938964844,33.709999084472656,171341200.0
2020-03-13,36.61000061035156,36.70000076293945,34.380001068115234,36.13999938964844,128272900.0
2020-03-16,32.0,33.47999954223633,31.59000015258789,31.6299991607666,101553900.0
2020-03-17,32.560001373291016,33.810001373291016,32.029998779296875,33.810001373291016,92310900.0
2020-03-18,30.90999984741211,32.02000045776367,30.149999618530273,30.889999389648438,101136100.0
2020-03-19,30.809999465942383,31.549999237060547,30.25,31.1299991607666,68919700.0
2020-03-20,32.59000015258789,32.720001220703125,31.25,31.360000610351562,100290200.0
2020-03-23,31.059999465942383,31.15999984741211,30.100000381469727,30.610000610351562,97832900.0
2020-03-24,32.61000061035156,32.970001220703125,32.349998474121094,32.90999984741211,84450500.0
2020-03-25,33.5099983215332,34.529998779296875,33.189998626708984,34.06999969482422,79588900.0
2020-03-26,34.36000061035156,35.45000076293945,34.279998779296875,35.36000061035156,89991500.0
2020-03-27,33.45000076293945,33.959999084472656,33.189998626708984,33.349998474121094,74103800.0
2020-03-30,33.470001220703125,33.93000030517578,33.220001220703125,33.900001525878906,47544900.0
2020-03-31,33.97999954223633,34.54999923706055,33.91999816894531,34.130001068115234,64131300.0
2020-04-01,33.099998474121094,33.33000183105469,32.619998931884766,32.66999816894531,65580600.0
2020-04-02,33.290000915527344,33.939998626708984,33.20000076293945,33.77000045776367,55784000.0
2020-04-03,33.689998626708984,33.86000061035156,32.95000076293945,33.130001068115234,68672500.0
2020-04-06,34.439998626708984,34.95000076293945,34.29999923706055,34.939998626708984,82394800.0
2020-04-07,36.09000015258789,36.119998931884766,35.04999923706055,35.119998931884766,74322600.0
2020-04-08,35.209999084472656,35.56999969482422,34.939998626708984,35.47999954223633,47112900.0
2020-04-09,35.86000061035156,36.09000015258789,35.2599983215332,35.349998474121094,67239300.0
2020-04-13,35.34000015258789,35.45000076293945,35.0,35.400001525878906,38193400.0
2020-04-14,36.209999084472656,36.47999954223633,36.0099983215332,36.209999084472656,52817400.0
2020-04-15,35.349998474121094,35.459999084472656,35.119998931884766,35.279998779296875,60775200.0
2020-04-16,35.779998779296875,35.81999969482422,35.349998474121094,35.470001220703125,37215100.0
2020-04-17,36.43000030517578,36.47999954223633,36.0,36.2599983215332,40870300.0
2020-04-20,35.880001068115234,36.2400016784668,35.72999954223633,35.79999923706055,44402700.0
2020-04-21,34.97999954223633,35.18000030517578,34.7400016784668,34.810001373291016,46166600.0
2020-04-22,35.779998779296875,35.869998931884766,35.689998626708984,35.7599983215332,37455800.0
2020-04-23,36.040000915527344,36.290000915527344,35.61000061035156,35.630001068115234,40733100.0
2020-04-24,35.689998626708984,35.7400016784668,35.25,35.58000183105469,30553700.0
2020-04-27,36.04999923706055,36.369998931884766,35.9900016784668,36.29999923706055,30617400.0
2020-04-28,36.81999969482422,36.849998474121094,36.349998474121094,36.369998931884766,34463600.0
2020-04-29,36.9900016784668,37.5,36.91999816894531,37.43000030517578,45483100.0
2020-04-30,37.2400016784668,37.36000061035156,36.400001525878906,36.63999938964844,59181700.0
2020-05-01,35.75,35.880001068115234,35.20000076293945,35.31999969482422,56829000.0
2020-05-04,35.459999084472656,35.7400016784668,35.31999969482422,35.70000076293945,37036200.0
2020-05-05,36.060001373291016,36.2400016784668,35.86000061035156,35.900001525878906,41772700.0
2020-05-06,36.119998931884766,36.15999984741211,35.77000045776367,35.790000915527344,36584500.0
2020-05-07,36.130001068115234,36.2400016784668,35.90999984741211,36.08000183105469,36883300.0
2020-05-08,36.540000915527344,36.95000076293945,36.5099983215332,36.84000015258789,60613000.0
2020-05-11,36.619998931884766,36.84000015258789,36.560001373291016,36.599998474121094,31053700.0
2020-05-12,36.900001525878906,37.15999984741211,36.45000076293945,36.459999084472656,49641400.0
2020-05-13,36.869998931884766,36.95000076293945,36.150001525878906,36.38999938964844,55002900.0
2020-05-14,35.689998626708984,36.59000015258789,35.560001373291016,36.529998779296875,58633700.0
2020-05-15,35.959999084472656,36.20000076293945,35.84000015258789,36.029998779296875,40402000.0
2020-05-18,36.91999816894531,37.52000045776367,36.90999984741211,37.439998626708984,47487700.0
2020-05-19,37.380001068115234,37.560001373291016,37.119998931884766,37.13999938964844,36152600.0
2020-05-20,37.72999954223633,37.90999984741211,37.41999816894531,37.630001068115234,43140300.0
2020-05-21,37.400001525878906,37.529998779296875,37.02000045776367,37.20000076293945,42845500.0
2020-05-22,36.619998931884766,36.619998931884766,36.310001373291016,36.43000030517578,47355000.0
2020-05-26,37.58000183105469,37.72999954223633,37.189998626708984,37.22999954223633,54511200.0
2020-05-27,37.400001525878906,37.43000030517578,36.90999984741211,37.349998474121094,47182400.0
2020-05-28,37.470001220703125,37.650001525878906,37.06999969482422,37.09000015258789,53388700.0
2020-05-29,37.349998474121094,37.79999923706055,37.09000015258789,37.72999954223633,63616700.0
2020-06-01,38.08000183105469,38.630001068115234,38.0099983215332,38.599998474121094,49360200.0
2020-06-02,39.06999969482422,39.56999969482422,38.97999954223633,39.52000045776367,54010500.0
2020-06-03,40.04999923706055,40.52000045776367,39.9900016784668,40.439998626708984,60769300.0
2020-06-04,39.90999984741211,40.18000030517578,39.66999816894531,39.869998931884766,50969300.0
2020-06-05,40.900001525878906,41.15999984741211,40.81999969482422,40.91999816894531,52467500.0
2020-06-08,40.79999923706055,41.189998626708984,40.560001373291016,41.16999816894531,39777100.0
2020-06-09,40.58000183105469,40.97999954223633,40.43000030517578,40.88999938964844,44389800.0
2020-06-10,41.0099983215332,41.310001373291016,40.66999816894531,41.189998626708984,81172700.0
2020-06-11,39.86000061035156,40.08000183105469,38.9900016784668,39.040000915527344,91271100.0
2020-06-12,40.02000045776367,40.099998474121094,39.279998779296875,39.869998931884766,73779500.0
2020-06-15,38.619998931884766,39.5099983215332,38.5,39.279998779296875,76868600.0
2020-06-16,40.27000045776367,40.27000045776367,39.25,39.529998779296875,79638000.0
2020-06-17,39.869998931884766,40.11000061035156,39.790000915527344,39.90999984741211,61471100.0
2020-06-18,39.810001373291016,40.08000183105469,39.79999923706055,39.93000030517578,48131400.0
2020-06-19,40.470001220703125,40.47999954223633,39.779998779296875,39.91999816894531,72411300.0
2020-06-22,40.189998626708984,40.5,40.099998474121094,40.40999984741211,39024200.0
2020-06-23,40.88999938964844,41.06999969482422,40.7599983215332,40.79999923706055,32995800.0
2020-06-24,40.63999938964844,40.7599983215332,39.97999954223633,40.2599983215332,51150200.0
2020-06-25,40.119998931884766,40.439998626708984,39.97999954223633,40.43000030517578,48199000.0
2020-06-26,40.310001373291016,40.33000183105469,39.77000045776367,39.939998626708984,53901200.0
2020-06-29,39.95000076293945,40.13999938964844,39.720001220703125,40.119998931884766,34712700.0
2020-06-30,40.04999923706055,40.09000015258789,39.7400016784668,39.9900016784668,67644600.0
2020-07-01,40.209999084472656,40.59000015258789,40.18000030517578,40.439998626708984,51766200.0
2020-07-02,41.310001373291016,41.599998474121094,41.18000030517578,41.36000061035156,42240200.0
2020-07-06,42.779998779296875,43.150001525878906,42.779998779296875,43.13999938964844,69159900.0
2020-07-07,42.59000015258789,42.880001068115234,42.400001525878906,42.41999816894531,34004100.0
2020-07-08,43.0,43.52000045776367,42.95000076293945,43.52000045776367,42278100.0
2020-07-09,43.900001525878906,43.959999084472656,43.130001068115234,43.52000045776367,64950400.0
2020-07-10,43.22999954223633,43.29999923706055,42.95000076293945,43.2400016784668,45293500.0
2020-07-13,43.540000915527344,43.86000061035156,42.869998931884766,42.95000076293945,47039600.0
2020-07-14,42.45000076293945,43.130001068115234,42.349998474121094,43.0099983215332,56528000.0
2020-07-15,43.27000045776367,43.349998474121094,42.970001220703125,43.13999938964844,48309100.0
2020-07-16,42.310001373291016,42.56999969482422,42.25,42.529998779296875,36512000.0
2020-07-17,42.84000015258789,42.86000061035156,42.54999923706055,42.77000045776367,40913000.0
2020-07-20,43.0099983215332,43.369998931884766,42.88999938964844,43.31999969482422,23319300.0
2020-07-21,44.0,44.02000045776367,43.70000076293945,43.720001220703125,44420500.0
2020-07-22,43.709999084472656,43.709999084472656,43.290000915527344,43.529998779296875,31232200.0
2020-07-23,43.5,43.66999816894531,42.970001220703125,43.18000030517578,39243400.0
2020-07-24,42.720001220703125,43.13999938964844,42.630001068115234,43.13999938964844,30184800.0
2020-07-27,43.439998626708984,43.84000015258789,43.310001373291016,43.810001373291016,39112200.0
2020-07-28,43.72999954223633,43.779998779296875,43.400001525878906,43.45000076293945,31219100.0
2020-07-29,43.849998474121094,44.27000045776367,43.849998474121094,44.150001525878906,37830900.0
2020-07-30,43.630001068115234,43.7599983215332,43.189998626708984,43.59000015258789,47900300.0
2020-07-31,43.630001068115234,43.63999938964844,42.959999084472656,43.290000915527344,62457700.0
2020-08-03,43.45000076293945,43.689998626708984,43.40999984741211,43.59000015258789,30603000.0
2020-08-04,43.779998779296875,44.16999816894531,43.77000045776367,44.16999816894531,40597400.0
2020-08-05,44.560001373291016,44.849998474121094,44.529998779296875,44.650001525878906,36768200.0
2020-08-06,44.52000045776367,44.810001373291016,44.36000061035156,44.790000915527344,33523700.0
2020-08-07,43.9900016784668,44.150001525878906,43.63999938964844,43.869998931884766,35759300.0
2020-08-10,43.939998626708984,44.06999969482422,43.63999938964844,43.97999954223633,26964700.0
2020-08-11,44.27000045776367,44.36000061035156,43.810001373291016,43.86000061035156,34166400.0
2020-08-12,44.310001373291016,44.58000183105469,44.209999084472656,44.45000076293945,30740100.0
2020-08-13,44.400001525878906,44.470001220703125,44.130001068115234,44.31999969482422,26509200.0
2020-08-14,44.209999084472656,44.310001373291016,44.150001525878906,44.2400016784668,24593800.0
2020-08-17,44.56999969482422,44.81999969482422,44.5,44.79999923706055,26422200.0
2020-08-18,44.79999923706055,44.869998931884766,44.459999084472656,44.75,34464800.0
2020-08-19,44.61000061035156,44.619998931884766,44.189998626708984,44.20000076293945,28391100.0
2020-08-20,43.459999084472656,44.06999969482422,43.369998931884766,44.060001373291016,38399500.0
2020-08-21,43.97999954223633,44.29999923706055,43.790000915527344,44.279998779296875,34657800.0
2020-08-24,44.939998626708984,44.970001220703125,44.599998474121094,44.77000045776367,26576500.0
2020-08-25,44.91999816894531,45.2599983215332,44.81999969482422,45.220001220703125,27608400.0
2020-08-26,45.22999954223633,45.38999938964844,45.16999816894531,45.34000015258789,31465300.0
2020-08-27,45.459999084472656,45.459999084472656,44.77000045776367,44.959999084472656,31947400.0
2020-08-28,45.2400016784668,45.560001373291016,45.119998931884766,45.54999923706055,24151700.0
2020-08-31,44.709999084472656,44.720001220703125,44.25,44.540000915527344,52790000.0
2020-09-01,44.959999084472656,45.33000183105469,44.91999816894531,45.29999923706055,34212200.0
2020-09-02,45.36000061035156,45.369998931884766,44.779998779296875,45.18000030517578,50638400.0
2020-09-03,44.939998626708984,44.95000076293945,44.040000915527344,44.31999969482422,82433300.0
2020-09-04,44.41999816894531,44.65999984741211,43.58000183105469,44.34000015258789,62284500.0
2020-09-08,43.560001373291016,43.959999084472656,43.43000030517578,43.56999969482422,50051100.0
2020-09-09,44.0099983215332,44.310001373291016,43.900001525878906,44.220001220703125,49010500.0
2020-09-10,44.27000045776367,44.34000015258789,43.5099983215332,43.5099983215332,54276200.0
2020-09-11,44.11000061035156,44.25,43.709999084472656,43.93000030517578,49400700.0
2020-09-14,44.5099983215332,44.709999084472656,44.45000076293945,44.63999938964844,38892300.0
2020-09-15,45.189998626708984,45.22999954223633,45.02000045776367,45.11000061035156,30541000.0
2020-09-16,45.25,45.40999984741211,45.029998779296875,45.04999923706055,38179100.0
2020-09-17,44.5099983215332,44.939998626708984,44.47999954223633,44.869998931884766,38231100.0
2020-09-18,44.90999984741211,44.95000076293945,44.45000076293945,44.52000045776367,34270500.0
2020-09-21,43.77000045776367,44.13999938964844,43.38999938964844,44.11000061035156,42901100.0
2020-09-22,43.95000076293945,43.970001220703125,43.41999816894531,43.779998779296875,44884000.0
2020-09-23,43.650001525878906,43.72999954223633,43.060001373291016,43.099998474121094,40837000.0
2020-09-24,42.5,43.20000076293945,42.43000030517578,42.900001525878906,46493800.0
2020-09-25,42.540000915527344,42.959999084472656,42.290000915527344,42.939998626708984,44165700.0
2020-09-28,43.5099983215332,43.599998474121094,43.209999084472656,43.41999816894531,45528300.0
2020-09-29,43.290000915527344,43.529998779296875,43.25,43.38999938964844,25333200.0
2020-09-30,43.72999954223633,44.209999084472656,43.70000076293945,44.09000015258789,48674300.0
2020-10-01,44.41999816894531,44.529998779296875,44.15999984741211,44.5,51521100.0
2020-10-02,43.83000183105469,44.380001068115234,43.779998779296875,43.9900016784668,32647100.0
2020-10-05,44.22999954223633,44.58000183105469,44.22999954223633,44.58000183105469,36059100.0
2020-10-06,44.720001220703125,45.0,44.5099983215332,44.65999984741211,43464800.0
2020-10-07,45.06999969482422,45.290000915527344,44.939998626708984,45.150001525878906,45691100.0
2020-10-08,45.310001373291016,45.56999969482422,44.95000076293945,45.52000045776367,29669900.0
2020-10-09,45.630001068115234,45.959999084472656,45.5,45.83000183105469,31901900.0
2020-10-12,46.08000183105469,46.34000015258789,45.97999954223633,46.22999954223633,40037700.0
2020-10-13,46.06999969482422,46.099998474121094,45.79999923706055,46.040000915527344,35585000.0
2020-10-14,46.02000045776367,46.13999938964844,45.709999084472656,45.72999954223633,42300500.0
2020-10-15,45.06999969482422,45.439998626708984,45.02000045776367,45.400001525878906,41119300.0
2020-10-16,45.560001373291016,45.689998626708984,45.40999984741211,45.560001373291016,31611400.0
2020-10-19,45.70000076293945,45.88999938964844,45.34000015258789,45.43000030517578,30869500.0
2020-10-20,45.709999084472656,46.16999816894531,45.689998626708984,45.93000030517578,51631300.0
2020-10-21,46.0,46.31999969482422,45.939998626708984,46.060001373291016,42909300.0
2020-10-22,46.13999938964844,46.18000030517578,45.81999969482422,46.04999923706055,41884100.0
2020-10-23,46.09000015258789,46.31999969482422,45.869998931884766,46.31999969482422,36931400.0
2020-10-26,45.77000045776367,46.040000915527344,45.349998474121094,45.720001220703125,53574300.0
2020-10-27,45.849998474121094,46.04999923706055,45.70000076293945,45.91999816894531,41828600.0
2020-10-28,45.189998626708984,45.25,44.72999954223633,44.77000045776367,67047200.0
2020-10-29,44.939998626708984,45.369998931884766,44.779998779296875,45.220001220703125,44763400.0
2020-10-30,44.849998474121094,44.91999816894531,44.40999984741211,44.709999084472656,66155200.0
2020-11-02,45.18000030517578,45.29999923706055,44.91999816894531,45.279998779296875,51001600.0
2020-11-03,45.36000061035156,45.599998474121094,45.18000030517578,45.47999954223633,49744300.0
2020-11-04,46.09000015258789,47.09000015258789,46.0,46.90999984741211,81110200.0
2020-11-05,47.709999084472656,47.90999984741211,47.310001373291016,47.709999084472656,78029300.0
2020-11-06,47.66999816894531,48.11000061035156,47.540000915527344,47.93000030517578,57353300.0
2020-11-09,49.47999954223633,49.529998779296875,48.2400016784668,48.2599983215332,74889400.0
2020-11-10,48.06999969482422,48.189998626708984,47.5,47.709999084472656,68735600.0
2020-11-11,47.63999938964844,48.099998474121094,47.560001373291016,48.02000045776367,46272000.0
2020-11-12,48.13999938964844,48.310001373291016,47.540000915527344,47.65999984741211,41292600.0
2020-11-13,48.2400016784668,48.36000061035156,47.9900016784668,48.33000183105469,48143400.0
2020-11-16,48.849998474121094,49.09000015258789,48.7599983215332,48.93000030517578,63565900.0
2020-11-17,48.630001068115234,49.0099983215332,48.560001373291016,48.880001068115234,34661600.0
2020-11-18,49.09000015258789,49.099998474121094,48.70000076293945,48.709999084472656,32343400.0
2020-11-19,48.47999954223633,48.86000061035156,48.380001068115234,48.790000915527344,27524000.0
2020-11-20,48.900001525878906,49.20000076293945,48.86000061035156,49.060001373291016,35259100.0
2020-11-23,49.59000015258789,49.599998474121094,49.08000183105469,49.189998626708984,38979600.0
2020-11-24,49.599998474121094,49.880001068115234,49.34000015258789,49.849998474121094,39275200.0
2020-11-25,49.400001525878906,49.599998474121094,49.2599983215332,49.56999969482422,47358000.0
2020-11-27,49.95000076293945,50.16999816894531,49.90999984741211,50.040000915527344,27040300.0
2020-11-30,49.310001373291016,49.310001373291016,48.709999084472656,48.72999954223633,60622800.0
2020-12-01,49.59000015258789,49.880001068115234,49.349998474121094,49.689998626708984,50376400.0
2020-12-02,49.61000061035156,49.86000061035156,49.41999816894531,49.7599983215332,42826100.0
2020-12-03,50.22999954223633,50.58000183105469,50.189998626708984,50.33000183105469,61408300.0
2020-12-04,50.720001220703125,50.880001068115234,50.630001068115234,50.849998474121094,42230900.0
2020-12-07,50.779998779296875,50.9900016784668,50.650001525878906,50.849998474121094,43115100.0
2020-12-08,50.790000915527344,50.869998931884766,50.630001068115234,50.869998931884766,28632600.0
2020-12-09,51.029998779296875,51.029998779296875,50.189998626708984,50.43000030517578,40762600.0
2020-12-10,50.369998931884766,51.13999938964844,50.34000015258789,51.08000183105469,36032000.0
2020-12-11,50.7599983215332,50.90999984741211,50.630001068115234,50.720001220703125,38034400.0
2020-12-14,50.31999969482422,50.349998474121094,49.90999984741211,49.939998626708984,34407200.0
2020-12-15,50.15999984741211,50.5099983215332,50.02000045776367,50.47999954223633,39345000.0
2020-12-16,50.58000183105469,50.79999923706055,50.470001220703125,50.720001220703125,38243300.0
2020-12-17,51.04999923706055,51.11000061035156,50.88999938964844,51.04999923706055,36323800.0
2020-12-18,50.95000076293945,51.02000045776367,50.779998779296875,50.9900016784668,47662800.0
2020-12-21,49.86000061035156,50.45000076293945,49.84000015258789,50.2400016784668,48558100.0
2020-12-22,50.11000061035156,50.15999984741211,49.77000045776367,49.84000015258789,35229900.0
2020-12-23,50.31999969482422,50.459999084472656,50.25,50.349998474121094,36469400.0
2020-12-24,50.209999084472656,50.33000183105469,49.86000061035156,50.130001068115234,20689000.0
2020-12-28,50.369998931884766,50.439998626708984,50.15999984741211,50.27000045776367,26906100.0
2020-12-29,50.720001220703125,51.060001373291016,50.68000030517578,51.02000045776367,41965900.0
2020-12-30,51.63999938964844,51.880001068115234,51.59000015258789,51.70000076293945,35759500.0
2020-12-31,51.9900016784668,52.0,51.36000061035156,51.66999816894531,35680200.0
2021-01-04,52.619998931884766,52.810001373291016,51.83000183105469,52.0,48201300.0
2021-01-05,52.4900016784668,53.27000045776367,52.4900016784668,53.25,53358000.0
2021-01-06,52.849998474121094,53.439998626708984,52.65999984741211,52.79999923706055,56418700.0
2021-01-07,53.08000183105469,53.29999923706055,52.81999969482422,53.29999923706055,41031300.0
2021-01-08,54.25,54.7400016784668,53.939998626708984,54.709999084472656,76024300.0
2021-01-11,53.9900016784668,54.29999923706055,53.90999984741211,53.970001220703125,40816400.0
2021-01-12,54.310001373291016,54.61000061035156,54.15999984741211,54.5,47570500.0
2021-01-13,54.599998474121094,54.88999938964844,54.279998779296875,54.619998931884766,33561200.0
2021-01-14,55.220001220703125,55.47999954223633,55.060001373291016,55.130001068115234,38837200.0
2021-01-15,54.560001373291016,54.66999816894531,54.209999084472656,54.349998474121094,58519000.0
2021-01-19,55.5,55.540000915527344,55.119998931884766,55.25,50429300.0
2021-01-20,56.20000076293945,56.2599983215332,55.95000076293945,56.220001220703125,38832500.0
2021-01-21,56.40999984741211,56.45000076293945,56.11000061035156,56.31999969482422,31457000.0
2021-01-22,55.540000915527344,55.95000076293945,55.470001220703125,55.83000183105469,48223800.0
2021-01-25,56.45000076293945,56.540000915527344,55.709999084472656,56.25,50793700.0
2021-01-26,55.790000915527344,55.93000030517578,55.529998779296875,55.84000015258789,32283000.0
2021-01-27,54.65999984741211,54.880001068115234,54.25,54.290000915527344,45279700.0
2021-01-28,54.189998626708984,54.869998931884766,54.04999923706055,54.66999816894531,38055000.0
2021-01-29,53.720001220703125,53.849998474121094,53.04999923706055,53.310001373291016,57657800.0
2021-02-01,54.41999816894531,54.849998474121094,54.15999984741211,54.75,51427000.0
2021-02-02,55.54999923706055,55.59000015258789,55.290000915527344,55.459999084472656,33172200.0
2021-02-03,55.83000183105469,55.95000076293945,55.56999969482422,55.7400016784668,32363100.0
2021-02-04,55.68000030517578,55.79999923706055,55.34000015258789,55.7599983215332,40161800.0
2021-02-05,56.0099983215332,56.2599983215332,55.79999923706055,56.2400016784668,24242300.0
2021-02-08,56.040000915527344,56.439998626708984,56.029998779296875,56.34000015258789,21606000.0
2021-02-09,56.349998474121094,56.9900016784668,56.34000015258789,56.939998626708984,27200000.0
2021-02-10,57.45000076293945,57.529998779296875,56.79999923706055,57.13999938964844,30531200.0
2021-02-11,57.650001525878906,58.0,57.540000915527344,57.75,48875000.0
2021-02-12,57.5,57.970001220703125,57.40999984741211,57.79999923706055,28400400.0
2021-02-16,58.130001068115234,58.290000915527344,57.790000915527344,57.939998626708984,34954000.0
2021-02-17,57.84000015258789,58.0,57.54999923706055,57.959999084472656,37789100.0
2021-02-18,57.02000045776367,57.15999984741211,56.540000915527344,57.15999984741211,46118400.0
2021-02-19,57.5,57.810001373291016,57.34000015258789,57.529998779296875,39809800.0
2021-02-22,56.0,56.369998931884766,55.779998779296875,55.84000015258789,46924200.0
2021-02-23,55.47999954223633,56.279998779296875,54.790000915527344,56.09000015258789,40316200.0
2021-02-24,55.15999984741211,55.75,54.81999969482422,55.72999954223633,36631300.0
2021-02-25,55.7599983215332,55.900001525878906,54.380001068115234,54.459999084472656,50895200.0
2021-02-26,54.11000061035156,54.150001525878906,53.38999938964844,53.72999954223633,68933600.0
2021-03-01,54.81999969482422,55.33000183105469,54.70000076293945,55.16999816894531,53421400.0
2021-03-02,54.869998931884766,54.90999984741211,54.459999084472656,54.630001068115234,38533600.0
2021-03-03,55.040000915527344,55.18000030517578,54.31999969482422,54.52000045776367,43013300.0
2021-03-04,54.29999923706055,54.54999923706055,52.970001220703125,53.25,70653800.0
2021-03-05,54.0099983215332,54.029998779296875,52.79999923706055,53.83000183105469,64018500.0
2021-03-08,52.880001068115234,53.029998779296875,52.25,52.380001068115234,54120600.0
2021-03-09,53.150001525878906,53.83000183105469,53.08000183105469,53.529998779296875,42450100.0
2021-03-10,53.77000045776367,53.790000915527344,53.040000915527344,53.290000915527344,42853900.0
2021-03-11,54.5099983215332,55.040000915527344,54.27000045776367,54.970001220703125,57247200.0
2021-03-12,53.84000015258789,53.9900016784668,53.58000183105469,53.9900016784668,41559600.0
2021-03-15,53.72999954223633,54.130001068115234,53.59000015258789,54.119998931884766,32447400.0
2021-03-16,54.290000915527344,54.54999923706055,54.11000061035156,54.349998474121094,41261600.0
2021-03-17,53.650001525878906,54.65999984741211,53.52000045776367,54.41999816894531,57032400.0
2021-03-18,53.93000030517578,54.09000015258789,53.38999938964844,53.41999816894531,49205900.0
2021-03-19,53.5,54.08000183105469,53.33000183105469,54.08000183105469,60265700.0
2021-03-22,53.7400016784668,54.08000183105469,53.54999923706055,53.91999816894531,24860300.0
2021-03-23,53.220001220703125,53.400001525878906,52.86000061035156,52.88999938964844,40356400.0
2021-03-24,52.54999923706055,52.630001068115234,51.68000030517578,51.68000030517578,45315400.0
2021-03-25,51.560001373291016,52.06999969482422,51.52000045776367,51.91999816894531,73684400.0
2021-03-26,52.400001525878906,53.31999969482422,52.15999984741211,53.27000045776367,142402800.0
2021-03-29,52.84000015258789,53.119998931884766,52.63999938964844,52.900001525878906,51309500.0
2021-03-30,52.880001068115234,53.18000030517578,52.72999954223633,53.06999969482422,44414300.0
2021-03-31,53.0099983215332,53.52000045776367,53.0099983215332,53.34000015258789,38807500.0
2021-04-01,54.119998931884766,54.220001220703125,53.810001373291016,53.86000061035156,44592700.0
2021-04-05,54.189998626708984,54.25,53.95000076293945,54.06999969482422,30891600.0
2021-04-06,54.08000183105469,54.599998474121094,53.959999084472656,54.369998931884766,31509200.0
2021-04-07,53.61000061035156,53.75,53.380001068115234,53.56999969482422,47888100.0
2021-04-08,54.119998931884766,54.279998779296875,53.9900016784668,54.0099983215332,50373000.0
2021-04-09,53.4900016784668,53.56999969482422,53.369998931884766,53.54999923706055,35808300.0
2021-04-12,53.18000030517578,53.290000915527344,53.060001373291016,53.22999954223633,30045900.0
2021-04-13,53.2400016784668,53.63999938964844,53.15999984741211,53.45000076293945,33697900.0
2021-04-14,53.93000030517578,54.040000915527344,53.66999816894531,53.720001220703125,27449500.0
2021-04-15,54.15999984741211,54.2599983215332,53.9900016784668,54.209999084472656,42622000.0
2021-04-16,54.349998474121094,54.43000030517578,54.099998474121094,54.349998474121094,32031300.0
2021-04-19,54.2400016784668,54.34000015258789,53.959999084472656,54.150001525878906,34318500.0
2021-04-20,54.09000015258789,54.20000076293945,53.560001373291016,53.709999084472656,27732600.0
2021-04-21,53.459999084472656,54.06999969482422,53.34000015258789,54.040000915527344,33407600.0
2021-04-22,54.08000183105469,54.189998626708984,53.68000030517578,53.849998474121094,39452000.0
2021-04-23,54.380001068115234,54.689998626708984,54.34000015258789,54.630001068115234,27062900.0
2021-04-26,54.540000915527344,54.75,54.43000030517578,54.70000076293945,26805200.0
2021-04-27,54.689998626708984,54.84000015258789,54.58000183105469,54.66999816894531,25563100.0
2021-04-28,54.93000030517578,55.34000015258789,54.7599983215332,55.08000183105469,37381000.0
2021-04-29,55.2599983215332,55.27000045776367,54.5,54.95000076293945,36617000.0
2021-04-30,54.27000045776367,54.369998931884766,53.849998474121094,53.97999954223633,46299900.0
2021-05-03,53.939998626708984,54.22999954223633,53.7599983215332,53.97999954223633,20628000.0
2021-05-04,53.58000183105469,53.65999984741211,52.97999954223633,53.369998931884766,38634800.0
2021-05-05,53.630001068115234,53.79999923706055,53.459999084472656,53.619998931884766,26062900.0
2021-05-06,53.900001525878906,54.15999984741211,53.72999954223633,54.130001068115234,29454200.0
2021-05-07,54.459999084472656,54.93000030517578,54.38999938964844,54.689998626708984,41590600.0
2021-05-10,54.470001220703125,54.4900016784668,53.65999984741211,53.709999084472656,40686800.0
2021-05-11,52.70000076293945,53.58000183105469,52.65999984741211,53.560001373291016,37374100.0
2021-05-12,52.68000030517578,52.90999984741211,52.0099983215332,52.08000183105469,53632900.0
2021-05-13,52.2400016784668,52.5099983215332,51.7400016784668,52.0099983215332,42935200.0
2021-05-14,52.61000061035156,53.040000915527344,52.47999954223633,52.95000076293945,40363000.0
2021-05-17,52.61000061035156,52.939998626708984,52.529998779296875,52.900001525878906,23169500.0
2021-05-18,53.59000015258789,53.880001068115234,53.52000045776367,53.61000061035156,32405300.0
2021-05-19,52.95000076293945,53.650001525878906,52.90999984741211,53.45000076293945,46284100.0
2021-05-20,53.529998779296875,53.869998931884766,53.52000045776367,53.7599983215332,33273000.0
2021-05-21,53.7400016784668,53.7400016784668,53.060001373291016,53.13999938964844,39110900.0
2021-05-24,53.38999938964844,53.709999084472656,53.279998779296875,53.58000183105469,22436200.0
2021-05-25,54.27000045776367,54.36000061035156,54.029998779296875,54.11000061035156,40993700.0
2021-05-26,54.31999969482422,54.56999969482422,54.29999923706055,54.5099983215332,26984700.0
2021-05-27,54.560001373291016,54.66999816894531,54.400001525878906,54.52000045776367,35598900.0
2021-05-28,54.65999984741211,55.0,54.63999938964844,54.869998931884766,43730300.0
2021-06-01,56.13999938964844,56.18000030517578,55.81999969482422,56.0,41656100.0
2021-06-02,55.91999816894531,56.130001068115234,55.77000045776367,56.09000015258789,24532400.0
2021-06-03,55.5099983215332,55.65999984741211,55.34000015258789,55.4900016784668,40790400.0
2021-06-04,55.880001068115234,56.029998779296875,55.79999923706055,55.9900016784668,29038100.0
2021-06-07,55.709999084472656,55.7400016784668,55.459999084472656,55.709999084472656,24830500.0
2021-06-08,55.52000045776367,55.54999923706055,55.2599983215332,55.439998626708984,38113700.0
2021-06-09,55.380001068115234,55.529998779296875,55.22999954223633,55.279998779296875,30916900.0
2021-06-10,55.2400016784668,55.560001373291016,55.189998626708984,55.47999954223633,28571100.0
2021-06-11,55.34000015258789,55.38999938964844,55.11000061035156,55.290000915527344,28375700.0
2021-06-14,55.33000183105469,55.560001373291016,55.27000045776367,55.439998626708984,26421400.0
2021-06-15,55.29999923706055,55.310001373291016,54.939998626708984,55.060001373291016,34121300.0
2021-06-16,54.95000076293945,55.099998474121094,54.09000015258789,54.310001373291016,44138300.0
2021-06-17,54.540000915527344,54.81999969482422,54.45000076293945,54.61000061035156,27846900.0
2021-06-18,54.380001068115234,54.47999954223633,54.130001068115234,54.22999954223633,42443600.0
2021-06-21,54.16999816894531,54.459999084472656,53.91999816894531,54.459999084472656,26977400.0
2021-06-22,54.0,54.2599983215332,53.849998474121094,54.209999084472656,35862600.0
2021-06-23,54.599998474121094,54.900001525878906,54.5099983215332,54.540000915527344,26049200.0
2021-06-24,54.86000061035156,55.09000015258789,54.810001373291016,55.040000915527344,20096200.0
2021-06-25,55.52000045776367,55.59000015258789,55.290000915527344,55.5,24992400.0
2021-06-28,55.47999954223633,55.619998931884766,55.400001525878906,55.54999923706055,22644900.0
2021-06-29,55.15999984741211,55.529998779296875,55.040000915527344,55.5099983215332,18308800.0
2021-06-30,55.119998931884766,55.310001373291016,55.04999923706055,55.150001525878906,33223400.0
2021-07-01,55.18000030517578,55.25,54.56999969482422,54.84000015258789,27478400.0
2021-07-02,54.619998931884766,54.790000915527344,54.45000076293945,54.779998779296875,24289100.0
2021-07-06,54.119998931884766,54.209999084472656,53.619998931884766,53.81999969482422,38126800.0
2021-07-07,54.130001068115234,54.13999938964844,53.560001373291016,53.7599983215332,25651700.0
2021-07-08,52.59000015258789,52.84000015258789,52.459999084472656,52.63999938964844,45146300.0
2021-07-09,53.22999954223633,53.56999969482422,53.09000015258789,53.54999923706055,28860500.0
2021-07-12,53.380001068115234,53.630001068115234,53.279998779296875,53.599998474121094,22116100.0
2021-07-13,53.689998626708984,53.9900016784668,53.63999938964844,53.650001525878906,29025300.0
2021-07-14,54.130001068115234,54.189998626708984,53.779998779296875,53.880001068115234,19739600.0
2021-07-15,54.099998474121094,54.290000915527344,53.88999938964844,54.0099983215332,33310600.0
2021-07-16,54.08000183105469,54.119998931884766,53.47999954223633,53.59000015258789,23386300.0
2021-07-19,52.75,52.790000915527344,52.40999984741211,52.689998626708984,33737900.0
2021-07-20,52.45000076293945,52.9900016784668,52.33000183105469,52.86000061035156,37946000.0
2021-07-21,52.58000183105469,53.209999084472656,52.529998779296875,53.20000076293945,24101400.0
2021-07-22,53.349998474121094,53.369998931884766,53.06999969482422,53.29999923706055,27160800.0
2021-07-23,52.689998626708984,52.70000076293945,52.22999954223633,52.5099983215332,31210100.0
2021-07-26,51.40999984741211,51.75,51.29999923706055,51.5099983215332,43701400.0
2021-07-27,50.40999984741211,50.56999969482422,49.83000183105469,50.470001220703125,73640700.0
2021-07-28,51.08000183105469,51.939998626708984,50.959999084472656,51.84000015258789,56446200.0
2021-07-29,52.25,52.279998779296875,51.88999938964844,52.099998474121094,43339400.0
2021-07-30,51.45000076293945,51.86000061035156,51.43000030517578,51.599998474121094,59797000.0
2021-08-02,52.04999923706055,52.25,51.90999984741211,51.970001220703125,40234700.0
2021-08-03,51.900001525878906,52.220001220703125,51.689998626708984,52.189998626708984,30589900.0
2021-08-04,52.58000183105469,52.790000915527344,52.349998474121094,52.459999084472656,32586600.0
2021-08-05,52.380001068115234,52.560001373291016,52.34000015258789,52.380001068115234,15941700.0
2021-08-06,52.16999816894531,52.189998626708984,51.790000915527344,51.939998626708984,36049500.0
2021-08-09,52.16999816894531,52.29999923706055,52.04999923706055,52.11000061035156,24062300.0
2021-08-10,52.33000183105469,52.36000061035156,52.11000061035156,52.18000030517578,15222600.0
2021-08-11,52.4900016784668,52.5,52.09000015258789,52.31999969482422,22374700.0
2021-08-12,51.880001068115234,51.900001525878906,51.650001525878906,51.86000061035156,25726000.0
2021-08-13,51.63999938964844,51.72999954223633,51.38999938964844,51.72999954223633,28396200.0
2021-08-16,51.290000915527344,51.310001373291016,51.040000915527344,51.2599983215332,46222700.0
2021-08-17,50.33000183105469,50.619998931884766,50.119998931884766,50.31999969482422,78463000.0
2021-08-18,50.689998626708984,50.88999938964844,50.380001068115234,50.400001525878906,42994800.0
2021-08-19,49.40999984741211,49.7400016784668,49.369998931884766,49.540000915527344,63275200.0
2021-08-20,49.130001068115234,49.59000015258789,49.11000061035156,49.5,44682100.0
2021-08-23,49.970001220703125,50.31999969482422,49.86000061035156,50.25,45453900.0
2021-08-24,51.0,51.470001220703125,51.0,51.38999938964844,51292000.0
2021-08-25,51.33000183105469,51.5,51.209999084472656,51.45000076293945,25272500.0
2021-08-26,51.130001068115234,51.189998626708984,50.90999984741211,50.959999084472656,29030600.0
2021-08-27,51.2599983215332,51.59000015258789,51.099998474121094,51.59000015258789,32971400.0
2021-08-30,51.65999984741211,51.77000045776367,51.43000030517578,51.70000076293945,18518900.0
2021-08-31,52.470001220703125,52.52000045776367,52.33000183105469,52.40999984741211,43226700.0
2021-09-01,52.72999954223633,53.279998779296875,52.72999954223633,53.08000183105469,35980500.0
2021-09-02,53.02000045776367,53.130001068115234,52.7599983215332,52.84000015258789,24988400.0
2021-09-03,52.95000076293945,53.189998626708984,52.93000030517578,53.119998931884766,21311000.0
2021-09-07,53.290000915527344,53.58000183105469,53.25,53.43000030517578,33509700.0
2021-09-08,53.11000061035156,53.119998931884766,52.529998779296875,52.650001525878906,53397900.0
2021-09-09,52.38999938964844,52.650001525878906,52.29999923706055,52.54999923706055,34707100.0
2021-09-10,52.95000076293945,53.0099983215332,52.47999954223633,52.4900016784668,40329300.0
2021-09-13,52.560001373291016,52.77000045776367,52.36000061035156,52.630001068115234,35318400.0
2021-09-14,52.4900016784668,52.52000045776367,52.09000015258789,52.189998626708984,35994400.0
2021-09-15,52.0099983215332,52.18000030517578,51.79999923706055,52.18000030517578,38735100.0
2021-09-16,51.43000030517578,51.630001068115234,51.25,51.59000015258789,43721300.0
2021-09-17,51.61000061035156,51.66999816894531,51.27000045776367,51.369998931884766,45481400.0
2021-09-20,50.150001525878906,50.41999816894531,49.56999969482422,49.9900016784668,52798200.0
2021-09-21,50.36000061035156,50.5,50.13999938964844,50.36000061035156,39347200.0
2021-09-22,50.83000183105469,51.34000015258789,50.81999969482422,50.9900016784668,46189200.0
2021-09-23,51.22999954223633,51.439998626708984,51.119998931884766,51.38999938964844,27138400.0
2021-09-24,50.849998474121094,50.95000076293945,50.72999954223633,50.779998779296875,29743500.0
2021-09-27,50.83000183105469,51.22999954223633,50.66999816894531,51.11000061035156,31181700.0
2021-09-28,50.86000061035156,50.91999816894531,50.290000915527344,50.45000076293945,44156300.0
2021-09-29,50.31999969482422,50.459999084472656,49.959999084472656,49.97999954223633,43140500.0
2021-09-30,50.560001373291016,50.7400016784668,50.279998779296875,50.380001068115234,66460100.0
2021-10-01,50.369998931884766,50.5099983215332,49.880001068115234,50.33000183105469,45259100.0
2021-10-04,49.90999984741211,49.95000076293945,49.279998779296875,49.59000015258789,43597100.0
2021-10-05,49.72999954223633,50.130001068115234,49.68000030517578,49.939998626708984,28761900.0
2021-10-06,49.20000076293945,49.709999084472656,49.11000061035156,49.65999984741211,57466000.0
2021-10-07,50.369998931884766,50.869998931884766,50.33000183105469,50.630001068115234,60345100.0
2021-10-08,50.7599983215332,50.90999984741211,50.63999938964844,50.81999969482422,24990600.0
2021-10-11,51.06999969482422,51.22999954223633,50.70000076293945,50.720001220703125,26808200.0
2021-10-12,50.75,50.81999969482422,50.41999816894531,50.459999084472656,29309400.0
2021-10-13,50.93000030517578,51.2599983215332,50.790000915527344,51.15999984741211,35305500.0
2021-10-14,51.43000030517578,51.47999954223633,51.13999938964844,51.31999969482422,23980900.0
2021-10-15,51.630001068115234,52.029998779296875,51.52000045776367,51.939998626708984,41223700.0
2021-10-18,51.61000061035156,51.959999084472656,51.56999969482422,51.810001373291016,26239000.0
2021-10-19,52.209999084472656,52.560001373291016,52.130001068115234,52.5,40639700.0
2021-10-20,52.619998931884766,52.619998931884766,52.369998931884766,52.4900016784668,27540300.0
2021-10-21,52.09000015258789,52.220001220703125,51.9900016784668,52.150001525878906,35404000.0
2021-10-22,52.209999084472656,52.41999816894531,51.849998474121094,52.040000915527344,51231000.0
2021-10-25,52.279998779296875,52.38999938964844,52.02000045776367,52.310001373291016,32479900.0
2021-10-26,52.439998626708984,52.5,51.95000076293945,52.040000915527344,32195200.0
2021-10-27,51.720001220703125,51.970001220703125,51.56999969482422,51.619998931884766,32422100.0
2021-10-28,51.38999938964844,51.66999816894531,51.25,51.66999816894531,27363500.0
2021-10-29,50.9900016784668,51.06999969482422,50.650001525878906,50.91999816894531,51488900.0
2021-11-01,50.88999938964844,51.34000015258789,50.849998474121094,51.31999969482422,31197400.0
2021-11-02,50.95000076293945,50.97999954223633,50.779998779296875,50.86000061035156,34098000.0
2021-11-03,50.79999923706055,51.18000030517578,50.619998931884766,51.099998474121094,49350800.0
2021-11-04,51.209999084472656,51.2400016784668,50.79999923706055,50.97999954223633,23722200.0
2021-11-05,51.15999984741211,51.18000030517578,50.75,50.91999816894531,23969900.0
2021-11-08,51.279998779296875,51.45000076293945,51.220001220703125,51.38999938964844,23735200.0
2021-11-09,51.41999816894531,51.58000183105469,51.099998474121094,51.189998626708984,28482200.0
2021-11-10,51.310001373291016,51.529998779296875,50.86000061035156,50.97999954223633,36032600.0
2021-11-11,51.650001525878906,52.0,51.63999938964844,51.86000061035156,55636800.0
2021-11-12,51.849998474121094,52.060001373291016,51.779998779296875,52.0,31956200.0
2021-11-15,52.119998931884766,52.13999938964844,51.779998779296875,51.83000183105469,31610700.0
2021-11-16,51.90999984741211,52.0099983215332,51.709999084472656,51.900001525878906,32898900.0
2021-11-17,51.959999084472656,51.97999954223633,51.47999954223633,51.630001068115234,22601900.0
2021-11-18,51.119998931884766,51.13999938964844,50.75,51.0,36719300.0
2021-11-19,51.060001373291016,51.22999954223633,50.88999938964844,50.91999816894531,36975700.0
2021-11-22,50.849998474121094,50.9900016784668,50.4900016784668,50.5099983215332,37116100.0
2021-11-23,50.52000045776367,50.709999084472656,50.2400016784668,50.459999084472656,38638200.0
2021-11-24,50.13999938964844,50.400001525878906,50.02000045776367,50.38999938964844,32810400.0
2021-11-26,49.06999969482422,49.11000061035156,48.5099983215332,48.70000076293945,58023300.0
2021-11-29,49.209999084472656,49.220001220703125,48.72999954223633,48.88999938964844,44405000.0
2021-11-30,48.88999938964844,49.16999816894531,48.349998474121094,48.84000015258789,81647500.0
2021-12-01,49.61000061035156,49.97999954223633,48.9900016784668,49.02000045776367,52613200.0
2021-12-02,49.61000061035156,49.970001220703125,49.349998474121094,49.619998931884766,73971400.0
2021-12-03,49.560001373291016,49.650001525878906,48.709999084472656,48.91999816894531,79115000.0
2021-12-06,48.880001068115234,49.33000183105469,48.66999816894531,49.29999923706055,54871300.0
2021-12-07,49.90999984741211,50.11000061035156,49.869998931884766,50.08000183105469,51825000.0
2021-12-08,50.099998474121094,50.41999816894531,49.970001220703125,50.279998779296875,38176500.0
2021-12-09,50.119998931884766,50.310001373291016,49.97999954223633,50.040000915527344,36476000.0
2021-12-10,50.029998779296875,50.150001525878906,49.900001525878906,50.08000183105469,42011300.0
2021-12-13,48.97999954223633,49.029998779296875,48.470001220703125,48.59000015258789,50773400.0
2021-12-14,48.310001373291016,48.61000061035156,48.27000045776367,48.47999954223633,42023900.0
2021-12-15,48.15999984741211,48.380001068115234,47.650001525878906,48.34000015258789,57129100.0
2021-12-16,48.720001220703125,48.90999984741211,48.310001373291016,48.400001525878906,60401000.0
2021-12-17,48.040000915527344,48.349998474121094,47.939998626708984,48.15999984741211,55420900.0
2021-12-20,47.4900016784668,47.4900016784668,47.150001525878906,47.439998626708984,40091700.0
2021-12-21,47.83000183105469,48.25,47.79999923706055,48.2400016784668,31786900.0
2021-12-22,48.099998474121094,48.4900016784668,48.0,48.470001220703125,27630800.0
2021-12-23,48.540000915527344,48.810001373291016,48.400001525878906,48.720001220703125,22174400.0
2021-12-27,48.72999954223633,49.0099983215332,48.72999954223633,48.939998626708984,27011600.0
2021-12-28,48.959999084472656,49.0,48.7599983215332,48.779998779296875,24529800.0
2021-12-29,48.689998626708984,48.709999084472656,48.34000015258789,48.560001373291016,27939200.0
2021-12-30,48.5,49.220001220703125,48.5,49.09000015258789,34900300.0
2021-12-31,48.97999954223633,49.349998474121094,48.84000015258789,48.849998474121094,30439000.0
2022-01-03,49.08000183105469,49.2599983215332,48.779998779296875,49.20000076293945,27572700.0
2022-01-04,49.2599983215332,49.2599983215332,48.93000030517578,49.029998779296875,24579500.0
2022-01-05,48.79999923706055,49.150001525878906,48.220001220703125,48.22999954223633,46425100.0
2022-01-06,48.36000061035156,48.68000030517578,48.15999984741211,48.45000076293945,34288700.0
2022-01-07,48.689998626708984,48.97999954223633,48.5,48.88999938964844,32640900.0
2022-01-10,48.939998626708984,49.08000183105469,48.560001373291016,48.88999938964844,43581800.0
2022-01-11,49.310001373291016,50.040000915527344,49.15999984741211,50.02000045776367,57536400.0
2022-01-12,50.63999938964844,50.88999938964844,50.459999084472656,50.849998474121094,56499100.0
2022-01-13,50.63999938964844,50.68000030517578,50.09000015258789,50.130001068115234,33229000.0
2022-01-14,49.9900016784668,50.20000076293945,49.81999969482422,50.11000061035156,40642300.0
2022-01-18,49.209999084472656,49.5,49.150001525878906,49.220001220703125,45012000.0
2022-01-19,49.59000015258789,49.70000076293945,49.38999938964844,49.43000030517578,43998100.0
2022-01-20,50.2599983215332,50.540000915527344,49.66999816894531,49.720001220703125,58279500.0
2022-01-21,49.619998931884766,49.689998626708984,48.95000076293945,49.0,59673800.0
2022-01-24,48.22999954223633,48.31999969482422,47.189998626708984,48.310001373291016,87752800.0
2022-01-25,48.029998779296875,48.47999954223633,47.720001220703125,48.220001220703125,54804100.0
2022-01-26,48.4900016784668,48.58000183105469,47.5099983215332,47.61000061035156,55516700.0
2022-01-27,47.599998474121094,47.68000030517578,47.040000915527344,47.060001373291016,61062300.0
2022-01-28,47.15999984741211,47.31999969482422,46.65999984741211,47.290000915527344,48799200.0
2022-01-31,47.88999938964844,48.900001525878906,47.84000015258789,48.84000015258789,65614900.0
2022-02-01,49.02000045776367,49.13999938964844,48.599998474121094,49.13999938964844,50158000.0
2022-02-02,49.33000183105469,49.36000061035156,48.72999954223633,49.060001373291016,35128100.0
2022-02-03,48.45000076293945,48.779998779296875,48.369998931884766,48.540000915527344,38246800.0
2022-02-04,48.31999969482422,48.88999938964844,48.220001220703125,48.65999984741211,36644200.0
2022-02-07,48.45000076293945,48.84000015258789,48.40999984741211,48.560001373291016,31917100.0
2022-02-08,48.47999954223633,49.040000915527344,48.459999084472656,49.029998779296875,25562200.0
2022-02-09,49.439998626708984,49.83000183105469,49.380001068115234,49.79999923706055,40082900.0
2022-02-10,49.38999938964844,50.11000061035156,49.380001068115234,49.470001220703125,55440700.0
2022-02-11,49.4900016784668,49.70000076293945,48.63999938964844,48.720001220703125,53838300.0
2022-02-14,48.5099983215332,48.619998931884766,48.119998931884766,48.380001068115234,59439800.0
2022-02-15,49.029998779296875,49.470001220703125,48.9900016784668,49.43000030517578,32938500.0
2022-02-16,49.369998931884766,49.9900016784668,49.33000183105469,49.790000915527344,47236800.0
2022-02-17,49.560001373291016,49.65999984741211,49.11000061035156,49.209999084472656,41245300.0
2022-02-18,49.029998779296875,49.060001373291016,48.619998931884766,48.720001220703125,41312300.0
2022-02-22,48.02000045776367,48.369998931884766,47.720001220703125,48.029998779296875,60704500.0
2022-02-23,48.2400016784668,48.27000045776367,47.380001068115234,47.470001220703125,38873700.0
2022-02-24,45.040000915527344,46.52000045776367,45.0099983215332,46.4900016784668,95679500.0
2022-02-25,46.689998626708984,47.400001525878906,46.459999084472656,47.349998474121094,58887800.0
2022-02-28,46.25,46.849998474121094,46.18000030517578,46.72999954223633,79366600.0
2022-03-01,46.5,46.86000061035156,45.84000015258789,46.11000061035156,72297300.0
2022-03-02,46.150001525878906,46.38999938964844,45.709999084472656,46.189998626708984,61858700.0
2022-03-03,46.0099983215332,46.099998474121094,45.45000076293945,45.540000915527344,57514100.0
2022-03-04,44.63999938964844,44.90999984741211,44.369998931884766,44.619998931884766,68351300.0
2022-03-07,43.86000061035156,44.02000045776367,42.90999984741211,42.95000076293945,77557700.0
2022-03-08,43.16999816894531,43.630001068115234,42.72999954223633,43.09000015258789,90831500.0
2022-03-09,43.77000045776367,44.41999816894531,43.61000061035156,44.310001373291016,59840900.0
2022-03-10,43.619998931884766,43.689998626708984,43.209999084472656,43.47999954223633,59158300.0
2022-03-11,43.72999954223633,43.779998779296875,42.560001373291016,42.56999969482422,72846700.0
2022-03-14,42.06999969482422,42.369998931884766,41.41999816894531,41.540000915527344,85651000.0
2022-03-15,40.959999084472656,41.66999816894531,40.79999923706055,41.599998474121094,85987500.0
2022-03-16,43.529998779296875,45.040000915527344,43.31999969482422,44.95000076293945,134225700.0
2022-03-17,44.560001373291016,44.79999923706055,44.150001525878906,44.720001220703125,80743600.0
2022-03-18,44.349998474121094,45.45000076293945,44.2400016784668,45.36000061035156,77755100.0
2022-03-21,44.70000076293945,44.849998474121094,44.31999969482422,44.65999984741211,58558700.0
2022-03-22,45.279998779296875,45.619998931884766,45.25,45.470001220703125,61380900.0
2022-03-23,45.029998779296875,45.66999816894531,44.91999816894531,45.16999816894531,76986600.0
2022-03-24,45.20000076293945,45.45000076293945,45.04999923706055,45.40999984741211,52016600.0
2022-03-25,45.0,45.06999969482422,44.75,45.04999923706055,39294500.0
2022-03-28,45.09000015258789,45.220001220703125,44.810001373291016,45.20000076293945,49757000.0
2022-03-29,45.97999954223633,46.099998474121094,45.72999954223633,45.970001220703125,54088200.0
2022-03-30,45.88999938964844,46.22999954223633,45.7400016784668,45.84000015258789,57717400.0
2022-03-31,45.630001068115234,45.65999984741211,45.119998931884766,45.150001525878906,74448400.0
2022-04-01,46.0099983215332,46.150001525878906,45.619998931884766,45.900001525878906,54193400.0
2022-04-04,46.5,46.779998779296875,46.34000015258789,46.709999084472656,48057700.0
2022-04-05,46.52000045776367,46.52000045776367,45.77000045776367,45.849998474121094,45058100.0
2022-04-06,45.54999923706055,45.61000061035156,45.029998779296875,45.25,56877100.0
2022-04-07,44.9900016784668,45.099998474121094,44.66999816894531,44.88999938964844,38954900.0
2022-04-08,45.02000045776367,45.16999816894531,44.880001068115234,44.93000030517578,41263400.0
2022-04-11,44.540000915527344,44.72999954223633,44.349998474121094,44.369998931884766,47878200.0
2022-04-12,44.72999954223633,44.77000045776367,44.189998626708984,44.22999954223633,41815200.0
2022-04-13,44.470001220703125,44.880001068115234,44.439998626708984,44.810001373291016,33529400.0
2022-04-14,44.56999969482422,44.59000015258789,44.20000076293945,44.22999954223633,38915000.0
2022-04-18,44.0,44.290000915527344,43.86000061035156,44.08000183105469,29106500.0
2022-04-19,43.619998931884766,43.88999938964844,43.43000030517578,43.86000061035156,40066400.0
2022-04-20,43.90999984741211,43.91999816894531,43.52000045776367,43.599998474121094,36373300.0
2022-04-21,43.61000061035156,43.689998626708984,42.66999816894531,42.7599983215332,44857400.0
2022-04-22,42.84000015258789,43.119998931884766,42.369998931884766,42.380001068115234,68371900.0
2022-04-25,41.68000030517578,42.130001068115234,41.59000015258789,42.06999969482422,67643800.0
2022-04-26,41.79999923706055,41.849998474121094,41.150001525878906,41.150001525878906,70774400.0
2022-04-27,41.459999084472656,41.88999938964844,41.400001525878906,41.630001068115234,61594000.0
2022-04-28,41.970001220703125,42.290000915527344,41.540000915527344,42.22999954223633,43763100.0
2022-04-29,43.029998779296875,43.220001220703125,42.349998474121094,42.380001068115234,61703900.0
2022-05-02,42.2599983215332,42.47999954223633,41.810001373291016,42.31999969482422,55015700.0
2022-05-03,42.59000015258789,42.689998626708984,42.43000030517578,42.630001068115234,45593000.0
2022-05-04,42.20000076293945,43.16999816894531,41.939998626708984,43.09000015258789,57175300.0
2022-05-05,42.20000076293945,42.27000045776367,41.119998931884766,41.5,63268900.0
2022-05-06,41.11000061035156,41.2400016784668,40.689998626708984,40.93000030517578,67425600.0
2022-05-09,40.189998626708984,40.40999984741211,39.720001220703125,39.75,83251500.0
2022-05-10,40.349998474121094,40.400001525878906,39.59000015258789,39.939998626708984,69865000.0
2022-05-11,40.209999084472656,40.52000045776367,39.630001068115234,39.65999984741211,75198500.0
2022-05-12,39.25,39.75,38.95000076293945,39.400001525878906,73481300.0
2022-05-13,39.84000015258789,40.5,39.810001373291016,40.4900016784668,49196100.0
2022-05-16,40.189998626708984,40.5,40.099998474121094,40.33000183105469,32425000.0
2022-05-17,41.400001525878906,41.45000076293945,40.9900016784668,41.31999969482422,49516400.0
2022-05-18,41.029998779296875,41.20000076293945,40.27000045776367,40.33000183105469,53296300.0
2022-05-19,40.4900016784668,41.150001525878906,40.4900016784668,40.970001220703125,55163500.0
2022-05-20,41.40999984741211,41.560001373291016,40.59000015258789,41.13999938964844,59025400.0
2022-05-23,41.38999938964844,41.56999969482422,41.18000030517578,41.45000076293945,36619400.0
2022-05-24,40.810001373291016,40.84000015258789,40.349998474121094,40.72999954223633,46400400.0
2022-05-25,40.619998931884766,41.029998779296875,40.54999923706055,40.93000030517578,37863200.0
2022-05-26,40.86000061035156,41.66999816894531,40.86000061035156,41.56999969482422,51355800.0
2022-05-27,41.86000061035156,42.06999969482422,41.72999954223633,42.04999923706055,31262900.0
2022-05-31,43.130001068115234,43.13999938964844,42.63999938964844,42.63999938964844,72069000.0
2022-06-01,42.90999984741211,42.959999084472656,42.15999984741211,42.34000015258789,40495600.0
2022-06-02,42.5099983215332,43.09000015258789,42.400001525878906,43.06999969482422,44322300.0
2022-06-03,42.65999984741211,42.66999816894531,42.27000045776367,42.369998931884766,39337000.0
2022-06-06,43.130001068115234,43.22999954223633,42.4900016784668,42.599998474121094,43126000.0
2022-06-07,42.34000015258789,42.77000045776367,42.27000045776367,42.72999954223633,57455300.0
2022-06-08,42.939998626708984,43.130001068115234,42.779998779296875,42.959999084472656,43591800.0
2022-06-09,42.220001220703125,42.310001373291016,41.560001373291016,41.59000015258789,53116000.0
2022-06-10,41.5,41.58000183105469,41.029998779296875,41.130001068115234,44176700.0
2022-06-13,40.060001373291016,40.310001373291016,39.529998779296875,39.689998626708984,67647000.0
2022-06-14,40.099998474121094,40.40999984741211,39.9900016784668,40.2400016784668,58868400.0
2022-06-15,40.380001068115234,41.04999923706055,40.15999984741211,40.77000045776367,67577900.0
2022-06-16,39.54999923706055,39.720001220703125,39.2599983215332,39.52000045776367,68035800.0
2022-06-17,39.95000076293945,40.04999923706055,39.41999816894531,39.66999816894531,63646300.0
2022-06-21,40.2400016784668,40.47999954223633,40.18000030517578,40.310001373291016,35943900.0
2022-06-22,39.47999954223633,39.849998474121094,39.40999984741211,39.59000015258789,41337900.0
2022-06-23,39.709999084472656,39.91999816894531,39.36000061035156,39.709999084472656,44261600.0
2022-06-24,40.16999816894531,40.68000030517578,40.099998474121094,40.650001525878906,41176300.0
2022-06-27,40.91999816894531,40.939998626708984,40.630001068115234,40.70000076293945,27076400.0
2022-06-28,41.029998779296875,41.189998626708984,40.41999816894531,40.45000076293945,31095700.0
2022-06-29,40.36000061035156,40.45000076293945,40.15999984741211,40.290000915527344,33969200.0
2022-06-30,39.75,40.189998626708984,39.5099983215332,40.099998474121094,52233200.0
2022-07-01,39.619998931884766,39.86000061035156,39.369998931884766,39.849998474121094,44010400.0
2022-07-05,39.029998779296875,39.540000915527344,38.869998931884766,39.540000915527344,49452600.0
2022-07-06,39.25,39.40999984741211,38.959999084472656,39.29999923706055,36060300.0
2022-07-07,39.84000015258789,40.27000045776367,39.83000183105469,40.09000015258789,56831500.0
2022-07-08,39.959999084472656,40.2599983215332,39.810001373291016,40.09000015258789,20993400.0
2022-07-11,39.18000030517578,39.22999954223633,38.86000061035156,39.02000045776367,52682500.0
2022-07-12,38.86000061035156,39.06999969482422,38.68000030517578,38.869998931884766,24669600.0
2022-07-13,38.29999923706055,38.9900016784668,38.29999923706055,38.779998779296875,39435300.0
2022-07-14,38.369998931884766,38.5,38.04999923706055,38.43000030517578,43245400.0
2022-07-15,38.45000076293945,38.66999816894531,38.119998931884766,38.630001068115234,44468400.0
2022-07-18,39.2400016784668,39.439998626708984,38.84000015258789,38.900001525878906,38982900.0
2022-07-19,39.349998474121094,39.58000183105469,39.27000045776367,39.540000915527344,33006200.0
2022-07-20,39.38999938964844,39.5,39.189998626708984,39.369998931884766,38969800.0
2022-07-21,39.5,39.84000015258789,39.43000030517578,39.81999969482422,36814900.0
2022-07-22,39.72999954223633,39.810001373291016,39.2400016784668,39.41999816894531,25611800.0
2022-07-25,39.4900016784668,39.599998474121094,39.38999938964844,39.560001373291016,21653200.0
2022-07-26,39.56999969482422,39.66999816894531,39.18000030517578,39.25,22891400.0
2022-07-27,39.56999969482422,40.08000183105469,39.40999984741211,39.97999954223633,37678900.0
2022-07-28,40.040000915527344,40.209999084472656,39.59000015258789,40.150001525878906,37796700.0
2022-07-29,39.630001068115234,39.9900016784668,39.45000076293945,39.959999084472656,54050700.0
2022-08-01,39.54999923706055,39.90999984741211,39.310001373291016,39.619998931884766,34808000.0
2022-08-02,39.27000045776367,39.849998474121094,39.18000030517578,39.43000030517578,41014300.0
2022-08-03,39.4900016784668,39.81999969482422,39.33000183105469,39.7400016784668,34939500.0
2022-08-04,40.0,40.13999938964844,39.86000061035156,40.02000045776367,31865200.0
2022-08-05,39.77000045776367,40.119998931884766,39.7400016784668,40.060001373291016,28488300.0
2022-08-08,40.130001068115234,40.349998474121094,40.02000045776367,40.11000061035156,39087300.0
2022-08-09,40.150001525878906,40.209999084472656,39.880001068115234,39.959999084472656,22828600.0
2022-08-10,40.22999954223633,40.5,40.08000183105469,40.459999084472656,27028200.0
2022-08-11,40.790000915527344,41.20000076293945,40.540000915527344,40.619998931884766,39235300.0
2022-08-12,40.619998931884766,41.06999969482422,40.599998474121094,41.04999923706055,24877900.0
2022-08-15,40.689998626708984,40.939998626708984,40.65999984741211,40.86000061035156,29734500.0
2022-08-16,40.7599983215332,40.959999084472656,40.720001220703125,40.849998474121094,20907000.0
2022-08-17,40.650001525878906,40.880001068115234,40.560001373291016,40.68000030517578,34206700.0
2022-08-18,40.529998779296875,40.560001373291016,40.2599983215332,40.45000076293945,30611900.0
2022-08-19,40.08000183105469,40.119998931884766,39.779998779296875,39.900001525878906,36042800.0
2022-08-22,39.58000183105469,39.70000076293945,39.5099983215332,39.54999923706055,26934100.0
2022-08-23,39.59000015258789,39.91999816894531,39.5099983215332,39.7599983215332,33028200.0
2022-08-24,39.439998626708984,39.9900016784668,39.40999984741211,39.75,23561600.0
2022-08-25,40.18000030517578,40.619998931884766,40.099998474121094,40.61000061035156,44653100.0
2022-08-26,40.91999816894531,40.959999084472656,39.970001220703125,40.0099983215332,41080900.0
2022-08-29,39.83000183105469,40.06999969482422,39.75,39.7599983215332,22689800.0
2022-08-30,39.88999938964844,39.900001525878906,39.13999938964844,39.290000915527344,34508600.0
2022-08-31,39.66999816894531,39.84000015258789,39.400001525878906,39.43000030517578,37142200.0
2022-09-01,39.04999923706055,39.130001068115234,38.720001220703125,39.119998931884766,38353400.0
2022-09-02,39.04999923706055,39.220001220703125,38.66999816894531,38.7599983215332,35916900.0
2022-09-06,38.619998931884766,38.68000030517578,38.27000045776367,38.29999923706055,50091500.0
2022-09-07,38.119998931884766,38.650001525878906,38.08000183105469,38.63999938964844,39074600.0
2022-09-08,38.2400016784668,38.470001220703125,38.119998931884766,38.43000030517578,55415100.0
2022-09-09,38.779998779296875,39.09000015258789,38.77000045776367,39.0,26119600.0
2022-09-12,39.369998931884766,39.63999938964844,39.27000045776367,39.58000183105469,41791000.0
2022-09-13,38.810001373291016,38.970001220703125,38.290000915527344,38.36000061035156,44191300.0
2022-09-14,38.599998474121094,38.66999816894531,38.38999938964844,38.54999923706055,37146200.0
2022-09-15,38.27000045776367,38.52000045776367,38.06999969482422,38.13999938964844,47618900.0
2022-09-16,37.779998779296875,37.90999984741211,37.61000061035156,37.790000915527344,67125000.0
2022-09-19,37.47999954223633,37.939998626708984,37.459999084472656,37.90999984741211,33531700.0
2022-09-20,37.72999954223633,37.869998931884766,37.560001373291016,37.70000076293945,36967300.0
2022-09-21,37.47999954223633,37.720001220703125,37.02000045776367,37.06999969482422,62370500.0
2022-09-22,37.04999923706055,37.150001525878906,36.810001373291016,36.88999938964844,41989200.0
2022-09-23,36.209999084472656,36.2599983215332,35.79999923706055,35.97999954223633,49807100.0
2022-09-26,35.7599983215332,35.959999084472656,35.470001220703125,35.540000915527344,53011900.0
2022-09-27,35.779998779296875,36.029998779296875,35.34000015258789,35.5,47114100.0
2022-09-28,35.27000045776367,35.900001525878906,35.189998626708984,35.810001373291016,49946800.0
2022-09-29,35.18000030517578,35.20000076293945,34.720001220703125,35.0099983215332,43114100.0
2022-09-30,34.91999816894531,35.25,34.849998474121094,34.880001068115234,50082400.0
2022-10-03,35.119998931884766,35.540000915527344,34.959999084472656,35.45000076293945,41489700.0
2022-10-04,36.20000076293945,36.720001220703125,36.16999816894531,36.61000061035156,51598600.0
2022-10-05,36.5099983215332,36.7599983215332,36.25,36.630001068115234,30037200.0
2022-10-06,36.5099983215332,36.720001220703125,36.380001068115234,36.40999984741211,29747200.0
2022-10-07,36.06999969482422,36.130001068115234,35.59000015258789,35.650001525878906,35957400.0
2022-10-10,35.41999816894531,35.439998626708984,35.02000045776367,35.150001525878906,31109900.0
2022-10-11,34.7599983215332,35.0099983215332,34.47999954223633,34.59000015258789,46679000.0
2022-10-12,34.619998931884766,34.810001373291016,34.5099983215332,34.630001068115234,42471500.0
2022-10-13,33.75,34.91999816894531,33.66999816894531,34.72999954223633,51431200.0
2022-10-14,34.95000076293945,34.959999084472656,34.18000030517578,34.209999084472656,33384600.0
2022-10-17,34.90999984741211,35.27000045776367,34.90999984741211,35.150001525878906,51122100.0
2022-10-18,35.4900016784668,35.56999969482422,34.900001525878906,35.15999984741211,33911100.0
2022-10-19,34.61000061035156,34.810001373291016,34.38999938964844,34.52000045776367,31393700.0
2022-10-20,34.77000045776367,35.279998779296875,34.70000076293945,34.7400016784668,44240000.0
2022-10-21,34.65999984741211,35.310001373291016,34.529998779296875,35.27000045776367,43879500.0
2022-10-24,33.970001220703125,34.0099983215332,33.4900016784668,33.93000030517578,55046000.0
2022-10-25,33.97999954223633,34.279998779296875,33.95000076293945,34.209999084472656,31871500.0
2022-10-26,34.310001373291016,35.08000183105469,34.310001373291016,34.77000045776367,37973800.0
2022-10-27,34.529998779296875,34.849998474121094,34.459999084472656,34.5,34227600.0
2022-10-28,34.029998779296875,34.33000183105469,33.95000076293945,34.290000915527344,46296700.0
2022-10-31,33.91999816894531,34.27000045776367,33.91999816894531,34.189998626708984,44107400.0
2022-11-01,35.099998474121094,35.150001525878906,34.70000076293945,34.81999969482422,50932800.0
2022-11-02,34.900001525878906,35.31999969482422,34.5,34.529998779296875,47639100.0
2022-11-03,34.29999923706055,34.84000015258789,34.279998779296875,34.72999954223633,38319300.0
2022-11-04,36.029998779296875,36.20000076293945,35.66999816894531,36.20000076293945,70533600.0
2022-11-07,36.43000030517578,36.5099983215332,36.09000015258789,36.220001220703125,38404800.0
2022-11-08,36.290000915527344,36.66999816894531,36.15999984741211,36.47999954223633,36282400.0
2022-11-09,36.209999084472656,36.380001068115234,35.79999923706055,35.849998474121094,34148700.0
2022-11-10,36.81999969482422,37.18000030517578,36.66999816894531,37.150001525878906,53986900.0
2022-11-11,37.869998931884766,38.209999084472656,37.779998779296875,38.15999984741211,52270400.0
2022-11-14,37.95000076293945,38.20000076293945,37.779998779296875,37.93000030517578,42158100.0
2022-11-15,39.119998931884766,39.15999984741211,38.540000915527344,38.79999923706055,77069300.0
2022-11-16,38.470001220703125,38.52000045776367,38.119998931884766,38.18000030517578,49376500.0
2022-11-17,37.4900016784668,38.29999923706055,37.47999954223633,38.25,56473600.0
2022-11-18,38.13999938964844,38.150001525878906,37.849998474121094,38.029998779296875,45040200.0
2022-11-21,37.540000915527344,37.630001068115234,37.349998474121094,37.54999923706055,29250900.0
2022-11-22,37.459999084472656,37.650001525878906,37.38999938964844,37.63999938964844,33677500.0
2022-11-23,37.689998626708984,37.97999954223633,37.68000030517578,37.95000076293945,43490300.0
2022-11-25,37.84000015258789,37.880001068115234,37.7400016784668,37.77000045776367,19986900.0
2022-11-28,37.59000015258789,38.0,37.59000015258789,37.599998474121094,45015900.0
2022-11-29,38.400001525878906,38.58000183105469,38.310001373291016,38.40999984741211,50909500.0
2022-11-30,39.2400016784668,39.68000030517578,38.97999954223633,39.52000045776367,103403400.0
2022-12-01,39.630001068115234,39.709999084472656,39.25,39.38999938964844,50195900.0
2022-12-02,39.0099983215332,39.65999984741211,39.0099983215332,39.540000915527344,47593700.0
2022-12-05,39.529998779296875,39.54999923706055,38.9900016784668,39.09000015258789,62268800.0
2022-12-06,39.2400016784668,39.290000915527344,38.939998626708984,39.040000915527344,31558200.0
2022-12-07,38.75,38.959999084472656,38.68000030517578,38.810001373291016,46263200.0
2022-12-08,39.189998626708984,39.400001525878906,39.060001373291016,39.279998779296875,41138200.0
2022-12-09,39.349998474121094,39.40999984741211,39.02000045776367,39.02000045776367,48742700.0
2022-12-12,38.880001068115234,38.900001525878906,38.56999969482422,38.900001525878906,41524600.0
2022-12-13,39.11000061035156,39.209999084472656,38.5099983215332,38.59000015258789,60886900.0
2022-12-14,38.599998474121094,38.79999923706055,38.310001373291016,38.61000061035156,62300900.0
2022-12-15,38.31999969482422,38.45000076293945,37.689998626708984,37.720001220703125,48081300.0
2022-12-16,37.900001525878906,38.06999969482422,37.77000045776367,37.83000183105469,48065200.0
2022-12-19,38.11000061035156,38.11000061035156,37.790000915527344,37.86000061035156,22995200.0
2022-12-20,37.72999954223633,38.0,37.689998626708984,37.849998474121094,25688000.0
2022-12-21,37.790000915527344,38.189998626708984,37.709999084472656,38.189998626708984,23607700.0
2022-12-22,38.08000183105469,38.11000061035156,37.56999969482422,37.849998474121094,27011800.0
2022-12-23,37.790000915527344,37.90999984741211,37.61000061035156,37.79999923706055,19543300.0
2022-12-27,38.130001068115234,38.560001373291016,38.08000183105469,38.36000061035156,42338900.0
2022-12-28,38.2599983215332,38.29999923706055,37.779998779296875,37.79999923706055,31813900.0
2022-12-29,38.22999954223633,38.4900016784668,38.18000030517578,38.43000030517578,27088700.0
2022-12-30,38.13999938964844,38.310001373291016,37.7599983215332,37.900001525878906,38297800.0
2023-01-03,38.34000015258789,38.63999938964844,38.11000061035156,38.220001220703125,35557900.0
2023-01-04,38.900001525878906,39.40999984741211,38.68000030517578,39.369998931884766,57044200.0
2023-01-05,38.9900016784668,39.33000183105469,38.97999954223633,39.25,25175600.0
2023-01-06,39.5,40.09000015258789,39.2599983215332,40.06999969482422,49058000.0
2023-01-09,40.54999923706055,40.68000030517578,40.349998474121094,40.369998931884766,59967500.0
2023-01-10,40.47999954223633,40.66999816894531,40.279998779296875,40.65999984741211,34936500.0
2023-01-11,40.59000015258789,40.84000015258789,40.52000045776367,40.83000183105469,41854800.0
2023-01-12,40.88999938964844,41.119998931884766,40.5,41.029998779296875,42088800.0
2023-01-13,40.97999954223633,41.33000183105469,40.970001220703125,41.29999923706055,32838900.0
2023-01-17,41.02000045776367,41.119998931884766,40.900001525878906,41.06999969482422,41016000.0
2023-01-18,41.43000030517578,41.47999954223633,40.77000045776367,40.790000915527344,54860300.0
2023-01-19,40.959999084472656,41.25,40.939998626708984,41.099998474121094,33834900.0
2023-01-20,41.38999938964844,41.72999954223633,41.2599983215332,41.72999954223633,42854900.0
2023-01-23,41.790000915527344,42.22999954223633,41.7599983215332,42.029998779296875,38252700.0
2023-01-24,41.869998931884766,42.09000015258789,41.810001373291016,42.060001373291016,34713300.0
2023-01-25,41.84000015258789,42.099998474121094,41.61000061035156,42.099998474121094,30325100.0
2023-01-26,42.439998626708984,42.529998779296875,42.209999084472656,42.5,28722100.0
2023-01-27,42.36000061035156,42.380001068115234,42.099998474121094,42.29999923706055,36989100.0
2023-01-30,41.630001068115234,41.81999969482422,41.43000030517578,41.45000076293945,38598300.0
2023-01-31,41.09000015258789,41.36000061035156,41.0099983215332,41.36000061035156,43197800.0
2023-02-01,41.54999923706055,42.029998779296875,41.27000045776367,41.869998931884766,51809100.0
2023-02-02,41.869998931884766,41.900001525878906,41.41999816894531,41.619998931884766,45943800.0
2023-02-03,41.11000061035156,41.400001525878906,40.779998779296875,40.880001068115234,42341000.0
2023-02-06,40.150001525878906,40.36000061035156,40.0,40.279998779296875,41471500.0
2023-02-07,40.34000015258789,40.599998474121094,40.04999923706055,40.439998626708984,31941600.0
2023-02-08,40.540000915527344,40.599998474121094,40.220001220703125,40.38999938964844,38255400.0
2023-02-09,40.959999084472656,41.0,40.439998626708984,40.58000183105469,27083800.0
2023-02-10,40.349998474121094,40.369998931884766,40.060001373291016,40.189998626708984,34463800.0
2023-02-13,40.33000183105469,40.599998474121094,40.2400016784668,40.52000045776367,20906700.0
2023-02-14,40.22999954223633,40.63999938964844,40.099998474121094,40.45000076293945,21664300.0
2023-02-15,39.84000015258789,40.11000061035156,39.77000045776367,40.11000061035156,31114000.0
2023-02-16,39.91999816894531,40.310001373291016,39.810001373291016,40.119998931884766,30045300.0
2023-02-17,39.66999816894531,39.779998779296875,39.52000045776367,39.68000030517578,35131700.0
2023-02-21,39.400001525878906,39.619998931884766,39.16999816894531,39.18000030517578,33984300.0
2023-02-22,39.06999969482422,39.20000076293945,38.869998931884766,38.9900016784668,37035500.0
2023-02-23,39.4900016784668,39.560001373291016,38.93000030517578,39.18000030517578,28551700.0
2023-02-24,38.310001373291016,38.4900016784668,38.150001525878906,38.29999923706055,48596300.0
2023-02-27,38.529998779296875,38.599998474121094,38.41999816894531,38.5,24344400.0
2023-02-28,38.36000061035156,38.52000045776367,38.189998626708984,38.22999954223633,39670600.0
2023-03-01,39.16999816894531,39.209999084472656,38.970001220703125,39.04999923706055,39597500.0
2023-03-02,38.869998931884766,39.290000915527344,38.79999923706055,39.189998626708984,28952900.0
2023-03-03,39.31999969482422,39.58000183105469,39.27000045776367,39.540000915527344,20682400.0
2023-03-06,39.5099983215332,39.68000030517578,39.38999938964844,39.400001525878906,26014300.0
2023-03-07,39.2400016784668,39.25,38.709999084472656,38.7400016784668,36382400.0
2023-03-08,38.75,38.97999954223633,38.7400016784668,38.900001525878906,18795900.0
2023-03-09,38.5099983215332,38.58000183105469,37.959999084472656,38.040000915527344,40118900.0
2023-03-10,38.02000045776367,38.25,37.79999923706055,37.84000015258789,49329400.0
2023-03-13,37.72999954223633,38.16999816894531,37.650001525878906,37.900001525878906,43071400.0
2023-03-14,37.84000015258789,38.02000045776367,37.720001220703125,37.91999816894531,36333400.0
2023-03-15,37.09000015258789,37.279998779296875,36.900001525878906,37.27000045776367,53217000.0
2023-03-16,37.209999084472656,37.86000061035156,37.150001525878906,37.84000015258789,39880200.0
2023-03-17,37.810001373291016,37.869998931884766,37.47999954223633,37.61000061035156,40165600.0
2023-03-20,37.529998779296875,37.83000183105469,37.439998626708984,37.75,28310700.0
2023-03-21,38.040000915527344,38.189998626708984,37.88999938964844,38.09000015258789,27670600.0
2023-03-22,38.369998931884766,38.81999969482422,38.220001220703125,38.2400016784668,40375300.0
2023-03-23,38.970001220703125,39.209999084472656,38.58000183105469,38.77000045776367,39622100.0
2023-03-24,38.459999084472656,38.68000030517578,38.38999938964844,38.66999816894531,28044500.0
2023-03-27,38.400001525878906,38.4900016784668,38.2599983215332,38.459999084472656,36646700.0
2023-03-28,38.79999923706055,39.0099983215332,38.7599983215332,39.0099983215332,43707600.0
2023-03-29,39.0,39.18000030517578,38.900001525878906,39.119998931884766,32173100.0
2023-03-30,39.459999084472656,39.61000061035156,39.349998474121094,39.5099983215332,32982200.0
2023-03-31,39.5099983215332,39.619998931884766,39.31999969482422,39.459999084472656,36174700.0
2023-04-03,39.439998626708984,39.56999969482422,39.31999969482422,39.540000915527344,19637700.0
2023-04-04,39.470001220703125,39.56999969482422,39.349998474121094,39.540000915527344,31518500.0
2023-04-05,39.459999084472656,39.4900016784668,39.09000015258789,39.22999954223633,35785500.0
2023-04-06,39.13999938964844,39.470001220703125,39.029998779296875,39.38999938964844,22277700.0
2023-04-10,39.27000045776367,39.439998626708984,39.20000076293945,39.43000030517578,20271700.0
2023-04-11,39.77000045776367,39.84000015258789,39.650001525878906,39.66999816894531,23177000.0
2023-04-12,39.79999923706055,39.83000183105469,39.310001373291016,39.38999938964844,30341900.0
2023-04-13,39.849998474121094,40.0,39.810001373291016,39.93000030517578,28752600.0
2023-04-14,39.75,39.91999816894531,39.529998779296875,39.720001220703125,26673200.0
2023-04-17,39.880001068115234,39.95000076293945,39.72999954223633,39.88999938964844,26173500.0
2023-04-18,39.959999084472656,40.0099983215332,39.7400016784668,39.84000015258789,23990600.0
2023-04-19,39.380001068115234,39.4900016784668,39.29999923706055,39.439998626708984,25851700.0
2023-04-20,39.38999938964844,39.619998931884766,39.2599983215332,39.380001068115234,29763400.0
2023-04-21,39.040000915527344,39.060001373291016,38.790000915527344,39.0099983215332,26632600.0
2023-04-24,38.91999816894531,38.97999954223633,38.790000915527344,38.91999816894531,19963200.0
2023-04-25,38.400001525878906,38.43000030517578,38.130001068115234,38.189998626708984,31095100.0
2023-04-26,38.65999984741211,38.689998626708984,38.380001068115234,38.40999984741211,45521300.0
2023-04-27,38.630001068115234,38.97999954223633,38.59000015258789,38.93000030517578,23496200.0
2023-04-28,38.939998626708984,39.15999984741211,38.91999816894531,39.130001068115234,22481000.0
2023-05-01,38.970001220703125,39.27000045776367,38.95000076293945,39.0,16797000.0
2023-05-02,38.849998474121094,38.849998474121094,38.47999954223633,38.619998931884766,24041500.0
2023-05-03,38.65999984741211,38.81999969482422,38.529998779296875,38.560001373291016,18827800.0
2023-05-04,38.880001068115234,39.0,38.779998779296875,38.869998931884766,29417100.0
2023-05-05,39.04999923706055,39.41999816894531,38.9900016784668,39.38999938964844,18248200.0
2023-05-08,39.529998779296875,39.54999923706055,39.34000015258789,39.40999984741211,19721300.0
2023-05-09,39.0099983215332,39.20000076293945,38.970001220703125,39.16999816894531,17294900.0
2023-05-10,39.130001068115234,39.2599983215332,38.939998626708984,39.150001525878906,22410300.0
2023-05-11,38.810001373291016,39.02000045776367,38.70000076293945,39.0099983215332,34620300.0
2023-05-12,38.7400016784668,38.75,38.470001220703125,38.54999923706055,32789300.0
2023-05-15,38.959999084472656,39.310001373291016,38.84000015258789,39.2599983215332,28911000.0
2023-05-16,38.9900016784668,39.150001525878906,38.959999084472656,38.97999954223633,24887200.0
2023-05-17,38.97999954223633,39.209999084472656,38.90999984741211,39.15999984741211,24358200.0
2023-05-18,39.0099983215332,39.029998779296875,38.779998779296875,38.95000076293945,30378900.0
2023-05-19,39.04999923706055,39.09000015258789,38.900001525878906,38.97999954223633,26847500.0
2023-05-22,39.2599983215332,39.470001220703125,39.2599983215332,39.29999923706055,30254000.0
2023-05-23,38.95000076293945,39.04999923706055,38.66999816894531,38.689998626708984,43844500.0
2023-05-24,38.650001525878906,38.66999816894531,38.380001068115234,38.400001525878906,31559600.0
2023-05-25,38.5099983215332,38.5099983215332,38.25,38.31999969482422,28492700.0
2023-05-26,38.65999984741211,39.06999969482422,38.65999984741211,39.0,24941700.0
2023-05-30,38.900001525878906,38.90999984741211,38.439998626708984,38.54999923706055,25536900.0
2023-05-31,38.2400016784668,38.25,37.90999984741211,38.189998626708984,35917900.0
2023-06-01,38.25,38.88999938964844,38.22999954223633,38.869998931884766,32875300.0
2023-06-02,39.5,39.63999938964844,39.4900016784668,39.540000915527344,53717000.0
2023-06-05,39.43000030517578,39.54999923706055,39.349998474121094,39.529998779296875,16947400.0
2023-06-06,39.45000076293945,39.93000030517578,39.40999984741211,39.880001068115234,35447700.0
2023-06-07,39.560001373291016,39.77000045776367,39.34000015258789,39.400001525878906,44313300.0
2023-06-08,39.43000030517578,39.720001220703125,39.41999816894531,39.68000030517578,26886800.0
2023-06-09,39.83000183105469,40.04999923706055,39.81999969482422,39.86000061035156,22199200.0
2023-06-12,39.880001068115234,39.9900016784668,39.81999969482422,39.939998626708984,25267100.0
2023-06-13,40.369998931884766,40.470001220703125,40.22999954223633,40.34000015258789,35053100.0
2023-06-14,40.349998474121094,40.72999954223633,40.33000183105469,40.63999938964844,37898300.0
2023-06-15,40.84000015258789,41.040000915527344,40.7599983215332,41.02000045776367,36328400.0
2023-06-16,41.09000015258789,41.09000015258789,40.77000045776367,40.880001068115234,40001900.0
2023-06-20,40.290000915527344,40.349998474121094,39.959999084472656,40.08000183105469,50477100.0
2023-06-21,39.86000061035156,39.959999084472656,39.7400016784668,39.88999938964844,20771300.0
2023-06-22,39.63999938964844,39.79999923706055,39.58000183105469,39.75,22804200.0
2023-06-23,39.22999954223633,39.22999954223633,39.060001373291016,39.16999816894531,26321700.0
2023-06-26,39.33000183105469,39.47999954223633,39.2599983215332,39.29999923706055,18302400.0
2023-06-27,39.619998931884766,39.720001220703125,39.52000045776367,39.70000076293945,21799500.0
2023-06-28,39.38999938964844,39.5099983215332,39.29999923706055,39.459999084472656,21628400.0
2023-06-29,39.15999984741211,39.279998779296875,39.150001525878906,39.25,23278300.0
2023-06-30,39.560001373291016,39.720001220703125,39.470001220703125,39.560001373291016,23366700.0
2023-07-03,40.0099983215332,40.209999084472656,39.95000076293945,40.0,15417000.0
2023-07-05,39.83000183105469,39.849998474121094,39.689998626708984,39.7599983215332,15853800.0
2023-07-06,39.16999816894531,39.22999954223633,38.810001373291016,38.95000076293945,36352500.0
2023-07-07,39.08000183105469,39.599998474121094,39.06999969482422,39.38999938964844,21518600.0
2023-07-10,39.150001525878906,39.439998626708984,39.13999938964844,39.41999816894531,22273400.0
2023-07-11,39.65999984741211,39.84000015258789,39.4900016784668,39.81999969482422,19616000.0
2023-07-12,40.43000030517578,40.7400016784668,40.40999984741211,40.709999084472656,61015900.0
2023-07-13,40.93000030517578,41.31999969482422,40.90999984741211,41.2400016784668,44062400.0
2023-07-14,41.13999938964844,41.15999984741211,40.97999954223633,41.0099983215332,26724500.0
2023-07-17,40.84000015258789,41.06999969482422,40.66999816894531,41.060001373291016,25782900.0
2023-07-18,40.83000183105469,40.91999816894531,40.63999938964844,40.7599983215332,29377700.0
2023-07-19,40.81999969482422,40.9900016784668,40.630001068115234,40.68000030517578,26941200.0
2023-07-20,40.5,40.599998474121094,40.31999969482422,40.380001068115234,31226700.0
2023-07-21,40.4900016784668,40.529998779296875,40.290000915527344,40.31999969482422,21620500.0
2023-07-24,40.459999084472656,41.02000045776367,40.41999816894531,40.869998931884766,47123600.0
2023-07-25,41.369998931884766,41.400001525878906,41.189998626708984,41.209999084472656,32437300.0
2023-07-26,41.029998779296875,41.56999969482422,41.0099983215332,41.45000076293945,34963100.0
2023-07-27,41.47999954223633,41.5099983215332,40.900001525878906,40.939998626708984,37548500.0
2023-07-28,41.7400016784668,41.959999084472656,41.66999816894531,41.93000030517578,34529000.0
2023-07-31,41.790000915527344,42.0,41.720001220703125,41.95000076293945,28029100.0
2023-08-01,41.61000061035156,41.650001525878906,41.369998931884766,41.41999816894531,34635600.0
2023-08-02,40.75,40.75,40.34000015258789,40.43000030517578,35588700.0
2023-08-03,40.47999954223633,40.7400016784668,40.439998626708984,40.59000015258789,20893600.0
2023-08-04,40.70000076293945,40.91999816894531,40.4900016784668,40.540000915527344,29249200.0
2023-08-07,40.650001525878906,40.650001525878906,40.310001373291016,40.47999954223633,19419100.0
2023-08-08,39.869998931884766,40.0,39.66999816894531,39.9900016784668,22600700.0
2023-08-09,40.25,40.279998779296875,39.93000030517578,40.09000015258789,27936800.0
2023-08-10,40.380001068115234,40.70000076293945,40.08000183105469,40.150001525878906,26321200.0
2023-08-11,39.70000076293945,39.72999954223633,39.459999084472656,39.560001373291016,32303600.0
2023-08-14,39.18000030517578,39.45000076293945,39.040000915527344,39.369998931884766,25510000.0
2023-08-15,39.18000030517578,39.18000030517578,38.869998931884766,38.91999816894531,31837500.0
2023-08-16,38.70000076293945,38.88999938964844,38.560001373291016,38.56999969482422,37596400.0
2023-08-17,39.04999923706055,39.06999969482422,38.630001068115234,38.65999984741211,35544200.0
2023-08-18,38.2599983215332,38.47999954223633,38.209999084472656,38.400001525878906,33913100.0
2023-08-21,38.34000015258789,38.52000045776367,38.27000045776367,38.4900016784668,24331900.0
2023-08-22,38.63999938964844,38.68000030517578,38.349998474121094,38.40999984741211,26689500.0
2023-08-23,38.70000076293945,39.06999969482422,38.68000030517578,39.02000045776367,27643300.0
2023-08-24,39.15999984741211,39.2400016784668,38.86000061035156,38.869998931884766,25776700.0
2023-08-25,38.880001068115234,38.9900016784668,38.58000183105469,38.90999984741211,20154800.0
2023-08-28,39.189998626708984,39.33000183105469,39.119998931884766,39.290000915527344,21426800.0
2023-08-29,39.400001525878906,39.81999969482422,39.290000915527344,39.790000915527344,30243400.0
2023-08-30,39.56999969482422,39.77000045776367,39.54999923706055,39.65999984741211,16164200.0
2023-08-31,39.369998931884766,39.38999938964844,39.11000061035156,39.16999816894531,35424700.0
2023-09-01,39.709999084472656,39.83000183105469,39.540000915527344,39.630001068115234,26152300.0
2023-09-05,39.41999816894531,39.459999084472656,39.27000045776367,39.310001373291016,23571600.0
2023-09-06,39.220001220703125,39.41999816894531,39.029998779296875,39.09000015258789,29118500.0
2023-09-07,38.70000076293945,38.72999954223633,38.54999923706055,38.630001068115234,23907500.0
2023-09-08,38.7400016784668,38.83000183105469,38.650001525878906,38.709999084472656,15126500.0
2023-09-11,39.13999938964844,39.209999084472656,38.9900016784668,39.189998626708984,20748000.0
2023-09-12,38.900001525878906,39.189998626708984,38.88999938964844,39.06999969482422,26259600.0
2023-09-13,39.029998779296875,39.15999984741211,38.95000076293945,39.02000045776367,20707900.0
2023-09-14,39.25,39.380001068115234,39.130001068115234,39.279998779296875,22611200.0
2023-09-15,39.290000915527344,39.349998474121094,39.09000015258789,39.130001068115234,32981700.0
2023-09-18,39.0099983215332,39.099998474121094,38.900001525878906,39.08000183105469,22967000.0
2023-09-19,38.90999984741211,38.97999954223633,38.77000045776367,38.849998474121094,17394800.0
2023-09-20,38.959999084472656,39.11000061035156,38.689998626708984,38.689998626708984,24521800.0
2023-09-21,38.099998474121094,38.20000076293945,38.0099983215332,38.02000045776367,33915600.0
2023-09-22,38.63999938964844,38.709999084472656,38.439998626708984,38.470001220703125,40006500.0
2023-09-25,38.150001525878906,38.34000015258789,38.150001525878906,38.29999923706055,29050100.0
2023-09-26,37.91999816894531,38.029998779296875,37.72999954223633,37.7599983215332,39426100.0
2023-09-27,37.95000076293945,37.97999954223633,37.630001068115234,37.81999969482422,27723500.0
2023-09-28,37.650001525878906,37.959999084472656,37.58000183105469,37.91999816894531,31425500.0
2023-09-29,38.33000183105469,38.33000183105469,37.880001068115234,37.95000076293945,41783600.0
2023-10-02,37.880001068115234,37.93000030517578,37.65999984741211,37.7599983215332,30529200.0
2023-10-03,37.400001525878906,37.54999923706055,37.20000076293945,37.2599983215332,52953900.0
2023-10-04,37.189998626708984,37.2599983215332,37.02000045776367,37.150001525878906,36174300.0
2023-10-05,37.15999984741211,37.31999969482422,37.029998779296875,37.290000915527344,27725900.0
2023-10-06,37.279998779296875,37.91999816894531,37.220001220703125,37.83000183105469,33737600.0
2023-10-09,37.31999969482422,37.65999984741211,37.2599983215332,37.650001525878906,21799900.0
2023-10-10,37.900001525878906,38.25,37.869998931884766,38.189998626708984,35189100.0
2023-10-11,38.470001220703125,38.56999969482422,38.27000045776367,38.43000030517578,24577700.0
2023-10-12,38.5099983215332,38.529998779296875,37.900001525878906,38.0,36022000.0
2023-10-13,38.029998779296875,38.15999984741211,37.77000045776367,37.86000061035156,26187900.0
2023-10-16,37.86000061035156,38.22999954223633,37.810001373291016,38.13999938964844,21117700.0
2023-10-17,37.83000183105469,38.22999954223633,37.81999969482422,38.040000915527344,24251700.0
2023-10-18,37.68000030517578,37.72999954223633,37.400001525878906,37.459999084472656,29849100.0
2023-10-19,37.349998474121094,37.54999923706055,37.220001220703125,37.2400016784668,28401800.0
2023-10-20,36.91999816894531,37.04999923706055,36.7599983215332,36.790000915527344,39070000.0
2023-10-23,36.52000045776367,36.90999984741211,36.380001068115234,36.7599983215332,34568600.0
2023-10-24,36.88999938964844,37.29999923706055,36.88999938964844,37.22999954223633,33962200.0
2023-10-25,36.849998474121094,37.0,36.70000076293945,36.7400016784668,25267400.0
2023-10-26,36.470001220703125,36.650001525878906,36.400001525878906,36.560001373291016,28415700.0
2023-10-27,36.88999938964844,36.95000076293945,36.470001220703125,36.529998779296875,34216900.0
2023-10-30,37.099998474121094,37.150001525878906,36.779998779296875,36.90999984741211,30506700.0
2023-10-31,36.61000061035156,36.720001220703125,36.40999984741211,36.70000076293945,37734300.0
2023-11-01,36.689998626708984,37.060001373291016,36.650001525878906,37.040000915527344,27879300.0
2023-11-02,37.59000015258789,37.720001220703125,37.470001220703125,37.689998626708984,33661400.0
2023-11-03,38.189998626708984,38.540000915527344,38.16999816894531,38.459999084472656,41736500.0
2023-11-06,38.959999084472656,38.9900016784668,38.720001220703125,38.77000045776367,32347100.0
2023-11-07,38.529998779296875,38.72999954223633,38.349998474121094,38.70000076293945,18218400.0
2023-11-08,38.470001220703125,38.619998931884766,38.36000061035156,38.439998626708984,18963500.0
2023-11-09,38.41999816894531,38.529998779296875,38.029998779296875,38.08000183105469,25631100.0
2023-11-10,38.08000183105469,38.349998474121094,38.02000045776367,38.349998474121094,18540300.0
2023-11-13,38.220001220703125,38.4900016784668,38.13999938964844,38.34000015258789,23437400.0
2023-11-14,38.91999816894531,39.41999816894531,38.90999984741211,39.36000061035156,66042500.0
2023-11-15,39.689998626708984,39.90999984741211,39.599998474121094,39.689998626708984,43281700.0
2023-11-16,39.2400016784668,39.4900016784668,39.13999938964844,39.310001373291016,22868300.0
2023-11-17,39.31999969482422,39.43000030517578,39.2400016784668,39.36000061035156,28460900.0
2023-11-20,39.540000915527344,39.91999816894531,39.52000045776367,39.849998474121094,35801100.0
2023-11-21,39.75,39.83000183105469,39.52000045776367,39.599998474121094,20929700.0
2023-11-22,39.54999923706055,39.63999938964844,39.380001068115234,39.52000045776367,20006500.0
2023-11-24,39.36000061035156,39.56999969482422,39.33000183105469,39.540000915527344,11365000.0
2023-11-27,39.369998931884766,39.41999816894531,39.27000045776367,39.380001068115234,22925200.0
2023-11-28,39.560001373291016,39.779998779296875,39.4900016784668,39.709999084472656,35006700.0
2023-11-29,39.5099983215332,39.720001220703125,39.439998626708984,39.47999954223633,26049200.0
2023-11-30,39.56999969482422,39.61000061035156,39.290000915527344,39.560001373291016,30482700.0
2023-12-01,39.290000915527344,39.72999954223633,39.209999084472656,39.72999954223633,27140200.0
2023-12-04,39.41999816894531,39.5,39.189998626708984,39.279998779296875,28074900.0
2023-12-05,38.93000030517578,39.09000015258789,38.84000015258789,39.040000915527344,25462300.0
2023-12-06,39.279998779296875,39.29999923706055,38.97999954223633,38.9900016784668,23069000.0
2023-12-07,39.119998931884766,39.20000076293945,39.0,39.18000030517578,19735000.0
2023-12-08,38.93000030517578,39.13999938964844,38.849998474121094,39.0099983215332,25195400.0
2023-12-11,39.0099983215332,39.25,38.959999084472656,39.2400016784668,20426400.0
2023-12-12,39.119998931884766,39.27000045776367,38.939998626708984,39.25,20278300.0
2023-12-13,39.02000045776367,39.65999984741211,38.83000183105469,39.63999938964844,42607800.0
2023-12-14,39.900001525878906,40.279998779296875,39.900001525878906,40.220001220703125,51998900.0
2023-12-15,40.18000030517578,40.279998779296875,39.97999954223633,39.97999954223633,37110300.0
2023-12-18,39.95000076293945,39.9900016784668,39.779998779296875,39.959999084472656,37419400.0
2023-12-19,40.130001068115234,40.36000061035156,40.099998474121094,40.29999923706055,33688600.0
2023-12-20,39.290000915527344,39.349998474121094,38.790000915527344,38.84000015258789,44766600.0
2023-12-21,39.380001068115234,39.599998474121094,39.310001373291016,39.56999969482422,33402800.0
2023-12-22,39.2599983215332,39.459999084472656,39.220001220703125,39.380001068115234,17082900.0
2023-12-26,39.70000076293945,39.77000045776367,39.58000183105469,39.689998626708984,16173200.0
2023-12-27,39.88999938964844,39.97999954223633,39.81999969482422,39.91999816894531,30120600.0
2023-12-28,40.279998779296875,40.439998626708984,40.220001220703125,40.22999954223633,36660400.0
2023-12-29,40.20000076293945,40.41999816894531,40.16999816894531,40.209999084472656,48758200.0
2024-01-02,39.83000183105469,39.95000076293945,39.650001525878906,39.7400016784668,20839200.0
2024-01-03,39.33000183105469,39.650001525878906,39.31999969482422,39.52000045776367,32220700.0
2024-01-04,39.38999938964844,39.599998474121094,39.380001068115234,39.38999938964844,20922700.0
2024-01-05,39.45000076293945,39.709999084472656,39.380001068115234,39.439998626708984,21875600.0
2024-01-08,39.16999816894531,39.56999969482422,39.130001068115234,39.54999923706055,16208600.0
2024-01-09,38.97999954223633,39.08000183105469,38.90999984741211,38.9900016784668,31344300.0
2024-01-10,38.939998626708984,38.970001220703125,38.810001373291016,38.900001525878906,20149400.0
2024-01-11,39.11000061035156,39.16999816894531,38.779998779296875,39.060001373291016,24682100.0
2024-01-12,39.34000015258789,39.5,39.16999816894531,39.20000076293945,21605800.0
2024-01-16,38.5099983215332,38.529998779296875,38.189998626708984,38.25,44484400.0
2024-01-17,37.5,37.70000076293945,37.47999954223633,37.68000030517578,50591600.0
2024-01-18,37.970001220703125,38.029998779296875,37.83000183105469,37.9900016784668,31884600.0
2024-01-19,38.08000183105469,38.41999816894531,37.939998626708984,38.38999938964844,31372000.0
2024-01-22,37.95000076293945,38.150001525878906,37.90999984741211,38.04999923706055,25753700.0
2024-01-23,38.209999084472656,38.43000030517578,38.189998626708984,38.380001068115234,34710400.0
2024-01-24,39.06999969482422,39.09000015258789,38.77000045776367,38.810001373291016,38215800.0
2024-01-25,38.970001220703125,39.02000045776367,38.7400016784668,38.86000061035156,23157000.0
2024-01-26,38.81999969482422,39.0,38.790000915527344,38.88999938964844,21031500.0
2024-01-29,39.0,39.0099983215332,38.70000076293945,38.90999984741211,24133600.0
2024-01-30,38.4900016784668,38.61000061035156,38.40999984741211,38.599998474121094,22928200.0
2024-01-31,38.459999084472656,38.72999954223633,38.27000045776367,38.38999938964844,37689700.0
2024-02-01,38.619998931884766,38.779998779296875,38.529998779296875,38.7599983215332,22048300.0
2024-02-02,38.59000015258789,38.689998626708984,38.45000076293945,38.650001525878906,29803500.0
2024-02-05,38.54999923706055,38.79999923706055,38.4900016784668,38.70000076293945,26934900.0
2024-02-06,39.310001373291016,39.599998474121094,39.22999954223633,39.58000183105469,41288400.0
2024-02-07,39.5,39.68000030517578,39.470001220703125,39.630001068115234,22270000.0
2024-02-08,39.459999084472656,39.5,39.29999923706055,39.40999984741211,23485800.0
2024-02-09,39.459999084472656,39.63999938964844,39.25,39.58000183105469,22416400.0
2024-02-12,39.63999938964844,40.099998474121094,39.630001068115234,39.88999938964844,33026500.0
2024-02-13,39.380001068115234,39.529998779296875,38.95000076293945,39.13999938964844,42252400.0
2024-02-14,39.61000061035156,39.7400016784668,39.529998779296875,39.70000076293945,28923100.0
2024-02-15,39.72999954223633,39.90999984741211,39.709999084472656,39.88999938964844,27273300.0
2024-02-16,40.04999923706055,40.209999084472656,39.9900016784668,40.08000183105469,36729000.0
2024-02-20,40.2400016784668,40.31999969482422,40.040000915527344,40.13999938964844,32493800.0
2024-02-21,40.220001220703125,40.33000183105469,40.08000183105469,40.209999084472656,29069400.0
2024-02-22,40.56999969482422,40.65999984741211,40.43000030517578,40.619998931884766,32548100.0
2024-02-23,40.59000015258789,40.65999984741211,40.459999084472656,40.599998474121094,37973600.0
2024-02-26,40.380001068115234,40.4900016784668,40.349998474121094,40.41999816894531,23804700.0
2024-02-27,40.529998779296875,40.560001373291016,40.45000076293945,40.5,21206300.0
2024-02-28,40.119998931884766,40.13999938964844,39.900001525878906,39.970001220703125,31288900.0
2024-02-29,40.18000030517578,40.189998626708984,39.93000030517578,39.9900016784668,43973800.0
2024-03-01,40.279998779296875,40.560001373291016,40.20000076293945,40.47999954223633,35477300.0
2024-03-04,40.540000915527344,40.540000915527344,40.34000015258789,40.38999938964844,38144500.0
2024-03-05,40.189998626708984,40.290000915527344,39.959999084472656,40.029998779296875,32915100.0
2024-03-06,40.63999938964844,40.77000045776367,40.54999923706055,40.61000061035156,45875000.0
2024-03-07,40.66999816894531,40.88999938964844,40.59000015258789,40.86000061035156,26916100.0
2024-03-08,40.9900016784668,41.119998931884766,40.77000045776367,40.81999969482422,30341400.0
2024-03-11,40.900001525878906,41.04999923706055,40.869998931884766,40.90999984741211,22761600.0
2024-03-12,41.25,41.380001068115234,41.06999969482422,41.36000061035156,37392400.0
2024-03-13,41.189998626708984,41.310001373291016,41.15999984741211,41.22999954223633,25742900.0
2024-03-14,41.2599983215332,41.310001373291016,40.90999984741211,41.02000045776367,31566200.0
2024-03-15,40.84000015258789,40.91999816894531,40.709999084472656,40.77000045776367,32816600.0
2024-03-18,41.0099983215332,41.04999923706055,40.790000915527344,40.84000015258789,23107900.0
2024-03-19,40.58000183105469,40.720001220703125,40.41999816894531,40.63999938964844,23851800.0
2024-03-20,40.720001220703125,41.119998931884766,40.65999984741211,41.099998474121094,32308000.0
2024-03-21,41.380001068115234,41.38999938964844,41.130001068115234,41.150001525878906,27655700.0
2024-03-22,40.900001525878906,40.959999084472656,40.790000915527344,40.86000061035156,30355600.0
2024-03-25,40.79999923706055,40.95000076293945,40.79999923706055,40.88999938964844,12894800.0
2024-03-26,40.9900016784668,41.0099983215332,40.84000015258789,40.86000061035156,15363300.0
2024-03-27,40.84000015258789,40.93000030517578,40.7400016784668,40.93000030517578,21819500.0
2024-03-28,41.02000045776367,41.20000076293945,41.02000045776367,41.08000183105469,28296300.0
2024-04-01,41.2599983215332,41.459999084472656,41.060001373291016,41.150001525878906,20857100.0
2024-04-02,41.290000915527344,41.43000030517578,41.2400016784668,41.279998779296875,22346100.0
2024-04-03,41.09000015258789,41.40999984741211,41.04999923706055,41.310001373291016,33272500.0
2024-04-04,41.720001220703125,41.790000915527344,41.13999938964844,41.15999984741211,33317700.0
2024-04-05,41.11000061035156,41.34000015258789,41.029998779296875,41.25,31564000.0
2024-04-08,41.470001220703125,41.599998474121094,41.45000076293945,41.52000045776367,18452500.0
2024-04-09,41.790000915527344,41.869998931884766,41.599998474121094,41.79999923706055,23963700.0
2024-04-10,41.290000915527344,41.34000015258789,41.060001373291016,41.22999954223633,37281800.0
2024-04-11,41.529998779296875,41.54999923706055,41.220001220703125,41.47999954223633,23648600.0
2024-04-12,40.88999938964844,40.900001525878906,40.439998626708984,40.529998779296875,50234600.0
2024-04-15,40.77000045776367,40.77000045776367,40.20000076293945,40.27000045776367,31290100.0
2024-04-16,39.72999954223633,39.91999816894531,39.619998931884766,39.7400016784668,43707900.0
2024-04-17,39.95000076293945,39.970001220703125,39.59000015258789,39.709999084472656,26019400.0
2024-04-18,39.900001525878906,40.099998474121094,39.779998779296875,39.869998931884766,20581900.0
2024-04-19,39.709999084472656,39.810001373291016,39.58000183105469,39.709999084472656,29537400.0
2024-04-22,39.790000915527344,40.209999084472656,39.7599983215332,40.13999938964844,25738800.0
2024-04-23,40.18000030517578,40.5099983215332,40.15999984741211,40.470001220703125,21907100.0
2024-04-24,40.720001220703125,40.75,40.47999954223633,40.61000061035156,18118100.0
2024-04-25,40.27000045776367,40.75,40.220001220703125,40.70000076293945,21962500.0
2024-04-26,41.08000183105469,41.18000030517578,41.02000045776367,41.16999816894531,24407700.0
2024-04-29,41.369998931884766,41.58000183105469,41.31999969482422,41.56999969482422,31041200.0
2024-04-30,41.18000030517578,41.31999969482422,40.9900016784668,40.9900016784668,32748700.0
2024-05-01,41.060001373291016,41.47999954223633,40.97999954223633,41.029998779296875,34489500.0
2024-05-02,41.58000183105469,42.189998626708984,41.45000076293945,42.09000015258789,48855700.0
2024-05-03,42.34000015258789,42.4900016784668,42.16999816894531,42.470001220703125,31815100.0
2024-05-06,42.470001220703125,42.540000915527344,42.400001525878906,42.5099983215332,19706300.0
2024-05-07,42.310001373291016,42.380001068115234,42.220001220703125,42.27000045776367,21316800.0
2024-05-08,42.0,42.29999923706055,42.0,42.279998779296875,18933700.0
2024-05-09,42.25,42.41999816894531,42.15999984741211,42.40999984741211,22204400.0
2024-05-10,42.689998626708984,42.7400016784668,42.45000076293945,42.5,28056400.0
2024-05-13,42.790000915527344,42.959999084472656,42.77000045776367,42.81999969482422,22233800.0
2024-05-14,42.86000061035156,43.06999969482422,42.84000015258789,43.04999923706055,24295800.0
2024-05-15,43.36000061035156,43.5099983215332,43.150001525878906,43.5099983215332,30011900.0
2024-05-16,43.54999923706055,43.70000076293945,43.45000076293945,43.599998474121094,27395100.0
2024-05-17,43.630001068115234,43.869998931884766,43.54999923706055,43.790000915527344,30865100.0
2024-05-20,43.529998779296875,43.709999084472656,43.5,43.630001068115234,24234000.0
2024-05-21,43.36000061035156,43.43000030517578,43.2400016784668,43.36000061035156,18470000.0
2024-05-22,43.400001525878906,43.43000030517578,43.130001068115234,43.220001220703125,23030800.0
2024-05-23,43.439998626708984,43.470001220703125,42.81999969482422,42.900001525878906,28607000.0
2024-05-24,42.970001220703125,43.130001068115234,42.939998626708984,43.02000045776367,20986300.0
2024-05-28,43.15999984741211,43.25,42.880001068115234,42.959999084472656,21179400.0
2024-05-29,42.36000061035156,42.400001525878906,42.2400016784668,42.31999969482422,30803500.0
2024-05-30,42.040000915527344,42.310001373291016,42.02000045776367,42.20000076293945,20741500.0
2024-05-31,41.79999923706055,41.81999969482422,41.459999084472656,41.790000915527344,49609100.0
2024-06-03,42.380001068115234,42.43000030517578,42.04999923706055,42.22999954223633,33839300.0
2024-06-04,41.560001373291016,41.720001220703125,41.40999984741211,41.63999938964844,38401100.0
2024-06-05,42.060001373291016,42.34000015258789,41.97999954223633,42.310001373291016,28092300.0
2024-06-06,42.5099983215332,42.560001373291016,42.369998931884766,42.52000045776367,26450400.0
2024-06-07,42.36000061035156,42.41999816894531,42.0099983215332,42.040000915527344,37626400.0
2024-06-10,42.11000061035156,42.369998931884766,42.0099983215332,42.290000915527344,30846300.0
2024-06-11,41.79999923706055,41.86000061035156,41.61000061035156,41.86000061035156,35763000.0
2024-06-12,42.40999984741211,42.529998779296875,42.20000076293945,42.279998779296875,34679600.0
2024-06-13,42.33000183105469,42.40999984741211,42.029998779296875,42.18000030517578,21553600.0
2024-06-14,42.09000015258789,42.2599983215332,42.02000045776367,42.22999954223633,18813600.0
2024-06-17,42.34000015258789,42.56999969482422,42.22999954223633,42.5,21037700.0
2024-06-18,42.599998474121094,42.970001220703125,42.599998474121094,42.88999938964844,35675300.0
2024-06-20,43.08000183105469,43.08000183105469,42.65999984741211,42.81999969482422,43438100.0
2024-06-21,42.72999954223633,42.81999969482422,42.650001525878906,42.66999816894531,20232900.0
2024-06-24,42.75,42.9900016784668,42.65999984741211,42.66999816894531,19840000.0
2024-06-25,42.599998474121094,42.599998474121094,42.459999084472656,42.56999969482422,25337500.0
2024-06-26,42.459999084472656,42.540000915527344,42.380001068115234,42.47999954223633,18961900.0
2024-06-27,42.70000076293945,42.709999084472656,42.470001220703125,42.5099983215332,24041500.0
2024-06-28,42.779998779296875,42.810001373291016,42.5099983215332,42.59000015258789,22614500.0
2024-07-01,42.86000061035156,42.91999816894531,42.619998931884766,42.689998626708984,18805300.0
2024-07-02,42.540000915527344,42.84000015258789,42.52000045776367,42.81999969482422,21593200.0
2024-07-03,43.099998474121094,43.470001220703125,43.099998474121094,43.45000076293945,27233300.0
2024-07-05,43.619998931884766,43.650001525878906,43.310001373291016,43.630001068115234,21337800.0
2024-07-08,43.7400016784668,43.810001373291016,43.61000061035156,43.63999938964844,18685200.0
2024-07-09,43.72999954223633,43.880001068115234,43.66999816894531,43.81999969482422,19364300.0
2024-07-10,43.97999954223633,44.08000183105469,43.88999938964844,44.06999969482422,15332700.0
2024-07-11,44.540000915527344,44.58000183105469,44.209999084472656,44.33000183105469,35650400.0
2024-07-12,44.470001220703125,44.63999938964844,44.459999084472656,44.5099983215332,24799300.0
2024-07-15,44.27000045776367,44.290000915527344,43.9900016784668,44.040000915527344,24174900.0
2024-07-16,44.060001373291016,44.29999923706055,44.02000045776367,44.290000915527344,19234300.0
2024-07-17,43.75,43.81999969482422,43.540000915527344,43.56999969482422,42630900.0
2024-07-18,43.650001525878906,43.68000030517578,43.09000015258789,43.15999984741211,42400100.0
2024-07-19,43.0099983215332,43.06999969482422,42.7400016784668,42.7400016784668,34590700.0
2024-07-22,43.02000045776367,43.13999938964844,42.90999984741211,43.099998474121094,17057500.0
2024-07-23,42.779998779296875,42.849998474121094,42.65999984741211,42.720001220703125,22891900.0
2024-07-24,42.529998779296875,42.58000183105469,42.09000015258789,42.099998474121094,28113700.0
2024-07-25,41.91999816894531,42.25,41.779998779296875,41.93000030517578,27940500.0
2024-07-26,42.279998779296875,42.459999084472656,42.189998626708984,42.36000061035156,21393700.0
2024-07-29,42.31999969482422,42.33000183105469,42.06999969482422,42.220001220703125,14299200.0
2024-07-30,42.25,42.2599983215332,41.88999938964844,42.029998779296875,19193600.0
2024-07-31,42.95000076293945,43.11000061035156,42.81999969482422,42.95000076293945,38600400.0
2024-08-01,42.790000915527344,42.880001068115234,42.09000015258789,42.20000076293945,35497100.0
2024-08-02,41.529998779296875,41.66999816894531,41.369998931884766,41.599998474121094,36857000.0
2024-08-05,39.40999984741211,40.689998626708984,39.38999938964844,40.41999816894531,60439500.0
2024-08-06,40.279998779296875,40.95000076293945,40.20000076293945,40.650001525878906,32540200.0
2024-08-07,41.560001373291016,41.59000015258789,40.880001068115234,40.900001525878906,36654400.0
2024-08-08,41.45000076293945,41.86000061035156,41.310001373291016,41.83000183105469,30021900.0
2024-08-09,41.93000030517578,42.13999938964844,41.77000045776367,42.060001373291016,21142800.0
2024-08-12,42.15999984741211,42.369998931884766,42.09000015258789,42.20000076293945,15042300.0
2024-08-13,42.310001373291016,42.68000030517578,42.290000915527344,42.66999816894531,21073600.0
2024-08-14,42.61000061035156,42.630001068115234,42.279998779296875,42.439998626708984,17537100.0
2024-08-15,42.650001525878906,43.0,42.56999969482422,42.90999984741211,26914000.0
2024-08-16,43.15999984741211,43.43000030517578,43.13999938964844,43.40999984741211,31457900.0
2024-08-19,43.630001068115234,43.90999984741211,43.56999969482422,43.83000183105469,26716600.0
2024-08-20,43.70000076293945,43.709999084472656,43.380001068115234,43.4900016784668,19230800.0
2024-08-21,43.5099983215332,43.75,43.5,43.65999984741211,14644400.0
2024-08-22,43.540000915527344,43.54999923706055,43.060001373291016,43.119998931884766,22515000.0
2024-08-23,43.54999923706055,43.93000030517578,43.439998626708984,43.84000015258789,27848700.0
2024-08-26,43.61000061035156,43.65999984741211,43.40999984741211,43.470001220703125,18429300.0
2024-08-27,43.470001220703125,43.59000015258789,43.349998474121094,43.529998779296875,14424700.0
2024-08-28,43.41999816894531,43.45000076293945,43.099998474121094,43.2599983215332,15443000.0
2024-08-29,43.34000015258789,43.5099983215332,43.2599983215332,43.279998779296875,15497600.0
2024-08-30,43.5,43.52000045776367,43.18000030517578,43.369998931884766,29450400.0
2024-09-03,42.959999084472656,43.0099983215332,42.459999084472656,42.5099983215332,35293700.0
2024-09-04,42.400001525878906,42.75,42.400001525878906,42.5,24895900.0
2024-09-05,42.52000045776367,42.72999954223633,42.43000030517578,42.560001373291016,22513900.0
2024-09-06,42.540000915527344,42.59000015258789,41.75,41.779998779296875,32436800.0
2024-09-09,42.029998779296875,42.22999954223633,41.970001220703125,42.130001068115234,19917400.0
2024-09-10,42.04999923706055,42.04999923706055,41.689998626708984,41.970001220703125,19700400.0
2024-09-11,41.900001525878906,42.29999923706055,41.560001373291016,42.279998779296875,26253300.0
2024-09-12,42.369998931884766,42.63999938964844,42.2599983215332,42.630001068115234,19993200.0
2024-09-13,42.77000045776367,42.900001525878906,42.75,42.83000183105469,16882300.0
2024-09-16,42.9900016784668,43.0099983215332,42.779998779296875,42.970001220703125,14733000.0
2024-09-17,43.189998626708984,43.220001220703125,42.90999984741211,43.02000045776367,20623700.0
2024-09-18,43.099998474121094,43.439998626708984,42.810001373291016,42.869998931884766,26010500.0
2024-09-19,43.619998931884766,43.880001068115234,43.369998931884766,43.779998779296875,41025500.0
2024-09-20,43.810001373291016,43.849998474121094,43.540000915527344,43.689998626708984,33038100.0
2024-09-23,43.91999816894531,44.16999816894531,43.88999938964844,44.029998779296875,24891700.0
2024-09-24,45.15999984741211,45.63999938964844,44.9900016784668,45.529998779296875,64472700.0
2024-09-25,45.25,45.369998931884766,45.02000045776367,45.04999923706055,41967800.0
2024-09-26,46.720001220703125,46.880001068115234,46.29999923706055,46.70000076293945,80876300.0
2024-09-27,46.66999816894531,46.95000076293945,46.529998779296875,46.61000061035156,51540100.0
2024-09-30,46.349998474121094,46.380001068115234,45.75,45.86000061035156,61400400.0
2024-10-01,46.099998474121094,46.209999084472656,45.59000015258789,46.189998626708984,38648900.0
2024-10-02,47.099998474121094,47.150001525878906,46.72999954223633,47.099998474121094,55790400.0
2024-10-03,46.25,46.720001220703125,46.20000076293945,46.540000915527344,31198300.0
2024-10-04,46.880001068115234,46.9900016784668,46.68000030517578,46.970001220703125,29476800.0
2024-10-07,47.29999923706055,47.439998626708984,47.02000045776367,47.36000061035156,42198000.0
2024-10-08,46.13999938964844,46.290000915527344,45.790000915527344,46.189998626708984,47817300.0
2024-10-09,45.58000183105469,46.060001373291016,45.529998779296875,45.939998626708984,35395800.0
2024-10-10,46.02000045776367,46.130001068115234,45.63999938964844,46.029998779296875,18052400.0
2024-10-11,45.75,46.380001068115234,45.70000076293945,46.36000061035156,28389200.0
2024-10-14,46.0099983215332,46.43000030517578,45.88999938964844,46.16999816894531,20415200.0
2024-10-15,45.75,45.779998779296875,45.08000183105469,45.189998626708984,31270700.0
2024-10-16,45.5099983215332,45.70000076293945,45.45000076293945,45.540000915527344,25111200.0
2024-10-17,45.400001525878906,45.560001373291016,45.2400016784668,45.470001220703125,36885700.0
2024-10-18,46.16999816894531,46.18000030517578,45.869998931884766,45.91999816894531,30391600.0
2024-10-21,45.540000915527344,45.709999084472656,45.34000015258789,45.599998474121094,19614900.0
2024-10-22,45.380001068115234,45.599998474121094,45.36000061035156,45.5,19243400.0
2024-10-23,45.34000015258789,45.470001220703125,45.060001373291016,45.22999954223633,19822000.0
2024-10-24,45.18000030517578,45.2400016784668,44.95000076293945,45.15999984741211,16257100.0
2024-10-25,45.310001373291016,45.459999084472656,45.04999923706055,45.119998931884766,21428500.0
2024-10-28,45.220001220703125,45.41999816894531,45.15999984741211,45.31999969482422,15169300.0
2024-10-29,45.29999923706055,45.34000015258789,45.13999938964844,45.18000030517578,15439300.0
2024-10-30,44.720001220703125,44.93000030517578,44.650001525878906,44.7400016784668,24149900.0
2024-10-31,44.599998474121094,44.599998474121094,44.189998626708984,44.45000076293945,43988700.0
2024-11-01,44.779998779296875,44.90999984741211,44.47999954223633,44.4900016784668,17525900.0
2024-11-04,44.939998626708984,45.08000183105469,44.720001220703125,44.7400016784668,24674200.0
2024-11-05,45.22999954223633,45.40999984741211,45.189998626708984,45.349998474121094,21398300.0
2024-11-06,44.529998779296875,44.939998626708984,44.349998474121094,44.790000915527344,37143300.0
2024-11-07,45.54999923706055,45.90999984741211,45.529998779296875,45.779998779296875,39247600.0
2024-11-08,45.0099983215332,45.09000015258789,44.459999084472656,44.650001525878906,44833800.0
2024-11-11,44.47999954223633,44.5,44.16999816894531,44.310001373291016,21342300.0
2024-11-12,43.689998626708984,43.72999954223633,43.33000183105469,43.470001220703125,33946300.0
2024-11-13,43.52000045776367,43.529998779296875,43.119998931884766,43.189998626708984,26586800.0
2024-11-14,43.130001068115234,43.22999954223633,42.939998626708984,42.95000076293945,34443200.0
2024-11-15,43.09000015258789,43.119998931884766,42.849998474121094,42.95000076293945,29127800.0
2024-11-18,43.15999984741211,43.459999084472656,43.15999984741211,43.439998626708984,27765000.0
2024-11-19,43.29999923706055,43.52000045776367,43.27000045776367,43.40999984741211,16624500.0
2024-11-20,43.349998474121094,43.38999938964844,43.130001068115234,43.36000061035156,18358000.0
2024-11-21,43.220001220703125,43.310001373291016,43.06999969482422,43.27000045776367,16086900.0
2024-11-22,43.11000061035156,43.290000915527344,43.099998474121094,43.279998779296875,14104100.0
2024-11-25,43.459999084472656,43.47999954223633,43.189998626708984,43.310001373291016,18855100.0
2024-11-26,43.310001373291016,43.31999969482422,43.08000183105469,43.130001068115234,19119700.0
2024-11-27,43.38999938964844,43.439998626708984,43.029998779296875,43.189998626708984,17922000.0
2024-11-29,42.810001373291016,43.29999923706055,42.79999923706055,43.2599983215332,17372200.0
2024-12-02,43.36000061035156,43.4900016784668,43.209999084472656,43.43000030517578,16508700.0
2024-12-03,43.2599983215332,43.54999923706055,43.099998474121094,43.52000045776367,49462500.0
2024-12-04,43.65999984741211,43.70000076293945,43.4900016784668,43.630001068115234,21339100.0
2024-12-05,43.849998474121094,43.970001220703125,43.83000183105469,43.91999816894531,23736100.0
2024-12-06,44.029998779296875,44.060001373291016,43.790000915527344,43.849998474121094,13142400.0
2024-12-09,44.790000915527344,45.099998474121094,44.72999954223633,44.75,34841300.0
2024-12-10,44.279998779296875,44.31999969482422,44.0,44.029998779296875,26979800.0
2024-12-11,44.130001068115234,44.2400016784668,43.9900016784668,44.209999084472656,20405600.0
2024-12-12,44.060001373291016,44.220001220703125,43.93000030517578,43.9900016784668,17662900.0
2024-12-13,44.099998474121094,44.11000061035156,43.880001068115234,44.029998779296875,19381200.0
2024-12-16,43.83000183105469,43.959999084472656,43.779998779296875,43.790000915527344,32259800.0
2024-12-17,42.720001220703125,43.0099983215332,42.689998626708984,42.959999084472656,30224000.0
2024-12-18,42.900001525878906,43.0099983215332,41.880001068115234,41.959999084472656,33249500.0
2024-12-19,42.369998931884766,42.40999984741211,42.099998474121094,42.099998474121094,31146900.0
2024-12-20,41.959999084472656,42.4900016784668,41.93000030517578,42.27000045776367,25512200.0
2024-12-23,42.279998779296875,42.54999923706055,42.209999084472656,42.5099983215332,17955400.0
2024-12-24,42.5099983215332,42.66999816894531,42.459999084472656,42.63999938964844,7066800.0
2024-12-26,42.36000061035156,42.58000183105469,42.34000015258789,42.4900016784668,16152200.0
2024-12-27,42.22999954223633,42.33000183105469,42.11000061035156,42.29999923706055,22672400.0
2024-12-30,42.040000915527344,42.09000015258789,41.84000015258789,41.959999084472656,25055000.0
2024-12-31,41.939998626708984,42.040000915527344,41.790000915527344,41.81999969482422,40524000.0
2025-01-02,41.869998931884766,41.9900016784668,41.68000030517578,41.7599983215332,25287200.0
2025-01-03,42.09000015258789,42.189998626708984,41.959999084472656,42.150001525878906,17706000.0
2025-01-06,42.599998474121094,42.72999954223633,42.279998779296875,42.29999923706055,26200900.0
2025-01-07,42.459999084472656,42.470001220703125,41.959999084472656,42.0,30912500.0
2025-01-08,41.7400016784668,41.849998474121094,41.61000061035156,41.79999923706055,20257500.0
2025-01-10,41.27000045776367,41.27000045776367,41.02000045776367,41.09000015258789,42204300.0
2025-01-13,40.630001068115234,40.83000183105469,40.61000061035156,40.810001373291016,28154900.0
2025-01-14,41.34000015258789,41.38999938964844,41.13999938964844,41.27000045776367,23438600.0
2025-01-15,41.709999084472656,41.83000183105469,41.619998931884766,41.810001373291016,22557000.0
2025-01-16,41.939998626708984,41.95000076293945,41.75,41.7599983215332,17711400.0
2025-01-17,41.959999084472656,42.380001068115234,41.900001525878906,42.09000015258789,30692300.0
2025-01-21,42.459999084472656,42.599998474121094,42.290000915527344,42.540000915527344,16728200.0
2025-01-22,42.599998474121094,42.68000030517578,42.45000076293945,42.56999969482422,16894600.0
2025-01-23,42.47999954223633,42.709999084472656,42.400001525878906,42.66999816894531,15212800.0
2025-01-24,42.90999984741211,43.04999923706055,42.75,42.95000076293945,20962800.0
2025-01-27,42.20000076293945,42.31999969482422,42.08000183105469,42.16999816894531,25964200.0
2025-01-28,42.2400016784668,42.5,41.9900016784668,42.47999954223633,22438200.0
2025-01-29,42.72999954223633,42.81999969482422,42.439998626708984,42.4900016784668,24922400.0
2025-01-30,42.81999969482422,43.34000015258789,42.79999923706055,43.209999084472656,30450300.0
2025-01-31,43.220001220703125,43.31999969482422,42.650001525878906,42.720001220703125,29974700.0
2025-02-03,42.02000045776367,42.66999816894531,41.970001220703125,42.40999984741211,37505700.0
2025-02-04,42.939998626708984,43.310001373291016,42.880001068115234,43.16999816894531,26992900.0
2025-02-05,43.0099983215332,43.16999816894531,42.95000076293945,43.060001373291016,21829200.0
2025-02-06,43.20000076293945,43.2599983215332,43.11000061035156,43.2400016784668,19365700.0
2025-02-07,43.619998931884766,43.720001220703125,43.15999984741211,43.20000076293945,32804300.0
2025-02-10,43.619998931884766,43.720001220703125,43.5099983215332,43.720001220703125,19596700.0
2025-02-11,43.41999816894531,43.650001525878906,43.349998474121094,43.54999923706055,19596800.0
2025-02-12,43.4900016784668,43.95000076293945,43.380001068115234,43.790000915527344,19986000.0
2025-02-13,43.4900016784668,44.06999969482422,43.47999954223633,44.06999969482422,22841000.0
2025-02-14,44.36000061035156,44.40999984741211,44.189998626708984,44.40999984741211,24329400.0
2025-02-18,44.7599983215332,44.790000915527344,44.59000015258789,44.689998626708984,23037100.0
2025-02-19,44.650001525878906,44.689998626708984,44.52000045776367,44.619998931884766,20275200.0
2025-02-20,44.95000076293945,45.22999954223633,44.79999923706055,45.029998779296875,29210500.0
2025-02-21,45.2599983215332,45.41999816894531,44.7400016784668,44.900001525878906,33974700.0
2025-02-24,44.650001525878906,44.65999984741211,44.189998626708984,44.209999084472656,38307000.0
2025-02-25,44.349998474121094,44.369998931884766,44.060001373291016,44.2400016784668,19955500.0
2025-02-26,44.75,44.9900016784668,44.56999969482422,44.68000030517578,25171000.0
2025-02-27,44.29999923706055,44.400001525878906,43.779998779296875,43.810001373291016,30518900.0
2025-02-28,43.04999923706055,43.2599983215332,42.86000061035156,43.209999084472656,52402300.0
2025-03-03,43.459999084472656,43.599998474121094,42.68000030517578,42.83000183105469,45587700.0
2025-03-04,42.97999954223633,43.560001373291016,42.709999084472656,43.189998626708984,30082400.0
2025-03-05,43.959999084472656,44.54999923706055,43.83000183105469,44.47999954223633,47763400.0
2025-03-06,44.45000076293945,44.63999938964844,44.15999984741211,44.20000076293945,33544500.0
2025-03-07,44.34000015258789,44.540000915527344,44.0099983215332,44.41999816894531,23474500.0
2025-03-10,43.75,43.880001068115234,43.09000015258789,43.36000061035156,29502500.0
2025-03-11,43.72999954223633,43.95000076293945,43.41999816894531,43.720001220703125,21184100.0
2025-03-12,43.90999984741211,44.02000045776367,43.630001068115234,43.959999084472656,17731600.0
2025-03-13,43.52000045776367,43.90999984741211,43.4900016784668,43.779998779296875,17870100.0
2025-03-14,44.310001373291016,44.59000015258789,44.2599983215332,44.58000183105469,21858400.0
2025-03-17,44.7400016784668,45.400001525878906,44.7400016784668,45.34000015258789,37712400.0
2025-03-18,45.25,45.279998779296875,44.939998626708984,45.11000061035156,19974200.0
2025-03-19,45.290000915527344,45.380001068115234,45.0,45.220001220703125,31657500.0
2025-03-20,44.599998474121094,44.869998931884766,44.540000915527344,44.79999923706055,25180900.0
2025-03-21,44.439998626708984,44.650001525878906,44.400001525878906,44.58000183105469,19403800.0
2025-03-24,44.75,44.900001525878906,44.65999984741211,44.779998779296875,20479000.0
2025-03-25,44.7400016784668,44.86000061035156,44.61000061035156,44.650001525878906,29535900.0
2025-03-26,44.619998931884766,44.68000030517578,44.31999969482422,44.380001068115234,22002200.0
2025-03-27,44.41999816894531,44.7599983215332,44.41999816894531,44.599998474121094,15749100.0
2025-03-28,44.16999816894531,44.220001220703125,43.70000076293945,43.77000045776367,27866500.0
2025-03-31,43.310001373291016,43.7400016784668,43.15999984741211,43.70000076293945,25638300.0
2025-04-01,43.650001525878906,43.959999084472656,43.5099983215332,43.84000015258789,21530300.0
2025-04-02,43.720001220703125,44.040000915527344,43.709999084472656,43.900001525878906,18068100.0
2025-04-03,42.97999954223633,43.290000915527344,42.959999084472656,42.970001220703125,26997500.0
2025-04-04,41.349998474121094,41.47999954223633,40.13999938964844,40.58000183105469,75853000.0
2025-04-07,38.84000015258789,40.540000915527344,38.56999969482422,39.06999969482422,87724900.0
2025-04-08,40.220001220703125,40.25,38.189998626708984,38.52000045776367,57879100.0
2025-04-09,38.7400016784668,41.33000183105469,38.459999084472656,41.189998626708984,71100600.0
2025-04-10,40.83000183105469,40.88999938964844,39.83000183105469,40.47999954223633,44475900.0
2025-04-11,41.119998931884766,41.810001373291016,40.970001220703125,41.75,43956500.0
2025-04-14,42.029998779296875,42.380001068115234,41.86000061035156,42.130001068115234,22549600.0
2025-04-15,42.20000076293945,42.349998474121094,42.08000183105469,42.09000015258789,18077500.0
2025-04-16,41.790000915527344,42.029998779296875,41.43000030517578,41.599998474121094,19984700.0
2025-04-17,42.060001373291016,42.22999954223633,41.880001068115234,41.91999816894531,23264400.0
2025-04-21,42.16999816894531,42.220001220703125,41.61000061035156,41.90999984741211,16440700.0
2025-04-22,42.380001068115234,42.83000183105469,42.34000015258789,42.540000915527344,25716100.0
2025-04-23,43.290000915527344,43.52000045776367,42.97999954223633,43.029998779296875,24787400.0
2025-04-24,43.150001525878906,43.58000183105469,43.099998474121094,43.529998779296875,28843500.0
2025-04-25,43.220001220703125,43.45000076293945,43.13999938964844,43.45000076293945,18363700.0
2025-04-28,43.5099983215332,43.59000015258789,43.31999969482422,43.529998779296875,11002200.0
2025-04-29,43.59000015258789,43.7599983215332,43.560001373291016,43.650001525878906,12809100.0
2025-04-30,43.59000015258789,43.83000183105469,43.40999984741211,43.7599983215332,20928800.0
2025-05-01,43.93000030517578,43.959999084472656,43.709999084472656,43.75,14740500.0
2025-05-02,45.150001525878906,45.16999816894531,44.84000015258789,45.0,33945900.0
2025-05-05,45.459999084472656,45.529998779296875,45.34000015258789,45.34000015258789,22661100.0
2025-05-06,45.0,45.34000015258789,44.97999954223633,45.15999984741211,17418700.0
2025-05-07,44.81999969482422,44.83000183105469,44.52000045776367,44.63999938964844,23390500.0
2025-05-08,44.790000915527344,44.869998931884766,44.560001373291016,44.61000061035156,17573700.0
2025-05-09,45.099998474121094,45.15999984741211,44.83000183105469,44.90999984741211,16091100.0
2025-05-12,46.02000045776367,46.02000045776367,45.709999084472656,45.880001068115234,26843500.0
2025-05-13,45.56999969482422,46.130001068115234,45.540000915527344,45.959999084472656,23970300.0
2025-05-14,46.40999984741211,46.459999084472656,46.25,46.310001373291016,22561700.0
2025-05-15,46.22999954223633,46.290000915527344,46.040000915527344,46.290000915527344,21682500.0
2025-05-16,46.209999084472656,46.29999923706055,46.060001373291016,46.2599983215332,23296900.0
2025-05-19,45.939998626708984,46.369998931884766,45.939998626708984,46.36000061035156,16823000.0
2025-05-20,46.16999816894531,46.31999969482422,46.130001068115234,46.310001373291016,20233700.0
2025-05-21,46.4900016784668,46.599998474121094,46.119998931884766,46.189998626708984,25570400.0
2025-05-22,45.970001220703125,46.150001525878906,45.900001525878906,46.040000915527344,16773000.0
2025-05-23,45.90999984741211,46.310001373291016,45.869998931884766,46.22999954223633,22018900.0
2025-05-27,46.06999969482422,46.18000030517578,45.970001220703125,46.119998931884766,26278900.0
2025-05-28,46.0,46.02000045776367,45.869998931884766,45.90999984741211,26970500.0
2025-05-29,46.31999969482422,46.34000015258789,45.93000030517578,46.08000183105469,24291700.0
2025-05-30,45.65999984741211,45.65999984741211,45.22999954223633,45.52000045776367,42291600.0
2025-06-02,45.689998626708984,45.869998931884766,45.52000045776367,45.849998474121094,20576500.0
2025-06-03,45.84000015258789,46.0099983215332,45.7400016784668,45.959999084472656,20943400.0
2025-06-04,46.400001525878906,46.59000015258789,46.349998474121094,46.529998779296875,26497800.0
2025-06-05,46.93000030517578,46.97999954223633,46.650001525878906,46.77000045776367,26292800.0
2025-06-06,46.810001373291016,46.95000076293945,46.720001220703125,46.91999816894531,16629900.0
2025-06-09,47.16999816894531,47.38999938964844,47.11000061035156,47.31999969482422,22715200.0
2025-06-10,47.54999923706055,47.630001068115234,47.34000015258789,47.59000015258789,26583600.0
2025-06-11,47.84000015258789,47.970001220703125,47.72999954223633,47.790000915527344,28230800.0
2025-06-12,47.72999954223633,47.900001525878906,47.689998626708984,47.869998931884766,19734400.0
2025-06-13,47.0,47.29999923706055,46.97999954223633,47.11000061035156,35198100.0
2025-06-16,47.18000030517578,47.5,47.18000030517578,47.22999954223633,26995900.0
2025-06-17,46.90999984741211,47.0099983215332,46.540000915527344,46.61000061035156,35176900.0
2025-06-18,46.619998931884766,46.790000915527344,46.47999954223633,46.599998474121094,26286900.0
2025-06-20,46.779998779296875,46.779998779296875,46.290000915527344,46.33000183105469,32783300.0
2025-06-23,46.25,46.720001220703125,46.150001525878906,46.709999084472656,22233200.0
2025-06-24,47.439998626708984,47.939998626708984,47.40999984741211,47.91999816894531,36113900.0
2025-06-25,47.900001525878906,47.9900016784668,47.81999969482422,47.959999084472656,23739200.0
2025-06-26,48.18000030517578,48.36000061035156,48.04999923706055,48.279998779296875,21962200.0
2025-06-27,48.040000915527344,48.25,47.959999084472656,48.09000015258789,37593400.0
2025-06-30,48.0,48.27000045776367,47.900001525878906,48.2400016784668,32966300.0
2025-07-01,48.349998474121094,48.41999816894531,48.189998626708984,48.33000183105469,25393000.0
2025-07-02,48.16999816894531,48.540000915527344,48.130001068115234,48.540000915527344,23950600.0
2025-07-03,48.58000183105469,48.79999923706055,48.58000183105469,48.7599983215332,20080100.0
2025-07-07,48.279998779296875,48.38999938964844,47.959999084472656,48.06999969482422,24462300.0
2025-07-08,48.369998931884766,48.41999816894531,48.2400016784668,48.369998931884766,16316900.0
2025-07-09,48.380001068115234,48.380001068115234,48.150001525878906,48.290000915527344,14846200.0
2025-07-10,48.380001068115234,48.43000030517578,48.20000076293945,48.41999816894531,21892100.0
2025-07-11,48.34000015258789,48.38999938964844,48.220001220703125,48.2599983215332,27338400.0
2025-07-14,48.27000045776367,48.369998931884766,48.20000076293945,48.33000183105469,16882100.0
2025-07-15,48.84000015258789,48.880001068115234,48.61000061035156,48.68000030517578,24890500.0
2025-07-16,48.65999984741211,48.91999816894531,48.47999954223633,48.90999984741211,32620000.0
2025-07-17,48.849998474121094,49.220001220703125,48.79999923706055,49.189998626708984,22323900.0
2025-07-18,49.33000183105469,49.41999816894531,49.04999923706055,49.08000183105469,23408000.0
2025-07-21,49.33000183105469,49.599998474121094,49.25,49.400001525878906,16861700.0
2025-07-22,49.2599983215332,49.439998626708984,49.04999923706055,49.43000030517578,22316500.0
2025-07-23,49.7400016784668,49.959999084472656,49.689998626708984,49.93000030517578,23744600.0
2025-07-24,49.779998779296875,49.849998474121094,49.630001068115234,49.65999984741211,18948000.0
2025-07-25,49.380001068115234,49.540000915527344,49.310001373291016,49.5099983215332,15605000.0
2025-07-28,49.290000915527344,49.34000015258789,49.09000015258789,49.18000030517578,27703400.0
2025-07-29,49.290000915527344,49.349998474121094,49.130001068115234,49.20000076293945,24742400.0
2025-07-30,49.040000915527344,49.130001068115234,48.7400016784668,48.84000015258789,37855400.0
2025-07-31,48.72999954223633,48.810001373291016,48.47999954223633,48.560001373291016,30587100.0
2025-08-01,48.380001068115234,48.380001068115234,47.97999954223633,48.20000076293945,27234300.0
2025-08-04,48.7400016784668,48.790000915527344,48.560001373291016,48.70000076293945,32920400.0
2025-08-05,48.959999084472656,49.02000045776367,48.72999954223633,48.84000015258789,18709100.0
2025-08-06,48.900001525878906,49.099998474121094,48.79999923706055,49.06999969482422,17094000.0
2025-08-07,49.599998474121094,49.68000030517578,49.349998474121094,49.47999954223633,23378900.0
2025-08-08,49.33000183105469,49.459999084472656,49.290000915527344,49.439998626708984,16926700.0
2025-08-11,49.400001525878906,49.459999084472656,49.22999954223633,49.29999923706055,15176100.0
2025-08-12,49.5099983215332,49.93000030517578,49.470001220703125,49.900001525878906,22908400.0
2025-08-13,50.45000076293945,50.59000015258789,50.40999984741211,50.5,28585500.0
2025-08-14,49.869998931884766,50.0099983215332,49.7400016784668,49.880001068115234,28016600.0
2025-08-15,50.029998779296875,50.08000183105469,49.880001068115234,49.939998626708984,24042600.0
2025-08-18,50.15999984741211,50.2400016784668,50.099998474121094,50.22999954223633,19212500.0
2025-08-19,50.099998474121094,50.099998474121094,49.7599983215332,49.81999969482422,17226800.0
2025-08-20,49.72999954223633,49.79999923706055,49.45000076293945,49.75,20299200.0
2025-08-21,49.58000183105469,49.7400016784668,49.540000915527344,49.63999938964844,14428500.0
2025-08-22,49.93000030517578,50.630001068115234,49.88999938964844,50.630001068115234,31264200.0
2025-08-25,50.540000915527344,50.66999816894531,50.33000183105469,50.34000015258789,23701400.0
2025-08-26,50.290000915527344,50.36000061035156,50.15999984741211,50.209999084472656,25684000.0
2025-08-27,49.630001068115234,49.93000030517578,49.59000015258789,49.90999984741211,31452900.0
2025-08-28,49.86000061035156,50.119998931884766,49.84000015258789,50.099998474121094,21353800.0
2025-08-29,49.810001373291016,49.900001525878906,49.650001525878906,49.86000061035156,24867400.0
2025-09-02,49.40999984741211,49.83000183105469,49.349998474121094,49.81999969482422,24343900.0
2025-09-03,49.970001220703125,50.06999969482422,49.880001068115234,50.0099983215332,29035600.0
2025-09-04,49.689998626708984,49.849998474121094,49.529998779296875,49.849998474121094,14791900.0
2025-09-05,50.529998779296875,50.619998931884766,50.18000030517578,50.45000076293945,24805800.0
2025-09-08,50.709999084472656,50.91999816894531,50.630001068115234,50.90999984741211,23345100.0
2025-09-09,51.11000061035156,51.290000915527344,51.099998474121094,51.189998626708984,23818600.0
2025-09-10,51.599998474121094,51.75,51.5,51.540000915527344,27152000.0
2025-09-11,51.88999938964844,52.31999969482422,51.869998931884766,52.290000915527344,38948300.0
2025-09-12,52.33000183105469,52.349998474121094,52.189998626708984,52.2599983215332,17773100.0
2025-09-15,52.58000183105469,52.66999816894531,52.4900016784668,52.63999938964844,22076400.0
2025-09-16,52.880001068115234,53.06999969482422,52.77000045776367,53.029998779296875,28614400.0
2025-09-17,53.25,53.66999816894531,52.9900016784668,53.2599983215332,53353400.0
2025-09-18,52.90999984741211,53.15999984741211,52.790000915527344,53.130001068115234,30544400.0
2025-09-19,53.06999969482422,53.119998931884766,52.90999984741211,53.0099983215332,37385100.0
2025-09-22,53.04999923706055,53.279998779296875,52.97999954223633,53.27000045776367,18357700.0
2025-09-23,53.31999969482422,53.529998779296875,53.25,53.29999923706055,21298600.0
2025-09-24,53.2599983215332,53.349998474121094,53.04999923706055,53.119998931884766,24947100.0
2025-09-25,52.779998779296875,52.97999954223633,52.63999938964844,52.810001373291016,27611900.0
2025-09-26,52.439998626708984,52.709999084472656,52.349998474121094,52.709999084472656,22608400.0
2025-09-29,53.2400016784668,53.38999938964844,53.119998931884766,53.189998626708984,26754400.0
2025-09-30,53.34000015258789,53.439998626708984,53.20000076293945,53.400001525878906,25165300.0
2025-10-01,53.59000015258789,53.849998474121094,53.59000015258789,53.81999969482422,29971300.0
2025-10-02,54.349998474121094,54.349998474121094,53.900001525878906,54.06999969482422,27872000.0
2025-10-03,54.33000183105469,54.38999938964844,54.060001373291016,54.22999954223633,21836000.0
2025-10-06,54.349998474121094,54.54999923706055,54.29999923706055,54.47999954223633,17890500.0
2025-10-07,54.68000030517578,54.689998626708984,54.02000045776367,54.060001373291016,18605600.0
2025-10-08,54.130001068115234,54.4900016784668,54.119998931884766,54.4900016784668,15391200.0
2025-10-09,54.52000045776367,54.529998779296875,53.79999923706055,53.93000030517578,24685200.0
2025-10-10,53.959999084472656,54.040000915527344,51.81999969482422,51.939998626708984,67908200.0
2025-10-13,53.439998626708984,53.650001525878906,53.20000076293945,53.45000076293945,34717200.0
2025-10-14,52.61000061035156,53.369998931884766,52.529998779296875,52.970001220703125,36062800.0
2025-10-15,53.849998474121094,54.040000915527344,53.5099983215332,53.84000015258789,31145700.0
2025-10-16,54.34000015258789,54.58000183105469,54.04999923706055,54.189998626708984,29782000.0
2025-10-17,53.83000183105469,54.279998779296875,53.79999923706055,54.18000030517578,24373600.0
2025-10-20,54.560001373291016,55.029998779296875,54.560001373291016,54.91999816894531,29450600.0
2025-10-21,54.59000015258789,54.59000015258789,54.310001373291016,54.310001373291016,27091800.0
2025-10-22,54.43000030517578,54.689998626708984,54.0099983215332,54.2599983215332,23595100.0
2025-10-23,54.47999954223633,54.86000061035156,54.459999084472656,54.7400016784668,19655800.0
2025-10-24,55.18000030517578,55.209999084472656,55.0099983215332,55.099998474121094,19506300.0
2025-10-27,55.720001220703125,55.7400016784668,55.5,55.709999084472656,24016300.0
2025-10-28,55.380001068115234,55.77000045776367,55.33000183105469,55.689998626708984,25911500.0
2025-10-29,56.220001220703125,56.310001373291016,55.75,56.0099983215332,32924600.0
2025-10-30,55.45000076293945,55.65999984741211,55.31999969482422,55.43000030517578,22532800.0
2025-10-31,55.34000015258789,55.38999938964844,55.029998779296875,55.29999923706055,29316400.0
2025-11-03,55.689998626708984,55.72999954223633,55.369998931884766,55.650001525878906,18735900.0
2025-11-04,54.72999954223633,55.06999969482422,54.61000061035156,54.630001068115234,25655800.0
2025-11-05,54.63999938964844,55.25,54.61000061035156,55.119998931884766,22362000.0
2025-11-06,55.06999969482422,55.220001220703125,54.52000045776367,54.709999084472656,24880700.0
2025-11-07,54.209999084472656,54.54999923706055,53.79999923706055,54.54999923706055,32432300.0
2025-11-10,55.279998779296875,55.54999923706055,55.099998474121094,55.5099983215332,27712200.0
2025-11-11,55.5099983215332,55.70000076293945,55.369998931884766,55.56999969482422,22791800.0
2025-11-12,55.65999984741211,55.65999984741211,55.41999816894531,55.58000183105469,24137600.0
2025-11-13,55.70000076293945,55.72999954223633,54.81999969482422,54.93000030517578,29877500.0
2025-11-14,54.529998779296875,55.29999923706055,54.40999984741211,54.959999084472656,27660000.0
2025-11-17,54.52000045776367,54.88999938964844,54.13999938964844,54.310001373291016,24765100.0
2025-11-18,53.880001068115234,54.25,53.68000030517578,54.040000915527344,29360300.0
2025-11-19,53.84000015258789,54.16999816894531,53.61000061035156,53.849998474121094,20897700.0
2025-11-20,54.43000030517578,54.4900016784668,53.08000183105469,53.11000061035156,32026400.0
2025-11-21,52.709999084472656,53.33000183105469,52.380001068115234,53.099998474121094,40328800.0
2025-11-24,53.119998931884766,53.70000076293945,53.119998931884766,53.65999984741211,33650600.0
2025-11-25,53.630001068115234,53.869998931884766,53.209999084472656,53.849998474121094,25248200.0
2025-11-26,54.099998474121094,54.33000183105469,53.959999084472656,54.2400016784668,22161600.0
2025-11-28,54.15999984741211,54.369998931884766,54.119998931884766,54.31999969482422,15057500.0
2025-12-01,54.150001525878906,54.45000076293945,54.150001525878906,54.279998779296875,17854000.0
2025-12-02,54.36000061035156,54.380001068115234,54.06999969482422,54.29999923706055,22523100.0
2025-12-03,54.13999938964844,54.349998474121094,54.04999923706055,54.34000015258789,16750200.0
2025-12-04,54.40999984741211,54.40999984741211,54.18000030517578,54.33000183105469,14443500.0
2025-12-05,54.93000030517578,55.119998931884766,54.66999816894531,54.7400016784668,20114400.0
2025-12-08,54.869998931884766,54.869998931884766,54.47999954223633,54.619998931884766,29055600.0
2025-12-09,54.29999923706055,54.58000183105469,54.25,54.529998779296875,17789200.0
2025-12-10,54.650001525878906,55.2400016784668,54.58000183105469,55.13999938964844,35022900.0
2025-12-11,54.70000076293945,54.95000076293945,54.47999954223633,54.880001068115234,22013500.0
2025-12-12,54.90999984741211,54.95000076293945,54.099998474121094,54.2400016784668,30590000.0
2025-12-15,54.54999923706055,54.58000183105469,54.06999969482422,54.08000183105469,29137000.0
2025-12-16,52.959999084472656,53.130001068115234,52.77000045776367,52.97999954223633,38180700.0
2025-12-17,53.2599983215332,53.310001373291016,52.58000183105469,52.599998474121094,35740800.0
2025-12-18,53.27000045776367,53.5,53.13999938964844,53.20000076293945,29985700.0
2025-12-19,53.540000915527344,53.88999938964844,53.5,53.720001220703125,28831700.0
2025-12-22,53.970001220703125,54.04999923706055,53.88999938964844,54.0099983215332,21645200.0
2025-12-23,53.9900016784668,54.33000183105469,53.900001525878906,54.310001373291016,25319700.0
2025-12-24,54.40999984741211,54.459999084472656,54.34000015258789,54.41999816894531,9565300.0
2025-12-26,54.56999969482422,54.81999969482422,54.529998779296875,54.79999923706055,11352000.0
2025-12-29,54.52000045776367,54.68000030517578,54.43000030517578,54.65999984741211,18816700.0
2025-12-30,54.869998931884766,54.9900016784668,54.810001373291016,54.880001068115234,24643000.0
2025-12-31,54.900001525878906,54.91999816894531,54.68000030517578,54.709999084472656,20000900.0
2026-01-02,55.88999938964844,56.25,55.810001373291016,56.2400016784668,38255900.0
2026-01-05,56.59000015258789,56.86000061035156,56.36000061035156,56.86000061035156,37082500.0
2026-01-06,57.16999816894531,57.43000030517578,57.15999984741211,57.279998779296875,29801700.0
2026-01-07,57.029998779296875,57.04999923706055,56.79999923706055,56.849998474121094,26931300.0
2026-01-08,56.75,56.88999938964844,56.619998931884766,56.869998931884766,27719800.0
2026-01-09,56.880001068115234,57.15999984741211,56.709999084472656,57.13999938964844,31540700.0
2026-01-12,57.2400016784668,57.970001220703125,57.209999084472656,57.939998626708984,47304300.0
2026-01-13,57.77000045776367,57.810001373291016,57.380001068115234,57.5099983215332,34414900.0
2026-01-14,57.58000183105469,57.77000045776367,57.439998626708984,57.75,45156200.0
2026-01-15,58.150001525878906,58.380001068115234,57.93000030517578,58.09000015258789,60438100.0
2026-01-16,57.970001220703125,58.0099983215332,57.56999969482422,57.869998931884766,30624000.0
2026-01-20,57.349998474121094,57.75,57.2400016784668,57.310001373291016,37026900.0
2026-01-21,57.9900016784668,58.47999954223633,57.91999816894531,58.2599983215332,44193800.0
2026-01-22,58.70000076293945,58.93000030517578,58.5,58.70000076293945,33731400.0
2026-01-23,58.560001373291016,59.150001525878906,58.43000030517578,59.06999969482422,31584700.0
2026-01-26,59.040000915527344,59.38999938964844,58.9900016784668,59.16999816894531,37945000.0
2026-01-27,59.970001220703125,60.369998931884766,59.880001068115234,60.34000015258789,62222300.0
2026-01-28,60.869998931884766,60.869998931884766,60.369998931884766,60.75,52067700.0
2026-01-29,60.86000061035156,60.95000076293945,59.54999923706055,60.439998626708984,70851900.0
2026-01-30,59.810001373291016,60.06999969482422,58.83000183105469,59.099998474121094,73861200.0
2026-02-02,58.58000183105469,59.470001220703125,58.560001373291016,59.279998779296875,44512300.0
2026-02-03,59.93000030517578,59.9900016784668,59.029998779296875,59.599998474121094,41132300.0
2026-02-04,59.88999938964844,59.90999984741211,58.54999923706055,58.79999923706055,50852400.0
2026-02-05,58.54999923706055,59.029998779296875,58.220001220703125,58.529998779296875,50880900.0
2026-02-06,59.2400016784668,60.09000015258789,59.220001220703125,60.06999969482422,37534800.0
2026-02-09,59.970001220703125,60.650001525878906,59.900001525878906,60.5099983215332,35324300.0
2026-02-10,60.720001220703125,60.81999969482422,60.41999816894531,60.599998474121094,32247100.0
2026-02-11,61.18000030517578,61.630001068115234,60.779998779296875,61.560001373291016,38158900.0
2026-02-12,61.84000015258789,61.90999984741211,60.68000030517578,60.86000061035156,48070600.0
2026-02-13,60.720001220703125,61.209999084472656,60.130001068115234,61.119998931884766,40091300.0
2026-02-17,60.720001220703125,61.08000183105469,60.189998626708984,60.869998931884766,38127200.0
2026-02-18,61.029998779296875,61.54999923706055,60.90999984741211,61.189998626708984,29966900.0
2026-02-19,60.83000183105469,61.06999969482422,60.58000183105469,61.040000915527344,38043800.0
2026-02-20,61.0099983215332,62.36000061035156,60.970001220703125,62.34000015258789,56421600.0
2026-02-23,62.02000045776367,62.25,61.5099983215332,61.650001525878906,36573400.0
2026-02-24,62.2400016784668,62.84000015258789,62.11000061035156,62.619998931884766,44407300.0
2026-02-25,63.41999816894531,63.43000030517578,63.040000915527344,63.310001373291016,42201200.0
2026-02-26,63.279998779296875,63.310001373291016,62.08000183105469,62.709999084472656,52083200.0
2026-02-27,62.20000076293945,65.95999908447266,62.119998931884766,62.58000183105469,34830100.0
2026-03-02,60.790000915527344,61.849998474121094,60.790000915527344,61.5,46879900.0
2026-03-03,57.970001220703125,58.90999984741211,56.7400016784668,58.41999816894531,99942900.0
2026-03-04,58.54999923706055,59.58000183105469,58.2400016784668,59.04999923706055,74073300.0
2026-03-05,58.02000045776367,58.58000183105469,56.88999938964844,57.630001068115234,81396900.0
2026-03-06,56.83000183105469,57.70000076293945,56.560001373291016,57.31999969482422,55731800.0
2026-03-09,56.65999984741211,58.650001525878906,56.2400016784668,58.45000076293945,65072500.0
2026-03-10,58.65999984741211,59.880001068115234,58.34000015258789,58.68000030517578,56415100.0
2026-03-11,58.70000076293945,59.15999984741211,58.38999938964844,58.83000183105469,35658200.0
2026-03-12,57.9900016784668,58.029998779296875,56.86000061035156,56.95000076293945,53035000.0
2026-03-13,57.619998931884766,58.0099983215332,56.65999984741211,56.79999923706055,47897100.0
2026-03-16,58.04999923706055,58.63999938964844,57.9900016784668,58.380001068115234,36204900.0
2026-03-17,58.880001068115234,59.060001373291016,58.529998779296875,58.75,24929100.0
2026-03-18,58.380001068115234,58.630001068115234,57.540000915527344,57.560001373291016,37207400.0
2026-03-19,56.439998626708984,57.869998931884766,56.2599983215332,57.619998931884766,50957600.0
2026-03-20,56.95000076293945,57.0099983215332,55.439998626708984,55.63999938964844,78534200.0
2026-03-23,56.88999938964844,57.84000015258789,56.560001373291016,57.310001373291016,61193400.0
2026-03-24,56.130001068115234,56.91999816894531,56.029998779296875,56.52000045776367,37191900.0
2026-03-25,57.41999816894531,57.77000045776367,57.029998779296875,57.41999816894531,36444000.0
2026-03-26,56.2599983215332,56.63999938964844,55.439998626708984,55.470001220703125,42794900.0
2026-03-27,55.349998474121094,55.7400016784668,55.0,55.20000076293945,38596100.0
2026-03-30,55.5,55.540000915527344,54.439998626708984,54.75,32281500.0
2026-03-31,54.939998626708984,56.86000061035156,54.880001068115234,56.790000915527344,64809400.0
2026-04-01,57.209999084472656,57.83000183105469,57.02000045776367,57.22999954223633,51176300.0
2026-04-02,55.56999969482422,57.029998779296875,55.43000030517578,56.59000015258789,33449800.0
2026-04-06,56.95000076293945,57.41999816894531,56.7400016784668,57.11000061035156,19981700.0
2026-04-07,57.16999816894531,57.33000183105469,56.33000183105469,57.310001373291016,28112800.0
2026-04-08,60.86000061035156,60.9900016784668,59.900001525878906,60.439998626708984,50444800.0
2026-04-09,59.7599983215332,60.52000045776367,59.4900016784668,60.279998779296875,35719500.0
2026-04-10,60.709999084472656,60.88999938964844,60.369998931884766,60.560001373291016,20508400.0
2026-04-13,60.08000183105469,61.130001068115234,60.0,61.06999969482422,24457400.0
2026-04-14,61.599998474121094,62.2599983215332,61.56999969482422,62.2400016784668,23734200.0
2026-04-15,62.040000915527344,62.31999969482422,61.86000061035156,62.20000076293945,26278700.0
2026-04-16,62.43000030517578,62.72999954223633,62.060001373291016,62.45000076293945,32327600.0
2026-04-17,63.529998779296875,64.22000122070312,63.369998931884766,63.63999938964844,46228600.0
2026-04-20,63.11000061035156,63.2599983215332,62.779998779296875,63.18000030517578,20045600.0
2026-04-21,63.279998779296875,63.369998931884766,62.150001525878906,62.25,25552600.0
2026-04-22,62.9900016784668,63.41999816894531,62.88999938964844,63.380001068115234,19635300.0
2026-04-23,62.75,63.06999969482422,61.70000076293945,62.349998474121094,33271500.0
2026-04-24,63.279998779296875,63.81999969482422,63.099998474121094,63.7400016784668,26360600.0
2026-04-27,63.900001525878906,63.97999954223633,63.5,63.63999938964844,14689400.0
2026-04-28,62.790000915527344,63.119998931884766,62.529998779296875,62.9900016784668,20628900.0
2026-04-29,63.06999969482422,63.119998931884766,62.439998626708984,62.689998626708984,21066100.0
2026-04-30,63.2400016784668,64.13999938964844,62.880001068115234,63.9900016784668,32197000.0
2026-05-01,63.84000015258789,64.66999816894531,63.79999923706055,64.12999725341797,22489200.0
2026-05-04,64.47000122070312,64.87000274658203,63.810001373291016,64.0999984741211,19751800.0
2026-05-05,64.9800033569336,65.62999725341797,64.88999938964844,65.4000015258789,18701000.0
2026-05-06,66.8499984741211,67.58999633789062,66.63999938964844,67.48999786376953,35376400.0
2026-05-07,67.66999816894531,67.66999816894531,66.4800033569336,66.58999633789062,34734700.0
2026-05-08,67.33000183105469,67.95999908447266,67.27999877929688,67.94000244140625,27606300.0
2026-05-11,67.83000183105469,68.1500015258789,67.58999633789062,67.88999938964844,14667100.0
2026-05-12,66.22000122070312,66.51000213623047,64.98999786376953,65.81999969482422,37773400.0
2026-05-13,66.56999969482422,67.44999694824219,66.2699966430664,67.20999908447266,26065400.0
2026-05-14,66.94999694824219,67.5199966430664,66.83000183105469,67.37999725341797,21184400.0
2026-05-15,65.2300033569336,65.47000122070312,64.72000122070312,65.06999969482422,34830900.0
2026-05-18,65.66000366210938,65.76000213623047,64.37999725341797,64.97000122070312,37739800.0
2026-05-19,63.619998931884766,64.8499984741211,63.47999954223633,64.26000213623047,37009400.0
2026-05-20,64.48999786376953,65.55999755859375,64.4000015258789,65.45999908447266,32484700.0
2026-05-21,65.2300033569336,66.3499984741211,65.05000305175781,66.02999877929688,28726400.0
2026-05-22,66.0,66.38999938964844,65.73999786376953,65.87999725341797,30851000.0
2026-05-26,67.72000122070312,68.5,67.69000244140625,68.4000015258789,25457000.0
2026-05-27,68.76000213623047,68.95999908447266,67.94000244140625,68.38999938964844,31991500.0
2026-05-28,67.6500015258789,68.7699966430664,67.43000030517578,68.61000061035156,33058600.0
2026-05-29,68.93000030517578,69.11000061035156,68.5,68.5999984741211,32143100.0
2026-06-01,69.37999725341797,70.51000213623047,69.12999725341797,70.08000183105469,31731100.0
2026-06-02,70.29000091552734,70.86000061035156,70.05999755859375,70.80000305175781,16577400.0
2026-06-03,70.41999816894531,70.47000122070312,69.55999755859375,69.91999816894531,22147100.0
2026-06-04,68.5199966430664,69.29000091552734,68.08000183105469,69.0999984741211,21260300.0
2026-06-05,66.7300033569336,66.88999938964844,64.36000061035156,64.58999633789062,56184500.0
2026-06-08,66.06999969482422,66.37000274658203,65.58999633789062,65.75,29088400.0
2026-06-09,67.20999908447266,67.45999908447266,64.06999969482422,65.81999969482422,42106700.0
2026-06-10,65.30999755859375,66.27999877929688,64.58000183105469,64.66000366210938,37541900.0
2026-06-11,65.2699966430664,67.5999984741211,65.18000030517578,67.5,41505700.0
2026-06-12,67.52999877929688,68.19999694824219,67.08999633789062,67.87999725341797,39782800.0
2026-06-15,69.61000061035156,69.87999725341797,69.37999725341797,69.75,37751500.0
2026-06-16,69.33000183105469,69.73999786376953,68.58000183105469,68.63999938964844,31283500.0
2026-06-17,69.56999969482422,70.08000183105469,68.41000366210938,68.55999755859375,36131300.0
2026-06-18,70.18000030517578,70.91999816894531,70.1500015258789,70.79000091552734,49998100.0
2026-06-22,71.29000091552734,71.56999969482422,70.98999786376953,71.20999908447266,25302200.0
2026-06-23,67.25,68.2300033569336,67.06999969482422,67.16999816894531,39069000.0
2026-06-24,67.37999725341797,67.61000061035156,66.5999984741211,67.25,22973300.0
2026-06-25,68.91000366210938,68.98999786376953,67.2699966430664,67.95999908447266,24474400.0
2026-06-26,66.33999633789062,67.72000122070312,66.2699966430664,67.19000244140625,24158700.0
2026-06-29,66.98999786376953,67.45999908447266,66.0,67.43000030517578,18609700.0
2026-06-30,67.58999633789062,68.5,67.4800033569336,68.41000366210938,20384300.0
2026-07-01,66.91000366210938,67.45999908447266,66.4800033569336,66.4800033569336,28146700.0
2026-07-02,66.52999877929688,67.19000244140625,64.80000305175781,65.69999694824219,34258700.0
2026-07-06,67.25,67.79000091552734,67.20999908447266,67.56999969482422,24039300.0
2026-07-07,65.98999786376953,66.33000183105469,65.26000213623047,65.72000122070312,26285100.0
2026-07-08,65.16000366210938,66.25,64.97000122070312,66.2300033569336,20723500.0
2026-07-09,66.56999969482422,66.95999908447266,66.37000274658203,66.77999877929688,19566800.0
2026-07-10,66.54000091552734,67.0199966430664,66.19000244140625,66.9000015258789,18694800.0
2026-07-13,65.19000244140625,65.29000091552734,64.38999938964844,64.5,25474800.0
2026-07-14,65.52999877929688,65.80000305175781,65.11000061035156,65.66999816894531,18557800.0
2026-07-15,65.87000274658203,66.04000091552734,64.66000366210938,65.56999969482422,30073900.0
2026-07-16,64.43000030517578,64.72000122070312,63.91999816894531,64.19000244140625,21565700.0
2026-07-17,62.29999923706055,63.88999938964844,62.0099983215332,63.290000915527344,35145100.0
2026-07-20,64.04000091552734,64.16999816894531,63.47999954223633,63.560001373291016,19269600.0
2026-07-21,65.12000274658203,65.5,64.81999969482422,65.33999633789062,20839300.0
2026-07-22,64.63999938964844,65.19000244140625,64.62999725341797,64.98999786376953,13399800.0
2026-07-23,64.48999786376953,65.04000091552734,63.9900016784668,64.5999984741211,13003300.0
2026-07-24,63.95000076293945,64.1500015258789,63.25,63.33000183105469,20525600.0
2026-07-27,64.22000122070312,64.2699966430664,62.849998474121094,63.619998931884766,23439900.0
2026-07-28,62.060001373291016,62.79999923706055,61.68000030517578,62.36000061035156,28991800.0
2026-07-29,61.72999954223633,62.70000076293945,60.77000045776367,61.06999969482422,32436600.0
2026-07-30,62.47999954223633,63.63999938964844,62.29999923706055,63.59000015258789,42233300.0
2026-07-31,64.93000030517578,65.05999755859375,63.5099983215332,64.08999633789062,31148600.0
2026-08-03,63.7400016784668,64.44999694824219,63.34000015258789,64.31999969482422,21829600.0
2026-08-04,65.22000122070312,66.13999938964844,65.12000274658203,66.0,25811400.0
2026-08-05,65.94999694824219,66.23999786376953,65.66999816894531,65.72000122070312,21452700.0
2026-08-06,64.68000030517578,65.55999755859375,64.47000122070312,65.0199966430664,20782000.0
2026-08-07,65.87000274658203,65.94000244140625,65.01000213623047,65.63999938964844,21462100.0
2026-08-10,65.20999908447266,65.36000061035156,64.9800033569336,65.16999816894531,19094800.0
2026-08-11,65.62000274658203,65.75,65.19000244140625,65.43000030517578,9763400.0
2026-08-12,66.61000061035156,66.66999816894531,66.19999694824219,66.45999908447266,20256500.0
2026-08-13,66.41999816894531,66.97000122070312,66.3499984741211,66.68000030517578,14548800.0
2026-08-14,66.8499984741211,67.08999633789062,66.41999816894531,66.61000061035156,11964600.0
2026-08-17,67.33000183105469,67.94000244140625,67.2300033569336,67.31999969482422,17036900.0
2026-08-18,66.02999877929688,66.27999877929688,65.25,65.33999633789062,24782800.0
2026-08-19,66.55000305175781,66.5999984741211,65.83999633789062,66.11000061035156,16168600.0
2026-08-20,66.18000030517578,66.80999755859375,66.13999938964844,66.62000274658203,16821800.0
2026-08-21,67.43000030517578,67.48999786376953,66.97000122070312,67.12000274658203,18381100.0
2026-08-24,66.4000015258789,66.44000244140625,65.77999877929688,66.11000061035156,16073600.0
2026-08-25,66.83999633789062,67.29000091552734,66.62999725341797,67.25,16396000.0
2026-08-26,67.36000061035156,67.55000305175781,67.13999938964844,67.16999816894531,14934200.0
2026-08-27,67.56999969482422,67.69000244140625,67.20999908447266,67.61000061035156,10911200.0
2026-08-31,67.29000091552734,67.41000366210938,66.80999755859375,67.0199966430664,20905000.0
2026-09-01,67.05999755859375,67.43000030517578,66.55999755859375,66.7699966430664,17084500.0
2026-09-02,66.80999755859375,67.19999694824219,66.7699966430664,67.1500015258789,9798200.0
