date,open,high,low,close,volume
2010-01-04,101.73999786376953,101.93000030517578,101.33000183105469,101.93000030517578,120500.0
2010-01-05,102.20999908447266,102.58000183105469,102.06999969482422,102.55000305175781,98700.0
2010-01-06,102.5999984741211,102.75,102.2300033569336,102.69000244140625,135300.0
2010-01-07,102.37999725341797,102.51000213623047,102.0999984741211,102.16000366210938,98300.0
2010-01-08,102.27999877929688,102.48999786376953,102.18000030517578,102.27999877929688,327900.0
2010-01-11,103.0199966430664,103.0999984741211,102.88999938964844,103.05999755859375,127000.0
2010-01-12,103.12999725341797,103.12999725341797,102.94000244140625,103.08000183105469,138400.0
2010-01-13,103.19000244140625,103.19000244140625,102.80000305175781,102.8499984741211,130200.0
2010-01-14,102.66000366210938,102.69000244140625,102.30999755859375,102.30999755859375,90400.0
2010-01-15,102.44999694824219,102.5999984741211,102.25,102.25,180600.0
2010-01-19,102.54000091552734,102.54000091552734,102.2699966430664,102.41000366210938,157100.0
2010-01-20,102.56999969482422,102.56999969482422,102.29000091552734,102.52999877929688,169500.0
2010-01-21,102.30000305175781,102.55000305175781,102.25,102.3499984741211,115900.0
2010-01-22,102.0999984741211,102.2699966430664,101.88999938964844,102.05999755859375,68800.0
2010-01-25,102.12999725341797,102.16999816894531,101.91999816894531,102.0999984741211,68000.0
2010-01-26,102.11000061035156,102.29000091552734,101.91000366210938,102.06999969482422,118200.0
2010-01-27,102.0999984741211,102.12000274658203,101.75,101.83999633789062,205100.0
2010-01-28,101.95999908447266,101.95999908447266,101.5,101.5,103500.0
2010-01-29,101.61000061035156,101.61000061035156,101.1500015258789,101.2300033569336,165800.0
2010-02-01,101.0,101.12000274658203,100.62999725341797,100.77999877929688,76300.0
2010-02-02,101.1500015258789,101.1500015258789,100.5,100.54000091552734,1151900.0
2010-02-03,100.73999786376953,100.88999938964844,100.4000015258789,100.4000015258789,187300.0
2010-02-04,100.29000091552734,100.33999633789062,99.36000061035156,99.37999725341797,219800.0
2010-02-05,99.12999725341797,100.2300033569336,97.63999938964844,99.02999877929688,875400.0
2010-02-08,99.29000091552734,99.62000274658203,99.25,99.47000122070312,124500.0
2010-02-09,99.66000366210938,99.69000244140625,99.3499984741211,99.3499984741211,119400.0
2010-02-10,99.61000061035156,99.75,99.31999969482422,99.66000366210938,89600.0
2010-02-11,99.93000030517578,100.36000061035156,99.72000122070312,100.36000061035156,130600.0
2010-02-12,100.05999755859375,100.45999908447266,100.01000213623047,100.20999908447266,137000.0
2010-02-16,100.38999938964844,100.62999725341797,100.0999984741211,100.37999725341797,67300.0
2010-02-17,100.75,100.81999969482422,100.43000030517578,100.80999755859375,90700.0
2010-02-18,100.7300033569336,100.9000015258789,100.4800033569336,100.56999969482422,129800.0
2010-02-19,100.80000305175781,100.91999816894531,100.5,100.91999816894531,118100.0
2010-02-22,101.18000030517578,101.18000030517578,100.8499984741211,100.97000122070312,69800.0
2010-02-23,101.11000061035156,101.11000061035156,100.7300033569336,100.80999755859375,70900.0
2010-02-24,101.13999938964844,101.13999938964844,100.8499984741211,100.95999908447266,204500.0
2010-02-25,101.2300033569336,101.4800033569336,101.05999755859375,101.31999969482422,153200.0
2010-02-26,101.47000122070312,102.11000061035156,101.23999786376953,102.08999633789062,140300.0
2010-03-01,102.08999633789062,102.13999938964844,101.68000030517578,101.68000030517578,335400.0
2010-03-02,102.16999816894531,102.62999725341797,101.97000122070312,102.51000213623047,656700.0
2010-03-03,102.43000030517578,102.48999786376953,102.18000030517578,102.4000015258789,362000.0
2010-03-04,102.41000366210938,102.51000213623047,102.29000091552734,102.5,83100.0
2010-03-05,102.58999633789062,102.69000244140625,102.44999694824219,102.61000061035156,104400.0
2010-03-08,102.9000015258789,103.02999877929688,102.69999694824219,103.0199966430664,78100.0
2010-03-09,103.08000183105469,103.38999938964844,102.93000030517578,103.08999633789062,105900.0
2010-03-10,103.45999908447266,103.4800033569336,102.97000122070312,102.97000122070312,411500.0
2010-03-11,103.36000061035156,103.4800033569336,103.11000061035156,103.18000030517578,58500.0
2010-03-12,103.51000213623047,104.01000213623047,103.36000061035156,103.87999725341797,109300.0
2010-03-15,104.04000091552734,104.05999755859375,103.88999938964844,104.05999755859375,91300.0
2010-03-16,104.2699966430664,104.41999816894531,104.05999755859375,104.16999816894531,105200.0
2010-03-17,104.5,104.58999633789062,104.25,104.58999633789062,68500.0
2010-03-18,104.44999694824219,104.48999786376953,104.29000091552734,104.33999633789062,72000.0
2010-03-19,104.66999816894531,104.66999816894531,104.38999938964844,104.66999816894531,199600.0
2010-03-22,104.26000213623047,104.38999938964844,104.0,104.38999938964844,120400.0
2010-03-23,104.36000061035156,104.47000122070312,104.19000244140625,104.44000244140625,131000.0
2010-03-24,104.41000366210938,104.41000366210938,104.19999694824219,104.36000061035156,108100.0
2010-03-25,104.37000274658203,104.37999725341797,104.02999877929688,104.1500015258789,114500.0
2010-03-26,104.1500015258789,104.29000091552734,103.9800033569336,104.0999984741211,117300.0
2010-03-29,104.20999908447266,104.20999908447266,104.0199966430664,104.18000030517578,114400.0
2010-03-30,104.05999755859375,104.2699966430664,104.0199966430664,104.13999938964844,111800.0
2010-03-31,104.31999969482422,104.31999969482422,104.11000061035156,104.25,153700.0
2010-04-01,103.91999816894531,103.94000244140625,103.76000213623047,103.81999969482422,115500.0
2010-04-05,103.93000030517578,103.95999908447266,103.81999969482422,103.95999908447266,84000.0
2010-04-06,104.12999725341797,104.12999725341797,103.8499984741211,103.8499984741211,128400.0
2010-04-07,104.04000091552734,104.04000091552734,103.88999938964844,103.9000015258789,245400.0
2010-04-08,103.95999908447266,104.05000305175781,103.83999633789062,104.04000091552734,338000.0
2010-04-09,104.0999984741211,104.1500015258789,103.9800033569336,104.1500015258789,131900.0
2010-04-12,104.33999633789062,104.41000366210938,104.16000366210938,104.4000015258789,112500.0
2010-04-13,104.55999755859375,104.55999755859375,104.3499984741211,104.44999694824219,88500.0
2010-04-14,104.69999694824219,104.9000015258789,104.6500015258789,104.70999908447266,120500.0
2010-04-15,105.0199966430664,105.27999877929688,104.93000030517578,105.27999877929688,327600.0
2010-04-16,105.44000244140625,105.5,105.19999694824219,105.31999969482422,133000.0
2010-04-19,105.19999694824219,105.19999694824219,104.94999694824219,105.05000305175781,124800.0
2010-04-20,105.18000030517578,105.3499984741211,105.08999633789062,105.3499984741211,247900.0
2010-04-21,105.30000305175781,105.38999938964844,105.13999938964844,105.2300033569336,134700.0
2010-04-22,105.08999633789062,105.12000274658203,104.87000274658203,104.94000244140625,265000.0
2010-04-23,104.95999908447266,104.95999908447266,104.58999633789062,104.69999694824219,240100.0
2010-04-26,104.80000305175781,104.8499984741211,104.56999969482422,104.75,99000.0
2010-04-27,104.58000183105469,104.58000183105469,103.86000061035156,104.0199966430664,229000.0
2010-04-28,104.0999984741211,104.16999816894531,103.69999694824219,103.76000213623047,115700.0
2010-04-29,104.0,104.30999755859375,103.91999816894531,103.94999694824219,128700.0
2010-04-30,104.33999633789062,104.3499984741211,104.0999984741211,104.30000305175781,167400.0
2010-05-03,103.95999908447266,103.98999786376953,103.76000213623047,103.9800033569336,105700.0
2010-05-04,103.80999755859375,103.80999755859375,103.44999694824219,103.44999694824219,155300.0
2010-05-05,102.94999694824219,103.0,102.38999938964844,102.66999816894531,238800.0
2010-05-06,102.36000061035156,102.36000061035156,97.08000183105469,98.11000061035156,482000.0
2010-05-07,100.29000091552734,100.29000091552734,99.01000213623047,99.45999908447266,298000.0
2010-05-10,101.4800033569336,102.87000274658203,101.4800033569336,102.80999755859375,166100.0
2010-05-11,102.72000122070312,102.86000061035156,102.47000122070312,102.86000061035156,143300.0
2010-05-12,103.13999938964844,103.33000183105469,102.94000244140625,103.26000213623047,209000.0
2010-05-13,103.4000015258789,103.86000061035156,103.4000015258789,103.58999633789062,94100.0
2010-05-14,103.43000030517578,103.44000244140625,102.83999633789062,103.08000183105469,67700.0
2010-05-17,103.30000305175781,103.30000305175781,102.8499984741211,103.05999755859375,54300.0
2010-05-18,103.4800033569336,103.4800033569336,102.73999786376953,102.91000366210938,96500.0
2010-05-19,102.75,102.75,102.0999984741211,102.33999633789062,243200.0
2010-05-20,101.80999755859375,101.80999755859375,100.23999786376953,100.30999755859375,256300.0
2010-05-21,100.26000213623047,101.18000030517578,100.0,101.08000183105469,181200.0
2010-05-24,101.45999908447266,101.58999633789062,101.0,101.38999938964844,91000.0
2010-05-25,100.16000366210938,100.66999816894531,99.75,100.55999755859375,159900.0
2010-05-26,100.94000244140625,101.4000015258789,100.58000183105469,101.05999755859375,172900.0
2010-05-27,101.31999969482422,101.94000244140625,101.31999969482422,101.69999694824219,271800.0
2010-05-28,102.0,102.11000061035156,101.36000061035156,101.94000244140625,130100.0
2010-06-01,101.11000061035156,101.88999938964844,100.69000244140625,101.70999908447266,83000.0
2010-06-02,101.8499984741211,101.8499984741211,101.04000091552734,101.2300033569336,1448500.0
2010-06-03,101.54000091552734,102.31999969482422,101.54000091552734,102.08000183105469,233900.0
2010-06-04,102.16999816894531,102.20999908447266,101.58999633789062,101.5999984741211,1137800.0
2010-06-07,101.75,101.76000213623047,101.19000244140625,101.2699966430664,107100.0
2010-06-08,101.55999755859375,101.55999755859375,100.75,101.0199966430664,153000.0
2010-06-09,101.48999786376953,101.56999969482422,100.9000015258789,101.36000061035156,76300.0
2010-06-10,101.55000305175781,101.91999816894531,101.43000030517578,101.83999633789062,51700.0
2010-06-11,101.75,102.2300033569336,101.75,102.20999908447266,122500.0
2010-06-14,102.51000213623047,102.5199966430664,102.26000213623047,102.5,101900.0
2010-06-15,102.5199966430664,102.80999755859375,102.33000183105469,102.80999755859375,105400.0
2010-06-16,102.97000122070312,103.12999725341797,102.75,103.02999877929688,234400.0
2010-06-17,103.51000213623047,103.51000213623047,103.16000366210938,103.23999786376953,252800.0
2010-06-18,103.29000091552734,103.72000122070312,103.2699966430664,103.72000122070312,73900.0
2010-06-21,104.13999938964844,104.16000366210938,103.94999694824219,104.0,171000.0
2010-06-22,103.95999908447266,103.95999908447266,103.69999694824219,103.75,107100.0
2010-06-23,103.9000015258789,103.9800033569336,103.76000213623047,103.8499984741211,254100.0
2010-06-24,103.94999694824219,103.94999694824219,103.52999877929688,103.52999877929688,105600.0
2010-06-25,103.44000244140625,103.77999877929688,103.44000244140625,103.5,112300.0
2010-06-28,103.8499984741211,103.94999694824219,103.66999816894531,103.80000305175781,77600.0
2010-06-29,103.80999755859375,103.80999755859375,103.5,103.75,105900.0
2010-06-30,103.7699966430664,103.91999816894531,103.55000305175781,103.91999816894531,391000.0
2010-07-01,103.38999938964844,103.38999938964844,103.12000274658203,103.25,143800.0
2010-07-02,103.37000274658203,103.44000244140625,103.12000274658203,103.36000061035156,165300.0
2010-07-06,103.55999755859375,103.7699966430664,103.47000122070312,103.5199966430664,335800.0
2010-07-07,103.7699966430664,103.9800033569336,103.68000030517578,103.93000030517578,84000.0
2010-07-08,104.18000030517578,104.41999816894531,104.18000030517578,104.41999816894531,206200.0
2010-07-09,104.51000213623047,104.66000366210938,104.25,104.6500015258789,145700.0
2010-07-12,104.66000366210938,104.77999877929688,104.33999633789062,104.33999633789062,176500.0
2010-07-13,105.0199966430664,105.20999908447266,104.94999694824219,105.20999908447266,93500.0
2010-07-14,105.0999984741211,105.44999694824219,105.06999969482422,105.36000061035156,878800.0
2010-07-15,105.38999938964844,105.4800033569336,105.22000122070312,105.22000122070312,119700.0
2010-07-16,105.4000015258789,105.66000366210938,105.4000015258789,105.58999633789062,147700.0
2010-07-19,105.58999633789062,105.76000213623047,105.58999633789062,105.76000213623047,110000.0
2010-07-20,105.80000305175781,106.04000091552734,105.7699966430664,105.94999694824219,117500.0
2010-07-21,106.27999877929688,106.52999877929688,106.26000213623047,106.3499984741211,180300.0
2010-07-22,106.79000091552734,106.91000366210938,106.36000061035156,106.9000015258789,105500.0
2010-07-23,107.05999755859375,107.11000061035156,106.93000030517578,107.11000061035156,240500.0
2010-07-26,107.13999938964844,107.36000061035156,107.08999633789062,107.1500015258789,117000.0
2010-07-27,107.70999908447266,107.83999633789062,107.37999725341797,107.7300033569336,334600.0
2010-07-28,107.37999725341797,107.70999908447266,107.37999725341797,107.56999969482422,108900.0
2010-07-29,107.68000030517578,107.76000213623047,107.61000061035156,107.69999694824219,122900.0
2010-07-30,107.76000213623047,107.9000015258789,107.58000183105469,107.6500015258789,200900.0
2010-08-02,107.7300033569336,108.18000030517578,107.69000244140625,107.69000244140625,377000.0
2010-08-03,108.25,108.55000305175781,108.06999969482422,108.37999725341797,393000.0
2010-08-04,108.55000305175781,108.63999938964844,108.38999938964844,108.63999938964844,189800.0
2010-08-05,108.7699966430664,108.80999755859375,108.55000305175781,108.80000305175781,262400.0
2010-08-06,108.83999633789062,109.36000061035156,108.83999633789062,109.36000061035156,381300.0
2010-08-09,109.5999984741211,109.91000366210938,109.56999969482422,109.79000091552734,302900.0
2010-08-10,109.95999908447266,109.95999908447266,109.69999694824219,109.87999725341797,211400.0
2010-08-11,109.87999725341797,109.95999908447266,109.68000030517578,109.75,203500.0
2010-08-12,109.75,109.77999877929688,109.62999725341797,109.6500015258789,209800.0
2010-08-13,109.5199966430664,109.79000091552734,109.5199966430664,109.75,214800.0
2010-08-16,109.9000015258789,109.97000122070312,109.69999694824219,109.93000030517578,134900.0
2010-08-17,110.30999755859375,110.66999816894531,110.22000122070312,110.5999984741211,275000.0
2010-08-18,110.81999969482422,111.13999938964844,110.66000366210938,110.94000244140625,220000.0
2010-08-19,111.23999786376953,111.36000061035156,111.20999908447266,111.3499984741211,155800.0
2010-08-20,111.41000366210938,111.62000274658203,111.23999786376953,111.56999969482422,284600.0
2010-08-23,111.7300033569336,111.7300033569336,111.5999984741211,111.69999694824219,221800.0
2010-08-24,111.54000091552734,111.55000305175781,111.19999694824219,111.3499984741211,192700.0
2010-08-25,111.30000305175781,111.33999633789062,110.77999877929688,111.0,328700.0
2010-08-26,110.75,110.91999816894531,110.41999816894531,110.45999908447266,326400.0
2010-08-27,110.1500015258789,110.41000366210938,109.91999816894531,110.13999938964844,146700.0
2010-08-30,110.19999694824219,110.19999694824219,109.93000030517578,109.98999786376953,110300.0
2010-08-31,110.05000305175781,110.08999633789062,109.41999816894531,109.98999786376953,245100.0
2010-09-01,109.87999725341797,110.2300033569336,109.76000213623047,110.20999908447266,243800.0
2010-09-02,110.18000030517578,110.18000030517578,109.87999725341797,110.12999725341797,218100.0
2010-09-03,110.06999969482422,110.29000091552734,109.7699966430664,110.25,150600.0
2010-09-07,110.11000061035156,110.11000061035156,109.76000213623047,109.76000213623047,104300.0
2010-09-08,109.75,109.75,108.7300033569336,108.80000305175781,325900.0
2010-09-09,109.13999938964844,109.2699966430664,108.81999969482422,109.06999969482422,947200.0
2010-09-10,108.80000305175781,109.0,108.80000305175781,108.87999725341797,122700.0
2010-09-13,109.05999755859375,109.33999633789062,109.02999877929688,109.30000305175781,257600.0
2010-09-14,109.37000274658203,109.43000030517578,109.16000366210938,109.16000366210938,163300.0
2010-09-15,109.31999969482422,109.62000274658203,108.88999938964844,109.58000183105469,176200.0
2010-09-16,109.56999969482422,109.81999969482422,109.37999725341797,109.55000305175781,281800.0
2010-09-17,109.66999816894531,109.66999816894531,109.22000122070312,109.5,98000.0
2010-09-20,109.43000030517578,109.4800033569336,109.22000122070312,109.4800033569336,147200.0
2010-09-21,109.58999633789062,109.66999816894531,109.30999755859375,109.61000061035156,269600.0
2010-09-22,109.63999938964844,110.01000213623047,109.63999938964844,109.94999694824219,166800.0
2010-09-23,110.0,110.05000305175781,109.83000183105469,110.04000091552734,144700.0
2010-09-24,109.97000122070312,110.05999755859375,109.68000030517578,110.05999755859375,176700.0
2010-09-27,110.01000213623047,110.68000030517578,110.01000213623047,110.6500015258789,227300.0
2010-09-28,110.69000244140625,110.8499984741211,110.5199966430664,110.83000183105469,125500.0
2010-09-29,111.0,111.31999969482422,110.94000244140625,111.0199966430664,450100.0
2010-09-30,111.29000091552734,111.37999725341797,111.16000366210938,111.30999755859375,538300.0
2010-10-01,111.0199966430664,111.02999877929688,110.66000366210938,111.0,179500.0
2010-10-04,111.05999755859375,111.19999694824219,110.95999908447266,110.95999908447266,194600.0
2010-10-05,111.23999786376953,111.77999877929688,111.0999984741211,111.72000122070312,325400.0
2010-10-06,111.88999938964844,112.0199966430664,111.7300033569336,112.01000213623047,358900.0
2010-10-07,112.11000061035156,112.30999755859375,111.95999908447266,112.06999969482422,235900.0
2010-10-08,112.19999694824219,112.47000122070312,112.0999984741211,112.47000122070312,175800.0
2010-10-11,112.45999908447266,112.97000122070312,112.44999694824219,112.93000030517578,109900.0
2010-10-12,112.76000213623047,113.26000213623047,112.62999725341797,113.12000274658203,229900.0
2010-10-13,113.5199966430664,113.75,113.30999755859375,113.5999984741211,299000.0
2010-10-14,113.7300033569336,113.7300033569336,113.01000213623047,113.01000213623047,272600.0
2010-10-15,112.83999633789062,113.1500015258789,112.83999633789062,113.05999755859375,155300.0
2010-10-18,112.9800033569336,112.9800033569336,112.31999969482422,112.41000366210938,217200.0
2010-10-19,112.02999877929688,112.37000274658203,111.94000244140625,112.2300033569336,242600.0
2010-10-20,112.13999938964844,112.2699966430664,111.95999908447266,112.16999816894531,245200.0
2010-10-21,112.33999633789062,112.36000061035156,112.12999725341797,112.19999694824219,383000.0
2010-10-22,112.23999786376953,112.4000015258789,112.18000030517578,112.4000015258789,318600.0
2010-10-25,112.73999786376953,113.18000030517578,112.51000213623047,113.08000183105469,307000.0
2010-10-26,112.95999908447266,112.97000122070312,112.6500015258789,112.91999816894531,251800.0
2010-10-27,112.75,112.75,112.4000015258789,112.55000305175781,157800.0
2010-10-28,112.6500015258789,112.70999908447266,112.44999694824219,112.6500015258789,153800.0
2010-10-29,112.86000061035156,113.05000305175781,112.6500015258789,113.0199966430664,410900.0
2010-11-01,112.75,112.93000030517578,112.52999877929688,112.62999725341797,122500.0
2010-11-02,112.8499984741211,113.0,112.62999725341797,112.9800033569336,163600.0
2010-11-03,113.13999938964844,113.58999633789062,112.98999786376953,113.55000305175781,219700.0
2010-11-04,113.83999633789062,114.13999938964844,113.5999984741211,114.12999725341797,345800.0
2010-11-05,113.83000183105469,113.97000122070312,113.62999725341797,113.66999816894531,355200.0
2010-11-08,113.61000061035156,113.61000061035156,113.0999984741211,113.0999984741211,352600.0
2010-11-09,113.2300033569336,113.30000305175781,112.08999633789062,112.08999633789062,184900.0
2010-11-10,112.04000091552734,112.05999755859375,111.4800033569336,111.94999694824219,384900.0
2010-11-11,111.98999786376953,111.98999786376953,111.62999725341797,111.72000122070312,142300.0
2010-11-12,111.26000213623047,111.2699966430664,110.62999725341797,110.81999969482422,351000.0
2010-11-15,110.5,110.81999969482422,109.72000122070312,109.81999969482422,382200.0
2010-11-16,109.29000091552734,109.55999755859375,108.70999908447266,109.06999969482422,406900.0
2010-11-17,109.54000091552734,109.87000274658203,109.26000213623047,109.80999755859375,233100.0
2010-11-18,110.1500015258789,110.2699966430664,109.97000122070312,110.20999908447266,178100.0
2010-11-19,110.20999908447266,110.20999908447266,109.4000015258789,109.55999755859375,754000.0
2010-11-22,109.63999938964844,110.12000274658203,109.63999938964844,110.05999755859375,284900.0
2010-11-23,109.91000366210938,110.01000213623047,109.0199966430664,109.05999755859375,409900.0
2010-11-24,109.45999908447266,109.48999786376953,105.7699966430664,108.7699966430664,611500.0
2010-11-26,108.98999786376953,108.98999786376953,108.44999694824219,108.5,115500.0
2010-11-29,108.7699966430664,108.7699966430664,108.19999694824219,108.19999694824219,101300.0
2010-11-30,107.88999938964844,107.95999908447266,107.18000030517578,107.5999984741211,286300.0
2010-12-01,107.79000091552734,108.19000244140625,107.41000366210938,107.58000183105469,168500.0
2010-12-02,107.75,108.27999877929688,107.61000061035156,108.27999877929688,171600.0
2010-12-03,108.18000030517578,109.41000366210938,108.16999816894531,108.91000366210938,398900.0
2010-12-06,109.05999755859375,109.41000366210938,109.02999877929688,109.3499984741211,221000.0
2010-12-07,109.63999938964844,109.73999786376953,108.86000061035156,108.86000061035156,267500.0
2010-12-08,108.43000030517578,108.5,107.56999969482422,107.75,383800.0
2010-12-09,107.75,108.08000183105469,107.66000366210938,108.08000183105469,301800.0
2010-12-10,107.80999755859375,107.93000030517578,107.45999908447266,107.77999877929688,240600.0
2010-12-13,107.69999694824219,107.69999694824219,107.23999786376953,107.29000091552734,121100.0
2010-12-14,107.56999969482422,107.56999969482422,107.1500015258789,107.29000091552734,132600.0
2010-12-15,106.98999786376953,107.08000183105469,106.5199966430664,106.5199966430664,129900.0
2010-12-16,106.63999938964844,106.63999938964844,105.47000122070312,105.77999877929688,225300.0
2010-12-17,105.56999969482422,106.02999877929688,105.56999969482422,105.97000122070312,141700.0
2010-12-20,106.69000244140625,106.69000244140625,106.04000091552734,106.51000213623047,266800.0
2010-12-21,106.93000030517578,107.06999969482422,106.70999908447266,107.06999969482422,261600.0
2010-12-22,107.27999877929688,107.27999877929688,107.06999969482422,107.23999786376953,204500.0
2010-12-23,107.44000244140625,107.44000244140625,107.12000274658203,107.33999633789062,81200.0
2010-12-27,107.02999877929688,107.61000061035156,107.02999877929688,107.30999755859375,130500.0
2010-12-28,107.20999908447266,107.27999877929688,106.43000030517578,106.70999908447266,172600.0
2010-12-29,106.93000030517578,106.93000030517578,106.4000015258789,106.52999877929688,205000.0
2010-12-30,106.69999694824219,106.83000183105469,106.5999984741211,106.61000061035156,188100.0
2010-12-31,106.61000061035156,107.23999786376953,106.61000061035156,107.08000183105469,139500.0
2011-01-03,107.3499984741211,107.62999725341797,107.04000091552734,107.52999877929688,263000.0
2011-01-04,108.0,108.19000244140625,107.76000213623047,108.19000244140625,290000.0
2011-01-05,108.18000030517578,108.19999694824219,107.56999969482422,107.56999969482422,186900.0
2011-01-06,107.7300033569336,107.7300033569336,106.61000061035156,106.73999786376953,364100.0
2011-01-07,106.97000122070312,107.30000305175781,106.6500015258789,106.95999908447266,269800.0
2011-01-10,107.16999816894531,107.16999816894531,106.55999755859375,106.69000244140625,150300.0
2011-01-11,106.9800033569336,107.16999816894531,106.8499984741211,106.9800033569336,104600.0
2011-01-12,107.29000091552734,107.48999786376953,107.01000213623047,107.48999786376953,165600.0
2011-01-13,107.62000274658203,107.79000091552734,107.26000213623047,107.69999694824219,209400.0
2011-01-14,107.5199966430664,107.83999633789062,107.47000122070312,107.83999633789062,310500.0
2011-01-18,107.81999969482422,107.8499984741211,107.43000030517578,107.63999938964844,179900.0
2011-01-19,107.54000091552734,107.54000091552734,107.08000183105469,107.30000305175781,362100.0
2011-01-20,107.18000030517578,107.19999694824219,106.66999816894531,106.91999816894531,355400.0
2011-01-21,106.95999908447266,106.95999908447266,106.5999984741211,106.80999755859375,148600.0
2011-01-24,106.87999725341797,107.12999725341797,106.73999786376953,107.11000061035156,200500.0
2011-01-25,107.18000030517578,107.18000030517578,106.8499984741211,107.02999877929688,252300.0
2011-01-26,107.30000305175781,107.31999969482422,106.94999694824219,107.01000213623047,204100.0
2011-01-27,106.9800033569336,107.05000305175781,106.61000061035156,106.63999938964844,412200.0
2011-01-28,106.41999816894531,106.41999816894531,105.77999877929688,105.8499984741211,198000.0
2011-01-31,105.91999816894531,105.9800033569336,105.61000061035156,105.97000122070312,174600.0
2011-02-01,105.72000122070312,106.08999633789062,105.72000122070312,106.0,283200.0
2011-02-02,106.18000030517578,106.31999969482422,105.93000030517578,106.13999938964844,263000.0
2011-02-03,106.01000213623047,106.19999694824219,105.58999633789062,105.87000274658203,213700.0
2011-02-04,105.87000274658203,105.98999786376953,105.22000122070312,105.2300033569336,369100.0
2011-02-07,105.08000183105469,105.22000122070312,104.86000061035156,104.86000061035156,245900.0
2011-02-08,104.91999816894531,105.33000183105469,104.91999816894531,105.19000244140625,185300.0
2011-02-09,105.16999816894531,105.16999816894531,104.66999816894531,104.69000244140625,136600.0
2011-02-10,104.5999984741211,104.69000244140625,104.27999877929688,104.43000030517578,114700.0
2011-02-11,104.3499984741211,104.80999755859375,104.3499984741211,104.58000183105469,146900.0
2011-02-14,104.68000030517578,104.68000030517578,104.30000305175781,104.33000183105469,359000.0
2011-02-15,104.12000274658203,104.47000122070312,104.12000274658203,104.30000305175781,133900.0
2011-02-16,104.31999969482422,104.72000122070312,104.31999969482422,104.51000213623047,261100.0
2011-02-17,104.63999938964844,105.29000091552734,104.63999938964844,105.1500015258789,308100.0
2011-02-18,105.37999725341797,105.44000244140625,105.12999725341797,105.44000244140625,273100.0
2011-02-22,105.25,105.25,104.80000305175781,104.80000305175781,139100.0
2011-02-23,105.08000183105469,105.08000183105469,104.61000061035156,104.69000244140625,148600.0
2011-02-24,104.72000122070312,104.95999908447266,104.63999938964844,104.80000305175781,177300.0
2011-02-25,105.08999633789062,105.38999938964844,104.98999786376953,105.37000274658203,281600.0
2011-02-28,105.58999633789062,105.73999786376953,105.37999725341797,105.44999694824219,253500.0
2011-03-01,105.20999908447266,105.26000213623047,104.95999908447266,105.05000305175781,157300.0
2011-03-02,104.9800033569336,105.33999633789062,104.9800033569336,105.19999694824219,123400.0
2011-03-03,105.58000183105469,105.58999633789062,105.19999694824219,105.19999694824219,203600.0
2011-03-04,105.44000244140625,105.77999877929688,105.3499984741211,105.7300033569336,188500.0
2011-03-07,105.9800033569336,106.01000213623047,105.81999969482422,105.9800033569336,368600.0
2011-03-08,106.08999633789062,106.27999877929688,105.94000244140625,106.2300033569336,267500.0
2011-03-09,106.38999938964844,106.38999938964844,106.06999969482422,106.25,283800.0
2011-03-10,106.3499984741211,106.3499984741211,106.08000183105469,106.16999816894531,182400.0
2011-03-11,105.88999938964844,106.26000213623047,105.88999938964844,106.23999786376953,109600.0
2011-03-14,106.29000091552734,106.30999755859375,105.97000122070312,105.97000122070312,132900.0
2011-03-15,105.54000091552734,105.95999908447266,105.36000061035156,105.83999633789062,185800.0
2011-03-16,106.08999633789062,106.08999633789062,105.33000183105469,105.37999725341797,421400.0
2011-03-17,105.87999725341797,105.95999908447266,105.55000305175781,105.87999725341797,314300.0
2011-03-18,105.75,106.19999694824219,105.75,105.91999816894531,298200.0
2011-03-21,106.19999694824219,106.38999938964844,106.1500015258789,106.36000061035156,256300.0
2011-03-22,106.51000213623047,106.51000213623047,106.2699966430664,106.3499984741211,196100.0
2011-03-23,106.3499984741211,106.4800033569336,106.19000244140625,106.4800033569336,167400.0
2011-03-24,106.47000122070312,106.61000061035156,106.47000122070312,106.56999969482422,272900.0
2011-03-25,106.69000244140625,106.69000244140625,106.4800033569336,106.5,97100.0
2011-03-28,106.44999694824219,106.55999755859375,106.27999877929688,106.55999755859375,162800.0
2011-03-29,106.55999755859375,106.55999755859375,106.33000183105469,106.45999908447266,173600.0
2011-03-30,106.3499984741211,106.54000091552734,106.3499984741211,106.45999908447266,112500.0
2011-03-31,106.62000274658203,106.68000030517578,106.51000213623047,106.62999725341797,218500.0
2011-04-01,106.38999938964844,106.66999816894531,106.27999877929688,106.37999725341797,1032500.0
2011-04-04,106.76000213623047,106.79000091552734,106.55999755859375,106.77999877929688,208300.0
2011-04-05,106.72000122070312,106.79000091552734,106.5199966430664,106.5199966430664,605900.0
2011-04-06,106.69000244140625,106.80999755859375,106.58000183105469,106.77999877929688,466300.0
2011-04-07,106.70999908447266,106.75,106.5199966430664,106.5199966430664,595500.0
2011-04-08,106.66999816894531,106.80999755859375,106.58999633789062,106.80999755859375,284500.0
2011-04-11,106.73999786376953,106.73999786376953,106.5,106.5,254600.0
2011-04-12,106.58999633789062,106.58999633789062,106.30000305175781,106.33999633789062,211300.0
2011-04-13,106.51000213623047,106.5199966430664,106.37000274658203,106.44999694824219,160100.0
2011-04-14,106.44000244140625,106.48999786376953,106.30000305175781,106.45999908447266,134200.0
2011-04-15,106.4800033569336,106.76000213623047,106.44999694824219,106.7300033569336,782100.0
2011-04-18,106.63999938964844,106.69000244140625,106.38999938964844,106.58999633789062,357300.0
2011-04-19,106.66999816894531,106.69999694824219,106.29000091552734,106.41000366210938,291000.0
2011-04-20,106.69000244140625,106.7699966430664,106.55999755859375,106.72000122070312,308100.0
2011-04-21,106.87999725341797,106.98999786376953,106.80999755859375,106.94000244140625,280300.0
2011-04-25,106.83000183105469,106.83000183105469,106.68000030517578,106.70999908447266,213200.0
2011-04-26,106.9000015258789,106.9000015258789,106.66000366210938,106.9000015258789,208400.0
2011-04-27,107.01000213623047,107.08000183105469,106.87000274658203,107.08000183105469,204500.0
2011-04-28,106.94000244140625,107.4000015258789,106.94000244140625,107.37999725341797,274300.0
2011-04-29,107.5,107.98999786376953,107.47000122070312,107.98999786376953,349000.0
2011-05-02,107.7300033569336,107.7300033569336,107.30000305175781,107.44999694824219,365100.0
2011-05-03,107.5,107.72000122070312,107.37000274658203,107.70999908447266,176000.0
2011-05-04,107.91000366210938,108.0,107.6500015258789,107.7699966430664,187000.0
2011-05-05,107.69000244140625,107.83000183105469,107.58000183105469,107.70999908447266,118300.0
2011-05-06,107.83999633789062,107.87000274658203,107.62000274658203,107.76000213623047,281700.0
2011-05-09,107.87000274658203,108.12999725341797,107.80000305175781,108.12999725341797,137000.0
2011-05-10,108.12000274658203,108.19000244140625,108.05999755859375,108.06999969482422,169600.0
2011-05-11,108.25,108.33000183105469,108.04000091552734,108.04000091552734,273800.0
2011-05-12,108.13999938964844,108.27999877929688,107.93000030517578,108.06999969482422,120000.0
2011-05-13,108.30999755859375,108.47000122070312,108.23999786376953,108.43000030517578,259800.0
2011-05-16,108.41000366210938,108.44999694824219,108.18000030517578,108.44000244140625,332900.0
2011-05-17,108.5199966430664,108.61000061035156,108.44999694824219,108.55000305175781,196300.0
2011-05-18,108.70999908447266,108.86000061035156,108.66999816894531,108.81999969482422,245600.0
2011-05-19,108.79000091552734,108.79000091552734,108.6500015258789,108.73999786376953,129900.0
2011-05-20,108.66999816894531,108.81999969482422,108.66999816894531,108.81999969482422,154200.0
2011-05-23,108.69999694824219,108.69999694824219,108.37999725341797,108.37999725341797,234900.0
2011-05-24,108.5,108.61000061035156,108.23999786376953,108.29000091552734,223100.0
2011-05-25,108.47000122070312,108.5199966430664,108.30000305175781,108.44999694824219,95400.0
2011-05-26,108.43000030517578,108.44999694824219,108.11000061035156,108.16000366210938,143600.0
2011-05-27,108.11000061035156,108.44000244140625,108.11000061035156,108.3499984741211,322200.0
2011-05-31,108.5,109.0999984741211,108.43000030517578,109.0999984741211,494900.0
2011-06-01,108.4800033569336,108.66000366210938,108.43000030517578,108.62000274658203,444100.0
2011-06-02,108.58999633789062,108.66999816894531,108.56999969482422,108.66000366210938,253700.0
2011-06-03,108.58999633789062,108.7300033569336,108.52999877929688,108.63999938964844,166600.0
2011-06-06,108.72000122070312,108.76000213623047,108.5999984741211,108.75,160600.0
2011-06-07,108.83999633789062,108.87000274658203,108.68000030517578,108.80000305175781,174000.0
2011-06-08,108.81999969482422,108.98999786376953,108.76000213623047,108.97000122070312,208200.0
2011-06-09,108.83000183105469,109.08999633789062,108.83000183105469,109.08999633789062,183600.0
2011-06-10,108.87999725341797,109.16000366210938,108.87999725341797,109.0,423200.0
2011-06-13,109.05999755859375,109.12999725341797,108.88999938964844,108.9800033569336,217000.0
2011-06-14,109.0,109.0,108.80000305175781,108.93000030517578,338000.0
2011-06-15,108.97000122070312,108.97000122070312,108.80000305175781,108.83000183105469,228300.0
2011-06-16,108.68000030517578,108.70999908447266,108.18000030517578,108.18000030517578,394400.0
2011-06-17,108.30999755859375,108.55999755859375,108.04000091552734,108.12999725341797,356700.0
2011-06-20,108.19999694824219,108.37999725341797,108.0,108.08999633789062,131400.0
2011-06-21,108.43000030517578,108.81999969482422,108.2699966430664,108.81999969482422,257600.0
2011-06-22,108.7300033569336,109.0199966430664,108.66000366210938,108.88999938964844,182800.0
2011-06-23,108.61000061035156,108.88999938964844,108.58000183105469,108.80000305175781,357600.0
2011-06-24,108.91999816894531,108.91999816894531,108.56999969482422,108.61000061035156,134700.0
2011-06-27,108.56999969482422,108.87000274658203,108.54000091552734,108.87000274658203,153000.0
2011-06-28,108.80000305175781,109.23999786376953,108.75,109.22000122070312,302600.0
2011-06-29,109.19000244140625,109.30000305175781,109.08000183105469,109.1500015258789,238700.0
2011-06-30,109.47000122070312,109.5199966430664,109.2300033569336,109.31999969482422,531900.0
2011-07-01,108.66000366210938,109.20999908447266,108.66000366210938,109.19000244140625,514500.0
2011-07-05,109.22000122070312,109.30999755859375,108.7300033569336,109.16000366210938,491500.0
2011-07-06,109.19999694824219,109.19999694824219,108.91000366210938,108.91000366210938,265500.0
2011-07-07,108.95999908447266,109.20999908447266,108.95999908447266,109.20999908447266,159000.0
2011-07-08,109.2300033569336,109.41999816894531,109.08000183105469,109.4000015258789,373200.0
2011-07-11,109.2699966430664,109.29000091552734,109.08999633789062,109.16000366210938,300000.0
2011-07-12,108.93000030517578,108.93000030517578,108.56999969482422,108.56999969482422,384500.0
2011-07-13,108.76000213623047,109.0199966430664,108.75,108.88999938964844,263800.0
2011-07-14,109.0999984741211,109.27999877929688,108.98999786376953,109.22000122070312,278800.0
2011-07-15,109.12000274658203,109.12000274658203,108.95999908447266,109.05999755859375,144800.0
2011-07-18,109.0,109.0199966430664,108.87000274658203,109.0199966430664,268000.0
2011-07-19,108.88999938964844,109.04000091552734,108.69000244140625,108.83999633789062,371100.0
2011-07-20,109.05999755859375,109.36000061035156,109.05999755859375,109.29000091552734,320600.0
2011-07-21,109.29000091552734,109.56999969482422,109.27999877929688,109.31999969482422,303100.0
2011-07-22,109.70999908447266,109.87999725341797,109.6500015258789,109.87999725341797,171600.0
2011-07-25,109.70999908447266,109.77999877929688,109.55000305175781,109.76000213623047,344200.0
2011-07-26,109.66999816894531,110.01000213623047,109.62999725341797,110.01000213623047,355100.0
2011-07-27,110.0199966430664,110.18000030517578,109.94999694824219,109.95999908447266,429600.0
2011-07-28,110.20999908447266,110.43000030517578,110.16000366210938,110.43000030517578,263400.0
2011-07-29,110.41000366210938,111.06999969482422,110.4000015258789,111.0199966430664,360800.0
2011-08-01,111.12000274658203,111.6500015258789,110.75,111.58999633789062,1386900.0
2011-08-02,111.51000213623047,111.95999908447266,111.38999938964844,111.95999908447266,546000.0
2011-08-03,111.97000122070312,112.08999633789062,111.73999786376953,111.91999816894531,674700.0
2011-08-04,112.04000091552734,112.05999755859375,111.30000305175781,111.37999725341797,370800.0
2011-08-05,110.66000366210938,111.06999969482422,109.7300033569336,109.88999938964844,879100.0
2011-08-08,108.27999877929688,109.2699966430664,105.94000244140625,108.05999755859375,860800.0
2011-08-09,107.01000213623047,108.91999816894531,107.01000213623047,107.87000274658203,1041400.0
2011-08-10,108.16000366210938,109.25,108.16000366210938,109.12999725341797,280900.0
2011-08-11,107.62000274658203,108.69999694824219,107.11000061035156,107.9000015258789,708800.0
2011-08-12,108.19000244140625,108.80000305175781,108.08999633789062,108.44000244140625,473700.0
2011-08-15,108.51000213623047,109.80999755859375,108.4800033569336,109.56999969482422,366000.0
2011-08-16,109.66000366210938,110.36000061035156,109.45999908447266,110.33999633789062,911300.0
2011-08-17,110.5199966430664,110.98999786376953,110.4000015258789,110.95999908447266,340000.0
2011-08-18,110.80999755859375,111.04000091552734,110.05999755859375,110.44999694824219,288800.0
2011-08-19,110.23999786376953,110.80000305175781,110.23999786376953,110.75,387000.0
2011-08-22,110.95999908447266,110.95999908447266,110.66999816894531,110.68000030517578,120600.0
2011-08-23,109.9800033569336,110.4800033569336,109.9800033569336,110.44999694824219,188400.0
2011-08-24,110.56999969482422,110.56999969482422,109.5199966430664,109.73999786376953,273800.0
2011-08-25,109.73999786376953,110.3499984741211,109.5999984741211,109.94999694824219,194600.0
2011-08-26,110.19000244140625,110.93000030517578,109.86000061035156,110.69000244140625,738900.0
2011-08-29,110.26000213623047,111.01000213623047,110.23999786376953,110.8499984741211,181400.0
2011-08-30,110.41999816894531,110.94000244140625,110.41999816894531,110.87000274658203,321000.0
2011-08-31,111.25,111.9000015258789,111.12999725341797,111.16999816894531,474100.0
2011-09-01,111.2300033569336,111.2300033569336,110.80000305175781,110.87000274658203,323600.0
2011-09-02,110.63999938964844,111.41999816894531,110.63999938964844,111.25,385800.0
2011-09-06,109.87000274658203,111.04000091552734,109.87000274658203,110.83999633789062,264700.0
2011-09-07,111.11000061035156,111.2699966430664,110.91999816894531,111.25,241300.0
2011-09-08,111.05999755859375,111.33000183105469,111.05999755859375,111.26000213623047,234500.0
2011-09-09,110.91999816894531,111.19999694824219,109.7699966430664,110.41999816894531,777200.0
2011-09-12,109.93000030517578,111.0,109.86000061035156,109.94000244140625,463400.0
2011-09-13,110.12000274658203,110.30000305175781,109.75,110.26000213623047,323900.0
2011-09-14,110.06999969482422,110.06999969482422,109.55999755859375,109.55999755859375,216500.0
2011-09-15,109.37000274658203,109.75,109.19999694824219,109.73999786376953,299400.0
2011-09-16,109.88999938964844,109.88999938964844,109.47000122070312,109.76000213623047,259100.0
2011-09-19,109.44000244140625,109.52999877929688,109.04000091552734,109.31999969482422,184000.0
2011-09-20,109.37999725341797,109.38999938964844,109.04000091552734,109.37000274658203,232700.0
2011-09-21,109.05000305175781,109.22000122070312,108.2699966430664,108.80999755859375,183200.0
2011-09-22,107.58000183105469,107.58999633789062,106.77999877929688,106.9000015258789,349900.0
2011-09-23,106.44999694824219,106.44999694824219,104.95999908447266,105.18000030517578,753100.0
2011-09-26,104.94000244140625,104.94000244140625,103.56999969482422,103.61000061035156,518900.0
2011-09-27,104.19000244140625,105.44000244140625,104.19000244140625,105.44000244140625,799900.0
2011-09-28,105.4800033569336,105.87000274658203,105.37999725341797,105.52999877929688,274000.0
2011-09-29,106.29000091552734,106.38999938964844,105.43000030517578,106.30999755859375,390800.0
2011-09-30,106.13999938964844,106.16000366210938,105.41000366210938,105.43000030517578,302000.0
2011-10-03,104.83000183105469,105.05000305175781,104.11000061035156,104.1500015258789,1895500.0
2011-10-04,103.47000122070312,103.47000122070312,102.5,103.20999908447266,624800.0
2011-10-05,103.25,104.08000183105469,103.25,104.08000183105469,435400.0
2011-10-06,104.77999877929688,105.41999816894531,104.66999816894531,105.31999969482422,231000.0
2011-10-07,105.3499984741211,105.6500015258789,104.86000061035156,105.05999755859375,671500.0
2011-10-10,105.29000091552734,106.68000030517578,105.29000091552734,106.56999969482422,401600.0
2011-10-11,106.44000244140625,106.5,106.12000274658203,106.2699966430664,287700.0
2011-10-12,106.69999694824219,107.33999633789062,106.6500015258789,107.11000061035156,210000.0
2011-10-13,107.63999938964844,107.63999938964844,106.98999786376953,107.41999816894531,336800.0
2011-10-14,107.62999725341797,107.87000274658203,107.54000091552734,107.76000213623047,143000.0
2011-10-17,108.30999755859375,108.73999786376953,107.97000122070312,108.05000305175781,158200.0
2011-10-18,107.91999816894531,108.37999725341797,107.7300033569336,108.25,249300.0
2011-10-19,108.58999633789062,108.58999633789062,108.18000030517578,108.23999786376953,315700.0
2011-10-20,108.69999694824219,108.69999694824219,107.91999816894531,107.9800033569336,190100.0
2011-10-21,108.0999984741211,108.31999969482422,108.01000213623047,108.08999633789062,306900.0
2011-10-24,108.16999816894531,108.77999877929688,108.05999755859375,108.76000213623047,245500.0
2011-10-25,108.97000122070312,109.18000030517578,108.83000183105469,109.01000213623047,543600.0
2011-10-26,109.48999786376953,109.48999786376953,109.11000061035156,109.36000061035156,200900.0
2011-10-27,110.25,110.6500015258789,110.25,110.56999969482422,487800.0
2011-10-28,110.16999816894531,110.62999725341797,110.16999816894531,110.61000061035156,256800.0
2011-10-31,110.55000305175781,110.55000305175781,110.19000244140625,110.4000015258789,264100.0
2011-11-01,109.80000305175781,110.56999969482422,108.86000061035156,109.91999816894531,532800.0
2011-11-02,109.87000274658203,110.13999938964844,109.80000305175781,110.12000274658203,223700.0
2011-11-03,109.95999908447266,110.80999755859375,109.95999908447266,110.79000091552734,273700.0
2011-11-04,110.88999938964844,110.98999786376953,110.80000305175781,110.88999938964844,217200.0
2011-11-07,110.77999877929688,110.9800033569336,110.69999694824219,110.97000122070312,483500.0
2011-11-08,110.98999786376953,111.19999694824219,110.98999786376953,111.18000030517578,724700.0
2011-11-09,110.87999725341797,110.87999725341797,110.2699966430664,110.4000015258789,526600.0
2011-11-10,110.25,110.69000244140625,110.12000274658203,110.48999786376953,352600.0
2011-11-11,110.08999633789062,110.98999786376953,110.08999633789062,110.93000030517578,142900.0
2011-11-14,110.25,110.68000030517578,110.25,110.43000030517578,269000.0
2011-11-15,109.8499984741211,110.0999984741211,109.61000061035156,109.91000366210938,422400.0
2011-11-16,109.91000366210938,110.12999725341797,109.5,109.79000091552734,635300.0
2011-11-17,109.94000244140625,109.94000244140625,109.0,109.13999938964844,317300.0
2011-11-18,109.30999755859375,109.5,109.05000305175781,109.23999786376953,231800.0
2011-11-21,108.68000030517578,108.86000061035156,108.26000213623047,108.26000213623047,231200.0
2011-11-22,108.56999969482422,108.56999969482422,107.3499984741211,107.56999969482422,319800.0
2011-11-23,107.4800033569336,107.9000015258789,106.4800033569336,106.58000183105469,469900.0
2011-11-25,107.12000274658203,107.36000061035156,106.30000305175781,106.70999908447266,60100.0
2011-11-28,107.08000183105469,107.66000366210938,106.88999938964844,107.63999938964844,240900.0
2011-11-29,107.73999786376953,107.83000183105469,107.55000305175781,107.77999877929688,190000.0
2011-11-30,108.48999786376953,108.80000305175781,108.29000091552734,108.54000091552734,347900.0
2011-12-01,108.41000366210938,108.7699966430664,108.33999633789062,108.58000183105469,821300.0
2011-12-02,108.5199966430664,109.2699966430664,108.5199966430664,109.2699966430664,308200.0
2011-12-05,109.38999938964844,109.66000366210938,109.19000244140625,109.23999786376953,515300.0
2011-12-06,109.5,109.76000213623047,109.25,109.61000061035156,350000.0
2011-12-07,109.55000305175781,109.55000305175781,109.20999908447266,109.36000061035156,179600.0
2011-12-08,109.30000305175781,109.48999786376953,108.33000183105469,108.81999969482422,324400.0
2011-12-09,108.7699966430664,109.16999816894531,108.66999816894531,109.0199966430664,158600.0
2011-12-12,108.81999969482422,109.19999694824219,108.81999969482422,109.01000213623047,254000.0
2011-12-13,108.94999694824219,109.25,108.94999694824219,109.19000244140625,239800.0
2011-12-14,108.81999969482422,109.16000366210938,108.81999969482422,109.05999755859375,425800.0
2011-12-15,109.0,109.01000213623047,108.80000305175781,108.83999633789062,375500.0
2011-12-16,109.0,109.29000091552734,108.94000244140625,109.0999984741211,1042100.0
2011-12-19,109.0,109.02999877929688,108.86000061035156,108.95999908447266,183300.0
2011-12-20,109.12999725341797,109.5199966430664,109.06999969482422,109.5199966430664,660200.0
2011-12-21,109.61000061035156,109.62000274658203,109.37000274658203,109.62000274658203,916900.0
2011-12-22,109.5999984741211,109.72000122070312,109.41999816894531,109.69999694824219,381700.0
2011-12-23,109.66999816894531,109.77999877929688,109.33000183105469,109.63999938964844,364400.0
2011-12-27,109.18000030517578,109.86000061035156,109.01000213623047,109.5199966430664,271200.0
2011-12-28,109.51000213623047,109.51000213623047,109.19999694824219,109.37000274658203,221400.0
2011-12-29,109.3499984741211,109.58999633789062,109.30999755859375,109.58000183105469,285600.0
2011-12-30,109.5,109.83000183105469,109.30999755859375,109.75,287600.0
2012-01-03,109.63999938964844,110.05999755859375,108.18000030517578,108.73999786376953,2221300.0
2012-01-04,108.81999969482422,109.08999633789062,108.54000091552734,109.04000091552734,733600.0
2012-01-05,108.9000015258789,108.98999786376953,108.68000030517578,108.87999725341797,664200.0
2012-01-06,109.08999633789062,109.08999633789062,108.20999908447266,108.4000015258789,809700.0
2012-01-09,108.63999938964844,108.63999938964844,107.97000122070312,108.23999786376953,331000.0
2012-01-10,108.33000183105469,108.55000305175781,108.08999633789062,108.20999908447266,393000.0
2012-01-11,108.18000030517578,108.2699966430664,107.94999694824219,108.18000030517578,247000.0
2012-01-12,108.33000183105469,108.48999786376953,108.19999694824219,108.2699966430664,281200.0
2012-01-13,108.20999908447266,108.29000091552734,107.9000015258789,108.2300033569336,612700.0
2012-01-17,108.58000183105469,108.58000183105469,108.30999755859375,108.30999755859375,557900.0
2012-01-18,108.51000213623047,108.9000015258789,108.41000366210938,108.9000015258789,820400.0
2012-01-19,109.16000366210938,109.36000061035156,109.04000091552734,109.18000030517578,325600.0
2012-01-20,109.4800033569336,109.56999969482422,109.30000305175781,109.4800033569336,316000.0
2012-01-23,109.83000183105469,109.83000183105469,109.5,109.76000213623047,213100.0
2012-01-24,109.63999938964844,109.63999938964844,109.26000213623047,109.41999816894531,793100.0
2012-01-25,109.48999786376953,109.79000091552734,109.33000183105469,109.73999786376953,373200.0
2012-01-26,110.04000091552734,110.4800033569336,109.98999786376953,110.47000122070312,342800.0
2012-01-27,110.23999786376953,110.51000213623047,110.23999786376953,110.33999633789062,383800.0
2012-01-30,110.12999725341797,110.55999755859375,110.12999725341797,110.55999755859375,683700.0
2012-01-31,110.7300033569336,111.04000091552734,110.54000091552734,111.0,491500.0
2012-02-01,110.91000366210938,111.04000091552734,110.2300033569336,110.33999633789062,1105900.0
2012-02-02,110.37999725341797,111.04000091552734,110.37999725341797,111.04000091552734,676800.0
2012-02-03,111.26000213623047,111.33999633789062,111.08000183105469,111.0999984741211,527200.0
2012-02-06,111.33000183105469,111.33999633789062,111.08999633789062,111.19000244140625,302200.0
2012-02-07,111.25,111.93000030517578,111.13999938964844,111.43000030517578,466700.0
2012-02-08,111.66000366210938,115.0,111.04000091552734,111.19000244140625,617600.0
2012-02-09,111.1500015258789,111.36000061035156,111.1500015258789,111.31999969482422,221200.0
2012-02-10,111.08999633789062,111.16000366210938,110.94000244140625,110.9800033569336,399500.0
2012-02-13,111.44000244140625,111.66000366210938,111.33999633789062,111.56999969482422,634400.0
2012-02-14,111.62000274658203,111.81999969482422,111.62000274658203,111.75,472700.0
2012-02-15,111.98999786376953,111.98999786376953,111.80999755859375,111.9000015258789,272500.0
2012-02-16,111.63999938964844,111.77999877929688,111.56999969482422,111.7699966430664,390900.0
2012-02-17,111.88999938964844,111.88999938964844,111.37000274658203,111.52999877929688,1429500.0
2012-02-21,111.94000244140625,112.20999908447266,111.70999908447266,112.04000091552734,338000.0
2012-02-22,112.27999877929688,112.36000061035156,112.18000030517578,112.33999633789062,354500.0
2012-02-23,112.55000305175781,112.61000061035156,112.36000061035156,112.61000061035156,346300.0
2012-02-24,112.69999694824219,112.86000061035156,112.56999969482422,112.86000061035156,440600.0
2012-02-27,112.73999786376953,112.91000366210938,112.62000274658203,112.87000274658203,319200.0
2012-02-28,113.0199966430664,113.30999755859375,112.94999694824219,113.20999908447266,429500.0
2012-02-29,113.41999816894531,113.47000122070312,113.20999908447266,113.30000305175781,588000.0
2012-03-01,112.94999694824219,113.18000030517578,112.75,113.12000274658203,573400.0
2012-03-02,113.48999786376953,113.70999908447266,113.38999938964844,113.66000366210938,326000.0
2012-03-05,113.66000366210938,113.76000213623047,113.5999984741211,113.70999908447266,1018200.0
2012-03-06,113.11000061035156,113.29000091552734,112.5999984741211,112.69999694824219,1056100.0
2012-03-07,112.97000122070312,113.19999694824219,112.69000244140625,113.19999694824219,590000.0
2012-03-08,113.55000305175781,113.70999908447266,113.2300033569336,113.70999908447266,343100.0
2012-03-09,113.72000122070312,113.87999725341797,113.68000030517578,113.86000061035156,427000.0
2012-03-12,113.95999908447266,114.19999694824219,113.88999938964844,114.19000244140625,398100.0
2012-03-13,114.37999725341797,114.52999877929688,114.2300033569336,114.4800033569336,483500.0
2012-03-14,114.19999694824219,114.31999969482422,113.83999633789062,113.87000274658203,525000.0
2012-03-15,113.5199966430664,113.61000061035156,113.16999816894531,113.44000244140625,703900.0
2012-03-16,113.43000030517578,113.54000091552734,113.29000091552734,113.54000091552734,172400.0
2012-03-19,113.38999938964844,113.4800033569336,113.19000244140625,113.23999786376953,356300.0
2012-03-20,113.06999969482422,113.11000061035156,112.79000091552734,112.8499984741211,329900.0
2012-03-21,112.87000274658203,112.9000015258789,112.48999786376953,112.73999786376953,788900.0
2012-03-22,112.7699966430664,112.80999755859375,112.68000030517578,112.69000244140625,595900.0
2012-03-23,112.69999694824219,112.91000366210938,112.5,112.69999694824219,485400.0
2012-03-26,112.5999984741211,112.72000122070312,112.4000015258789,112.45999908447266,488400.0
2012-03-27,112.58999633789062,112.62999725341797,112.45999908447266,112.5,302100.0
2012-03-28,112.86000061035156,112.86000061035156,112.55999755859375,112.58000183105469,313900.0
2012-03-29,112.5,112.62999725341797,112.27999877929688,112.44000244140625,255000.0
2012-03-30,112.69000244140625,112.70999908447266,112.31999969482422,112.70999908447266,539400.0
2012-04-02,112.6500015258789,112.7699966430664,112.44000244140625,112.73999786376953,2533200.0
2012-04-03,112.7699966430664,112.7699966430664,112.30000305175781,112.43000030517578,1071900.0
2012-04-04,112.38999938964844,112.41999816894531,112.20999908447266,112.41000366210938,535400.0
2012-04-05,112.31999969482422,112.31999969482422,112.0999984741211,112.13999938964844,531600.0
2012-04-09,112.45999908447266,112.5,112.30000305175781,112.5,418100.0
2012-04-10,112.0,112.4000015258789,112.0,112.0199966430664,616000.0
2012-04-11,112.08999633789062,112.4000015258789,112.06999969482422,112.4000015258789,444300.0
2012-04-12,112.58000183105469,112.94999694824219,112.45999908447266,112.94000244140625,1099300.0
2012-04-13,112.98999786376953,112.98999786376953,112.66999816894531,112.9000015258789,714100.0
2012-04-16,112.72000122070312,113.0199966430664,112.72000122070312,112.91999816894531,476600.0
2012-04-17,112.98999786376953,113.22000122070312,112.9800033569336,113.20999908447266,229000.0
2012-04-18,113.11000061035156,113.25,113.05999755859375,113.19000244140625,354400.0
2012-04-19,113.19000244140625,113.27999877929688,113.02999877929688,113.19999694824219,287800.0
2012-04-20,113.33999633789062,113.66999816894531,113.27999877929688,113.62000274658203,585300.0
2012-04-23,113.48999786376953,113.48999786376953,113.13999938964844,113.33000183105469,415500.0
2012-04-24,113.37000274658203,113.51000213623047,113.31999969482422,113.44999694824219,462400.0
2012-04-25,113.48999786376953,113.83000183105469,113.47000122070312,113.80999755859375,493100.0
2012-04-26,113.80000305175781,113.87000274658203,113.66000366210938,113.86000061035156,390600.0
2012-04-27,113.83000183105469,113.94999694824219,113.72000122070312,113.94999694824219,299800.0
2012-04-30,113.98999786376953,114.2699966430664,113.98999786376953,114.2699966430664,906200.0
2012-05-01,113.7300033569336,113.93000030517578,113.69999694824219,113.87999725341797,769000.0
2012-05-02,113.9000015258789,114.19999694824219,113.83000183105469,114.08000183105469,1033000.0
2012-05-03,114.37000274658203,114.56999969482422,114.36000061035156,114.52999877929688,568000.0
2012-05-04,114.5,114.52999877929688,114.38999938964844,114.48999786376953,366500.0
2012-05-07,114.43000030517578,114.5,114.30999755859375,114.4800033569336,392000.0
2012-05-08,114.44999694824219,114.47000122070312,114.20999908447266,114.27999877929688,623100.0
2012-05-09,113.83000183105469,113.91000366210938,113.6500015258789,113.69999694824219,764300.0
2012-05-10,113.70999908447266,113.76000213623047,113.55999755859375,113.7300033569336,563800.0
2012-05-11,113.58000183105469,113.66000366210938,113.26000213623047,113.37999725341797,571700.0
2012-05-14,113.05000305175781,113.05000305175781,112.0,112.05999755859375,891900.0
2012-05-15,111.86000061035156,112.0999984741211,111.58999633789062,111.63999938964844,928100.0
2012-05-16,111.56999969482422,111.70999908447266,111.20999908447266,111.20999908447266,531900.0
2012-05-17,111.05999755859375,111.12999725341797,110.47000122070312,110.5199966430664,578100.0
2012-05-18,110.44000244140625,110.5,110.26000213623047,110.33000183105469,1098300.0
2012-05-21,110.5999984741211,110.98999786376953,110.4000015258789,110.98999786376953,578300.0
2012-05-22,111.08999633789062,111.5,111.08999633789062,111.31999969482422,967900.0
2012-05-23,110.98999786376953,111.0,110.47000122070312,110.5999984741211,968000.0
2012-05-24,110.7300033569336,110.7300033569336,110.33000183105469,110.37999725341797,507600.0
2012-05-25,110.47000122070312,110.62999725341797,110.2699966430664,110.5199966430664,491400.0
2012-05-29,110.54000091552734,110.5999984741211,110.3499984741211,110.48999786376953,613700.0
2012-05-30,110.4000015258789,110.56999969482422,110.30999755859375,110.4800033569336,593300.0
2012-05-31,110.58000183105469,110.83000183105469,110.5,110.68000030517578,967300.0
2012-06-01,110.18000030517578,110.2300033569336,108.5,108.5,3183500.0
2012-06-04,108.83000183105469,109.73999786376953,108.83000183105469,109.6500015258789,1140200.0
2012-06-05,109.7699966430664,110.41000366210938,109.7300033569336,110.29000091552734,745000.0
2012-06-06,110.7300033569336,111.56999969482422,110.7300033569336,111.56999969482422,663000.0
2012-06-07,112.16999816894531,112.16999816894531,111.7300033569336,111.75,514300.0
2012-06-08,111.83000183105469,112.16999816894531,111.58999633789062,112.13999938964844,1061300.0
2012-06-11,112.45999908447266,112.45999908447266,112.16000366210938,112.19000244140625,326900.0
2012-06-12,112.23999786376953,112.62999725341797,112.19999694824219,112.62000274658203,307000.0
2012-06-13,112.9000015258789,113.12000274658203,112.77999877929688,113.08000183105469,361700.0
2012-06-14,113.0999984741211,113.26000213623047,112.98999786376953,113.26000213623047,338600.0
2012-06-15,113.68000030517578,113.86000061035156,113.26000213623047,113.52999877929688,661600.0
2012-06-18,113.7300033569336,114.31999969482422,113.56999969482422,113.80000305175781,563900.0
2012-06-19,113.9000015258789,114.19000244140625,113.9000015258789,114.16999816894531,548600.0
2012-06-20,114.30999755859375,114.30999755859375,114.12000274658203,114.25,469300.0
2012-06-21,114.37000274658203,114.38999938964844,113.86000061035156,113.86000061035156,335800.0
2012-06-22,113.97000122070312,114.05000305175781,113.8499984741211,114.05000305175781,655300.0
2012-06-25,113.87000274658203,113.93000030517578,113.55000305175781,113.80000305175781,788800.0
2012-06-26,113.76000213623047,113.83999633789062,113.6500015258789,113.75,776700.0
2012-06-27,113.79000091552734,114.12999725341797,113.76000213623047,114.0999984741211,266800.0
2012-06-28,114.05000305175781,114.05999755859375,113.88999938964844,113.93000030517578,720000.0
2012-06-29,114.48999786376953,114.83000183105469,114.44000244140625,114.72000122070312,1216000.0
2012-07-02,114.5,115.02999877929688,114.3499984741211,114.9800033569336,4578400.0
2012-07-03,115.16000366210938,115.38999938964844,114.94999694824219,115.1500015258789,539800.0
2012-07-05,115.4800033569336,115.58000183105469,115.29000091552734,115.41000366210938,606500.0
2012-07-06,115.3499984741211,115.58000183105469,115.25,115.58000183105469,370400.0
2012-07-09,115.41999816894531,115.62000274658203,115.30999755859375,115.58000183105469,686000.0
2012-07-10,115.73999786376953,115.97000122070312,115.5999984741211,115.62000274658203,1303800.0
2012-07-11,115.8499984741211,116.26000213623047,115.8499984741211,116.18000030517578,583800.0
2012-07-12,116.31999969482422,116.66999816894531,116.23999786376953,116.58000183105469,629500.0
2012-07-13,116.9000015258789,117.13999938964844,116.77999877929688,117.13999938964844,746300.0
2012-07-16,117.44999694824219,117.76000213623047,117.30999755859375,117.66999816894531,314300.0
2012-07-17,118.12000274658203,118.1500015258789,117.76000213623047,117.98999786376953,1829400.0
2012-07-18,118.04000091552734,118.04000091552734,117.8499984741211,117.98999786376953,572400.0
2012-07-19,118.12999725341797,118.12999725341797,117.94000244140625,117.94999694824219,433000.0
2012-07-20,118.0199966430664,118.08000183105469,117.8499984741211,117.9800033569336,643700.0
2012-07-23,117.44999694824219,117.44999694824219,117.08000183105469,117.23999786376953,683300.0
2012-07-24,116.83999633789062,116.88999938964844,116.69999694824219,116.80999755859375,806200.0
2012-07-25,116.91000366210938,117.08999633789062,116.83000183105469,117.06999969482422,461200.0
2012-07-26,117.27999877929688,117.58999633789062,117.27999877929688,117.56999969482422,497900.0
2012-07-27,117.68000030517578,117.9800033569336,117.68000030517578,117.97000122070312,925800.0
2012-07-30,118.08000183105469,118.38999938964844,117.98999786376953,118.38999938964844,864800.0
2012-07-31,118.63999938964844,118.83999633789062,118.37999725341797,118.55000305175781,913500.0
2012-08-01,119.16999816894531,119.29000091552734,118.4000015258789,118.58000183105469,896100.0
2012-08-02,118.62999725341797,118.77999877929688,118.52999877929688,118.66000366210938,397800.0
2012-08-03,119.02999877929688,119.16000366210938,118.70999908447266,119.0,582500.0
2012-08-06,119.30999755859375,119.55999755859375,119.12999725341797,119.37999725341797,425500.0
2012-08-07,119.48999786376953,119.48999786376953,119.1500015258789,119.33000183105469,690200.0
2012-08-08,119.25,119.2699966430664,119.01000213623047,119.02999877929688,344200.0
2012-08-09,119.02999877929688,119.02999877929688,118.45999908447266,118.45999908447266,454600.0
2012-08-10,118.41999816894531,118.41999816894531,118.08000183105469,118.33000183105469,563700.0
2012-08-13,118.19999694824219,118.44000244140625,118.18000030517578,118.37999725341797,382500.0
2012-08-14,118.33000183105469,118.54000091552734,118.2699966430664,118.37999725341797,372100.0
2012-08-15,118.16000366210938,118.19000244140625,117.8499984741211,117.9800033569336,484900.0
2012-08-16,118.05999755859375,118.05999755859375,117.75,117.7699966430664,462700.0
2012-08-17,117.9000015258789,117.9800033569336,117.72000122070312,117.73999786376953,353500.0
2012-08-20,117.97000122070312,118.0,117.66999816894531,117.87000274658203,1008700.0
2012-08-21,117.94000244140625,118.22000122070312,117.94000244140625,118.12000274658203,458400.0
2012-08-22,118.2699966430664,118.79000091552734,118.2699966430664,118.79000091552734,818500.0
2012-08-23,118.98999786376953,119.0999984741211,118.9000015258789,119.08000183105469,815200.0
2012-08-24,119.12000274658203,119.22000122070312,119.0,119.16999816894531,905600.0
2012-08-27,119.0199966430664,119.25,119.0199966430664,119.22000122070312,411800.0
2012-08-28,119.16999816894531,119.37999725341797,119.16999816894531,119.33000183105469,360000.0
2012-08-29,119.45999908447266,119.5,119.3499984741211,119.38999938964844,468400.0
2012-08-30,119.4000015258789,119.4800033569336,119.27999877929688,119.43000030517578,451800.0
2012-08-31,119.7699966430664,119.7699966430664,119.44000244140625,119.55999755859375,370300.0
2012-09-04,119.55999755859375,119.55999755859375,119.0,119.30000305175781,1080000.0
2012-09-05,119.41000366210938,119.66000366210938,119.37999725341797,119.55000305175781,329200.0
2012-09-06,119.76000213623047,120.04000091552734,119.58000183105469,119.79000091552734,621800.0
2012-09-07,119.97000122070312,120.4800033569336,119.95999908447266,120.30999755859375,730100.0
2012-09-10,120.44999694824219,120.55999755859375,120.33000183105469,120.55000305175781,528700.0
2012-09-11,120.6500015258789,120.91000366210938,120.5999984741211,120.70999908447266,1848300.0
2012-09-12,120.88999938964844,120.91999816894531,120.72000122070312,120.7699966430664,783500.0
2012-09-13,120.69999694824219,120.72000122070312,120.44999694824219,120.5,842300.0
2012-09-14,120.62999725341797,120.83999633789062,120.51000213623047,120.73999786376953,765300.0
2012-09-17,120.5199966430664,120.69999694824219,120.44000244140625,120.56999969482422,768300.0
2012-09-18,120.51000213623047,120.77999877929688,120.51000213623047,120.69000244140625,802900.0
2012-09-19,120.72000122070312,120.86000061035156,120.69999694824219,120.80999755859375,542500.0
2012-09-20,120.80999755859375,120.8499984741211,120.58999633789062,120.7300033569336,509600.0
2012-09-21,120.63999938964844,121.0,120.5999984741211,120.9800033569336,840200.0
2012-09-24,120.76000213623047,120.76000213623047,120.52999877929688,120.66000366210938,1643200.0
2012-09-25,120.69999694824219,120.69999694824219,120.52999877929688,120.62999725341797,618000.0
2012-09-26,120.5,120.68000030517578,120.44999694824219,120.66000366210938,677100.0
2012-09-27,120.87000274658203,120.87000274658203,120.62999725341797,120.8499984741211,880400.0
2012-09-28,121.05999755859375,121.2699966430664,120.87000274658203,121.26000213623047,1527800.0
2012-10-01,121.2699966430664,121.2699966430664,120.70999908447266,120.9800033569336,827300.0
2012-10-02,121.2300033569336,121.33000183105469,121.13999938964844,121.33000183105469,427100.0
2012-10-03,121.5199966430664,121.79000091552734,121.41000366210938,121.58000183105469,881600.0
2012-10-04,121.66999816894531,121.75,121.55000305175781,121.58999633789062,628900.0
2012-10-05,121.77999877929688,121.77999877929688,121.5,121.62999725341797,693900.0
2012-10-08,121.7300033569336,121.7300033569336,121.25,121.27999877929688,234100.0
2012-10-09,121.52999877929688,121.52999877929688,121.16000366210938,121.16999816894531,354800.0
2012-10-10,121.31999969482422,121.3499984741211,121.06999969482422,121.19000244140625,685300.0
2012-10-11,121.41000366210938,121.86000061035156,121.31999969482422,121.86000061035156,680900.0
2012-10-12,122.08000183105469,122.58000183105469,122.06999969482422,122.54000091552734,883000.0
2012-10-15,122.76000213623047,122.9000015258789,122.6500015258789,122.86000061035156,736300.0
2012-10-16,123.0,123.25,122.94999694824219,123.1500015258789,546800.0
2012-10-17,123.1500015258789,123.18000030517578,123.02999877929688,123.16000366210938,1746200.0
2012-10-18,123.30000305175781,123.30000305175781,122.81999969482422,122.91999816894531,1140200.0
2012-10-19,122.69999694824219,122.94999694824219,122.69000244140625,122.7300033569336,843300.0
2012-10-22,122.72000122070312,122.72000122070312,122.55000305175781,122.55000305175781,523000.0
2012-10-23,122.38999938964844,122.44999694824219,122.12000274658203,122.3499984741211,758700.0
2012-10-24,122.43000030517578,122.45999908447266,122.23999786376953,122.36000061035156,453400.0
2012-10-25,122.48999786376953,122.48999786376953,122.12000274658203,122.12999725341797,427800.0
2012-10-26,122.13999938964844,122.16999816894531,121.7300033569336,121.80000305175781,707600.0
2012-10-31,121.69000244140625,121.98999786376953,121.41999816894531,121.61000061035156,779000.0
2012-11-01,121.23999786376953,121.41000366210938,121.08000183105469,121.2699966430664,492400.0
2012-11-02,121.69000244140625,121.7300033569336,120.83000183105469,120.86000061035156,906700.0
2012-11-05,121.19999694824219,121.44000244140625,121.12999725341797,121.27999877929688,1158100.0
2012-11-06,121.5999984741211,121.76000213623047,121.45999908447266,121.4800033569336,1153200.0
2012-11-07,121.86000061035156,121.94000244140625,121.44000244140625,121.44999694824219,1375900.0
2012-11-08,121.75,121.83999633789062,121.61000061035156,121.63999938964844,409600.0
2012-11-09,121.02999877929688,121.6500015258789,120.80000305175781,121.5999984741211,480900.0
2012-11-12,121.26000213623047,122.0,121.13999938964844,121.58999633789062,456500.0
2012-11-13,121.44999694824219,121.55000305175781,121.4000015258789,121.47000122070312,409400.0
2012-11-14,121.55000305175781,121.58999633789062,121.36000061035156,121.44000244140625,551000.0
2012-11-15,121.22000122070312,121.41000366210938,121.0,121.06999969482422,531900.0
2012-11-16,121.0,121.05000305175781,120.69999694824219,120.75,914900.0
2012-11-19,120.97000122070312,121.30000305175781,120.86000061035156,121.1500015258789,625900.0
2012-11-20,121.33000183105469,121.55000305175781,121.27999877929688,121.52999877929688,884700.0
2012-11-21,121.51000213623047,121.51000213623047,121.31999969482422,121.37999725341797,880300.0
2012-11-23,121.3499984741211,121.5999984741211,121.16999816894531,121.44999694824219,1225600.0
2012-11-26,121.52999877929688,121.72000122070312,121.44000244140625,121.68000030517578,1217800.0
2012-11-27,121.91999816894531,122.13999938964844,121.80999755859375,121.83999633789062,2302900.0
2012-11-28,122.08999633789062,122.1500015258789,121.91000366210938,122.05999755859375,1309200.0
2012-11-29,122.43000030517578,122.68000030517578,122.36000061035156,122.68000030517578,1470200.0
2012-11-30,122.75,122.76000213623047,122.61000061035156,122.69999694824219,1679800.0
2012-12-03,122.23999786376953,122.37000274658203,122.20999908447266,122.3499984741211,1271100.0
2012-12-04,122.30000305175781,122.5,122.2300033569336,122.43000030517578,1089300.0
2012-12-05,122.58999633789062,124.43000030517578,122.43000030517578,122.55000305175781,971500.0
2012-12-06,122.52999877929688,122.75,122.47000122070312,122.73999786376953,1417200.0
2012-12-07,122.56999969482422,122.61000061035156,122.41999816894531,122.5,526700.0
2012-12-10,122.80000305175781,122.80000305175781,122.5199966430664,122.69999694824219,862000.0
2012-12-11,122.48999786376953,122.63999938964844,122.48999786376953,122.63999938964844,819400.0
2012-12-12,122.62000274658203,122.68000030517578,122.44000244140625,122.54000091552734,763700.0
2012-12-13,122.58000183105469,122.5999984741211,122.4000015258789,122.48999786376953,726600.0
2012-12-14,122.52999877929688,122.52999877929688,122.25,122.4000015258789,1047900.0
2012-12-17,122.30000305175781,122.31999969482422,122.12000274658203,122.26000213623047,929800.0
2012-12-18,122.08000183105469,122.38999938964844,122.04000091552734,122.16999816894531,1053300.0
2012-12-19,122.30000305175781,122.52999877929688,122.29000091552734,122.43000030517578,548400.0
2012-12-20,122.54000091552734,122.72000122070312,122.41999816894531,122.70999908447266,1307300.0
2012-12-21,122.58000183105469,122.94000244140625,122.58000183105469,122.86000061035156,816500.0
2012-12-24,122.54000091552734,123.08000183105469,122.54000091552734,122.91000366210938,222300.0
2012-12-26,122.54000091552734,122.5999984741211,122.4000015258789,122.56999969482422,248800.0
2012-12-27,122.5999984741211,122.63999938964844,122.25,122.63999938964844,943000.0
2012-12-28,122.66999816894531,122.7699966430664,122.58000183105469,122.75,510200.0
2012-12-31,122.6500015258789,122.80999755859375,122.61000061035156,122.79000091552734,332700.0
2013-01-02,122.98999786376953,123.19000244140625,122.9000015258789,123.12999725341797,1295400.0
2013-01-03,123.33000183105469,123.3499984741211,123.02999877929688,123.05000305175781,1520400.0
2013-01-04,122.9000015258789,122.9000015258789,122.5999984741211,122.66999816894531,1280800.0
2013-01-07,122.8499984741211,122.94999694824219,122.66000366210938,122.73999786376953,1260400.0
2013-01-08,122.5,122.55000305175781,122.12000274658203,122.18000030517578,1425800.0
2013-01-09,122.29000091552734,122.33999633789062,122.0199966430664,122.08000183105469,1435000.0
2013-01-10,122.18000030517578,122.18000030517578,121.86000061035156,122.05000305175781,783100.0
2013-01-11,121.61000061035156,121.69000244140625,121.43000030517578,121.44000244140625,1170200.0
2013-01-14,121.66000366210938,121.83999633789062,121.58999633789062,121.62000274658203,1067700.0
2013-01-15,121.83000183105469,122.0999984741211,121.69999694824219,122.0999984741211,1146800.0
2013-01-16,122.0999984741211,122.26000213623047,121.98999786376953,121.98999786376953,1530500.0
2013-01-17,122.05999755859375,122.19999694824219,121.66000366210938,121.80000305175781,2659300.0
2013-01-18,121.80000305175781,122.25,121.79000091552734,122.19999694824219,1219000.0
2013-01-22,121.91999816894531,122.13999938964844,121.91999816894531,121.95999908447266,1018500.0
2013-01-23,122.0199966430664,122.16000366210938,121.95999908447266,122.05000305175781,614900.0
2013-01-24,122.0999984741211,122.13999938964844,121.97000122070312,122.08000183105469,511100.0
2013-01-25,122.05000305175781,122.12999725341797,121.54000091552734,121.55999755859375,1103600.0
2013-01-28,121.55999755859375,121.55999755859375,121.08999633789062,121.16999816894531,1642600.0
2013-01-29,121.19000244140625,121.19999694824219,120.86000061035156,120.9000015258789,941600.0
2013-01-30,120.66000366210938,120.66000366210938,119.8499984741211,119.86000061035156,2245700.0
2013-01-31,119.76000213623047,119.86000061035156,119.1500015258789,119.29000091552734,2805700.0
2013-02-01,118.75,119.31999969482422,118.72000122070312,119.05999755859375,3096500.0
2013-02-04,118.61000061035156,118.94999694824219,118.54000091552734,118.66999816894531,1254000.0
2013-02-05,118.62000274658203,119.12000274658203,118.58999633789062,118.9000015258789,970500.0
2013-02-06,119.0999984741211,119.2300033569336,118.87000274658203,118.91999816894531,617200.0
2013-02-07,119.05999755859375,119.5,119.01000213623047,119.2699966430664,691500.0
2013-02-08,119.62000274658203,119.91999816894531,119.52999877929688,119.8499984741211,835200.0
2013-02-11,119.94999694824219,120.05000305175781,119.8499984741211,120.0199966430664,679700.0
2013-02-12,120.04000091552734,120.05999755859375,119.76000213623047,119.9000015258789,651300.0
2013-02-13,119.58000183105469,119.7300033569336,119.27999877929688,119.31999969482422,756300.0
2013-02-14,119.19000244140625,119.3499984741211,119.05000305175781,119.33000183105469,621500.0
2013-02-15,119.44999694824219,119.44999694824219,119.13999938964844,119.16000366210938,407200.0
2013-02-19,119.26000213623047,119.48999786376953,119.12000274658203,119.30000305175781,596700.0
2013-02-20,119.16999816894531,119.3499984741211,118.79000091552734,118.79000091552734,696400.0
2013-02-21,118.75,118.9000015258789,118.5999984741211,118.5999984741211,2019700.0
2013-02-22,118.75,118.75,118.41999816894531,118.45999908447266,1455700.0
2013-02-25,118.63999938964844,118.72000122070312,118.52999877929688,118.5999984741211,1084200.0
2013-02-26,118.80000305175781,119.20999908447266,118.69000244140625,119.20999908447266,1095500.0
2013-02-27,119.19999694824219,119.31999969482422,119.06999969482422,119.27999877929688,1172900.0
2013-02-28,119.30000305175781,119.33000183105469,119.0,119.16999816894531,522700.0
2013-03-01,118.62999725341797,118.7699966430664,118.25,118.25,3730900.0
2013-03-04,118.51000213623047,118.8499984741211,118.51000213623047,118.68000030517578,1002400.0
2013-03-05,118.87999725341797,119.22000122070312,118.83999633789062,119.20999908447266,1295200.0
2013-03-06,119.16999816894531,119.26000213623047,119.08000183105469,119.1500015258789,691500.0
2013-03-07,119.0,119.13999938964844,118.62999725341797,118.7300033569336,808100.0
2013-03-08,118.5,118.55999755859375,118.19999694824219,118.30000305175781,1847500.0
2013-03-11,118.19999694824219,118.30000305175781,118.01000213623047,118.12000274658203,832800.0
2013-03-12,118.16999816894531,118.37000274658203,118.0999984741211,118.37000274658203,706700.0
2013-03-13,118.30000305175781,118.36000061035156,118.02999877929688,118.11000061035156,601300.0
2013-03-14,118.04000091552734,118.08999633789062,117.91999816894531,117.94000244140625,678600.0
2013-03-15,118.0199966430664,118.2300033569336,117.95999908447266,118.04000091552734,955000.0
2013-03-18,117.93000030517578,118.02999877929688,117.76000213623047,117.76000213623047,498600.0
2013-03-19,117.95999908447266,118.0,117.62000274658203,117.66999816894531,545000.0
2013-03-20,117.73999786376953,117.80000305175781,117.63999938964844,117.7699966430664,304300.0
2013-03-21,117.80000305175781,117.80000305175781,117.62000274658203,117.62999725341797,613200.0
2013-03-22,117.88999938964844,117.88999938964844,117.44999694824219,117.55000305175781,719600.0
2013-03-25,117.63999938964844,117.75,117.5,117.52999877929688,441200.0
2013-03-26,117.58999633789062,117.70999908447266,117.54000091552734,117.66000366210938,422700.0
2013-03-27,117.55000305175781,117.62999725341797,117.5,117.58000183105469,585800.0
2013-03-28,117.5,117.69000244140625,117.45999908447266,117.62999725341797,620900.0
2013-04-01,117.12999725341797,117.37999725341797,117.05000305175781,117.29000091552734,945700.0
2013-04-02,117.45999908447266,117.52999877929688,117.2699966430664,117.44000244140625,765700.0
2013-04-03,117.58000183105469,118.04000091552734,117.56999969482422,117.95999908447266,1016700.0
2013-04-04,118.23999786376953,118.80000305175781,118.1500015258789,118.44999694824219,862100.0
2013-04-05,119.33000183105469,120.08999633789062,119.20999908447266,119.9800033569336,1060000.0
2013-04-08,120.4000015258789,120.56999969482422,120.29000091552734,120.4800033569336,579600.0
2013-04-09,120.3499984741211,120.4800033569336,120.30999755859375,120.33999633789062,647500.0
2013-04-10,120.41999816894531,120.55999755859375,120.2300033569336,120.4000015258789,647400.0
2013-04-11,120.54000091552734,120.70999908447266,120.45999908447266,120.66999816894531,653700.0
2013-04-12,120.80000305175781,121.08000183105469,120.69999694824219,121.08000183105469,806300.0
2013-04-15,120.94000244140625,120.97000122070312,120.51000213623047,120.55999755859375,462100.0
2013-04-16,120.5999984741211,120.66999816894531,120.3499984741211,120.4000015258789,1375900.0
2013-04-17,120.12000274658203,120.19999694824219,119.8499984741211,120.0999984741211,1258300.0
2013-04-18,120.12000274658203,120.2300033569336,119.83999633789062,119.87000274658203,772000.0
2013-04-19,119.97000122070312,120.19999694824219,119.8499984741211,120.18000030517578,353500.0
2013-04-22,120.20999908447266,120.36000061035156,120.19000244140625,120.36000061035156,472700.0
2013-04-23,120.58999633789062,120.73999786376953,120.4800033569336,120.58999633789062,700600.0
2013-04-24,120.77999877929688,120.80999755859375,120.6500015258789,120.69999694824219,696300.0
2013-04-25,120.70999908447266,120.7699966430664,120.55999755859375,120.58000183105469,525900.0
2013-04-26,120.56999969482422,120.62000274658203,120.4800033569336,120.51000213623047,1013300.0
2013-04-29,120.69999694824219,120.94999694824219,120.69999694824219,120.93000030517578,817600.0
2013-04-30,121.08999633789062,121.4000015258789,121.05000305175781,121.4000015258789,608000.0
2013-05-01,121.08999633789062,121.26000213623047,120.94999694824219,121.18000030517578,342500.0
2013-05-02,121.5,121.69000244140625,121.41999816894531,121.68000030517578,261200.0
2013-05-03,121.80999755859375,121.80999755859375,121.30000305175781,121.37999725341797,780400.0
2013-05-06,121.29000091552734,121.4000015258789,121.1500015258789,121.2699966430664,543600.0
2013-05-07,121.22000122070312,121.29000091552734,120.94999694824219,120.95999908447266,870700.0
2013-05-08,120.94999694824219,121.08000183105469,120.91000366210938,121.04000091552734,390200.0
2013-05-09,121.1500015258789,121.41999816894531,121.1500015258789,121.4000015258789,331500.0
2013-05-10,121.02999877929688,121.05000305175781,120.47000122070312,120.5,723500.0
2013-05-13,120.2300033569336,120.3499984741211,119.68000030517578,119.70999908447266,1130500.0
2013-05-14,119.69999694824219,119.97000122070312,119.55000305175781,119.6500015258789,624700.0
2013-05-15,119.5999984741211,119.62000274658203,119.25,119.30000305175781,402900.0
2013-05-16,119.4000015258789,119.86000061035156,119.31999969482422,119.72000122070312,796400.0
2013-05-17,120.0199966430664,120.0199966430664,119.55999755859375,119.58000183105469,822900.0
2013-05-20,119.55000305175781,119.75,119.26000213623047,119.26000213623047,680500.0
2013-05-21,119.33999633789062,119.36000061035156,119.05999755859375,119.12999725341797,437600.0
2013-05-22,119.4000015258789,119.66000366210938,119.05000305175781,119.08000183105469,373400.0
2013-05-23,118.5,118.66999816894531,118.16000366210938,118.3499984741211,536700.0
2013-05-24,118.11000061035156,118.20999908447266,117.79000091552734,117.80000305175781,743200.0
2013-05-28,117.87999725341797,117.87999725341797,116.98999786376953,116.98999786376953,1013400.0
2013-05-29,116.12000274658203,116.2300033569336,115.70999908447266,115.87999725341797,1214600.0
2013-05-30,115.69999694824219,115.93000030517578,115.52999877929688,115.75,1029100.0
2013-05-31,115.68000030517578,115.77999877929688,114.66000366210938,115.02999877929688,1157900.0
2013-06-03,114.2300033569336,114.68000030517578,113.37999725341797,114.6500015258789,1906300.0
2013-06-04,114.62999725341797,114.87999725341797,114.5,114.58999633789062,735700.0
2013-06-05,114.3499984741211,114.55999755859375,113.70999908447266,113.83000183105469,1090000.0
2013-06-06,113.5,114.02999877929688,112.72000122070312,114.0,1740200.0
2013-06-07,113.6500015258789,113.9800033569336,113.0199966430664,113.37999725341797,1327300.0
2013-06-10,113.11000061035156,113.11000061035156,111.87999725341797,112.25,1366700.0
2013-06-11,110.5199966430664,111.26000213623047,109.5,109.8499984741211,2768500.0
2013-06-12,110.95999908447266,111.68000030517578,110.94000244140625,111.18000030517578,1358900.0
2013-06-13,111.31999969482422,113.5199966430664,111.23999786376953,113.22000122070312,1531000.0
2013-06-14,114.16000366210938,114.72000122070312,113.30999755859375,113.86000061035156,1805600.0
2013-06-17,114.18000030517578,114.55000305175781,113.0999984741211,113.1500015258789,1061100.0
2013-06-18,112.66000366210938,112.79000091552734,111.7300033569336,111.77999877929688,2328200.0
2013-06-19,112.5,112.51000213623047,110.08999633789062,110.47000122070312,2628500.0
2013-06-20,108.11000061035156,108.12000274658203,105.80000305175781,107.25,3381800.0
2013-06-21,107.70999908447266,108.47000122070312,104.7699966430664,105.51000213623047,3742200.0
2013-06-24,103.5,104.9800033569336,101.19999694824219,103.69000244140625,2825300.0
2013-06-25,105.75,106.41000366210938,105.23999786376953,106.0199966430664,1038200.0
2013-06-26,107.25,107.8499984741211,106.83999633789062,107.0999984741211,1556100.0
2013-06-27,108.30999755859375,109.2300033569336,108.16999816894531,109.2300033569336,966800.0
2013-06-28,108.9000015258789,109.91999816894531,108.29000091552734,109.52999877929688,1356300.0
2013-07-01,109.11000061035156,110.12999725341797,109.11000061035156,109.87000274658203,523300.0
2013-07-02,110.44999694824219,111.11000061035156,109.44000244140625,110.38999938964844,1218100.0
2013-07-03,109.3499984741211,109.52999877929688,109.06999969482422,109.30000305175781,443100.0
2013-07-05,107.66999816894531,108.5199966430664,106.55000305175781,107.12000274658203,751800.0
2013-07-08,107.48999786376953,108.33000183105469,107.37000274658203,108.16999816894531,710300.0
2013-07-09,108.41000366210938,108.81999969482422,108.08000183105469,108.25,482600.0
2013-07-10,108.08000183105469,108.31999969482422,107.11000061035156,107.11000061035156,1235200.0
2013-07-11,109.08000183105469,109.48999786376953,108.56999969482422,109.0,833500.0
2013-07-12,109.2699966430664,109.5199966430664,107.91999816894531,108.0999984741211,1112200.0
2013-07-15,108.87000274658203,109.5,108.80000305175781,109.29000091552734,769500.0
2013-07-16,109.83999633789062,110.12999725341797,109.80000305175781,110.08000183105469,476900.0
2013-07-17,110.73999786376953,111.05999755859375,110.5199966430664,110.9800033569336,427300.0
2013-07-18,111.48999786376953,111.9800033569336,111.23999786376953,111.55000305175781,351700.0
2013-07-19,111.69000244140625,111.83999633789062,111.5,111.69999694824219,285700.0
2013-07-22,112.0199966430664,112.12999725341797,111.4800033569336,111.52999877929688,2617200.0
2013-07-23,111.75,112.0,111.75,112.0,707500.0
2013-07-24,111.3499984741211,111.4800033569336,110.83000183105469,110.94999694824219,1187900.0
2013-07-25,110.44999694824219,111.27999877929688,110.36000061035156,111.05000305175781,1447300.0
2013-07-26,110.80999755859375,111.08000183105469,110.6500015258789,110.66000366210938,571500.0
2013-07-29,110.94000244140625,110.97000122070312,110.25,110.25,212000.0
2013-07-30,110.30999755859375,110.56999969482422,110.0199966430664,110.08999633789062,292900.0
2013-07-31,109.33000183105469,109.51000213623047,108.80000305175781,109.26000213623047,924300.0
2013-08-01,109.06999969482422,109.44000244140625,108.4800033569336,108.55000305175781,262300.0
2013-08-02,108.58999633789062,109.91000366210938,108.55000305175781,109.91000366210938,472000.0
2013-08-05,109.43000030517578,109.76000213623047,109.0199966430664,109.12000274658203,464700.0
2013-08-06,109.02999877929688,109.33999633789062,108.95999908447266,109.1500015258789,340200.0
2013-08-07,109.02999877929688,109.12999725341797,108.80999755859375,108.88999938964844,181200.0
2013-08-08,108.91999816894531,109.16999816894531,108.83999633789062,109.05999755859375,436100.0
2013-08-09,109.37000274658203,109.79000091552734,109.08999633789062,109.77999877929688,472300.0
2013-08-12,109.72000122070312,109.8499984741211,109.61000061035156,109.7300033569336,241300.0
2013-08-13,109.25,109.45999908447266,108.80000305175781,108.83000183105469,274800.0
2013-08-14,108.91999816894531,108.97000122070312,108.61000061035156,108.6500015258789,676200.0
2013-08-15,108.18000030517578,108.5,107.9800033569336,108.37999725341797,398400.0
2013-08-16,108.0999984741211,108.33999633789062,107.62999725341797,107.75,470000.0
2013-08-19,107.01000213623047,107.01000213623047,106.69999694824219,106.80999755859375,441800.0
2013-08-20,106.5199966430664,106.69999694824219,106.37999725341797,106.45999908447266,876000.0
2013-08-21,106.31999969482422,106.44999694824219,106.05999755859375,106.12000274658203,429800.0
2013-08-22,105.70999908447266,106.41000366210938,105.68000030517578,106.2699966430664,308400.0
2013-08-23,106.44999694824219,106.88999938964844,106.44999694824219,106.86000061035156,421000.0
2013-08-26,106.98999786376953,107.30999755859375,106.83999633789062,107.05000305175781,694400.0
2013-08-27,106.75,106.75,106.30000305175781,106.61000061035156,485000.0
2013-08-28,106.26000213623047,106.38999938964844,105.9000015258789,105.94999694824219,294700.0
2013-08-29,106.0,106.19000244140625,105.95999908447266,106.02999877929688,275600.0
2013-08-30,105.97000122070312,106.16000366210938,105.7699966430664,106.16000366210938,263300.0
2013-09-03,105.4000015258789,105.97000122070312,104.87000274658203,104.91000366210938,525900.0
2013-09-04,104.98999786376953,105.37999725341797,104.91999816894531,104.91999816894531,787000.0
2013-09-05,104.93000030517578,105.13999938964844,104.5999984741211,105.05999755859375,527800.0
2013-09-06,105.31999969482422,105.9800033569336,105.25,105.97000122070312,1185100.0
2013-09-09,106.0999984741211,106.4000015258789,105.81999969482422,105.86000061035156,1248300.0
2013-09-10,105.9800033569336,106.0,105.26000213623047,105.36000061035156,1065300.0
2013-09-11,105.5999984741211,106.16999816894531,105.5999984741211,106.0,524500.0
2013-09-12,106.37999725341797,106.69999694824219,106.37000274658203,106.55999755859375,657200.0
2013-09-13,106.43000030517578,106.72000122070312,106.37000274658203,106.38999938964844,423300.0
2013-09-16,107.66000366210938,108.12999725341797,107.29000091552734,107.5,1114400.0
2013-09-17,107.69000244140625,108.12000274658203,107.44999694824219,108.08000183105469,323300.0
2013-09-18,108.12999725341797,111.1500015258789,108.12000274658203,110.63999938964844,2166800.0
2013-09-19,110.80000305175781,110.8499984741211,110.0,110.11000061035156,1747700.0
2013-09-20,110.30999755859375,110.36000061035156,109.80000305175781,109.93000030517578,1359600.0
2013-09-23,109.95999908447266,110.08000183105469,109.68000030517578,109.75,1435800.0
2013-09-24,109.6500015258789,109.93000030517578,109.41000366210938,109.7699966430664,981700.0
2013-09-25,109.95999908447266,110.02999877929688,109.37999725341797,109.6500015258789,1243000.0
2013-09-26,109.61000061035156,109.83999633789062,109.36000061035156,109.83000183105469,892100.0
2013-09-27,109.25,109.38999938964844,109.0,109.12000274658203,498600.0
2013-09-30,108.83999633789062,109.08000183105469,108.55999755859375,109.02999877929688,458800.0
2013-10-01,108.58000183105469,108.75,108.26000213623047,108.75,610600.0
2013-10-02,108.8499984741211,108.9000015258789,108.5,108.5,217800.0
2013-10-03,108.55000305175781,108.68000030517578,108.31999969482422,108.44000244140625,437300.0
2013-10-04,108.5199966430664,108.76000213623047,108.48999786376953,108.72000122070312,353700.0
2013-10-07,109.0,109.26000213623047,108.81999969482422,109.16999816894531,969400.0
2013-10-08,109.41999816894531,109.4800033569336,109.04000091552734,109.44999694824219,243300.0
2013-10-09,109.63999938964844,109.66999816894531,109.37000274658203,109.37000274658203,156200.0
2013-10-10,109.62000274658203,109.69000244140625,109.44000244140625,109.55000305175781,176400.0
2013-10-11,109.94999694824219,110.0999984741211,109.7699966430664,109.81999969482422,473400.0
2013-10-14,109.83000183105469,110.0,109.62999725341797,109.94999694824219,182000.0
2013-10-15,109.86000061035156,110.0999984741211,109.56999969482422,109.91000366210938,435000.0
2013-10-16,110.01000213623047,110.5,109.97000122070312,110.44999694824219,408600.0
2013-10-17,110.63999938964844,111.37999725341797,110.63999938964844,111.37999725341797,792600.0
2013-10-18,111.7300033569336,111.77999877929688,111.43000030517578,111.44999694824219,740800.0
2013-10-21,111.80000305175781,111.80000305175781,111.16999816894531,111.22000122070312,316300.0
2013-10-22,111.56999969482422,111.69999694824219,111.4000015258789,111.44000244140625,2200000.0
2013-10-23,111.7699966430664,111.91999816894531,111.6500015258789,111.76000213623047,515900.0
2013-10-24,111.9800033569336,111.98999786376953,111.62000274658203,111.66000366210938,601000.0
2013-10-25,111.52999877929688,111.75,111.48999786376953,111.6500015258789,344100.0
2013-10-28,111.68000030517578,111.73999786376953,111.55999755859375,111.72000122070312,846300.0
2013-10-29,111.36000061035156,111.4000015258789,111.19000244140625,111.29000091552734,332300.0
2013-10-30,111.43000030517578,111.55000305175781,110.77999877929688,110.95999908447266,707700.0
2013-10-31,111.37999725341797,111.54000091552734,111.23999786376953,111.3499984741211,301700.0
2013-11-01,110.83999633789062,110.87999725341797,110.30999755859375,110.31999969482422,1301800.0
2013-11-04,110.16999816894531,110.37999725341797,110.13999938964844,110.30000305175781,618900.0
2013-11-05,110.0,110.0,109.54000091552734,109.7300033569336,609200.0
2013-11-06,109.5999984741211,109.80000305175781,109.54000091552734,109.6500015258789,248500.0
2013-11-07,109.83000183105469,109.87000274658203,109.38999938964844,109.38999938964844,622700.0
2013-11-08,108.9800033569336,109.05999755859375,108.33000183105469,108.55000305175781,1973700.0
2013-11-11,108.22000122070312,108.33999633789062,107.91000366210938,107.91999816894531,374700.0
2013-11-12,107.51000213623047,107.6500015258789,107.18000030517578,107.20999908447266,431200.0
2013-11-13,107.30999755859375,107.70999908447266,107.30000305175781,107.62999725341797,670400.0
2013-11-14,108.05999755859375,108.38999938964844,107.83999633789062,108.3499984741211,604800.0
2013-11-15,108.62000274658203,109.04000091552734,108.47000122070312,108.9000015258789,667900.0
2013-11-18,109.25,109.72000122070312,109.25,109.44000244140625,751700.0
2013-11-19,109.33000183105469,109.4000015258789,108.52999877929688,108.58000183105469,686500.0
2013-11-20,108.66999816894531,108.91000366210938,108.16999816894531,108.27999877929688,528000.0
2013-11-21,108.16999816894531,108.2699966430664,108.0,108.16000366210938,400100.0
2013-11-22,108.44000244140625,108.5999984741211,108.33999633789062,108.38999938964844,458600.0
2013-11-25,108.72000122070312,109.2699966430664,108.72000122070312,109.2699966430664,1018800.0
2013-11-26,109.08999633789062,109.30999755859375,109.0,109.12000274658203,300700.0
2013-11-27,108.91999816894531,109.06999969482422,108.52999877929688,108.73999786376953,548700.0
2013-11-29,108.52999877929688,108.76000213623047,108.4000015258789,108.66999816894531,262100.0
2013-12-02,107.83000183105469,108.18000030517578,107.26000213623047,107.26000213623047,555900.0
2013-12-03,107.25,107.69999694824219,107.22000122070312,107.61000061035156,420600.0
2013-12-04,107.2699966430664,107.41999816894531,106.80999755859375,106.93000030517578,643300.0
2013-12-05,107.0199966430664,107.4000015258789,107.0,107.4000015258789,665400.0
2013-12-06,107.48999786376953,107.9000015258789,107.37000274658203,107.86000061035156,733500.0
2013-12-09,107.72000122070312,108.20999908447266,107.72000122070312,108.16000366210938,937400.0
2013-12-10,108.4800033569336,108.63999938964844,108.33000183105469,108.5999984741211,850700.0
2013-12-11,108.69000244140625,108.88999938964844,108.08000183105469,108.08000183105469,1213400.0
2013-12-12,108.13999938964844,108.33999633789062,108.05999755859375,108.25,451400.0
2013-12-13,108.68000030517578,108.80999755859375,108.19999694824219,108.3499984741211,658300.0
2013-12-16,108.62999725341797,108.7300033569336,108.41000366210938,108.51000213623047,379600.0
2013-12-17,108.44999694824219,108.94999694824219,108.41000366210938,108.80000305175781,504300.0
2013-12-18,108.6500015258789,109.31999969482422,108.31999969482422,108.77999877929688,992200.0
2013-12-19,108.72000122070312,108.93000030517578,108.51000213623047,108.58999633789062,447000.0
2013-12-20,108.66000366210938,109.0,108.66000366210938,108.83000183105469,611700.0
2013-12-23,108.80999755859375,109.19999694824219,108.80999755859375,109.12999725341797,428700.0
2013-12-24,109.25,109.25,108.9800033569336,109.11000061035156,198400.0
2013-12-26,108.77999877929688,108.9000015258789,108.38999938964844,108.52999877929688,457500.0
2013-12-27,108.13999938964844,108.47000122070312,108.08000183105469,108.4000015258789,870900.0
2013-12-30,108.5,108.55999755859375,108.26000213623047,108.37999725341797,600900.0
2013-12-31,108.38999938964844,108.5,108.16000366210938,108.16000366210938,309800.0
2014-01-02,108.1500015258789,108.29000091552734,107.95999908447266,108.18000030517578,841500.0
2014-01-03,108.36000061035156,108.37000274658203,108.1500015258789,108.27999877929688,442000.0
2014-01-06,108.51000213623047,108.77999877929688,108.37999725341797,108.70999908447266,534100.0
2014-01-07,108.83999633789062,108.9000015258789,108.69999694824219,108.8499984741211,902000.0
2014-01-08,108.69000244140625,108.69000244140625,108.23999786376953,108.25,665400.0
2014-01-09,108.38999938964844,108.45999908447266,108.26000213623047,108.33000183105469,746500.0
2014-01-10,108.62000274658203,108.9000015258789,108.4800033569336,108.79000091552734,1398300.0
2014-01-13,108.9800033569336,109.01000213623047,108.75,108.87999725341797,1013500.0
2014-01-14,108.73999786376953,109.02999877929688,108.73999786376953,108.9800033569336,385700.0
2014-01-15,108.81999969482422,109.0199966430664,108.81999969482422,109.0,284000.0
2014-01-16,109.02999877929688,109.22000122070312,109.02999877929688,109.0999984741211,428000.0
2014-01-17,109.20999908447266,109.2699966430664,109.06999969482422,109.16000366210938,311100.0
2014-01-21,109.0999984741211,109.13999938964844,108.8499984741211,108.93000030517578,724500.0
2014-01-22,108.9000015258789,108.9000015258789,108.56999969482422,108.5999984741211,643600.0
2014-01-23,108.5,108.5,108.02999877929688,108.13999938964844,1222800.0
2014-01-24,107.95999908447266,107.95999908447266,107.55000305175781,107.55000305175781,678600.0
2014-01-27,107.75,107.75,107.41999816894531,107.43000030517578,396700.0
2014-01-28,107.69999694824219,108.02999877929688,107.69999694824219,108.02999877929688,672000.0
2014-01-29,107.87000274658203,108.04000091552734,107.5999984741211,107.75,1109600.0
2014-01-30,107.66999816894531,107.83999633789062,107.41000366210938,107.54000091552734,891800.0
2014-01-31,107.0999984741211,107.44000244140625,106.94000244140625,107.27999877929688,806000.0
2014-02-03,107.05000305175781,107.12000274658203,106.69000244140625,106.69000244140625,730000.0
2014-02-04,107.33000183105469,107.48999786376953,107.23999786376953,107.4000015258789,760700.0
2014-02-05,107.55000305175781,108.05000305175781,107.55000305175781,107.72000122070312,1005300.0
2014-02-06,108.18000030517578,108.19999694824219,107.91999816894531,107.93000030517578,901100.0
2014-02-07,108.04000091552734,108.61000061035156,108.04000091552734,108.5999984741211,471600.0
2014-02-10,108.58999633789062,108.79000091552734,108.41999816894531,108.41999816894531,603900.0
2014-02-11,108.58000183105469,108.79000091552734,108.43000030517578,108.48999786376953,830700.0
2014-02-12,108.72000122070312,108.76000213623047,108.41999816894531,108.4800033569336,1621400.0
2014-02-13,107.81999969482422,108.5,107.81999969482422,108.47000122070312,1264000.0
2014-02-14,108.43000030517578,108.54000091552734,108.31999969482422,108.52999877929688,475900.0
2014-02-18,108.3499984741211,108.94999694824219,108.25,108.54000091552734,660500.0
2014-02-19,108.45999908447266,108.6500015258789,108.25,108.38999938964844,806300.0
2014-02-20,108.27999877929688,108.33000183105469,108.1500015258789,108.23999786376953,491800.0
2014-02-21,108.58000183105469,108.80999755859375,108.55000305175781,108.72000122070312,860500.0
2014-02-24,109.2300033569336,109.41999816894531,109.12000274658203,109.36000061035156,717500.0
2014-02-25,109.47000122070312,109.61000061035156,108.45999908447266,109.45999908447266,600400.0
2014-02-26,109.54000091552734,109.56999969482422,109.36000061035156,109.44999694824219,675800.0
2014-02-27,109.73999786376953,109.97000122070312,109.62000274658203,109.95999908447266,647800.0
2014-02-28,110.16999816894531,110.54000091552734,110.02999877929688,110.54000091552734,866100.0
2014-03-03,109.36000061035156,109.4000015258789,109.0199966430664,109.12000274658203,696000.0
2014-03-04,109.62999725341797,109.86000061035156,109.54000091552734,109.83999633789062,1571100.0
2014-03-05,109.94999694824219,109.98999786376953,109.77999877929688,109.95999908447266,833500.0
2014-03-06,109.87999725341797,109.94000244140625,109.70999908447266,109.73999786376953,433900.0
2014-03-07,109.68000030517578,109.69000244140625,109.27999877929688,109.55000305175781,772700.0
2014-03-10,109.2699966430664,109.68000030517578,109.2699966430664,109.33000183105469,751500.0
2014-03-11,109.33999633789062,109.45999908447266,109.12000274658203,109.12000274658203,431000.0
2014-03-12,109.12000274658203,109.30000305175781,108.9800033569336,109.13999938964844,611400.0
2014-03-13,109.16000366210938,109.33999633789062,108.9000015258789,108.93000030517578,448600.0
2014-03-14,108.93000030517578,109.30000305175781,108.93000030517578,109.16000366210938,303000.0
2014-03-17,109.37000274658203,109.47000122070312,109.0199966430664,109.27999877929688,442000.0
2014-03-18,109.5,109.62999725341797,109.4000015258789,109.5999984741211,441900.0
2014-03-19,109.8499984741211,109.94999694824219,109.33000183105469,109.5,930900.0
2014-03-20,109.25,109.5,109.16999816894531,109.43000030517578,676300.0
2014-03-21,109.4800033569336,109.5,109.19999694824219,109.27999877929688,481100.0
2014-03-24,109.54000091552734,109.77999877929688,109.45999908447266,109.68000030517578,605600.0
2014-03-25,109.69999694824219,109.98999786376953,109.69999694824219,109.97000122070312,323300.0
2014-03-26,110.1500015258789,110.37000274658203,110.1500015258789,110.29000091552734,528000.0
2014-03-27,110.72000122070312,111.12999725341797,110.66999816894531,111.05000305175781,978100.0
2014-03-28,111.11000061035156,111.45999908447266,110.9000015258789,110.98999786376953,1205300.0
2014-03-31,111.12999725341797,111.44999694824219,110.98999786376953,111.41999816894531,1410100.0
2014-04-01,111.12000274658203,111.62999725341797,111.01000213623047,111.62999725341797,6149800.0
2014-04-02,111.33999633789062,111.36000061035156,111.04000091552734,111.04000091552734,1235300.0
2014-04-03,110.95999908447266,110.9800033569336,110.6500015258789,110.93000030517578,390000.0
2014-04-04,111.0,111.5999984741211,111.0,111.5999984741211,530500.0
2014-04-07,111.4800033569336,111.55000305175781,111.2699966430664,111.33000183105469,403700.0
2014-04-08,111.51000213623047,111.9000015258789,111.51000213623047,111.8499984741211,724400.0
2014-04-09,111.66000366210938,111.95999908447266,111.66000366210938,111.93000030517578,946800.0
2014-04-10,112.19999694824219,112.6500015258789,112.16000366210938,112.45999908447266,1297100.0
2014-04-11,112.37999725341797,112.43000030517578,112.16999816894531,112.27999877929688,582200.0
2014-04-14,112.08999633789062,112.36000061035156,111.97000122070312,112.05999755859375,387400.0
2014-04-15,111.95999908447266,111.97000122070312,111.38999938964844,111.66999816894531,1013700.0
2014-04-16,111.94999694824219,112.01000213623047,111.25,111.98999786376953,373300.0
2014-04-17,111.98999786376953,112.48999786376953,111.8499984741211,112.11000061035156,512500.0
2014-04-21,111.83999633789062,112.3499984741211,111.63999938964844,112.30999755859375,691100.0
2014-04-22,112.27999877929688,112.33999633789062,112.12000274658203,112.19999694824219,534500.0
2014-04-23,112.08000183105469,112.16000366210938,111.9000015258789,112.05999755859375,586500.0
2014-04-24,112.19999694824219,112.33999633789062,111.88999938964844,111.94999694824219,550000.0
2014-04-25,111.81999969482422,111.93000030517578,111.45999908447266,111.55000305175781,867500.0
2014-04-28,111.91999816894531,111.91999816894531,111.48999786376953,111.58999633789062,379800.0
2014-04-29,111.83000183105469,112.12000274658203,111.75,112.02999877929688,389900.0
2014-04-30,112.12000274658203,112.4000015258789,111.97000122070312,112.16999816894531,908200.0
2014-05-01,112.01000213623047,112.01000213623047,111.6500015258789,111.7300033569336,6716400.0
2014-05-02,111.9000015258789,112.05000305175781,111.77999877929688,111.98999786376953,1039200.0
2014-05-05,112.30999755859375,112.30999755859375,111.97000122070312,112.02999877929688,1388800.0
2014-05-06,112.23999786376953,112.43000030517578,112.11000061035156,112.38999938964844,521900.0
2014-05-07,112.91999816894531,113.33000183105469,112.91000366210938,113.29000091552734,864000.0
2014-05-08,113.7699966430664,113.91999816894531,113.48999786376953,113.7699966430664,826600.0
2014-05-09,113.83999633789062,113.87999725341797,113.5,113.55000305175781,634500.0
2014-05-12,113.41000366210938,113.75,113.23999786376953,113.44999694824219,665400.0
2014-05-13,113.58999633789062,113.70999908447266,113.38999938964844,113.48999786376953,328700.0
2014-05-14,113.8499984741211,114.08999633789062,113.7699966430664,114.06999969482422,614800.0
2014-05-15,114.02999877929688,114.30000305175781,113.87000274658203,113.9800033569336,926900.0
2014-05-16,113.9800033569336,114.0,113.6500015258789,113.87000274658203,863200.0
2014-05-19,113.93000030517578,114.08999633789062,113.80000305175781,114.08999633789062,562700.0
2014-05-20,114.06999969482422,114.25,114.0199966430664,114.12999725341797,803800.0
2014-05-21,114.11000061035156,114.19000244140625,113.94000244140625,114.05000305175781,1244200.0
2014-05-22,114.12999725341797,114.25,114.0999984741211,114.25,761800.0
2014-05-23,114.25,114.37999725341797,114.23999786376953,114.30000305175781,374500.0
2014-05-27,114.51000213623047,114.56999969482422,114.37000274658203,114.44999694824219,685500.0
2014-05-28,114.7300033569336,115.16999816894531,114.62999725341797,115.04000091552734,443900.0
2014-05-29,115.33999633789062,115.56999969482422,115.1500015258789,115.52999877929688,2480800.0
2014-05-30,115.56999969482422,115.73999786376953,115.41999816894531,115.62999725341797,1043900.0
2014-06-02,115.27999877929688,115.48999786376953,114.94000244140625,115.23999786376953,6032800.0
2014-06-03,114.88999938964844,114.88999938964844,114.37000274658203,114.4000015258789,1237500.0
2014-06-04,114.25,114.41999816894531,114.0999984741211,114.33000183105469,1084600.0
2014-06-05,114.3499984741211,114.6500015258789,114.19999694824219,114.62000274658203,661600.0
2014-06-06,115.4000015258789,115.69000244140625,115.19999694824219,115.55999755859375,1663100.0
2014-06-09,115.80999755859375,115.91000366210938,115.47000122070312,115.51000213623047,581200.0
2014-06-10,115.62999725341797,115.62999725341797,115.05999755859375,115.08000183105469,725000.0
2014-06-11,114.81999969482422,115.04000091552734,114.66999816894531,114.69000244140625,491600.0
2014-06-12,114.62000274658203,114.7300033569336,114.47000122070312,114.55999755859375,818300.0
2014-06-13,114.58000183105469,114.86000061035156,114.48999786376953,114.80000305175781,478600.0
2014-06-16,114.6500015258789,114.69000244140625,114.01000213623047,114.13999938964844,668100.0
2014-06-17,114.12999725341797,114.12999725341797,113.72000122070312,113.7699966430664,1056100.0
2014-06-18,113.73999786376953,114.62000274658203,113.6500015258789,114.61000061035156,744300.0
2014-06-19,114.68000030517578,114.8499984741211,114.37000274658203,114.41000366210938,788900.0
2014-06-20,114.5,114.68000030517578,114.41999816894531,114.61000061035156,496800.0
2014-06-23,114.69000244140625,114.88999938964844,114.66000366210938,114.87000274658203,373600.0
2014-06-24,115.06999969482422,115.36000061035156,115.05999755859375,115.30999755859375,458500.0
2014-06-25,115.36000061035156,115.61000061035156,115.36000061035156,115.58000183105469,816600.0
2014-06-26,115.58999633789062,115.6500015258789,115.44000244140625,115.55000305175781,278600.0
2014-06-27,115.58000183105469,115.66000366210938,115.37999725341797,115.55999755859375,577600.0
2014-06-30,115.19999694824219,115.55999755859375,115.19999694824219,115.2699966430664,393500.0
2014-07-01,114.77999877929688,115.16999816894531,114.62999725341797,114.75,925300.0
2014-07-02,114.75,114.83000183105469,114.54000091552734,114.56999969482422,383600.0
2014-07-03,114.5999984741211,114.6500015258789,114.33999633789062,114.48999786376953,713600.0
2014-07-07,114.63999938964844,114.79000091552734,114.56999969482422,114.66999816894531,350900.0
2014-07-08,115.13999938964844,115.44000244140625,115.01000213623047,115.41000366210938,760400.0
2014-07-09,115.43000030517578,115.83000183105469,115.41000366210938,115.77999877929688,427500.0
2014-07-10,115.63999938964844,115.69999694824219,115.43000030517578,115.44000244140625,849500.0
2014-07-11,115.52999877929688,115.68000030517578,115.5,115.55000305175781,502100.0
2014-07-14,115.62000274658203,115.62000274658203,115.30000305175781,115.31999969482422,358100.0
2014-07-15,115.25,115.30000305175781,115.08999633789062,115.19000244140625,928100.0
2014-07-16,115.18000030517578,115.25,115.0199966430664,115.0999984741211,533300.0
2014-07-17,115.1500015258789,115.19999694824219,114.8499984741211,114.8499984741211,421000.0
2014-07-18,114.9800033569336,115.36000061035156,114.91000366210938,115.26000213623047,894300.0
2014-07-21,115.33000183105469,115.54000091552734,115.01000213623047,115.5199966430664,677800.0
2014-07-22,115.6500015258789,115.7300033569336,115.45999908447266,115.69999694824219,489600.0
2014-07-23,115.9800033569336,116.31999969482422,115.95999908447266,116.30999755859375,634100.0
2014-07-24,116.26000213623047,116.27999877929688,116.11000061035156,116.13999938964844,441600.0
2014-07-25,116.05000305175781,116.30000305175781,115.93000030517578,115.9800033569336,516100.0
2014-07-28,115.87999725341797,115.87999725341797,115.44000244140625,115.56999969482422,538100.0
2014-07-29,115.48999786376953,115.70999908447266,115.44000244140625,115.44000244140625,595700.0
2014-07-30,115.93000030517578,115.93000030517578,115.3499984741211,115.38999938964844,688200.0
2014-07-31,115.04000091552734,115.16999816894531,114.55999755859375,114.58000183105469,2600400.0
2014-08-01,113.91000366210938,114.05000305175781,113.0199966430664,113.33000183105469,5321200.0
2014-08-04,113.58999633789062,114.05000305175781,113.56999969482422,113.6500015258789,1644700.0
2014-08-05,113.62000274658203,113.79000091552734,113.41000366210938,113.51000213623047,1832100.0
2014-08-06,113.05999755859375,113.5199966430664,112.94000244140625,113.37000274658203,1835200.0
2014-08-07,113.20999908447266,113.48999786376953,113.12000274658203,113.16999816894531,452500.0
2014-08-08,113.1500015258789,113.6500015258789,113.0199966430664,113.56999969482422,1237200.0
2014-08-11,113.63999938964844,113.88999938964844,113.62999725341797,113.80000305175781,637400.0
2014-08-12,114.0,114.20999908447266,113.80000305175781,113.94999694824219,659000.0
2014-08-13,114.0,114.31999969482422,114.0,114.25,726400.0
2014-08-14,114.52999877929688,114.9000015258789,114.51000213623047,114.87000274658203,754000.0
2014-08-15,115.12000274658203,115.25,114.80000305175781,115.04000091552734,632700.0
2014-08-18,115.06999969482422,115.13999938964844,115.01000213623047,115.05000305175781,367800.0
2014-08-19,115.33000183105469,115.4000015258789,115.19000244140625,115.37999725341797,562200.0
2014-08-20,115.29000091552734,115.4000015258789,114.7699966430664,114.83000183105469,824000.0
2014-08-21,114.88999938964844,115.08000183105469,114.80000305175781,115.0,518800.0
2014-08-22,115.19000244140625,115.20999908447266,114.80999755859375,114.98999786376953,848300.0
2014-08-25,114.97000122070312,115.0,114.87999725341797,114.94999694824219,526300.0
2014-08-26,115.26000213623047,115.33000183105469,115.16000366210938,115.2699966430664,548800.0
2014-08-27,115.58000183105469,116.0,115.54000091552734,116.0,686000.0
2014-08-28,115.69000244140625,115.9000015258789,115.61000061035156,115.70999908447266,630700.0
2014-08-29,115.75,115.81999969482422,115.58999633789062,115.62999725341797,460200.0
2014-09-02,115.25,115.29000091552734,114.75,114.81999969482422,1050200.0
2014-09-03,114.87000274658203,115.11000061035156,114.80999755859375,115.02999877929688,819100.0
2014-09-04,115.37999725341797,115.43000030517578,114.9000015258789,115.01000213623047,1366700.0
2014-09-05,115.16999816894531,115.51000213623047,115.11000061035156,115.41999816894531,1036300.0
2014-09-08,115.18000030517578,115.27999877929688,114.68000030517578,114.68000030517578,1249200.0
2014-09-09,114.61000061035156,114.61000061035156,114.33000183105469,114.33000183105469,794700.0
2014-09-10,114.08999633789062,114.37999725341797,113.94999694824219,114.30000305175781,946200.0
2014-09-11,114.4800033569336,114.5999984741211,114.2699966430664,114.30999755859375,441700.0
2014-09-12,114.0199966430664,114.1500015258789,113.66000366210938,113.68000030517578,1504300.0
2014-09-15,113.5,113.69999694824219,113.38999938964844,113.44000244140625,591800.0
2014-09-16,113.58999633789062,113.79000091552734,113.5,113.58000183105469,642700.0
2014-09-17,113.61000061035156,113.66000366210938,113.2300033569336,113.27999877929688,487900.0
2014-09-18,113.33999633789062,113.44999694824219,113.18000030517578,113.31999969482422,547400.0
2014-09-19,113.47000122070312,113.63999938964844,113.37999725341797,113.48999786376953,396600.0
2014-09-22,113.79000091552734,113.80000305175781,113.63999938964844,113.66000366210938,504900.0
2014-09-23,113.68000030517578,113.79000091552734,113.5999984741211,113.79000091552734,456100.0
2014-09-24,113.9000015258789,114.01000213623047,113.80999755859375,113.95999908447266,717400.0
2014-09-25,113.97000122070312,114.13999938964844,113.6500015258789,113.77999877929688,1003100.0
2014-09-26,113.33000183105469,113.69999694824219,113.30999755859375,113.44000244140625,887900.0
2014-09-29,113.02999877929688,113.06999969482422,112.69999694824219,112.91000366210938,1220400.0
2014-09-30,112.83000183105469,113.11000061035156,112.75,112.8499984741211,1136800.0
2014-10-01,112.80999755859375,113.1500015258789,112.63999938964844,113.12999725341797,5037600.0
2014-10-02,112.8499984741211,112.97000122070312,112.58999633789062,112.72000122070312,964700.0
2014-10-03,112.76000213623047,112.91000366210938,112.56999969482422,112.87000274658203,608500.0
2014-10-06,112.97000122070312,113.2699966430664,112.94999694824219,113.0999984741211,778300.0
2014-10-07,113.01000213623047,113.19999694824219,112.9800033569336,113.11000061035156,1023800.0
2014-10-08,113.19000244140625,113.58000183105469,113.08000183105469,113.55999755859375,1024800.0
2014-10-09,113.76000213623047,113.97000122070312,113.5199966430664,113.55000305175781,979900.0
2014-10-10,113.47000122070312,113.51000213623047,113.18000030517578,113.20999908447266,608300.0
2014-10-13,113.36000061035156,113.4800033569336,113.01000213623047,113.05999755859375,553800.0
2014-10-14,113.20999908447266,113.5199966430664,113.19000244140625,113.33999633789062,1301200.0
2014-10-15,113.19000244140625,113.52999877929688,113.0199966430664,113.3499984741211,867600.0
2014-10-16,112.95999908447266,113.38999938964844,112.7699966430664,113.36000061035156,1408700.0
2014-10-17,113.76000213623047,114.08999633789062,113.69999694824219,113.95999908447266,811600.0
2014-10-20,114.02999877929688,114.20999908447266,114.02999877929688,114.20999908447266,802800.0
2014-10-21,114.16999816894531,114.20999908447266,113.91999816894531,113.95999908447266,822700.0
2014-10-22,114.06999969482422,114.3499984741211,114.04000091552734,114.19999694824219,1474700.0
2014-10-23,114.23999786376953,114.33999633789062,114.04000091552734,114.04000091552734,801100.0
2014-10-24,114.05000305175781,114.18000030517578,113.94000244140625,114.08999633789062,424500.0
2014-10-27,114.08999633789062,114.30999755859375,113.91999816894531,114.30999755859375,602100.0
2014-10-28,114.30999755859375,114.62000274658203,114.0,114.56999969482422,983300.0
2014-10-29,114.56999969482422,114.8499984741211,114.11000061035156,114.26000213623047,724500.0
2014-10-30,114.26000213623047,114.55999755859375,114.26000213623047,114.51000213623047,347300.0
2014-10-31,114.51000213623047,114.72000122070312,114.41000366210938,114.68000030517578,590600.0
2014-11-03,114.4800033569336,114.4800033569336,113.79000091552734,113.80000305175781,2478600.0
2014-11-04,113.69999694824219,113.87000274658203,113.47000122070312,113.5199966430664,730300.0
2014-11-05,113.4800033569336,113.66000366210938,113.43000030517578,113.44999694824219,1200400.0
2014-11-06,113.51000213623047,113.58000183105469,113.26000213623047,113.37000274658203,1161900.0
2014-11-07,113.2699966430664,113.5999984741211,113.20999908447266,113.55999755859375,1174700.0
2014-11-10,113.91000366210938,113.91000366210938,113.27999877929688,113.41999816894531,911900.0
2014-11-11,113.30999755859375,113.41000366210938,113.08999633789062,113.36000061035156,428500.0
2014-11-12,113.33999633789062,113.44000244140625,113.19999694824219,113.4000015258789,795800.0
2014-11-13,113.55000305175781,113.55000305175781,113.18000030517578,113.33999633789062,542400.0
2014-11-14,113.26000213623047,113.37000274658203,113.18000030517578,113.25,861100.0
2014-11-17,113.19999694824219,113.19999694824219,112.91000366210938,112.91999816894531,459700.0
2014-11-18,113.05999755859375,113.18000030517578,112.88999938964844,113.13999938964844,425400.0
2014-11-19,113.12000274658203,113.27999877929688,113.12000274658203,113.20999908447266,417100.0
2014-11-20,113.30999755859375,113.5999984741211,113.2300033569336,113.55000305175781,808900.0
2014-11-21,113.87000274658203,114.11000061035156,113.7300033569336,114.01000213623047,583900.0
2014-11-24,114.05000305175781,114.20999908447266,113.97000122070312,114.02999877929688,938600.0
2014-11-25,114.08999633789062,114.20999908447266,113.91000366210938,114.05999755859375,379600.0
2014-11-26,114.2300033569336,114.44000244140625,114.13999938964844,114.44000244140625,239300.0
2014-11-28,114.38999938964844,114.45999908447266,113.80000305175781,113.80000305175781,328600.0
2014-12-01,113.04000091552734,113.38999938964844,112.66000366210938,112.69000244140625,3015500.0
2014-12-02,112.70999908447266,113.08000183105469,112.61000061035156,112.63999938964844,2422800.0
2014-12-03,112.5999984741211,112.98999786376953,112.55000305175781,112.80000305175781,741900.0
2014-12-04,112.66000366210938,113.16999816894531,112.66000366210938,112.93000030517578,554500.0
2014-12-05,113.0,113.0199966430664,112.44000244140625,112.48999786376953,1096800.0
2014-12-08,112.27999877929688,112.27999877929688,111.66000366210938,111.68000030517578,829000.0
2014-12-09,111.2300033569336,111.47000122070312,110.7300033569336,111.33999633789062,3242200.0
2014-12-10,110.76000213623047,111.0199966430664,110.05999755859375,110.27999877929688,959200.0
2014-12-11,110.05999755859375,110.25,109.66999816894531,109.69000244140625,1045500.0
2014-12-12,109.37000274658203,109.37000274658203,108.13999938964844,108.2699966430664,1168500.0
2014-12-15,108.04000091552734,108.0999984741211,106.55000305175781,106.69999694824219,1337800.0
2014-12-16,105.1500015258789,106.48999786376953,104.94000244140625,106.04000091552734,2431500.0
2014-12-17,107.19999694824219,109.12000274658203,106.95999908447266,108.70999908447266,1149400.0
2014-12-18,110.1500015258789,110.54000091552734,109.44999694824219,110.22000122070312,1386800.0
2014-12-19,110.23999786376953,111.45999908447266,110.23999786376953,111.37000274658203,816400.0
2014-12-22,111.12000274658203,111.9000015258789,111.05999755859375,111.55000305175781,1746800.0
2014-12-23,111.36000061035156,111.5199966430664,111.0999984741211,111.11000061035156,828000.0
2014-12-24,111.11000061035156,111.11000061035156,110.44000244140625,110.87999725341797,278000.0
2014-12-26,110.68000030517578,111.02999877929688,110.68000030517578,110.80000305175781,201100.0
2014-12-29,110.4800033569336,110.8499984741211,110.02999877929688,110.26000213623047,854500.0
2014-12-30,110.08999633789062,110.5999984741211,110.05999755859375,110.55999755859375,690700.0
2014-12-31,110.77999877929688,110.86000061035156,109.63999938964844,109.70999908447266,512400.0
2015-01-02,110.01000213623047,110.30999755859375,108.7300033569336,109.31999969482422,4506900.0
2015-01-05,109.88999938964844,109.88999938964844,108.56999969482422,108.62000274658203,1378500.0
2015-01-06,108.63999938964844,108.9000015258789,108.2699966430664,108.27999877929688,768100.0
2015-01-07,109.1500015258789,109.80000305175781,108.86000061035156,109.63999938964844,1408700.0
2015-01-08,110.1500015258789,110.80999755859375,110.05999755859375,110.11000061035156,831900.0
2015-01-09,109.94000244140625,110.13999938964844,109.77999877929688,110.04000091552734,606200.0
2015-01-12,109.86000061035156,109.86000061035156,109.3499984741211,109.4000015258789,420100.0
2015-01-13,109.61000061035156,110.05999755859375,109.4800033569336,109.75,1375200.0
2015-01-14,110.45999908447266,110.69000244140625,110.01000213623047,110.58000183105469,685500.0
2015-01-15,111.02999877929688,111.4000015258789,110.62000274658203,110.7300033569336,1117800.0
2015-01-16,111.0999984741211,111.0999984741211,110.55999755859375,110.80999755859375,735500.0
2015-01-20,110.81999969482422,111.05999755859375,110.70999908447266,110.79000091552734,649900.0
2015-01-21,110.58999633789062,110.97000122070312,110.52999877929688,110.69000244140625,1051000.0
2015-01-22,110.38999938964844,110.7699966430664,110.18000030517578,110.3499984741211,1794100.0
2015-01-23,111.33999633789062,111.9000015258789,111.13999938964844,111.6500015258789,1129200.0
2015-01-26,111.5199966430664,111.66000366210938,110.61000061035156,110.61000061035156,1304200.0
2015-01-27,110.80000305175781,111.41999816894531,110.80000305175781,111.4000015258789,602400.0
2015-01-28,111.41000366210938,111.83999633789062,111.19999694824219,111.51000213623047,1036700.0
2015-01-29,111.75,111.76000213623047,111.43000030517578,111.66000366210938,391800.0
2015-01-30,111.8499984741211,111.94000244140625,111.47000122070312,111.76000213623047,867800.0
2015-02-02,111.63999938964844,111.75,111.18000030517578,111.48999786376953,1557800.0
2015-02-03,111.80000305175781,112.16999816894531,111.69999694824219,112.08999633789062,933700.0
2015-02-04,111.9000015258789,111.97000122070312,111.0,111.1500015258789,636400.0
2015-02-05,111.30000305175781,111.75,111.29000091552734,111.73999786376953,505100.0
2015-02-06,111.73999786376953,111.91999816894531,111.41999816894531,111.44999694824219,507300.0
2015-02-09,111.48999786376953,111.55999755859375,111.3499984741211,111.51000213623047,566800.0
2015-02-10,110.88999938964844,110.94000244140625,110.51000213623047,110.69999694824219,829000.0
2015-02-11,110.80000305175781,110.83999633789062,110.4800033569336,110.5999984741211,447800.0
2015-02-12,111.0,111.51000213623047,110.75,111.4800033569336,2686500.0
2015-02-13,111.80000305175781,111.8499984741211,111.5,111.75,539600.0
2015-02-17,111.58999633789062,111.76000213623047,111.5,111.55999755859375,761800.0
2015-02-18,111.51000213623047,111.56999969482422,111.08999633789062,111.5199966430664,303300.0
2015-02-19,111.30999755859375,111.55999755859375,111.1500015258789,111.19000244140625,343900.0
2015-02-20,111.30000305175781,111.5999984741211,111.26000213623047,111.5,401400.0
2015-02-23,111.30999755859375,111.3499984741211,110.9800033569336,111.3499984741211,649400.0
2015-02-24,111.31999969482422,111.87999725341797,111.16000366210938,111.87000274658203,592500.0
2015-02-25,112.22000122070312,112.37999725341797,112.02999877929688,112.37999725341797,587500.0
2015-02-26,112.5,112.62000274658203,112.16999816894531,112.26000213623047,613300.0
2015-02-27,112.2699966430664,112.55000305175781,112.01000213623047,112.44999694824219,350200.0
2015-03-02,112.2300033569336,112.27999877929688,111.69999694824219,111.72000122070312,1097600.0
2015-03-03,111.94000244140625,112.06999969482422,111.7300033569336,111.91999816894531,381100.0
2015-03-04,111.97000122070312,111.97000122070312,111.43000030517578,111.4800033569336,654700.0
2015-03-05,111.5199966430664,111.66000366210938,111.29000091552734,111.47000122070312,442300.0
2015-03-06,111.08999633789062,111.33999633789062,110.63999938964844,110.72000122070312,623600.0
2015-03-09,110.72000122070312,110.83999633789062,110.63999938964844,110.63999938964844,366300.0
2015-03-10,110.29000091552734,110.30999755859375,109.87000274658203,110.20999908447266,478000.0
2015-03-11,110.08000183105469,110.44000244140625,109.94999694824219,110.4000015258789,460000.0
2015-03-12,110.66999816894531,110.98999786376953,110.41000366210938,110.52999877929688,1303500.0
2015-03-13,110.19999694824219,110.2699966430664,109.61000061035156,109.72000122070312,821600.0
2015-03-16,109.73999786376953,109.81999969482422,109.31999969482422,109.4000015258789,1381800.0
2015-03-17,109.5,109.61000061035156,109.2699966430664,109.55000305175781,447400.0
2015-03-18,109.4800033569336,111.08999633789062,109.30999755859375,110.98999786376953,628600.0
2015-03-19,110.94000244140625,111.02999877929688,110.44000244140625,110.48999786376953,836300.0
2015-03-20,111.0199966430664,111.69999694824219,111.0199966430664,111.69000244140625,582200.0
2015-03-23,111.7699966430664,112.12000274658203,111.75,111.98999786376953,561500.0
2015-03-24,112.0999984741211,112.27999877929688,111.80000305175781,112.05000305175781,894000.0
2015-03-25,112.16999816894531,112.62000274658203,112.04000091552734,112.33000183105469,674900.0
2015-03-26,112.16999816894531,112.19000244140625,111.4800033569336,111.72000122070312,527600.0
2015-03-27,111.69999694824219,111.9800033569336,111.61000061035156,111.91000366210938,480300.0
2015-03-30,112.05999755859375,112.20999908447266,111.88999938964844,112.16999816894531,397700.0
2015-03-31,112.04000091552734,112.30000305175781,112.0,112.12000274658203,637400.0
2015-04-01,112.16000366210938,112.41999816894531,112.0199966430664,112.29000091552734,1491500.0
2015-04-02,112.51000213623047,112.87000274658203,112.51000213623047,112.8499984741211,681600.0
2015-04-06,112.98999786376953,113.51000213623047,112.94000244140625,113.26000213623047,571400.0
2015-04-07,113.16000366210938,113.23999786376953,112.88999938964844,113.05000305175781,1217500.0
2015-04-08,113.3499984741211,113.6500015258789,113.3499984741211,113.58000183105469,706200.0
2015-04-09,113.81999969482422,113.86000061035156,113.45999908447266,113.61000061035156,872700.0
2015-04-10,113.51000213623047,113.87000274658203,113.48999786376953,113.62000274658203,445300.0
2015-04-13,113.62000274658203,113.6500015258789,113.43000030517578,113.45999908447266,529800.0
2015-04-14,113.66999816894531,113.83999633789062,113.51000213623047,113.58999633789062,784900.0
2015-04-15,113.63999938964844,113.77999877929688,113.51000213623047,113.7699966430664,457800.0
2015-04-16,113.66999816894531,113.77999877929688,113.44999694824219,113.5199966430664,764300.0
2015-04-17,113.4000015258789,113.4800033569336,113.05000305175781,113.37000274658203,778900.0
2015-04-20,113.18000030517578,113.22000122070312,112.87999725341797,113.0999984741211,855600.0
2015-04-21,113.02999877929688,113.26000213623047,113.01000213623047,113.19999694824219,853400.0
2015-04-22,113.51000213623047,113.62999725341797,113.43000030517578,113.61000061035156,1366400.0
2015-04-23,113.58999633789062,113.9800033569336,113.54000091552734,113.87000274658203,1374300.0
2015-04-24,114.11000061035156,114.11000061035156,113.94999694824219,114.11000061035156,744200.0
2015-04-27,114.22000122070312,114.30999755859375,114.11000061035156,114.23999786376953,617700.0
2015-04-28,114.12999725341797,114.30000305175781,114.02999877929688,114.16000366210938,1967500.0
2015-04-29,113.70999908447266,113.73999786376953,113.33000183105469,113.44000244140625,520900.0
2015-04-30,113.31999969482422,113.31999969482422,112.97000122070312,113.12000274658203,455500.0
2015-05-01,112.68000030517578,112.9800033569336,112.3499984741211,112.83000183105469,831200.0
2015-05-04,112.80000305175781,112.80000305175781,112.66000366210938,112.66999816894531,316400.0
2015-05-05,112.69000244140625,112.69000244140625,112.36000061035156,112.5,529100.0
2015-05-06,112.52999877929688,112.62000274658203,112.38999938964844,112.47000122070312,476200.0
2015-05-07,112.2699966430664,112.37000274658203,112.08999633789062,112.30000305175781,488200.0
2015-05-08,112.5999984741211,112.94999694824219,112.58999633789062,112.91999816894531,911500.0
2015-05-11,112.87999725341797,112.98999786376953,112.2300033569336,112.4000015258789,1393900.0
2015-05-12,111.75,112.05000305175781,111.5999984741211,111.80000305175781,752200.0
2015-05-13,112.30000305175781,112.4000015258789,111.88999938964844,111.91999816894531,811200.0
2015-05-14,111.94000244140625,112.29000091552734,111.93000030517578,112.29000091552734,679800.0
2015-05-15,112.38999938964844,112.8499984741211,112.3499984741211,112.8499984741211,479700.0
2015-05-18,113.04000091552734,113.04000091552734,112.48999786376953,112.55999755859375,1375100.0
2015-05-19,112.41000366210938,112.41000366210938,111.98999786376953,112.01000213623047,639000.0
2015-05-20,112.0999984741211,112.27999877929688,111.91000366210938,112.11000061035156,849700.0
2015-05-21,112.30999755859375,112.77999877929688,112.2699966430664,112.70999908447266,768600.0
2015-05-22,112.66999816894531,112.88999938964844,112.62999725341797,112.86000061035156,633900.0
2015-05-26,112.69000244140625,112.75,112.5199966430664,112.55000305175781,295800.0
2015-05-27,112.55000305175781,112.58999633789062,112.31999969482422,112.3499984741211,373700.0
2015-05-28,112.19000244140625,112.27999877929688,111.9800033569336,112.04000091552734,469600.0
2015-05-29,112.06999969482422,112.44000244140625,112.02999877929688,112.37000274658203,563300.0
2015-06-01,111.66000366210938,111.80999755859375,111.19000244140625,111.33000183105469,849300.0
2015-06-02,111.2300033569336,111.36000061035156,111.0,111.18000030517578,529100.0
2015-06-03,111.05999755859375,111.18000030517578,110.66999816894531,110.79000091552734,699200.0
2015-06-04,110.55000305175781,110.94999694824219,110.3499984741211,110.66999816894531,824900.0
2015-06-05,110.20999908447266,110.31999969482422,109.95999908447266,110.08000183105469,633100.0
2015-06-08,110.0,110.05999755859375,109.77999877929688,109.80999755859375,447900.0
2015-06-09,109.77999877929688,109.80000305175781,109.38999938964844,109.4000015258789,758600.0
2015-06-10,109.1500015258789,109.33999633789062,109.01000213623047,109.01000213623047,529000.0
2015-06-11,109.77999877929688,109.77999877929688,108.9800033569336,109.30000305175781,679800.0
2015-06-12,109.41999816894531,109.54000091552734,109.3499984741211,109.44999694824219,610300.0
2015-06-15,109.44000244140625,109.44000244140625,108.87000274658203,108.91000366210938,809000.0
2015-06-16,108.72000122070312,108.91999816894531,108.70999908447266,108.88999938964844,1126600.0
2015-06-17,108.83000183105469,109.37999725341797,108.83000183105469,109.37000274658203,501400.0
2015-06-18,109.69999694824219,109.94999694824219,109.44000244140625,109.93000030517578,580800.0
2015-06-19,110.08000183105469,110.3499984741211,109.97000122070312,110.20999908447266,804900.0
2015-06-22,110.5199966430664,110.52999877929688,110.27999877929688,110.37000274658203,521500.0
2015-06-23,110.51000213623047,110.56999969482422,110.33000183105469,110.33000183105469,626800.0
2015-06-24,110.58999633789062,110.61000061035156,110.37999725341797,110.43000030517578,536100.0
2015-06-25,110.5,110.5999984741211,110.16999816894531,110.27999877929688,515800.0
2015-06-26,110.16999816894531,110.27999877929688,109.86000061035156,109.93000030517578,723700.0
2015-06-29,109.66999816894531,109.79000091552734,109.36000061035156,109.63999938964844,595700.0
2015-06-30,109.6500015258789,110.04000091552734,109.6500015258789,109.91999816894531,788300.0
2015-07-01,109.80999755859375,110.05000305175781,109.58999633789062,109.9000015258789,7283200.0
2015-07-02,109.75,110.0199966430664,109.73999786376953,109.97000122070312,1021600.0
2015-07-06,109.8499984741211,109.87999725341797,109.48999786376953,109.51000213623047,915500.0
2015-07-07,109.44000244140625,109.83000183105469,109.33000183105469,109.43000030517578,863400.0
2015-07-08,109.55000305175781,109.58999633789062,109.22000122070312,109.22000122070312,940600.0
2015-07-09,109.33999633789062,109.73999786376953,109.33999633789062,109.47000122070312,647600.0
2015-07-10,109.91000366210938,109.97000122070312,109.75,109.87999725341797,584300.0
2015-07-13,109.77999877929688,109.87999725341797,109.61000061035156,109.70999908447266,462500.0
2015-07-14,109.56999969482422,109.77999877929688,109.30000305175781,109.3499984741211,1121400.0
2015-07-15,109.30999755859375,109.41999816894531,109.2699966430664,109.3499984741211,934400.0
2015-07-16,109.45999908447266,109.69000244140625,109.37000274658203,109.63999938964844,676300.0
2015-07-17,109.73999786376953,109.87999725341797,109.54000091552734,109.68000030517578,551100.0
2015-07-20,109.6500015258789,109.79000091552734,109.5,109.52999877929688,452700.0
2015-07-21,109.56999969482422,109.70999908447266,109.4800033569336,109.5999984741211,745000.0
2015-07-22,109.47000122070312,109.8499984741211,109.47000122070312,109.66999816894531,508900.0
2015-07-23,109.62000274658203,109.6500015258789,109.30000305175781,109.37999725341797,481000.0
2015-07-24,109.31999969482422,109.44000244140625,108.9000015258789,108.9800033569336,641200.0
2015-07-27,108.58999633789062,108.77999877929688,108.51000213623047,108.55000305175781,760800.0
2015-07-28,108.61000061035156,108.79000091552734,108.5,108.73999786376953,750800.0
2015-07-29,109.0,109.30999755859375,108.9800033569336,109.30000305175781,823400.0
2015-07-30,109.18000030517578,109.72000122070312,108.94999694824219,109.6500015258789,995300.0
2015-07-31,109.76000213623047,109.8499984741211,109.51000213623047,109.66000366210938,419500.0
2015-08-03,109.25,109.30000305175781,108.68000030517578,108.76000213623047,3302800.0
2015-08-04,109.05999755859375,109.25,108.77999877929688,108.91999816894531,1428300.0
2015-08-05,108.91999816894531,108.94000244140625,108.76000213623047,108.80999755859375,810200.0
2015-08-06,108.7300033569336,108.86000061035156,108.30999755859375,108.41999816894531,1426900.0
2015-08-07,108.41000366210938,108.55000305175781,108.30000305175781,108.47000122070312,892900.0
2015-08-10,108.44999694824219,108.55999755859375,108.33999633789062,108.48999786376953,618600.0
2015-08-11,108.75,108.75,108.30999755859375,108.5199966430664,859400.0
2015-08-12,108.41999816894531,108.63999938964844,108.33999633789062,108.58000183105469,905100.0
2015-08-13,108.55000305175781,108.69999694824219,108.47000122070312,108.48999786376953,766200.0
2015-08-14,108.4800033569336,108.55000305175781,108.37999725341797,108.55000305175781,1096000.0
2015-08-17,108.27999877929688,108.62999725341797,108.27999877929688,108.62000274658203,576600.0
2015-08-18,108.44000244140625,108.51000213623047,108.19999694824219,108.2300033569336,544700.0
2015-08-19,108.12999725341797,108.23999786376953,107.8499984741211,107.94000244140625,1407000.0
2015-08-20,107.3499984741211,107.68000030517578,107.3499984741211,107.55000305175781,1412800.0
2015-08-21,107.25,107.52999877929688,107.05999755859375,107.08999633789062,1507000.0
2015-08-24,105.5999984741211,106.23999786376953,105.02999877929688,105.54000091552734,1862300.0
2015-08-25,106.95999908447266,106.95999908447266,106.30000305175781,106.36000061035156,1415100.0
2015-08-26,106.30999755859375,106.61000061035156,106.26000213623047,106.33999633789062,1745800.0
2015-08-27,107.38999938964844,107.97000122070312,107.38999938964844,107.87999725341797,1856000.0
2015-08-28,107.79000091552734,108.22000122070312,107.79000091552734,107.94999694824219,799400.0
2015-08-31,108.37000274658203,108.45999908447266,107.9000015258789,108.01000213623047,523300.0
2015-09-01,107.4800033569336,107.77999877929688,107.3499984741211,107.62999725341797,3986600.0
2015-09-02,107.31999969482422,107.44999694824219,107.08999633789062,107.16000366210938,780100.0
2015-09-03,107.25,107.86000061035156,107.2300033569336,107.72000122070312,792900.0
2015-09-04,107.66999816894531,107.87000274658203,107.01000213623047,107.63999938964844,698600.0
2015-09-08,107.5999984741211,107.80000305175781,107.5999984741211,107.5999984741211,582800.0
2015-09-09,107.91999816894531,108.0,107.66999816894531,107.95999908447266,972600.0
2015-09-10,107.87999725341797,107.9800033569336,107.75,107.80000305175781,602700.0
2015-09-11,107.80000305175781,107.87000274658203,107.69000244140625,107.81999969482422,520800.0
2015-09-14,107.70999908447266,107.88999938964844,107.70999908447266,107.88999938964844,235800.0
2015-09-15,107.80000305175781,108.0,107.73999786376953,107.76000213623047,576200.0
2015-09-16,108.02999877929688,108.27999877929688,107.69999694824219,108.19999694824219,1286700.0
2015-09-17,108.19999694824219,108.97000122070312,108.16999816894531,108.83000183105469,685600.0
2015-09-18,108.95999908447266,109.23999786376953,108.91000366210938,109.11000061035156,1064900.0
2015-09-21,109.06999969482422,109.12999725341797,108.48999786376953,108.5,790300.0
2015-09-22,108.11000061035156,108.87000274658203,107.62000274658203,107.62999725341797,571000.0
2015-09-23,107.70999908447266,107.76000213623047,107.29000091552734,107.41000366210938,748600.0
2015-09-24,106.75,107.13999938964844,106.5999984741211,107.05000305175781,1100600.0
2015-09-25,107.31999969482422,107.31999969482422,106.66999816894531,106.80000305175781,411800.0
2015-09-28,106.37000274658203,106.5,105.69999694824219,105.87999725341797,516300.0
2015-09-29,105.55999755859375,105.70999908447266,105.36000061035156,105.63999938964844,690600.0
2015-09-30,106.12999725341797,106.4000015258789,106.06999969482422,106.4000015258789,985100.0
2015-10-01,106.1500015258789,106.38999938964844,105.58999633789062,105.62999725341797,3095400.0
2015-10-02,106.26000213623047,106.83000183105469,106.04000091552734,106.83000183105469,1013300.0
2015-10-05,107.16000366210938,107.54000091552734,107.01000213623047,107.36000061035156,623000.0
2015-10-06,107.38999938964844,107.75,107.3499984741211,107.69999694824219,726400.0
2015-10-07,108.12999725341797,108.31999969482422,107.81999969482422,108.04000091552734,709200.0
2015-10-08,107.79000091552734,108.11000061035156,107.61000061035156,108.08999633789062,666900.0
2015-10-09,108.27999877929688,108.55999755859375,108.2300033569336,108.54000091552734,463400.0
2015-10-12,108.36000061035156,108.72000122070312,108.36000061035156,108.68000030517578,277900.0
2015-10-13,108.41999816894531,108.41999816894531,107.91999816894531,107.91999816894531,775200.0
2015-10-14,108.2300033569336,108.41999816894531,108.02999877929688,108.41000366210938,701700.0
2015-10-15,108.80999755859375,108.95999908447266,108.66000366210938,108.94999694824219,713700.0
2015-10-16,109.37999725341797,109.68000030517578,109.12000274658203,109.54000091552734,1156300.0
2015-10-19,109.20999908447266,109.55999755859375,109.20999908447266,109.55000305175781,723100.0
2015-10-20,109.11000061035156,109.25,108.7699966430664,108.94999694824219,1121300.0
2015-10-21,108.51000213623047,108.70999908447266,108.44999694824219,108.56999969482422,604000.0
2015-10-22,108.62000274658203,109.08999633789062,108.48999786376953,109.02999877929688,663900.0
2015-10-23,109.33000183105469,109.41999816894531,109.12999725341797,109.25,687800.0
2015-10-26,109.1500015258789,109.44999694824219,109.11000061035156,109.30999755859375,434600.0
2015-10-27,109.06999969482422,109.2300033569336,108.86000061035156,109.01000213623047,1288800.0
2015-10-28,109.0199966430664,109.23999786376953,108.48999786376953,108.55999755859375,566300.0
2015-10-29,108.73999786376953,108.87999725341797,108.63999938964844,108.72000122070312,654400.0
2015-10-30,108.7300033569336,108.81999969482422,108.41000366210938,108.5,892300.0
2015-11-02,108.04000091552734,108.5199966430664,107.9800033569336,108.13999938964844,3335600.0
2015-11-03,108.4800033569336,108.83000183105469,108.37000274658203,108.73999786376953,1028800.0
2015-11-04,109.01000213623047,109.30000305175781,108.68000030517578,108.72000122070312,693900.0
2015-11-05,108.8499984741211,109.01000213623047,108.5999984741211,108.8499984741211,840900.0
2015-11-06,108.22000122070312,108.26000213623047,107.83000183105469,108.19000244140625,1091200.0
2015-11-09,107.62999725341797,108.0,107.5199966430664,107.66999816894531,640700.0
2015-11-10,107.55999755859375,107.86000061035156,107.44999694824219,107.80999755859375,461500.0
2015-11-11,107.5199966430664,107.91000366210938,107.5199966430664,107.83999633789062,357600.0
2015-11-12,107.91999816894531,108.1500015258789,107.88999938964844,108.04000091552734,834700.0
2015-11-13,107.91000366210938,107.97000122070312,107.69999694824219,107.87999725341797,718900.0
2015-11-16,107.63999938964844,107.94000244140625,107.52999877929688,107.94000244140625,1843200.0
2015-11-17,108.12000274658203,108.23999786376953,107.95999908447266,108.19000244140625,893700.0
2015-11-18,108.62000274658203,108.62000274658203,108.36000061035156,108.44999694824219,539600.0
2015-11-19,108.66999816894531,108.7300033569336,108.55000305175781,108.6500015258789,943100.0
2015-11-20,108.8499984741211,109.0999984741211,108.80000305175781,108.98999786376953,1427800.0
2015-11-23,108.9000015258789,109.0199966430664,108.79000091552734,108.87999725341797,647400.0
2015-11-24,108.87000274658203,108.87000274658203,108.56999969482422,108.7699966430664,801300.0
2015-11-25,108.83000183105469,109.0,108.55999755859375,108.66999816894531,432900.0
2015-11-27,108.6500015258789,108.73999786376953,108.55000305175781,108.68000030517578,378300.0
2015-11-30,108.62000274658203,108.75,108.36000061035156,108.38999938964844,1260600.0
2015-12-01,108.20999908447266,108.33999633789062,108.08000183105469,108.27999877929688,2350100.0
2015-12-02,108.1500015258789,108.2699966430664,107.80999755859375,107.93000030517578,793900.0
2015-12-03,107.93000030517578,107.93000030517578,107.16000366210938,107.18000030517578,1245000.0
2015-12-04,106.91000366210938,107.38999938964844,106.9000015258789,107.33999633789062,1114300.0
2015-12-07,107.02999877929688,107.41999816894531,107.0199966430664,107.08000183105469,637200.0
2015-12-08,107.0199966430664,107.08000183105469,106.9000015258789,106.91000366210938,1314400.0
2015-12-09,107.18000030517578,107.36000061035156,107.05000305175781,107.08999633789062,1022100.0
2015-12-10,107.0199966430664,107.13999938964844,106.91999816894531,106.93000030517578,902200.0
2015-12-11,106.51000213623047,106.54000091552734,105.19999694824219,105.29000091552734,1817500.0
2015-12-14,105.13999938964844,105.94000244140625,105.13999938964844,105.70999908447266,1273700.0
2015-12-15,105.87000274658203,106.16999816894531,105.77999877929688,106.05999755859375,1093800.0
2015-12-16,106.08999633789062,106.43000030517578,105.63999938964844,106.13999938964844,1379800.0
2015-12-17,106.37999725341797,106.61000061035156,106.19999694824219,106.2300033569336,943900.0
2015-12-18,106.26000213623047,106.36000061035156,105.98999786376953,105.98999786376953,1017600.0
2015-12-21,106.16999816894531,106.20999908447266,105.7300033569336,105.80000305175781,979800.0
2015-12-22,105.8499984741211,106.18000030517578,105.73999786376953,105.9800033569336,1260300.0
2015-12-23,105.98999786376953,106.47000122070312,105.94000244140625,106.45999908447266,1357000.0
2015-12-24,105.93000030517578,106.37999725341797,105.9000015258789,105.95999908447266,955800.0
2015-12-28,106.0,106.0,105.63999938964844,105.66000366210938,534100.0
2015-12-29,105.7699966430664,105.91000366210938,105.66999816894531,105.76000213623047,438800.0
2015-12-30,105.45999908447266,106.0,105.45999908447266,105.9800033569336,1078100.0
2015-12-31,105.98999786376953,106.04000091552734,105.70999908447266,105.77999877929688,799600.0
2016-01-04,105.48999786376953,105.81999969482422,105.44999694824219,105.66999816894531,1249700.0
2016-01-05,105.75,106.36000061035156,105.72000122070312,105.94999694824219,1170500.0
2016-01-06,105.80000305175781,106.02999877929688,105.73999786376953,105.94000244140625,913900.0
2016-01-07,105.1500015258789,105.62000274658203,105.1500015258789,105.44000244140625,1173900.0
2016-01-08,105.55000305175781,105.80999755859375,105.30999755859375,105.3499984741211,2015700.0
2016-01-11,105.44999694824219,105.44999694824219,105.06999969482422,105.16999816894531,787800.0
2016-01-12,105.12999725341797,105.25,104.61000061035156,104.68000030517578,1318100.0
2016-01-13,104.91000366210938,104.97000122070312,104.25,104.2699966430664,1520200.0
2016-01-14,103.80000305175781,104.5,103.80000305175781,104.38999938964844,720900.0
2016-01-15,103.5999984741211,104.23999786376953,103.12000274658203,103.36000061035156,1434100.0
2016-01-19,103.91000366210938,103.98999786376953,103.55000305175781,103.73999786376953,1688500.0
2016-01-20,103.12000274658203,103.36000061035156,102.9000015258789,103.11000061035156,2162500.0
2016-01-21,103.31999969482422,103.69000244140625,103.26000213623047,103.58000183105469,803000.0
2016-01-22,104.44999694824219,104.79000091552734,104.16999816894531,104.55000305175781,1325000.0
2016-01-25,104.66000366210938,104.73999786376953,104.06999969482422,104.06999969482422,839200.0
2016-01-26,104.11000061035156,104.55000305175781,103.83000183105469,104.4000015258789,1405200.0
2016-01-27,104.70999908447266,105.30000305175781,104.70999908447266,104.9000015258789,773400.0
2016-01-28,105.80000305175781,105.9000015258789,105.37999725341797,105.44999694824219,557400.0
2016-01-29,106.11000061035156,106.11000061035156,105.61000061035156,105.81999969482422,1099100.0
2016-02-01,105.19999694824219,105.29000091552734,104.69999694824219,104.87999725341797,2583100.0
2016-02-02,104.61000061035156,104.66999816894531,104.4000015258789,104.6500015258789,1023500.0
2016-02-03,104.69000244140625,105.12999725341797,104.44000244140625,105.11000061035156,1051300.0
2016-02-04,105.23999786376953,105.29000091552734,104.94999694824219,105.23999786376953,1302600.0
2016-02-05,105.12000274658203,105.2699966430664,105.0999984741211,105.12999725341797,802100.0
2016-02-08,104.81999969482422,104.81999969482422,104.4800033569336,104.66000366210938,1115800.0
2016-02-09,104.25,104.58999633789062,104.25,104.31999969482422,783800.0
2016-02-10,104.52999877929688,104.7699966430664,104.4000015258789,104.41999816894531,745000.0
2016-02-11,104.0199966430664,104.36000061035156,103.94999694824219,104.30000305175781,882000.0
2016-02-12,104.41000366210938,104.83000183105469,104.27999877929688,104.70999908447266,991600.0
2016-02-16,105.2300033569336,105.2300033569336,104.73999786376953,105.05000305175781,2044000.0
2016-02-17,105.48999786376953,105.91000366210938,105.37000274658203,105.79000091552734,1727400.0
2016-02-18,106.0,106.30999755859375,105.93000030517578,106.11000061035156,1249500.0
2016-02-19,106.18000030517578,106.18000030517578,105.75,106.0199966430664,570100.0
2016-02-22,106.52999877929688,106.5999984741211,106.41999816894531,106.54000091552734,657000.0
2016-02-23,106.5199966430664,106.68000030517578,106.25,106.5199966430664,645600.0
2016-02-24,106.0,106.56999969482422,106.0,106.54000091552734,847600.0
2016-02-25,106.54000091552734,106.98999786376953,106.5199966430664,106.91000366210938,1161100.0
2016-02-26,107.2699966430664,107.45999908447266,107.01000213623047,107.08999633789062,1342000.0
2016-02-29,107.4000015258789,107.55999755859375,107.11000061035156,107.25,1410100.0
2016-03-01,107.44999694824219,108.16000366210938,107.33000183105469,108.05999755859375,7117100.0
2016-03-02,107.62999725341797,107.86000061035156,107.43000030517578,107.80000305175781,2353700.0
2016-03-03,107.80000305175781,107.97000122070312,107.63999938964844,107.93000030517578,1836700.0
2016-03-04,107.98999786376953,108.25,107.98999786376953,108.19000244140625,1642800.0
2016-03-07,108.29000091552734,108.41999816894531,108.0999984741211,108.4000015258789,1405400.0
2016-03-08,108.30999755859375,108.4800033569336,107.80999755859375,107.97000122070312,1896900.0
2016-03-09,108.0,108.25,107.86000061035156,108.2300033569336,989600.0
2016-03-10,108.44000244140625,108.7300033569336,108.11000061035156,108.16999816894531,1198200.0
2016-03-11,108.44999694824219,108.9000015258789,108.44999694824219,108.83999633789062,1250100.0
2016-03-14,108.68000030517578,108.9000015258789,108.5999984741211,108.5999984741211,1188700.0
2016-03-15,108.31999969482422,108.56999969482422,107.9800033569336,107.98999786376953,1062000.0
2016-03-16,107.9000015258789,109.19999694824219,107.9000015258789,109.05999755859375,1478900.0
2016-03-17,109.58999633789062,110.11000061035156,109.51000213623047,109.91000366210938,1627400.0
2016-03-18,110.36000061035156,110.41000366210938,109.91000366210938,110.0,1442700.0
2016-03-21,110.25,110.58000183105469,110.25,110.41000366210938,1932700.0
2016-03-22,110.26000213623047,110.4800033569336,110.1500015258789,110.19999694824219,1738400.0
2016-03-23,110.0,110.08999633789062,109.48999786376953,109.51000213623047,1193100.0
2016-03-24,109.33000183105469,109.48999786376953,108.86000061035156,109.25,1100800.0
2016-03-28,109.04000091552734,109.55000305175781,108.80999755859375,109.45999908447266,1212000.0
2016-03-29,109.4000015258789,110.04000091552734,109.27999877929688,110.02999877929688,1629600.0
2016-03-30,110.04000091552734,110.30000305175781,110.04000091552734,110.13999938964844,1205200.0
2016-03-31,110.30000305175781,110.63999938964844,110.26000213623047,110.3499984741211,2063500.0
2016-04-01,109.91000366210938,110.4800033569336,109.69999694824219,110.20999908447266,1421900.0
2016-04-04,110.08999633789062,110.37000274658203,110.08999633789062,110.18000030517578,1170200.0
2016-04-05,110.0199966430664,110.0199966430664,109.72000122070312,109.88999938964844,1325300.0
2016-04-06,109.8499984741211,110.1500015258789,109.80000305175781,110.1500015258789,1525100.0
2016-04-07,110.12999725341797,110.12999725341797,109.52999877929688,109.69999694824219,1535600.0
2016-04-08,110.0,110.1500015258789,109.93000030517578,110.05000305175781,1011000.0
2016-04-11,110.55999755859375,110.70999908447266,110.23999786376953,110.54000091552734,1608000.0
2016-04-12,110.63999938964844,110.83999633789062,110.58999633789062,110.69000244140625,1618100.0
2016-04-13,111.02999877929688,111.2300033569336,111.02999877929688,111.1500015258789,1859700.0
2016-04-14,111.37999725341797,111.47000122070312,111.20999908447266,111.29000091552734,752000.0
2016-04-15,111.4000015258789,111.41999816894531,111.23999786376953,111.3499984741211,734900.0
2016-04-18,111.01000213623047,111.41000366210938,111.0,111.41000366210938,891300.0
2016-04-19,111.75,111.83999633789062,111.48999786376953,111.83999633789062,2069100.0
2016-04-20,111.93000030517578,112.18000030517578,111.66999816894531,111.93000030517578,1628000.0
2016-04-21,112.01000213623047,112.47000122070312,111.5199966430664,111.52999877929688,1460700.0
2016-04-22,111.48999786376953,111.58999633789062,111.36000061035156,111.36000061035156,930200.0
2016-04-25,111.16000366210938,111.19000244140625,110.87999725341797,110.91000366210938,1438000.0
2016-04-26,111.0,111.02999877929688,110.87000274658203,111.01000213623047,1135400.0
2016-04-27,111.0999984741211,111.6500015258789,110.98999786376953,111.51000213623047,1227900.0
2016-04-28,111.69000244140625,111.9000015258789,111.61000061035156,111.73999786376953,1635200.0
2016-04-29,111.9000015258789,111.9800033569336,111.54000091552734,111.62999725341797,1128000.0
2016-05-02,111.58999633789062,111.58999633789062,111.18000030517578,111.19999694824219,1025500.0
2016-05-03,111.20999908447266,111.20999908447266,110.7699966430664,110.94999694824219,1387300.0
2016-05-04,110.7699966430664,110.87999725341797,110.63999938964844,110.69000244140625,1001300.0
2016-05-05,111.04000091552734,111.04000091552734,110.69999694824219,110.94999694824219,975200.0
2016-05-06,110.79000091552734,111.11000061035156,110.62999725341797,111.08999633789062,1031200.0
2016-05-09,110.76000213623047,111.26000213623047,110.76000213623047,110.80999755859375,1198500.0
2016-05-10,111.20999908447266,111.36000061035156,111.05999755859375,111.30000305175781,969800.0
2016-05-11,111.54000091552734,111.61000061035156,111.37000274658203,111.55999755859375,1114900.0
2016-05-12,111.7699966430664,111.91999816894531,111.61000061035156,111.77999877929688,780200.0
2016-05-13,111.9000015258789,111.9000015258789,111.5999984741211,111.8499984741211,378100.0
2016-05-16,111.91999816894531,111.9800033569336,111.77999877929688,111.91000366210938,863800.0
2016-05-17,111.87000274658203,111.91999816894531,111.72000122070312,111.83000183105469,449300.0
2016-05-18,111.81999969482422,111.81999969482422,110.69999694824219,110.75,1817100.0
2016-05-19,110.33000183105469,110.4800033569336,110.12999725341797,110.37000274658203,1662600.0
2016-05-20,110.62000274658203,110.83999633789062,110.41000366210938,110.4800033569336,1528400.0
2016-05-23,110.81999969482422,110.81999969482422,110.4000015258789,110.48999786376953,927700.0
2016-05-24,110.43000030517578,110.93000030517578,110.43000030517578,110.75,1989200.0
2016-05-25,111.05999755859375,111.11000061035156,110.91999816894531,111.05999755859375,972900.0
2016-05-26,111.20999908447266,111.2300033569336,111.04000091552734,111.0999984741211,1003800.0
2016-05-27,111.2300033569336,111.27999877929688,111.04000091552734,111.04000091552734,555800.0
2016-05-31,111.01000213623047,111.16000366210938,110.94999694824219,110.9800033569336,976900.0
2016-06-01,110.70999908447266,110.94999694824219,110.52999877929688,110.91999816894531,1858600.0
2016-06-02,111.08999633789062,111.25,110.88999938964844,111.12000274658203,4650500.0
2016-06-03,111.79000091552734,112.31999969482422,111.77999877929688,112.0,1301800.0
2016-06-06,112.05999755859375,112.4000015258789,112.05999755859375,112.20999908447266,903800.0
2016-06-07,112.81999969482422,112.9000015258789,112.3499984741211,112.38999938964844,1512700.0
2016-06-08,113.18000030517578,113.18000030517578,112.81999969482422,112.9800033569336,810000.0
2016-06-09,112.83000183105469,112.83999633789062,112.54000091552734,112.83999633789062,916300.0
2016-06-10,112.6500015258789,112.66000366210938,112.4000015258789,112.41000366210938,893100.0
2016-06-13,112.19999694824219,112.3499984741211,112.0,112.0,816300.0
2016-06-14,111.51000213623047,111.62000274658203,111.3499984741211,111.48999786376953,1144200.0
2016-06-15,111.66000366210938,112.0199966430664,111.63999938964844,111.93000030517578,1151300.0
2016-06-16,111.88999938964844,112.06999969482422,111.69999694824219,111.94999694824219,894900.0
2016-06-17,112.13999938964844,112.2300033569336,111.83000183105469,111.83999633789062,761200.0
2016-06-20,112.73999786376953,112.73999786376953,112.41999816894531,112.5999984741211,1483700.0
2016-06-21,112.68000030517578,112.70999908447266,112.4800033569336,112.51000213623047,946300.0
2016-06-22,112.69999694824219,113.0,112.69999694824219,113.0,1392900.0
2016-06-23,113.16999816894531,113.41999816894531,113.16999816894531,113.2699966430664,583900.0
2016-06-24,111.51000213623047,112.66999816894531,111.51000213623047,112.30999755859375,1312400.0
2016-06-27,112.56999969482422,112.95999908447266,111.94999694824219,112.6500015258789,1853900.0
2016-06-28,113.23999786376953,113.55000305175781,113.08000183105469,113.4800033569336,1278400.0
2016-06-29,114.37999725341797,114.69999694824219,114.0199966430664,114.62000274658203,1368300.0
2016-06-30,114.69000244140625,115.19000244140625,114.58000183105469,115.1500015258789,5314800.0
2016-07-01,115.13999938964844,115.5,114.61000061035156,115.05999755859375,1587200.0
2016-07-05,115.38999938964844,115.44999694824219,115.0999984741211,115.31999969482422,1809900.0
2016-07-06,115.19000244140625,115.51000213623047,115.12000274658203,115.4800033569336,1354700.0
2016-07-07,115.77999877929688,115.77999877929688,115.3499984741211,115.44000244140625,1119400.0
2016-07-08,115.66999816894531,116.36000061035156,115.66999816894531,116.36000061035156,1447800.0
2016-07-11,116.62999725341797,116.93000030517578,116.55000305175781,116.69000244140625,1456600.0
2016-07-12,116.61000061035156,116.66000366210938,116.29000091552734,116.29000091552734,1644300.0
2016-07-13,116.51000213623047,116.56999969482422,116.30000305175781,116.3499984741211,1701800.0
2016-07-14,116.5,116.86000061035156,116.20999908447266,116.4000015258789,3426400.0
2016-07-15,116.3499984741211,116.48999786376953,116.23999786376953,116.37000274658203,6078700.0
2016-07-18,116.31999969482422,116.36000061035156,116.08000183105469,116.20999908447266,3840700.0
2016-07-19,116.29000091552734,116.4000015258789,116.08999633789062,116.23999786376953,2461700.0
2016-07-20,116.33999633789062,116.4000015258789,116.06999969482422,116.19000244140625,2212700.0
2016-07-21,116.30000305175781,116.30000305175781,116.01000213623047,116.19000244140625,1963700.0
2016-07-22,116.33000183105469,116.73999786376953,116.12999725341797,116.19999694824219,2897300.0
2016-07-25,116.27999877929688,116.43000030517578,115.88999938964844,115.91000366210938,1088000.0
2016-07-26,115.77999877929688,115.87000274658203,115.55000305175781,115.58000183105469,3716500.0
2016-07-27,116.31999969482422,116.45999908447266,115.58000183105469,116.0999984741211,2657800.0
2016-07-28,116.01000213623047,116.47000122070312,115.72000122070312,115.81999969482422,1636100.0
2016-07-29,115.9000015258789,116.19999694824219,115.7699966430664,116.19000244140625,1852800.0
2016-08-01,115.58000183105469,115.66999816894531,115.05999755859375,115.25,2198100.0
2016-08-02,115.38999938964844,115.38999938964844,114.97000122070312,114.9800033569336,2596900.0
2016-08-03,115.0,115.26000213623047,114.94000244140625,115.13999938964844,2821500.0
2016-08-04,115.68000030517578,115.9800033569336,115.6500015258789,115.91000366210938,1375000.0
2016-08-05,116.0999984741211,116.0999984741211,115.5999984741211,115.61000061035156,1896700.0
2016-08-08,116.06999969482422,116.33000183105469,116.06999969482422,116.30000305175781,2728500.0
2016-08-09,116.6500015258789,116.87999725341797,116.5999984741211,116.83999633789062,2394600.0
2016-08-10,117.0199966430664,117.19999694824219,116.94000244140625,117.18000030517578,1565800.0
2016-08-11,117.0,117.13999938964844,116.7699966430664,117.0,2082500.0
2016-08-12,117.16999816894531,117.5199966430664,117.16999816894531,117.5,2981200.0
2016-08-15,117.52999877929688,117.66000366210938,117.52999877929688,117.63999938964844,866400.0
2016-08-16,117.7699966430664,117.79000091552734,117.31999969482422,117.33000183105469,3161200.0
2016-08-17,117.55000305175781,117.73999786376953,117.27999877929688,117.69000244140625,4524200.0
2016-08-18,117.79000091552734,117.98999786376953,117.68000030517578,117.97000122070312,2233700.0
2016-08-19,117.75,117.77999877929688,117.37999725341797,117.41999816894531,1289400.0
2016-08-22,117.44000244140625,117.62000274658203,117.25,117.56999969482422,2127300.0
2016-08-23,117.69000244140625,117.83000183105469,117.6500015258789,117.66999816894531,2851500.0
2016-08-24,117.68000030517578,117.76000213623047,117.25,117.2699966430664,1835800.0
2016-08-25,117.4000015258789,117.4000015258789,117.08999633789062,117.26000213623047,1066800.0
2016-08-26,117.48999786376953,117.83999633789062,117.08000183105469,117.11000061035156,2447700.0
2016-08-29,117.12000274658203,117.69999694824219,117.12000274658203,117.69000244140625,1803900.0
2016-08-30,117.7300033569336,117.73999786376953,117.37000274658203,117.6500015258789,1880300.0
2016-08-31,117.66000366210938,117.66000366210938,117.22000122070312,117.22000122070312,1646000.0
2016-09-01,116.5199966430664,116.75,116.33000183105469,116.58000183105469,4263800.0
2016-09-02,116.95999908447266,116.95999908447266,116.54000091552734,116.91999816894531,2233500.0
2016-09-06,117.31999969482422,117.63999938964844,117.06999969482422,117.63999938964844,3019200.0
2016-09-07,118.0199966430664,118.13999938964844,117.6500015258789,117.97000122070312,2922700.0
2016-09-08,117.87999725341797,118.05000305175781,117.38999938964844,117.43000030517578,2150400.0
2016-09-09,117.20999908447266,117.26000213623047,116.16000366210938,116.27999877929688,3323500.0
2016-09-12,115.5999984741211,116.56999969482422,115.5999984741211,116.26000213623047,2943900.0
2016-09-13,116.18000030517578,116.27999877929688,114.94000244140625,114.9800033569336,5101800.0
2016-09-14,115.33000183105469,115.66999816894531,115.12000274658203,115.19999694824219,2590800.0
2016-09-15,115.16999816894531,115.72000122070312,115.16999816894531,115.68000030517578,2640900.0
2016-09-16,115.83000183105469,115.83000183105469,115.18000030517578,115.3499984741211,1646400.0
2016-09-19,115.70999908447266,115.83999633789062,115.5199966430664,115.76000213623047,2041200.0
2016-09-20,116.0,116.16999816894531,115.77999877929688,115.88999938964844,3388800.0
2016-09-21,116.3499984741211,117.20999908447266,116.22000122070312,117.1500015258789,2238300.0
2016-09-22,117.91000366210938,118.05000305175781,117.5999984741211,117.61000061035156,4748500.0
2016-09-23,117.69000244140625,117.69000244140625,116.98999786376953,117.23999786376953,2978100.0
2016-09-26,116.94999694824219,117.0199966430664,116.73999786376953,116.87999725341797,1771700.0
2016-09-27,116.95999908447266,117.2699966430664,116.86000061035156,117.20999908447266,2338500.0
2016-09-28,117.18000030517578,117.33999633789062,116.94999694824219,117.33000183105469,2134600.0
2016-09-29,117.47000122070312,117.54000091552734,116.86000061035156,116.86000061035156,2133100.0
2016-09-30,117.11000061035156,117.44000244140625,117.05000305175781,117.20999908447266,1942900.0
2016-10-03,116.94000244140625,117.05999755859375,116.69999694824219,116.94000244140625,2778600.0
2016-10-04,117.19000244140625,117.19000244140625,116.31999969482422,116.43000030517578,3174200.0
2016-10-05,116.4800033569336,116.69000244140625,116.27999877929688,116.45999908447266,1380400.0
2016-10-06,116.45999908447266,116.45999908447266,116.06999969482422,116.27999877929688,1722100.0
2016-10-07,116.1500015258789,116.37000274658203,115.88999938964844,116.3499984741211,1368300.0
2016-10-10,116.3499984741211,116.80000305175781,116.1500015258789,116.77999877929688,816800.0
2016-10-11,116.11000061035156,116.11000061035156,115.61000061035156,115.8499984741211,2282500.0
2016-10-12,115.68000030517578,115.87000274658203,115.37999725341797,115.8499984741211,1599000.0
2016-10-13,115.69000244140625,116.18000030517578,115.5999984741211,116.12000274658203,2624300.0
2016-10-14,116.2300033569336,116.2300033569336,115.4800033569336,115.54000091552734,1840500.0
2016-10-17,115.19000244140625,115.5999984741211,115.19000244140625,115.56999969482422,2873600.0
2016-10-18,115.47000122070312,115.7699966430664,115.4000015258789,115.75,2285000.0
2016-10-19,115.55999755859375,116.04000091552734,115.55999755859375,115.9000015258789,1739900.0
2016-10-20,116.26000213623047,116.33000183105469,115.9800033569336,116.0,1199800.0
2016-10-21,116.12999725341797,116.5199966430664,116.08999633789062,116.4800033569336,1019500.0
2016-10-24,116.43000030517578,116.58999633789062,116.30999755859375,116.47000122070312,1501300.0
2016-10-25,116.4000015258789,116.52999877929688,116.33000183105469,116.5199966430664,2936800.0
2016-10-26,116.11000061035156,116.1500015258789,115.73999786376953,115.83999633789062,947000.0
2016-10-27,115.61000061035156,115.61000061035156,114.69000244140625,114.8499984741211,3326400.0
2016-10-28,114.9800033569336,115.12999725341797,114.55000305175781,114.56999969482422,1758700.0
2016-10-31,114.86000061035156,115.18000030517578,114.68000030517578,114.69000244140625,1562500.0
2016-11-01,114.5,114.5,113.97000122070312,114.12000274658203,2315400.0
2016-11-02,114.0999984741211,114.19000244140625,113.91999816894531,114.0,1960900.0
2016-11-03,114.26000213623047,114.41999816894531,114.13999938964844,114.30000305175781,1557700.0
2016-11-04,114.2300033569336,114.4000015258789,114.0,114.0199966430664,1945200.0
2016-11-07,114.76000213623047,114.94999694824219,114.61000061035156,114.94000244140625,2077200.0
2016-11-08,115.0999984741211,115.29000091552734,114.97000122070312,115.23999786376953,2773600.0
2016-11-09,113.76000213623047,113.97000122070312,113.33999633789062,113.52999877929688,5961900.0
2016-11-10,112.5199966430664,112.5199966430664,109.0999984741211,109.33999633789062,12674300.0
2016-11-11,109.16000366210938,110.1500015258789,108.5999984741211,108.70999908447266,4638800.0
2016-11-14,107.91000366210938,108.58000183105469,107.73999786376953,108.16000366210938,5219100.0
2016-11-15,110.0999984741211,110.1500015258789,109.5999984741211,110.0199966430664,4015300.0
2016-11-16,109.62000274658203,110.04000091552734,109.62000274658203,109.94999694824219,1974600.0
2016-11-17,110.1500015258789,110.33999633789062,109.70999908447266,109.72000122070312,1671900.0
2016-11-18,109.72000122070312,109.91999816894531,109.08000183105469,109.0999984741211,2975600.0
2016-11-21,109.7300033569336,109.97000122070312,109.5,109.58000183105469,2473200.0
2016-11-22,109.83000183105469,110.05999755859375,109.7300033569336,110.05999755859375,1205500.0
2016-11-23,109.41999816894531,109.51000213623047,109.02999877929688,109.23999786376953,2676500.0
2016-11-25,109.68000030517578,109.68000030517578,109.29000091552734,109.30999755859375,742800.0
2016-11-28,109.73999786376953,109.87000274658203,109.55999755859375,109.69000244140625,1923400.0
2016-11-29,109.43000030517578,109.7300033569336,109.43000030517578,109.58000183105469,1733600.0
2016-11-30,109.38999938964844,109.54000091552734,109.16999816894531,109.30999755859375,7179400.0
2016-12-01,108.5,108.55000305175781,107.9800033569336,108.26000213623047,7691900.0
2016-12-02,108.19999694824219,108.76000213623047,108.19999694824219,108.33000183105469,2809400.0
2016-12-05,108.52999877929688,108.97000122070312,108.52999877929688,108.79000091552734,3110900.0
2016-12-06,109.19000244140625,109.56999969482422,109.1500015258789,109.31999969482422,2678100.0
2016-12-07,109.97000122070312,110.33000183105469,109.7699966430664,109.95999908447266,2872000.0
2016-12-08,109.81999969482422,110.08999633789062,109.69999694824219,109.88999938964844,3290400.0
2016-12-09,110.16000366210938,110.16000366210938,109.41999816894531,109.43000030517578,2115800.0
2016-12-12,109.83000183105469,109.83000183105469,109.5199966430664,109.70999908447266,1565100.0
2016-12-13,109.87000274658203,110.11000061035156,109.79000091552734,110.05000305175781,1972800.0
2016-12-14,110.2300033569336,110.48999786376953,108.9800033569336,109.08999633789062,3543700.0
2016-12-15,108.9800033569336,109.19999694824219,108.66000366210938,108.88999938964844,3649500.0
2016-12-16,109.22000122070312,109.55000305175781,109.0,109.11000061035156,1879000.0
2016-12-19,109.3499984741211,109.87000274658203,109.2699966430664,109.5999984741211,2697200.0
2016-12-20,109.72000122070312,109.91000366210938,109.52999877929688,109.79000091552734,1981600.0
2016-12-21,109.87999725341797,110.2699966430664,109.8499984741211,110.1500015258789,1650500.0
2016-12-22,110.05000305175781,110.0999984741211,109.66999816894531,109.91999816894531,1673300.0
2016-12-23,109.9800033569336,110.08999633789062,109.93000030517578,110.08999633789062,519400.0
2016-12-27,109.94000244140625,109.98999786376953,109.83000183105469,109.98999786376953,554600.0
2016-12-28,110.0,110.20999908447266,110.0,110.13999938964844,645900.0
2016-12-29,110.38999938964844,110.44999694824219,110.30999755859375,110.4000015258789,550200.0
2016-12-30,110.36000061035156,110.48999786376953,110.22000122070312,110.22000122070312,645600.0
2017-01-03,110.52999877929688,110.77999877929688,110.43000030517578,110.5999984741211,2818100.0
2017-01-04,111.12000274658203,111.33999633789062,111.11000061035156,111.29000091552734,1975600.0
2017-01-05,111.79000091552734,112.16000366210938,111.45999908447266,112.1500015258789,3175800.0
2017-01-06,112.1500015258789,112.1500015258789,111.7300033569336,112.08999633789062,1433300.0
2017-01-09,111.97000122070312,111.98999786376953,111.79000091552734,111.95999908447266,2148100.0
2017-01-10,112.06999969482422,112.11000061035156,111.72000122070312,111.77999877929688,1443800.0
2017-01-11,111.93000030517578,111.94000244140625,111.3499984741211,111.88999938964844,2419800.0
2017-01-12,112.36000061035156,112.37000274658203,112.0,112.11000061035156,2753100.0
2017-01-13,112.37000274658203,112.47000122070312,112.02999877929688,112.16000366210938,3549900.0
2017-01-17,112.88999938964844,112.91999816894531,112.5199966430664,112.62000274658203,2269900.0
2017-01-18,112.66999816894531,112.66999816894531,111.7300033569336,111.83000183105469,3014300.0
2017-01-19,111.8499984741211,111.88999938964844,111.43000030517578,111.55999755859375,2110800.0
2017-01-20,111.44999694824219,111.7300033569336,111.30000305175781,111.69999694824219,1487100.0
2017-01-23,111.7300033569336,112.30000305175781,111.69000244140625,112.2300033569336,2536600.0
2017-01-24,112.12999725341797,112.19999694824219,111.8499984741211,111.86000061035156,1188600.0
2017-01-25,111.81999969482422,111.81999969482422,111.5199966430664,111.7300033569336,2217600.0
2017-01-26,111.72000122070312,112.31999969482422,111.36000061035156,111.63999938964844,1642400.0
2017-01-27,111.83000183105469,112.05000305175781,111.7699966430664,111.97000122070312,1900000.0
2017-01-30,111.95999908447266,112.0,111.72000122070312,111.72000122070312,2616700.0
2017-01-31,111.87000274658203,112.12999725341797,111.7300033569336,112.12999725341797,3715100.0
2017-02-01,111.62999725341797,111.8499984741211,111.30999755859375,111.70999908447266,1830400.0
2017-02-02,112.33000183105469,112.36000061035156,112.0199966430664,112.04000091552734,3683600.0
2017-02-03,112.33999633789062,112.77999877929688,112.22000122070312,112.69000244140625,5082600.0
2017-02-06,112.7699966430664,113.41000366210938,112.58000183105469,112.69000244140625,1677300.0
2017-02-07,112.69000244140625,112.7699966430664,112.11000061035156,112.55000305175781,2529500.0
2017-02-08,112.55000305175781,113.12999725341797,112.55000305175781,112.98999786376953,2622200.0
2017-02-09,112.98999786376953,113.02999877929688,112.76000213623047,112.83999633789062,1482500.0
2017-02-10,112.7300033569336,113.05000305175781,112.7300033569336,113.01000213623047,1131900.0
2017-02-13,112.9800033569336,113.19999694824219,112.9800033569336,113.12999725341797,1544100.0
2017-02-14,113.33000183105469,113.47000122070312,112.83000183105469,113.01000213623047,3047100.0
2017-02-15,112.54000091552734,113.05000305175781,112.43000030517578,112.9800033569336,3054300.0
2017-02-16,112.94000244140625,113.04000091552734,112.83999633789062,112.91999816894531,2772000.0
2017-02-17,112.79000091552734,112.98999786376953,112.7300033569336,112.94999694824219,1661100.0
2017-02-21,112.93000030517578,113.16000366210938,112.81999969482422,113.12000274658203,1661400.0
2017-02-22,113.3499984741211,113.45999908447266,113.0999984741211,113.27999877929688,2431600.0
2017-02-23,113.51000213623047,113.66000366210938,113.4800033569336,113.61000061035156,2271100.0
2017-02-24,113.69999694824219,113.86000061035156,113.58000183105469,113.83000183105469,2952600.0
2017-02-27,113.9000015258789,113.93000030517578,113.5199966430664,113.55999755859375,1941900.0
2017-02-28,113.69999694824219,113.86000061035156,113.5199966430664,113.55999755859375,1596500.0
2017-03-01,113.01000213623047,113.19000244140625,112.88999938964844,113.16000366210938,2632900.0
2017-03-02,113.0,113.0,112.58000183105469,112.62999725341797,2339300.0
2017-03-03,112.87000274658203,113.19000244140625,112.75,113.1500015258789,2121000.0
2017-03-06,113.1500015258789,113.2300033569336,112.91999816894531,113.11000061035156,1129200.0
2017-03-07,113.19000244140625,113.30999755859375,112.93000030517578,113.02999877929688,1074800.0
2017-03-08,112.51000213623047,112.55000305175781,112.12000274658203,112.1500015258789,2115400.0
2017-03-09,111.55000305175781,111.7300033569336,111.4000015258789,111.44999694824219,4940400.0
2017-03-10,111.98999786376953,112.0999984741211,111.70999908447266,111.91999816894531,2324600.0
2017-03-13,112.0999984741211,112.19999694824219,111.6500015258789,111.73999786376953,1672700.0
2017-03-14,111.62000274658203,111.6500015258789,111.31999969482422,111.4000015258789,1965900.0
2017-03-15,111.44999694824219,112.9800033569336,111.44999694824219,112.91999816894531,2631200.0
2017-03-16,112.9000015258789,112.9000015258789,112.56999969482422,112.58000183105469,2371400.0
2017-03-17,112.83999633789062,113.08999633789062,112.81999969482422,113.04000091552734,2351800.0
2017-03-20,113.2699966430664,113.29000091552734,113.04000091552734,113.27999877929688,1591800.0
2017-03-21,113.30999755859375,113.45999908447266,113.27999877929688,113.29000091552734,2333100.0
2017-03-22,113.38999938964844,113.44999694824219,113.02999877929688,113.4000015258789,3487300.0
2017-03-23,113.52999877929688,113.66999816894531,113.47000122070312,113.56999969482422,2970600.0
2017-03-24,113.62999725341797,113.87000274658203,113.58999633789062,113.73999786376953,2324700.0
2017-03-27,113.73999786376953,113.9000015258789,113.66000366210938,113.7300033569336,2234300.0
2017-03-28,114.08000183105469,114.08000183105469,113.6500015258789,113.69000244140625,1393200.0
2017-03-29,113.5999984741211,114.08000183105469,113.5999984741211,114.05999755859375,2221500.0
2017-03-30,114.05999755859375,114.0999984741211,113.7699966430664,113.86000061035156,1982200.0
2017-03-31,113.69000244140625,113.80000305175781,113.55999755859375,113.69999694824219,2005300.0
2017-04-03,113.5,113.62000274658203,113.29000091552734,113.56999969482422,3490100.0
2017-04-04,113.44999694824219,113.47000122070312,113.2699966430664,113.36000061035156,1971500.0
2017-04-05,113.4800033569336,113.83999633789062,113.43000030517578,113.77999877929688,1673300.0
2017-04-06,113.69999694824219,113.83000183105469,113.63999938964844,113.72000122070312,1428400.0
2017-04-07,113.72000122070312,113.87000274658203,113.58000183105469,113.6500015258789,1374400.0
2017-04-10,114.02999877929688,114.02999877929688,113.58999633789062,113.63999938964844,1210600.0
2017-04-11,113.76000213623047,113.9000015258789,113.61000061035156,113.83000183105469,1444600.0
2017-04-12,113.94000244140625,114.2300033569336,113.86000061035156,114.16000366210938,2048200.0
2017-04-13,114.30000305175781,114.33999633789062,114.08000183105469,114.11000061035156,2477500.0
2017-04-17,114.2300033569336,114.43000030517578,114.20999908447266,114.29000091552734,1765600.0
2017-04-18,114.36000061035156,114.55000305175781,114.31999969482422,114.5,1632800.0
2017-04-19,114.58000183105469,114.61000061035156,114.13999938964844,114.16999816894531,3407400.0
2017-04-20,114.41000366210938,114.47000122070312,114.22000122070312,114.25,1225200.0
2017-04-21,114.5,114.61000061035156,114.44999694824219,114.54000091552734,1232100.0
2017-04-24,114.58999633789062,114.9000015258789,114.58999633789062,114.88999938964844,2649900.0
2017-04-25,114.68000030517578,114.81999969482422,114.51000213623047,114.5999984741211,1446500.0
2017-04-26,114.5199966430664,114.7300033569336,114.4800033569336,114.58000183105469,1123400.0
2017-04-27,114.56999969482422,114.8499984741211,114.52999877929688,114.83999633789062,1377500.0
2017-04-28,114.9000015258789,115.19999694824219,114.81999969482422,115.19999694824219,1998600.0
2017-05-01,114.62000274658203,114.80999755859375,114.4800033569336,114.5999984741211,1754300.0
2017-05-02,114.7300033569336,115.01000213623047,114.5999984741211,115.01000213623047,2119500.0
2017-05-03,115.11000061035156,115.13999938964844,114.81999969482422,114.87000274658203,1898600.0
2017-05-04,114.61000061035156,114.6500015258789,114.25,114.3499984741211,1877900.0
2017-05-05,114.30000305175781,114.54000091552734,114.18000030517578,114.47000122070312,2612800.0
2017-05-08,114.36000061035156,114.5,114.12000274658203,114.16000366210938,2107400.0
2017-05-09,114.2300033569336,114.43000030517578,113.94999694824219,114.05000305175781,2216200.0
2017-05-10,114.27999877929688,114.43000030517578,114.20999908447266,114.37999725341797,2248200.0
2017-05-11,114.44999694824219,114.62000274658203,114.37000274658203,114.56999969482422,1078500.0
2017-05-12,114.73999786376953,114.9800033569336,114.7300033569336,114.97000122070312,2239600.0
2017-05-15,115.05999755859375,115.0999984741211,114.93000030517578,115.05999755859375,2757200.0
2017-05-16,115.0999984741211,115.19999694824219,115.0,115.08000183105469,1947300.0
2017-05-17,114.9800033569336,115.11000061035156,114.87000274658203,115.06999969482422,3192900.0
2017-05-18,114.27999877929688,114.63999938964844,114.04000091552734,114.4800033569336,2981200.0
2017-05-19,114.77999877929688,115.0,114.75,114.91999816894531,2241000.0
2017-05-22,114.91000366210938,115.05000305175781,114.87000274658203,114.87000274658203,1351200.0
2017-05-23,114.87999725341797,114.98999786376953,114.79000091552734,114.94000244140625,1353400.0
2017-05-24,115.2300033569336,115.4800033569336,115.05000305175781,115.37999725341797,1951100.0
2017-05-25,115.37999725341797,115.41999816894531,115.19999694824219,115.29000091552734,2585300.0
2017-05-26,115.41999816894531,115.48999786376953,115.37000274658203,115.48999786376953,614200.0
2017-05-30,115.68000030517578,115.68000030517578,115.43000030517578,115.55000305175781,1053500.0
2017-05-31,115.5199966430664,115.73999786376953,115.38999938964844,115.62999725341797,2408900.0
2017-06-01,115.31999969482422,116.0199966430664,115.04000091552734,115.37999725341797,7100900.0
2017-06-02,115.55000305175781,116.0199966430664,115.44000244140625,116.01000213623047,4552000.0
2017-06-05,115.88999938964844,115.88999938964844,115.66999816894531,115.80999755859375,2083300.0
2017-06-06,115.94999694824219,116.05999755859375,115.91999816894531,116.05000305175781,2215700.0
2017-06-07,116.26000213623047,116.30000305175781,115.80000305175781,115.94999694824219,3462200.0
2017-06-08,115.80999755859375,115.80999755859375,115.48999786376953,115.77999877929688,2416300.0
2017-06-09,115.9000015258789,115.9000015258789,115.48999786376953,115.52999877929688,4241300.0
2017-06-12,115.69000244140625,116.08000183105469,115.5,115.5199966430664,3099900.0
2017-06-13,115.62999725341797,115.69999694824219,115.52999877929688,115.69999694824219,914900.0
2017-06-14,116.06999969482422,116.3499984741211,115.83999633789062,115.94999694824219,3760600.0
2017-06-15,115.94000244140625,115.94000244140625,115.56999969482422,115.58000183105469,1868700.0
2017-06-16,115.66000366210938,115.79000091552734,115.48999786376953,115.56999969482422,1139400.0
2017-06-19,115.54000091552734,115.77999877929688,115.23999786376953,115.44999694824219,1569000.0
2017-06-20,115.16999816894531,115.23999786376953,114.81999969482422,114.91000366210938,2963400.0
2017-06-21,115.11000061035156,115.11000061035156,114.54000091552734,114.66999816894531,2164100.0
2017-06-22,114.79000091552734,115.06999969482422,114.75,114.91999816894531,2058900.0
2017-06-23,115.26000213623047,115.31999969482422,115.12000274658203,115.30000305175781,2985100.0
2017-06-26,115.38999938964844,115.58000183105469,115.38999938964844,115.51000213623047,2732700.0
2017-06-27,115.45999908447266,115.47000122070312,114.91000366210938,114.91000366210938,2162400.0
2017-06-28,115.12999725341797,115.12999725341797,114.79000091552734,115.04000091552734,4264600.0
2017-06-29,114.80999755859375,114.80999755859375,114.45999908447266,114.5,5172600.0
2017-06-30,114.62000274658203,114.66000366210938,114.33999633789062,114.36000061035156,4519800.0
2017-07-03,113.95999908447266,114.08000183105469,113.44000244140625,113.55000305175781,6778100.0
2017-07-05,113.41999816894531,113.62999725341797,113.4000015258789,113.44999694824219,6692500.0
2017-07-06,112.95999908447266,113.12000274658203,112.80000305175781,112.83000183105469,5186700.0
2017-07-07,112.68000030517578,113.05000305175781,112.5999984741211,112.9000015258789,2760000.0
2017-07-10,113.33999633789062,113.58000183105469,113.33000183105469,113.4000015258789,2521600.0
2017-07-11,113.56999969482422,113.5999984741211,113.3499984741211,113.51000213623047,1543100.0
2017-07-12,114.19999694824219,114.52999877929688,114.05999755859375,114.18000030517578,1957700.0
2017-07-13,114.30000305175781,114.37000274658203,114.04000091552734,114.19000244140625,1629700.0
2017-07-14,114.58000183105469,114.66999816894531,114.43000030517578,114.4800033569336,2062800.0
2017-07-17,114.51000213623047,114.5999984741211,114.38999938964844,114.5199966430664,1854100.0
2017-07-18,114.73999786376953,114.9000015258789,114.5999984741211,114.8499984741211,3067400.0
2017-07-19,115.05000305175781,115.05000305175781,114.88999938964844,114.9800033569336,1688400.0
2017-07-20,115.20999908447266,115.30000305175781,115.01000213623047,115.0199966430664,1285900.0
2017-07-21,115.2699966430664,115.41000366210938,115.16999816894531,115.29000091552734,1105900.0
2017-07-24,115.25,115.27999877929688,114.91999816894531,115.05999755859375,1192000.0
2017-07-25,114.8499984741211,114.8499984741211,114.6500015258789,114.72000122070312,1255400.0
2017-07-26,114.94999694824219,115.37999725341797,114.88999938964844,115.33999633789062,1598400.0
2017-07-27,115.37999725341797,115.38999938964844,114.98999786376953,115.16999816894531,1760300.0
2017-07-28,115.12999725341797,115.20999908447266,115.0,115.16999816894531,1821200.0
2017-07-31,115.25,115.27999877929688,115.0999984741211,115.26000213623047,967000.0
2017-08-01,114.8499984741211,115.06999969482422,114.77999877929688,114.94000244140625,1365000.0
2017-08-02,114.83000183105469,115.12000274658203,114.80000305175781,115.0999984741211,2062900.0
2017-08-03,115.02999877929688,115.51000213623047,115.02999877929688,115.5,926900.0
2017-08-04,115.3499984741211,115.36000061035156,115.08000183105469,115.2300033569336,1184900.0
2017-08-07,115.1500015258789,115.5,115.1500015258789,115.44000244140625,1293000.0
2017-08-08,115.33999633789062,115.55999755859375,115.19999694824219,115.19999694824219,1029100.0
2017-08-09,115.19999694824219,115.30000305175781,115.1500015258789,115.23999786376953,1040000.0
2017-08-10,115.0999984741211,115.11000061035156,114.7300033569336,114.76000213623047,1487200.0
2017-08-11,114.83999633789062,115.05000305175781,114.79000091552734,114.97000122070312,935500.0
2017-08-14,115.27999877929688,115.58000183105469,114.97000122070312,115.2300033569336,1168400.0
2017-08-15,115.26000213623047,115.33999633789062,115.08000183105469,115.26000213623047,1926500.0
2017-08-16,115.4000015258789,115.47000122070312,115.30999755859375,115.36000061035156,1787200.0
2017-08-17,115.45999908447266,115.52999877929688,115.20999908447266,115.26000213623047,790800.0
2017-08-18,115.45999908447266,115.69000244140625,115.41000366210938,115.55000305175781,974500.0
2017-08-21,115.6500015258789,115.7300033569336,115.55999755859375,115.66000366210938,3495100.0
2017-08-22,115.80999755859375,115.8499984741211,115.66000366210938,115.69999694824219,800200.0
2017-08-23,115.72000122070312,115.95999908447266,115.56999969482422,115.94999694824219,723500.0
2017-08-24,116.04000091552734,116.0999984741211,115.87000274658203,116.06999969482422,1635200.0
2017-08-25,116.22000122070312,116.4000015258789,116.18000030517578,116.37999725341797,982200.0
2017-08-28,116.2699966430664,116.41999816894531,116.08999633789062,116.19999694824219,2025900.0
2017-08-29,116.30999755859375,116.37000274658203,116.18000030517578,116.2699966430664,1404900.0
2017-08-30,116.38999938964844,116.66999816894531,116.38999938964844,116.6500015258789,923000.0
2017-08-31,116.9000015258789,117.2699966430664,116.80000305175781,117.08999633789062,1918800.0
2017-09-01,116.58000183105469,116.66999816894531,116.37999725341797,116.52999877929688,1325800.0
2017-09-05,116.70999908447266,117.02999877929688,116.6500015258789,116.91999816894531,1803300.0
2017-09-06,117.04000091552734,117.04000091552734,116.69999694824219,116.69999694824219,2192000.0
2017-09-07,117.0,117.25,116.9000015258789,117.1500015258789,1851500.0
2017-09-08,117.45999908447266,117.45999908447266,117.12000274658203,117.26000213623047,677900.0
2017-09-11,117.30000305175781,117.30000305175781,117.02999877929688,117.05999755859375,1789800.0
2017-09-12,116.83999633789062,116.94000244140625,116.77999877929688,116.81999969482422,1215900.0
2017-09-13,116.87999725341797,116.93000030517578,116.7699966430664,116.81999969482422,881300.0
2017-09-14,116.79000091552734,116.93000030517578,116.7300033569336,116.9000015258789,814300.0
2017-09-15,117.02999877929688,117.08000183105469,116.93000030517578,117.05999755859375,959500.0
2017-09-18,117.02999877929688,117.04000091552734,116.79000091552734,116.83000183105469,2226200.0
2017-09-19,116.63999938964844,117.04000091552734,116.56999969482422,116.66000366210938,1706700.0
2017-09-20,116.52999877929688,116.5999984741211,115.7300033569336,115.91000366210938,3079900.0
2017-09-21,116.06999969482422,116.2699966430664,116.01000213623047,116.23999786376953,2297000.0
2017-09-22,116.45999908447266,116.4800033569336,116.31999969482422,116.44000244140625,2095100.0
2017-09-25,116.41000366210938,116.44999694824219,116.0999984741211,116.33000183105469,2725800.0
2017-09-26,116.37000274658203,116.47000122070312,116.19999694824219,116.29000091552734,1232600.0
2017-09-27,115.9800033569336,115.9800033569336,115.69999694824219,115.80000305175781,2150600.0
2017-09-28,115.69999694824219,116.12000274658203,115.6500015258789,116.04000091552734,2359400.0
2017-09-29,116.25,116.51000213623047,116.12000274658203,116.41999816894531,2763000.0
2017-10-02,115.73999786376953,116.04000091552734,115.70999908447266,115.86000061035156,2066100.0
2017-10-03,115.91999816894531,115.9800033569336,115.80999755859375,115.83000183105469,2161300.0
2017-10-04,116.11000061035156,116.11000061035156,115.80999755859375,115.91999816894531,1801000.0
2017-10-05,116.04000091552734,116.0999984741211,115.9000015258789,115.9800033569336,1230600.0
2017-10-06,115.73999786376953,115.86000061035156,115.56999969482422,115.69000244140625,1313700.0
2017-10-09,115.70999908447266,115.70999908447266,115.47000122070312,115.52999877929688,1337900.0
2017-10-10,115.5999984741211,115.94000244140625,115.58999633789062,115.73999786376953,1717300.0
2017-10-11,115.80000305175781,115.94000244140625,115.77999877929688,115.87000274658203,2132900.0
2017-10-12,116.01000213623047,116.13999938964844,115.94000244140625,116.08999633789062,1418700.0
2017-10-13,116.31999969482422,116.45999908447266,116.2699966430664,116.41999816894531,1276000.0
2017-10-16,116.05999755859375,116.33999633789062,116.05999755859375,116.20999908447266,1054900.0
2017-10-17,116.27999877929688,116.3499984741211,116.12000274658203,116.2699966430664,1149100.0
2017-10-18,116.30000305175781,116.3499984741211,116.19000244140625,116.29000091552734,1813600.0
2017-10-19,116.44999694824219,116.56999969482422,116.2300033569336,116.41999816894531,1315300.0
2017-10-20,116.2699966430664,116.2699966430664,115.98999786376953,116.04000091552734,940300.0
2017-10-23,116.0999984741211,116.16000366210938,115.93000030517578,115.94000244140625,2075000.0
2017-10-24,115.80000305175781,115.94999694824219,115.76000213623047,115.79000091552734,1683400.0
2017-10-25,115.5199966430664,115.62999725341797,115.37999725341797,115.58999633789062,2402700.0
2017-10-26,115.62000274658203,115.62000274658203,115.2300033569336,115.25,3818800.0
2017-10-27,115.41999816894531,115.86000061035156,115.27999877929688,115.80000305175781,2868200.0
2017-10-30,115.97000122070312,116.22000122070312,115.95999908447266,116.13999938964844,2215200.0
2017-10-31,116.20999908447266,116.44000244140625,116.12999725341797,116.25,1250200.0
2017-11-01,115.83999633789062,115.97000122070312,115.69999694824219,115.83000183105469,2356000.0
2017-11-02,115.95999908447266,116.16999816894531,115.80999755859375,116.1500015258789,4631000.0
2017-11-03,115.5,115.69000244140625,115.3499984741211,115.41999816894531,2022400.0
2017-11-06,115.20999908447266,115.2699966430664,115.13999938964844,115.26000213623047,2305300.0
2017-11-07,115.0199966430664,115.1500015258789,114.62000274658203,114.6500015258789,1668200.0
2017-11-08,114.6500015258789,114.80999755859375,114.51000213623047,114.5999984741211,2401700.0
2017-11-09,114.44999694824219,114.5199966430664,114.29000091552734,114.36000061035156,2011900.0
2017-11-10,114.36000061035156,114.47000122070312,114.18000030517578,114.44999694824219,1948800.0
2017-11-13,114.5,114.69000244140625,114.5,114.58000183105469,1841800.0
2017-11-14,114.41000366210938,114.56999969482422,114.31999969482422,114.48999786376953,1950100.0
2017-11-15,114.55000305175781,114.63999938964844,114.43000030517578,114.56999969482422,1337600.0
2017-11-16,114.86000061035156,115.16000366210938,114.79000091552734,115.02999877929688,3362800.0
2017-11-17,115.12000274658203,115.33000183105469,115.06999969482422,115.23999786376953,1191700.0
2017-11-20,115.19999694824219,115.27999877929688,115.16999816894531,115.20999908447266,829000.0
2017-11-21,115.30000305175781,115.45999908447266,115.25,115.37000274658203,1248400.0
2017-11-22,115.61000061035156,115.93000030517578,115.4800033569336,115.86000061035156,1209900.0
2017-11-24,115.87000274658203,115.9000015258789,115.77999877929688,115.81999969482422,388600.0
2017-11-27,116.0199966430664,116.02999877929688,115.80999755859375,115.87000274658203,1518900.0
2017-11-28,116.08000183105469,116.13999938964844,115.86000061035156,116.02999877929688,1864000.0
2017-11-29,115.83000183105469,115.83000183105469,115.58999633789062,115.61000061035156,1885100.0
2017-11-30,115.69000244140625,115.79000091552734,115.41000366210938,115.48999786376953,5257400.0
2017-12-01,115.3499984741211,115.58000183105469,115.19999694824219,115.41999816894531,2354900.0
2017-12-04,115.44000244140625,115.5199966430664,115.33999633789062,115.48999786376953,2186100.0
2017-12-05,115.58999633789062,115.72000122070312,115.51000213623047,115.6500015258789,1224800.0
2017-12-06,115.75,115.8499984741211,115.68000030517578,115.75,1445000.0
2017-12-07,115.6500015258789,115.6500015258789,115.4000015258789,115.51000213623047,1661400.0
2017-12-08,115.58999633789062,115.69000244140625,115.41000366210938,115.52999877929688,1246200.0
2017-12-11,115.62000274658203,115.69999694824219,115.44999694824219,115.47000122070312,1995500.0
2017-12-12,115.47000122070312,115.52999877929688,115.33999633789062,115.51000213623047,1017000.0
2017-12-13,115.61000061035156,116.1500015258789,115.55999755859375,115.83999633789062,1888400.0
2017-12-14,115.80000305175781,115.94999694824219,115.7300033569336,115.9000015258789,3148300.0
2017-12-15,116.02999877929688,116.16999816894531,115.83999633789062,116.05000305175781,1176800.0
2017-12-18,116.18000030517578,116.25,116.05000305175781,116.16999816894531,1564100.0
2017-12-19,116.05000305175781,116.0999984741211,115.81999969482422,115.91999816894531,1048400.0
2017-12-20,115.87000274658203,115.87000274658203,115.62000274658203,115.73999786376953,1947800.0
2017-12-21,115.45999908447266,115.55000305175781,115.30999755859375,115.36000061035156,1864800.0
2017-12-22,115.43000030517578,115.80000305175781,115.41000366210938,115.73999786376953,1791700.0
2017-12-26,115.73999786376953,115.87000274658203,115.68000030517578,115.80000305175781,619400.0
2017-12-27,115.87000274658203,116.01000213623047,115.68000030517578,115.91000366210938,932700.0
2017-12-28,116.01000213623047,116.01000213623047,115.83999633789062,115.94999694824219,761100.0
2017-12-29,116.04000091552734,116.22000122070312,115.87000274658203,116.0999984741211,1109500.0
2018-01-02,116.02999877929688,116.44000244140625,116.0199966430664,116.4000015258789,5965300.0
2018-01-03,116.58000183105469,116.58000183105469,116.22000122070312,116.3499984741211,3111100.0
2018-01-04,116.55000305175781,116.6500015258789,116.33000183105469,116.6500015258789,2974500.0
2018-01-05,116.81999969482422,116.86000061035156,116.56999969482422,116.72000122070312,1705400.0
2018-01-08,116.5999984741211,116.72000122070312,116.38999938964844,116.51000213623047,3412900.0
2018-01-09,116.5,116.5,116.05999755859375,116.1500015258789,2979000.0
2018-01-10,115.70999908447266,115.81999969482422,115.5999984741211,115.80999755859375,2124400.0
2018-01-11,115.8499984741211,116.0,115.80999755859375,115.95999908447266,1787900.0
2018-01-12,115.7699966430664,116.13999938964844,115.75,116.12999725341797,1651900.0
2018-01-16,116.16000366210938,116.33000183105469,116.06999969482422,116.13999938964844,3556900.0
2018-01-17,116.11000061035156,116.22000122070312,116.0199966430664,116.16999816894531,1973900.0
2018-01-18,115.94000244140625,116.02999877929688,115.83000183105469,115.9000015258789,2175000.0
2018-01-19,115.73999786376953,115.7699966430664,115.51000213623047,115.56999969482422,3803400.0
2018-01-22,115.4800033569336,115.66999816894531,115.3499984741211,115.58999633789062,2131900.0
2018-01-23,115.86000061035156,115.9000015258789,115.69000244140625,115.80999755859375,1812600.0
2018-01-24,115.62000274658203,115.66000366210938,115.41999816894531,115.63999938964844,2539300.0
2018-01-25,115.75,115.87000274658203,115.58000183105469,115.80000305175781,1937700.0
2018-01-26,115.98999786376953,116.04000091552734,115.77999877929688,116.0199966430664,2166400.0
2018-01-29,115.48999786376953,115.56999969482422,115.37000274658203,115.38999938964844,3249100.0
2018-01-30,115.37000274658203,115.37999725341797,115.16000366210938,115.19000244140625,2717200.0
2018-01-31,115.43000030517578,115.54000091552734,115.22000122070312,115.36000061035156,4581600.0
2018-02-01,115.0,115.25,114.94000244140625,115.0,4756500.0
2018-02-02,114.55999755859375,114.56999969482422,114.05999755859375,114.11000061035156,5537200.0
2018-02-05,113.9000015258789,114.41999816894531,113.22000122070312,113.45999908447266,9921100.0
2018-02-06,113.70999908447266,113.9800033569336,113.45999908447266,113.66999816894531,5534000.0
2018-02-07,114.04000091552734,114.16999816894531,113.30999755859375,113.47000122070312,6803800.0
2018-02-08,113.23999786376953,113.2699966430664,112.13999938964844,112.19000244140625,6040300.0
2018-02-09,111.94999694824219,112.1500015258789,111.41999816894531,111.86000061035156,6235200.0
2018-02-12,112.18000030517578,112.30999755859375,111.9000015258789,112.04000091552734,4462100.0
2018-02-13,112.12000274658203,112.12000274658203,111.38999938964844,111.62999725341797,4145500.0
2018-02-14,111.12000274658203,111.44000244140625,111.05999755859375,111.37999725341797,3202800.0
2018-02-15,111.63999938964844,112.19000244140625,111.62999725341797,112.11000061035156,3140100.0
2018-02-16,112.66000366210938,113.0199966430664,112.5,112.8499984741211,4307900.0
2018-02-20,112.4000015258789,112.48999786376953,112.01000213623047,112.11000061035156,2039200.0
2018-02-21,112.44000244140625,112.52999877929688,111.6500015258789,111.72000122070312,2283700.0
2018-02-22,112.12999725341797,112.33000183105469,111.80000305175781,111.83999633789062,3240300.0
2018-02-23,112.05999755859375,112.80999755859375,112.05999755859375,112.68000030517578,4685800.0
2018-02-26,112.73999786376953,113.06999969482422,112.62000274658203,112.98999786376953,3160900.0
2018-02-27,113.12000274658203,113.19000244140625,112.44000244140625,112.77999877929688,4536500.0
2018-02-28,112.69000244140625,112.91000366210938,112.5,112.54000091552734,2861200.0
2018-03-01,112.05000305175781,112.20999908447266,111.73999786376953,111.79000091552734,5754700.0
2018-03-02,111.80999755859375,112.2300033569336,111.79000091552734,112.16999816894531,3030800.0
2018-03-05,112.12000274658203,112.18000030517578,111.87000274658203,112.0,2724600.0
2018-03-06,112.31999969482422,112.44999694824219,112.02999877929688,112.16999816894531,2065100.0
2018-03-07,112.08000183105469,112.12999725341797,111.88999938964844,112.05000305175781,1728100.0
2018-03-08,112.02999877929688,112.18000030517578,111.94000244140625,112.05999755859375,1478200.0
2018-03-09,112.20999908447266,112.37000274658203,112.12999725341797,112.27999877929688,1943100.0
2018-03-12,112.26000213623047,112.30999755859375,112.12000274658203,112.26000213623047,903300.0
2018-03-13,112.23999786376953,112.26000213623047,112.04000091552734,112.08000183105469,1445100.0
2018-03-14,112.26000213623047,112.5199966430664,112.16999816894531,112.33000183105469,1885800.0
2018-03-15,112.30999755859375,112.36000061035156,112.19999694824219,112.23999786376953,1406300.0
2018-03-16,112.22000122070312,112.30999755859375,112.13999938964844,112.2300033569336,1183500.0
2018-03-19,111.87999725341797,112.19999694824219,111.69999694824219,111.76000213623047,1870400.0
2018-03-20,111.52999877929688,111.56999969482422,111.45999908447266,111.52999877929688,1503900.0
2018-03-21,111.58999633789062,112.05000305175781,111.56999969482422,111.87000274658203,2371900.0
2018-03-22,111.9000015258789,112.0,111.38999938964844,111.54000091552734,2292300.0
2018-03-23,111.45999908447266,111.68000030517578,111.01000213623047,111.08999633789062,3387900.0
2018-03-26,111.44999694824219,111.86000061035156,111.44000244140625,111.76000213623047,4068600.0
2018-03-27,112.08000183105469,112.18000030517578,111.88999938964844,111.93000030517578,2247700.0
2018-03-28,112.16999816894531,112.30000305175781,112.08000183105469,112.22000122070312,2312100.0
2018-03-29,112.55000305175781,112.91999816894531,112.54000091552734,112.81999969482422,3034000.0
2018-04-02,112.2300033569336,112.27999877929688,112.05000305175781,112.2300033569336,1588200.0
2018-04-03,112.4000015258789,112.4000015258789,112.19000244140625,112.30999755859375,2351100.0
2018-04-04,112.20999908447266,112.56999969482422,112.19999694824219,112.44000244140625,1686900.0
2018-04-05,112.54000091552734,112.66999816894531,112.36000061035156,112.4000015258789,3002300.0
2018-04-06,112.76000213623047,112.77999877929688,112.41000366210938,112.56999969482422,2940900.0
2018-04-09,112.41999816894531,112.51000213623047,112.37000274658203,112.45999908447266,1191800.0
2018-04-10,112.38999938964844,112.45999908447266,112.19999694824219,112.27999877929688,2810500.0
2018-04-11,112.1500015258789,112.38999938964844,112.12999725341797,112.31999969482422,941000.0
2018-04-12,112.4000015258789,112.4800033569336,112.26000213623047,112.31999969482422,1734000.0
2018-04-13,112.31999969482422,112.48999786376953,112.26000213623047,112.41000366210938,1175200.0
2018-04-16,112.26000213623047,112.27999877929688,112.05000305175781,112.2699966430664,1148000.0
2018-04-17,112.11000061035156,112.19999694824219,112.0199966430664,112.02999877929688,2212200.0
2018-04-18,112.13999938964844,112.25,112.02999877929688,112.02999877929688,3187500.0
2018-04-19,111.87999725341797,111.95999908447266,111.47000122070312,111.63999938964844,3141800.0
2018-04-20,111.37000274658203,111.4000015258789,111.05999755859375,111.1500015258789,3191500.0
2018-04-23,110.88999938964844,111.0,110.7300033569336,110.87999725341797,2048000.0
2018-04-24,111.06999969482422,111.16999816894531,110.5999984741211,110.70999908447266,1668900.0
2018-04-25,110.44999694824219,110.5,110.08999633789062,110.30999755859375,1929800.0
2018-04-26,110.55999755859375,110.66999816894531,110.2300033569336,110.4000015258789,2233400.0
2018-04-27,110.30000305175781,110.51000213623047,110.25,110.48999786376953,1253400.0
2018-04-30,110.48999786376953,110.55000305175781,110.08000183105469,110.13999938964844,1981400.0
2018-05-01,109.56999969482422,109.6500015258789,109.25,109.52999877929688,3342500.0
2018-05-02,109.0999984741211,109.3499984741211,108.55999755859375,108.66000366210938,3868800.0
2018-05-03,108.79000091552734,108.79000091552734,108.4800033569336,108.54000091552734,3852100.0
2018-05-04,108.18000030517578,108.70999908447266,107.66999816894531,108.62999725341797,3246100.0
2018-05-07,108.5199966430664,108.62000274658203,108.12000274658203,108.18000030517578,1837600.0
2018-05-08,107.94999694824219,108.0999984741211,106.9800033569336,107.54000091552734,4249400.0
2018-05-09,107.06999969482422,107.37999725341797,106.93000030517578,107.3499984741211,3879200.0
2018-05-10,108.77999877929688,109.23999786376953,108.5,108.70999908447266,4064400.0
2018-05-11,109.0999984741211,109.25,108.83000183105469,109.16999816894531,6017200.0
2018-05-14,109.12000274658203,109.22000122070312,108.8499984741211,108.9800033569336,4601200.0
2018-05-15,108.16999816894531,108.37000274658203,107.98999786376953,108.2300033569336,5328200.0
2018-05-16,108.36000061035156,108.56999969482422,108.2699966430664,108.45999908447266,3515600.0
2018-05-17,108.19999694824219,108.4800033569336,107.9000015258789,108.02999877929688,4195100.0
2018-05-18,107.77999877929688,107.98999786376953,107.66999816894531,107.91000366210938,4913800.0
2018-05-21,107.66000366210938,108.0199966430664,107.63999938964844,107.93000030517578,3281500.0
2018-05-22,108.33000183105469,108.5199966430664,108.05000305175781,108.3499984741211,2728600.0
2018-05-23,108.37999725341797,109.0999984741211,108.36000061035156,109.0199966430664,3099800.0
2018-05-24,109.27999877929688,109.44000244140625,109.08999633789062,109.3499984741211,2598900.0
2018-05-25,109.51000213623047,109.69999694824219,109.51000213623047,109.62000274658203,1687600.0
2018-05-29,109.51000213623047,109.55999755859375,109.13999938964844,109.31999969482422,3106400.0
2018-05-30,109.27999877929688,109.37000274658203,109.18000030517578,109.29000091552734,2712800.0
2018-05-31,109.0999984741211,109.13999938964844,108.52999877929688,108.83999633789062,3376800.0
2018-06-01,107.73999786376953,108.05000305175781,107.58000183105469,108.0,2781800.0
2018-06-04,108.11000061035156,108.26000213623047,107.93000030517578,107.95999908447266,2164800.0
2018-06-05,108.19000244140625,108.31999969482422,108.06999969482422,108.12999725341797,1735800.0
2018-06-06,107.97000122070312,108.0199966430664,107.72000122070312,107.88999938964844,2139000.0
2018-06-07,107.93000030517578,107.9800033569336,107.37999725341797,107.58999633789062,6189900.0
2018-06-08,107.63999938964844,107.7699966430664,107.3499984741211,107.69000244140625,3288000.0
2018-06-11,107.5,107.55999755859375,107.44999694824219,107.4800033569336,3210300.0
2018-06-12,107.01000213623047,107.1500015258789,106.9000015258789,107.02999877929688,2269100.0
2018-06-13,106.80000305175781,106.95999908447266,106.4000015258789,106.69000244140625,3705400.0
2018-06-14,107.31999969482422,107.55000305175781,106.47000122070312,106.55999755859375,4462400.0
2018-06-15,106.86000061035156,106.9800033569336,106.58999633789062,106.77999877929688,6638500.0
2018-06-18,106.44000244140625,106.44000244140625,106.08000183105469,106.20999908447266,4085100.0
2018-06-19,105.2699966430664,106.2300033569336,105.16999816894531,106.18000030517578,7584900.0
2018-06-20,106.73999786376953,106.83000183105469,106.31999969482422,106.41000366210938,7578500.0
2018-06-21,106.52999877929688,106.81999969482422,106.44000244140625,106.80000305175781,3220000.0
2018-06-22,107.33999633789062,107.63999938964844,107.08999633789062,107.4000015258789,4179500.0
2018-06-25,107.11000061035156,107.27999877929688,106.77999877929688,106.91000366210938,1713300.0
2018-06-26,106.76000213623047,106.8499984741211,106.54000091552734,106.76000213623047,1788500.0
2018-06-27,106.8499984741211,106.8499984741211,106.54000091552734,106.55000305175781,2130400.0
2018-06-28,106.54000091552734,106.81999969482422,106.4000015258789,106.76000213623047,2552100.0
2018-06-29,107.0999984741211,107.19999694824219,106.7300033569336,106.7699966430664,3386800.0
2018-07-02,106.08999633789062,106.37999725341797,105.93000030517578,106.31999969482422,3663300.0
2018-07-03,106.5999984741211,106.86000061035156,106.41000366210938,106.66000366210938,2367700.0
2018-07-05,107.2699966430664,107.44999694824219,106.91999816894531,107.33999633789062,3749900.0
2018-07-06,107.80000305175781,108.38999938964844,107.47000122070312,108.26000213623047,3272000.0
2018-07-09,108.75,108.83999633789062,108.45999908447266,108.55999755859375,2391900.0
2018-07-10,108.45999908447266,108.8499984741211,108.38999938964844,108.75,3235400.0
2018-07-11,108.5,108.5,108.19999694824219,108.30000305175781,3601600.0
2018-07-12,108.43000030517578,108.5199966430664,108.2699966430664,108.51000213623047,2685700.0
2018-07-13,108.9000015258789,109.0999984741211,108.79000091552734,109.06999969482422,1832600.0
2018-07-16,109.02999877929688,109.29000091552734,108.63999938964844,108.79000091552734,2292000.0
2018-07-17,108.48999786376953,108.80999755859375,108.45999908447266,108.77999877929688,3356400.0
2018-07-18,108.69000244140625,108.94000244140625,108.58000183105469,108.68000030517578,3866300.0
2018-07-19,108.5,108.77999877929688,108.47000122070312,108.66000366210938,1749900.0
2018-07-20,108.98999786376953,108.98999786376953,108.44999694824219,108.55999755859375,2781200.0
2018-07-23,108.58000183105469,108.75,108.33000183105469,108.41999816894531,1150700.0
2018-07-24,108.43000030517578,108.47000122070312,108.29000091552734,108.31999969482422,1640500.0
2018-07-25,108.7300033569336,109.29000091552734,108.58999633789062,109.29000091552734,2868300.0
2018-07-26,109.44999694824219,109.6500015258789,109.30999755859375,109.37999725341797,1714900.0
2018-07-27,109.6500015258789,109.7699966430664,109.54000091552734,109.56999969482422,2253100.0
2018-07-30,109.5199966430664,109.55000305175781,109.20999908447266,109.26000213623047,2849800.0
2018-07-31,109.11000061035156,109.33000183105469,109.0199966430664,109.05999755859375,2014800.0
2018-08-01,108.47000122070312,108.4800033569336,108.05999755859375,108.16000366210938,2994300.0
2018-08-02,107.80000305175781,108.16000366210938,107.58999633789062,108.06999969482422,1924300.0
2018-08-03,108.26000213623047,108.4800033569336,108.26000213623047,108.30999755859375,1402300.0
2018-08-06,108.33000183105469,108.38999938964844,108.11000061035156,108.12999725341797,1808200.0
2018-08-07,108.16999816894531,108.26000213623047,107.97000122070312,107.97000122070312,1372500.0
2018-08-08,107.9000015258789,108.0199966430664,107.75,107.97000122070312,4281700.0
2018-08-09,107.77999877929688,107.94999694824219,107.38999938964844,107.58999633789062,3005800.0
2018-08-10,106.5999984741211,106.68000030517578,106.08000183105469,106.37000274658203,7194700.0
2018-08-13,105.30000305175781,106.0199966430664,105.2699966430664,105.9000015258789,7738100.0
2018-08-14,106.55000305175781,106.70999908447266,106.29000091552734,106.58999633789062,2450400.0
2018-08-15,106.37000274658203,106.58000183105469,106.01000213623047,106.37000274658203,2959700.0
2018-08-16,106.5199966430664,106.80000305175781,106.44000244140625,106.58999633789062,2551700.0
2018-08-17,106.58999633789062,107.08999633789062,106.52999877929688,107.0199966430664,1868800.0
2018-08-20,106.87000274658203,106.91999816894531,106.62999725341797,106.87999725341797,1842700.0
2018-08-21,106.98999786376953,107.27999877929688,106.98999786376953,107.18000030517578,2580700.0
2018-08-22,107.56999969482422,107.69999694824219,107.37000274658203,107.6500015258789,2943500.0
2018-08-23,107.47000122070312,107.58999633789062,107.08000183105469,107.12000274658203,2312100.0
2018-08-24,107.27999877929688,107.4800033569336,107.05999755859375,107.4000015258789,1954900.0
2018-08-27,107.30999755859375,107.62999725341797,107.30999755859375,107.54000091552734,1932800.0
2018-08-28,107.5199966430664,107.55000305175781,107.31999969482422,107.33999633789062,3021200.0
2018-08-29,107.12000274658203,107.37999725341797,106.8499984741211,107.0199966430664,3278800.0
2018-08-30,106.70999908447266,106.79000091552734,106.30999755859375,106.43000030517578,3149900.0
2018-08-31,106.12000274658203,106.5999984741211,106.05999755859375,106.0999984741211,3586100.0
2018-09-04,105.0,105.51000213623047,104.9800033569336,105.33999633789062,5454600.0
2018-09-05,105.11000061035156,105.58000183105469,105.0999984741211,105.41000366210938,5362700.0
2018-09-06,105.9800033569336,106.19999694824219,105.52999877929688,105.87999725341797,4234200.0
2018-09-07,105.86000061035156,105.95999908447266,105.55999755859375,105.5999984741211,3712900.0
2018-09-10,105.56999969482422,105.58999633789062,105.3499984741211,105.4000015258789,1736600.0
2018-09-11,105.19999694824219,105.30999755859375,105.06999969482422,105.19999694824219,3783800.0
2018-09-12,105.41000366210938,105.77999877929688,105.33000183105469,105.54000091552734,3019300.0
2018-09-13,106.38999938964844,106.72000122070312,106.26000213623047,106.56999969482422,5337900.0
2018-09-14,106.77999877929688,106.77999877929688,106.44999694824219,106.69000244140625,2145000.0
2018-09-17,106.4000015258789,106.55999755859375,106.23999786376953,106.36000061035156,1811300.0
2018-09-18,106.25,106.36000061035156,105.98999786376953,106.02999877929688,2801500.0
2018-09-19,106.27999877929688,106.5,106.26000213623047,106.41000366210938,1588600.0
2018-09-20,106.81999969482422,107.06999969482422,106.63999938964844,107.01000213623047,2890900.0
2018-09-21,107.08000183105469,107.33999633789062,106.97000122070312,107.23999786376953,5276900.0
2018-09-24,107.29000091552734,107.44000244140625,107.12000274658203,107.12999725341797,2862600.0
2018-09-25,107.04000091552734,107.20999908447266,106.81999969482422,107.20999908447266,3748000.0
2018-09-26,107.41999816894531,107.77999877929688,107.31999969482422,107.69999694824219,4931700.0
2018-09-27,108.05000305175781,108.11000061035156,107.87999725341797,108.08000183105469,3777000.0
2018-09-28,108.04000091552734,108.05000305175781,107.80999755859375,107.80999755859375,4038100.0
2018-10-01,107.5199966430664,107.72000122070312,107.33000183105469,107.36000061035156,3135200.0
2018-10-02,107.27999877929688,107.56999969482422,107.16999816894531,107.47000122070312,4698600.0
2018-10-03,107.61000061035156,107.69999694824219,106.86000061035156,106.91000366210938,3699100.0
2018-10-04,106.29000091552734,106.62000274658203,105.95999908447266,106.16000366210938,5843200.0
2018-10-05,105.91000366210938,106.05000305175781,105.61000061035156,105.83999633789062,10611500.0
2018-10-08,105.6500015258789,105.9000015258789,105.6500015258789,105.80999755859375,2111400.0
2018-10-09,105.5199966430664,105.88999938964844,105.44999694824219,105.8499984741211,3093500.0
2018-10-10,105.77999877929688,105.8499984741211,105.4000015258789,105.41000366210938,2744400.0
2018-10-11,105.48999786376953,105.70999908447266,105.05000305175781,105.56999969482422,3540000.0
2018-10-12,105.95999908447266,106.0199966430664,105.62000274658203,105.80999755859375,2911400.0
2018-10-15,105.7300033569336,105.97000122070312,105.7300033569336,105.83000183105469,3005000.0
2018-10-16,106.08000183105469,106.36000061035156,105.9000015258789,106.2300033569336,3367600.0
2018-10-17,106.20999908447266,106.30999755859375,105.91000366210938,105.9800033569336,3151700.0
2018-10-18,105.83999633789062,105.83999633789062,105.44999694824219,105.58000183105469,3544300.0
2018-10-19,105.6500015258789,105.69000244140625,105.38999938964844,105.45999908447266,5447900.0
2018-10-22,105.55999755859375,105.69999694824219,105.30000305175781,105.3499984741211,3031200.0
2018-10-23,105.18000030517578,105.4800033569336,105.12999725341797,105.37999725341797,2668000.0
2018-10-24,105.45999908447266,105.56999969482422,104.91000366210938,104.97000122070312,2058600.0
2018-10-25,105.12000274658203,105.58000183105469,105.12000274658203,105.30000305175781,3057200.0
2018-10-26,105.30999755859375,105.55000305175781,105.22000122070312,105.44000244140625,3098200.0
2018-10-29,105.4000015258789,105.4800033569336,104.94999694824219,104.98999786376953,3219200.0
2018-10-30,104.94000244140625,105.12000274658203,104.83999633789062,105.0999984741211,2165600.0
2018-10-31,104.9000015258789,104.95999908447266,104.58999633789062,104.66000366210938,3564500.0
2018-11-01,104.48999786376953,104.79000091552734,104.3499984741211,104.69999694824219,4560400.0
2018-11-02,104.91000366210938,104.9800033569336,104.51000213623047,104.58000183105469,3267200.0
2018-11-05,104.77999877929688,104.94999694824219,104.62999725341797,104.83000183105469,8168300.0
2018-11-06,104.94999694824219,104.9800033569336,104.6500015258789,104.69999694824219,3053500.0
2018-11-07,105.12000274658203,105.19999694824219,104.79000091552734,104.94999694824219,3426100.0
2018-11-08,104.81999969482422,104.91999816894531,104.55999755859375,104.55999755859375,3568400.0
2018-11-09,104.5199966430664,104.68000030517578,104.30000305175781,104.61000061035156,2238900.0
2018-11-12,104.44999694824219,104.45999908447266,104.19000244140625,104.2300033569336,1380200.0
2018-11-13,104.18000030517578,104.31999969482422,104.02999877929688,104.0999984741211,5848500.0
2018-11-14,104.26000213623047,104.3499984741211,104.12000274658203,104.30000305175781,1844000.0
2018-11-15,104.11000061035156,104.16000366210938,103.7699966430664,103.87000274658203,3862500.0
2018-11-16,103.19999694824219,104.11000061035156,103.19999694824219,104.02999877929688,4184000.0
2018-11-19,103.94999694824219,104.0,103.62999725341797,103.66000366210938,2509900.0
2018-11-20,102.91000366210938,103.22000122070312,102.72000122070312,102.81999969482422,5685500.0
2018-11-21,103.38999938964844,103.55000305175781,103.26000213623047,103.29000091552734,2425700.0
2018-11-23,103.1500015258789,103.16000366210938,102.91999816894531,102.93000030517578,1568500.0
2018-11-26,102.95999908447266,103.20999908447266,102.8499984741211,103.08000183105469,3981700.0
2018-11-27,102.70999908447266,103.06999969482422,102.1500015258789,102.36000061035156,4520700.0
2018-11-28,102.80000305175781,103.72000122070312,102.58999633789062,103.63999938964844,4855600.0
2018-11-29,103.80999755859375,103.91000366210938,103.4000015258789,103.45999908447266,6056000.0
2018-11-30,103.66000366210938,103.88999938964844,103.5,103.69000244140625,4020700.0
2018-12-03,104.33000183105469,104.44000244140625,103.88999938964844,103.95999908447266,5506900.0
2018-12-04,104.06999969482422,104.2300033569336,103.47000122070312,103.66000366210938,5871000.0
2018-12-06,103.62999725341797,103.9800033569336,103.44999694824219,103.97000122070312,6485300.0
2018-12-07,104.16000366210938,104.37000274658203,103.98999786376953,104.06999969482422,5342800.0
2018-12-10,104.18000030517578,104.2699966430664,103.83999633789062,104.06999969482422,3945400.0
2018-12-11,104.22000122070312,104.37000274658203,104.05000305175781,104.13999938964844,3526200.0
2018-12-12,104.48999786376953,104.66999816894531,104.2699966430664,104.33000183105469,3188100.0
2018-12-13,104.91999816894531,104.97000122070312,104.4800033569336,104.62999725341797,4406700.0
2018-12-14,104.72000122070312,104.9000015258789,104.58000183105469,104.6500015258789,3501100.0
2018-12-17,104.8499984741211,104.93000030517578,104.58000183105469,104.79000091552734,3539200.0
2018-12-18,103.66999816894531,103.94000244140625,103.45999908447266,103.61000061035156,9264900.0
2018-12-19,103.73999786376953,103.91999816894531,103.22000122070312,103.47000122070312,9687400.0
2018-12-20,103.6500015258789,103.83999633789062,103.26000213623047,103.27999877929688,5099200.0
2018-12-21,103.11000061035156,103.41999816894531,102.7699966430664,102.94999694824219,8372900.0
2018-12-24,103.11000061035156,103.13999938964844,102.7300033569336,102.9000015258789,1857300.0
2018-12-26,102.98999786376953,103.48999786376953,102.62000274658203,103.05000305175781,2584800.0
2018-12-27,102.8499984741211,103.55000305175781,102.83999633789062,103.4800033569336,2844200.0
2018-12-28,103.47000122070312,103.91000366210938,103.36000061035156,103.55000305175781,3234800.0
2018-12-31,103.70999908447266,103.94999694824219,103.58999633789062,103.91000366210938,2039000.0
2019-01-02,103.66000366210938,104.2300033569336,103.56999969482422,103.91000366210938,4241600.0
2019-01-03,103.91000366210938,104.70999908447266,103.83999633789062,104.3499984741211,3988000.0
2019-01-04,104.55999755859375,105.27999877929688,104.55999755859375,105.13999938964844,6787700.0
2019-01-07,105.36000061035156,105.69000244140625,105.23999786376953,105.58999633789062,8315200.0
2019-01-08,105.27999877929688,105.54000091552734,105.05999755859375,105.51000213623047,4462200.0
2019-01-09,105.75,105.87999725341797,105.51000213623047,105.69999694824219,4315400.0
2019-01-10,105.45999908447266,105.69999694824219,105.26000213623047,105.51000213623047,5080300.0
2019-01-11,105.44999694824219,105.61000061035156,105.12999725341797,105.5199966430664,4425400.0
2019-01-14,105.33000183105469,105.5199966430664,105.27999877929688,105.4000015258789,3388900.0
2019-01-15,105.72000122070312,105.91000366210938,105.69000244140625,105.76000213623047,6458700.0
2019-01-16,106.20999908447266,106.22000122070312,105.83999633789062,105.8499984741211,3549200.0
2019-01-17,105.87000274658203,106.27999877929688,105.62000274658203,106.20999908447266,4988600.0
2019-01-18,106.58999633789062,106.93000030517578,106.47000122070312,106.72000122070312,7720500.0
2019-01-22,106.76000213623047,106.86000061035156,106.52999877929688,106.75,5983700.0
2019-01-23,107.1500015258789,107.38999938964844,107.01000213623047,107.27999877929688,3434100.0
2019-01-24,107.69999694824219,107.8499984741211,107.62000274658203,107.80000305175781,3136300.0
2019-01-25,107.8499984741211,107.95999908447266,107.5999984741211,107.69999694824219,6431600.0
2019-01-28,107.29000091552734,107.29000091552734,107.0,107.20999908447266,5485100.0
2019-01-29,107.18000030517578,107.30999755859375,106.98999786376953,107.30000305175781,4031900.0
2019-01-30,107.08999633789062,108.20999908447266,107.05999755859375,108.05999755859375,5268100.0
2019-01-31,108.5999984741211,109.04000091552734,108.55999755859375,108.87999725341797,8407900.0
2019-02-01,108.25,108.68000030517578,108.0199966430664,108.58999633789062,13481600.0
2019-02-04,108.2300033569336,108.41999816894531,108.01000213623047,108.22000122070312,5968700.0
2019-02-05,108.81999969482422,109.04000091552734,108.48999786376953,108.94000244140625,5913300.0
2019-02-06,108.4000015258789,108.5999984741211,108.25,108.37999725341797,3680400.0
2019-02-07,108.18000030517578,108.29000091552734,108.0,108.18000030517578,7506700.0
2019-02-08,107.9000015258789,108.0,107.62000274658203,107.69999694824219,4336500.0
2019-02-11,107.5,107.69000244140625,107.36000061035156,107.44999694824219,5676600.0
2019-02-12,107.93000030517578,108.01000213623047,107.69000244140625,107.8499984741211,3228900.0
2019-02-13,108.0999984741211,108.18000030517578,107.8499984741211,107.86000061035156,5843400.0
2019-02-14,107.91000366210938,108.27999877929688,107.77999877929688,108.13999938964844,3100100.0
2019-02-15,108.27999877929688,108.31999969482422,108.02999877929688,108.2300033569336,8221800.0
2019-02-19,108.29000091552734,108.41000366210938,108.13999938964844,108.16000366210938,3980100.0
2019-02-20,108.25,108.36000061035156,108.08000183105469,108.16999816894531,1981700.0
2019-02-21,108.4000015258789,108.44000244140625,108.08000183105469,108.0999984741211,2771000.0
2019-02-22,108.33000183105469,108.80000305175781,108.33000183105469,108.7699966430664,2908100.0
2019-02-25,108.95999908447266,109.05000305175781,108.55999755859375,108.58999633789062,4948700.0
2019-02-26,108.73999786376953,109.0199966430664,108.61000061035156,108.91000366210938,2971200.0
2019-02-27,109.27999877929688,109.30999755859375,108.77999877929688,108.94000244140625,4394400.0
2019-02-28,109.0,109.0,108.69000244140625,108.87000274658203,5154700.0
2019-03-01,108.33000183105469,108.43000030517578,108.04000091552734,108.04000091552734,4825500.0
2019-03-04,108.25,108.25,107.76000213623047,107.9800033569336,5610800.0
2019-03-05,107.9800033569336,108.08000183105469,107.81999969482422,108.02999877929688,3170000.0
2019-03-06,108.08000183105469,108.2300033569336,107.91000366210938,107.94000244140625,3152900.0
2019-03-07,108.1500015258789,108.1500015258789,107.63999938964844,107.69000244140625,7931400.0
2019-03-08,107.66000366210938,107.98999786376953,107.4800033569336,107.98999786376953,4364900.0
2019-03-11,108.25,108.45999908447266,108.20999908447266,108.38999938964844,4401800.0
2019-03-12,108.56999969482422,108.80999755859375,108.56999969482422,108.7300033569336,3538900.0
2019-03-13,108.69999694824219,108.79000091552734,108.5,108.76000213623047,2460200.0
2019-03-14,108.81999969482422,108.81999969482422,108.52999877929688,108.5999984741211,4132000.0
2019-03-15,108.94999694824219,109.08999633789062,108.83000183105469,109.04000091552734,5163900.0
2019-03-18,109.18000030517578,109.30000305175781,109.01000213623047,109.13999938964844,3647800.0
2019-03-19,109.33999633789062,109.5,109.13999938964844,109.22000122070312,5537900.0
2019-03-20,109.22000122070312,110.37000274658203,108.97000122070312,110.19000244140625,7302200.0
2019-03-21,110.1500015258789,110.30000305175781,110.02999877929688,110.16000366210938,4208900.0
2019-03-22,109.75,109.81999969482422,109.30000305175781,109.43000030517578,5784000.0
2019-03-25,109.4000015258789,110.04000091552734,109.33999633789062,110.04000091552734,5680600.0
2019-03-26,109.9800033569336,110.22000122070312,109.94000244140625,110.13999938964844,4465800.0
2019-03-27,109.9000015258789,110.05000305175781,109.41999816894531,109.7300033569336,6022300.0
2019-03-28,109.55999755859375,109.98999786376953,109.5199966430664,109.95999908447266,3530000.0
2019-03-29,110.19000244140625,110.33999633789062,109.94999694824219,110.05999755859375,3849900.0
2019-04-01,110.0,110.08999633789062,109.76000213623047,109.80000305175781,5361100.0
2019-04-02,109.88999938964844,109.94999694824219,107.7300033569336,109.87000274658203,3906700.0
2019-04-03,109.8499984741211,109.94999694824219,109.61000061035156,109.62000274658203,2859800.0
2019-04-04,109.69999694824219,109.88999938964844,109.58000183105469,109.58999633789062,3540500.0
2019-04-05,109.7699966430664,110.20999908447266,109.75,110.0199966430664,3366500.0
2019-04-08,109.95999908447266,109.97000122070312,109.58000183105469,109.58000183105469,4782700.0
2019-04-09,110.02999877929688,110.02999877929688,109.58000183105469,109.6500015258789,11591300.0
2019-04-10,109.75,109.93000030517578,109.69999694824219,109.87000274658203,2851500.0
2019-04-11,109.52999877929688,109.70999908447266,109.4000015258789,109.47000122070312,5430200.0
2019-04-12,109.30999755859375,109.68000030517578,109.30999755859375,109.45999908447266,7801800.0
2019-04-15,109.52999877929688,109.72000122070312,109.36000061035156,109.52999877929688,8276800.0
2019-04-16,109.55000305175781,109.66000366210938,109.31999969482422,109.31999969482422,4771400.0
2019-04-17,109.7300033569336,109.7300033569336,109.4000015258789,109.41999816894531,6140000.0
2019-04-18,109.61000061035156,109.69000244140625,109.43000030517578,109.51000213623047,5185300.0
2019-04-22,109.44999694824219,109.55000305175781,109.22000122070312,109.43000030517578,1927200.0
2019-04-23,109.52999877929688,109.91000366210938,109.51000213623047,109.76000213623047,3612400.0
2019-04-24,109.83000183105469,109.91999816894531,109.29000091552734,109.44999694824219,4366100.0
2019-04-25,109.01000213623047,109.87000274658203,108.88999938964844,109.5999984741211,8116000.0
2019-04-26,109.7699966430664,109.93000030517578,109.38999938964844,109.52999877929688,2902100.0
2019-04-29,109.54000091552734,109.80999755859375,109.44999694824219,109.63999938964844,3863600.0
2019-04-30,109.87999725341797,109.9800033569336,109.66000366210938,109.80000305175781,2829200.0
2019-05-01,109.5,110.04000091552734,109.0999984741211,109.31999969482422,4642800.0
2019-05-02,109.47000122070312,109.5,109.0,109.1500015258789,5016700.0
2019-05-03,109.37999725341797,109.7699966430664,109.31999969482422,109.7699966430664,4870700.0
2019-05-06,109.41000366210938,109.7699966430664,109.31999969482422,109.75,2701200.0
2019-05-07,109.31999969482422,109.55000305175781,108.93000030517578,109.16999816894531,6945800.0
2019-05-08,109.1500015258789,109.5,109.13999938964844,109.29000091552734,3273800.0
2019-05-09,108.93000030517578,109.73999786376953,108.63999938964844,108.95999908447266,7474800.0
2019-05-10,109.13999938964844,109.48999786376953,108.83999633789062,109.33000183105469,7133800.0
2019-05-13,108.87000274658203,108.94000244140625,108.41000366210938,108.44999694824219,12322200.0
2019-05-14,108.80999755859375,109.0,108.6500015258789,108.79000091552734,4524400.0
2019-05-15,109.04000091552734,109.2699966430664,108.81999969482422,109.19000244140625,5293900.0
2019-05-16,109.38999938964844,109.41999816894531,109.19999694824219,109.20999908447266,2657300.0
2019-05-17,109.16999816894531,109.30000305175781,108.94000244140625,108.95999908447266,2724900.0
2019-05-20,109.12999725341797,109.4800033569336,109.01000213623047,109.44999694824219,5054500.0
2019-05-21,109.58000183105469,109.7699966430664,109.4800033569336,109.58000183105469,3295200.0
2019-05-22,109.75,109.83999633789062,109.44000244140625,109.5199966430664,2430800.0
2019-05-23,109.3499984741211,109.45999908447266,109.19999694824219,109.37000274658203,3439500.0
2019-05-24,109.61000061035156,109.81999969482422,109.38999938964844,109.4800033569336,2210700.0
2019-05-28,109.58000183105469,109.77999877929688,109.5,109.62000274658203,2661800.0
2019-05-29,109.51000213623047,109.68000030517578,109.44999694824219,109.55999755859375,1806600.0
2019-05-30,109.81999969482422,109.95999908447266,109.61000061035156,109.88999938964844,2657100.0
2019-05-31,109.5,109.91999816894531,109.36000061035156,109.88999938964844,3540100.0
2019-06-03,109.08999633789062,109.4000015258789,109.08000183105469,109.38999938964844,7942600.0
2019-06-04,109.61000061035156,110.16000366210938,109.58000183105469,110.05000305175781,5434900.0
2019-06-05,110.52999877929688,110.63999938964844,110.2699966430664,110.4000015258789,3103600.0
2019-06-06,110.54000091552734,110.8499984741211,110.5199966430664,110.81999969482422,2954000.0
2019-06-07,111.06999969482422,111.5999984741211,111.0,111.48999786376953,4074300.0
2019-06-10,111.37000274658203,111.51000213623047,111.33000183105469,111.3499984741211,2191200.0
2019-06-11,111.3499984741211,111.47000122070312,111.19999694824219,111.19999694824219,1921900.0
2019-06-12,111.29000091552734,111.33000183105469,111.0199966430664,111.11000061035156,2438500.0
2019-06-13,111.16000366210938,111.36000061035156,111.05999755859375,111.36000061035156,3000600.0
2019-06-14,111.2300033569336,111.29000091552734,111.18000030517578,111.2699966430664,2456400.0
2019-06-17,111.27999877929688,111.4000015258789,111.0999984741211,111.31999969482422,2151400.0
2019-06-18,112.13999938964844,112.44999694824219,112.12999725341797,112.44999694824219,5856700.0
2019-06-19,112.31999969482422,113.44999694824219,112.16000366210938,113.43000030517578,5358500.0
2019-06-20,113.88999938964844,113.94999694824219,113.63999938964844,113.94000244140625,5624800.0
2019-06-21,113.30000305175781,113.5,112.83000183105469,112.83000183105469,7054300.0
2019-06-24,113.18000030517578,113.23999786376953,112.98999786376953,113.05000305175781,2291200.0
2019-06-25,113.05000305175781,113.05999755859375,112.4000015258789,112.47000122070312,6134200.0
2019-06-26,112.87000274658203,112.97000122070312,112.58999633789062,112.66000366210938,7807900.0
2019-06-27,112.91999816894531,113.23999786376953,112.8499984741211,113.12000274658203,2606900.0
2019-06-28,113.38999938964844,113.4000015258789,113.2300033569336,113.29000091552734,2345000.0
2019-07-01,113.5999984741211,113.68000030517578,113.12999725341797,113.43000030517578,7904100.0
2019-07-02,113.44999694824219,113.66999816894531,113.33999633789062,113.62999725341797,3951800.0
2019-07-03,113.73999786376953,113.95999908447266,113.6500015258789,113.94000244140625,2185600.0
2019-07-05,113.69000244140625,113.69000244140625,113.0199966430664,113.3499984741211,4950100.0
2019-07-08,113.44999694824219,113.45999908447266,113.19000244140625,113.19000244140625,2867700.0
2019-07-09,112.97000122070312,113.04000091552734,112.87999725341797,112.91999816894531,5124300.0
2019-07-10,113.27999877929688,113.33000183105469,113.01000213623047,113.0999984741211,2810000.0
2019-07-11,113.18000030517578,113.29000091552734,112.6500015258789,112.7699966430664,3421400.0
2019-07-12,112.86000061035156,113.05999755859375,112.69000244140625,113.0,2587200.0
2019-07-15,112.9800033569336,113.30000305175781,112.9800033569336,113.2300033569336,3883700.0
2019-07-16,113.30999755859375,113.38999938964844,113.06999969482422,113.16999816894531,4306100.0
2019-07-17,113.41999816894531,113.5,113.16999816894531,113.30000305175781,3532600.0
2019-07-18,113.33999633789062,113.51000213623047,113.05000305175781,113.51000213623047,4855000.0
2019-07-19,113.58999633789062,113.58999633789062,113.18000030517578,113.33999633789062,5462300.0
2019-07-22,113.69999694824219,113.80999755859375,113.62999725341797,113.73999786376953,2108200.0
2019-07-23,113.9000015258789,114.08999633789062,113.83000183105469,114.08999633789062,2811100.0
2019-07-24,113.5999984741211,114.3499984741211,113.5999984741211,114.3499984741211,3051500.0
2019-07-25,114.45999908447266,114.5,113.98999786376953,114.18000030517578,2374400.0
2019-07-26,114.1500015258789,114.25,113.91000366210938,114.12000274658203,4825500.0
2019-07-29,114.08999633789062,114.12999725341797,113.91999816894531,114.11000061035156,4986300.0
2019-07-30,113.94000244140625,113.95999908447266,113.7699966430664,113.91999816894531,2971000.0
2019-07-31,113.94000244140625,114.22000122070312,113.1500015258789,113.68000030517578,5488000.0
2019-08-01,113.2300033569336,114.01000213623047,113.0199966430664,113.75,9045900.0
2019-08-02,113.54000091552734,113.68000030517578,113.43000030517578,113.68000030517578,6155100.0
2019-08-05,112.93000030517578,113.19999694824219,112.4800033569336,112.55999755859375,6506600.0
2019-08-06,113.27999877929688,113.43000030517578,113.11000061035156,113.3499984741211,4557900.0
2019-08-07,113.77999877929688,114.13999938964844,113.68000030517578,113.91999816894531,6907900.0
2019-08-08,114.08999633789062,114.52999877929688,114.08000183105469,114.48999786376953,5808600.0
2019-08-09,114.56999969482422,114.72000122070312,114.36000061035156,114.43000030517578,4171000.0
2019-08-12,113.23999786376953,113.5199966430664,113.0199966430664,113.2300033569336,3847200.0
2019-08-13,112.7699966430664,113.69999694824219,112.55000305175781,113.06999969482422,5700300.0
2019-08-14,113.16999816894531,113.30000305175781,112.83000183105469,112.91999816894531,3466600.0
2019-08-15,113.16000366210938,113.37999725341797,112.98999786376953,113.37000274658203,5530800.0
2019-08-16,113.70999908447266,114.12999725341797,113.63999938964844,114.0199966430664,2685800.0
2019-08-19,113.56999969482422,113.66999816894531,113.47000122070312,113.55999755859375,2308300.0
2019-08-20,113.44000244140625,113.61000061035156,113.38999938964844,113.58999633789062,2192500.0
2019-08-21,113.69999694824219,114.02999877929688,113.61000061035156,113.91999816894531,3986900.0
2019-08-22,113.98999786376953,114.16999816894531,113.88999938964844,113.9800033569336,3454500.0
2019-08-23,113.87999725341797,114.20999908447266,113.70999908447266,114.02999877929688,2006500.0
2019-08-26,114.04000091552734,114.16000366210938,113.81999969482422,113.93000030517578,1954400.0
2019-08-27,114.04000091552734,114.33000183105469,114.0,114.25,7732800.0
2019-08-28,114.36000061035156,114.4800033569336,114.25,114.37999725341797,3251800.0
2019-08-29,114.45999908447266,114.69999694824219,114.37999725341797,114.63999938964844,3618100.0
2019-08-30,114.55000305175781,115.0199966430664,114.55000305175781,115.0199966430664,2256600.0
2019-09-03,114.5999984741211,114.91000366210938,114.5,114.87000274658203,5161600.0
2019-09-04,115.16999816894531,115.5999984741211,115.0199966430664,115.58999633789062,6139300.0
2019-09-05,115.5199966430664,115.58999633789062,114.79000091552734,114.97000122070312,6563100.0
2019-09-06,115.08999633789062,115.41000366210938,115.08999633789062,115.37999725341797,3036400.0
2019-09-09,115.06999969482422,115.11000061035156,114.26000213623047,114.43000030517578,5949600.0
2019-09-10,114.30000305175781,114.31999969482422,113.45999908447266,113.58000183105469,5065000.0
2019-09-11,113.83999633789062,114.08999633789062,113.69999694824219,113.69999694824219,3719300.0
2019-09-12,114.69999694824219,114.77999877929688,113.80999755859375,113.91999816894531,3564600.0
2019-09-13,113.47000122070312,113.5199966430664,112.61000061035156,112.61000061035156,5710500.0
2019-09-16,113.06999969482422,113.33000183105469,112.9000015258789,113.08999633789062,3930700.0
2019-09-17,113.16000366210938,113.5999984741211,112.98999786376953,113.44999694824219,4057500.0
2019-09-18,113.76000213623047,114.0,113.11000061035156,113.45999908447266,4130300.0
2019-09-19,113.80000305175781,114.05999755859375,113.66999816894531,113.95999908447266,3778200.0
2019-09-20,114.20999908447266,114.61000061035156,114.12999725341797,114.47000122070312,2774400.0
2019-09-23,114.37000274658203,114.43000030517578,114.11000061035156,114.20999908447266,3356500.0
2019-09-24,113.75,113.87999725341797,113.47000122070312,113.4800033569336,3782200.0
2019-09-25,113.37000274658203,113.56999969482422,112.93000030517578,113.1500015258789,4729300.0
2019-09-26,113.44999694824219,113.69999694824219,113.30000305175781,113.37999725341797,5400400.0
2019-09-27,113.55000305175781,113.58999633789062,113.0,113.2300033569336,2633600.0
2019-09-30,113.26000213623047,113.56999969482422,113.26000213623047,113.3499984741211,2646300.0
2019-10-01,112.7699966430664,112.97000122070312,112.3499984741211,112.41000366210938,15272900.0
2019-10-02,112.61000061035156,112.61000061035156,112.33000183105469,112.38999938964844,4805500.0
2019-10-03,112.83999633789062,113.2699966430664,112.56999969482422,112.93000030517578,7270800.0
2019-10-04,113.43000030517578,114.01000213623047,113.23999786376953,113.91999816894531,3846100.0
2019-10-07,113.68000030517578,113.80999755859375,113.27999877929688,113.27999877929688,3268900.0
2019-10-08,113.3499984741211,113.41999816894531,113.05000305175781,113.16999816894531,3348100.0
2019-10-09,113.26000213623047,113.41000366210938,113.0,113.18000030517578,2751100.0
2019-10-10,113.04000091552734,113.13999938964844,112.8499984741211,112.98999786376953,2336400.0
2019-10-11,113.12000274658203,113.25,112.7699966430664,112.91000366210938,2905700.0
2019-10-14,112.94999694824219,113.12999725341797,112.94999694824219,112.95999908447266,3578800.0
2019-10-15,113.12999725341797,113.27999877929688,113.0199966430664,113.19999694824219,2325400.0
2019-10-16,113.08000183105469,113.08000183105469,112.80999755859375,113.0199966430664,2079100.0
2019-10-17,113.08000183105469,113.25,112.88999938964844,113.18000030517578,1922000.0
2019-10-18,113.25,113.3499984741211,113.1500015258789,113.27999877929688,1463400.0
2019-10-21,113.19000244140625,113.19999694824219,112.86000061035156,112.87000274658203,3033400.0
2019-10-22,113.08999633789062,113.33000183105469,113.0,113.27999877929688,2694700.0
2019-10-23,113.20999908447266,113.56999969482422,113.1500015258789,113.4800033569336,2369400.0
2019-10-24,113.4800033569336,113.5999984741211,113.37000274658203,113.4800033569336,1706400.0
2019-10-25,113.55999755859375,113.63999938964844,113.4000015258789,113.44999694824219,1786500.0
2019-10-28,113.41000366210938,113.44999694824219,113.1500015258789,113.2699966430664,4973500.0
2019-10-29,113.12000274658203,113.22000122070312,112.75,112.97000122070312,3403100.0
2019-10-30,112.8499984741211,113.19000244140625,112.4800033569336,113.08999633789062,3228600.0
2019-10-31,113.11000061035156,113.5999984741211,113.01000213623047,113.5999984741211,3954300.0
2019-11-01,113.16000366210938,113.73999786376953,113.12000274658203,113.5999984741211,8561800.0
2019-11-04,113.44000244140625,113.5,113.22000122070312,113.36000061035156,3434800.0
2019-11-05,112.87000274658203,112.97000122070312,112.5199966430664,112.54000091552734,5758600.0
2019-11-06,112.77999877929688,112.83000183105469,112.58999633789062,112.58999633789062,2212200.0
2019-11-07,112.6500015258789,112.6500015258789,112.04000091552734,112.19999694824219,3859100.0
2019-11-08,112.36000061035156,112.58999633789062,112.27999877929688,112.36000061035156,1800700.0
2019-11-11,112.2699966430664,112.31999969482422,112.22000122070312,112.2699966430664,1274800.0
2019-11-12,112.29000091552734,112.30999755859375,111.98999786376953,112.04000091552734,2738200.0
2019-11-13,111.91999816894531,111.98999786376953,111.83000183105469,111.87000274658203,2235600.0
2019-11-14,112.4800033569336,112.61000061035156,112.31999969482422,112.45999908447266,2826800.0
2019-11-15,112.62000274658203,112.79000091552734,112.55000305175781,112.55000305175781,2150500.0
2019-11-18,112.37999725341797,112.41999816894531,111.91000366210938,112.0199966430664,3833100.0
2019-11-19,111.7699966430664,111.88999938964844,111.6500015258789,111.7699966430664,1810200.0
2019-11-20,111.94000244140625,112.08000183105469,111.81999969482422,111.95999908447266,2766400.0
2019-11-21,112.13999938964844,112.23999786376953,111.86000061035156,111.97000122070312,1863800.0
2019-11-22,112.19999694824219,112.27999877929688,112.11000061035156,112.2699966430664,2549500.0
2019-11-25,112.33999633789062,112.5199966430664,112.25,112.26000213623047,1791700.0
2019-11-26,112.45999908447266,112.6500015258789,112.38999938964844,112.55999755859375,1805300.0
2019-11-27,112.5199966430664,112.54000091552734,112.30999755859375,112.4000015258789,1398100.0
2019-11-29,112.30000305175781,112.31999969482422,112.04000091552734,112.12000274658203,2158500.0
2019-12-02,111.61000061035156,111.72000122070312,111.18000030517578,111.26000213623047,4050000.0
2019-12-03,111.36000061035156,111.52999877929688,111.2699966430664,111.4800033569336,2708500.0
2019-12-04,111.8499984741211,112.05000305175781,111.69999694824219,111.73999786376953,2499700.0
2019-12-05,111.87999725341797,112.18000030517578,111.77999877929688,112.06999969482422,3857300.0
2019-12-06,112.08000183105469,112.37999725341797,112.0199966430664,112.30000305175781,2503200.0
2019-12-09,112.55000305175781,112.76000213623047,112.44000244140625,112.5999984741211,2468900.0
2019-12-10,112.76000213623047,112.7699966430664,112.56999969482422,112.5999984741211,2367500.0
2019-12-11,112.9000015258789,113.3499984741211,112.69999694824219,113.3499984741211,2229100.0
2019-12-12,113.47000122070312,113.47000122070312,113.19000244140625,113.36000061035156,4475400.0
2019-12-13,113.52999877929688,113.8499984741211,113.36000061035156,113.77999877929688,1843700.0
2019-12-16,113.80999755859375,113.91000366210938,113.76000213623047,113.8499984741211,3503500.0
2019-12-17,114.05999755859375,114.36000061035156,114.0,114.2699966430664,2569600.0
2019-12-18,114.37000274658203,114.54000091552734,114.31999969482422,114.48999786376953,4039900.0
2019-12-19,113.55000305175781,113.93000030517578,113.55000305175781,113.66000366210938,5080500.0
2019-12-20,113.79000091552734,113.94000244140625,113.73999786376953,113.94000244140625,3204900.0
2019-12-23,113.95999908447266,114.1500015258789,113.9000015258789,114.06999969482422,1556300.0
2019-12-24,113.9800033569336,114.33999633789062,113.93000030517578,114.2699966430664,680100.0
2019-12-26,114.30000305175781,114.44000244140625,114.12000274658203,114.43000030517578,731500.0
2019-12-27,114.36000061035156,114.73999786376953,114.36000061035156,114.73999786376953,1828400.0
2019-12-30,114.51000213623047,114.5999984741211,114.33999633789062,114.55000305175781,1572200.0
2019-12-31,114.43000030517578,114.63999938964844,114.36000061035156,114.55999755859375,1120400.0
2020-01-02,114.75,114.7699966430664,114.25,114.69999694824219,2004500.0
2020-01-03,114.23999786376953,114.51000213623047,114.19000244140625,114.41000366210938,1904400.0
2020-01-06,114.30000305175781,114.36000061035156,114.08999633789062,114.18000030517578,4713700.0
2020-01-07,114.51000213623047,114.55999755859375,114.33000183105469,114.36000061035156,3098800.0
2020-01-08,114.51000213623047,114.7300033569336,114.48999786376953,114.66000366210938,3606200.0
2020-01-09,114.58000183105469,114.66999816894531,114.37999725341797,114.58000183105469,3172700.0
2020-01-10,114.72000122070312,114.77999877929688,114.54000091552734,114.5999984741211,1465600.0
2020-01-13,114.66000366210938,114.75,114.4800033569336,114.70999908447266,2108600.0
2020-01-14,114.58999633789062,114.75,114.54000091552734,114.68000030517578,1912600.0
2020-01-15,114.86000061035156,115.16000366210938,114.79000091552734,115.11000061035156,2834400.0
2020-01-16,115.33000183105469,115.3499984741211,115.11000061035156,115.3499984741211,2948900.0
2020-01-17,115.30000305175781,115.30000305175781,115.0999984741211,115.20999908447266,2723800.0
2020-01-21,114.9000015258789,115.16000366210938,114.62000274658203,115.11000061035156,2871400.0
2020-01-22,115.2699966430664,115.30000305175781,115.1500015258789,115.19999694824219,3377900.0
2020-01-23,115.18000030517578,115.20999908447266,114.9000015258789,114.93000030517578,2747300.0
2020-01-24,115.13999938964844,115.13999938964844,114.76000213623047,114.77999877929688,6578300.0
2020-01-27,114.56999969482422,114.75,114.37000274658203,114.63999938964844,6335300.0
2020-01-28,115.16000366210938,115.22000122070312,115.01000213623047,115.18000030517578,3189700.0
2020-01-29,115.43000030517578,115.7699966430664,115.38999938964844,115.70999908447266,3100700.0
2020-01-30,115.68000030517578,115.80999755859375,115.4000015258789,115.62999725341797,1993600.0
2020-01-31,115.76000213623047,116.0,115.68000030517578,115.9800033569336,3835900.0
2020-02-03,115.41999816894531,115.62000274658203,115.27999877929688,115.54000091552734,3997000.0
2020-02-04,115.48999786376953,115.54000091552734,115.25,115.4000015258789,3943000.0
2020-02-05,115.54000091552734,115.56999969482422,115.43000030517578,115.44000244140625,1883700.0
2020-02-06,115.69000244140625,115.75,115.48999786376953,115.72000122070312,1559500.0
2020-02-07,115.80999755859375,115.91000366210938,115.69999694824219,115.72000122070312,1486400.0
2020-02-10,115.69999694824219,115.86000061035156,115.5,115.73999786376953,2546900.0
2020-02-11,115.91999816894531,115.98999786376953,115.58000183105469,115.69000244140625,2251100.0
2020-02-12,115.83000183105469,115.88999938964844,115.75,115.86000061035156,2525200.0
2020-02-13,115.8499984741211,116.0,115.73999786376953,115.88999938964844,2066400.0
2020-02-14,116.23999786376953,116.37000274658203,116.22000122070312,116.3499984741211,2163000.0
2020-02-18,116.41999816894531,116.5,116.36000061035156,116.44999694824219,1412300.0
2020-02-19,116.55999755859375,116.68000030517578,116.43000030517578,116.68000030517578,1355500.0
2020-02-20,116.72000122070312,116.7699966430664,116.62999725341797,116.75,1528900.0
2020-02-21,117.0,117.19999694824219,116.94999694824219,117.01000213623047,2561600.0
2020-02-24,116.66000366210938,116.87000274658203,116.44999694824219,116.5,5879600.0
2020-02-25,116.41999816894531,116.54000091552734,115.7699966430664,115.77999877929688,5312500.0
2020-02-26,115.5199966430664,116.08000183105469,115.5199966430664,115.72000122070312,3743300.0
2020-02-27,114.4800033569336,115.16000366210938,113.87000274658203,114.27999877929688,11337200.0
2020-02-28,113.30999755859375,114.33000183105469,112.98999786376953,114.12000274658203,8073800.0
2020-03-02,114.08999633789062,114.94000244140625,114.05000305175781,114.62000274658203,9913200.0
2020-03-03,115.5999984741211,116.48999786376953,115.1500015258789,115.94999694824219,8219900.0
2020-03-04,116.63999938964844,117.08000183105469,116.25,116.80999755859375,5128000.0
2020-03-05,115.94000244140625,116.2300033569336,115.45999908447266,115.77999877929688,4645000.0
2020-03-06,115.08000183105469,115.37999725341797,114.33999633789062,115.30000305175781,7200500.0
2020-03-09,110.0,110.44999694824219,105.95999908447266,105.95999908447266,9597300.0
2020-03-10,109.33999633789062,110.0,106.86000061035156,107.19000244140625,11389100.0
2020-03-11,106.66000366210938,107.19999694824219,102.04000091552734,102.33999633789062,12859200.0
2020-03-12,97.1500015258789,102.26000213623047,96.20999908447266,97.30000305175781,11103900.0
2020-03-13,100.02999877929688,101.75,97.94000244140625,100.05999755859375,9183100.0
2020-03-16,94.44000244140625,99.25,93.48999786376953,95.44000244140625,7732300.0
2020-03-17,93.88999938964844,96.5,93.52999877929688,94.51000213623047,7953500.0
2020-03-18,91.4000015258789,92.31999969482422,85.0,85.80000305175781,7929400.0
2020-03-19,85.86000061035156,88.70999908447266,85.0999984741211,87.9800033569336,11321200.0
2020-03-20,91.08000183105469,94.1500015258789,88.63999938964844,91.08999633789062,9272900.0
2020-03-23,90.41999816894531,92.86000061035156,90.0,91.3499984741211,5752200.0
2020-03-24,92.7300033569336,94.29000091552734,92.7300033569336,94.19999694824219,4422000.0
2020-03-25,96.30999755859375,99.08000183105469,95.8499984741211,97.9800033569336,5611500.0
2020-03-26,98.97000122070312,99.91000366210938,98.70999908447266,99.5999984741211,3529800.0
2020-03-27,98.0,98.5999984741211,97.48999786376953,97.55000305175781,4298600.0
2020-03-30,96.26000213623047,97.83000183105469,96.05999755859375,97.41999816894531,3480000.0
2020-03-31,97.9000015258789,98.61000061035156,96.68000030517578,96.68000030517578,2813100.0
2020-04-01,95.12000274658203,96.2300033569336,93.79000091552734,93.8499984741211,6601300.0
2020-04-02,95.01000213623047,96.29000091552734,94.76000213623047,95.7699966430664,10052400.0
2020-04-03,96.33000183105469,96.5,95.22000122070312,95.5999984741211,6628100.0
2020-04-06,96.98999786376953,97.69999694824219,96.63999938964844,97.52999877929688,4993300.0
2020-04-07,98.7699966430664,99.29000091552734,97.4800033569336,98.08999633789062,6479300.0
2020-04-08,98.12000274658203,98.6500015258789,97.7300033569336,98.51000213623047,3984800.0
2020-04-09,99.33000183105469,102.36000061035156,99.31999969482422,101.3499984741211,7431400.0
2020-04-13,100.9800033569336,101.54000091552734,100.6500015258789,101.1500015258789,4715400.0
2020-04-14,101.56999969482422,102.23999786376953,101.19000244140625,101.81999969482422,6225400.0
2020-04-15,100.0,100.16000366210938,99.4000015258789,99.80000305175781,5294400.0
2020-04-16,99.76000213623047,99.86000061035156,98.77999877929688,99.1500015258789,3219500.0
2020-04-17,99.37999725341797,100.08000183105469,99.37999725341797,99.8499984741211,3354200.0
2020-04-20,99.25,99.66999816894531,99.02999877929688,99.22000122070312,3843700.0
2020-04-21,97.9000015258789,98.22000122070312,97.0999984741211,97.83000183105469,4927900.0
2020-04-22,98.05000305175781,98.11000061035156,97.5,97.91000366210938,2738100.0
2020-04-23,98.55000305175781,98.87999725341797,98.13999938964844,98.37999725341797,2403100.0
2020-04-24,98.66000366210938,98.68000030517578,97.52999877929688,97.94999694824219,2309900.0
2020-04-27,97.94999694824219,98.08000183105469,97.56999969482422,97.77999877929688,3672700.0
2020-04-28,98.2699966430664,98.9000015258789,97.70999908447266,98.73999786376953,4193800.0
2020-04-29,99.77999877929688,100.56999969482422,99.41000366210938,100.31999969482422,4191600.0
2020-04-30,99.7699966430664,100.51000213623047,99.73999786376953,100.5,3266400.0
2020-05-01,99.0999984741211,100.0199966430664,99.0999984741211,99.69000244140625,3527800.0
2020-05-04,99.47000122070312,99.76000213623047,99.05999755859375,99.69000244140625,3424400.0
2020-05-05,100.55999755859375,100.95999908447266,100.30999755859375,100.77999877929688,2744600.0
2020-05-06,100.94000244140625,100.94000244140625,100.23999786376953,100.33000183105469,3071400.0
2020-05-07,100.98999786376953,101.30999755859375,100.73999786376953,101.12999725341797,2229800.0
2020-05-08,101.66000366210938,102.44999694824219,101.36000061035156,101.6500015258789,3845000.0
2020-05-11,102.08000183105469,102.2699966430664,101.62000274658203,102.20999908447266,2173700.0
2020-05-12,102.6500015258789,103.05000305175781,102.0199966430664,102.0199966430664,4866600.0
2020-05-13,102.06999969482422,102.54000091552734,101.08999633789062,101.41000366210938,3231500.0
2020-05-14,100.6500015258789,101.9000015258789,100.36000061035156,101.87999725341797,4075100.0
2020-05-15,101.66999816894531,102.37000274658203,101.66999816894531,102.16000366210938,2010300.0
2020-05-18,103.52999877929688,104.0,103.26000213623047,103.94000244140625,4484300.0
2020-05-19,104.1500015258789,104.58000183105469,103.93000030517578,104.0199966430664,2976200.0
2020-05-20,105.2699966430664,106.13999938964844,104.94000244140625,106.0199966430664,4965400.0
2020-05-21,106.30999755859375,106.6500015258789,105.9000015258789,105.98999786376953,4151600.0
2020-05-22,105.8499984741211,105.9000015258789,105.30000305175781,105.51000213623047,2975800.0
2020-05-26,106.87000274658203,106.9000015258789,104.79000091552734,106.16000366210938,3645200.0
2020-05-27,106.6500015258789,106.87000274658203,105.86000061035156,106.33999633789062,2772400.0
2020-05-28,106.23999786376953,106.5,105.87000274658203,106.04000091552734,2717800.0
2020-05-29,105.58999633789062,106.62999725341797,105.51000213623047,106.4000015258789,4575500.0
2020-06-01,106.33000183105469,106.75,106.05000305175781,106.58000183105469,6075600.0
2020-06-02,106.77999877929688,107.66000366210938,106.62999725341797,107.61000061035156,5772600.0
2020-06-03,108.0999984741211,108.55000305175781,107.81999969482422,108.08999633789062,4908900.0
2020-06-04,108.08999633789062,108.11000061035156,107.4800033569336,107.58000183105469,4919100.0
2020-06-05,108.83000183105469,108.87999725341797,108.19000244140625,108.45999908447266,3594900.0
2020-06-08,108.9000015258789,109.31999969482422,108.66999816894531,109.2300033569336,7028700.0
2020-06-09,109.12000274658203,109.2300033569336,108.5999984741211,108.94000244140625,5815600.0
2020-06-10,109.13999938964844,109.55999755859375,108.36000061035156,108.94999694824219,5336500.0
2020-06-11,108.04000091552734,108.41000366210938,106.33000183105469,106.44999694824219,11072100.0
2020-06-12,107.95999908447266,108.0,106.9800033569336,107.69000244140625,4210500.0
2020-06-15,106.69000244140625,108.33999633789062,106.5,108.26000213623047,5394100.0
2020-06-16,109.13999938964844,109.44000244140625,107.98999786376953,108.7699966430664,4984800.0
2020-06-17,108.62000274658203,108.94000244140625,108.11000061035156,108.62000274658203,4069500.0
2020-06-18,108.44999694824219,108.88999938964844,108.20999908447266,108.5,3256600.0
2020-06-19,108.76000213623047,109.2300033569336,108.44000244140625,108.73999786376953,2908400.0
2020-06-22,108.79000091552734,109.16000366210938,108.69000244140625,108.93000030517578,2703100.0
2020-06-23,109.44000244140625,109.55999755859375,109.0199966430664,109.1500015258789,3764400.0
2020-06-24,108.81999969482422,109.04000091552734,108.47000122070312,108.80999755859375,4442800.0
2020-06-25,108.62999725341797,109.02999877929688,108.4800033569336,108.87999725341797,2757700.0
2020-06-26,109.08999633789062,109.4000015258789,108.5199966430664,108.66000366210938,2899300.0
2020-06-29,108.72000122070312,109.52999877929688,108.30000305175781,108.80000305175781,3111500.0
2020-06-30,108.79000091552734,109.22000122070312,108.72000122070312,109.22000122070312,3466200.0
2020-07-01,108.94000244140625,109.37999725341797,108.80999755859375,109.13999938964844,6178800.0
2020-07-02,109.7300033569336,110.0,109.4800033569336,109.72000122070312,3606500.0
2020-07-06,110.2699966430664,110.44000244140625,110.01000213623047,110.4000015258789,3296800.0
2020-07-07,109.9800033569336,110.37999725341797,109.43000030517578,109.77999877929688,3478100.0
2020-07-08,110.01000213623047,110.25,109.87000274658203,110.25,2129300.0
2020-07-09,110.12999725341797,110.20999908447266,109.5999984741211,109.7699966430664,2471400.0
2020-07-10,109.83999633789062,109.83999633789062,109.55999755859375,109.76000213623047,1959300.0
2020-07-13,109.95999908447266,110.12000274658203,109.33000183105469,109.54000091552734,3220000.0
2020-07-14,109.5999984741211,109.86000061035156,109.37999725341797,109.80000305175781,2875600.0
2020-07-15,110.1500015258789,110.31999969482422,109.9800033569336,110.25,2276300.0
2020-07-16,110.29000091552734,110.58000183105469,110.04000091552734,110.44999694824219,3154900.0
2020-07-17,110.58999633789062,110.70999908447266,110.19999694824219,110.69999694824219,1385400.0
2020-07-20,111.12000274658203,111.4800033569336,111.0,111.44000244140625,1641000.0
2020-07-21,111.91999816894531,112.23999786376953,111.87999725341797,112.04000091552734,3489300.0
2020-07-22,112.19000244140625,112.36000061035156,112.04000091552734,112.36000061035156,6438100.0
2020-07-23,112.66000366210938,112.66000366210938,112.05999755859375,112.30999755859375,3418200.0
2020-07-24,111.79000091552734,112.38999938964844,111.66000366210938,112.38999938964844,2239800.0
2020-07-27,112.29000091552734,112.61000061035156,112.2300033569336,112.58000183105469,1879000.0
2020-07-28,112.37000274658203,112.56999969482422,112.1500015258789,112.19999694824219,1547900.0
2020-07-29,112.3499984741211,112.91000366210938,112.27999877929688,112.86000061035156,2066600.0
2020-07-30,112.44000244140625,112.87000274658203,112.18000030517578,112.83000183105469,2301100.0
2020-07-31,113.0,113.19000244140625,112.73999786376953,113.08999633789062,2590300.0
2020-08-03,113.0,113.23999786376953,112.76000213623047,113.18000030517578,4053800.0
2020-08-04,113.27999877929688,113.76000213623047,113.27999877929688,113.76000213623047,4032300.0
2020-08-05,113.98999786376953,114.27999877929688,113.79000091552734,114.12000274658203,2666300.0
2020-08-06,114.33999633789062,114.5,114.16000366210938,114.41000366210938,1508900.0
2020-08-07,114.38999938964844,114.43000030517578,114.04000091552734,114.16999816894531,1806300.0
2020-08-10,114.54000091552734,114.54000091552734,114.26000213623047,114.33999633789062,1660000.0
2020-08-11,114.6500015258789,114.6500015258789,114.19000244140625,114.22000122070312,3212600.0
2020-08-12,113.98999786376953,114.37000274658203,113.98999786376953,114.08999633789062,4393500.0
2020-08-13,114.11000061035156,114.33000183105469,113.7300033569336,113.83000183105469,2916000.0
2020-08-14,113.62000274658203,113.66000366210938,113.2300033569336,113.31999969482422,2582400.0
2020-08-17,113.36000061035156,113.44999694824219,113.31999969482422,113.44999694824219,1896600.0
2020-08-18,113.30000305175781,113.41999816894531,113.13999938964844,113.30000305175781,1893800.0
2020-08-19,113.51000213623047,113.61000061035156,112.83999633789062,113.04000091552734,2538200.0
2020-08-20,113.01000213623047,113.33000183105469,112.88999938964844,113.30000305175781,1667100.0
2020-08-21,113.1500015258789,113.66999816894531,113.1500015258789,113.66000366210938,4261700.0
2020-08-24,113.69000244140625,114.06999969482422,113.69000244140625,113.88999938964844,2523900.0
2020-08-25,113.79000091552734,113.79000091552734,113.08000183105469,113.33000183105469,2978500.0
2020-08-26,113.16999816894531,113.29000091552734,113.01000213623047,113.06999969482422,3300800.0
2020-08-27,113.0999984741211,113.5,112.4800033569336,112.54000091552734,3802300.0
2020-08-28,112.87999725341797,113.7300033569336,112.6500015258789,113.58999633789062,4215200.0
2020-08-31,113.4800033569336,113.66999816894531,113.05999755859375,113.58000183105469,3170600.0
2020-09-01,113.58000183105469,114.05000305175781,113.30999755859375,114.01000213623047,4618400.0
2020-09-02,114.33999633789062,114.5199966430664,114.08000183105469,114.4800033569336,3914600.0
2020-09-03,114.55999755859375,114.55999755859375,113.83999633789062,113.9000015258789,3250700.0
2020-09-04,113.94000244140625,113.94000244140625,113.37000274658203,113.41000366210938,3473600.0
2020-09-08,113.1500015258789,113.47000122070312,112.94999694824219,112.95999908447266,4107700.0
2020-09-09,113.27999877929688,113.72000122070312,113.18000030517578,113.52999877929688,2678600.0
2020-09-10,113.7300033569336,113.7300033569336,113.19999694824219,113.20999908447266,3250400.0
2020-09-11,113.41000366210938,113.41999816894531,113.04000091552734,113.25,2613300.0
2020-09-14,113.20999908447266,113.44000244140625,112.9800033569336,113.36000061035156,3124200.0
2020-09-15,113.55999755859375,113.66000366210938,113.44999694824219,113.55000305175781,2293200.0
2020-09-16,113.68000030517578,113.69000244140625,113.19999694824219,113.27999877929688,3710300.0
2020-09-17,112.87999725341797,113.0199966430664,112.7300033569336,112.80999755859375,4151000.0
2020-09-18,112.8499984741211,112.8499984741211,112.08000183105469,112.29000091552734,4581800.0
2020-09-21,111.3499984741211,111.45999908447266,110.91999816894531,111.19000244140625,4541800.0
2020-09-22,111.12000274658203,111.27999877929688,110.77999877929688,110.95999908447266,4286700.0
2020-09-23,110.56999969482422,110.63999938964844,109.45999908447266,109.52999877929688,8371000.0
2020-09-24,109.51000213623047,110.41999816894531,109.19999694824219,109.81999969482422,7563100.0
2020-09-25,110.33000183105469,110.38999938964844,110.02999877929688,110.3499984741211,3296300.0
2020-09-28,110.7300033569336,110.87000274658203,110.48999786376953,110.5999984741211,3870200.0
2020-09-29,110.56999969482422,110.62000274658203,110.2699966430664,110.3499984741211,3130600.0
2020-09-30,110.36000061035156,111.05000305175781,110.27999877929688,110.88999938964844,5666300.0
2020-10-01,110.94000244140625,111.0,110.68000030517578,110.7300033569336,13558400.0
2020-10-02,110.2300033569336,110.55999755859375,110.0199966430664,110.33999633789062,7086200.0
2020-10-05,110.5,110.91999816894531,110.45999908447266,110.7699966430664,3906300.0
2020-10-06,110.9800033569336,111.1500015258789,110.72000122070312,110.8499984741211,5501400.0
2020-10-07,111.16000366210938,111.25,110.88999938964844,111.08999633789062,4359900.0
2020-10-08,111.6500015258789,112.33999633789062,111.54000091552734,112.16999816894531,4718100.0
2020-10-09,112.44000244140625,112.55000305175781,112.30999755859375,112.44000244140625,3917900.0
2020-10-12,112.70999908447266,112.80999755859375,112.47000122070312,112.7300033569336,2194600.0
2020-10-13,112.73999786376953,112.73999786376953,112.4000015258789,112.44999694824219,3141500.0
2020-10-14,112.47000122070312,112.55000305175781,112.27999877929688,112.41000366210938,3652400.0
2020-10-15,111.83000183105469,112.05999755859375,111.80000305175781,111.95999908447266,2951000.0
2020-10-16,112.22000122070312,112.47000122070312,112.08000183105469,112.12999725341797,2711400.0
2020-10-19,112.2699966430664,112.3499984741211,111.47000122070312,111.4800033569336,3641600.0
2020-10-20,111.62999725341797,111.73999786376953,111.45999908447266,111.54000091552734,3683600.0
2020-10-21,111.20999908447266,111.41000366210938,110.97000122070312,110.97000122070312,4228000.0
2020-10-22,110.7699966430664,110.94000244140625,110.43000030517578,110.44999694824219,4235400.0
2020-10-23,110.7300033569336,111.01000213623047,110.51000213623047,110.97000122070312,3120100.0
2020-10-26,110.79000091552734,110.88999938964844,110.51000213623047,110.56999969482422,2802300.0
2020-10-27,111.0,111.25,110.58999633789062,111.2300033569336,3592200.0
2020-10-28,110.9000015258789,110.94000244140625,110.25,110.27999877929688,5907000.0
2020-10-29,110.1500015258789,110.41000366210938,109.98999786376953,110.31999969482422,4872700.0
2020-10-30,110.19999694824219,110.25,109.81999969482422,110.0199966430664,4039300.0
2020-11-02,109.8499984741211,110.11000061035156,109.75,109.80000305175781,5619600.0
2020-11-03,110.51000213623047,110.75,110.11000061035156,110.69000244140625,4640600.0
2020-11-04,111.30999755859375,112.95999908447266,111.30999755859375,112.83000183105469,8412000.0
2020-11-05,113.41000366210938,113.56999969482422,112.79000091552734,113.26000213623047,7675400.0
2020-11-06,112.9000015258789,113.0199966430664,112.5,112.76000213623047,5941400.0
2020-11-09,114.23999786376953,114.3499984741211,113.12999725341797,113.30000305175781,6858300.0
2020-11-10,112.94999694824219,113.44000244140625,112.75,113.18000030517578,3642000.0
2020-11-11,113.66999816894531,113.83000183105469,113.51000213623047,113.61000061035156,2757100.0
2020-11-12,113.88999938964844,113.91999816894531,113.30999755859375,113.38999938964844,4903200.0
2020-11-13,113.75,113.8499984741211,113.5999984741211,113.83000183105469,2239500.0
2020-11-16,114.05999755859375,114.12999725341797,113.88999938964844,114.08000183105469,2678200.0
2020-11-17,113.87999725341797,113.98999786376953,113.5199966430664,113.87999725341797,4046500.0
2020-11-18,114.01000213623047,114.0999984741211,113.7300033569336,113.77999877929688,2573600.0
2020-11-19,113.9800033569336,114.11000061035156,113.80999755859375,114.04000091552734,3831500.0
2020-11-20,114.12000274658203,114.2300033569336,113.93000030517578,114.12000274658203,3414200.0
2020-11-23,114.45999908447266,114.45999908447266,113.94999694824219,114.02999877929688,2943500.0
2020-11-24,114.2699966430664,114.27999877929688,114.13999938964844,114.19000244140625,3987700.0
2020-11-25,114.12999725341797,114.33999633789062,113.95999908447266,114.0999984741211,3188500.0
2020-11-27,114.51000213623047,114.58000183105469,114.16000366210938,114.47000122070312,2213700.0
2020-11-30,114.25,114.56999969482422,113.73999786376953,114.25,4760200.0
2020-12-01,114.0,114.16999816894531,113.8499984741211,114.13999938964844,11012000.0
2020-12-02,114.30000305175781,114.33000183105469,114.08000183105469,114.19999694824219,5828100.0
2020-12-03,114.66000366210938,114.68000030517578,114.51000213623047,114.68000030517578,6414400.0
2020-12-04,114.87999725341797,114.91000366210938,114.69000244140625,114.77999877929688,3710000.0
2020-12-07,114.68000030517578,114.79000091552734,114.62000274658203,114.76000213623047,3639400.0
2020-12-08,114.56999969482422,114.69000244140625,114.4800033569336,114.56999969482422,3035700.0
2020-12-09,114.44000244140625,114.94000244140625,114.1500015258789,114.29000091552734,6346700.0
2020-12-10,114.44000244140625,114.95999908447266,114.29000091552734,114.86000061035156,4956400.0
2020-12-11,114.83999633789062,114.9800033569336,114.7300033569336,114.91999816894531,3868100.0
2020-12-14,115.0199966430664,115.06999969482422,114.91000366210938,114.91999816894531,2532600.0
2020-12-15,115.12000274658203,115.33999633789062,114.98999786376953,115.30999755859375,3161300.0
2020-12-16,115.37999725341797,115.52999877929688,114.44999694824219,115.38999938964844,3171300.0
2020-12-17,115.31999969482422,115.48999786376953,115.16999816894531,115.37000274658203,5549600.0
2020-12-18,115.36000061035156,115.38999938964844,115.08000183105469,115.22000122070312,2648100.0
2020-12-21,114.7699966430664,114.91000366210938,114.54000091552734,114.88999938964844,4485300.0
2020-12-22,115.01000213623047,115.08999633789062,114.93000030517578,115.02999877929688,2104400.0
2020-12-23,115.22000122070312,115.30000305175781,115.02999877929688,115.19999694824219,1369700.0
2020-12-24,115.31999969482422,115.51000213623047,115.25,115.48999786376953,1067800.0
2020-12-28,115.3499984741211,115.62999725341797,115.27999877929688,115.5199966430664,2473200.0
2020-12-29,115.51000213623047,115.79000091552734,115.51000213623047,115.69000244140625,2680800.0
2020-12-30,115.79000091552734,115.9000015258789,115.63999938964844,115.83999633789062,1902200.0
2020-12-31,115.87000274658203,115.95999908447266,115.75,115.91000366210938,1790600.0
2021-01-04,116.0199966430664,116.08999633789062,115.22000122070312,115.2699966430664,7154100.0
2021-01-05,115.4000015258789,115.4000015258789,115.12999725341797,115.3499984741211,3575900.0
2021-01-06,114.66000366210938,114.68000030517578,114.37999725341797,114.5199966430664,4796000.0
2021-01-07,114.55000305175781,114.55000305175781,114.23999786376953,114.4800033569336,2780500.0
2021-01-08,114.55999755859375,114.58999633789062,114.27999877929688,114.54000091552734,4835200.0
2021-01-11,114.08000183105469,114.11000061035156,113.55999755859375,113.63999938964844,4847500.0
2021-01-12,113.12999725341797,113.30000305175781,112.80999755859375,113.0999984741211,7312000.0
2021-01-13,113.44999694824219,113.83000183105469,113.4000015258789,113.62999725341797,5885000.0
2021-01-14,113.93000030517578,113.93000030517578,113.29000091552734,113.30000305175781,4375200.0
2021-01-15,113.44999694824219,113.58000183105469,113.19999694824219,113.43000030517578,2748100.0
2021-01-19,113.6500015258789,113.72000122070312,113.47000122070312,113.58999633789062,4028400.0
2021-01-20,113.69000244140625,113.81999969482422,113.5999984741211,113.72000122070312,3085500.0
2021-01-21,113.7300033569336,113.83000183105469,113.52999877929688,113.80000305175781,2646800.0
2021-01-22,113.6500015258789,113.87999725341797,113.62999725341797,113.8499984741211,2056700.0
2021-01-25,114.11000061035156,114.30000305175781,113.94000244140625,114.30000305175781,2804700.0
2021-01-26,114.18000030517578,114.20999908447266,114.11000061035156,114.1500015258789,3185400.0
2021-01-27,113.94000244140625,113.95999908447266,113.5999984741211,113.62000274658203,4735800.0
2021-01-28,113.77999877929688,114.05000305175781,113.72000122070312,113.86000061035156,4140000.0
2021-01-29,113.75,114.06999969482422,113.69000244140625,113.8499984741211,4655400.0
2021-02-01,113.61000061035156,114.19999694824219,113.61000061035156,114.05000305175781,4772900.0
2021-02-02,113.97000122070312,114.13999938964844,113.91000366210938,114.05000305175781,5958300.0
2021-02-03,114.05999755859375,114.05999755859375,113.76000213623047,113.76000213623047,2827000.0
2021-02-04,113.80999755859375,114.16999816894531,113.63999938964844,114.08999633789062,3177400.0
2021-02-05,114.44000244140625,114.45999908447266,114.12999725341797,114.22000122070312,3336800.0
2021-02-08,114.05000305175781,114.2300033569336,113.87000274658203,114.22000122070312,5153500.0
2021-02-09,114.1500015258789,114.1500015258789,113.80999755859375,113.80999755859375,2742400.0
2021-02-10,114.05999755859375,114.08999633789062,113.91999816894531,114.04000091552734,1984400.0
2021-02-11,114.19999694824219,114.33000183105469,113.98999786376953,114.11000061035156,3366600.0
2021-02-12,113.86000061035156,113.86000061035156,113.41000366210938,113.4800033569336,6524400.0
2021-02-16,113.19000244140625,113.19999694824219,112.06999969482422,112.08999633789062,8498000.0
2021-02-17,112.0999984741211,112.76000213623047,112.0999984741211,112.70999908447266,6065900.0
2021-02-18,112.62000274658203,112.66999816894531,112.31999969482422,112.58999633789062,2652400.0
2021-02-19,112.4800033569336,112.52999877929688,111.9800033569336,111.98999786376953,4524200.0
2021-02-22,111.1500015258789,111.5199966430664,111.08000183105469,111.2300033569336,5033900.0
2021-02-23,111.19999694824219,111.41000366210938,110.80999755859375,111.36000061035156,7176400.0
2021-02-24,110.48999786376953,111.72000122070312,110.48999786376953,111.52999877929688,5420300.0
2021-02-25,110.7300033569336,110.93000030517578,109.23999786376953,109.54000091552734,9819200.0
2021-02-26,110.08000183105469,110.12000274658203,109.54000091552734,110.02999877929688,8060000.0
2021-03-01,110.22000122070312,110.55000305175781,110.06999969482422,110.29000091552734,5013500.0
2021-03-02,110.19000244140625,110.5199966430664,110.05999755859375,110.22000122070312,5862300.0
2021-03-03,109.97000122070312,109.97000122070312,109.55000305175781,109.55999755859375,5171300.0
2021-03-04,109.55000305175781,109.73999786376953,108.56999969482422,108.62000274658203,8697800.0
2021-03-05,108.76000213623047,108.76000213623047,108.19999694824219,108.5999984741211,12208400.0
2021-03-08,108.05000305175781,108.05000305175781,106.69999694824219,106.72000122070312,9895300.0
2021-03-09,107.8499984741211,108.23999786376953,107.81999969482422,107.9800033569336,8196200.0
2021-03-10,108.12999725341797,109.0999984741211,108.12999725341797,109.02999877929688,5711600.0
2021-03-11,109.77999877929688,109.9800033569336,109.20999908447266,109.83999633789062,6994400.0
2021-03-12,108.88999938964844,108.9000015258789,108.29000091552734,108.45999908447266,5986400.0
2021-03-15,108.83999633789062,109.19000244140625,108.55000305175781,109.16999816894531,3879300.0
2021-03-16,109.61000061035156,109.87000274658203,109.4000015258789,109.55000305175781,4319300.0
2021-03-17,109.08999633789062,111.16000366210938,108.68000030517578,110.47000122070312,9837300.0
2021-03-18,109.04000091552734,109.58999633789062,108.72000122070312,108.97000122070312,7538500.0
2021-03-19,109.05000305175781,109.44000244140625,108.76000213623047,109.29000091552734,4752000.0
2021-03-22,108.98999786376953,109.73999786376953,108.87000274658203,109.52999877929688,4615900.0
2021-03-23,109.5999984741211,109.5999984741211,109.11000061035156,109.13999938964844,4658400.0
2021-03-24,109.44000244140625,109.58000183105469,109.0999984741211,109.37999725341797,4270500.0
2021-03-25,109.3499984741211,109.38999938964844,108.88999938964844,109.22000122070312,3860500.0
2021-03-26,109.12999725341797,109.26000213623047,108.93000030517578,109.26000213623047,1997500.0
2021-03-29,108.98999786376953,109.19999694824219,108.58999633789062,108.69000244140625,7379700.0
2021-03-30,108.23999786376953,108.76000213623047,108.12000274658203,108.73999786376953,6058900.0
2021-03-31,108.56999969482422,109.23999786376953,108.56999969482422,108.87999725341797,8844400.0
2021-04-01,109.02999877929688,109.44999694824219,108.86000061035156,109.38999938964844,7724400.0
2021-04-05,108.80999755859375,109.26000213623047,108.80999755859375,109.26000213623047,3134600.0
2021-04-06,109.4800033569336,109.75,109.29000091552734,109.62999725341797,3791300.0
2021-04-07,109.43000030517578,109.7699966430664,109.16000366210938,109.25,3194000.0
2021-04-08,109.52999877929688,109.87999725341797,109.5,109.87999725341797,3091400.0
2021-04-09,109.54000091552734,109.63999938964844,109.33999633789062,109.58000183105469,5464200.0
2021-04-12,109.91999816894531,109.91999816894531,109.66000366210938,109.76000213623047,2741200.0
2021-04-13,109.72000122070312,110.36000061035156,109.63999938964844,110.33999633789062,3270400.0
2021-04-14,110.27999877929688,110.37999725341797,110.1500015258789,110.23999786376953,3239700.0
2021-04-15,110.86000061035156,111.72000122070312,110.7699966430664,111.58000183105469,6935200.0
2021-04-16,111.3499984741211,111.3499984741211,111.08000183105469,111.22000122070312,3335900.0
2021-04-19,111.18000030517578,111.23999786376953,111.01000213623047,111.13999938964844,3153900.0
2021-04-20,111.0,111.0,110.77999877929688,110.86000061035156,2521400.0
2021-04-21,110.83000183105469,111.12999725341797,110.79000091552734,111.06999969482422,1670000.0
2021-04-22,111.19999694824219,111.30999755859375,111.06999969482422,111.23999786376953,1552400.0
2021-04-23,111.2300033569336,111.44000244140625,111.08999633789062,111.43000030517578,1935100.0
2021-04-26,110.68000030517578,111.2699966430664,110.68000030517578,110.91999816894531,2746100.0
2021-04-27,110.75,110.76000213623047,110.22000122070312,110.31999969482422,3286000.0
2021-04-28,110.30000305175781,110.81999969482422,110.19999694824219,110.69000244140625,4071600.0
2021-04-29,110.73999786376953,110.83000183105469,110.38999938964844,110.81999969482422,3306300.0
2021-04-30,110.83999633789062,111.16000366210938,110.76000213623047,111.13999938964844,3777200.0
2021-05-03,110.7699966430664,111.05000305175781,110.5199966430664,110.63999938964844,3258500.0
2021-05-04,110.62000274658203,110.87999725341797,110.45999908447266,110.73999786376953,4239900.0
2021-05-05,110.62000274658203,110.91000366210938,110.62000274658203,110.88999938964844,2036400.0
2021-05-06,110.91000366210938,111.20999908447266,110.87000274658203,111.0999984741211,2512600.0
2021-05-07,111.58000183105469,111.80000305175781,111.37999725341797,111.5999984741211,5003600.0
2021-05-10,111.5,111.58999633789062,111.26000213623047,111.3499984741211,2708300.0
2021-05-11,110.80000305175781,111.12999725341797,110.80000305175781,111.08999633789062,2550400.0
2021-05-12,110.5999984741211,110.69000244140625,110.04000091552734,110.08000183105469,5320800.0
2021-05-13,110.29000091552734,110.76000213623047,110.0999984741211,110.6500015258789,3533200.0
2021-05-14,111.22000122070312,111.3499984741211,111.05000305175781,111.2300033569336,3731600.0
2021-05-17,111.12999725341797,111.18000030517578,111.01000213623047,111.16999816894531,1495000.0
2021-05-18,111.3499984741211,111.3499984741211,111.1500015258789,111.16000366210938,1917800.0
2021-05-19,110.8499984741211,111.02999877929688,110.48999786376953,110.63999938964844,3791600.0
2021-05-20,111.05000305175781,111.4800033569336,110.98999786376953,111.41000366210938,2877000.0
2021-05-21,111.41999816894531,111.47000122070312,111.12000274658203,111.19000244140625,1784100.0
2021-05-24,111.2699966430664,111.55000305175781,111.22000122070312,111.30999755859375,1688000.0
2021-05-25,111.37999725341797,111.86000061035156,111.37999725341797,111.8499984741211,2543400.0
2021-05-26,112.0,112.0,111.75,111.83999633789062,2000700.0
2021-05-27,111.30000305175781,111.69999694824219,111.30000305175781,111.62999725341797,2739000.0
2021-05-28,111.79000091552734,112.0999984741211,111.70999908447266,111.86000061035156,3458600.0
2021-06-01,111.62999725341797,111.94999694824219,111.43000030517578,111.6500015258789,1936500.0
2021-06-02,111.91000366210938,111.91000366210938,111.66000366210938,111.81999969482422,2728300.0
2021-06-03,111.54000091552734,111.54000091552734,111.23999786376953,111.2699966430664,3296400.0
2021-06-04,111.5999984741211,112.12000274658203,111.55999755859375,112.01000213623047,2624700.0
2021-06-07,111.86000061035156,111.9000015258789,111.75,111.76000213623047,1554800.0
2021-06-08,112.26000213623047,112.33000183105469,112.13999938964844,112.19999694824219,3897200.0
2021-06-09,112.73999786376953,112.80999755859375,112.55000305175781,112.5999984741211,3847200.0
2021-06-10,112.33999633789062,112.80000305175781,112.05999755859375,112.7699966430664,3290600.0
2021-06-11,113.0,113.01000213623047,112.73999786376953,112.9000015258789,2102300.0
2021-06-14,112.72000122070312,112.7300033569336,112.12999725341797,112.22000122070312,4677300.0
2021-06-15,112.05999755859375,112.55000305175781,111.91999816894531,112.47000122070312,7737400.0
2021-06-16,112.36000061035156,112.54000091552734,111.0,111.51000213623047,6415100.0
2021-06-17,111.93000030517578,112.27999877929688,111.75,111.94999694824219,5237800.0
2021-06-18,112.13999938964844,112.6500015258789,112.13999938964844,112.2699966430664,6615000.0
2021-06-21,112.08000183105469,112.33999633789062,111.97000122070312,112.19999694824219,2978500.0
2021-06-22,111.9000015258789,112.19000244140625,111.73999786376953,112.1500015258789,2929800.0
2021-06-23,112.22000122070312,112.3499984741211,112.08999633789062,112.27999877929688,2097600.0
2021-06-24,112.27999877929688,112.38999938964844,112.2300033569336,112.31999969482422,2504200.0
2021-06-25,112.55999755859375,112.55999755859375,111.95999908447266,112.12999725341797,3713000.0
2021-06-28,112.27999877929688,112.41000366210938,112.16000366210938,112.33999633789062,3114800.0
2021-06-29,112.11000061035156,112.30999755859375,112.08000183105469,112.30999755859375,3136500.0
2021-06-30,112.19999694824219,112.63999938964844,112.19999694824219,112.45999908447266,9725700.0
2021-07-01,112.01000213623047,112.06999969482422,111.81999969482422,111.98999786376953,5653200.0
2021-07-02,111.7699966430664,112.20999908447266,111.76000213623047,112.12000274658203,3669100.0
2021-07-06,111.80000305175781,112.26000213623047,111.80000305175781,112.25,4849800.0
2021-07-07,112.44000244140625,112.5,112.23999786376953,112.41000366210938,3602700.0
2021-07-08,112.04000091552734,112.37000274658203,112.04000091552734,112.18000030517578,3741600.0
2021-07-09,112.18000030517578,112.26000213623047,112.04000091552734,112.1500015258789,3386300.0
2021-07-12,112.26000213623047,112.30999755859375,112.05999755859375,112.22000122070312,3274900.0
2021-07-13,112.1500015258789,112.33000183105469,111.76000213623047,111.81999969482422,5184100.0
2021-07-14,112.25,112.37999725341797,112.1500015258789,112.30000305175781,3359300.0
2021-07-15,112.47000122070312,112.7300033569336,112.3499984741211,112.6500015258789,4205600.0
2021-07-16,112.63999938964844,112.69999694824219,112.48999786376953,112.5,2693000.0
2021-07-19,112.73999786376953,112.73999786376953,112.43000030517578,112.5199966430664,4850000.0
2021-07-20,112.81999969482422,112.91999816894531,112.61000061035156,112.83000183105469,5233900.0
2021-07-21,112.41999816894531,112.5,112.2300033569336,112.4000015258789,4152700.0
2021-07-22,112.44999694824219,112.69000244140625,112.37999725341797,112.6500015258789,2874000.0
2021-07-23,112.37000274658203,112.69999694824219,112.36000061035156,112.66000366210938,2527700.0
2021-07-26,112.48999786376953,112.62999725341797,112.30000305175781,112.3499984741211,3296000.0
2021-07-27,112.45999908447266,112.45999908447266,111.88999938964844,112.05000305175781,4321800.0
2021-07-28,111.94999694824219,112.3499984741211,111.8499984741211,112.33000183105469,3771700.0
2021-07-29,112.33999633789062,112.4800033569336,112.30999755859375,112.43000030517578,2915700.0
2021-07-30,112.37999725341797,112.81999969482422,112.33000183105469,112.7300033569336,6666600.0
2021-08-02,112.68000030517578,112.75,112.33000183105469,112.52999877929688,6646600.0
2021-08-03,112.6500015258789,112.6500015258789,112.44999694824219,112.58000183105469,3001200.0
2021-08-04,112.80000305175781,112.83999633789062,112.30000305175781,112.62999725341797,3663100.0
2021-08-05,112.58000183105469,112.63999938964844,112.44000244140625,112.55999755859375,1716000.0
2021-08-06,112.19999694824219,112.2699966430664,111.91999816894531,111.95999908447266,6417800.0
2021-08-09,111.9000015258789,112.02999877929688,111.55999755859375,111.58999633789062,4868500.0
2021-08-10,111.79000091552734,111.81999969482422,111.5,111.56999969482422,2832900.0
2021-08-11,111.66999816894531,111.83999633789062,111.45999908447266,111.63999938964844,4094700.0
2021-08-12,111.58999633789062,111.83000183105469,111.5199966430664,111.79000091552734,2356600.0
2021-08-13,111.94999694824219,112.36000061035156,111.83000183105469,112.31999969482422,3617000.0
2021-08-16,112.26000213623047,112.41000366210938,112.22000122070312,112.33999633789062,2098900.0
2021-08-17,112.08000183105469,112.2699966430664,112.08000183105469,112.23999786376953,3205500.0
2021-08-18,112.2300033569336,112.33000183105469,112.05000305175781,112.1500015258789,2362400.0
2021-08-19,112.0999984741211,112.27999877929688,112.0199966430664,112.26000213623047,1829100.0
2021-08-20,112.2699966430664,112.33000183105469,112.04000091552734,112.0999984741211,4432600.0
2021-08-23,112.27999877929688,112.54000091552734,112.16000366210938,112.5199966430664,3305400.0
2021-08-24,112.5199966430664,112.63999938964844,112.4000015258789,112.58999633789062,1994800.0
2021-08-25,112.69999694824219,112.69999694824219,112.44999694824219,112.51000213623047,1684100.0
2021-08-26,112.43000030517578,112.4800033569336,112.23999786376953,112.33000183105469,2477300.0
2021-08-27,112.5,113.08999633789062,112.36000061035156,113.05000305175781,4964400.0
2021-08-30,112.94000244140625,113.37000274658203,112.94000244140625,113.3499984741211,2226400.0
2021-08-31,113.52999877929688,113.63999938964844,113.30000305175781,113.38999938964844,5386200.0
2021-09-01,113.22000122070312,113.30000305175781,113.08000183105469,113.23999786376953,5756700.0
2021-09-02,113.31999969482422,113.55000305175781,113.2300033569336,113.55000305175781,3752800.0
2021-09-03,113.16000366210938,113.31999969482422,113.11000061035156,113.18000030517578,4474200.0
2021-09-07,113.08999633789062,113.0999984741211,112.87000274658203,112.87000274658203,3497900.0
2021-09-08,112.98999786376953,113.13999938964844,112.9000015258789,113.06999969482422,3241000.0
2021-09-09,112.95999908447266,113.38999938964844,112.9000015258789,113.26000213623047,4375000.0
2021-09-10,113.16999816894531,113.19999694824219,112.83999633789062,112.9000015258789,3135900.0
2021-09-13,112.80000305175781,113.1500015258789,112.80000305175781,113.05000305175781,3367200.0
2021-09-14,113.26000213623047,113.44000244140625,113.16999816894531,113.2699966430664,2110100.0
2021-09-15,113.05000305175781,113.26000213623047,113.05000305175781,113.25,2088400.0
2021-09-16,112.76000213623047,113.0199966430664,112.76000213623047,112.87000274658203,4144800.0
2021-09-17,112.69999694824219,112.70999908447266,112.5,112.5,4562500.0
2021-09-20,112.20999908447266,112.37999725341797,111.80999755859375,111.9800033569336,8051500.0
2021-09-21,112.43000030517578,112.43000030517578,112.0999984741211,112.19000244140625,3619900.0
2021-09-22,112.19000244140625,112.4800033569336,112.06999969482422,112.26000213623047,4988400.0
2021-09-23,112.16000366210938,112.23999786376953,111.29000091552734,111.4000015258789,8424200.0
2021-09-24,111.2699966430664,111.30000305175781,110.80999755859375,110.94000244140625,5935900.0
2021-09-27,110.6500015258789,110.73999786376953,110.41000366210938,110.61000061035156,5592000.0
2021-09-28,110.13999938964844,110.19999694824219,109.91000366210938,109.9800033569336,6043600.0
2021-09-29,110.0,110.47000122070312,109.98999786376953,110.08000183105469,5891000.0
2021-09-30,110.3499984741211,110.37000274658203,110.04000091552734,110.05999755859375,5882900.0
2021-10-01,109.73999786376953,109.87999725341797,109.3499984741211,109.69000244140625,8394300.0
2021-10-04,109.5,109.66999816894531,109.08000183105469,109.16000366210938,11547300.0
2021-10-05,109.31999969482422,109.31999969482422,109.04000091552734,109.2300033569336,6736600.0
2021-10-06,108.91000366210938,109.11000061035156,108.61000061035156,109.0,9146900.0
2021-10-07,109.31999969482422,109.47000122070312,109.08999633789062,109.12000274658203,5635700.0
2021-10-08,109.19000244140625,109.19000244140625,108.81999969482422,108.8499984741211,4164900.0
2021-10-11,108.72000122070312,108.91000366210938,108.5199966430664,108.55000305175781,1997500.0
2021-10-12,108.72000122070312,108.93000030517578,108.66000366210938,108.9000015258789,5427200.0
2021-10-13,109.04000091552734,109.62999725341797,109.04000091552734,109.58999633789062,6229200.0
2021-10-14,109.94000244140625,110.16000366210938,109.8499984741211,110.05999755859375,6519200.0
2021-10-15,109.87999725341797,110.04000091552734,109.66999816894531,109.93000030517578,6233700.0
2021-10-18,109.58999633789062,109.76000213623047,109.3499984741211,109.56999969482422,6353300.0
2021-10-19,109.5999984741211,109.75,109.44999694824219,109.48999786376953,5955600.0
2021-10-20,109.43000030517578,109.69000244140625,109.4000015258789,109.55000305175781,4268100.0
2021-10-21,109.41000366210938,109.44000244140625,109.02999877929688,109.08000183105469,8084000.0
2021-10-22,109.30999755859375,109.52999877929688,109.12999725341797,109.51000213623047,6091900.0
2021-10-25,109.45999908447266,109.66000366210938,109.45999908447266,109.58999633789062,4612800.0
2021-10-26,109.79000091552734,109.9000015258789,109.72000122070312,109.81999969482422,3541700.0
2021-10-27,110.18000030517578,110.69999694824219,110.05999755859375,110.47000122070312,7438500.0
2021-10-28,110.27999877929688,110.44000244140625,110.20999908447266,110.26000213623047,6509900.0
2021-10-29,109.98999786376953,110.1500015258789,109.75,109.88999938964844,6552600.0
2021-11-01,109.27999877929688,109.47000122070312,109.12000274658203,109.2300033569336,9179200.0
2021-11-02,109.52999877929688,109.62000274658203,109.23999786376953,109.37000274658203,3496000.0
2021-11-03,109.27999877929688,109.51000213623047,108.94000244140625,109.19999694824219,5427500.0
2021-11-04,109.56999969482422,110.05999755859375,109.47000122070312,109.98999786376953,6439700.0
2021-11-05,110.33999633789062,110.88999938964844,110.20999908447266,110.81999969482422,8755800.0
2021-11-08,110.73999786376953,110.86000061035156,110.6500015258789,110.72000122070312,5875300.0
2021-11-09,110.94000244140625,111.08000183105469,110.62000274658203,110.91999816894531,3725500.0
2021-11-10,110.52999877929688,110.54000091552734,109.16000366210938,109.30000305175781,12496500.0
2021-11-11,109.5,109.69000244140625,109.27999877929688,109.30000305175781,4485300.0
2021-11-12,109.69999694824219,109.7300033569336,109.4000015258789,109.58000183105469,4477400.0
2021-11-15,109.51000213623047,109.76000213623047,109.19000244140625,109.29000091552734,4157800.0
2021-11-16,109.2699966430664,109.44999694824219,109.02999877929688,109.04000091552734,3689500.0
2021-11-17,109.04000091552734,109.18000030517578,108.81999969482422,109.16000366210938,4397400.0
2021-11-18,109.12000274658203,109.4800033569336,109.05999755859375,109.44000244140625,6348500.0
2021-11-19,109.47000122070312,109.56999969482422,109.36000061035156,109.41000366210938,6923900.0
2021-11-22,109.13999938964844,109.30000305175781,108.2300033569336,108.27999877929688,6330400.0
2021-11-23,107.94000244140625,108.06999969482422,107.5199966430664,107.5999984741211,7929400.0
2021-11-24,107.7300033569336,107.83999633789062,107.54000091552734,107.7699966430664,6138800.0
2021-11-26,107.0,107.33999633789062,106.16000366210938,106.56999969482422,7474000.0
2021-11-29,106.8499984741211,107.58999633789062,106.8499984741211,107.48999786376953,8511300.0
2021-11-30,107.5,107.9800033569336,107.30999755859375,107.47000122070312,8287600.0
2021-12-01,107.76000213623047,108.05999755859375,107.62000274658203,107.86000061035156,11077400.0
2021-12-02,107.86000061035156,108.55000305175781,107.86000061035156,108.5,6419400.0
2021-12-03,108.38999938964844,108.86000061035156,108.05000305175781,108.63999938964844,5562500.0
2021-12-06,108.7699966430664,108.91999816894531,108.62000274658203,108.73999786376953,5079500.0
2021-12-07,109.19999694824219,109.43000030517578,108.91999816894531,109.31999969482422,5701800.0
2021-12-08,109.30999755859375,109.4000015258789,108.9800033569336,109.16000366210938,5153900.0
2021-12-09,109.08999633789062,109.38999938964844,109.05000305175781,109.08999633789062,4640100.0
2021-12-10,109.2699966430664,109.4000015258789,109.01000213623047,109.11000061035156,4148900.0
2021-12-13,109.11000061035156,109.69999694824219,109.11000061035156,109.55999755859375,4684400.0
2021-12-14,109.18000030517578,109.52999877929688,109.12999725341797,109.27999877929688,6808200.0
2021-12-15,109.0199966430664,109.08999633789062,108.33999633789062,108.93000030517578,10297700.0
2021-12-16,108.79000091552734,108.87999725341797,108.58999633789062,108.66999816894531,4734900.0
2021-12-17,108.51000213623047,108.6500015258789,108.37999725341797,108.4800033569336,5209800.0
2021-12-20,108.02999877929688,108.16000366210938,107.4800033569336,107.9000015258789,6982200.0
2021-12-21,107.81999969482422,108.23999786376953,107.70999908447266,108.22000122070312,5202800.0
2021-12-22,108.18000030517578,108.37999725341797,108.05000305175781,108.33999633789062,2978900.0
2021-12-23,108.41000366210938,108.56999969482422,108.22000122070312,108.5,2573300.0
2021-12-27,108.23999786376953,108.91000366210938,108.20999908447266,108.9000015258789,3472600.0
2021-12-28,108.9000015258789,108.97000122070312,108.77999877929688,108.80000305175781,2277500.0
2021-12-29,108.77999877929688,108.77999877929688,108.5,108.69000244140625,2931200.0
2021-12-30,108.75,109.30999755859375,108.69000244140625,109.19999694824219,3857000.0
2021-12-31,109.0999984741211,109.44000244140625,109.0,109.05999755859375,2557400.0
2022-01-03,108.70999908447266,108.7300033569336,107.93000030517578,107.9800033569336,7038900.0
2022-01-04,108.04000091552734,108.16000366210938,107.73999786376953,107.91999816894531,5048300.0
2022-01-05,107.93000030517578,107.93000030517578,106.88999938964844,106.88999938964844,7721100.0
2022-01-06,106.55999755859375,106.88999938964844,106.51000213623047,106.79000091552734,8509900.0
2022-01-07,106.61000061035156,106.70999908447266,106.26000213623047,106.58000183105469,6154800.0
2022-01-10,106.0,106.25,105.58999633789062,106.22000122070312,7931400.0
2022-01-11,106.12999725341797,106.44000244140625,105.81999969482422,106.44000244140625,7766000.0
2022-01-12,106.43000030517578,106.55000305175781,106.12999725341797,106.22000122070312,5497000.0
2022-01-13,105.94999694824219,106.05999755859375,105.69999694824219,105.86000061035156,7146100.0
2022-01-14,105.33999633789062,105.33999633789062,104.87999725341797,104.93000030517578,8349900.0
2022-01-18,104.30999755859375,104.37000274658203,103.66000366210938,103.95999908447266,9744600.0
2022-01-19,104.83999633789062,105.04000091552734,104.4800033569336,104.66000366210938,9557500.0
2022-01-20,105.08999633789062,105.4000015258789,104.9000015258789,105.02999877929688,7904600.0
2022-01-21,105.72000122070312,105.83999633789062,105.38999938964844,105.58999633789062,8765600.0
2022-01-24,105.12000274658203,105.1500015258789,104.45999908447266,104.87999725341797,14850600.0
2022-01-25,104.88999938964844,105.08999633789062,104.69999694824219,105.04000091552734,6197500.0
2022-01-26,105.44000244140625,105.79000091552734,104.43000030517578,104.48999786376953,10195900.0
2022-01-27,105.30000305175781,105.55000305175781,104.83999633789062,105.08000183105469,7410800.0
2022-01-28,105.01000213623047,105.51000213623047,104.7699966430664,105.41000366210938,7223200.0
2022-01-31,105.08000183105469,105.4800033569336,105.04000091552734,105.37999725341797,4809900.0
2022-02-01,105.27999877929688,105.27999877929688,104.76000213623047,105.27999877929688,5899800.0
2022-02-02,105.62999725341797,105.83000183105469,105.5199966430664,105.76000213623047,7244800.0
2022-02-03,105.12000274658203,105.20999908447266,104.79000091552734,104.8499984741211,6752600.0
2022-02-04,104.38999938964844,104.56999969482422,104.08999633789062,104.3499984741211,9835900.0
2022-02-07,104.11000061035156,104.37000274658203,103.98999786376953,104.2300033569336,5035500.0
2022-02-08,103.95999908447266,104.0,103.77999877929688,103.95999908447266,6037700.0
2022-02-09,104.29000091552734,104.47000122070312,104.19000244140625,104.33000183105469,5457700.0
2022-02-10,103.87000274658203,104.13999938964844,102.87999725341797,102.95999908447266,9866500.0
2022-02-11,103.19000244140625,103.4000015258789,101.8499984741211,102.36000061035156,11060200.0
2022-02-14,102.69999694824219,102.97000122070312,102.36000061035156,102.75,11158600.0
2022-02-15,103.23999786376953,103.37000274658203,103.0,103.13999938964844,7384300.0
2022-02-16,103.36000061035156,103.51000213623047,103.04000091552734,103.44000244140625,5539500.0
2022-02-17,103.18000030517578,103.30999755859375,102.80000305175781,102.95999908447266,10384200.0
2022-02-18,103.06999969482422,103.22000122070312,102.69000244140625,103.0,7250700.0
2022-02-22,102.31999969482422,102.55000305175781,101.47000122070312,101.69999694824219,16308300.0
2022-02-23,101.44000244140625,101.54000091552734,99.98999786376953,99.98999786376953,14922100.0
2022-02-24,97.18000030517578,99.05000305175781,96.86000061035156,98.9800033569336,21996200.0
2022-02-25,100.80000305175781,100.98999786376953,99.77999877929688,100.16999816894531,15088800.0
2022-02-28,97.94000244140625,99.56999969482422,97.91999816894531,99.19999694824219,11971600.0
2022-03-01,97.87000274658203,100.5199966430664,96.93000030517578,97.31999969482422,15640900.0
2022-03-02,97.5999984741211,98.69999694824219,96.75,97.11000061035156,15469300.0
2022-03-03,97.01000213623047,97.83000183105469,96.41000366210938,96.69000244140625,9996600.0
2022-03-04,95.77999877929688,95.80999755859375,94.27999877929688,94.61000061035156,9520700.0
2022-03-07,94.5999984741211,94.5999984741211,93.68000030517578,93.87000274658203,6372900.0
2022-03-08,94.0,95.87000274658203,94.0,94.69000244140625,10283000.0
2022-03-09,95.66999816894531,96.2699966430664,95.26000213623047,95.61000061035156,10222200.0
2022-03-10,95.26000213623047,95.87000274658203,94.95999908447266,95.75,7325500.0
2022-03-11,95.77999877929688,95.88999938964844,94.80000305175781,95.01000213623047,5711300.0
2022-03-14,95.13999938964844,95.33999633789062,94.5,94.80999755859375,5511300.0
2022-03-15,95.05000305175781,95.5199966430664,94.95999908447266,95.37999725341797,7626000.0
2022-03-16,96.30000305175781,97.41000366210938,95.29000091552734,97.33000183105469,13249500.0
2022-03-17,96.97000122070312,98.41000366210938,96.75,97.94999694824219,8794700.0
2022-03-18,97.37999725341797,97.91000366210938,97.23999786376953,97.55000305175781,6990100.0
2022-03-21,96.91999816894531,97.12999725341797,95.7300033569336,95.83999633789062,7045800.0
2022-03-22,95.80999755859375,95.95999908447266,95.56999969482422,95.66999816894531,7197500.0
2022-03-23,95.5199966430664,96.0199966430664,95.44999694824219,95.75,6127700.0
2022-03-24,95.73999786376953,96.18000030517578,95.36000061035156,96.12999725341797,6757200.0
2022-03-25,95.9800033569336,95.98999786376953,95.43000030517578,95.91000366210938,4222800.0
2022-03-28,96.30999755859375,96.86000061035156,96.18000030517578,96.83999633789062,8095700.0
2022-03-29,97.61000061035156,98.08000183105469,97.55999755859375,97.79000091552734,9243600.0
2022-03-30,97.29000091552734,97.9800033569336,97.29000091552734,97.86000061035156,4751900.0
2022-03-31,97.8499984741211,98.19999694824219,97.63999938964844,97.76000213623047,5240700.0
2022-04-01,96.98999786376953,98.0,96.76000213623047,97.7300033569336,8681300.0
2022-04-04,97.69000244140625,98.31999969482422,97.56999969482422,98.11000061035156,5114000.0
2022-04-05,97.5,97.72000122070312,96.38999938964844,96.52999877929688,7746100.0
2022-04-06,95.77999877929688,96.68000030517578,95.5999984741211,96.23999786376953,7718500.0
2022-04-07,96.0199966430664,96.25,95.69999694824219,95.95999908447266,4554800.0
2022-04-08,95.56999969482422,95.62000274658203,95.05999755859375,95.12999725341797,5904700.0
2022-04-11,94.51000213623047,94.5199966430664,93.88999938964844,94.0,6380400.0
2022-04-12,94.69000244140625,94.9000015258789,94.26000213623047,94.3499984741211,5625300.0
2022-04-13,94.4800033569336,94.93000030517578,94.38999938964844,94.58999633789062,4503100.0
2022-04-14,94.44999694824219,94.55000305175781,93.6500015258789,93.70999908447266,6758600.0
2022-04-18,93.81999969482422,94.11000061035156,93.55000305175781,93.66000366210938,2539000.0
2022-04-19,93.29000091552734,93.58000183105469,93.18000030517578,93.29000091552734,4402100.0
2022-04-20,93.76000213623047,94.01000213623047,93.56999969482422,93.93000030517578,3247600.0
2022-04-21,93.83999633789062,93.86000061035156,92.88999938964844,93.08000183105469,5492200.0
2022-04-22,92.98999786376953,93.16999816894531,91.37000274658203,92.08999633789062,8558800.0
2022-04-25,92.1500015258789,93.29000091552734,92.1500015258789,93.16999816894531,9107500.0
2022-04-26,93.23999786376953,93.23999786376953,92.52999877929688,92.52999877929688,5247000.0
2022-04-27,92.33999633789062,92.69999694824219,92.18000030517578,92.27999877929688,5571400.0
2022-04-28,92.1500015258789,92.54000091552734,91.77999877929688,92.44999694824219,4298700.0
2022-04-29,91.63999938964844,91.91999816894531,90.79000091552734,90.87999725341797,8270000.0
2022-05-02,90.5999984741211,90.63999938964844,89.58999633789062,90.0199966430664,6916200.0
2022-05-03,90.54000091552734,90.7300033569336,90.36000061035156,90.4000015258789,5186200.0
2022-05-04,90.5199966430664,92.05999755859375,90.22000122070312,91.94999694824219,9656000.0
2022-05-05,91.04000091552734,91.04000091552734,89.91000366210938,90.56999969482422,9182500.0
2022-05-06,89.81999969482422,90.02999877929688,89.16000366210938,89.3499984741211,6780900.0
2022-05-09,88.87000274658203,89.0,88.22000122070312,88.55999755859375,7282100.0
2022-05-10,89.19000244140625,89.43000030517578,88.87999725341797,89.0,6853800.0
2022-05-11,88.91000366210938,89.76000213623047,88.58000183105469,89.38999938964844,7871400.0
2022-05-12,89.12999725341797,89.5999984741211,89.0,89.44999694824219,5886400.0
2022-05-13,89.5199966430664,89.87999725341797,89.08000183105469,89.30000305175781,5150200.0
2022-05-16,89.25,89.47000122070312,88.7699966430664,88.81999969482422,4832700.0
2022-05-17,89.11000061035156,89.33000183105469,88.9000015258789,89.13999938964844,4366000.0
2022-05-18,88.95999908447266,89.06999969482422,88.5199966430664,88.56999969482422,4977500.0
2022-05-19,88.70999908447266,89.3499984741211,88.5999984741211,89.05000305175781,5067200.0
2022-05-20,89.30000305175781,89.69999694824219,89.0199966430664,89.62999725341797,3836000.0
2022-05-23,89.66999816894531,89.94999694824219,89.4800033569336,89.69000244140625,3635900.0
2022-05-24,89.69000244140625,90.48999786376953,89.6500015258789,90.47000122070312,4470900.0
2022-05-25,90.61000061035156,91.37000274658203,90.55999755859375,91.2699966430664,6416700.0
2022-05-26,91.2300033569336,91.76000213623047,91.19000244140625,91.56999969482422,4621300.0
2022-05-27,92.04000091552734,92.62000274658203,91.55000305175781,91.72000122070312,6038200.0
2022-05-31,91.62000274658203,91.6500015258789,91.01000213623047,91.25,7140700.0
2022-06-01,91.36000061035156,91.44000244140625,90.33999633789062,90.75,6394200.0
2022-06-02,91.1500015258789,91.75,90.55999755859375,91.62999725341797,5463100.0
2022-06-03,90.7300033569336,91.22000122070312,90.68000030517578,91.01000213623047,5257500.0
2022-06-06,90.91999816894531,90.91999816894531,89.7699966430664,89.80999755859375,5603500.0
2022-06-07,89.9000015258789,90.47000122070312,89.87999725341797,90.33999633789062,4521000.0
2022-06-08,89.93000030517578,90.05000305175781,89.41000366210938,89.44999694824219,5419800.0
2022-06-09,89.20999908447266,89.33000183105469,88.62000274658203,88.70999908447266,6635200.0
2022-06-10,88.16999816894531,88.29000091552734,87.16999816894531,87.22000122070312,9099400.0
2022-06-13,85.66999816894531,85.88999938964844,84.31999969482422,84.91000366210938,11596600.0
2022-06-14,85.79000091552734,85.93000030517578,84.43000030517578,84.87000274658203,9132200.0
2022-06-15,86.05000305175781,87.54000091552734,84.94999694824219,87.41000366210938,10108900.0
2022-06-16,85.29000091552734,85.7699966430664,84.75,85.47000122070312,10930700.0
2022-06-17,85.93000030517578,86.22000122070312,85.25,85.93000030517578,7681200.0
2022-06-21,85.69999694824219,86.29000091552734,85.55999755859375,85.68000030517578,6653800.0
2022-06-22,85.77999877929688,86.19999694824219,85.75,85.80999755859375,4419200.0
2022-06-23,86.20999908447266,86.4800033569336,86.05999755859375,86.37999725341797,6705000.0
2022-06-24,86.37000274658203,86.95999908447266,86.30999755859375,86.48999786376953,2827100.0
2022-06-27,86.19999694824219,86.29000091552734,85.27999877929688,85.30999755859375,7757100.0
2022-06-28,85.16999816894531,85.33999633789062,84.44999694824219,84.66000366210938,5845000.0
2022-06-29,84.58000183105469,85.02999877929688,84.06999969482422,84.97000122070312,5625600.0
2022-06-30,84.70999908447266,85.47000122070312,84.27999877929688,85.31999969482422,5880200.0
2022-07-01,85.68000030517578,86.3499984741211,85.68000030517578,86.1500015258789,6095200.0
2022-07-05,85.22000122070312,85.51000213623047,85.0,85.47000122070312,4720100.0
2022-07-06,85.12000274658203,85.33000183105469,84.68000030517578,84.77999877929688,5243200.0
2022-07-07,84.97000122070312,85.29000091552734,84.91000366210938,85.02999877929688,5542500.0
2022-07-08,84.83000183105469,84.83000183105469,84.22000122070312,84.62999725341797,3599100.0
2022-07-11,84.37999725341797,84.58000183105469,83.54000091552734,83.91999816894531,9389500.0
2022-07-12,83.41000366210938,83.77999877929688,83.37000274658203,83.68000030517578,7325900.0
2022-07-13,82.37000274658203,83.41000366210938,82.26000213623047,83.33999633789062,11472300.0
2022-07-14,82.37000274658203,82.54000091552734,81.87000274658203,81.87999725341797,10206900.0
2022-07-15,82.55999755859375,82.95999908447266,82.37000274658203,82.69999694824219,6155800.0
2022-07-18,83.13999938964844,83.5199966430664,82.5999984741211,82.73999786376953,7826400.0
2022-07-19,82.9800033569336,83.9800033569336,82.93000030517578,83.94999694824219,6148300.0
2022-07-20,84.19000244140625,84.66000366210938,84.08000183105469,84.61000061035156,6210000.0
2022-07-21,84.73999786376953,85.13999938964844,84.7300033569336,85.08000183105469,7452400.0
2022-07-22,85.38999938964844,86.01000213623047,85.38999938964844,86.01000213623047,5028700.0
2022-07-25,85.63999938964844,86.1500015258789,85.63999938964844,86.06999969482422,5464100.0
2022-07-26,85.73999786376953,85.83000183105469,85.16000366210938,85.2699966430664,6867700.0
2022-07-27,85.4000015258789,86.69000244140625,85.31999969482422,86.55999755859375,5732300.0
2022-07-28,86.93000030517578,87.80999755859375,86.83999633789062,87.68000030517578,6680000.0
2022-07-29,87.70999908447266,88.3499984741211,87.69999694824219,88.0199966430664,6618000.0
2022-08-01,87.68000030517578,88.25,87.4800033569336,88.06999969482422,4347000.0
2022-08-02,87.62000274658203,87.70999908447266,86.79000091552734,86.79000091552734,6272500.0
2022-08-03,87.12000274658203,88.52999877929688,87.0199966430664,88.45999908447266,4489400.0
2022-08-04,88.61000061035156,88.98999786376953,88.4800033569336,88.6500015258789,6175700.0
2022-08-05,87.70999908447266,88.47000122070312,87.5999984741211,88.47000122070312,5134400.0
2022-08-08,89.01000213623047,89.8499984741211,89.0,89.77999877929688,7124400.0
2022-08-09,89.16000366210938,89.25,88.26000213623047,88.27999877929688,6196200.0
2022-08-10,89.19999694824219,90.16999816894531,88.87000274658203,89.86000061035156,8858600.0
2022-08-11,90.5,90.70999908447266,89.29000091552734,89.48999786376953,10298400.0
2022-08-12,89.55000305175781,90.2300033569336,89.43000030517578,90.16999816894531,6929200.0
2022-08-15,89.76000213623047,90.51000213623047,89.68000030517578,90.0,11595900.0
2022-08-16,89.22000122070312,89.5,88.88999938964844,89.22000122070312,9588300.0
2022-08-17,88.30999755859375,88.44000244140625,87.62999725341797,88.23999786376953,7841700.0
2022-08-18,88.30000305175781,88.30999755859375,87.87999725341797,88.13999938964844,4122100.0
2022-08-19,87.41999816894531,87.55000305175781,86.77999877929688,86.80000305175781,6266700.0
2022-08-22,86.37000274658203,86.37999725341797,86.0,86.16000366210938,5196500.0
2022-08-23,86.6500015258789,87.44000244140625,86.5199966430664,87.06999969482422,5325700.0
2022-08-24,87.23999786376953,87.38999938964844,86.87000274658203,86.98999786376953,3069300.0
2022-08-25,87.31999969482422,87.91000366210938,86.87999725341797,87.91000366210938,3939900.0
2022-08-26,87.75,87.93000030517578,86.54000091552734,86.54000091552734,4766200.0
2022-08-29,86.37999725341797,86.37999725341797,85.88999938964844,86.0199966430664,4392200.0
2022-08-30,86.36000061035156,86.43000030517578,85.5199966430664,85.98999786376953,4848200.0
2022-08-31,85.75,85.87999725341797,85.26000213623047,85.30000305175781,4062600.0
2022-09-01,84.5,84.8499984741211,84.23999786376953,84.77999877929688,8189300.0
2022-09-02,85.22000122070312,85.93000030517578,84.62000274658203,85.08000183105469,7373700.0
2022-09-06,84.88999938964844,85.05000305175781,84.18000030517578,84.30000305175781,7778300.0
2022-09-07,84.61000061035156,85.61000061035156,84.41999816894531,85.58000183105469,7897800.0
2022-09-08,85.37000274658203,85.80000305175781,85.18000030517578,85.61000061035156,5656300.0
2022-09-09,85.79000091552734,86.37999725341797,85.79000091552734,86.12999725341797,7071000.0
2022-09-12,86.51000213623047,86.70999908447266,86.06999969482422,86.0999984741211,4478500.0
2022-09-13,84.91999816894531,85.29000091552734,84.70999908447266,84.77999877929688,6781300.0
2022-09-14,84.61000061035156,85.12999725341797,84.55000305175781,84.72000122070312,5210000.0
2022-09-15,84.76000213623047,85.2699966430664,84.48999786376953,84.66000366210938,6520100.0
2022-09-16,83.95999908447266,84.52999877929688,83.87999725341797,84.19999694824219,5536100.0
2022-09-19,84.01000213623047,84.5199966430664,83.9800033569336,84.5,4833500.0
2022-09-20,83.77999877929688,83.94000244140625,83.48999786376953,83.72000122070312,4509000.0
2022-09-21,83.88999938964844,84.23999786376953,83.11000061035156,83.4800033569336,7387000.0
2022-09-22,83.45999908447266,83.45999908447266,82.61000061035156,82.91999816894531,7297100.0
2022-09-23,82.41999816894531,82.43000030517578,81.41000366210938,81.91999816894531,9751000.0
2022-09-26,80.94000244140625,81.30000305175781,79.80000305175781,79.98999786376953,11960800.0
2022-09-27,80.43000030517578,80.55000305175781,78.58999633789062,78.70999908447266,13911900.0
2022-09-28,79.01000213623047,80.6500015258789,78.80000305175781,80.5999984741211,10066800.0
2022-09-29,79.73999786376953,79.9000015258789,78.70999908447266,79.58000183105469,8970900.0
2022-09-30,80.01000213623047,80.05000305175781,79.20999908447266,79.4000015258789,11578700.0
2022-10-03,79.73999786376953,80.95999908447266,79.6500015258789,80.2300033569336,13613000.0
2022-10-04,81.66999816894531,81.93000030517578,81.33999633789062,81.73999786376953,9842100.0
2022-10-05,80.83000183105469,80.88999938964844,80.16999816894531,80.58000183105469,11026900.0
2022-10-06,80.72000122070312,80.94999694824219,80.0999984741211,80.2699966430664,8467700.0
2022-10-07,79.6500015258789,79.81999969482422,79.0,79.19000244140625,6037600.0
2022-10-10,79.43000030517578,79.43000030517578,78.44999694824219,78.95999908447266,2397800.0
2022-10-11,78.88999938964844,79.36000061035156,78.5,78.9000015258789,9676300.0
2022-10-12,78.9000015258789,78.91000366210938,78.38999938964844,78.62000274658203,6756800.0
2022-10-13,77.33000183105469,78.88999938964844,77.08999633789062,78.37999725341797,9200400.0
2022-10-14,79.05999755859375,79.05999755859375,77.73999786376953,77.80000305175781,8054800.0
2022-10-17,78.5,78.94000244140625,78.13999938964844,78.2300033569336,7339800.0
2022-10-18,78.63999938964844,79.12999725341797,78.18000030517578,79.05999755859375,9070600.0
2022-10-19,78.08999633789062,78.41000366210938,77.73999786376953,77.87999725341797,8645200.0
2022-10-20,77.36000061035156,78.08999633789062,76.8499984741211,77.08999633789062,6567000.0
2022-10-21,76.98999786376953,77.98999786376953,76.3499984741211,77.94000244140625,10789100.0
2022-10-24,77.63999938964844,78.26000213623047,77.26000213623047,77.88999938964844,7385800.0
2022-10-25,78.33000183105469,79.30999755859375,78.23999786376953,79.23999786376953,9292400.0
2022-10-26,79.26000213623047,80.22000122070312,79.26000213623047,79.76000213623047,7021500.0
2022-10-27,79.75,80.29000091552734,79.58999633789062,79.94000244140625,6896000.0
2022-10-28,79.80999755859375,80.36000061035156,79.7699966430664,80.13999938964844,4777500.0
2022-10-31,79.66000366210938,79.66000366210938,78.73999786376953,78.9000015258789,27070100.0
2022-11-01,79.69999694824219,80.08000183105469,79.26000213623047,80.02999877929688,11197900.0
2022-11-02,80.02999877929688,80.91999816894531,79.29000091552734,79.41999816894531,8725500.0
2022-11-03,78.5199966430664,79.33000183105469,78.23999786376953,79.13999938964844,9378500.0
2022-11-04,79.87000274658203,80.54000091552734,79.63999938964844,80.41000366210938,10249600.0
2022-11-07,80.66000366210938,80.66000366210938,80.0999984741211,80.37999725341797,4683100.0
2022-11-08,80.55000305175781,81.30999755859375,80.43000030517578,80.94000244140625,5413800.0
2022-11-09,80.66999816894531,81.29000091552734,79.48999786376953,79.8499984741211,11738800.0
2022-11-10,82.2300033569336,83.58000183105469,82.08999633789062,83.5199966430664,14982500.0
2022-11-11,83.63999938964844,83.79000091552734,83.0,83.5,6558300.0
2022-11-14,82.94000244140625,83.26000213623047,82.7300033569336,82.79000091552734,9605600.0
2022-11-15,83.95999908447266,84.41000366210938,83.04000091552734,84.3499984741211,19587600.0
2022-11-16,84.2699966430664,84.48999786376953,84.05000305175781,84.3499984741211,10058400.0
2022-11-17,83.38999938964844,83.8499984741211,83.29000091552734,83.58999633789062,6657500.0
2022-11-18,83.93000030517578,84.0199966430664,83.23999786376953,83.58999633789062,4390700.0
2022-11-21,83.93000030517578,83.98999786376953,83.43000030517578,83.5999984741211,4628300.0
2022-11-22,83.91999816894531,84.4800033569336,83.9000015258789,84.47000122070312,5782300.0
2022-11-23,84.68000030517578,85.16999816894531,84.55999755859375,85.0199966430664,2946500.0
2022-11-25,84.95999908447266,85.43000030517578,84.95999908447266,85.41000366210938,1722000.0
2022-11-28,85.41000366210938,85.62999725341797,84.9800033569336,85.06999969482422,5452400.0
2022-11-29,85.33000183105469,85.5999984741211,85.0999984741211,85.45999908447266,4721800.0
2022-11-30,85.45999908447266,86.58000183105469,85.29000091552734,86.43000030517578,5681500.0
2022-12-01,86.52999877929688,87.86000061035156,86.3499984741211,87.80000305175781,13699700.0
2022-12-02,86.51000213623047,87.44000244140625,86.30999755859375,87.43000030517578,5625500.0
2022-12-05,86.72000122070312,86.91999816894531,85.97000122070312,86.08999633789062,6933900.0
2022-12-06,85.97000122070312,86.02999877929688,85.37000274658203,85.62000274658203,6509200.0
2022-12-07,86.13999938964844,86.87999725341797,86.12999725341797,86.86000061035156,6651200.0
2022-12-08,86.86000061035156,87.18000030517578,86.54000091552734,86.69999694824219,5667700.0
2022-12-09,86.36000061035156,86.7300033569336,86.0999984741211,86.0999984741211,6389800.0
2022-12-12,86.55999755859375,86.62999725341797,86.16999816894531,86.41999816894531,5203800.0
2022-12-13,88.37999725341797,88.38999938964844,87.08999633789062,87.25,10831800.0
2022-12-14,87.18000030517578,87.55999755859375,86.22000122070312,87.12000274658203,6368200.0
2022-12-15,86.69000244140625,86.79000091552734,86.08999633789062,86.31999969482422,6104000.0
2022-12-16,85.95999908447266,86.06999969482422,85.58000183105469,85.87000274658203,5663900.0
2022-12-19,85.72000122070312,85.77999877929688,85.33999633789062,85.4000015258789,5357500.0
2022-12-20,84.93000030517578,85.2300033569336,84.75,84.97000122070312,5477500.0
2022-12-21,85.75,86.18000030517578,85.63999938964844,86.08000183105469,6668600.0
2022-12-22,86.04000091552734,86.04000091552734,85.41000366210938,85.63999938964844,4473700.0
2022-12-23,85.37999725341797,85.4800033569336,84.9800033569336,85.18000030517578,2268000.0
2022-12-27,85.05999755859375,85.08000183105469,84.62999725341797,84.66999816894531,2358600.0
2022-12-28,84.83999633789062,85.11000061035156,84.27999877929688,84.36000061035156,5823400.0
2022-12-29,84.95999908447266,85.12999725341797,84.62000274658203,85.01000213623047,4332000.0
2022-12-30,84.70999908447266,84.86000061035156,84.41999816894531,84.58999633789062,2465700.0
2023-01-03,85.5999984741211,85.62000274658203,84.91000366210938,84.95999908447266,6537900.0
2023-01-04,85.66999816894531,86.08999633789062,85.52999877929688,86.0,6395700.0
2023-01-05,85.16999816894531,85.37999725341797,84.87999725341797,85.22000122070312,6627500.0
2023-01-06,85.3499984741211,86.75,85.2300033569336,86.7300033569336,8135400.0
2023-01-09,86.26000213623047,86.91999816894531,86.1500015258789,86.55999755859375,8375400.0
2023-01-10,86.13999938964844,86.13999938964844,85.73999786376953,86.0199966430664,8733300.0
2023-01-11,87.0,87.16999816894531,86.75,87.0,21637000.0
2023-01-12,87.41000366210938,88.16000366210938,86.66000366210938,88.02999877929688,11072000.0
2023-01-13,87.66000366210938,88.20999908447266,87.62000274658203,87.81999969482422,7729700.0
2023-01-17,87.31999969482422,88.04000091552734,87.25,87.91000366210938,7286400.0
2023-01-18,89.08000183105469,89.4800033569336,88.61000061035156,88.94999694824219,13413400.0
2023-01-19,88.62999725341797,88.83999633789062,88.27999877929688,88.69999694824219,10619900.0
2023-01-20,88.33000183105469,88.54000091552734,88.18000030517578,88.5,6131600.0
2023-01-23,88.3499984741211,88.6500015258789,88.25,88.44999694824219,4270800.0
2023-01-24,88.18000030517578,88.87000274658203,88.0199966430664,88.83999633789062,6428700.0
2023-01-25,88.45999908447266,88.80000305175781,88.30999755859375,88.77999877929688,6291200.0
2023-01-26,88.5199966430664,88.80999755859375,88.20999908447266,88.77999877929688,5835000.0
2023-01-27,88.2699966430664,88.75,88.2699966430664,88.61000061035156,4154600.0
2023-01-30,87.91999816894531,88.25,87.4800033569336,87.4800033569336,6648700.0
2023-01-31,87.69999694824219,87.97000122070312,87.5,87.91000366210938,10027600.0
2023-02-01,88.0199966430664,89.31999969482422,87.87000274658203,89.26000213623047,8472000.0
2023-02-02,89.79000091552734,89.97000122070312,89.33000183105469,89.55000305175781,14188400.0
2023-02-03,88.37000274658203,88.79000091552734,88.23999786376953,88.31999969482422,9056000.0
2023-02-06,87.5,87.58000183105469,87.0,87.06999969482422,8997700.0
2023-02-07,87.05999755859375,87.81999969482422,86.76000213623047,87.1500015258789,8378700.0
2023-02-08,87.1500015258789,87.23999786376953,86.66000366210938,87.0999984741211,7534900.0
2023-02-09,87.52999877929688,87.63999938964844,86.38999938964844,86.52999877929688,7788500.0
2023-02-10,86.30000305175781,86.33999633789062,85.55000305175781,85.86000061035156,10120200.0
2023-02-13,86.11000061035156,86.25,85.87000274658203,86.0999984741211,6715100.0
2023-02-14,86.19999694824219,86.37000274658203,85.72000122070312,86.1500015258789,13109600.0
2023-02-15,85.9000015258789,86.05999755859375,85.69000244140625,85.9000015258789,8657100.0
2023-02-16,85.69000244140625,85.80999755859375,85.31999969482422,85.33999633789062,8208900.0
2023-02-17,85.11000061035156,85.44000244140625,85.01000213623047,85.37000274658203,8941400.0
2023-02-21,84.69999694824219,84.75,84.01000213623047,84.08000183105469,7284700.0
2023-02-22,84.5999984741211,84.83000183105469,84.33000183105469,84.41000366210938,8897100.0
2023-02-23,85.31999969482422,85.83999633789062,85.05000305175781,85.76000213623047,7930200.0
2023-02-24,85.0,85.3499984741211,84.8499984741211,85.16999816894531,5162400.0
2023-02-27,85.62000274658203,85.70999908447266,85.2699966430664,85.5999984741211,6826400.0
2023-02-28,85.19000244140625,85.37999725341797,84.80000305175781,85.23999786376953,5695100.0
2023-03-01,84.75,84.8499984741211,84.23999786376953,84.30000305175781,7304200.0
2023-03-02,83.70999908447266,84.08000183105469,83.5999984741211,83.98999786376953,8891400.0
2023-03-03,84.5999984741211,85.30000305175781,84.5,85.27999877929688,6299900.0
2023-03-06,85.47000122070312,85.48999786376953,84.87000274658203,84.94000244140625,4664800.0
2023-03-07,85.11000061035156,85.12999725341797,84.41999816894531,84.58999633789062,6995000.0
2023-03-08,84.58000183105469,84.98999786376953,84.08000183105469,84.19000244140625,6783900.0
2023-03-09,84.41999816894531,84.69999694824219,84.0999984741211,84.20999908447266,11879300.0
2023-03-10,84.87999725341797,85.18000030517578,84.63999938964844,85.0,8826200.0
2023-03-13,84.75,85.6500015258789,84.7300033569336,84.86000061035156,14656800.0
2023-03-14,84.88999938964844,85.19000244140625,84.51000213623047,84.62999725341797,7247100.0
2023-03-15,84.5999984741211,84.94999694824219,84.30000305175781,84.94000244140625,11381500.0
2023-03-16,85.0,85.16000366210938,84.37999725341797,84.58000183105469,7268600.0
2023-03-17,84.5999984741211,84.6500015258789,84.19000244140625,84.19999694824219,20251600.0
2023-03-20,84.06999969482422,84.55999755859375,84.06999969482422,84.20999908447266,9517700.0
2023-03-21,84.79000091552734,84.91999816894531,84.62000274658203,84.80999755859375,5544000.0
2023-03-22,84.77999877929688,86.05999755859375,84.62999725341797,85.55000305175781,9077600.0
2023-03-23,85.51000213623047,85.86000061035156,85.33000183105469,85.86000061035156,6410200.0
2023-03-24,85.5999984741211,85.83999633789062,85.33999633789062,85.38999938964844,4949900.0
2023-03-27,85.05000305175781,85.27999877929688,84.98999786376953,85.02999877929688,4239500.0
2023-03-28,85.01000213623047,85.04000091552734,84.56999969482422,84.7300033569336,11901400.0
2023-03-29,84.9800033569336,85.16000366210938,84.91000366210938,85.13999938964844,6385500.0
2023-03-30,85.56999969482422,85.7699966430664,85.41000366210938,85.7300033569336,6493100.0
2023-03-31,85.83000183105469,86.4000015258789,85.80000305175781,86.27999877929688,7196100.0
2023-04-03,85.9800033569336,86.3499984741211,85.8499984741211,86.23999786376953,6277000.0
2023-04-04,86.0999984741211,86.44999694824219,86.04000091552734,86.36000061035156,4683200.0
2023-04-05,86.19000244140625,86.41999816894531,85.93000030517578,86.18000030517578,4970000.0
2023-04-06,86.19000244140625,86.23999786376953,86.0199966430664,86.08999633789062,3563700.0
2023-04-10,85.63999938964844,85.70999908447266,85.44999694824219,85.63999938964844,4056100.0
2023-04-11,85.8499984741211,85.9000015258789,85.66999816894531,85.7300033569336,4433000.0
2023-04-12,86.2300033569336,86.33999633789062,85.73999786376953,85.9800033569336,4639100.0
2023-04-13,86.16999816894531,86.3499984741211,86.0,86.06999969482422,2987600.0
2023-04-14,85.88999938964844,86.05999755859375,85.66999816894531,85.88999938964844,4158300.0
2023-04-17,85.70999908447266,85.72000122070312,85.18000030517578,85.33999633789062,6169600.0
2023-04-18,85.23999786376953,85.5999984741211,85.23999786376953,85.31999969482422,4666100.0
2023-04-19,85.0,85.08999633789062,84.87000274658203,84.91000366210938,5465800.0
2023-04-20,84.83999633789062,85.04000091552734,84.76000213623047,84.80999755859375,6161300.0
2023-04-21,85.01000213623047,85.12000274658203,84.63999938964844,84.81999969482422,2954900.0
2023-04-24,84.70999908447266,85.08999633789062,84.70999908447266,85.05000305175781,4877100.0
2023-04-25,85.20999908447266,85.68000030517578,85.20999908447266,85.56999969482422,4325800.0
2023-04-26,85.69000244140625,85.76000213623047,85.27999877929688,85.33999633789062,5070500.0
2023-04-27,85.43000030517578,85.45999908447266,85.27999877929688,85.36000061035156,3661100.0
2023-04-28,85.68000030517578,86.1500015258789,85.68000030517578,86.1500015258789,7019700.0
2023-05-01,85.37999725341797,85.56999969482422,84.81999969482422,84.94999694824219,7072300.0
2023-05-02,85.11000061035156,85.41000366210938,85.04000091552734,85.30999755859375,4142900.0
2023-05-03,85.55000305175781,85.81999969482422,85.4000015258789,85.58000183105469,3694700.0
2023-05-04,85.58999633789062,85.58999633789062,85.11000061035156,85.1500015258789,6763800.0
2023-05-05,85.13999938964844,85.47000122070312,85.08999633789062,85.38999938964844,4066400.0
2023-05-08,85.22000122070312,85.22000122070312,84.97000122070312,85.05000305175781,3406100.0
2023-05-09,85.0,85.11000061035156,84.88999938964844,85.01000213623047,3094500.0
2023-05-10,85.44999694824219,85.54000091552734,85.33999633789062,85.4800033569336,3712700.0
2023-05-11,85.76000213623047,85.87999725341797,85.5999984741211,85.75,3556600.0
2023-05-12,85.58000183105469,85.66999816894531,85.18000030517578,85.20999908447266,5072200.0
2023-05-15,84.83999633789062,84.94999694824219,84.79000091552734,84.83999633789062,4737000.0
2023-05-16,84.68000030517578,84.73999786376953,84.47000122070312,84.51000213623047,2822800.0
2023-05-17,84.6500015258789,84.72000122070312,84.44000244140625,84.5199966430664,4034600.0
2023-05-18,84.3499984741211,84.43000030517578,84.1500015258789,84.18000030517578,4421200.0
2023-05-19,84.30999755859375,84.45999908447266,84.1500015258789,84.16999816894531,4407400.0
2023-05-22,84.31999969482422,84.37999725341797,84.08999633789062,84.16000366210938,3578900.0
2023-05-23,84.2300033569336,84.30000305175781,83.98999786376953,84.26000213623047,3190700.0
2023-05-24,84.45999908447266,84.45999908447266,84.02999877929688,84.12000274658203,4770700.0
2023-05-25,84.2699966430664,84.33999633789062,83.80000305175781,83.9000015258789,4019000.0
2023-05-26,83.88999938964844,84.29000091552734,83.88999938964844,84.25,4146700.0
2023-05-30,84.52999877929688,84.91000366210938,84.4800033569336,84.88999938964844,4482100.0
2023-05-31,84.51000213623047,84.9800033569336,84.51000213623047,84.77999877929688,4623600.0
2023-06-01,84.5,84.98999786376953,84.38999938964844,84.98999786376953,9882600.0
2023-06-02,85.06999969482422,85.12999725341797,84.80999755859375,84.86000061035156,4724100.0
2023-06-05,84.91000366210938,85.16000366210938,84.7699966430664,85.13999938964844,6430300.0
2023-06-06,85.04000091552734,85.33000183105469,84.83999633789062,85.29000091552734,3854300.0
2023-06-07,85.22000122070312,85.33999633789062,84.77999877929688,84.79000091552734,3861300.0
2023-06-08,84.80999755859375,85.27999877929688,84.79000091552734,85.2699966430664,4117700.0
2023-06-09,85.12999725341797,85.33999633789062,85.08999633789062,85.16999816894531,3415200.0
2023-06-12,85.47000122070312,85.68000030517578,85.2300033569336,85.63999938964844,5517600.0
2023-06-13,85.72000122070312,85.91000366210938,85.31999969482422,85.51000213623047,3637300.0
2023-06-14,85.54000091552734,85.88999938964844,85.26000213623047,85.69000244140625,3561100.0
2023-06-15,85.8499984741211,86.12999725341797,85.69999694824219,86.12999725341797,5592400.0
2023-06-16,86.0199966430664,86.02999877929688,85.70999908447266,85.79000091552734,2511600.0
2023-06-20,85.9000015258789,86.12999725341797,85.81999969482422,85.83000183105469,3889800.0
2023-06-21,85.93000030517578,86.44999694824219,85.69999694824219,86.27999877929688,11177200.0
2023-06-22,86.11000061035156,86.16999816894531,85.86000061035156,85.94999694824219,3848200.0
2023-06-23,86.18000030517578,86.41000366210938,86.05000305175781,86.05000305175781,2917300.0
2023-06-26,86.27999877929688,86.41999816894531,86.19999694824219,86.31999969482422,3700900.0
2023-06-27,86.37000274658203,86.52999877929688,86.20999908447266,86.31999969482422,4381300.0
2023-06-28,86.33999633789062,86.44000244140625,86.16999816894531,86.37999725341797,4503600.0
2023-06-29,86.05000305175781,86.05000305175781,85.76000213623047,85.91999816894531,4319000.0
2023-06-30,86.18000030517578,86.62000274658203,86.12999725341797,86.54000091552734,4943300.0
2023-07-03,86.22000122070312,86.41000366210938,86.12000274658203,86.36000061035156,5083100.0
2023-07-05,86.20999908447266,86.20999908447266,85.81999969482422,85.91999816894531,5234100.0
2023-07-06,85.27999877929688,85.27999877929688,84.55000305175781,84.69000244140625,7823100.0
2023-07-07,84.52999877929688,84.9000015258789,84.2699966430664,84.58999633789062,5414500.0
2023-07-10,84.69000244140625,85.01000213623047,84.69000244140625,84.94999694824219,3788700.0
2023-07-11,85.37000274658203,85.5199966430664,85.29000091552734,85.48999786376953,5984500.0
2023-07-12,86.20999908447266,86.58000183105469,86.16999816894531,86.51000213623047,4950600.0
2023-07-13,87.19000244140625,87.52999877929688,87.01000213623047,87.44999694824219,6892500.0
2023-07-14,87.25,87.30000305175781,86.93000030517578,86.94000244140625,3907100.0
2023-07-17,86.87999725341797,87.13999938964844,86.8499984741211,87.06999969482422,2214500.0
2023-07-18,87.1500015258789,87.5999984741211,87.12999725341797,87.5,5535800.0
2023-07-19,87.45999908447266,87.62999725341797,87.13999938964844,87.26000213623047,6555500.0
2023-07-20,86.94000244140625,86.94999694824219,86.58000183105469,86.7300033569336,6902800.0
2023-07-21,86.95999908447266,87.13999938964844,86.87000274658203,87.0,6036800.0
2023-07-24,87.33000183105469,87.45999908447266,87.11000061035156,87.16999816894531,5910100.0
2023-07-25,86.94000244140625,87.16000366210938,86.81999969482422,87.05999755859375,3301300.0
2023-07-26,87.23999786376953,87.47000122070312,87.05000305175781,87.33999633789062,3514400.0
2023-07-27,87.41000366210938,87.41999816894531,86.47000122070312,86.51000213623047,6565000.0
2023-07-28,87.08000183105469,87.56999969482422,86.98999786376953,87.55999755859375,4310300.0
2023-07-31,87.63999938964844,87.79000091552734,87.51000213623047,87.68000030517578,4705600.0
2023-08-01,86.87999725341797,86.93000030517578,86.45999908447266,86.45999908447266,8951300.0
2023-08-02,86.29000091552734,86.29000091552734,85.52999877929688,85.83999633789062,8745800.0
2023-08-03,85.37999725341797,85.43000030517578,85.08999633789062,85.11000061035156,7354000.0
2023-08-04,85.69999694824219,86.4000015258789,85.69999694824219,86.23999786376953,6336600.0
2023-08-07,86.11000061035156,86.20999908447266,85.91999816894531,85.95999908447266,2721200.0
2023-08-08,86.20999908447266,86.27999877929688,86.0,86.18000030517578,4013300.0
2023-08-09,86.29000091552734,86.4000015258789,86.16999816894531,86.36000061035156,3013000.0
2023-08-10,86.41000366210938,86.72000122070312,86.0199966430664,86.02999877929688,4229100.0
2023-08-11,86.05000305175781,86.13999938964844,85.7699966430664,85.83000183105469,4950500.0
2023-08-14,85.38999938964844,85.4000015258789,85.0999984741211,85.13999938964844,4343600.0
2023-08-15,84.7300033569336,84.7699966430664,84.41000366210938,84.41999816894531,8907200.0
2023-08-16,84.58999633789062,84.68000030517578,84.25,84.26000213623047,6894600.0
2023-08-17,84.20999908447266,84.30000305175781,84.01000213623047,84.19000244140625,6233600.0
2023-08-18,84.11000061035156,84.4000015258789,84.04000091552734,84.16999816894531,4198800.0
2023-08-21,84.08999633789062,84.08999633789062,83.62999725341797,83.75,5360900.0
2023-08-22,83.97000122070312,84.08000183105469,83.86000061035156,83.9800033569336,5616800.0
2023-08-23,84.62999725341797,85.33000183105469,84.58999633789062,85.33000183105469,5303800.0
2023-08-24,85.19000244140625,85.19000244140625,84.70999908447266,84.75,5073700.0
2023-08-25,84.80999755859375,85.1500015258789,84.61000061035156,84.87999725341797,4679700.0
2023-08-28,85.0999984741211,85.23999786376953,85.0,85.1500015258789,3304400.0
2023-08-29,85.12999725341797,86.05000305175781,85.12000274658203,86.02999877929688,5650000.0
2023-08-30,85.80999755859375,85.9800033569336,85.72000122070312,85.80000305175781,3956700.0
2023-08-31,85.68000030517578,85.8499984741211,85.68000030517578,85.72000122070312,3925100.0
2023-09-01,85.52999877929688,85.56999969482422,84.80999755859375,85.1500015258789,5214400.0
2023-09-05,84.83999633789062,84.87999725341797,84.30000305175781,84.31999969482422,5055600.0
2023-09-06,84.30999755859375,84.44000244140625,84.06999969482422,84.19000244140625,5023300.0
2023-09-07,84.33999633789062,84.6500015258789,84.29000091552734,84.63999938964844,3756900.0
2023-09-08,84.83999633789062,85.0199966430664,84.5999984741211,84.70999908447266,3568000.0
2023-09-11,84.47000122070312,84.5999984741211,84.41999816894531,84.58000183105469,2913700.0
2023-09-12,84.52999877929688,84.66999816894531,84.44000244140625,84.63999938964844,2630600.0
2023-09-13,84.63999938964844,84.80000305175781,84.45999908447266,84.69000244140625,3380600.0
2023-09-14,84.8499984741211,84.9800033569336,84.68000030517578,84.72000122070312,5665500.0
2023-09-15,84.63999938964844,84.6500015258789,84.43000030517578,84.44000244140625,5196300.0
2023-09-18,84.38999938964844,84.55999755859375,84.3499984741211,84.48999786376953,2504100.0
2023-09-19,84.41000366210938,84.48999786376953,84.30000305175781,84.38999938964844,3252200.0
2023-09-20,84.6500015258789,84.87000274658203,84.31999969482422,84.31999969482422,5410200.0
2023-09-21,83.73999786376953,83.77999877929688,83.33999633789062,83.47000122070312,9740000.0
2023-09-22,83.75,84.0199966430664,83.69999694824219,83.80999755859375,4928300.0
2023-09-25,83.47000122070312,83.47000122070312,83.27999877929688,83.33000183105469,5234100.0
2023-09-26,83.2699966430664,83.31999969482422,82.69000244140625,82.77999877929688,12528200.0
2023-09-27,83.08999633789062,83.18000030517578,82.30999755859375,82.41999816894531,8379700.0
2023-09-28,82.02999877929688,82.62000274658203,81.83999633789062,82.61000061035156,9125200.0
2023-09-29,83.08999633789062,83.12999725341797,82.41999816894531,82.5199966430664,6968200.0
2023-10-02,81.81999969482422,81.88999938964844,81.25,81.2699966430664,9072800.0
2023-10-03,81.0199966430664,81.1500015258789,80.22000122070312,80.36000061035156,8120300.0
2023-10-04,80.69999694824219,80.83999633789062,80.31999969482422,80.73999786376953,8236500.0
2023-10-05,80.98999786376953,81.04000091552734,80.58000183105469,80.70999908447266,4510100.0
2023-10-06,80.04000091552734,80.88999938964844,79.83999633789062,80.73999786376953,7133400.0
2023-10-09,80.62999725341797,81.16000366210938,80.37000274658203,81.13999938964844,3437800.0
2023-10-10,81.05000305175781,81.7699966430664,80.95999908447266,81.2699966430664,8594900.0
2023-10-11,81.86000061035156,81.93000030517578,81.51000213623047,81.93000030517578,6297200.0
2023-10-12,81.75,81.75,80.93000030517578,81.06999969482422,6076200.0
2023-10-13,81.62999725341797,81.76000213623047,81.18000030517578,81.30000305175781,6175000.0
2023-10-16,81.05999755859375,81.30999755859375,81.05000305175781,81.20999908447266,4714200.0
2023-10-17,80.62000274658203,80.9800033569336,80.58000183105469,80.81999969482422,4325300.0
2023-10-18,80.47000122070312,80.56999969482422,80.0999984741211,80.30000305175781,6891700.0
2023-10-19,80.18000030517578,80.66000366210938,79.69999694824219,79.70999908447266,9761700.0
2023-10-20,80.19000244140625,80.29000091552734,80.0,80.1500015258789,6853500.0
2023-10-23,80.02999877929688,80.91999816894531,79.87000274658203,80.61000061035156,6475900.0
2023-10-24,80.87999725341797,81.27999877929688,80.72000122070312,81.25,5009200.0
2023-10-25,80.91999816894531,80.97000122070312,80.55000305175781,80.63999938964844,5211400.0
2023-10-26,80.80000305175781,81.08000183105469,80.66000366210938,80.95999908447266,5260400.0
2023-10-27,81.0,81.08000183105469,80.77999877929688,81.0,3549800.0
2023-10-30,81.04000091552734,81.27999877929688,80.93000030517578,81.20999908447266,4727100.0
2023-10-31,81.29000091552734,81.51000213623047,81.16999816894531,81.19000244140625,5369200.0
2023-11-01,80.97000122070312,81.93000030517578,80.87999725341797,81.88999938964844,12803100.0
2023-11-02,82.61000061035156,82.95999908447266,82.5,82.70999908447266,9214200.0
2023-11-03,83.55000305175781,83.87000274658203,83.44000244140625,83.5199966430664,9055000.0
2023-11-06,83.19999694824219,83.25,82.7699966430664,82.83000183105469,7707800.0
2023-11-07,82.94000244140625,83.25,82.88999938964844,83.11000061035156,5946400.0
2023-11-08,83.08000183105469,83.29000091552734,83.06999969482422,83.2699966430664,4679200.0
2023-11-09,83.01000213623047,83.0999984741211,82.29000091552734,82.41999816894531,6049700.0
2023-11-10,82.68000030517578,82.80999755859375,82.4800033569336,82.77999877929688,5256700.0
2023-11-13,82.20999908447266,82.5,82.01000213623047,82.33999633789062,5480400.0
2023-11-14,83.44999694824219,83.86000061035156,83.38999938964844,83.7699966430664,11433000.0
2023-11-15,83.55999755859375,83.66000366210938,83.19000244140625,83.25,5009800.0
2023-11-16,83.5999984741211,84.04000091552734,83.5999984741211,83.94000244140625,6221400.0
2023-11-17,84.11000061035156,84.31999969482422,83.9800033569336,84.20999908447266,6150700.0
2023-11-20,84.06999969482422,84.83999633789062,84.0,84.73999786376953,5572400.0
2023-11-21,84.77999877929688,84.93000030517578,84.52999877929688,84.73999786376953,4787600.0
2023-11-22,84.9000015258789,85.16999816894531,84.62000274658203,85.16000366210938,8192200.0
2023-11-24,85.0,85.08000183105469,84.87999725341797,84.98999786376953,1816800.0
2023-11-27,84.98999786376953,85.4000015258789,84.8499984741211,85.36000061035156,5156700.0
2023-11-28,85.20999908447266,85.83000183105469,85.05999755859375,85.80000305175781,16016500.0
2023-11-29,86.19999694824219,86.4800033569336,86.08000183105469,86.4800033569336,7601600.0
2023-11-30,86.29000091552734,86.30999755859375,85.63999938964844,85.87000274658203,8840400.0
2023-12-01,85.5,86.86000061035156,85.37999725341797,86.8499984741211,12641400.0
2023-12-04,86.18000030517578,86.30000305175781,85.93000030517578,86.25,6375900.0
2023-12-05,86.58000183105469,86.88999938964844,86.43000030517578,86.75,5618200.0
2023-12-06,87.26000213623047,87.30999755859375,86.94000244140625,87.2300033569336,7588800.0
2023-12-07,87.05999755859375,87.41000366210938,87.05999755859375,87.13999938964844,5604900.0
2023-12-08,86.66000366210938,86.91999816894531,86.5999984741211,86.83999633789062,7276300.0
2023-12-11,86.68000030517578,86.80000305175781,86.37999725341797,86.69999694824219,5497300.0
2023-12-12,86.7300033569336,86.94999694824219,86.4800033569336,86.87999725341797,8047900.0
2023-12-13,87.0199966430664,88.31999969482422,86.91999816894531,88.31999969482422,13651500.0
2023-12-14,88.7300033569336,89.05999755859375,88.61000061035156,88.87000274658203,9352500.0
2023-12-15,88.7699966430664,88.98999786376953,88.5999984741211,88.75,5146200.0
2023-12-18,88.83000183105469,88.94000244140625,88.58999633789062,88.7699966430664,6359600.0
2023-12-19,88.80999755859375,89.13999938964844,88.77999877929688,88.98999786376953,4787700.0
2023-12-20,89.0199966430664,89.16999816894531,88.95999908447266,89.0,3027600.0
2023-12-21,89.37999725341797,89.4800033569336,88.94999694824219,89.16000366210938,2706800.0
2023-12-22,89.18000030517578,89.30999755859375,88.94000244140625,89.04000091552734,1791700.0
2023-12-26,88.94999694824219,89.36000061035156,88.91000366210938,89.36000061035156,2646100.0
2023-12-27,89.4800033569336,89.7300033569336,89.3499984741211,89.68000030517578,3327200.0
2023-12-28,89.41999816894531,89.5999984741211,89.26000213623047,89.43000030517578,2700200.0
2023-12-29,89.20999908447266,89.44000244140625,89.04000091552734,89.05999755859375,3815500.0
2024-01-02,88.73999786376953,88.7699966430664,88.08999633789062,88.18000030517578,11544700.0
2024-01-03,87.51000213623047,87.88999938964844,87.20999908447266,87.83999633789062,12091700.0
2024-01-04,87.2699966430664,87.5999984741211,87.2699966430664,87.44000244140625,6256600.0
2024-01-05,86.9800033569336,87.95999908447266,86.94000244140625,87.16999816894531,9775000.0
2024-01-08,86.97000122070312,87.48999786376953,86.97000122070312,87.27999877929688,6378700.0
2024-01-09,86.81999969482422,87.16999816894531,86.81999969482422,86.94000244140625,7946800.0
2024-01-10,87.4800033569336,87.66999816894531,87.38999938964844,87.55999755859375,5611000.0
2024-01-11,87.88999938964844,88.4000015258789,87.62000274658203,88.3499984741211,7736900.0
2024-01-12,88.44999694824219,88.77999877929688,88.37999725341797,88.51000213623047,7683800.0
2024-01-16,88.29000091552734,88.29000091552734,87.55999755859375,87.69000244140625,4901100.0
2024-01-17,87.4000015258789,87.44999694824219,87.13999938964844,87.36000061035156,7209800.0
2024-01-18,87.51000213623047,87.6500015258789,87.19999694824219,87.44999694824219,5795600.0
2024-01-19,87.4000015258789,87.48999786376953,87.08999633789062,87.48999786376953,6268200.0
2024-01-22,87.52999877929688,87.69999694824219,87.30999755859375,87.55000305175781,7577600.0
2024-01-23,87.19000244140625,87.29000091552734,86.79000091552734,87.0999984741211,7750000.0
2024-01-24,87.30999755859375,87.4800033569336,86.7699966430664,86.86000061035156,6172900.0
2024-01-25,87.18000030517578,87.4800033569336,87.1500015258789,87.4800033569336,6469800.0
2024-01-26,87.44000244140625,87.66000366210938,87.27999877929688,87.61000061035156,3695900.0
2024-01-29,87.80999755859375,88.0199966430664,87.37000274658203,87.94000244140625,4938200.0
2024-01-30,87.94999694824219,88.1500015258789,87.7300033569336,88.13999938964844,4118500.0
2024-01-31,88.18000030517578,88.52999877929688,87.80999755859375,87.9800033569336,7832100.0
2024-02-01,88.0999984741211,88.5199966430664,87.9800033569336,88.3499984741211,11164700.0
2024-02-02,87.58999633789062,87.83000183105469,87.45999908447266,87.63999938964844,8210600.0
2024-02-05,87.19999694824219,87.26000213623047,86.77999877929688,86.9000015258789,9149600.0
2024-02-06,87.27999877929688,87.80999755859375,87.18000030517578,87.69000244140625,6415500.0
2024-02-07,87.62999725341797,87.76000213623047,87.44999694824219,87.56999969482422,6450300.0
2024-02-08,87.45999908447266,87.62000274658203,87.41000366210938,87.45999908447266,5166300.0
2024-02-09,87.2300033569336,87.48999786376953,87.18000030517578,87.48999786376953,3689300.0
2024-02-12,87.55000305175781,87.69999694824219,87.48999786376953,87.56999969482422,3728200.0
2024-02-13,86.77999877929688,86.88999938964844,86.41999816894531,86.48999786376953,10951600.0
2024-02-14,86.77999877929688,87.18000030517578,86.76000213623047,87.08000183105469,4939200.0
2024-02-15,87.58000183105469,87.80000305175781,87.4000015258789,87.79000091552734,7131300.0
2024-02-16,87.22000122070312,87.44000244140625,87.13999938964844,87.19000244140625,6211200.0
2024-02-20,87.16000366210938,87.36000061035156,87.1500015258789,87.18000030517578,3810100.0
2024-02-21,87.37000274658203,87.45999908447266,87.01000213623047,87.11000061035156,5773300.0
2024-02-22,87.30999755859375,87.7300033569336,87.30999755859375,87.66000366210938,6108600.0
2024-02-23,87.83000183105469,88.27999877929688,87.81999969482422,88.1500015258789,6189200.0
2024-02-26,88.30999755859375,88.4000015258789,87.88999938964844,87.9000015258789,6410900.0
2024-02-27,87.9000015258789,87.94999694824219,87.70999908447266,87.81999969482422,5653000.0
2024-02-28,87.91999816894531,88.05999755859375,87.83000183105469,88.0,6391900.0
2024-02-29,88.36000061035156,88.41999816894531,88.26000213623047,88.30000305175781,6174300.0
2024-03-01,87.94999694824219,88.5199966430664,87.69000244140625,88.43000030517578,7205200.0
2024-03-04,88.43000030517578,88.43000030517578,88.20999908447266,88.3499984741211,6826100.0
2024-03-05,88.5199966430664,88.75,88.41000366210938,88.54000091552734,8346000.0
2024-03-06,88.91999816894531,89.06999969482422,88.77999877929688,88.87000274658203,6322200.0
2024-03-07,89.19000244140625,89.2300033569336,88.91999816894531,89.11000061035156,9071100.0
2024-03-08,89.23999786376953,89.51000213623047,89.13999938964844,89.20999908447266,5010300.0
2024-03-11,89.22000122070312,89.29000091552734,89.04000091552734,89.06999969482422,5336100.0
2024-03-12,88.91999816894531,89.0199966430664,88.73999786376953,88.94999694824219,5657800.0
2024-03-13,89.0,89.22000122070312,88.95999908447266,89.04000091552734,5381400.0
2024-03-14,89.08000183105469,89.16999816894531,88.52999877929688,88.58999633789062,13262600.0
2024-03-15,88.47000122070312,88.48999786376953,88.30000305175781,88.30999755859375,5383100.0
2024-03-18,88.37999725341797,88.44999694824219,88.30999755859375,88.36000061035156,6625100.0
2024-03-19,88.51000213623047,88.98999786376953,88.45999908447266,88.7699966430664,5647900.0
2024-03-20,89.0,89.27999877929688,88.69999694824219,89.19000244140625,5660700.0
2024-03-21,89.79000091552734,89.81999969482422,89.45999908447266,89.5,5595300.0
2024-03-22,89.5999984741211,89.9800033569336,89.5999984741211,89.79000091552734,6202500.0
2024-03-25,89.62999725341797,89.72000122070312,89.55000305175781,89.72000122070312,5487300.0
2024-03-26,89.69999694824219,89.79000091552734,89.62999725341797,89.70999908447266,4173200.0
2024-03-27,89.72000122070312,90.08000183105469,89.68000030517578,90.08000183105469,5799200.0
2024-03-28,90.06999969482422,90.06999969482422,89.6500015258789,89.66999816894531,5938500.0
2024-04-01,89.38999938964844,89.38999938964844,88.7300033569336,88.91999816894531,5906000.0
2024-04-02,88.38999938964844,88.9800033569336,88.36000061035156,88.95999908447266,11510400.0
2024-04-03,88.69999694824219,89.16999816894531,88.51000213623047,89.1500015258789,6781000.0
2024-04-04,89.4800033569336,89.58000183105469,89.05000305175781,89.11000061035156,6796000.0
2024-04-05,88.79000091552734,89.33000183105469,88.79000091552734,89.25,6478900.0
2024-04-08,88.33000183105469,89.31999969482422,88.33000183105469,89.27999877929688,4387000.0
2024-04-09,89.69000244140625,89.87999725341797,89.5999984741211,89.87999725341797,6975100.0
2024-04-10,89.02999877929688,89.1500015258789,88.33999633789062,88.45999908447266,11693800.0
2024-04-11,88.23999786376953,88.69999694824219,87.97000122070312,88.19999694824219,7787900.0
2024-04-12,88.26000213623047,88.36000061035156,87.9000015258789,87.94999694824219,7635000.0
2024-04-15,87.62999725341797,87.66000366210938,86.80000305175781,86.93000030517578,12162000.0
2024-04-16,86.63999938964844,86.87000274658203,86.4000015258789,86.66000366210938,9436100.0
2024-04-17,87.43000030517578,87.52999877929688,87.12000274658203,87.33999633789062,7853500.0
2024-04-18,87.5999984741211,87.62000274658203,87.19000244140625,87.2699966430664,5759000.0
2024-04-19,87.58000183105469,87.6500015258789,87.37999725341797,87.5199966430664,5004000.0
2024-04-22,87.61000061035156,88.02999877929688,87.55000305175781,87.98999786376953,3935100.0
2024-04-23,87.69999694824219,88.22000122070312,87.69999694824219,88.11000061035156,8467800.0
2024-04-24,87.6500015258789,87.68000030517578,87.29000091552734,87.4800033569336,7289500.0
2024-04-25,86.9000015258789,87.30000305175781,86.77999877929688,87.2300033569336,6358100.0
2024-04-26,87.4000015258789,87.63999938964844,87.4000015258789,87.61000061035156,3072800.0
2024-04-29,87.9800033569336,88.0999984741211,87.76000213623047,88.04000091552734,5154200.0
2024-04-30,87.68000030517578,87.69999694824219,87.1500015258789,87.1500015258789,8032900.0
2024-05-01,86.83999633789062,87.63999938964844,86.83999633789062,87.1500015258789,7677600.0
2024-05-02,87.36000061035156,87.87999725341797,87.2300033569336,87.86000061035156,6833700.0
2024-05-03,88.5999984741211,88.80000305175781,88.27999877929688,88.58000183105469,7832500.0
2024-05-06,88.58999633789062,88.86000061035156,88.58000183105469,88.83000183105469,3552800.0
2024-05-07,89.19000244140625,89.19000244140625,88.87000274658203,88.9000015258789,4844000.0
2024-05-08,88.55000305175781,88.69000244140625,88.48999786376953,88.56999969482422,3699400.0
2024-05-09,88.58999633789062,88.9000015258789,88.58000183105469,88.87000274658203,3371700.0
2024-05-10,88.66999816894531,88.80000305175781,88.54000091552734,88.66000366210938,3446100.0
2024-05-13,88.73999786376953,88.87999725341797,88.72000122070312,88.75,2199600.0
2024-05-14,88.80000305175781,89.01000213623047,88.73999786376953,88.94999694824219,3054200.0
2024-05-15,89.4000015258789,89.87999725341797,89.3499984741211,89.87999725341797,5781600.0
2024-05-16,89.94999694824219,89.94999694824219,89.56999969482422,89.58000183105469,3590600.0
2024-05-17,89.29000091552734,89.47000122070312,89.27999877929688,89.41000366210938,3692300.0
2024-05-20,89.47000122070312,89.47000122070312,89.33000183105469,89.41999816894531,2007700.0
2024-05-21,89.47000122070312,89.58000183105469,89.44000244140625,89.48999786376953,3202000.0
2024-05-22,89.1500015258789,89.33999633789062,89.06999969482422,89.19999694824219,3410300.0
2024-05-23,89.1500015258789,89.2300033569336,88.56999969482422,88.58999633789062,4828600.0
2024-05-24,88.69000244140625,88.98999786376953,88.66000366210938,88.94000244140625,2493100.0
2024-05-28,88.87000274658203,88.93000030517578,88.33000183105469,88.41000366210938,4121900.0
2024-05-29,88.19999694824219,88.25,87.9800033569336,88.08999633789062,6739400.0
2024-05-30,88.41999816894531,88.75,88.41999816894531,88.62000274658203,4333500.0
2024-05-31,89.08000183105469,89.08999633789062,88.7300033569336,89.05000305175781,3414600.0
2024-06-03,88.8499984741211,89.08999633789062,88.6500015258789,89.08999633789062,7177200.0
2024-06-04,89.05999755859375,89.20999908447266,88.9000015258789,89.1500015258789,4822700.0
2024-06-05,89.30999755859375,89.38999938964844,88.91000366210938,89.38999938964844,6391400.0
2024-06-06,89.0199966430664,89.19999694824219,88.98999786376953,89.18000030517578,6800300.0
2024-06-07,88.91000366210938,88.91000366210938,88.44000244140625,88.4800033569336,5313900.0
2024-06-10,88.44000244140625,88.55000305175781,88.2300033569336,88.45999908447266,2466700.0
2024-06-11,88.44000244140625,88.81999969482422,88.44000244140625,88.80000305175781,2707200.0
2024-06-12,89.38999938964844,89.56999969482422,89.04000091552734,89.1500015258789,7730500.0
2024-06-13,89.44000244140625,89.62999725341797,89.26000213623047,89.38999938964844,7293500.0
2024-06-14,89.20999908447266,89.41000366210938,89.16999816894531,89.27999877929688,6126000.0
2024-06-17,89.29000091552734,89.29000091552734,88.75,89.01000213623047,6689500.0
2024-06-18,89.29000091552734,89.68000030517578,89.19000244140625,89.5999984741211,6888900.0
2024-06-20,89.55999755859375,89.55999755859375,89.08999633789062,89.2699966430664,3845200.0
2024-06-21,89.38999938964844,89.51000213623047,89.20999908447266,89.37999725341797,5485300.0
2024-06-24,89.37999725341797,89.5199966430664,89.33000183105469,89.41999816894531,4124100.0
2024-06-25,89.38999938964844,89.45999908447266,89.2699966430664,89.41000366210938,3534700.0
2024-06-26,89.16000366210938,89.2300033569336,88.94000244140625,89.11000061035156,6212800.0
2024-06-27,89.2300033569336,89.37000274658203,89.0999984741211,89.19000244140625,3116800.0
2024-06-28,89.31999969482422,89.33000183105469,88.4800033569336,88.4800033569336,6568000.0
2024-07-01,87.51000213623047,88.12000274658203,87.51000213623047,87.75,7698900.0
2024-07-02,87.54000091552734,88.19999694824219,87.54000091552734,88.18000030517578,7236900.0
2024-07-03,88.23999786376953,88.88999938964844,88.23999786376953,88.87000274658203,3882100.0
2024-07-05,89.19000244140625,89.47000122070312,89.12000274658203,89.44999694824219,5429100.0
2024-07-08,89.44999694824219,89.5,89.31999969482422,89.43000030517578,6185200.0
2024-07-09,89.37000274658203,89.37000274658203,89.0199966430664,89.1500015258789,7367000.0
2024-07-10,89.33999633789062,89.58999633789062,89.2699966430664,89.56999969482422,5750400.0
2024-07-11,90.16000366210938,90.33999633789062,89.9800033569336,90.08999633789062,7045200.0
2024-07-12,90.12000274658203,90.37999725341797,89.83999633789062,90.26000213623047,6538200.0
2024-07-15,90.26000213623047,90.26000213623047,89.7699966430664,89.88999938964844,4998100.0
2024-07-16,90.05999755859375,90.30999755859375,90.01000213623047,90.29000091552734,4479100.0
2024-07-17,90.0,90.0999984741211,89.9000015258789,89.97000122070312,6142000.0
2024-07-18,89.91999816894531,90.0,89.44000244140625,89.5,7227300.0
2024-07-19,89.41000366210938,89.58999633789062,89.22000122070312,89.26000213623047,5649200.0
2024-07-22,89.61000061035156,89.93000030517578,89.5199966430664,89.66000366210938,4999200.0
2024-07-23,89.68000030517578,89.93000030517578,89.68000030517578,89.69000244140625,2737800.0
2024-07-24,89.5999984741211,89.80000305175781,89.11000061035156,89.11000061035156,5463800.0
2024-07-25,89.25,89.62999725341797,89.25,89.26000213623047,4761100.0
2024-07-26,89.80999755859375,89.9000015258789,89.44999694824219,89.76000213623047,4145200.0
2024-07-29,89.83000183105469,90.05999755859375,89.7699966430664,89.91000366210938,4848400.0
2024-07-30,90.0999984741211,90.0999984741211,89.75,90.02999877929688,5755700.0
2024-07-31,90.2699966430664,90.44999694824219,90.04000091552734,90.44999694824219,8133900.0
2024-08-01,90.12999725341797,90.45999908447266,89.94999694824219,90.01000213623047,10278100.0
2024-08-02,90.31999969482422,90.6500015258789,90.12000274658203,90.61000061035156,8525900.0
2024-08-05,89.5999984741211,90.0,89.5,89.69000244140625,9960500.0
2024-08-06,89.70999908447266,89.94000244140625,89.3499984741211,89.38999938964844,11282400.0
2024-08-07,89.91000366210938,90.0999984741211,89.5,89.58000183105469,7626700.0
2024-08-08,89.73999786376953,90.04000091552734,89.7300033569336,90.0,4410200.0
2024-08-09,90.23999786376953,90.48999786376953,90.23999786376953,90.4000015258789,2746500.0
2024-08-12,90.4800033569336,90.51000213623047,90.33000183105469,90.5,2962100.0
2024-08-13,90.83999633789062,91.0,90.75,90.98999786376953,4940500.0
2024-08-14,91.05999755859375,91.26000213623047,91.0,91.19000244140625,4819500.0
2024-08-15,91.01000213623047,91.19000244140625,90.80000305175781,91.16000366210938,3591700.0
2024-08-16,91.3499984741211,91.55000305175781,91.25,91.52999877929688,3384000.0
2024-08-19,91.55999755859375,91.80999755859375,91.52999877929688,91.80999755859375,3313700.0
2024-08-20,91.94000244140625,92.04000091552734,91.83999633789062,92.02999877929688,4948200.0
2024-08-21,92.08000183105469,92.41000366210938,92.01000213623047,92.30000305175781,9428100.0
2024-08-22,91.94000244140625,92.05999755859375,91.4800033569336,91.52999877929688,9946700.0
2024-08-23,91.93000030517578,92.55999755859375,91.80999755859375,92.5199966430664,9595800.0
2024-08-26,92.5199966430664,92.52999877929688,92.23999786376953,92.33000183105469,3212700.0
2024-08-27,92.20999908447266,92.27999877929688,92.05999755859375,92.20999908447266,4374000.0
2024-08-28,92.25,92.26000213623047,91.95999908447266,92.05999755859375,3237400.0
2024-08-29,92.08999633789062,92.20999908447266,91.91000366210938,92.0199966430664,4481200.0
2024-08-30,92.19999694824219,92.27999877929688,91.9000015258789,92.0999984741211,4776700.0
2024-09-03,91.73999786376953,91.76000213623047,91.30999755859375,91.37000274658203,4829800.0
2024-09-04,91.45999908447266,91.87000274658203,91.44000244140625,91.77999877929688,7196000.0
2024-09-05,91.87000274658203,92.20999908447266,91.86000061035156,92.12999725341797,5510700.0
2024-09-06,92.26000213623047,92.37999725341797,91.80999755859375,91.91999816894531,7799300.0
2024-09-09,92.05000305175781,92.2699966430664,91.9000015258789,92.16999816894531,3758200.0
2024-09-10,92.1500015258789,92.33999633789062,91.98999786376953,92.23999786376953,5013500.0
2024-09-11,92.02999877929688,92.5199966430664,92.02999877929688,92.4800033569336,7223400.0
2024-09-12,92.37999725341797,92.63999938964844,92.31999969482422,92.62999725341797,5108800.0
2024-09-13,92.86000061035156,93.12000274658203,92.80999755859375,93.05000305175781,5162900.0
2024-09-16,93.19999694824219,93.62999725341797,93.16999816894531,93.62000274658203,5280200.0
2024-09-17,93.73999786376953,93.77999877929688,93.45999908447266,93.5999984741211,6273200.0
2024-09-18,93.4800033569336,93.97000122070312,93.25,93.33000183105469,9523100.0
2024-09-19,93.68000030517578,93.7699966430664,93.5199966430664,93.73999786376953,6006200.0
2024-09-20,93.55000305175781,93.62999725341797,93.22000122070312,93.55999755859375,5187800.0
2024-09-23,93.23999786376953,93.41999816894531,93.08000183105469,93.29000091552734,5260500.0
2024-09-24,93.2300033569336,93.47000122070312,93.12999725341797,93.41000366210938,6010800.0
2024-09-25,93.33000183105469,93.4000015258789,93.12000274658203,93.12999725341797,4842300.0
2024-09-26,93.41000366210938,93.41999816894531,93.05000305175781,93.26000213623047,6844300.0
2024-09-27,93.45999908447266,93.55000305175781,93.4000015258789,93.41999816894531,5447800.0
2024-09-30,93.54000091552734,93.66999816894531,93.3499984741211,93.58000183105469,5789700.0
2024-10-01,93.48999786376953,93.55999755859375,93.27999877929688,93.45999908447266,6208000.0
2024-10-02,93.2699966430664,93.30000305175781,93.02999877929688,93.25,8465100.0
2024-10-03,93.08999633789062,93.0999984741211,92.80999755859375,92.86000061035156,7976900.0
2024-10-04,92.44000244140625,92.66000366210938,92.37000274658203,92.51000213623047,8880000.0
2024-10-07,92.44000244140625,92.47000122070312,92.02999877929688,92.08999633789062,4694000.0
2024-10-08,92.23999786376953,92.2699966430664,92.12999725341797,92.23999786376953,4639500.0
2024-10-09,92.16000366210938,92.33000183105469,91.98999786376953,92.08999633789062,5971100.0
2024-10-10,92.18000030517578,92.18000030517578,91.73999786376953,91.94000244140625,5923300.0
2024-10-11,91.9000015258789,92.19000244140625,91.9000015258789,92.05999755859375,4002300.0
2024-10-14,92.01000213623047,92.25,91.9000015258789,92.25,1876600.0
2024-10-15,92.5,92.52999877929688,92.30999755859375,92.5,4980100.0
2024-10-16,92.69000244140625,92.76000213623047,92.58999633789062,92.7300033569336,3762500.0
2024-10-17,92.55000305175781,92.55000305175781,92.12000274658203,92.13999938964844,6027500.0
2024-10-18,92.3499984741211,92.45999908447266,92.30999755859375,92.3499984741211,4612500.0
2024-10-21,91.95999908447266,92.16000366210938,91.41999816894531,91.44000244140625,5709900.0
2024-10-22,91.38999938964844,91.38999938964844,91.13999938964844,91.2300033569336,5541200.0
2024-10-23,90.95999908447266,91.04000091552734,90.73999786376953,90.88999938964844,5110400.0
2024-10-24,91.23999786376953,91.33000183105469,91.08000183105469,91.26000213623047,4880700.0
2024-10-25,91.69000244140625,91.69000244140625,91.25,91.26000213623047,4617700.0
2024-10-28,91.36000061035156,91.45999908447266,91.18000030517578,91.3499984741211,4655100.0
2024-10-29,91.30000305175781,91.58000183105469,91.1500015258789,91.55999755859375,6079000.0
2024-10-30,91.58999633789062,91.88999938964844,91.41000366210938,91.45999908447266,4005000.0
2024-10-31,91.3499984741211,91.44000244140625,90.91999816894531,90.91999816894531,10214600.0
2024-11-01,90.83999633789062,90.88999938964844,90.0999984741211,90.13999938964844,8926100.0
2024-11-04,90.70999908447266,90.87000274658203,90.44000244140625,90.52999877929688,4915700.0
2024-11-05,90.4800033569336,90.81999969482422,90.20999908447266,90.80999755859375,6384800.0
2024-11-06,89.93000030517578,90.69999694824219,89.83000183105469,90.5199966430664,7362600.0
2024-11-07,91.0,91.6500015258789,90.83000183105469,91.51000213623047,8684600.0
2024-11-08,91.70999908447266,91.76000213623047,91.44000244140625,91.76000213623047,7686300.0
2024-11-11,91.68000030517578,91.68000030517578,91.45999908447266,91.56999969482422,2220000.0
2024-11-12,91.16000366210938,91.26000213623047,90.75,90.86000061035156,7934800.0
2024-11-13,91.0999984741211,91.27999877929688,90.66999816894531,90.7300033569336,4797400.0
2024-11-14,91.02999877929688,91.04000091552734,90.5,90.5,6237600.0
2024-11-15,90.19000244140625,90.44000244140625,90.12999725341797,90.37000274658203,8478400.0
2024-11-18,90.47000122070312,90.52999877929688,90.13999938964844,90.4800033569336,4404400.0
2024-11-19,90.56999969482422,90.98999786376953,90.43000030517578,90.91000366210938,5749500.0
2024-11-20,90.70999908447266,90.91999816894531,90.61000061035156,90.91999816894531,6009600.0
2024-11-21,90.97000122070312,91.11000061035156,90.9000015258789,90.95999908447266,4023400.0
2024-11-22,91.0999984741211,91.12000274658203,90.76000213623047,90.8499984741211,4167500.0
2024-11-25,91.47000122070312,91.73999786376953,91.44999694824219,91.69999694824219,7184700.0
2024-11-26,91.48999786376953,91.58000183105469,91.37999725341797,91.56999969482422,4765600.0
2024-11-27,91.68000030517578,91.98999786376953,91.68000030517578,91.88999938964844,3478100.0
2024-11-29,92.23999786376953,92.23999786376953,92.05999755859375,92.1500015258789,2447300.0
2024-12-02,91.44000244140625,91.80000305175781,91.4000015258789,91.66000366210938,5734200.0
2024-12-03,91.76000213623047,91.86000061035156,91.62999725341797,91.68000030517578,4021700.0
2024-12-04,91.4800033569336,92.04000091552734,91.4800033569336,92.0199966430664,3907000.0
2024-12-05,92.05999755859375,92.20999908447266,91.94999694824219,92.13999938964844,4392800.0
2024-12-06,92.44999694824219,92.58999633789062,92.26000213623047,92.44999694824219,4125200.0
2024-12-09,92.51000213623047,92.51000213623047,92.2300033569336,92.23999786376953,4377000.0
2024-12-10,92.26000213623047,92.26000213623047,92.05000305175781,92.08999633789062,4801300.0
2024-12-11,92.2699966430664,92.36000061035156,91.98999786376953,92.04000091552734,3577500.0
2024-12-12,92.01000213623047,92.01000213623047,91.55999755859375,91.55999755859375,4609100.0
2024-12-13,91.61000061035156,91.62000274658203,91.06999969482422,91.08999633789062,5677100.0
2024-12-16,91.23999786376953,91.30000305175781,90.98999786376953,91.16999816894531,5256300.0
2024-12-17,91.11000061035156,91.2300033569336,90.95999908447266,91.12000274658203,7183900.0
2024-12-18,90.62000274658203,90.68000030517578,89.25,89.33000183105469,9094400.0
2024-12-19,89.5199966430664,89.52999877929688,88.91999816894531,88.94000244140625,15042100.0
2024-12-20,89.01000213623047,89.8499984741211,89.01000213623047,89.55999755859375,6712000.0
2024-12-23,89.73999786376953,89.73999786376953,89.25,89.33000183105469,4949100.0
2024-12-24,89.4000015258789,89.73999786376953,89.25,89.7300033569336,2512500.0
2024-12-26,89.4800033569336,89.69999694824219,89.37999725341797,89.63999938964844,2379700.0
2024-12-27,89.45999908447266,89.4800033569336,89.2300033569336,89.30000305175781,2166200.0
2024-12-30,89.1500015258789,89.44999694824219,89.1500015258789,89.20999908447266,4014100.0
2024-12-31,89.43000030517578,89.44000244140625,88.8499984741211,89.04000091552734,4415200.0
2025-01-02,89.36000061035156,89.5,89.05999755859375,89.33999633789062,7709700.0
2025-01-03,89.66000366210938,89.76000213623047,89.4800033569336,89.5,4988400.0
2025-01-06,89.55999755859375,89.66999816894531,89.41000366210938,89.54000091552734,5044200.0
2025-01-07,89.55000305175781,89.6500015258789,89.11000061035156,89.18000030517578,9445600.0
2025-01-08,89.06999969482422,89.25,88.9000015258789,89.25,5579300.0
2025-01-10,88.87000274658203,89.0,88.63999938964844,88.7699966430664,7313600.0
2025-01-13,88.73999786376953,88.73999786376953,88.44000244140625,88.63999938964844,6512900.0
2025-01-14,88.73999786376953,88.81999969482422,88.56999969482422,88.7699966430664,4067100.0
2025-01-15,89.6500015258789,89.91999816894531,89.54000091552734,89.79000091552734,6638700.0
2025-01-16,89.5199966430664,89.80000305175781,89.41999816894531,89.68000030517578,5421800.0
2025-01-17,89.94000244140625,90.05000305175781,89.75,89.8499984741211,3558200.0
2025-01-21,90.25,90.45999908447266,90.13999938964844,90.45999908447266,6997100.0
2025-01-22,90.52999877929688,90.55000305175781,90.19999694824219,90.20999908447266,6916200.0
2025-01-23,89.95999908447266,90.19999694824219,89.87999725341797,90.19000244140625,8020700.0
2025-01-24,90.19000244140625,90.37999725341797,90.16000366210938,90.33999633789062,3170300.0
2025-01-27,90.26000213623047,90.61000061035156,90.26000213623047,90.5999984741211,5632600.0
2025-01-28,90.55999755859375,90.58000183105469,90.30999755859375,90.55999755859375,5528600.0
2025-01-29,90.66000366210938,90.73999786376953,90.22000122070312,90.4800033569336,5118400.0
2025-01-30,90.87000274658203,90.9800033569336,90.68000030517578,90.86000061035156,5949100.0
2025-01-31,90.79000091552734,90.94000244140625,90.4000015258789,90.55000305175781,9075200.0
2025-02-03,89.91999816894531,90.41999816894531,89.91999816894531,90.25,6566100.0
2025-02-04,90.19000244140625,90.5999984741211,90.16000366210938,90.56999969482422,7381700.0
2025-02-05,90.83000183105469,91.1500015258789,90.81999969482422,91.08000183105469,5726900.0
2025-02-06,91.06999969482422,91.18000030517578,90.88999938964844,91.0,3296400.0
2025-02-07,90.73999786376953,90.83000183105469,90.5999984741211,90.6500015258789,4935800.0
2025-02-10,90.68000030517578,90.83000183105469,90.56999969482422,90.6500015258789,3331500.0
2025-02-11,90.31999969482422,90.41000366210938,90.22000122070312,90.26000213623047,5996000.0
2025-02-12,89.68000030517578,90.13999938964844,89.61000061035156,89.97000122070312,6819800.0
2025-02-13,90.37000274658203,90.7699966430664,90.3499984741211,90.70999908447266,6017900.0
2025-02-14,90.91999816894531,91.18000030517578,90.91999816894531,90.98999786376953,7764000.0
2025-02-18,90.79000091552734,90.93000030517578,90.54000091552734,90.5999984741211,7565300.0
2025-02-19,90.4000015258789,90.68000030517578,90.33000183105469,90.62000274658203,4731700.0
2025-02-20,90.5999984741211,90.79000091552734,90.5199966430664,90.79000091552734,5621400.0
2025-02-21,90.93000030517578,91.01000213623047,90.73999786376953,90.81999969482422,5734700.0
2025-02-24,90.8499984741211,91.02999877929688,90.77999877929688,90.91000366210938,5036700.0
2025-02-25,91.22000122070312,91.5,91.22000122070312,91.4800033569336,8637600.0
2025-02-26,91.6500015258789,91.80999755859375,91.55999755859375,91.77999877929688,5851900.0
2025-02-27,91.66999816894531,91.66999816894531,91.41999816894531,91.47000122070312,8490500.0
2025-02-28,91.66999816894531,92.04000091552734,91.55000305175781,92.02999877929688,8204300.0
2025-03-03,91.18000030517578,91.58999633789062,91.18000030517578,91.44999694824219,8870600.0
2025-03-04,91.43000030517578,91.45999908447266,91.2300033569336,91.30999755859375,7549800.0
2025-03-05,91.33999633789062,91.55999755859375,91.1500015258789,91.27999877929688,7621500.0
2025-03-06,90.83999633789062,90.91000366210938,90.66000366210938,90.73999786376953,6056200.0
2025-03-07,90.97000122070312,91.08999633789062,90.87000274658203,90.98999786376953,5292900.0
2025-03-10,90.9800033569336,91.11000061035156,90.80000305175781,90.87000274658203,6780900.0
2025-03-11,90.91999816894531,91.01000213623047,90.62999725341797,90.69000244140625,10043100.0
2025-03-12,90.83000183105469,90.91999816894531,90.66999816894531,90.66999816894531,7540800.0
2025-03-13,90.5999984741211,90.68000030517578,90.47000122070312,90.62999725341797,9328700.0
2025-03-14,90.44000244140625,90.81999969482422,90.44000244140625,90.72000122070312,4198700.0
2025-03-17,90.80999755859375,90.9800033569336,90.77999877929688,90.95999908447266,6304400.0
2025-03-18,90.75,91.05000305175781,90.73999786376953,90.93000030517578,4764700.0
2025-03-19,90.94000244140625,91.5,90.9000015258789,91.43000030517578,7578200.0
2025-03-20,91.58000183105469,91.66000366210938,91.19000244140625,91.25,8001200.0
2025-03-21,91.1500015258789,91.1500015258789,90.87000274658203,90.9800033569336,5559800.0
2025-03-24,91.01000213623047,91.05999755859375,90.79000091552734,90.91999816894531,4259200.0
2025-03-25,90.79000091552734,91.0999984741211,90.79000091552734,91.01000213623047,4176200.0
2025-03-26,90.93000030517578,90.93000030517578,90.45999908447266,90.48999786376953,8930700.0
2025-03-27,90.30000305175781,90.45999908447266,90.29000091552734,90.29000091552734,5748800.0
2025-03-28,90.58000183105469,90.58000183105469,90.27999877929688,90.38999938964844,5205100.0
2025-03-31,90.2300033569336,90.62000274658203,90.2300033569336,90.58999633789062,6536500.0
2025-04-01,90.38999938964844,90.62999725341797,90.31999969482422,90.4800033569336,10159100.0
2025-04-02,90.62000274658203,90.62000274658203,90.2300033569336,90.44000244140625,4780700.0
2025-04-03,90.19999694824219,90.37000274658203,89.86000061035156,89.9000015258789,7118300.0
2025-04-04,89.36000061035156,89.44999694824219,88.55000305175781,88.58999633789062,15339200.0
2025-04-07,87.63999938964844,89.4000015258789,87.04000091552734,87.16000366210938,21774200.0
2025-04-08,88.26000213623047,88.33000183105469,86.36000061035156,86.54000091552734,13280700.0
2025-04-09,86.26000213623047,88.94000244140625,84.77999877929688,88.7699966430664,18436700.0
2025-04-10,88.08000183105469,88.08000183105469,86.83000183105469,87.05000305175781,10675300.0
2025-04-11,86.58999633789062,87.62999725341797,86.19000244140625,87.36000061035156,7298400.0
2025-04-14,88.87000274658203,88.87000274658203,87.9000015258789,88.2699966430664,5177600.0
2025-04-15,88.44000244140625,88.8499984741211,88.31999969482422,88.54000091552734,4518700.0
2025-04-16,88.63999938964844,88.75,88.3499984741211,88.56999969482422,3566900.0
2025-04-17,88.93000030517578,88.97000122070312,88.75,88.80000305175781,3325400.0
2025-04-21,88.36000061035156,88.51000213623047,87.55000305175781,87.7699966430664,5740000.0
2025-04-22,88.5199966430664,89.01000213623047,88.37000274658203,88.68000030517578,5868000.0
2025-04-23,89.83999633789062,90.06999969482422,88.95999908447266,89.06999969482422,5841800.0
2025-04-24,89.55000305175781,90.02999877929688,89.45999908447266,90.0199966430664,3271700.0
2025-04-25,90.16000366210938,90.44999694824219,90.02999877929688,90.37999725341797,4015100.0
2025-04-28,90.2300033569336,90.5199966430664,90.08999633789062,90.4800033569336,5043500.0
2025-04-29,90.27999877929688,90.62000274658203,90.16999816894531,90.5999984741211,5574100.0
2025-04-30,89.76000213623047,90.20999908447266,89.76000213623047,89.95999908447266,12070400.0
2025-05-01,89.81999969482422,89.83999633789062,89.43000030517578,89.5999984741211,4837600.0
2025-05-02,89.54000091552734,89.58000183105469,89.31999969482422,89.36000061035156,3303100.0
2025-05-05,89.36000061035156,89.37000274658203,89.08999633789062,89.18000030517578,4309000.0
2025-05-06,89.48999786376953,89.62000274658203,89.16999816894531,89.55000305175781,7230400.0
2025-05-07,90.0,90.02999877929688,89.6500015258789,89.9000015258789,4383400.0
2025-05-08,89.94999694824219,89.94999694824219,89.52999877929688,89.54000091552734,5234500.0
2025-05-09,89.68000030517578,89.76000213623047,89.61000061035156,89.68000030517578,3615800.0
2025-05-12,90.20999908447266,90.26000213623047,90.06999969482422,90.19999694824219,6084800.0
2025-05-13,90.41999816894531,90.44999694824219,90.22000122070312,90.27999877929688,4821800.0
2025-05-14,90.19999694824219,90.20999908447266,89.87000274658203,89.9800033569336,3366700.0
2025-05-15,90.1500015258789,90.31999969482422,89.95999908447266,90.27999877929688,4056700.0
2025-05-16,90.5199966430664,90.69000244140625,90.26000213623047,90.44999694824219,3062000.0
2025-05-19,89.9000015258789,90.5199966430664,89.81999969482422,90.51000213623047,3858700.0
2025-05-20,90.16000366210938,90.44999694824219,90.16000366210938,90.37000274658203,5181900.0
2025-05-21,90.0999984741211,90.19999694824219,89.5,89.54000091552734,7544900.0
2025-05-22,89.58999633789062,89.98999786376953,89.44999694824219,89.83999633789062,6326100.0
2025-05-23,89.93000030517578,89.98999786376953,89.68000030517578,89.93000030517578,4432900.0
2025-05-27,90.08999633789062,90.55999755859375,90.08999633789062,90.4800033569336,6079000.0
2025-05-28,90.36000061035156,90.44000244140625,90.12999725341797,90.29000091552734,4109700.0
2025-05-29,90.19000244140625,90.6500015258789,90.19000244140625,90.5999984741211,4568700.0
2025-05-30,90.62000274658203,90.66999816894531,90.43000030517578,90.5999984741211,8235700.0
2025-06-02,90.08000183105469,90.27999877929688,89.95999908447266,90.16000366210938,5414800.0
2025-06-03,90.38999938964844,90.44999694824219,90.30999755859375,90.44999694824219,5761600.0
2025-06-04,90.76000213623047,90.91999816894531,90.69999694824219,90.79000091552734,4655800.0
2025-06-05,90.91000366210938,90.91999816894531,90.47000122070312,90.56999969482422,6480100.0
2025-06-06,90.66000366210938,90.66000366210938,90.38999938964844,90.43000030517578,5160200.0
2025-06-09,90.5999984741211,90.76000213623047,90.45999908447266,90.66000366210938,3577600.0
2025-06-10,90.95999908447266,91.05999755859375,90.80000305175781,91.05999755859375,6668200.0
2025-06-11,91.1500015258789,91.4000015258789,91.1500015258789,91.33000183105469,6011000.0
2025-06-12,91.33999633789062,91.48999786376953,91.30000305175781,91.48999786376953,5468100.0
2025-06-13,91.19000244140625,91.19000244140625,90.83999633789062,90.91000366210938,6522400.0
2025-06-16,91.0999984741211,91.33000183105469,90.9800033569336,91.01000213623047,5454100.0
2025-06-17,91.18000030517578,91.25,90.9800033569336,91.08000183105469,4668500.0
2025-06-18,91.27999877929688,91.27999877929688,90.80999755859375,91.0199966430664,5097600.0
2025-06-20,91.06999969482422,91.25,90.94999694824219,91.13999938964844,3351300.0
2025-06-23,91.18000030517578,91.47000122070312,90.95999908447266,91.4000015258789,5895700.0
2025-06-24,91.62999725341797,92.05000305175781,91.48999786376953,91.94999694824219,10997500.0
2025-06-25,91.83000183105469,91.91000366210938,91.66000366210938,91.9000015258789,5299300.0
2025-06-26,92.0,92.19000244140625,91.80999755859375,92.18000030517578,5574800.0
2025-06-27,92.08000183105469,92.2699966430664,91.94000244140625,92.0999984741211,6464900.0
2025-06-30,92.44000244140625,92.62999725341797,92.26000213623047,92.62000274658203,13050700.0
2025-07-01,92.62000274658203,92.62000274658203,92.18000030517578,92.41999816894531,10515400.0
2025-07-02,92.20999908447266,92.33999633789062,92.04000091552734,92.33000183105469,10020700.0
2025-07-03,92.25,92.58000183105469,92.19000244140625,92.48999786376953,3216900.0
2025-07-07,92.29000091552734,92.29000091552734,91.95999908447266,92.0199966430664,6999300.0
2025-07-08,91.9000015258789,91.9000015258789,91.6500015258789,91.7300033569336,8096700.0
2025-07-09,91.87000274658203,92.4000015258789,91.80999755859375,92.37999725341797,6169000.0
2025-07-10,92.2699966430664,92.30999755859375,92.02999877929688,92.23999786376953,5247600.0
2025-07-11,92.18000030517578,92.18000030517578,91.73999786376953,91.76000213623047,6748000.0
2025-07-14,91.66000366210938,91.87999725341797,91.62000274658203,91.7699966430664,5403400.0
2025-07-15,91.93000030517578,91.93000030517578,91.45999908447266,91.5199966430664,8144400.0
2025-07-16,91.4800033569336,91.69999694824219,91.22000122070312,91.58999633789062,9524600.0
2025-07-17,91.5999984741211,91.7699966430664,91.5199966430664,91.69000244140625,5462500.0
2025-07-18,92.06999969482422,92.06999969482422,91.86000061035156,91.88999938964844,6848100.0
2025-07-21,92.4800033569336,92.4800033569336,92.18000030517578,92.23999786376953,4334500.0
2025-07-22,92.36000061035156,92.5199966430664,92.2300033569336,92.4000015258789,8572600.0
2025-07-23,92.41999816894531,92.47000122070312,92.33000183105469,92.44000244140625,7278700.0
2025-07-24,92.30000305175781,92.55999755859375,92.30000305175781,92.41999816894531,3561900.0
2025-07-25,92.51000213623047,92.73999786376953,92.41000366210938,92.72000122070312,4583200.0
2025-07-28,92.68000030517578,92.70999908447266,92.56999969482422,92.66000366210938,7068100.0
2025-07-29,92.87000274658203,93.08999633789062,92.80999755859375,93.01000213623047,6547900.0
2025-07-30,92.87999725341797,93.04000091552734,92.6500015258789,92.8499984741211,6119000.0
2025-07-31,92.91999816894531,93.05000305175781,92.79000091552734,92.87000274658203,7525700.0
2025-08-01,92.63999938964844,92.77999877929688,92.55000305175781,92.72000122070312,11771400.0
2025-08-04,93.0,93.19999694824219,92.91999816894531,93.18000030517578,5397900.0
2025-08-05,93.16999816894531,93.2699966430664,93.08000183105469,93.18000030517578,8602300.0
2025-08-06,93.18000030517578,93.25,92.87000274658203,93.23999786376953,5786400.0
2025-08-07,93.33999633789062,93.4800033569336,93.26000213623047,93.37999725341797,5698300.0
2025-08-08,93.2300033569336,93.4000015258789,93.2300033569336,93.37999725341797,3442600.0
2025-08-11,93.37999725341797,93.5999984741211,93.37999725341797,93.5,3606600.0
2025-08-12,93.56999969482422,93.72000122070312,93.5,93.68000030517578,7298100.0
2025-08-13,94.11000061035156,94.18000030517578,94.0,94.13999938964844,6574900.0
2025-08-14,93.94999694824219,94.08000183105469,93.80000305175781,93.93000030517578,7868300.0
2025-08-15,93.95999908447266,94.0,93.73999786376953,93.8499984741211,3679500.0
2025-08-18,93.69999694824219,94.04000091552734,93.69999694824219,93.94000244140625,2727200.0
2025-08-19,93.94000244140625,94.08999633789062,93.91000366210938,93.9800033569336,4412700.0
2025-08-20,93.87000274658203,93.94000244140625,93.73999786376953,93.83000183105469,4509500.0
2025-08-21,93.75,93.79000091552734,93.45999908447266,93.52999877929688,11054800.0
2025-08-22,93.52999877929688,94.2699966430664,93.52999877929688,94.20999908447266,8250400.0
2025-08-25,93.97000122070312,94.02999877929688,93.83999633789062,93.83999633789062,4721200.0
2025-08-26,93.75,93.83000183105469,93.5999984741211,93.81999969482422,6172100.0
2025-08-27,93.73999786376953,93.73999786376953,93.48999786376953,93.70999908447266,4194700.0
2025-08-28,93.91000366210938,94.30000305175781,93.86000061035156,94.26000213623047,9425600.0
2025-08-29,94.06999969482422,94.19000244140625,94.0,94.12000274658203,8476400.0
2025-09-02,93.12000274658203,93.37999725341797,93.02999877929688,93.36000061035156,9614900.0
2025-09-03,93.41999816894531,93.77999877929688,93.4000015258789,93.76000213623047,9263900.0
2025-09-04,94.0199966430664,94.13999938964844,93.8499984741211,94.12999725341797,5900200.0
2025-09-05,94.66000366210938,94.77999877929688,94.55000305175781,94.76000213623047,10635500.0
2025-09-08,94.5,94.79000091552734,94.5,94.75,6535200.0
2025-09-09,94.69999694824219,94.76000213623047,94.55000305175781,94.66000366210938,6004100.0
2025-09-10,94.83999633789062,95.30999755859375,94.75,95.18000030517578,9816200.0
2025-09-11,95.30999755859375,95.69999694824219,95.27999877929688,95.52999877929688,11143500.0
2025-09-12,95.41999816894531,95.41999816894531,95.18000030517578,95.25,5215800.0
2025-09-15,95.37999725341797,95.6500015258789,95.33999633789062,95.58999633789062,5308700.0
2025-09-16,95.70999908447266,95.70999908447266,95.44999694824219,95.52999877929688,5454700.0
2025-09-17,95.73999786376953,95.9000015258789,95.30999755859375,95.4800033569336,8381900.0
2025-09-18,95.7699966430664,95.7699966430664,95.04000091552734,95.08000183105469,7793600.0
2025-09-19,94.95999908447266,95.05000305175781,94.83999633789062,94.9800033569336,6499600.0
2025-09-22,95.12000274658203,95.23999786376953,95.04000091552734,95.19000244140625,5110100.0
2025-09-23,95.33999633789062,95.56999969482422,95.30000305175781,95.55999755859375,5840300.0
2025-09-24,95.7300033569336,95.80000305175781,95.43000030517578,95.5,7173600.0
2025-09-25,95.5999984741211,95.5999984741211,95.18000030517578,95.26000213623047,7982600.0
2025-09-26,95.30000305175781,95.4000015258789,95.0999984741211,95.2300033569336,6119900.0
2025-09-29,95.2300033569336,95.47000122070312,95.2300033569336,95.38999938964844,4182200.0
2025-09-30,95.43000030517578,95.51000213623047,95.16999816894531,95.19000244140625,7422900.0
2025-10-01,94.87999725341797,95.16999816894531,94.83999633789062,95.12000274658203,10072500.0
2025-10-02,94.91999816894531,95.23999786376953,94.91000366210938,95.16999816894531,6074000.0
2025-10-03,95.2699966430664,95.33000183105469,95.12999725341797,95.20999908447266,4600800.0
2025-10-06,95.18000030517578,95.18000030517578,95.02999877929688,95.08999633789062,5126800.0
2025-10-07,95.06999969482422,95.18000030517578,94.97000122070312,95.05000305175781,7018300.0
2025-10-08,95.2699966430664,95.2699966430664,95.01000213623047,95.0999984741211,10027500.0
2025-10-09,95.19000244140625,95.22000122070312,94.87999725341797,95.05000305175781,7375700.0
2025-10-10,95.13999938964844,95.2300033569336,94.56999969482422,94.62999725341797,16586400.0
2025-10-13,95.01000213623047,95.30000305175781,94.91999816894531,95.27999877929688,4121700.0
2025-10-14,95.02999877929688,95.44000244140625,94.91000366210938,95.23999786376953,9988300.0
2025-10-15,95.62999725341797,95.7699966430664,95.38999938964844,95.56999969482422,11401300.0
2025-10-16,95.66000366210938,95.77999877929688,95.55999755859375,95.70999908447266,7380300.0
2025-10-17,95.70999908447266,95.76000213623047,95.5199966430664,95.73999786376953,6359200.0
2025-10-20,95.97000122070312,96.16000366210938,95.94999694824219,96.16000366210938,7665700.0
2025-10-21,96.41000366210938,96.51000213623047,96.26000213623047,96.27999877929688,4754100.0
2025-10-22,96.31999969482422,96.31999969482422,95.9800033569336,96.08000183105469,6725600.0
2025-10-23,96.0999984741211,96.12999725341797,95.93000030517578,96.01000213623047,4820500.0
2025-10-24,96.33000183105469,96.44000244140625,96.12999725341797,96.29000091552734,4003300.0
2025-10-27,96.98999786376953,97.04000091552734,96.75,97.02999877929688,5751700.0
2025-10-28,97.06999969482422,97.06999969482422,96.9000015258789,97.02999877929688,4779900.0
2025-10-29,96.98999786376953,97.02999877929688,96.55000305175781,96.5999984741211,7368500.0
2025-10-30,96.5199966430664,96.68000030517578,96.30999755859375,96.48999786376953,9112500.0
2025-10-31,96.72000122070312,96.81999969482422,96.55000305175781,96.66999816894531,8851600.0
2025-11-03,96.51000213623047,96.51000213623047,95.93000030517578,95.97000122070312,9436800.0
2025-11-04,95.80999755859375,96.01000213623047,95.75,95.86000061035156,6231700.0
2025-11-05,95.94000244140625,95.94000244140625,95.6500015258789,95.6500015258789,5893900.0
2025-11-06,96.05999755859375,96.08999633789062,95.88999938964844,95.97000122070312,6867800.0
2025-11-07,96.12000274658203,96.12000274658203,95.72000122070312,96.0199966430664,6388900.0
2025-11-10,95.94000244140625,96.2699966430664,95.94000244140625,96.23999786376953,6128300.0
2025-11-11,96.2699966430664,96.48999786376953,96.22000122070312,96.45999908447266,2303500.0
2025-11-12,96.45999908447266,96.5199966430664,96.2300033569336,96.5,7200700.0
2025-11-13,96.54000091552734,96.55000305175781,96.0,96.02999877929688,6880200.0
2025-11-14,96.05000305175781,96.16000366210938,95.97000122070312,95.97000122070312,7216100.0
2025-11-17,96.20999908447266,96.3499984741211,95.97000122070312,95.98999786376953,9950600.0
2025-11-18,96.0199966430664,96.12000274658203,95.87000274658203,95.95999908447266,6411200.0
2025-11-19,96.05999755859375,96.18000030517578,95.98999786376953,96.12000274658203,8184800.0
2025-11-20,96.19000244140625,96.3499984741211,95.86000061035156,95.88999938964844,14798800.0
2025-11-21,95.88999938964844,96.25,95.88999938964844,96.1500015258789,5329600.0
2025-11-24,96.38999938964844,96.43000030517578,96.23999786376953,96.3499984741211,5421700.0
2025-11-25,96.4000015258789,96.63999938964844,96.31999969482422,96.5999984741211,10391300.0
2025-11-26,96.61000061035156,96.73999786376953,96.44999694824219,96.69999694824219,4718700.0
2025-11-28,96.75,96.80000305175781,96.61000061035156,96.7300033569336,2628400.0
2025-12-01,95.94000244140625,96.22000122070312,95.93000030517578,96.0199966430664,11152100.0
2025-12-02,96.11000061035156,96.47000122070312,96.04000091552734,96.41999816894531,10879900.0
2025-12-03,96.72000122070312,96.7300033569336,96.41999816894531,96.54000091552734,6136300.0
2025-12-04,96.47000122070312,96.51000213623047,96.30000305175781,96.45999908447266,8229000.0
2025-12-05,96.47000122070312,96.62999725341797,96.27999877929688,96.33000183105469,5998300.0
2025-12-08,96.23999786376953,96.25,95.87999725341797,95.93000030517578,6617200.0
2025-12-09,95.9800033569336,95.9800033569336,95.72000122070312,95.8499984741211,7763900.0
2025-12-10,95.8499984741211,96.25,95.68000030517578,96.23999786376953,7249100.0
2025-12-11,96.3499984741211,96.44000244140625,96.23999786376953,96.30999755859375,4875800.0
2025-12-12,96.26000213623047,96.37999725341797,96.18000030517578,96.26000213623047,8805800.0
2025-12-15,96.44999694824219,96.54000091552734,96.30999755859375,96.38999938964844,7951600.0
2025-12-16,96.44999694824219,96.66000366210938,96.4000015258789,96.6500015258789,8632600.0
2025-12-17,96.54000091552734,96.54000091552734,96.25,96.27999877929688,7068300.0
2025-12-18,96.68000030517578,96.73999786376953,96.5,96.69999694824219,5520100.0
2025-12-19,96.4000015258789,96.43000030517578,96.19000244140625,96.2699966430664,4903900.0
2025-12-22,96.41999816894531,96.5,96.20999908447266,96.30999755859375,2877200.0
2025-12-23,96.25,96.36000061035156,96.1500015258789,96.26000213623047,4529900.0
2025-12-24,96.4800033569336,96.56999969482422,96.3499984741211,96.55000305175781,1328900.0
2025-12-26,96.63999938964844,96.72000122070312,96.41000366210938,96.54000091552734,2965600.0
2025-12-29,96.62000274658203,96.6500015258789,96.45999908447266,96.58999633789062,4935600.0
2025-12-30,96.58000183105469,96.62000274658203,96.47000122070312,96.47000122070312,4021700.0
2025-12-31,96.54000091552734,96.61000061035156,96.27999877929688,96.27999877929688,3672200.0
2026-01-02,96.5,96.5,96.20999908447266,96.30000305175781,9525800.0
2026-01-05,96.44999694824219,96.47000122070312,96.27999877929688,96.44999694824219,6030100.0
2026-01-06,96.44999694824219,96.44999694824219,96.20999908447266,96.3499984741211,7385000.0
2026-01-07,96.44999694824219,96.44999694824219,96.13999938964844,96.16000366210938,9562600.0
2026-01-08,95.93000030517578,96.08999633789062,95.83999633789062,96.01000213623047,8138000.0
2026-01-09,96.19000244140625,96.36000061035156,96.08999633789062,96.36000061035156,6646400.0
2026-01-12,96.0999984741211,96.38999938964844,96.0999984741211,96.27999877929688,7895000.0
2026-01-13,96.29000091552734,96.31999969482422,96.08999633789062,96.16000366210938,7871300.0
2026-01-14,96.25,96.37000274658203,96.0999984741211,96.36000061035156,6723900.0
2026-01-15,96.44000244140625,96.5199966430664,96.36000061035156,96.4000015258789,7041300.0
2026-01-16,96.44999694824219,96.48999786376953,96.19999694824219,96.20999908447266,9285200.0
2026-01-20,95.77999877929688,95.91999816894531,95.66999816894531,95.7300033569336,7840300.0
2026-01-21,96.0,96.51000213623047,95.97000122070312,96.5,15998700.0
2026-01-22,96.5,96.72000122070312,96.2699966430664,96.4800033569336,10693000.0
2026-01-23,96.55999755859375,96.73999786376953,96.37999725341797,96.72000122070312,14874100.0
2026-01-26,96.79000091552734,96.87000274658203,96.75,96.81999969482422,7558300.0
2026-01-27,96.81999969482422,96.87000274658203,96.6500015258789,96.77999877929688,7602600.0
2026-01-28,96.76000213623047,96.80000305175781,96.55000305175781,96.66000366210938,6810800.0
2026-01-29,96.56999969482422,96.75,96.44999694824219,96.66999816894531,8092100.0
2026-01-30,96.73999786376953,96.76000213623047,96.55000305175781,96.58000183105469,10989800.0
2026-02-02,96.20999908447266,96.45999908447266,96.13999938964844,96.13999938964844,16267300.0
2026-02-03,96.30000305175781,96.30000305175781,95.97000122070312,96.16000366210938,10483100.0
2026-02-04,96.37000274658203,96.4000015258789,96.08999633789062,96.19999694824219,12475700.0
2026-02-05,96.33999633789062,96.5,96.2300033569336,96.44000244140625,12106900.0
2026-02-06,96.5999984741211,96.69000244140625,96.44000244140625,96.69000244140625,7991400.0
2026-02-09,96.6500015258789,96.87999725341797,96.41999816894531,96.72000122070312,12302300.0
2026-02-10,97.06999969482422,97.08999633789062,96.94000244140625,96.97000122070312,5804900.0
2026-02-11,96.94999694824219,97.08999633789062,96.83000183105469,96.9800033569336,6827200.0
2026-02-12,97.19999694824219,97.4000015258789,97.05000305175781,97.25,7447200.0
2026-02-13,97.4800033569336,97.61000061035156,97.30999755859375,97.41999816894531,6711900.0
2026-02-17,97.5999984741211,97.76000213623047,97.54000091552734,97.62000274658203,4672100.0
2026-02-18,97.70999908447266,97.7699966430664,97.55000305175781,97.66000366210938,7574300.0
2026-02-19,97.45999908447266,97.58000183105469,97.23999786376953,97.55000305175781,6826600.0
2026-02-20,97.55000305175781,97.6500015258789,97.4000015258789,97.6500015258789,7931600.0
2026-02-23,97.72000122070312,97.80000305175781,97.5,97.70999908447266,7163400.0
2026-02-24,97.52999877929688,97.75,97.52999877929688,97.6500015258789,6290800.0
2026-02-25,97.62999725341797,97.79000091552734,97.5999984741211,97.73999786376953,5507900.0
2026-02-26,97.75,97.77999877929688,97.55000305175781,97.68000030517578,4959600.0
2026-02-27,97.62999725341797,97.73999786376953,97.4800033569336,97.7300033569336,8824800.0
2026-03-02,96.76000213623047,97.0,96.69000244140625,96.98999786376953,16800000.0
2026-03-03,95.95999908447266,96.66999816894531,95.91000366210938,96.55000305175781,16425800.0
2026-03-04,96.5199966430664,96.93000030517578,96.41999816894531,96.87000274658203,12548500.0
2026-03-05,96.33999633789062,96.58000183105469,96.22000122070312,96.37999725341797,12868300.0
2026-03-06,95.7300033569336,96.01000213623047,95.5,95.75,12473300.0
2026-03-09,95.08999633789062,96.08999633789062,95.04000091552734,95.95999908447266,21921600.0
2026-03-10,96.05999755859375,96.5,95.94000244140625,95.94999694824219,13780800.0
2026-03-11,96.11000061035156,96.11000061035156,95.5999984741211,95.63999938964844,14478700.0
2026-03-12,95.27999877929688,95.36000061035156,94.83999633789062,94.83999633789062,39160000.0
2026-03-13,95.05999755859375,95.2699966430664,94.3499984741211,94.37999725341797,20572100.0
2026-03-16,94.55999755859375,94.95999908447266,94.55999755859375,94.75,11271600.0
2026-03-17,95.02999877929688,95.23999786376953,95.01000213623047,95.0999984741211,10304200.0
2026-03-18,95.01000213623047,95.05000305175781,94.36000061035156,94.36000061035156,12867800.0
2026-03-19,93.93000030517578,94.69000244140625,93.86000061035156,94.62999725341797,15194700.0
2026-03-20,94.30999755859375,94.3499984741211,93.0999984741211,93.1500015258789,13836900.0
2026-03-23,93.5199966430664,94.3499984741211,93.44999694824219,94.05999755859375,24642000.0
2026-03-24,93.68000030517578,93.93000030517578,93.4000015258789,93.58000183105469,12780100.0
2026-03-25,94.30000305175781,94.55000305175781,94.1500015258789,94.43000030517578,14139200.0
2026-03-26,94.2699966430664,94.31999969482422,93.43000030517578,93.45999908447266,16244200.0
2026-03-27,93.18000030517578,93.33000183105469,92.87000274658203,92.94999694824219,15107100.0
2026-03-30,93.2699966430664,93.43000030517578,92.87999725341797,93.11000061035156,12637900.0
2026-03-31,93.5999984741211,94.22000122070312,93.30000305175781,93.93000030517578,17521100.0
2026-04-01,93.83000183105469,94.12000274658203,93.7300033569336,93.86000061035156,13253800.0
2026-04-02,93.55000305175781,94.12000274658203,93.43000030517578,93.97000122070312,9752600.0
2026-04-06,93.81999969482422,94.05999755859375,93.76000213623047,93.94000244140625,4038400.0
2026-04-07,93.94000244140625,94.05000305175781,93.41000366210938,93.98999786376953,6875500.0
2026-04-08,95.51000213623047,95.61000061035156,94.94000244140625,95.11000061035156,10216200.0
2026-04-09,95.08000183105469,95.73999786376953,94.91000366210938,95.51000213623047,8487600.0
2026-04-10,95.7300033569336,95.75,95.33999633789062,95.5,7361300.0
2026-04-13,95.51000213623047,96.02999877929688,95.37000274658203,96.02999877929688,7197500.0
2026-04-14,96.22000122070312,96.55999755859375,96.11000061035156,96.45999908447266,5340600.0
2026-04-15,96.20999908447266,96.41999816894531,96.13999938964844,96.25,5840000.0
2026-04-16,96.2699966430664,96.2699966430664,95.80000305175781,95.94999694824219,5145700.0
2026-04-17,96.69999694824219,96.93000030517578,96.4800033569336,96.66999816894531,6010300.0
2026-04-20,96.62000274658203,96.72000122070312,96.47000122070312,96.58999633789062,4514100.0
2026-04-21,96.48999786376953,96.55999755859375,96.12000274658203,96.12999725341797,4455900.0
2026-04-22,96.5,96.54000091552734,96.19999694824219,96.37999725341797,5613500.0
2026-04-23,96.31999969482422,96.44999694824219,95.7300033569336,95.93000030517578,9456500.0
2026-04-24,96.16000366210938,96.2300033569336,95.87000274658203,96.19999694824219,7559100.0
2026-04-27,96.13999938964844,96.19999694824219,95.94000244140625,96.02999877929688,4898200.0
2026-04-28,95.7300033569336,95.94999694824219,95.6500015258789,95.94999694824219,6547400.0
2026-04-29,95.70999908447266,95.83000183105469,95.33000183105469,95.5,6457200.0
2026-04-30,95.70999908447266,95.93000030517578,95.62000274658203,95.80000305175781,9821500.0
2026-05-01,95.62999725341797,95.91999816894531,95.55000305175781,95.56999969482422,8328500.0
2026-05-04,95.56999969482422,95.56999969482422,94.81999969482422,95.08000183105469,9252300.0
2026-05-05,95.41000366210938,95.55999755859375,95.19000244140625,95.5199966430664,6227200.0
2026-05-06,96.0999984741211,96.29000091552734,96.05999755859375,96.2699966430664,6394300.0
2026-05-07,96.41000366210938,96.41999816894531,95.8499984741211,95.9000015258789,4231300.0
2026-05-08,96.18000030517578,96.30000305175781,96.08000183105469,96.1500015258789,3380900.0
2026-05-11,96.12999725341797,96.16000366210938,95.9000015258789,95.97000122070312,2376800.0
2026-05-12,95.7699966430664,95.79000091552734,95.55999755859375,95.72000122070312,7073800.0
2026-05-13,95.52999877929688,95.66000366210938,95.44000244140625,95.54000091552734,8683000.0
2026-05-14,95.77999877929688,95.94000244140625,95.5199966430664,95.54000091552734,4858000.0
2026-05-15,95.05999755859375,95.05999755859375,94.70999908447266,94.70999908447266,7101100.0
2026-05-18,94.66000366210938,94.93000030517578,94.4800033569336,94.62000274658203,7403000.0
2026-05-19,94.37000274658203,94.43000030517578,94.05000305175781,94.25,10819800.0
2026-05-20,94.29000091552734,95.06999969482422,94.25,94.91999816894531,13079900.0
2026-05-21,94.73999786376953,95.0999984741211,94.56999969482422,94.98999786376953,9653100.0
2026-05-22,95.23999786376953,95.23999786376953,94.98999786376953,95.16999816894531,3282600.0
2026-05-26,95.66999816894531,95.70999908447266,95.43000030517578,95.63999938964844,5666400.0
2026-05-27,95.93000030517578,95.98999786376953,95.7699966430664,95.9800033569336,6074500.0
2026-05-28,95.88999938964844,96.2699966430664,95.80000305175781,96.2300033569336,6077900.0
2026-05-29,96.30999755859375,96.51000213623047,96.29000091552734,96.43000030517578,7382900.0
2026-06-01,95.95999908447266,96.01000213623047,95.68000030517578,96.01000213623047,6351100.0
2026-06-02,96.26000213623047,96.2699966430664,96.06999969482422,96.26000213623047,4572000.0
2026-06-03,95.97000122070312,96.06999969482422,95.7300033569336,95.9000015258789,5619400.0
2026-06-04,96.1500015258789,96.19000244140625,95.97000122070312,96.0999984741211,4132200.0
2026-06-05,95.75,95.8499984741211,95.37999725341797,95.4000015258789,7364100.0
2026-06-08,95.69999694824219,95.69999694824219,95.2699966430664,95.27999877929688,6165200.0
2026-06-09,95.61000061035156,95.79000091552734,95.20999908447266,95.66999816894531,6926100.0
2026-06-10,95.2699966430664,95.75,95.26000213623047,95.3499984741211,8400300.0
2026-06-11,95.54000091552734,96.30000305175781,95.48999786376953,96.2699966430664,8187200.0
2026-06-12,96.30000305175781,96.38999938964844,96.08999633789062,96.36000061035156,5364400.0
2026-06-15,96.68000030517578,96.81999969482422,96.63999938964844,96.70999908447266,5828000.0
2026-06-16,96.5,96.87000274658203,96.5,96.66999816894531,6190200.0
2026-06-17,96.62000274658203,96.80000305175781,96.26000213623047,96.27999877929688,8741800.0
2026-06-18,96.80999755859375,96.83999633789062,96.66999816894531,96.7300033569336,3129100.0
2026-06-22,96.48999786376953,96.7699966430664,96.36000061035156,96.4000015258789,5290700.0
2026-06-23,96.2699966430664,96.44000244140625,96.20999908447266,96.26000213623047,5800700.0
2026-06-24,96.5199966430664,96.66999816894531,96.44000244140625,96.56999969482422,8401100.0
2026-06-25,96.80000305175781,96.83000183105469,96.55000305175781,96.55999755859375,4464600.0
2026-06-26,96.54000091552734,96.66000366210938,96.48999786376953,96.54000091552734,3732600.0
2026-06-29,96.79000091552734,96.8499984741211,96.61000061035156,96.81999969482422,6278800.0
2026-06-30,96.73999786376953,96.80999755859375,96.44000244140625,96.44000244140625,7812100.0
2026-07-01,95.94999694824219,96.12999725341797,95.81999969482422,96.0199966430664,6533200.0
2026-07-02,96.11000061035156,96.23999786376953,96.0199966430664,96.19999694824219,7169200.0
2026-07-06,96.29000091552734,96.41000366210938,96.13999938964844,96.3499984741211,3853900.0
2026-07-07,96.0999984741211,96.20999908447266,95.83000183105469,95.94000244140625,4552500.0
2026-07-08,95.7699966430664,95.79000091552734,95.45999908447266,95.79000091552734,11891900.0
2026-07-09,95.7300033569336,96.02999877929688,95.69999694824219,95.95999908447266,4765200.0
2026-07-10,95.93000030517578,96.0,95.7699966430664,95.98999786376953,5939700.0
2026-07-13,95.69000244140625,95.91000366210938,95.33000183105469,95.37999725341797,7052500.0
2026-07-14,95.7300033569336,95.79000091552734,95.41999816894531,95.56999969482422,5672500.0
2026-07-15,95.70999908447266,95.83000183105469,95.62999725341797,95.7300033569336,4021400.0
2026-07-16,95.5,95.69000244140625,95.47000122070312,95.58999633789062,4193900.0
2026-07-17,95.66999816894531,95.75,95.5,95.52999877929688,5382000.0
2026-07-20,95.5999984741211,95.6500015258789,95.33000183105469,95.37000274658203,2928500.0
2026-07-21,95.61000061035156,95.61000061035156,95.23999786376953,95.37999725341797,4001700.0
2026-07-22,95.22000122070312,95.3499984741211,95.02999877929688,95.08999633789062,3737500.0
2026-07-23,94.66000366210938,94.69999694824219,94.48999786376953,94.52999877929688,7675300.0
2026-07-24,94.6500015258789,94.77999877929688,94.4800033569336,94.63999938964844,7179100.0
2026-07-27,95.1500015258789,95.1500015258789,94.86000061035156,94.95999908447266,3460300.0
2026-07-28,94.88999938964844,95.2300033569336,94.87000274658203,95.19000244140625,6840300.0
2026-07-29,94.97000122070312,95.05999755859375,94.51000213623047,94.55999755859375,7479400.0
2026-07-30,94.62000274658203,94.80999755859375,94.55999755859375,94.79000091552734,6212100.0
2026-07-31,94.73999786376953,94.79000091552734,94.48999786376953,94.66000366210938,7046900.0
2026-08-03,94.5199966430664,94.83999633789062,94.5199966430664,94.75,8311500.0
2026-08-04,95.05000305175781,95.25,94.91000366210938,95.22000122070312,9029600.0
2026-08-05,95.23999786376953,95.30000305175781,95.11000061035156,95.16999816894531,3735100.0
2026-08-06,95.16999816894531,95.29000091552734,94.91999816894531,94.94999694824219,4901700.0
2026-08-07,95.30000305175781,95.33000183105469,95.04000091552734,95.23999786376953,3435300.0
2026-08-10,95.22000122070312,95.22000122070312,94.81999969482422,94.83999633789062,3522500.0
2026-08-11,94.70999908447266,95.01000213623047,94.70999908447266,94.83000183105469,5224900.0
2026-08-12,95.04000091552734,95.11000061035156,94.9000015258789,94.94000244140625,2388400.0
2026-08-13,95.19000244140625,95.44999694824219,95.16000366210938,95.36000061035156,4024900.0
2026-08-14,95.33000183105469,95.33000183105469,95.0,95.05000305175781,3715400.0
2026-08-17,95.0,95.01000213623047,94.69000244140625,94.69999694824219,3237300.0
2026-08-18,94.4800033569336,94.7300033569336,94.45999908447266,94.63999938964844,6019800.0
2026-08-19,95.05999755859375,95.16999816894531,94.97000122070312,95.11000061035156,5536900.0
2026-08-20,94.80999755859375,94.93000030517578,94.66999816894531,94.66999816894531,4191500.0
2026-08-21,94.79000091552734,94.86000061035156,94.62000274658203,94.72000122070312,4552800.0
2026-08-24,94.83000183105469,95.0199966430664,94.80999755859375,94.8499984741211,1328900.0
2026-08-25,95.18000030517578,95.4000015258789,95.08000183105469,95.37999725341797,4576200.0
2026-08-26,95.27999877929688,95.33000183105469,95.16999816894531,95.30999755859375,5428500.0
2026-08-27,95.18000030517578,95.27999877929688,95.0999984741211,95.12999725341797,8893100.0
2026-08-31,94.81999969482422,94.87000274658203,94.68000030517578,94.7699966430664,4355100.0
2026-09-01,94.1500015258789,94.31999969482422,94.04000091552734,94.08999633789062,7165400.0
2026-09-02,94.1500015258789,94.19999694824219,94.0999984741211,94.1500015258789,7330200.0
