date,open,high,low,close,volume
2010-01-04,39.47999954223633,39.959999084472656,39.47999954223633,39.959999084472656,5928175.0
2010-01-05,40.119998931884766,40.36000061035156,39.959999084472656,40.20000076293945,7801450.0
2010-01-06,40.08000183105469,40.47999954223633,40.08000183105469,40.36000061035156,9715575.0
2010-01-07,39.959999084472656,40.119998931884766,39.880001068115234,40.0,8008575.0
2010-01-08,40.439998626708984,40.560001373291016,40.2400016784668,40.47999954223633,4221025.0
2010-01-11,40.720001220703125,40.84000015258789,40.599998474121094,40.84000015258789,5207850.0
2010-01-12,41.119998931884766,41.279998779296875,41.0,41.119998931884766,7622100.0
2010-01-13,41.0,41.400001525878906,40.959999084472656,41.36000061035156,8881400.0
2010-01-14,41.63999938964844,42.040000915527344,41.63999938964844,41.959999084472656,6478200.0
2010-01-15,42.0,42.08000183105469,41.439998626708984,41.880001068115234,9396400.0
2010-01-19,41.560001373291016,41.959999084472656,41.52000045776367,41.84000015258789,4339950.0
2010-01-20,40.959999084472656,41.0,40.560001373291016,40.91999816894531,8363125.0
2010-01-21,41.36000061035156,41.439998626708984,40.880001068115234,41.119998931884766,14103825.0
2010-01-22,41.08000183105469,41.279998779296875,40.63999938964844,40.68000030517578,7058500.0
2010-01-25,41.119998931884766,41.15999984741211,40.84000015258789,41.0,4211075.0
2010-01-26,40.560001373291016,40.91999816894531,40.439998626708984,40.560001373291016,6857050.0
2010-01-27,40.2400016784668,40.439998626708984,40.0,40.31999969482422,7203225.0
2010-01-28,40.279998779296875,40.31999969482422,39.720001220703125,39.91999816894531,10078700.0
2010-01-29,39.68000030517578,39.91999816894531,39.31999969482422,39.36000061035156,9333825.0
2010-02-01,39.7599983215332,39.84000015258789,39.599998474121094,39.7599983215332,8146550.0
2010-02-02,40.15999984741211,40.52000045776367,40.08000183105469,40.52000045776367,10421550.0
2010-02-03,40.15999984741211,40.279998779296875,39.880001068115234,40.119998931884766,8389425.0
2010-02-04,39.400001525878906,39.47999954223633,39.08000183105469,39.36000061035156,11501650.0
2010-02-05,39.20000076293945,39.36000061035156,38.68000030517578,39.279998779296875,11118800.0
2010-02-08,39.15999984741211,39.31999969482422,38.84000015258789,39.0,6925325.0
2010-02-09,39.36000061035156,39.52000045776367,39.040000915527344,39.2400016784668,9333800.0
2010-02-10,39.31999969482422,39.47999954223633,38.91999816894531,39.2400016784668,8004425.0
2010-02-11,39.15999984741211,39.52000045776367,39.0,39.439998626708984,3969800.0
2010-02-12,39.08000183105469,39.279998779296875,38.959999084472656,39.20000076293945,4158650.0
2010-02-16,39.15999984741211,39.68000030517578,39.0,39.599998474121094,5112300.0
2010-02-17,39.68000030517578,39.84000015258789,39.560001373291016,39.599998474121094,3812475.0
2010-02-18,39.560001373291016,39.7599983215332,39.439998626708984,39.68000030517578,3613475.0
2010-02-19,39.040000915527344,39.2400016784668,38.880001068115234,39.040000915527344,7393900.0
2010-02-22,39.439998626708984,39.560001373291016,39.279998779296875,39.52000045776367,5019000.0
2010-02-23,39.400001525878906,39.47999954223633,39.119998931884766,39.36000061035156,6689600.0
2010-02-24,39.31999969482422,39.68000030517578,39.279998779296875,39.439998626708984,4033950.0
2010-02-25,39.20000076293945,39.52000045776367,39.040000915527344,39.52000045776367,4555800.0
2010-02-26,39.63999938964844,39.880001068115234,39.47999954223633,39.7599983215332,4803650.0
2010-03-01,40.119998931884766,40.31999969482422,40.0,40.15999984741211,6200750.0
2010-03-02,40.400001525878906,40.599998474121094,40.279998779296875,40.279998779296875,3943225.0
2010-03-03,40.560001373291016,40.79999923706055,40.439998626708984,40.560001373291016,3626000.0
2010-03-04,40.279998779296875,40.279998779296875,39.959999084472656,40.15999984741211,3949600.0
2010-03-05,40.279998779296875,40.63999938964844,40.2400016784668,40.560001373291016,4334325.0
2010-03-08,40.84000015258789,40.91999816894531,40.68000030517578,40.84000015258789,4004175.0
2010-03-09,40.599998474121094,40.959999084472656,40.560001373291016,40.68000030517578,4604925.0
2010-03-10,40.439998626708984,40.63999938964844,40.36000061035156,40.400001525878906,10151750.0
2010-03-11,40.63999938964844,40.84000015258789,40.560001373291016,40.79999923706055,4562450.0
2010-03-12,41.08000183105469,41.20000076293945,40.880001068115234,41.20000076293945,3717750.0
2010-03-15,40.91999816894531,41.08000183105469,40.7599983215332,41.0,3690700.0
2010-03-16,41.15999984741211,41.439998626708984,41.08000183105469,41.400001525878906,5366750.0
2010-03-17,41.279998779296875,41.720001220703125,41.279998779296875,41.560001373291016,6546450.0
2010-03-18,41.36000061035156,41.439998626708984,41.15999984741211,41.279998779296875,5722975.0
2010-03-19,41.20000076293945,41.47999954223633,41.040000915527344,41.20000076293945,4443000.0
2010-03-22,41.0,41.47999954223633,40.959999084472656,41.400001525878906,4174525.0
2010-03-23,41.439998626708984,41.84000015258789,41.400001525878906,41.79999923706055,6586900.0
2010-03-24,41.08000183105469,41.31999969482422,41.0,41.119998931884766,6643275.0
2010-03-25,41.2400016784668,41.439998626708984,40.84000015258789,40.880001068115234,6396725.0
2010-03-26,41.31999969482422,41.63999938964844,41.2400016784668,41.52000045776367,11045775.0
2010-03-29,41.880001068115234,42.040000915527344,41.7599983215332,42.040000915527344,3641500.0
2010-03-30,42.2400016784668,42.400001525878906,42.08000183105469,42.279998779296875,5168475.0
2010-03-31,42.0,42.040000915527344,41.599998474121094,41.7599983215332,9415275.0
2010-04-01,42.08000183105469,42.400001525878906,41.959999084472656,42.400001525878906,14896075.0
2010-04-05,42.15999984741211,42.52000045776367,42.040000915527344,42.279998779296875,5060850.0
2010-04-06,42.15999984741211,42.47999954223633,42.119998931884766,42.400001525878906,4264875.0
2010-04-07,42.31999969482422,42.52000045776367,42.20000076293945,42.400001525878906,6652125.0
2010-04-08,42.119998931884766,42.439998626708984,42.040000915527344,42.439998626708984,5457150.0
2010-04-09,42.279998779296875,42.599998474121094,42.2400016784668,42.560001373291016,5385800.0
2010-04-12,42.400001525878906,42.599998474121094,42.36000061035156,42.47999954223633,4656875.0
2010-04-13,42.439998626708984,42.52000045776367,42.08000183105469,42.400001525878906,3608850.0
2010-04-14,42.439998626708984,42.68000030517578,42.31999969482422,42.599998474121094,6355075.0
2010-04-15,42.560001373291016,42.84000015258789,42.47999954223633,42.79999923706055,5817175.0
2010-04-16,42.47999954223633,42.63999938964844,41.720001220703125,42.0,9578925.0
2010-04-19,41.720001220703125,41.959999084472656,41.47999954223633,41.91999816894531,8431725.0
2010-04-20,41.959999084472656,42.0,41.720001220703125,41.7599983215332,5620875.0
2010-04-21,41.959999084472656,41.959999084472656,41.720001220703125,41.91999816894531,4637350.0
2010-04-22,41.400001525878906,41.63999938964844,41.15999984741211,41.560001373291016,5489775.0
2010-04-23,41.439998626708984,41.880001068115234,41.36000061035156,41.84000015258789,4411125.0
2010-04-26,42.08000183105469,42.279998779296875,42.040000915527344,42.119998931884766,3413125.0
2010-04-27,42.0,42.15999984741211,41.279998779296875,41.36000061035156,8823125.0
2010-04-28,41.47999954223633,41.599998474121094,41.08000183105469,41.20000076293945,6456600.0
2010-04-29,41.52000045776367,41.79999923706055,41.47999954223633,41.68000030517578,4546100.0
2010-04-30,41.7599983215332,41.79999923706055,41.36000061035156,41.560001373291016,9148925.0
2010-05-03,41.400001525878906,41.84000015258789,41.400001525878906,41.68000030517578,3701350.0
2010-05-04,41.0,41.040000915527344,40.20000076293945,40.400001525878906,6504075.0
2010-05-05,39.79999923706055,40.400001525878906,39.7599983215332,40.36000061035156,6317150.0
2010-05-06,40.2400016784668,40.68000030517578,38.0,40.119998931884766,12637675.0
2010-05-07,40.08000183105469,40.400001525878906,39.47999954223633,39.7599983215332,10233575.0
2010-05-10,40.91999816894531,41.15999984741211,40.720001220703125,40.880001068115234,7357575.0
2010-05-11,40.0,40.560001373291016,39.880001068115234,39.959999084472656,7023475.0
2010-05-12,40.20000076293945,40.47999954223633,40.119998931884766,40.31999969482422,5202675.0
2010-05-13,40.20000076293945,40.36000061035156,39.959999084472656,40.0,6210875.0
2010-05-14,39.84000015258789,39.880001068115234,39.279998779296875,39.720001220703125,4767475.0
2010-05-17,39.79999923706055,39.91999816894531,39.279998779296875,39.63999938964844,7074475.0
2010-05-18,39.599998474121094,39.720001220703125,38.880001068115234,38.959999084472656,5577000.0
2010-05-19,39.040000915527344,39.36000061035156,38.91999816894531,39.2400016784668,5960025.0
2010-05-20,38.720001220703125,38.959999084472656,38.439998626708984,38.63999938964844,7760675.0
2010-05-21,38.119998931884766,39.040000915527344,38.08000183105469,39.0,7405700.0
2010-05-24,38.599998474121094,38.7599983215332,38.439998626708984,38.47999954223633,4975250.0
2010-05-25,37.52000045776367,38.2400016784668,37.400001525878906,38.2400016784668,8158550.0
2010-05-26,37.91999816894531,38.15999984741211,37.63999938964844,37.7599983215332,4596025.0
2010-05-27,38.47999954223633,38.720001220703125,38.279998779296875,38.68000030517578,6962900.0
2010-05-28,38.52000045776367,38.599998474121094,38.040000915527344,38.040000915527344,7155925.0
2010-06-01,38.040000915527344,38.52000045776367,37.880001068115234,37.91999816894531,6133800.0
2010-06-02,37.68000030517578,38.15999984741211,37.560001373291016,38.119998931884766,4481100.0
2010-06-03,38.31999969482422,38.439998626708984,37.79999923706055,38.040000915527344,9611225.0
2010-06-04,37.599998474121094,37.7599983215332,37.119998931884766,37.31999969482422,8464875.0
2010-06-07,37.040000915527344,37.2400016784668,36.599998474121094,36.720001220703125,4972750.0
2010-06-08,36.84000015258789,37.20000076293945,36.68000030517578,37.08000183105469,5427375.0
2010-06-09,37.15999984741211,37.439998626708984,36.880001068115234,37.119998931884766,4101000.0
2010-06-10,37.439998626708984,37.84000015258789,37.400001525878906,37.7599983215332,4181675.0
2010-06-11,37.36000061035156,37.720001220703125,37.279998779296875,37.68000030517578,4122750.0
2010-06-14,37.91999816894531,38.119998931884766,37.7599983215332,37.91999816894531,4593675.0
2010-06-15,38.279998779296875,38.63999938964844,38.15999984741211,38.599998474121094,4133975.0
2010-06-16,38.599998474121094,38.880001068115234,38.52000045776367,38.7599983215332,2913175.0
2010-06-17,38.880001068115234,38.880001068115234,38.52000045776367,38.68000030517578,4169525.0
2010-06-18,38.52000045776367,38.7599983215332,38.36000061035156,38.7599983215332,2903350.0
2010-06-21,39.15999984741211,39.2400016784668,38.880001068115234,39.040000915527344,4037450.0
2010-06-22,39.0,39.08000183105469,38.400001525878906,38.560001373291016,7267650.0
2010-06-23,38.400001525878906,38.400001525878906,37.91999816894531,38.119998931884766,3400350.0
2010-06-24,38.2400016784668,38.279998779296875,37.79999923706055,38.0,8210950.0
2010-06-25,38.119998931884766,38.31999969482422,37.880001068115234,38.15999984741211,3497950.0
2010-06-28,37.959999084472656,38.08000183105469,37.63999938964844,37.720001220703125,3770250.0
2010-06-29,37.279998779296875,37.31999969482422,36.720001220703125,36.79999923706055,6191575.0
2010-06-30,36.880001068115234,37.20000076293945,36.79999923706055,36.79999923706055,4881525.0
2010-07-01,37.0,37.08000183105469,36.63999938964844,36.91999816894531,5714600.0
2010-07-02,37.20000076293945,37.31999969482422,36.84000015258789,37.08000183105469,4020650.0
2010-07-06,38.2400016784668,38.560001373291016,37.720001220703125,37.84000015258789,4094375.0
2010-07-07,38.0,38.599998474121094,38.0,38.560001373291016,5011900.0
2010-07-08,38.439998626708984,38.68000030517578,38.279998779296875,38.63999938964844,3803325.0
2010-07-09,38.119998931884766,38.439998626708984,38.08000183105469,38.400001525878906,2942700.0
2010-07-12,38.119998931884766,38.31999969482422,38.040000915527344,38.20000076293945,2634725.0
2010-07-13,38.31999969482422,38.560001373291016,38.279998779296875,38.400001525878906,2282150.0
2010-07-14,38.560001373291016,38.720001220703125,38.47999954223633,38.68000030517578,6274825.0
2010-07-15,38.31999969482422,38.439998626708984,38.0,38.36000061035156,4212275.0
2010-07-16,37.7599983215332,37.79999923706055,37.31999969482422,37.400001525878906,6334250.0
2010-07-19,37.439998626708984,37.599998474121094,37.20000076293945,37.52000045776367,5930100.0
2010-07-20,37.20000076293945,37.7599983215332,37.15999984741211,37.7599983215332,3460375.0
2010-07-21,37.599998474121094,37.63999938964844,37.08000183105469,37.08000183105469,4401225.0
2010-07-22,37.68000030517578,38.0,37.68000030517578,37.7599983215332,10983500.0
2010-07-23,38.0,38.31999969482422,37.91999816894531,38.31999969482422,2841300.0
2010-07-26,38.0,38.400001525878906,37.84000015258789,38.36000061035156,5968300.0
2010-07-27,38.31999969482422,38.36000061035156,37.959999084472656,38.15999984741211,6079775.0
2010-07-28,38.52000045776367,38.720001220703125,38.47999954223633,38.599998474121094,4923575.0
2010-07-29,39.0,39.119998931884766,38.560001373291016,38.84000015258789,4381600.0
2010-07-30,38.400001525878906,38.63999938964844,38.31999969482422,38.52000045776367,4583700.0
2010-08-02,39.0,39.36000061035156,38.880001068115234,39.36000061035156,4488800.0
2010-08-03,39.15999984741211,39.279998779296875,38.959999084472656,39.20000076293945,5212175.0
2010-08-04,39.040000915527344,39.20000076293945,38.84000015258789,39.119998931884766,3006425.0
2010-08-05,39.0,39.20000076293945,38.91999816894531,39.08000183105469,3335050.0
2010-08-06,39.47999954223633,39.52000045776367,39.040000915527344,39.439998626708984,5779000.0
2010-08-09,39.400001525878906,39.560001373291016,39.279998779296875,39.47999954223633,4956850.0
2010-08-10,38.84000015258789,39.31999969482422,38.720001220703125,39.2400016784668,2977775.0
2010-08-11,38.20000076293945,38.2400016784668,37.84000015258789,37.91999816894531,6461175.0
2010-08-12,37.63999938964844,37.880001068115234,37.599998474121094,37.79999923706055,5786975.0
2010-08-13,37.91999816894531,38.040000915527344,37.68000030517578,37.7599983215332,3336725.0
2010-08-16,37.880001068115234,38.119998931884766,37.79999923706055,38.040000915527344,2350125.0
2010-08-17,38.36000061035156,38.599998474121094,38.2400016784668,38.2400016784668,2732400.0
2010-08-18,38.439998626708984,38.68000030517578,38.31999969482422,38.47999954223633,2501125.0
2010-08-19,38.7599983215332,38.79999923706055,38.119998931884766,38.400001525878906,5841775.0
2010-08-20,38.0,38.119998931884766,37.79999923706055,38.040000915527344,2653650.0
2010-08-23,38.15999984741211,38.279998779296875,37.79999923706055,37.79999923706055,2143350.0
2010-08-24,37.7599983215332,37.959999084472656,37.599998474121094,37.7599983215332,6803025.0
2010-08-25,37.400001525878906,37.79999923706055,37.31999969482422,37.63999938964844,5558800.0
2010-08-26,37.7599983215332,37.880001068115234,37.439998626708984,37.599998474121094,4166450.0
2010-08-27,38.08000183105469,38.20000076293945,37.7599983215332,38.08000183105469,4221475.0
2010-08-30,38.040000915527344,38.20000076293945,37.880001068115234,37.959999084472656,9192225.0
2010-08-31,37.439998626708984,37.79999923706055,37.2400016784668,37.52000045776367,5569625.0
2010-09-01,37.959999084472656,38.560001373291016,37.91999816894531,38.560001373291016,4865550.0
2010-09-02,38.2400016784668,38.47999954223633,38.119998931884766,38.439998626708984,3636350.0
2010-09-03,38.720001220703125,38.880001068115234,38.560001373291016,38.720001220703125,3786700.0
2010-09-07,39.0,39.0,38.63999938964844,38.720001220703125,4743150.0
2010-09-08,38.68000030517578,38.91999816894531,38.63999938964844,38.79999923706055,3702725.0
2010-09-09,39.15999984741211,39.20000076293945,38.84000015258789,38.91999816894531,5948275.0
2010-09-10,39.040000915527344,39.2400016784668,38.959999084472656,39.20000076293945,3733300.0
2010-09-13,39.31999969482422,39.599998474121094,39.31999969482422,39.599998474121094,2385725.0
2010-09-14,39.279998779296875,39.7599983215332,39.2400016784668,39.720001220703125,7960900.0
2010-09-15,39.20000076293945,39.68000030517578,39.040000915527344,39.63999938964844,3757775.0
2010-09-16,39.0,39.15999984741211,38.880001068115234,39.119998931884766,3106725.0
2010-09-17,39.119998931884766,39.15999984741211,38.84000015258789,39.0,3050525.0
2010-09-20,39.20000076293945,39.68000030517578,39.119998931884766,39.68000030517578,3091700.0
2010-09-21,39.36000061035156,39.63999938964844,39.08000183105469,39.2400016784668,4980425.0
2010-09-22,39.36000061035156,39.47999954223633,39.08000183105469,39.119998931884766,6570550.0
2010-09-23,38.880001068115234,39.20000076293945,38.84000015258789,38.959999084472656,3806150.0
2010-09-24,39.31999969482422,39.599998474121094,39.279998779296875,39.47999954223633,4268725.0
2010-09-27,39.63999938964844,39.7599983215332,39.52000045776367,39.68000030517578,3363975.0
2010-09-28,39.79999923706055,39.91999816894531,39.52000045776367,39.84000015258789,4400200.0
2010-09-29,40.040000915527344,40.15999984741211,39.91999816894531,40.040000915527344,3249900.0
2010-09-30,39.79999923706055,39.880001068115234,39.31999969482422,39.560001373291016,4580925.0
2010-10-01,39.560001373291016,39.68000030517578,39.400001525878906,39.63999938964844,3193850.0
2010-10-04,39.040000915527344,39.20000076293945,38.7599983215332,38.880001068115234,5873625.0
2010-10-05,39.7599983215332,40.2400016784668,39.720001220703125,40.119998931884766,5501225.0
2010-10-06,40.400001525878906,40.560001373291016,40.31999969482422,40.560001373291016,6637575.0
2010-10-07,40.91999816894531,40.91999816894531,40.439998626708984,40.720001220703125,3552300.0
2010-10-08,40.68000030517578,40.959999084472656,40.52000045776367,40.91999816894531,4753125.0
2010-10-11,40.91999816894531,41.0,40.79999923706055,40.84000015258789,1914025.0
2010-10-12,40.36000061035156,40.63999938964844,40.20000076293945,40.47999954223633,3734500.0
2010-10-13,40.400001525878906,40.79999923706055,40.400001525878906,40.599998474121094,7082750.0
2010-10-14,40.91999816894531,41.0,40.63999938964844,40.880001068115234,7620200.0
2010-10-15,40.79999923706055,40.84000015258789,40.52000045776367,40.560001373291016,4339875.0
2010-10-18,40.84000015258789,41.119998931884766,40.79999923706055,40.84000015258789,3522475.0
2010-10-19,40.560001373291016,40.880001068115234,40.31999969482422,40.47999954223633,5591600.0
2010-10-20,40.47999954223633,41.040000915527344,40.439998626708984,40.79999923706055,6753775.0
2010-10-21,40.52000045776367,40.84000015258789,40.15999984741211,40.279998779296875,6023025.0
2010-10-22,40.560001373291016,40.63999938964844,40.439998626708984,40.599998474121094,3129950.0
2010-10-25,40.79999923706055,40.880001068115234,40.560001373291016,40.63999938964844,3580600.0
2010-10-26,40.119998931884766,40.31999969482422,40.0,40.2400016784668,6123575.0
2010-10-27,40.08000183105469,40.119998931884766,39.720001220703125,40.119998931884766,4014975.0
2010-10-28,40.2400016784668,40.279998779296875,40.0,40.2400016784668,3926525.0
2010-10-29,40.119998931884766,40.20000076293945,39.959999084472656,40.08000183105469,5126825.0
2010-11-01,39.880001068115234,40.0,39.47999954223633,39.68000030517578,4419900.0
2010-11-02,39.91999816894531,40.040000915527344,39.84000015258789,39.959999084472656,3660500.0
2010-11-03,39.959999084472656,40.119998931884766,39.439998626708984,40.08000183105469,5756475.0
2010-11-04,40.599998474121094,41.040000915527344,40.599998474121094,41.0,5544025.0
2010-11-05,41.15999984741211,41.36000061035156,41.08000183105469,41.36000061035156,4464650.0
2010-11-08,41.36000061035156,41.47999954223633,41.2400016784668,41.36000061035156,3008625.0
2010-11-09,41.79999923706055,41.880001068115234,40.959999084472656,41.08000183105469,5488575.0
2010-11-10,41.599998474121094,41.68000030517578,41.08000183105469,41.560001373291016,7086900.0
2010-11-11,41.31999969482422,41.400001525878906,41.119998931884766,41.31999969482422,6730775.0
2010-11-12,41.20000076293945,41.439998626708984,40.91999816894531,41.0,6596325.0
2010-11-15,41.31999969482422,41.36000061035156,41.0,41.0,3794050.0
2010-11-16,40.720001220703125,40.7599983215332,40.15999984741211,40.279998779296875,5004950.0
2010-11-17,40.880001068115234,41.0,40.7599983215332,40.880001068115234,4123350.0
2010-11-18,41.880001068115234,42.0,41.79999923706055,41.91999816894531,6948925.0
2010-11-19,41.7599983215332,42.0,41.52000045776367,41.959999084472656,3719725.0
2010-11-22,41.68000030517578,41.880001068115234,41.31999969482422,41.84000015258789,7313500.0
2010-11-23,41.08000183105469,41.119998931884766,40.720001220703125,41.040000915527344,10326625.0
2010-11-24,41.47999954223633,41.7599983215332,41.47999954223633,41.7599983215332,4415350.0
2010-11-26,41.119998931884766,41.20000076293945,41.0,41.08000183105469,5003550.0
2010-11-29,41.119998931884766,41.47999954223633,40.79999923706055,41.279998779296875,11721775.0
2010-11-30,40.84000015258789,41.20000076293945,40.7599983215332,41.08000183105469,5802100.0
2010-12-01,41.560001373291016,42.0,41.52000045776367,41.91999816894531,7806425.0
2010-12-02,41.7599983215332,42.439998626708984,41.720001220703125,42.31999969482422,9094250.0
2010-12-03,42.31999969482422,42.599998474121094,42.20000076293945,42.560001373291016,4499875.0
2010-12-06,42.400001525878906,42.79999923706055,42.400001525878906,42.7599983215332,9080800.0
2010-12-07,42.720001220703125,42.79999923706055,42.2400016784668,42.2400016784668,10251825.0
2010-12-08,42.2400016784668,42.47999954223633,41.959999084472656,42.36000061035156,6658200.0
2010-12-09,42.439998626708984,42.47999954223633,42.119998931884766,42.439998626708984,4227150.0
2010-12-10,42.36000061035156,42.400001525878906,42.20000076293945,42.31999969482422,4877650.0
2010-12-13,42.84000015258789,43.119998931884766,42.720001220703125,42.880001068115234,5005150.0
2010-12-14,43.040000915527344,43.400001525878906,42.959999084472656,43.040000915527344,5936950.0
2010-12-15,42.79999923706055,42.959999084472656,42.560001373291016,42.7599983215332,4030750.0
2010-12-16,42.720001220703125,43.040000915527344,42.599998474121094,43.0,3902600.0
2010-12-17,42.720001220703125,42.959999084472656,42.599998474121094,42.880001068115234,4066525.0
2010-12-20,43.0,43.040000915527344,42.720001220703125,42.91999816894531,2630875.0
2010-12-21,42.91999816894531,42.959999084472656,42.79999923706055,42.880001068115234,4782400.0
2010-12-22,42.959999084472656,43.08000183105469,42.880001068115234,43.040000915527344,3180150.0
2010-12-23,43.0,43.08000183105469,42.880001068115234,43.0,2124175.0
2010-12-27,43.040000915527344,43.20000076293945,43.040000915527344,43.119998931884766,1969575.0
2010-12-28,43.560001373291016,43.599998474121094,43.279998779296875,43.439998626708984,2174700.0
2010-12-29,43.84000015258789,44.0,43.7599983215332,43.84000015258789,2726825.0
2010-12-30,43.63999938964844,43.68000030517578,43.2400016784668,43.47999954223633,3044975.0
2010-12-31,43.52000045776367,43.84000015258789,43.439998626708984,43.63999938964844,1887850.0
2011-01-03,43.91999816894531,44.119998931884766,43.84000015258789,44.040000915527344,4518825.0
2011-01-04,44.08000183105469,44.119998931884766,43.7599983215332,44.08000183105469,4004725.0
2011-01-05,43.439998626708984,43.959999084472656,43.439998626708984,43.7599983215332,7929050.0
2011-01-06,44.119998931884766,44.119998931884766,43.63999938964844,43.7599983215332,11348950.0
2011-01-07,44.0,44.119998931884766,43.720001220703125,43.91999816894531,4079375.0
2011-01-10,43.7599983215332,43.91999816894531,43.439998626708984,43.91999816894531,8978050.0
2011-01-11,44.20000076293945,44.36000061035156,44.0,44.2400016784668,10159075.0
2011-01-12,44.400001525878906,44.68000030517578,44.31999969482422,44.63999938964844,4721800.0
2011-01-13,44.7599983215332,45.0,44.560001373291016,44.599998474121094,6446300.0
2011-01-14,44.36000061035156,44.79999923706055,44.279998779296875,44.599998474121094,11610575.0
2011-01-18,44.560001373291016,44.79999923706055,44.52000045776367,44.720001220703125,2973550.0
2011-01-19,44.959999084472656,45.0,44.52000045776367,44.63999938964844,3973750.0
2011-01-20,44.279998779296875,44.400001525878906,43.959999084472656,44.2400016784668,4758475.0
2011-01-21,43.84000015258789,44.0,43.63999938964844,43.79999923706055,5699375.0
2011-01-24,43.720001220703125,44.119998931884766,43.68000030517578,44.08000183105469,3310200.0
2011-01-25,44.31999969482422,44.52000045776367,44.15999984741211,44.47999954223633,4649900.0
2011-01-26,44.400001525878906,44.560001373291016,44.279998779296875,44.400001525878906,5194850.0
2011-01-27,44.2400016784668,44.52000045776367,44.20000076293945,44.439998626708984,4026725.0
2011-01-28,44.279998779296875,44.400001525878906,43.63999938964844,43.68000030517578,8795175.0
2011-01-31,43.84000015258789,44.0,43.68000030517578,43.720001220703125,5318575.0
2011-02-01,44.20000076293945,44.720001220703125,44.15999984741211,44.599998474121094,4103400.0
2011-02-02,44.880001068115234,45.119998931884766,44.84000015258789,45.040000915527344,4179950.0
2011-02-03,44.880001068115234,45.47999954223633,44.68000030517578,45.400001525878906,11960875.0
2011-02-04,45.279998779296875,45.439998626708984,45.0,45.400001525878906,11564100.0
2011-02-07,45.20000076293945,45.439998626708984,45.20000076293945,45.36000061035156,5682050.0
2011-02-08,45.439998626708984,45.720001220703125,45.279998779296875,45.63999938964844,7857625.0
2011-02-09,45.20000076293945,45.47999954223633,45.08000183105469,45.31999969482422,11100950.0
2011-02-10,44.959999084472656,45.31999969482422,44.84000015258789,45.279998779296875,10825700.0
2011-02-11,44.959999084472656,45.400001525878906,44.91999816894531,45.31999969482422,4342950.0
2011-02-14,45.52000045776367,45.720001220703125,45.439998626708984,45.720001220703125,6033225.0
2011-02-15,45.52000045776367,45.560001373291016,45.31999969482422,45.400001525878906,5661850.0
2011-02-16,45.79999923706055,46.119998931884766,45.720001220703125,46.040000915527344,8589300.0
2011-02-17,46.20000076293945,46.47999954223633,46.08000183105469,46.439998626708984,4518750.0
2011-02-18,46.31999969482422,46.52000045776367,46.15999984741211,46.400001525878906,5078425.0
2011-02-22,45.47999954223633,45.79999923706055,45.119998931884766,45.119998931884766,8342275.0
2011-02-23,45.20000076293945,45.36000061035156,44.7599983215332,45.20000076293945,6490625.0
2011-02-24,45.08000183105469,45.20000076293945,44.7599983215332,45.08000183105469,5211750.0
2011-02-25,45.47999954223633,45.7599983215332,45.400001525878906,45.68000030517578,6759000.0
2011-02-28,46.15999984741211,46.279998779296875,46.0,46.119998931884766,3880525.0
2011-03-01,46.400001525878906,46.47999954223633,45.79999923706055,46.040000915527344,8611875.0
2011-03-02,45.599998474121094,45.959999084472656,45.560001373291016,45.63999938964844,5636275.0
2011-03-03,45.720001220703125,46.15999984741211,45.720001220703125,46.08000183105469,10440375.0
2011-03-04,45.7599983215332,45.84000015258789,45.36000061035156,45.7599983215332,6450725.0
2011-03-07,45.68000030517578,45.720001220703125,44.880001068115234,44.880001068115234,8519425.0
2011-03-08,44.959999084472656,45.279998779296875,44.7599983215332,45.08000183105469,5548600.0
2011-03-09,45.08000183105469,45.119998931884766,44.79999923706055,45.08000183105469,5586550.0
2011-03-10,44.31999969482422,44.36000061035156,43.959999084472656,43.959999084472656,8583025.0
2011-03-11,43.15999984741211,43.400001525878906,43.0,43.2400016784668,15701350.0
2011-03-14,39.439998626708984,40.47999954223633,39.2400016784668,40.20000076293945,51263600.0
2011-03-15,37.279998779296875,40.439998626708984,36.959999084472656,40.119998931884766,99041775.0
2011-03-16,39.63999938964844,39.7599983215332,37.84000015258789,38.63999938964844,60298925.0
2011-03-17,40.560001373291016,41.0,39.880001068115234,40.400001525878906,31079325.0
2011-03-18,40.68000030517578,41.79999923706055,40.47999954223633,41.47999954223633,35313125.0
2011-03-21,42.040000915527344,42.7599983215332,41.91999816894531,42.68000030517578,36014375.0
2011-03-22,42.400001525878906,42.560001373291016,41.84000015258789,42.52000045776367,23570175.0
2011-03-23,41.91999816894531,42.47999954223633,41.68000030517578,42.279998779296875,21305575.0
2011-03-24,41.880001068115234,42.47999954223633,41.84000015258789,42.36000061035156,13993200.0
2011-03-25,41.599998474121094,41.84000015258789,41.2400016784668,41.31999969482422,16091100.0
2011-03-28,41.439998626708984,41.560001373291016,41.20000076293945,41.2400016784668,8296100.0
2011-03-29,40.91999816894531,41.2400016784668,40.84000015258789,41.15999984741211,11283675.0
2011-03-30,41.720001220703125,41.959999084472656,41.599998474121094,41.79999923706055,10359875.0
2011-03-31,41.439998626708984,41.52000045776367,41.20000076293945,41.279998779296875,7209525.0
2011-04-01,41.0,41.36000061035156,40.79999923706055,41.20000076293945,12178875.0
2011-04-04,40.84000015258789,40.880001068115234,40.63999938964844,40.63999938964844,9428750.0
2011-04-05,39.880001068115234,40.119998931884766,39.7599983215332,39.84000015258789,13843475.0
2011-04-06,39.52000045776367,39.63999938964844,39.439998626708984,39.47999954223633,9751675.0
2011-04-07,39.599998474121094,39.599998474121094,38.79999923706055,39.15999984741211,24508225.0
2011-04-08,40.040000915527344,40.15999984741211,39.84000015258789,39.91999816894531,13108275.0
2011-04-11,39.91999816894531,40.119998931884766,39.599998474121094,39.63999938964844,10506800.0
2011-04-12,39.63999938964844,39.84000015258789,39.52000045776367,39.720001220703125,7829975.0
2011-04-13,40.15999984741211,40.20000076293945,39.79999923706055,39.880001068115234,6662100.0
2011-04-14,40.119998931884766,40.279998779296875,40.040000915527344,40.15999984741211,9160450.0
2011-04-15,40.20000076293945,40.36000061035156,40.08000183105469,40.119998931884766,8421125.0
2011-04-18,39.68000030517578,40.040000915527344,39.560001373291016,40.0,7582950.0
2011-04-19,40.08000183105469,40.15999984741211,39.84000015258789,40.119998931884766,5196300.0
2011-04-20,40.63999938964844,40.79999923706055,40.560001373291016,40.720001220703125,7454325.0
2011-04-21,40.91999816894531,40.959999084472656,40.79999923706055,40.880001068115234,2487500.0
2011-04-25,40.79999923706055,40.880001068115234,40.63999938964844,40.84000015258789,4409675.0
2011-04-26,40.68000030517578,40.959999084472656,40.63999938964844,40.880001068115234,2575000.0
2011-04-27,40.79999923706055,41.0,40.560001373291016,40.959999084472656,9301525.0
2011-04-28,41.599998474121094,42.040000915527344,41.599998474121094,42.040000915527344,11774275.0
2011-04-29,41.959999084472656,42.119998931884766,41.959999084472656,42.119998931884766,3828300.0
2011-05-02,42.36000061035156,42.560001373291016,42.15999984741211,42.2400016784668,12026275.0
2011-05-03,42.36000061035156,42.400001525878906,41.959999084472656,42.2400016784668,5609700.0
2011-05-04,42.20000076293945,42.20000076293945,41.880001068115234,42.15999984741211,5248125.0
2011-05-05,41.959999084472656,42.08000183105469,41.599998474121094,41.84000015258789,7389225.0
2011-05-06,42.36000061035156,42.47999954223633,41.959999084472656,42.08000183105469,5477200.0
2011-05-09,42.0,42.2400016784668,41.91999816894531,42.2400016784668,5936200.0
2011-05-10,42.400001525878906,42.47999954223633,42.279998779296875,42.439998626708984,5897525.0
2011-05-11,41.880001068115234,42.040000915527344,41.599998474121094,41.720001220703125,7342375.0
2011-05-12,41.720001220703125,41.91999816894531,41.47999954223633,41.84000015258789,5196375.0
2011-05-13,41.560001373291016,41.599998474121094,40.91999816894531,40.959999084472656,15969800.0
2011-05-16,40.84000015258789,41.08000183105469,40.68000030517578,40.720001220703125,9606900.0
2011-05-17,40.52000045776367,40.84000015258789,40.279998779296875,40.7599983215332,10466825.0
2011-05-18,40.91999816894531,41.20000076293945,40.880001068115234,41.08000183105469,6373425.0
2011-05-19,40.52000045776367,40.599998474121094,40.2400016784668,40.47999954223633,8110575.0
2011-05-20,40.279998779296875,40.279998779296875,39.959999084472656,40.040000915527344,5151300.0
2011-05-23,39.47999954223633,39.560001373291016,39.31999969482422,39.439998626708984,7479675.0
2011-05-24,39.79999923706055,40.040000915527344,39.68000030517578,39.91999816894531,11859625.0
2011-05-25,39.63999938964844,40.08000183105469,39.63999938964844,40.0,5064700.0
2011-05-26,40.2400016784668,40.47999954223633,40.119998931884766,40.36000061035156,6913350.0
2011-05-27,40.31999969482422,40.599998474121094,40.2400016784668,40.36000061035156,9315825.0
2011-05-31,41.0,41.15999984741211,40.79999923706055,41.08000183105469,5609700.0
2011-06-01,41.0,41.040000915527344,40.47999954223633,40.560001373291016,7698300.0
2011-06-02,40.63999938964844,40.720001220703125,40.31999969482422,40.599998474121094,4478525.0
2011-06-03,40.2400016784668,40.47999954223633,40.15999984741211,40.2400016784668,6211800.0
2011-06-06,40.119998931884766,40.119998931884766,39.79999923706055,39.84000015258789,4103575.0
2011-06-07,40.36000061035156,40.47999954223633,40.119998931884766,40.15999984741211,2823650.0
2011-06-08,40.279998779296875,40.439998626708984,40.119998931884766,40.119998931884766,3128850.0
2011-06-09,40.36000061035156,40.599998474121094,40.31999969482422,40.400001525878906,4195225.0
2011-06-10,40.279998779296875,40.400001525878906,39.880001068115234,40.0,5820550.0
2011-06-13,40.040000915527344,40.15999984741211,39.84000015258789,40.0,6245900.0
2011-06-14,40.47999954223633,40.959999084472656,40.439998626708984,40.79999923706055,6452600.0
2011-06-15,40.279998779296875,40.439998626708984,39.880001068115234,40.0,6693225.0
2011-06-16,39.79999923706055,40.15999984741211,39.63999938964844,39.880001068115234,8337850.0
2011-06-17,40.08000183105469,40.20000076293945,39.959999084472656,40.0,7108800.0
2011-06-20,39.91999816894531,40.15999984741211,39.880001068115234,40.040000915527344,7297500.0
2011-06-21,40.31999969482422,40.79999923706055,40.31999969482422,40.720001220703125,6033175.0
2011-06-22,40.439998626708984,40.79999923706055,40.279998779296875,40.31999969482422,4459600.0
2011-06-23,40.0,40.31999969482422,39.79999923706055,40.2400016784668,6131775.0
2011-06-24,40.720001220703125,40.7599983215332,40.400001525878906,40.47999954223633,3070600.0
2011-06-27,40.15999984741211,40.439998626708984,40.15999984741211,40.279998779296875,6806750.0
2011-06-28,40.439998626708984,40.79999923706055,40.400001525878906,40.7599983215332,5846225.0
2011-06-29,41.15999984741211,41.439998626708984,41.040000915527344,41.400001525878906,11301125.0
2011-06-30,41.47999954223633,41.880001068115234,41.439998626708984,41.720001220703125,7109425.0
2011-07-01,41.560001373291016,42.15999984741211,41.47999954223633,42.08000183105469,7853200.0
2011-07-05,41.959999084472656,42.279998779296875,41.880001068115234,42.15999984741211,24487550.0
2011-07-06,42.31999969482422,42.400001525878906,42.08000183105469,42.400001525878906,8668000.0
2011-07-07,42.47999954223633,42.7599983215332,42.400001525878906,42.68000030517578,13547550.0
2011-07-08,42.20000076293945,42.439998626708984,42.119998931884766,42.31999969482422,8395950.0
2011-07-11,42.040000915527344,42.15999984741211,41.720001220703125,41.79999923706055,6081650.0
2011-07-12,42.0,42.36000061035156,41.880001068115234,41.91999816894531,10264075.0
2011-07-13,42.599998474121094,43.0,42.47999954223633,42.720001220703125,9219550.0
2011-07-14,42.68000030517578,42.7599983215332,42.2400016784668,42.31999969482422,9537100.0
2011-07-15,42.63999938964844,42.79999923706055,42.560001373291016,42.63999938964844,3561425.0
2011-07-18,42.20000076293945,42.36000061035156,41.880001068115234,42.119998931884766,7453175.0
2011-07-19,42.560001373291016,42.68000030517578,42.47999954223633,42.63999938964844,4216400.0
2011-07-20,42.84000015258789,43.119998931884766,42.720001220703125,43.08000183105469,4436300.0
2011-07-21,43.08000183105469,43.560001373291016,43.040000915527344,43.439998626708984,5959350.0
2011-07-22,43.560001373291016,43.599998474121094,43.36000061035156,43.52000045776367,7138025.0
2011-07-25,43.2400016784668,43.47999954223633,43.15999984741211,43.36000061035156,7041450.0
2011-07-26,43.47999954223633,43.63999938964844,43.31999969482422,43.439998626708984,4821375.0
2011-07-27,43.15999984741211,43.15999984741211,42.63999938964844,42.720001220703125,4894475.0
2011-07-28,42.79999923706055,43.040000915527344,42.52000045776367,42.63999938964844,4213350.0
2011-07-29,42.52000045776367,42.880001068115234,42.400001525878906,42.84000015258789,5224775.0
2011-08-01,43.20000076293945,43.2400016784668,42.279998779296875,42.439998626708984,19999875.0
2011-08-02,42.52000045776367,42.720001220703125,42.08000183105469,42.08000183105469,8297800.0
2011-08-03,42.08000183105469,42.20000076293945,41.599998474121094,42.15999984741211,7846800.0
2011-08-04,40.47999954223633,40.599998474121094,39.439998626708984,39.599998474121094,14925025.0
2011-08-05,40.20000076293945,40.36000061035156,39.0,39.959999084472656,12540050.0
2011-08-08,39.279998779296875,39.63999938964844,38.0,38.040000915527344,11784550.0
2011-08-09,39.279998779296875,40.0,38.31999969482422,40.0,9710225.0
2011-08-10,39.08000183105469,39.119998931884766,38.08000183105469,38.15999984741211,12398600.0
2011-08-11,38.68000030517578,39.84000015258789,38.599998474121094,39.599998474121094,9018350.0
2011-08-12,39.47999954223633,39.599998474121094,39.119998931884766,39.2400016784668,7531625.0
2011-08-15,39.560001373291016,39.7599983215332,39.439998626708984,39.720001220703125,4071600.0
2011-08-16,39.279998779296875,39.599998474121094,39.08000183105469,39.400001525878906,6155575.0
2011-08-17,39.63999938964844,39.7599983215332,39.31999969482422,39.439998626708984,2686325.0
2011-08-18,38.439998626708984,38.47999954223633,37.91999816894531,38.08000183105469,9595300.0
2011-08-19,38.0,38.68000030517578,37.68000030517578,37.720001220703125,5418425.0
2011-08-22,38.279998779296875,38.31999969482422,37.720001220703125,37.79999923706055,3230775.0
2011-08-23,38.0,38.560001373291016,37.79999923706055,38.52000045776367,4087900.0
2011-08-24,37.880001068115234,38.279998779296875,37.720001220703125,38.08000183105469,3593225.0
2011-08-25,38.2400016784668,38.36000061035156,37.400001525878906,37.560001373291016,4170550.0
2011-08-26,37.959999084472656,38.47999954223633,37.68000030517578,38.36000061035156,4545775.0
2011-08-29,38.720001220703125,38.880001068115234,38.560001373291016,38.880001068115234,2791675.0
2011-08-30,38.63999938964844,38.959999084472656,38.47999954223633,38.720001220703125,4046525.0
2011-08-31,39.31999969482422,39.63999938964844,39.15999984741211,39.400001525878906,7397975.0
2011-09-01,39.20000076293945,39.400001525878906,39.0,39.040000915527344,4720725.0
2011-09-02,38.439998626708984,38.63999938964844,38.31999969482422,38.400001525878906,3664500.0
2011-09-06,37.119998931884766,37.560001373291016,37.119998931884766,37.560001373291016,4973775.0
2011-09-07,37.959999084472656,38.31999969482422,37.880001068115234,38.279998779296875,4203650.0
2011-09-08,38.0,38.15999984741211,37.68000030517578,37.79999923706055,13866800.0
2011-09-09,37.279998779296875,37.36000061035156,36.79999923706055,36.91999816894531,7005050.0
2011-09-12,36.84000015258789,37.31999969482422,36.68000030517578,37.279998779296875,11065125.0
2011-09-13,37.720001220703125,38.040000915527344,37.63999938964844,37.91999816894531,5357775.0
2011-09-14,37.79999923706055,38.439998626708984,37.560001373291016,38.08000183105469,4352925.0
2011-09-15,38.31999969482422,38.599998474121094,38.119998931884766,38.52000045776367,3995700.0
2011-09-16,38.79999923706055,38.959999084472656,38.47999954223633,38.91999816894531,7198525.0
2011-09-19,38.15999984741211,38.52000045776367,37.91999816894531,38.36000061035156,8750000.0
2011-09-20,38.36000061035156,38.7599983215332,38.20000076293945,38.31999969482422,6771800.0
2011-09-21,38.52000045776367,38.63999938964844,37.7599983215332,37.84000015258789,4889650.0
2011-09-22,37.31999969482422,37.47999954223633,36.79999923706055,37.2400016784668,16000350.0
2011-09-23,37.119998931884766,37.599998474121094,37.040000915527344,37.36000061035156,5396900.0
2011-09-26,37.31999969482422,37.599998474121094,37.040000915527344,37.560001373291016,6193000.0
2011-09-27,38.400001525878906,38.68000030517578,38.08000183105469,38.15999984741211,6356525.0
2011-09-28,38.7599983215332,38.79999923706055,38.15999984741211,38.15999984741211,4313400.0
2011-09-29,38.84000015258789,38.959999084472656,38.439998626708984,38.84000015258789,4843600.0
2011-09-30,38.2400016784668,38.279998779296875,37.79999923706055,37.84000015258789,5476925.0
2011-10-03,37.84000015258789,38.15999984741211,37.2400016784668,37.2400016784668,4443625.0
2011-10-04,37.0,37.720001220703125,36.7599983215332,37.720001220703125,5650475.0
2011-10-05,37.15999984741211,37.63999938964844,37.0,37.560001373291016,2998175.0
2011-10-06,37.560001373291016,37.91999816894531,37.439998626708984,37.720001220703125,8681025.0
2011-10-07,37.84000015258789,37.880001068115234,37.439998626708984,37.52000045776367,3751675.0
2011-10-10,38.040000915527344,38.47999954223633,38.040000915527344,38.47999954223633,2303825.0
2011-10-11,38.15999984741211,38.36000061035156,38.08000183105469,38.15999984741211,6892425.0
2011-10-12,38.400001525878906,38.68000030517578,38.279998779296875,38.400001525878906,3705925.0
2011-10-13,38.400001525878906,38.52000045776367,38.20000076293945,38.400001525878906,2533075.0
2011-10-14,38.36000061035156,38.47999954223633,38.040000915527344,38.47999954223633,4003975.0
2011-10-17,38.439998626708984,38.52000045776367,38.20000076293945,38.31999969482422,4692475.0
2011-10-18,38.20000076293945,38.84000015258789,38.0,38.68000030517578,3333525.0
2011-10-19,38.31999969482422,38.439998626708984,38.040000915527344,38.08000183105469,2485600.0
2011-10-20,37.959999084472656,38.08000183105469,37.68000030517578,37.959999084472656,2190875.0
2011-10-21,38.400001525878906,38.47999954223633,38.2400016784668,38.36000061035156,3033700.0
2011-10-24,38.599998474121094,38.880001068115234,38.560001373291016,38.7599983215332,2482300.0
2011-10-25,38.47999954223633,38.52000045776367,38.119998931884766,38.20000076293945,2487550.0
2011-10-26,38.599998474121094,38.63999938964844,38.08000183105469,38.279998779296875,6667475.0
2011-10-27,39.68000030517578,39.959999084472656,39.47999954223633,39.7599983215332,6282275.0
2011-10-28,39.68000030517578,39.959999084472656,39.599998474121094,39.91999816894531,5973650.0
2011-10-31,38.0,38.08000183105469,37.560001373291016,37.599998474121094,8764125.0
2011-11-01,37.119998931884766,37.400001525878906,37.040000915527344,37.119998931884766,4941100.0
2011-11-02,37.20000076293945,37.279998779296875,37.0,37.2400016784668,3556475.0
2011-11-03,37.560001373291016,37.68000030517578,37.119998931884766,37.52000045776367,4396575.0
2011-11-04,37.47999954223633,37.47999954223633,37.15999984741211,37.439998626708984,2858900.0
2011-11-07,37.47999954223633,37.84000015258789,37.279998779296875,37.7599983215332,4216000.0
2011-11-08,37.439998626708984,37.68000030517578,37.15999984741211,37.599998474121094,3148525.0
2011-11-09,37.15999984741211,37.2400016784668,36.720001220703125,36.91999816894531,3409875.0
2011-11-10,37.0,37.08000183105469,36.68000030517578,36.880001068115234,4331800.0
2011-11-11,37.08000183105469,37.36000061035156,37.040000915527344,37.279998779296875,1913800.0
2011-11-14,37.15999984741211,37.279998779296875,37.0,37.119998931884766,1653725.0
2011-11-15,37.08000183105469,37.36000061035156,36.880001068115234,37.119998931884766,3372875.0
2011-11-16,36.84000015258789,36.959999084472656,36.400001525878906,36.439998626708984,3760850.0
2011-11-17,36.84000015258789,36.880001068115234,36.36000061035156,36.47999954223633,5360575.0
2011-11-18,36.79999923706055,36.84000015258789,36.52000045776367,36.63999938964844,2848925.0
2011-11-21,36.119998931884766,36.119998931884766,35.7599983215332,35.91999816894531,4516150.0
2011-11-22,36.2400016784668,36.36000061035156,36.0,36.20000076293945,2690600.0
2011-11-23,35.79999923706055,35.79999923706055,35.31999969482422,35.36000061035156,6055725.0
2011-11-25,35.47999954223633,35.7599983215332,35.31999969482422,35.36000061035156,2890925.0
2011-11-28,36.279998779296875,36.36000061035156,36.15999984741211,36.36000061035156,4308825.0
2011-11-29,36.47999954223633,36.63999938964844,36.31999969482422,36.52000045776367,3403750.0
2011-11-30,37.47999954223633,37.720001220703125,37.31999969482422,37.720001220703125,8429300.0
2011-12-01,37.31999969482422,37.47999954223633,37.20000076293945,37.20000076293945,2674400.0
2011-12-02,37.68000030517578,37.7599983215332,37.279998779296875,37.31999969482422,4198725.0
2011-12-05,37.68000030517578,37.7599983215332,37.400001525878906,37.599998474121094,3482825.0
2011-12-06,37.20000076293945,37.439998626708984,37.08000183105469,37.15999984741211,2385875.0
2011-12-07,37.31999969482422,37.720001220703125,37.279998779296875,37.68000030517578,3544350.0
2011-12-08,37.52000045776367,37.52000045776367,36.720001220703125,36.7599983215332,5560400.0
2011-12-09,37.119998931884766,37.63999938964844,37.119998931884766,37.599998474121094,3829875.0
2011-12-12,37.08000183105469,37.08000183105469,36.7599983215332,36.959999084472656,3388875.0
2011-12-13,37.2400016784668,37.400001525878906,36.599998474121094,36.79999923706055,4002475.0
2011-12-14,36.68000030517578,37.040000915527344,36.36000061035156,36.400001525878906,5551475.0
2011-12-15,36.52000045776367,36.560001373291016,36.20000076293945,36.31999969482422,4761925.0
2011-12-16,36.20000076293945,36.36000061035156,36.0,36.20000076293945,5099575.0
2011-12-19,36.119998931884766,36.119998931884766,35.63999938964844,35.68000030517578,2744650.0
2011-12-20,35.84000015258789,36.15999984741211,35.79999923706055,36.15999984741211,4241600.0
2011-12-21,35.84000015258789,35.880001068115234,35.560001373291016,35.79999923706055,4567375.0
2011-12-22,35.720001220703125,36.040000915527344,35.599998474121094,36.040000915527344,6821250.0
2011-12-23,36.119998931884766,36.31999969482422,36.0,36.31999969482422,1735950.0
2011-12-27,36.0,36.040000915527344,35.84000015258789,35.880001068115234,2258400.0
2011-12-28,35.880001068115234,35.91999816894531,35.400001525878906,35.439998626708984,3291200.0
2011-12-29,35.720001220703125,36.15999984741211,35.63999938964844,36.15999984741211,2837675.0
2011-12-30,36.279998779296875,36.52000045776367,36.20000076293945,36.439998626708984,3586775.0
2012-01-03,36.959999084472656,37.20000076293945,36.959999084472656,37.15999984741211,4001150.0
2012-01-04,37.08000183105469,37.2400016784668,37.0,37.119998931884766,4198375.0
2012-01-05,36.720001220703125,36.79999923706055,36.599998474121094,36.68000030517578,3052700.0
2012-01-06,36.47999954223633,36.52000045776367,36.2400016784668,36.279998779296875,3600475.0
2012-01-09,36.439998626708984,36.52000045776367,36.20000076293945,36.400001525878906,3966925.0
2012-01-10,36.880001068115234,36.91999816894531,36.720001220703125,36.84000015258789,5112500.0
2012-01-11,36.560001373291016,36.79999923706055,36.47999954223633,36.68000030517578,3183225.0
2012-01-12,36.560001373291016,36.63999938964844,36.439998626708984,36.52000045776367,8956150.0
2012-01-13,36.599998474121094,36.63999938964844,36.400001525878906,36.599998474121094,3466925.0
2012-01-17,36.720001220703125,36.79999923706055,36.599998474121094,36.599998474121094,2962050.0
2012-01-18,36.79999923706055,37.119998931884766,36.79999923706055,37.040000915527344,3750600.0
2012-01-19,37.31999969482422,37.400001525878906,37.20000076293945,37.31999969482422,3987300.0
2012-01-20,37.68000030517578,37.79999923706055,37.52000045776367,37.79999923706055,6415050.0
2012-01-23,37.880001068115234,38.0,37.79999923706055,37.959999084472656,4982650.0
2012-01-24,37.47999954223633,37.63999938964844,37.439998626708984,37.599998474121094,3827750.0
2012-01-25,37.7599983215332,38.119998931884766,37.560001373291016,38.08000183105469,3331875.0
2012-01-26,38.20000076293945,38.36000061035156,37.880001068115234,38.0,5436500.0
2012-01-27,38.08000183105469,38.36000061035156,38.040000915527344,38.20000076293945,3548625.0
2012-01-30,37.959999084472656,38.15999984741211,37.91999816894531,37.959999084472656,6287850.0
2012-01-31,38.2400016784668,38.2400016784668,37.91999816894531,38.20000076293945,5328425.0
2012-02-01,38.31999969482422,38.52000045776367,38.31999969482422,38.439998626708984,3322050.0
2012-02-02,38.560001373291016,38.63999938964844,38.47999954223633,38.560001373291016,2530300.0
2012-02-03,38.560001373291016,38.720001220703125,38.52000045776367,38.68000030517578,4104300.0
2012-02-06,38.52000045776367,38.63999938964844,38.47999954223633,38.560001373291016,2207075.0
2012-02-07,38.7599983215332,39.0,38.68000030517578,38.959999084472656,3820450.0
2012-02-08,39.08000183105469,39.15999984741211,38.91999816894531,39.119998931884766,2645250.0
2012-02-09,39.15999984741211,39.2400016784668,38.959999084472656,39.0,4129200.0
2012-02-10,38.47999954223633,38.599998474121094,38.439998626708984,38.52000045776367,2567325.0
2012-02-13,38.880001068115234,39.0,38.880001068115234,38.91999816894531,2368000.0
2012-02-14,39.0,39.040000915527344,38.599998474121094,38.79999923706055,4701050.0
2012-02-15,39.63999938964844,39.68000030517578,39.36000061035156,39.439998626708984,6062500.0
2012-02-16,39.400001525878906,39.84000015258789,39.400001525878906,39.84000015258789,4955400.0
2012-02-17,40.0,40.040000915527344,39.79999923706055,39.880001068115234,3216950.0
2012-02-21,39.79999923706055,39.880001068115234,39.63999938964844,39.84000015258789,7512600.0
2012-02-22,39.91999816894531,40.0,39.84000015258789,39.959999084472656,3658425.0
2012-02-23,39.91999816894531,40.2400016784668,39.79999923706055,40.20000076293945,4235000.0
2012-02-24,40.36000061035156,40.47999954223633,40.2400016784668,40.279998779296875,3528550.0
2012-02-27,39.79999923706055,40.15999984741211,39.720001220703125,40.040000915527344,4146475.0
2012-02-28,40.560001373291016,40.7599983215332,40.52000045776367,40.68000030517578,3914875.0
2012-02-29,40.560001373291016,40.599998474121094,39.91999816894531,39.959999084472656,5205800.0
2012-03-01,39.91999816894531,40.20000076293945,39.880001068115234,40.20000076293945,3248175.0
2012-03-02,39.84000015258789,39.91999816894531,39.720001220703125,39.79999923706055,2903225.0
2012-03-05,39.68000030517578,39.720001220703125,39.47999954223633,39.560001373291016,3487375.0
2012-03-06,39.15999984741211,39.2400016784668,39.0,39.2400016784668,4632025.0
2012-03-07,39.52000045776367,39.63999938964844,39.439998626708984,39.47999954223633,5762200.0
2012-03-08,40.08000183105469,40.2400016784668,40.040000915527344,40.15999984741211,8766425.0
2012-03-09,40.279998779296875,40.36000061035156,40.08000183105469,40.31999969482422,9376900.0
2012-03-12,39.91999816894531,39.959999084472656,39.79999923706055,39.91999816894531,3136175.0
2012-03-13,39.959999084472656,40.279998779296875,39.84000015258789,40.279998779296875,5498875.0
2012-03-14,40.119998931884766,40.119998931884766,39.79999923706055,39.84000015258789,3680125.0
2012-03-15,40.20000076293945,40.31999969482422,40.08000183105469,40.15999984741211,3758975.0
2012-03-16,40.439998626708984,40.560001373291016,40.36000061035156,40.400001525878906,3005400.0
2012-03-19,40.31999969482422,40.560001373291016,40.279998779296875,40.52000045776367,2099875.0
2012-03-20,40.040000915527344,40.20000076293945,39.91999816894531,40.119998931884766,2132100.0
2012-03-21,39.7599983215332,39.959999084472656,39.68000030517578,39.91999816894531,2705125.0
2012-03-22,39.84000015258789,40.119998931884766,39.84000015258789,39.959999084472656,4372800.0
2012-03-23,39.7599983215332,40.0,39.720001220703125,39.959999084472656,2656875.0
2012-03-26,40.08000183105469,40.279998779296875,40.040000915527344,40.2400016784668,3089425.0
2012-03-27,40.68000030517578,40.68000030517578,40.52000045776367,40.560001373291016,3851550.0
2012-03-28,40.68000030517578,40.68000030517578,40.439998626708984,40.63999938964844,5242825.0
2012-03-29,40.52000045776367,40.599998474121094,40.279998779296875,40.599998474121094,3071450.0
2012-03-30,40.79999923706055,40.79999923706055,40.560001373291016,40.720001220703125,3496250.0
2012-04-02,40.47999954223633,40.84000015258789,40.400001525878906,40.7599983215332,3078350.0
2012-04-03,40.47999954223633,40.52000045776367,40.040000915527344,40.2400016784668,2771200.0
2012-04-04,39.36000061035156,39.400001525878906,39.040000915527344,39.31999969482422,3560175.0
2012-04-05,39.31999969482422,39.47999954223633,39.2400016784668,39.31999969482422,3565125.0
2012-04-09,38.959999084472656,39.2400016784668,38.91999816894531,39.08000183105469,5372725.0
2012-04-10,38.959999084472656,39.040000915527344,38.560001373291016,38.599998474121094,7850475.0
2012-04-11,39.040000915527344,39.20000076293945,38.880001068115234,39.119998931884766,4910625.0
2012-04-12,39.0,39.400001525878906,39.0,39.31999969482422,3375775.0
2012-04-13,39.119998931884766,39.15999984741211,38.880001068115234,38.880001068115234,2270600.0
2012-04-16,39.040000915527344,39.15999984741211,38.91999816894531,38.959999084472656,3589875.0
2012-04-17,39.119998931884766,39.36000061035156,39.08000183105469,39.20000076293945,2755400.0
2012-04-18,39.040000915527344,39.2400016784668,38.959999084472656,39.119998931884766,2593575.0
2012-04-19,39.08000183105469,39.20000076293945,38.720001220703125,38.880001068115234,2581450.0
2012-04-20,38.880001068115234,39.040000915527344,38.84000015258789,38.959999084472656,1798850.0
2012-04-23,38.47999954223633,38.599998474121094,38.36000061035156,38.52000045776367,2989150.0
2012-04-24,38.7599983215332,38.959999084472656,38.720001220703125,38.7599983215332,4441275.0
2012-04-25,38.880001068115234,39.040000915527344,38.7599983215332,38.959999084472656,3957200.0
2012-04-26,38.959999084472656,39.279998779296875,38.91999816894531,39.15999984741211,3853125.0
2012-04-27,39.040000915527344,39.08000183105469,38.880001068115234,39.040000915527344,3040200.0
2012-04-30,38.959999084472656,39.040000915527344,38.84000015258789,38.959999084472656,2808975.0
2012-05-01,38.400001525878906,38.68000030517578,38.36000061035156,38.560001373291016,5647775.0
2012-05-02,38.279998779296875,38.400001525878906,38.20000076293945,38.36000061035156,3987275.0
2012-05-03,38.15999984741211,38.20000076293945,37.84000015258789,38.040000915527344,2425000.0
2012-05-04,37.91999816894531,37.91999816894531,37.63999938964844,37.7599983215332,1926275.0
2012-05-07,37.84000015258789,38.08000183105469,37.7599983215332,37.91999816894531,4091300.0
2012-05-08,37.560001373291016,37.599998474121094,37.20000076293945,37.599998474121094,7475425.0
2012-05-09,37.15999984741211,37.439998626708984,37.040000915527344,37.279998779296875,5457500.0
2012-05-10,37.599998474121094,37.63999938964844,37.400001525878906,37.439998626708984,5533000.0
2012-05-11,37.0,37.279998779296875,36.959999084472656,37.040000915527344,4132125.0
2012-05-14,36.7599983215332,36.84000015258789,36.599998474121094,36.63999938964844,3681000.0
2012-05-15,36.36000061035156,36.560001373291016,36.15999984741211,36.15999984741211,5017100.0
2012-05-16,35.91999816894531,36.040000915527344,35.7599983215332,35.7599983215332,4622950.0
2012-05-17,36.119998931884766,36.2400016784668,36.0,36.08000183105469,3595850.0
2012-05-18,35.91999816894531,35.959999084472656,35.52000045776367,35.560001373291016,2698000.0
2012-05-21,35.599998474121094,35.959999084472656,35.560001373291016,35.91999816894531,2204875.0
2012-05-22,35.880001068115234,36.040000915527344,35.68000030517578,35.880001068115234,3045150.0
2012-05-23,35.47999954223633,35.63999938964844,35.15999984741211,35.599998474121094,3279050.0
2012-05-24,35.599998474121094,35.68000030517578,35.279998779296875,35.439998626708984,8385125.0
2012-05-25,35.400001525878906,35.439998626708984,35.20000076293945,35.2400016784668,4214475.0
2012-05-29,35.63999938964844,35.7599983215332,35.47999954223633,35.68000030517578,4095400.0
2012-05-30,35.400001525878906,35.439998626708984,35.15999984741211,35.20000076293945,3053350.0
2012-05-31,35.599998474121094,35.720001220703125,35.36000061035156,35.560001373291016,2660225.0
2012-06-01,35.0,35.040000915527344,34.560001373291016,34.599998474121094,2800775.0
2012-06-04,34.959999084472656,35.0,34.68000030517578,35.0,2797800.0
2012-06-05,35.2400016784668,35.47999954223633,35.20000076293945,35.439998626708984,2906850.0
2012-06-06,35.47999954223633,36.0,35.439998626708984,36.0,4525800.0
2012-06-07,36.040000915527344,36.08000183105469,35.720001220703125,35.7599983215332,3687050.0
2012-06-08,35.15999984741211,35.47999954223633,35.08000183105469,35.439998626708984,2034225.0
2012-06-11,35.68000030517578,35.720001220703125,35.2400016784668,35.279998779296875,2016250.0
2012-06-12,35.52000045776367,35.68000030517578,35.36000061035156,35.68000030517578,1587325.0
2012-06-13,35.599998474121094,35.7599983215332,35.400001525878906,35.47999954223633,1546250.0
2012-06-14,35.560001373291016,35.91999816894531,35.52000045776367,35.7599983215332,2372600.0
2012-06-15,36.040000915527344,36.36000061035156,36.0,36.279998779296875,7167825.0
2012-06-18,36.31999969482422,36.47999954223633,36.279998779296875,36.36000061035156,2530425.0
2012-06-19,36.47999954223633,36.720001220703125,36.439998626708984,36.560001373291016,2597400.0
2012-06-20,36.79999923706055,36.959999084472656,36.560001373291016,36.880001068115234,2846400.0
2012-06-21,36.63999938964844,36.63999938964844,35.959999084472656,36.0,2997125.0
2012-06-22,36.20000076293945,36.279998779296875,36.040000915527344,36.2400016784668,1674900.0
2012-06-25,35.880001068115234,35.91999816894531,35.599998474121094,35.68000030517578,2378725.0
2012-06-26,35.959999084472656,36.119998931884766,35.84000015258789,36.08000183105469,5652450.0
2012-06-27,36.20000076293945,36.439998626708984,36.15999984741211,36.36000061035156,5418350.0
2012-06-28,36.63999938964844,36.91999816894531,36.560001373291016,36.880001068115234,2882250.0
2012-06-29,37.439998626708984,37.63999938964844,37.36000061035156,37.63999938964844,2993025.0
2012-07-02,37.47999954223633,37.599998474121094,37.36000061035156,37.52000045776367,3047050.0
2012-07-03,37.68000030517578,38.0,37.63999938964844,38.0,2443500.0
2012-07-05,37.47999954223633,37.63999938964844,37.400001525878906,37.52000045776367,2308450.0
2012-07-06,37.279998779296875,37.400001525878906,37.119998931884766,37.36000061035156,2732275.0
2012-07-09,37.0,37.20000076293945,36.91999816894531,37.15999984741211,3175750.0
2012-07-10,37.119998931884766,37.119998931884766,36.63999938964844,36.7599983215332,3610475.0
2012-07-11,36.880001068115234,36.91999816894531,36.599998474121094,36.84000015258789,2146725.0
2012-07-12,36.20000076293945,36.36000061035156,36.119998931884766,36.279998779296875,2852950.0
2012-07-13,36.08000183105469,36.63999938964844,36.08000183105469,36.63999938964844,3347800.0
2012-07-16,36.47999954223633,36.63999938964844,36.36000061035156,36.47999954223633,1977600.0
2012-07-17,36.279998779296875,36.36000061035156,36.08000183105469,36.31999969482422,2656475.0
2012-07-18,36.2400016784668,36.560001373291016,36.20000076293945,36.439998626708984,2555800.0
2012-07-19,36.68000030517578,36.79999923706055,36.599998474121094,36.720001220703125,2411825.0
2012-07-20,35.91999816894531,36.0,35.7599983215332,35.84000015258789,3556975.0
2012-07-23,35.2400016784668,35.400001525878906,35.119998931884766,35.36000061035156,2472100.0
2012-07-24,35.279998779296875,35.31999969482422,34.84000015258789,35.040000915527344,7326400.0
2012-07-25,35.08000183105469,35.15999984741211,34.84000015258789,35.040000915527344,2923750.0
2012-07-26,35.52000045776367,35.68000030517578,35.400001525878906,35.560001373291016,3757700.0
2012-07-27,35.880001068115234,36.31999969482422,35.79999923706055,36.20000076293945,3047525.0
2012-07-30,35.959999084472656,36.08000183105469,35.91999816894531,36.0,3860225.0
2012-07-31,36.15999984741211,36.2400016784668,35.880001068115234,35.959999084472656,3229650.0
2012-08-01,36.119998931884766,36.119998931884766,35.79999923706055,35.84000015258789,1806750.0
2012-08-02,35.68000030517578,35.880001068115234,35.439998626708984,35.68000030517578,3187675.0
2012-08-03,35.84000015258789,36.20000076293945,35.84000015258789,36.08000183105469,2731125.0
2012-08-06,36.439998626708984,36.63999938964844,36.400001525878906,36.439998626708984,3095025.0
2012-08-07,36.959999084472656,37.119998931884766,36.880001068115234,36.880001068115234,4299750.0
2012-08-08,36.63999938964844,36.880001068115234,36.63999938964844,36.79999923706055,1789850.0
2012-08-09,36.91999816894531,37.040000915527344,36.84000015258789,36.880001068115234,1894475.0
2012-08-10,36.720001220703125,36.959999084472656,36.68000030517578,36.91999816894531,3234875.0
2012-08-13,37.0,37.08000183105469,36.79999923706055,36.84000015258789,2307275.0
2012-08-14,36.84000015258789,36.91999816894531,36.7599983215332,36.79999923706055,1883100.0
2012-08-15,36.599998474121094,36.720001220703125,36.560001373291016,36.599998474121094,1836975.0
2012-08-16,36.959999084472656,37.20000076293945,36.880001068115234,37.08000183105469,2328975.0
2012-08-17,37.439998626708984,37.47999954223633,37.279998779296875,37.36000061035156,1302675.0
2012-08-20,37.279998779296875,37.31999969482422,37.15999984741211,37.279998779296875,1864925.0
2012-08-21,37.439998626708984,37.560001373291016,37.20000076293945,37.279998779296875,2013375.0
2012-08-22,37.0,37.36000061035156,36.959999084472656,37.2400016784668,2896300.0
2012-08-23,37.31999969482422,37.36000061035156,37.15999984741211,37.2400016784668,1640000.0
2012-08-24,37.040000915527344,37.31999969482422,36.959999084472656,37.20000076293945,1978375.0
2012-08-27,37.20000076293945,37.2400016784668,37.0,37.08000183105469,2084500.0
2012-08-28,36.68000030517578,36.880001068115234,36.68000030517578,36.7599983215332,1955425.0
2012-08-29,36.91999816894531,36.959999084472656,36.79999923706055,36.880001068115234,1767925.0
2012-08-30,36.47999954223633,36.47999954223633,36.20000076293945,36.20000076293945,4882800.0
2012-08-31,36.2400016784668,36.439998626708984,35.959999084472656,36.2400016784668,4005100.0
2012-09-04,35.720001220703125,35.84000015258789,35.560001373291016,35.7599983215332,3279875.0
2012-09-05,35.400001525878906,35.47999954223633,35.279998779296875,35.31999969482422,3704825.0
2012-09-06,35.52000045776367,35.91999816894531,35.47999954223633,35.79999923706055,6397300.0
2012-09-07,36.20000076293945,36.400001525878906,36.20000076293945,36.279998779296875,3237950.0
2012-09-10,36.400001525878906,36.47999954223633,36.2400016784668,36.279998779296875,2347675.0
2012-09-11,36.400001525878906,36.560001373291016,36.36000061035156,36.439998626708984,2824575.0
2012-09-12,36.880001068115234,36.959999084472656,36.7599983215332,36.84000015258789,2748025.0
2012-09-13,37.0,37.599998474121094,36.91999816894531,37.439998626708984,3640975.0
2012-09-14,37.79999923706055,38.0,37.720001220703125,37.84000015258789,9753550.0
2012-09-17,37.599998474121094,37.720001220703125,37.439998626708984,37.47999954223633,2554650.0
2012-09-18,37.47999954223633,37.599998474121094,37.400001525878906,37.560001373291016,6583325.0
2012-09-19,37.63999938964844,37.720001220703125,37.52000045776367,37.63999938964844,3599875.0
2012-09-20,37.31999969482422,37.36000061035156,37.15999984741211,37.2400016784668,4801400.0
2012-09-21,37.560001373291016,37.599998474121094,37.400001525878906,37.439998626708984,2213975.0
2012-09-24,37.15999984741211,37.439998626708984,37.119998931884766,37.36000061035156,1622950.0
2012-09-25,37.599998474121094,37.68000030517578,37.279998779296875,37.36000061035156,2813175.0
2012-09-26,37.040000915527344,37.08000183105469,36.84000015258789,36.959999084472656,2140925.0
2012-09-27,37.36000061035156,37.560001373291016,37.279998779296875,37.400001525878906,1982900.0
2012-09-28,36.79999923706055,36.79999923706055,36.560001373291016,36.68000030517578,4597200.0
2012-10-01,36.63999938964844,36.84000015258789,36.560001373291016,36.560001373291016,2243000.0
2012-10-02,36.599998474121094,36.63999938964844,36.31999969482422,36.400001525878906,4509325.0
2012-10-03,36.279998779296875,36.36000061035156,36.15999984741211,36.2400016784668,4300625.0
2012-10-04,36.599998474121094,36.7599983215332,36.560001373291016,36.68000030517578,2168225.0
2012-10-05,36.79999923706055,36.880001068115234,36.599998474121094,36.68000030517578,3451125.0
2012-10-08,36.52000045776367,36.560001373291016,36.400001525878906,36.47999954223633,2295400.0
2012-10-09,36.040000915527344,36.08000183105469,35.84000015258789,35.880001068115234,3380675.0
2012-10-10,35.599998474121094,35.68000030517578,35.439998626708984,35.599998474121094,2151975.0
2012-10-11,35.7599983215332,35.91999816894531,35.720001220703125,35.79999923706055,3364350.0
2012-10-12,35.7599983215332,35.880001068115234,35.68000030517578,35.84000015258789,2558400.0
2012-10-15,36.040000915527344,36.119998931884766,35.84000015258789,36.08000183105469,3181800.0
2012-10-16,36.47999954223633,36.63999938964844,36.439998626708984,36.599998474121094,2817650.0
2012-10-17,36.84000015258789,36.91999816894531,36.7599983215332,36.79999923706055,2654850.0
2012-10-18,36.91999816894531,37.119998931884766,36.91999816894531,37.040000915527344,2704875.0
2012-10-19,36.880001068115234,36.91999816894531,36.47999954223633,36.560001373291016,3159375.0
2012-10-22,37.040000915527344,37.119998931884766,36.880001068115234,37.08000183105469,9404950.0
2012-10-23,36.2400016784668,36.400001525878906,36.119998931884766,36.31999969482422,6191550.0
2012-10-24,36.47999954223633,36.599998474121094,36.31999969482422,36.400001525878906,2963100.0
2012-10-25,36.79999923706055,36.84000015258789,36.560001373291016,36.68000030517578,3878150.0
2012-10-26,36.400001525878906,36.47999954223633,36.2400016784668,36.47999954223633,3160225.0
2012-10-31,36.400001525878906,36.439998626708984,36.15999984741211,36.2400016784668,2931325.0
2012-11-01,36.279998779296875,36.63999938964844,36.2400016784668,36.599998474121094,2273150.0
2012-11-02,36.560001373291016,36.560001373291016,36.31999969482422,36.31999969482422,2512450.0
2012-11-05,36.2400016784668,36.400001525878906,36.15999984741211,36.31999969482422,1874900.0
2012-11-06,36.36000061035156,36.47999954223633,36.2400016784668,36.400001525878906,6131000.0
2012-11-07,36.15999984741211,36.15999984741211,35.7599983215332,35.959999084472656,4222625.0
2012-11-08,35.84000015258789,35.959999084472656,35.720001220703125,35.79999923706055,3798300.0
2012-11-09,35.7599983215332,35.959999084472656,35.68000030517578,35.79999923706055,3284800.0
2012-11-12,35.47999954223633,35.599998474121094,35.400001525878906,35.439998626708984,3067600.0
2012-11-13,35.31999969482422,35.63999938964844,35.31999969482422,35.47999954223633,3344050.0
2012-11-14,35.36000061035156,35.400001525878906,35.0,35.040000915527344,3420075.0
2012-11-15,35.52000045776367,35.720001220703125,35.400001525878906,35.599998474121094,22234700.0
2012-11-16,36.31999969482422,36.36000061035156,36.040000915527344,36.2400016784668,5118975.0
2012-11-19,36.79999923706055,36.880001068115234,36.720001220703125,36.7599983215332,11959000.0
2012-11-20,36.560001373291016,36.720001220703125,36.439998626708984,36.68000030517578,4739750.0
2012-11-21,36.63999938964844,36.79999923706055,36.63999938964844,36.720001220703125,4144875.0
2012-11-23,37.119998931884766,37.2400016784668,37.0,37.15999984741211,2498600.0
2012-11-26,37.119998931884766,37.15999984741211,37.0,37.15999984741211,3200600.0
2012-11-27,37.08000183105469,37.119998931884766,36.91999816894531,36.959999084472656,4597325.0
2012-11-28,36.599998474121094,37.0,36.52000045776367,37.0,4553475.0
2012-11-29,37.279998779296875,37.47999954223633,37.15999984741211,37.439998626708984,21614000.0
2012-11-30,37.20000076293945,37.400001525878906,37.20000076293945,37.31999969482422,6269225.0
2012-12-03,37.36000061035156,37.36000061035156,37.119998931884766,37.15999984741211,2656025.0
2012-12-04,37.279998779296875,37.31999969482422,37.119998931884766,37.20000076293945,3567825.0
2012-12-05,37.2400016784668,37.36000061035156,37.040000915527344,37.20000076293945,3839225.0
2012-12-06,37.31999969482422,37.400001525878906,37.20000076293945,37.400001525878906,2921850.0
2012-12-07,37.400001525878906,37.560001373291016,37.36000061035156,37.52000045776367,2970725.0
2012-12-10,37.400001525878906,37.439998626708984,37.279998779296875,37.400001525878906,3288075.0
2012-12-11,37.36000061035156,37.47999954223633,37.279998779296875,37.36000061035156,4907325.0
2012-12-12,37.52000045776367,37.68000030517578,37.36000061035156,37.52000045776367,10676250.0
2012-12-13,37.36000061035156,37.439998626708984,37.20000076293945,37.36000061035156,8853975.0
2012-12-14,37.439998626708984,37.63999938964844,37.439998626708984,37.560001373291016,5268450.0
2012-12-17,37.68000030517578,37.91999816894531,37.63999938964844,37.91999816894531,7280625.0
2012-12-18,37.91999816894531,38.119998931884766,37.79999923706055,38.08000183105469,10799850.0
2012-12-19,38.560001373291016,38.720001220703125,38.47999954223633,38.68000030517578,12968075.0
2012-12-20,38.84000015258789,39.20000076293945,38.79999923706055,39.20000076293945,8677850.0
2012-12-21,38.560001373291016,39.0,38.52000045776367,38.959999084472656,10103275.0
2012-12-24,38.880001068115234,39.0,38.79999923706055,38.959999084472656,4100700.0
2012-12-26,38.959999084472656,39.0,38.7599983215332,38.91999816894531,7084125.0
2012-12-27,38.84000015258789,39.0,38.599998474121094,38.959999084472656,8645925.0
2012-12-28,38.720001220703125,38.7599983215332,38.599998474121094,38.68000030517578,4586175.0
2012-12-31,38.63999938964844,39.08000183105469,38.599998474121094,39.0,7618900.0
2013-01-02,39.599998474121094,39.959999084472656,39.560001373291016,39.959999084472656,8628700.0
2013-01-03,39.7599983215332,39.91999816894531,39.52000045776367,39.599998474121094,9579100.0
2013-01-04,39.36000061035156,39.52000045776367,39.279998779296875,39.439998626708984,7771900.0
2013-01-07,38.959999084472656,39.20000076293945,38.880001068115234,39.08000183105469,9995200.0
2013-01-08,38.7599983215332,38.7599983215332,38.36000061035156,38.560001373291016,9071725.0
2013-01-09,38.91999816894531,39.08000183105469,38.91999816894531,39.08000183105469,5087075.0
2013-01-10,39.400001525878906,39.439998626708984,39.279998779296875,39.400001525878906,6449700.0
2013-01-11,39.52000045776367,39.52000045776367,39.36000061035156,39.52000045776367,7620800.0
2013-01-14,39.7599983215332,39.79999923706055,39.63999938964844,39.7599983215332,7774575.0
2013-01-15,39.52000045776367,39.68000030517578,39.400001525878906,39.63999938964844,7424200.0
2013-01-16,39.040000915527344,39.2400016784668,38.91999816894531,39.15999984741211,5918275.0
2013-01-17,39.2400016784668,39.400001525878906,39.040000915527344,39.31999969482422,13954050.0
2013-01-18,39.52000045776367,39.52000045776367,39.279998779296875,39.47999954223633,12178025.0
2013-01-22,39.040000915527344,39.119998931884766,38.880001068115234,39.08000183105469,9726200.0
2013-01-23,38.880001068115234,38.91999816894531,38.63999938964844,38.7599983215332,10159300.0
2013-01-24,39.0,39.31999969482422,38.959999084472656,39.20000076293945,8512825.0
2013-01-25,39.560001373291016,39.599998474121094,39.20000076293945,39.47999954223633,11448475.0
2013-01-28,39.0,39.08000183105469,38.7599983215332,38.880001068115234,6851975.0
2013-01-29,39.439998626708984,39.560001373291016,39.31999969482422,39.400001525878906,10567025.0
2013-01-30,39.79999923706055,40.0,39.720001220703125,39.79999923706055,8299775.0
2013-01-31,39.91999816894531,40.0,39.79999923706055,39.880001068115234,7934400.0
2013-02-01,39.68000030517578,39.959999084472656,39.599998474121094,39.7599983215332,9008175.0
2013-02-04,39.959999084472656,39.959999084472656,39.720001220703125,39.79999923706055,8944275.0
2013-02-05,39.63999938964844,39.79999923706055,39.560001373291016,39.68000030517578,7111825.0
2013-02-06,39.880001068115234,40.279998779296875,39.79999923706055,40.20000076293945,12497250.0
2013-02-07,40.31999969482422,40.36000061035156,40.0,40.31999969482422,9955025.0
2013-02-08,40.0,40.279998779296875,39.959999084472656,40.15999984741211,13438850.0
2013-02-11,40.47999954223633,40.68000030517578,40.36000061035156,40.599998474121094,7910200.0
2013-02-12,40.279998779296875,40.439998626708984,40.20000076293945,40.31999969482422,6325450.0
2013-02-13,40.15999984741211,40.2400016784668,40.040000915527344,40.15999984741211,5460925.0
2013-02-14,39.79999923706055,39.880001068115234,39.63999938964844,39.7599983215332,8843025.0
2013-02-15,39.7599983215332,39.79999923706055,39.599998474121094,39.63999938964844,7215875.0
2013-02-19,40.040000915527344,40.2400016784668,40.0,40.2400016784668,6031000.0
2013-02-20,40.68000030517578,40.720001220703125,40.36000061035156,40.36000061035156,8596875.0
2013-02-21,40.040000915527344,40.08000183105469,39.63999938964844,39.880001068115234,8641400.0
2013-02-22,40.279998779296875,40.52000045776367,40.20000076293945,40.52000045776367,6785650.0
2013-02-25,40.63999938964844,40.63999938964844,39.91999816894531,39.959999084472656,9806975.0
2013-02-26,40.63999938964844,40.7599983215332,40.439998626708984,40.720001220703125,9911350.0
2013-02-27,40.400001525878906,40.720001220703125,40.31999969482422,40.68000030517578,5485750.0
2013-02-28,40.84000015258789,41.08000183105469,40.720001220703125,40.84000015258789,6937625.0
2013-03-01,41.08000183105469,41.279998779296875,40.959999084472656,41.2400016784668,6942200.0
2013-03-04,41.279998779296875,41.47999954223633,41.119998931884766,41.47999954223633,7139100.0
2013-03-05,41.400001525878906,41.63999938964844,41.400001525878906,41.560001373291016,5091475.0
2013-03-06,41.91999816894531,42.119998931884766,41.79999923706055,42.08000183105469,10346925.0
2013-03-07,41.720001220703125,41.880001068115234,41.599998474121094,41.68000030517578,8239450.0
2013-03-08,41.68000030517578,42.0,41.52000045776367,41.880001068115234,11046925.0
2013-03-11,42.08000183105469,42.119998931884766,41.91999816894531,42.119998931884766,5510650.0
2013-03-12,41.7599983215332,41.880001068115234,41.63999938964844,41.68000030517578,6455850.0
2013-03-13,41.68000030517578,42.08000183105469,41.68000030517578,41.91999816894531,4150525.0
2013-03-14,42.15999984741211,42.2400016784668,41.959999084472656,42.15999984741211,5795000.0
2013-03-15,42.36000061035156,42.560001373291016,42.31999969482422,42.560001373291016,8483675.0
2013-03-18,42.279998779296875,42.560001373291016,42.20000076293945,42.36000061035156,8166500.0
2013-03-19,42.560001373291016,42.63999938964844,42.279998779296875,42.599998474121094,10076425.0
2013-03-20,42.79999923706055,42.959999084472656,42.68000030517578,42.91999816894531,8111725.0
2013-03-21,43.0,43.040000915527344,42.84000015258789,42.91999816894531,5163225.0
2013-03-22,42.79999923706055,43.08000183105469,42.720001220703125,43.08000183105469,6088725.0
2013-03-25,43.040000915527344,43.040000915527344,42.599998474121094,42.68000030517578,4920525.0
2013-03-26,42.84000015258789,43.08000183105469,42.79999923706055,43.08000183105469,8448800.0
2013-03-27,43.119998931884766,43.31999969482422,42.959999084472656,43.279998779296875,4657625.0
2013-03-28,43.0,43.20000076293945,42.959999084472656,43.20000076293945,8444450.0
2013-04-01,41.84000015258789,41.91999816894531,41.47999954223633,41.52000045776367,7499700.0
2013-04-02,41.720001220703125,42.040000915527344,41.63999938964844,42.040000915527344,17986475.0
2013-04-03,42.36000061035156,42.36000061035156,41.84000015258789,41.880001068115234,11637525.0
2013-04-04,43.439998626708984,43.68000030517578,43.400001525878906,43.599998474121094,11675200.0
2013-04-05,43.52000045776367,43.959999084472656,43.439998626708984,43.84000015258789,16395850.0
2013-04-08,43.84000015258789,44.36000061035156,43.79999923706055,44.279998779296875,14453375.0
2013-04-09,43.79999923706055,44.08000183105469,43.599998474121094,43.91999816894531,12909650.0
2013-04-10,44.599998474121094,44.91999816894531,44.560001373291016,44.84000015258789,10218900.0
2013-04-11,45.15999984741211,45.7599983215332,45.119998931884766,45.36000061035156,37188725.0
2013-04-12,45.400001525878906,45.52000045776367,45.20000076293945,45.439998626708984,15893800.0
2013-04-15,45.279998779296875,45.400001525878906,45.0,45.08000183105469,13983225.0
2013-04-16,45.31999969482422,45.52000045776367,45.15999984741211,45.52000045776367,8450525.0
2013-04-17,45.400001525878906,45.439998626708984,44.91999816894531,45.20000076293945,13481125.0
2013-04-18,44.959999084472656,45.0,44.68000030517578,44.880001068115234,10712625.0
2013-04-19,44.959999084472656,45.36000061035156,44.880001068115234,45.36000061035156,10045750.0
2013-04-22,45.040000915527344,45.400001525878906,44.959999084472656,45.31999969482422,8864375.0
2013-04-23,45.36000061035156,45.84000015258789,45.31999969482422,45.7599983215332,12883375.0
2013-04-24,45.880001068115234,46.2400016784668,45.84000015258789,46.040000915527344,10669175.0
2013-04-25,46.2400016784668,46.52000045776367,46.20000076293945,46.279998779296875,7829075.0
2013-04-26,46.15999984741211,46.279998779296875,45.959999084472656,46.15999984741211,7987875.0
2013-04-29,46.2400016784668,46.560001373291016,46.20000076293945,46.439998626708984,4714175.0
2013-04-30,46.63999938964844,46.79999923706055,46.560001373291016,46.79999923706055,5345925.0
2013-05-01,46.47999954223633,46.47999954223633,46.279998779296875,46.279998779296875,5936275.0
2013-05-02,46.400001525878906,46.68000030517578,46.400001525878906,46.47999954223633,8590875.0
2013-05-03,46.880001068115234,47.2400016784668,46.84000015258789,47.119998931884766,12402775.0
2013-05-06,47.0,47.040000915527344,46.91999816894531,46.91999816894531,6089875.0
2013-05-07,46.91999816894531,47.08000183105469,46.880001068115234,47.0,7505300.0
2013-05-08,47.08000183105469,47.439998626708984,47.08000183105469,47.400001525878906,11092600.0
2013-05-09,46.91999816894531,47.279998779296875,46.720001220703125,47.040000915527344,25462075.0
2013-05-10,46.84000015258789,47.08000183105469,46.79999923706055,47.040000915527344,10794100.0
2013-05-13,47.560001373291016,47.720001220703125,47.439998626708984,47.63999938964844,9904250.0
2013-05-14,47.47999954223633,48.08000183105469,47.47999954223633,47.959999084472656,13667800.0
2013-05-15,48.2400016784668,48.439998626708984,48.119998931884766,48.400001525878906,16050125.0
2013-05-16,47.880001068115234,48.040000915527344,47.63999938964844,47.68000030517578,10664750.0
2013-05-17,48.119998931884766,48.439998626708984,48.040000915527344,48.439998626708984,9472575.0
2013-05-20,48.720001220703125,48.79999923706055,48.599998474121094,48.7599983215332,8105575.0
2013-05-21,48.880001068115234,49.15999984741211,48.84000015258789,49.040000915527344,7607975.0
2013-05-22,49.36000061035156,49.720001220703125,48.400001525878906,48.52000045776367,23832675.0
2013-05-23,45.15999984741211,46.560001373291016,44.560001373291016,46.47999954223633,36419850.0
2013-05-24,45.15999984741211,45.68000030517578,44.880001068115234,45.63999938964844,36405700.0
2013-05-28,45.52000045776367,45.91999816894531,45.08000183105469,45.36000061035156,15388975.0
2013-05-29,44.68000030517578,44.7599983215332,44.2400016784668,44.599998474121094,16241725.0
2013-05-30,44.040000915527344,44.52000045776367,44.0,44.36000061035156,33879325.0
2013-05-31,43.47999954223633,43.880001068115234,43.36000061035156,43.36000061035156,15177775.0
2013-06-03,42.68000030517578,43.040000915527344,42.20000076293945,42.84000015258789,22287050.0
2013-06-04,44.279998779296875,44.400001525878906,43.720001220703125,44.08000183105469,18410475.0
2013-06-05,42.880001068115234,42.959999084472656,42.31999969482422,42.400001525878906,21885825.0
2013-06-06,42.20000076293945,42.439998626708984,41.439998626708984,42.36000061035156,25855600.0
2013-06-07,42.79999923706055,44.08000183105469,42.68000030517578,44.0,23362500.0
2013-06-10,44.7599983215332,44.79999923706055,44.31999969482422,44.560001373291016,15782950.0
2013-06-11,43.880001068115234,44.20000076293945,43.439998626708984,43.68000030517578,24670900.0
2013-06-12,44.560001373291016,44.599998474121094,43.68000030517578,43.79999923706055,15606600.0
2013-06-13,44.20000076293945,44.959999084472656,43.880001068115234,44.84000015258789,17034800.0
2013-06-14,43.880001068115234,44.15999984741211,43.400001525878906,43.439998626708984,17647600.0
2013-06-17,45.0,45.400001525878906,44.400001525878906,44.599998474121094,16008175.0
2013-06-18,45.36000061035156,45.68000030517578,45.279998779296875,45.36000061035156,12464775.0
2013-06-19,45.560001373291016,45.79999923706055,44.7599983215332,44.79999923706055,10999000.0
2013-06-20,43.880001068115234,43.91999816894531,42.79999923706055,42.959999084472656,13678825.0
2013-06-21,44.52000045776367,44.63999938964844,43.7599983215332,44.52000045776367,17274775.0
2013-06-24,43.2400016784668,43.52000045776367,42.63999938964844,43.279998779296875,10380450.0
2013-06-25,43.47999954223633,43.91999816894531,43.279998779296875,43.84000015258789,7435050.0
2013-06-26,43.439998626708984,43.7599983215332,43.36000061035156,43.63999938964844,10240650.0
2013-06-27,44.2400016784668,44.63999938964844,44.20000076293945,44.52000045776367,19192550.0
2013-06-28,44.68000030517578,45.15999984741211,44.599998474121094,44.880001068115234,13429600.0
2013-07-01,45.400001525878906,45.68000030517578,45.279998779296875,45.439998626708984,7079325.0
2013-07-02,46.040000915527344,46.2400016784668,45.52000045776367,45.7599983215332,8235300.0
2013-07-03,45.47999954223633,45.959999084472656,45.400001525878906,45.79999923706055,5037625.0
2013-07-05,46.400001525878906,46.47999954223633,45.880001068115234,46.400001525878906,8012325.0
2013-07-08,45.880001068115234,46.31999969482422,45.79999923706055,46.08000183105469,17851525.0
2013-07-09,46.36000061035156,46.439998626708984,46.15999984741211,46.31999969482422,6624700.0
2013-07-10,46.2400016784668,46.599998474121094,46.119998931884766,46.15999984741211,10184550.0
2013-07-11,47.040000915527344,47.52000045776367,46.91999816894531,47.52000045776367,9356400.0
2013-07-12,47.2400016784668,47.560001373291016,47.20000076293945,47.439998626708984,13368525.0
2013-07-15,47.68000030517578,47.880001068115234,47.560001373291016,47.880001068115234,7674950.0
2013-07-16,47.63999938964844,47.68000030517578,47.36000061035156,47.47999954223633,7973100.0
2013-07-17,47.959999084472656,48.0,47.68000030517578,47.91999816894531,7437850.0
2013-07-18,48.0,48.20000076293945,48.0,48.15999984741211,8213125.0
2013-07-19,47.63999938964844,47.880001068115234,47.560001373291016,47.79999923706055,9070150.0
2013-07-22,47.63999938964844,47.959999084472656,47.560001373291016,47.91999816894531,6142825.0
2013-07-23,48.08000183105469,48.119998931884766,47.7599983215332,47.880001068115234,8943250.0
2013-07-24,47.79999923706055,47.84000015258789,47.2400016784668,47.47999954223633,10652450.0
2013-07-25,46.36000061035156,46.720001220703125,46.31999969482422,46.599998474121094,13115500.0
2013-07-26,45.79999923706055,45.84000015258789,45.36000061035156,45.52000045776367,10524600.0
2013-07-29,44.79999923706055,44.84000015258789,44.400001525878906,44.52000045776367,15723125.0
2013-07-30,45.2400016784668,45.31999969482422,44.880001068115234,44.91999816894531,13684225.0
2013-07-31,44.79999923706055,45.08000183105469,44.68000030517578,44.880001068115234,8533675.0
2013-08-01,46.47999954223633,46.52000045776367,46.119998931884766,46.119998931884766,11763000.0
2013-08-02,46.52000045776367,47.0,46.439998626708984,46.84000015258789,11108875.0
2013-08-05,46.79999923706055,47.0,46.68000030517578,46.959999084472656,4853900.0
2013-08-06,47.119998931884766,47.15999984741211,46.91999816894531,47.0,9044975.0
2013-08-07,46.400001525878906,46.52000045776367,46.119998931884766,46.119998931884766,5868450.0
2013-08-08,45.880001068115234,46.08000183105469,45.47999954223633,45.880001068115234,6576450.0
2013-08-09,45.91999816894531,46.119998931884766,45.7599983215332,45.91999816894531,5365675.0
2013-08-12,45.720001220703125,45.91999816894531,45.68000030517578,45.880001068115234,3821800.0
2013-08-13,46.119998931884766,46.31999969482422,45.720001220703125,46.279998779296875,11117450.0
2013-08-14,46.15999984741211,46.279998779296875,45.959999084472656,46.040000915527344,7009425.0
2013-08-15,45.63999938964844,45.68000030517578,45.31999969482422,45.400001525878906,7304225.0
2013-08-16,45.47999954223633,45.68000030517578,45.279998779296875,45.400001525878906,6614550.0
2013-08-19,45.599998474121094,45.68000030517578,45.20000076293945,45.279998779296875,6131300.0
2013-08-20,44.79999923706055,45.08000183105469,44.7599983215332,44.880001068115234,9489000.0
2013-08-21,44.47999954223633,44.68000030517578,44.08000183105469,44.2400016784668,8305800.0
2013-08-22,44.63999938964844,44.84000015258789,44.52000045776367,44.52000045776367,10670100.0
2013-08-23,45.15999984741211,45.279998779296875,45.0,45.279998779296875,5738450.0
2013-08-26,44.84000015258789,45.040000915527344,44.720001220703125,44.7599983215332,8711000.0
2013-08-27,44.599998474121094,44.7599983215332,44.2400016784668,44.279998779296875,12371475.0
2013-08-28,44.31999969482422,44.68000030517578,44.2400016784668,44.400001525878906,9974900.0
2013-08-29,44.36000061035156,44.68000030517578,44.31999969482422,44.36000061035156,4265075.0
2013-08-30,43.7599983215332,43.7599983215332,43.36000061035156,43.47999954223633,5773450.0
2013-09-03,44.720001220703125,44.84000015258789,44.36000061035156,44.560001373291016,17583600.0
2013-09-04,44.84000015258789,45.47999954223633,44.79999923706055,45.2400016784668,11921025.0
2013-09-05,44.959999084472656,45.2400016784668,44.91999816894531,45.119998931884766,5236900.0
2013-09-06,45.119998931884766,45.439998626708984,44.84000015258789,45.279998779296875,5256875.0
2013-09-09,45.959999084472656,46.439998626708984,45.91999816894531,46.439998626708984,8646150.0
2013-09-10,46.63999938964844,46.84000015258789,46.560001373291016,46.79999923706055,6949975.0
2013-09-11,46.15999984741211,46.52000045776367,46.040000915527344,46.47999954223633,3668525.0
2013-09-12,46.279998779296875,46.400001525878906,46.040000915527344,46.15999984741211,8318100.0
2013-09-13,46.279998779296875,46.400001525878906,46.119998931884766,46.400001525878906,6543825.0
2013-09-16,47.0,47.15999984741211,46.84000015258789,47.0,7356350.0
2013-09-17,46.36000061035156,46.84000015258789,46.36000061035156,46.79999923706055,11706775.0
2013-09-18,46.959999084472656,48.279998779296875,46.84000015258789,48.2400016784668,11044225.0
2013-09-19,48.20000076293945,48.2400016784668,47.79999923706055,48.0,8173575.0
2013-09-20,47.84000015258789,47.880001068115234,47.560001373291016,47.599998474121094,7267250.0
2013-09-23,47.68000030517578,47.7599983215332,47.439998626708984,47.7599983215332,4655400.0
2013-09-24,47.84000015258789,48.0,47.68000030517578,47.79999923706055,5052450.0
2013-09-25,47.63999938964844,47.84000015258789,47.560001373291016,47.68000030517578,3278450.0
2013-09-26,48.279998779296875,48.47999954223633,48.119998931884766,48.439998626708984,6139625.0
2013-09-27,47.959999084472656,48.2400016784668,47.880001068115234,48.08000183105469,8565650.0
2013-09-30,47.439998626708984,47.880001068115234,47.400001525878906,47.68000030517578,8944950.0
2013-10-01,47.279998779296875,47.720001220703125,47.20000076293945,47.47999954223633,5866900.0
2013-10-02,47.040000915527344,47.279998779296875,46.7599983215332,47.2400016784668,6425525.0
2013-10-03,47.040000915527344,47.08000183105469,46.63999938964844,46.880001068115234,9166625.0
2013-10-04,46.599998474121094,47.040000915527344,46.47999954223633,46.959999084472656,6969175.0
2013-10-07,45.959999084472656,46.31999969482422,45.91999816894531,46.08000183105469,7703925.0
2013-10-08,46.15999984741211,46.2400016784668,45.84000015258789,45.91999816894531,10529375.0
2013-10-09,46.7599983215332,47.119998931884766,46.47999954223633,47.0,7591350.0
2013-10-10,47.400001525878906,47.79999923706055,47.36000061035156,47.68000030517578,6914625.0
2013-10-11,47.47999954223633,47.79999923706055,47.439998626708984,47.7599983215332,4259625.0
2013-10-14,47.400001525878906,48.0,47.36000061035156,47.84000015258789,4475975.0
2013-10-15,47.52000045776367,47.599998474121094,47.20000076293945,47.439998626708984,4344650.0
2013-10-16,47.47999954223633,47.91999816894531,47.47999954223633,47.880001068115234,6424950.0
2013-10-17,47.880001068115234,48.279998779296875,47.84000015258789,48.279998779296875,4711050.0
2013-10-18,48.31999969482422,48.439998626708984,48.20000076293945,48.31999969482422,3369750.0
2013-10-21,48.31999969482422,48.400001525878906,48.20000076293945,48.36000061035156,8443075.0
2013-10-22,48.400001525878906,48.720001220703125,48.36000061035156,48.599998474121094,10231275.0
2013-10-23,47.599998474121094,47.68000030517578,47.36000061035156,47.599998474121094,8220350.0
2013-10-24,48.040000915527344,48.20000076293945,47.91999816894531,48.08000183105469,4118125.0
2013-10-25,47.52000045776367,47.560001373291016,47.15999984741211,47.36000061035156,9482400.0
2013-10-28,47.68000030517578,47.720001220703125,47.47999954223633,47.52000045776367,8092000.0
2013-10-29,47.7599983215332,47.91999816894531,47.720001220703125,47.880001068115234,5854125.0
2013-10-30,48.0,48.040000915527344,47.63999938964844,47.880001068115234,7313625.0
2013-10-31,47.599998474121094,47.880001068115234,47.47999954223633,47.63999938964844,5469675.0
2013-11-01,47.0,47.15999984741211,46.84000015258789,47.119998931884766,5512525.0
2013-11-04,47.040000915527344,47.2400016784668,46.91999816894531,47.15999984741211,5024800.0
2013-11-05,46.84000015258789,46.880001068115234,46.68000030517578,46.7599983215332,4514675.0
2013-11-06,47.36000061035156,47.439998626708984,47.2400016784668,47.400001525878906,10596475.0
2013-11-07,47.040000915527344,47.040000915527344,46.15999984741211,46.52000045776367,9481825.0
2013-11-08,46.47999954223633,46.91999816894531,46.47999954223633,46.880001068115234,5002950.0
2013-11-11,46.79999923706055,46.91999816894531,46.720001220703125,46.79999923706055,4529850.0
2013-11-12,47.279998779296875,47.400001525878906,47.20000076293945,47.400001525878906,5222525.0
2013-11-13,47.31999969482422,47.84000015258789,47.279998779296875,47.7599983215332,6843300.0
2013-11-14,48.040000915527344,48.36000061035156,48.0,48.15999984741211,6111850.0
2013-11-15,48.7599983215332,48.91999816894531,48.68000030517578,48.84000015258789,11380100.0
2013-11-18,48.79999923706055,49.0,48.560001373291016,48.7599983215332,13839250.0
2013-11-19,48.439998626708984,48.68000030517578,48.279998779296875,48.47999954223633,6516700.0
2013-11-20,48.599998474121094,48.720001220703125,48.439998626708984,48.47999954223633,14459675.0
2013-11-21,48.63999938964844,48.79999923706055,48.599998474121094,48.68000030517578,7525675.0
2013-11-22,48.47999954223633,48.720001220703125,48.439998626708984,48.63999938964844,5153350.0
2013-11-25,48.400001525878906,48.47999954223633,48.20000076293945,48.279998779296875,5287725.0
2013-11-26,48.08000183105469,48.20000076293945,48.0,48.08000183105469,7197600.0
2013-11-27,48.2400016784668,48.31999969482422,48.15999984741211,48.279998779296875,4359925.0
2013-11-29,48.400001525878906,48.439998626708984,48.2400016784668,48.2400016784668,4449275.0
2013-12-02,48.20000076293945,48.31999969482422,48.040000915527344,48.119998931884766,10459325.0
2013-12-03,47.79999923706055,47.91999816894531,47.599998474121094,47.91999816894531,9503500.0
2013-12-04,47.20000076293945,47.599998474121094,47.15999984741211,47.560001373291016,14503550.0
2013-12-05,47.2400016784668,47.36000061035156,47.0,47.15999984741211,14006700.0
2013-12-06,47.68000030517578,47.79999923706055,47.599998474121094,47.7599983215332,7415600.0
2013-12-09,47.79999923706055,47.84000015258789,47.63999938964844,47.7599983215332,7080575.0
2013-12-10,47.560001373291016,47.84000015258789,47.560001373291016,47.84000015258789,6770275.0
2013-12-11,47.63999938964844,47.63999938964844,47.36000061035156,47.400001525878906,5285700.0
2013-12-12,47.52000045776367,47.68000030517578,47.400001525878906,47.560001373291016,13097950.0
2013-12-13,47.20000076293945,47.2400016784668,47.08000183105469,47.15999984741211,10625425.0
2013-12-16,46.880001068115234,47.08000183105469,46.84000015258789,46.880001068115234,12067675.0
2013-12-17,46.91999816894531,46.91999816894531,46.7599983215332,46.91999816894531,11421500.0
2013-12-18,47.20000076293945,47.560001373291016,46.63999938964844,47.47999954223633,16764900.0
2013-12-19,47.15999984741211,47.20000076293945,47.0,47.08000183105469,11503925.0
2013-12-20,47.119998931884766,47.31999969482422,47.08000183105469,47.2400016784668,5507325.0
2013-12-23,47.47999954223633,47.720001220703125,47.439998626708984,47.68000030517578,6528675.0
2013-12-24,47.08000183105469,47.119998931884766,47.0,47.040000915527344,2877100.0
2013-12-26,47.7599983215332,47.79999923706055,47.68000030517578,47.79999923706055,3072125.0
2013-12-27,48.20000076293945,48.279998779296875,48.040000915527344,48.040000915527344,4194925.0
2013-12-30,48.52000045776367,48.599998474121094,48.439998626708984,48.47999954223633,2772050.0
2013-12-31,48.560001373291016,48.599998474121094,48.47999954223633,48.560001373291016,2011575.0
2014-01-02,48.31999969482422,48.31999969482422,47.720001220703125,47.7599983215332,5659200.0
2014-01-03,47.91999816894531,48.119998931884766,47.7599983215332,48.040000915527344,4809975.0
2014-01-06,47.91999816894531,47.959999084472656,47.599998474121094,47.880001068115234,13905925.0
2014-01-07,47.880001068115234,48.119998931884766,47.84000015258789,48.08000183105469,7736225.0
2014-01-08,48.2400016784668,48.279998779296875,48.040000915527344,48.15999984741211,6149100.0
2014-01-09,48.040000915527344,48.08000183105469,47.7599983215332,48.0,7308825.0
2014-01-10,48.119998931884766,48.36000061035156,48.0,48.31999969482422,4409450.0
2014-01-13,48.040000915527344,48.20000076293945,47.79999923706055,48.0,10326150.0
2014-01-14,47.720001220703125,48.040000915527344,47.599998474121094,47.880001068115234,11227475.0
2014-01-15,48.08000183105469,48.279998779296875,48.0,48.2400016784668,7579425.0
2014-01-16,47.959999084472656,48.15999984741211,47.880001068115234,48.08000183105469,5749975.0
2014-01-17,48.279998779296875,48.36000061035156,48.15999984741211,48.20000076293945,12097750.0
2014-01-21,48.279998779296875,48.36000061035156,48.08000183105469,48.279998779296875,5750175.0
2014-01-22,48.279998779296875,48.400001525878906,48.15999984741211,48.400001525878906,8596175.0
2014-01-23,47.84000015258789,47.84000015258789,47.2400016784668,47.439998626708984,10143825.0
2014-01-24,46.880001068115234,47.08000183105469,46.68000030517578,46.720001220703125,13039375.0
2014-01-27,46.52000045776367,46.599998474121094,45.79999923706055,46.119998931884766,11971850.0
2014-01-28,46.20000076293945,46.52000045776367,46.15999984741211,46.52000045776367,10745600.0
2014-01-29,46.2400016784668,46.52000045776367,46.15999984741211,46.47999954223633,15434050.0
2014-01-30,46.400001525878906,46.68000030517578,46.279998779296875,46.560001373291016,7667750.0
2014-01-31,45.279998779296875,45.7599983215332,45.119998931884766,45.31999969482422,12026025.0
2014-02-03,45.0,45.040000915527344,44.2400016784668,44.400001525878906,12816625.0
2014-02-04,43.880001068115234,44.47999954223633,43.79999923706055,44.439998626708984,12684375.0
2014-02-05,44.52000045776367,44.68000030517578,44.20000076293945,44.52000045776367,10605400.0
2014-02-06,44.52000045776367,45.15999984741211,44.52000045776367,45.040000915527344,11112000.0
2014-02-07,45.439998626708984,45.880001068115234,45.36000061035156,45.7599983215332,7252225.0
2014-02-10,45.63999938964844,45.720001220703125,45.439998626708984,45.560001373291016,9115850.0
2014-02-11,45.720001220703125,46.31999969482422,45.63999938964844,46.20000076293945,17058375.0
2014-02-12,46.08000183105469,46.20000076293945,45.91999816894531,46.119998931884766,7596750.0
2014-02-13,45.15999984741211,45.84000015258789,45.119998931884766,45.720001220703125,14717225.0
2014-02-14,45.119998931884766,45.63999938964844,45.119998931884766,45.52000045776367,8089625.0
2014-02-18,46.279998779296875,46.560001373291016,46.119998931884766,46.52000045776367,19101425.0
2014-02-19,46.20000076293945,46.400001525878906,45.84000015258789,45.959999084472656,7048975.0
2014-02-20,45.599998474121094,45.7599983215332,45.36000061035156,45.68000030517578,7831325.0
2014-02-21,46.279998779296875,46.36000061035156,45.959999084472656,46.040000915527344,10448675.0
2014-02-24,46.400001525878906,46.79999923706055,46.400001525878906,46.560001373291016,6660150.0
2014-02-25,46.47999954223633,46.63999938964844,46.2400016784668,46.400001525878906,11597525.0
2014-02-26,46.47999954223633,46.52000045776367,46.08000183105469,46.20000076293945,8059850.0
2014-02-27,46.0,46.279998779296875,45.880001068115234,46.20000076293945,6425000.0
2014-02-28,46.279998779296875,46.63999938964844,46.20000076293945,46.439998626708984,9249275.0
2014-03-03,45.47999954223633,45.599998474121094,45.119998931884766,45.36000061035156,8991150.0
2014-03-04,46.400001525878906,46.560001373291016,46.36000061035156,46.52000045776367,11289425.0
2014-03-05,46.08000183105469,46.15999984741211,45.959999084472656,46.0,5263625.0
2014-03-06,46.79999923706055,46.91999816894531,46.599998474121094,46.880001068115234,14765275.0
2014-03-07,46.68000030517578,46.720001220703125,46.31999969482422,46.560001373291016,8128625.0
2014-03-10,46.279998779296875,46.400001525878906,46.119998931884766,46.36000061035156,5662450.0
2014-03-11,46.15999984741211,46.20000076293945,45.79999923706055,45.880001068115234,7795400.0
2014-03-12,45.20000076293945,45.599998474121094,45.08000183105469,45.439998626708984,12971275.0
2014-03-13,45.36000061035156,45.439998626708984,44.439998626708984,44.68000030517578,17470725.0
2014-03-14,44.0,44.439998626708984,43.959999084472656,44.15999984741211,13818050.0
2014-03-17,44.439998626708984,44.63999938964844,44.400001525878906,44.63999938964844,9715000.0
2014-03-18,44.400001525878906,44.79999923706055,44.36000061035156,44.599998474121094,7615375.0
2014-03-19,44.560001373291016,44.599998474121094,44.08000183105469,44.36000061035156,9096900.0
2014-03-20,43.560001373291016,43.84000015258789,43.439998626708984,43.720001220703125,17974050.0
2014-03-21,43.91999816894531,44.040000915527344,43.52000045776367,43.52000045776367,20774450.0
2014-03-24,43.959999084472656,44.040000915527344,43.63999938964844,43.68000030517578,18754950.0
2014-03-25,44.040000915527344,44.08000183105469,43.84000015258789,43.880001068115234,9537000.0
2014-03-26,44.52000045776367,44.63999938964844,44.119998931884766,44.20000076293945,9990825.0
2014-03-27,44.599998474121094,44.880001068115234,44.52000045776367,44.84000015258789,17655050.0
2014-03-28,45.279998779296875,45.47999954223633,45.15999984741211,45.31999969482422,8655475.0
2014-03-31,45.560001373291016,45.63999938964844,45.2400016784668,45.31999969482422,17558425.0
2014-04-01,45.279998779296875,45.47999954223633,45.279998779296875,45.439998626708984,5616625.0
2014-04-02,45.560001373291016,45.84000015258789,45.52000045776367,45.84000015258789,6681425.0
2014-04-03,45.7599983215332,45.7599983215332,45.52000045776367,45.599998474121094,3154775.0
2014-04-04,45.84000015258789,45.880001068115234,45.2400016784668,45.400001525878906,8133750.0
2014-04-07,45.20000076293945,45.2400016784668,44.91999816894531,44.959999084472656,10900525.0
2014-04-08,44.15999984741211,44.2400016784668,43.880001068115234,44.0,16563225.0
2014-04-09,44.20000076293945,44.720001220703125,44.08000183105469,44.63999938964844,11658525.0
2014-04-10,44.0,44.040000915527344,43.31999969482422,43.36000061035156,9683125.0
2014-04-11,43.400001525878906,43.599998474121094,43.15999984741211,43.20000076293945,12646350.0
2014-04-14,43.91999816894531,43.91999816894531,43.52000045776367,43.79999923706055,9457225.0
2014-04-15,43.63999938964844,43.84000015258789,43.36000061035156,43.7599983215332,13033400.0
2014-04-16,44.52000045776367,44.720001220703125,44.31999969482422,44.599998474121094,10082225.0
2014-04-17,44.560001373291016,44.79999923706055,44.47999954223633,44.720001220703125,5584550.0
2014-04-21,44.599998474121094,44.720001220703125,44.52000045776367,44.720001220703125,2736450.0
2014-04-22,44.31999969482422,44.560001373291016,44.2400016784668,44.400001525878906,4439625.0
2014-04-23,44.599998474121094,44.63999938964844,44.47999954223633,44.52000045776367,7256600.0
2014-04-24,44.31999969482422,44.36000061035156,44.040000915527344,44.36000061035156,4211975.0
2014-04-25,44.36000061035156,44.400001525878906,44.040000915527344,44.08000183105469,8166550.0
2014-04-28,44.20000076293945,44.36000061035156,43.959999084472656,44.31999969482422,4816500.0
2014-04-29,44.439998626708984,44.599998474121094,44.31999969482422,44.439998626708984,4499150.0
2014-04-30,44.119998931884766,44.36000061035156,44.08000183105469,44.31999969482422,16735625.0
2014-05-01,44.79999923706055,44.91999816894531,44.720001220703125,44.880001068115234,7884525.0
2014-05-02,45.040000915527344,45.119998931884766,44.68000030517578,44.79999923706055,9997525.0
2014-05-05,44.599998474121094,44.7599983215332,44.47999954223633,44.68000030517578,2408200.0
2014-05-06,44.599998474121094,44.63999938964844,44.439998626708984,44.560001373291016,3701575.0
2014-05-07,44.20000076293945,44.400001525878906,44.040000915527344,44.36000061035156,7612625.0
2014-05-08,44.15999984741211,44.439998626708984,44.119998931884766,44.20000076293945,4332500.0
2014-05-09,44.47999954223633,44.599998474121094,44.31999969482422,44.560001373291016,3947875.0
2014-05-12,44.400001525878906,44.68000030517578,44.400001525878906,44.599998474121094,4255650.0
2014-05-13,45.0,45.20000076293945,44.91999816894531,45.20000076293945,7365025.0
2014-05-14,45.119998931884766,45.2400016784668,44.84000015258789,44.959999084472656,5117375.0
2014-05-15,44.959999084472656,45.0,44.31999969482422,44.52000045776367,12894700.0
2014-05-16,44.63999938964844,44.68000030517578,44.47999954223633,44.599998474121094,4609900.0
2014-05-19,44.20000076293945,44.68000030517578,44.15999984741211,44.68000030517578,9697100.0
2014-05-20,44.279998779296875,44.36000061035156,44.08000183105469,44.15999984741211,5124375.0
2014-05-21,44.52000045776367,44.7599983215332,44.47999954223633,44.68000030517578,4933425.0
2014-05-22,45.0,45.20000076293945,44.959999084472656,45.119998931884766,8813325.0
2014-05-23,45.2400016784668,45.63999938964844,45.2400016784668,45.560001373291016,7074125.0
2014-05-27,45.720001220703125,45.91999816894531,45.63999938964844,45.91999816894531,9158875.0
2014-05-28,45.7599983215332,45.880001068115234,45.599998474121094,45.720001220703125,3941975.0
2014-05-29,46.040000915527344,46.279998779296875,45.959999084472656,46.2400016784668,4615025.0
2014-05-30,46.2400016784668,46.400001525878906,46.2400016784668,46.31999969482422,3598350.0
2014-06-02,46.880001068115234,47.0,46.63999938964844,46.880001068115234,10242225.0
2014-06-03,46.720001220703125,46.84000015258789,46.63999938964844,46.79999923706055,3277075.0
2014-06-04,46.84000015258789,47.2400016784668,46.79999923706055,47.119998931884766,5629675.0
2014-06-05,47.040000915527344,47.31999969482422,46.7599983215332,47.2400016784668,13246925.0
2014-06-06,47.20000076293945,47.279998779296875,47.119998931884766,47.2400016784668,5333475.0
2014-06-09,46.959999084472656,47.20000076293945,46.959999084472656,47.20000076293945,4653775.0
2014-06-10,46.68000030517578,46.79999923706055,46.599998474121094,46.79999923706055,3648225.0
2014-06-11,46.91999816894531,47.040000915527344,46.84000015258789,46.91999816894531,5062250.0
2014-06-12,47.400001525878906,47.439998626708984,46.959999084472656,47.08000183105469,4895000.0
2014-06-13,47.31999969482422,47.439998626708984,47.279998779296875,47.31999969482422,6478900.0
2014-06-16,47.2400016784668,47.36000061035156,47.15999984741211,47.31999969482422,4150725.0
2014-06-17,47.279998779296875,47.400001525878906,47.20000076293945,47.2400016784668,6368225.0
2014-06-18,47.599998474121094,48.0,47.36000061035156,47.880001068115234,9332100.0
2014-06-19,48.52000045776367,48.720001220703125,48.47999954223633,48.720001220703125,10807850.0
2014-06-20,48.7599983215332,48.79999923706055,48.68000030517578,48.7599983215332,9146525.0
2014-06-23,48.31999969482422,48.400001525878906,48.15999984741211,48.36000061035156,4580425.0
2014-06-24,48.47999954223633,48.720001220703125,48.2400016784668,48.36000061035156,7404275.0
2014-06-25,47.84000015258789,48.31999969482422,47.84000015258789,48.20000076293945,10052225.0
2014-06-26,48.08000183105469,48.119998931884766,47.880001068115234,48.040000915527344,7472875.0
2014-06-27,47.79999923706055,47.959999084472656,47.7599983215332,47.91999816894531,6762050.0
2014-06-30,48.15999984741211,48.279998779296875,48.119998931884766,48.15999984741211,3541150.0
2014-07-01,48.720001220703125,49.0,48.720001220703125,49.0,6708575.0
2014-07-02,48.84000015258789,48.91999816894531,48.7599983215332,48.880001068115234,6776200.0
2014-07-03,48.560001373291016,48.720001220703125,48.52000045776367,48.720001220703125,4486200.0
2014-07-07,48.47999954223633,48.47999954223633,48.279998779296875,48.36000061035156,3233850.0
2014-07-08,48.400001525878906,48.439998626708984,48.08000183105469,48.20000076293945,5249300.0
2014-07-09,48.36000061035156,48.560001373291016,48.31999969482422,48.52000045776367,2872700.0
2014-07-10,47.400001525878906,47.79999923706055,47.36000061035156,47.68000030517578,12256600.0
2014-07-11,47.84000015258789,47.880001068115234,47.68000030517578,47.7599983215332,3124325.0
2014-07-14,48.279998779296875,48.400001525878906,48.2400016784668,48.31999969482422,4737925.0
2014-07-15,48.47999954223633,48.52000045776367,48.2400016784668,48.47999954223633,11686125.0
2014-07-16,48.560001373291016,48.63999938964844,48.439998626708984,48.560001373291016,2456225.0
2014-07-17,48.400001525878906,48.560001373291016,48.119998931884766,48.2400016784668,7283475.0
2014-07-18,48.2400016784668,48.52000045776367,48.2400016784668,48.47999954223633,7868400.0
2014-07-21,48.279998779296875,48.439998626708984,48.119998931884766,48.400001525878906,4374225.0
2014-07-22,48.560001373291016,48.63999938964844,48.52000045776367,48.560001373291016,2414450.0
2014-07-23,48.52000045776367,48.599998474121094,48.400001525878906,48.599998474121094,3895325.0
2014-07-24,48.439998626708984,48.439998626708984,48.279998779296875,48.36000061035156,5358450.0
2014-07-25,48.68000030517578,48.720001220703125,48.400001525878906,48.52000045776367,7083425.0
2014-07-28,48.7599983215332,48.959999084472656,48.599998474121094,48.79999923706055,7068475.0
2014-07-29,48.91999816894531,48.959999084472656,48.599998474121094,48.68000030517578,4670550.0
2014-07-30,48.7599983215332,48.91999816894531,48.63999938964844,48.720001220703125,3302400.0
2014-07-31,48.31999969482422,48.36000061035156,47.959999084472656,48.0,9879750.0
2014-08-01,48.0,48.20000076293945,47.91999816894531,47.959999084472656,5997400.0
2014-08-04,47.880001068115234,48.15999984741211,47.79999923706055,48.040000915527344,3146650.0
2014-08-05,47.560001373291016,47.599998474121094,47.08000183105469,47.279998779296875,7517750.0
2014-08-06,46.7599983215332,47.119998931884766,46.720001220703125,47.040000915527344,10385450.0
2014-08-07,47.279998779296875,47.31999969482422,46.7599983215332,46.880001068115234,8045600.0
2014-08-08,46.599998474121094,47.08000183105469,46.52000045776367,46.959999084472656,4386400.0
2014-08-11,47.36000061035156,47.47999954223633,47.31999969482422,47.400001525878906,5990825.0
2014-08-12,47.36000061035156,47.439998626708984,47.2400016784668,47.31999969482422,4270150.0
2014-08-13,47.720001220703125,47.84000015258789,47.63999938964844,47.720001220703125,3245200.0
2014-08-14,47.7599983215332,47.84000015258789,47.63999938964844,47.79999923706055,3126150.0
2014-08-15,47.91999816894531,47.959999084472656,47.599998474121094,47.880001068115234,5208800.0
2014-08-18,47.91999816894531,48.08000183105469,47.880001068115234,48.040000915527344,7024525.0
2014-08-19,48.0,48.119998931884766,47.959999084472656,48.08000183105469,2040100.0
2014-08-20,47.599998474121094,47.84000015258789,47.599998474121094,47.79999923706055,3209400.0
2014-08-21,47.959999084472656,48.119998931884766,47.959999084472656,48.040000915527344,4921675.0
2014-08-22,47.68000030517578,47.7599983215332,47.599998474121094,47.68000030517578,3071875.0
2014-08-25,47.7599983215332,47.91999816894531,47.7599983215332,47.84000015258789,9332625.0
2014-08-26,47.560001373291016,47.68000030517578,47.52000045776367,47.599998474121094,3964150.0
2014-08-27,47.52000045776367,47.52000045776367,47.36000061035156,47.400001525878906,3643925.0
2014-08-28,47.20000076293945,47.36000061035156,47.20000076293945,47.279998779296875,2305050.0
2014-08-29,47.279998779296875,47.279998779296875,47.119998931884766,47.20000076293945,7910025.0
2014-09-02,47.880001068115234,47.880001068115234,47.599998474121094,47.68000030517578,13251175.0
2014-09-03,47.84000015258789,47.84000015258789,47.63999938964844,47.720001220703125,3698075.0
2014-09-04,47.560001373291016,47.7599983215332,47.439998626708984,47.560001373291016,5074525.0
2014-09-05,47.2400016784668,47.400001525878906,47.119998931884766,47.36000061035156,4192275.0
2014-09-08,47.31999969482422,47.47999954223633,47.2400016784668,47.31999969482422,4373625.0
2014-09-09,47.0,47.0,46.7599983215332,46.91999816894531,5344925.0
2014-09-10,47.36000061035156,47.52000045776367,47.2400016784668,47.439998626708984,4627800.0
2014-09-11,47.20000076293945,47.31999969482422,47.119998931884766,47.31999969482422,4019875.0
2014-09-12,47.279998779296875,47.279998779296875,47.0,47.15999984741211,5578800.0
2014-09-15,47.119998931884766,47.20000076293945,47.0,47.20000076293945,3930025.0
2014-09-16,47.040000915527344,47.400001525878906,47.040000915527344,47.279998779296875,2915375.0
2014-09-17,46.91999816894531,47.08000183105469,46.599998474121094,46.880001068115234,7777325.0
2014-09-18,47.08000183105469,47.20000076293945,47.040000915527344,47.15999984741211,5169525.0
2014-09-19,47.31999969482422,47.31999969482422,47.15999984741211,47.2400016784668,6564800.0
2014-09-22,47.279998779296875,47.31999969482422,47.15999984741211,47.20000076293945,6784400.0
2014-09-23,47.15999984741211,47.279998779296875,47.040000915527344,47.119998931884766,8171300.0
2014-09-24,47.279998779296875,47.560001373291016,47.2400016784668,47.400001525878906,9344550.0
2014-09-25,47.63999938964844,47.68000030517578,47.15999984741211,47.279998779296875,6626525.0
2014-09-26,47.560001373291016,47.84000015258789,47.560001373291016,47.63999938964844,4175225.0
2014-09-29,47.20000076293945,47.400001525878906,47.15999984741211,47.36000061035156,8569825.0
2014-09-30,47.040000915527344,47.119998931884766,46.84000015258789,47.08000183105469,9589100.0
2014-10-01,46.63999938964844,46.63999938964844,46.20000076293945,46.31999969482422,7689100.0
2014-10-02,45.560001373291016,45.599998474121094,44.91999816894531,45.439998626708984,9259500.0
2014-10-03,45.91999816894531,46.08000183105469,45.720001220703125,46.0,6764050.0
2014-10-06,46.0,46.040000915527344,45.720001220703125,45.880001068115234,11091450.0
2014-10-07,45.880001068115234,45.959999084472656,45.52000045776367,45.599998474121094,5835425.0
2014-10-08,45.36000061035156,46.0,45.20000076293945,45.880001068115234,8497375.0
2014-10-09,45.20000076293945,45.31999969482422,44.599998474121094,44.720001220703125,7991275.0
2014-10-10,44.599998474121094,44.79999923706055,44.08000183105469,44.08000183105469,10115725.0
2014-10-13,44.31999969482422,44.400001525878906,43.68000030517578,43.68000030517578,10053075.0
2014-10-14,44.08000183105469,44.2400016784668,43.79999923706055,43.959999084472656,11519525.0
2014-10-15,43.599998474121094,43.84000015258789,43.119998931884766,43.720001220703125,16194000.0
2014-10-16,42.959999084472656,43.79999923706055,42.91999816894531,43.560001373291016,8628775.0
2014-10-17,43.599998474121094,43.84000015258789,43.36000061035156,43.7599983215332,8140000.0
2014-10-20,44.31999969482422,44.7599983215332,44.31999969482422,44.63999938964844,4792275.0
2014-10-21,44.2400016784668,44.63999938964844,44.2400016784668,44.560001373291016,9520300.0
2014-10-22,44.84000015258789,45.040000915527344,44.47999954223633,44.599998474121094,5355075.0
2014-10-23,44.84000015258789,45.15999984741211,44.79999923706055,44.880001068115234,5493125.0
2014-10-24,44.91999816894531,45.119998931884766,44.7599983215332,45.040000915527344,4381500.0
2014-10-27,44.959999084472656,45.20000076293945,44.880001068115234,45.119998931884766,4713925.0
2014-10-28,45.20000076293945,45.400001525878906,45.119998931884766,45.36000061035156,3200425.0
2014-10-29,45.79999923706055,45.91999816894531,45.36000061035156,45.599998474121094,5352900.0
2014-10-30,45.52000045776367,46.15999984741211,45.47999954223633,45.959999084472656,3842825.0
2014-10-31,48.08000183105469,48.279998779296875,47.79999923706055,48.2400016784668,33579575.0
2014-11-03,48.20000076293945,49.0,48.08000183105469,48.560001373291016,23757500.0
2014-11-04,47.0,47.400001525878906,46.880001068115234,47.279998779296875,16132400.0
2014-11-05,47.2400016784668,47.279998779296875,46.91999816894531,47.040000915527344,7862825.0
2014-11-06,46.439998626708984,46.560001373291016,46.31999969482422,46.439998626708984,8246275.0
2014-11-07,46.119998931884766,46.31999969482422,45.91999816894531,46.279998779296875,13381050.0
2014-11-10,46.400001525878906,46.720001220703125,46.31999969482422,46.63999938964844,5803325.0
2014-11-11,46.91999816894531,47.040000915527344,46.79999923706055,46.91999816894531,6602775.0
2014-11-12,46.439998626708984,46.880001068115234,46.439998626708984,46.68000030517578,8230575.0
2014-11-13,47.119998931884766,47.279998779296875,46.959999084472656,47.08000183105469,7590150.0
2014-11-14,46.959999084472656,47.119998931884766,46.880001068115234,47.08000183105469,5300950.0
2014-11-17,46.20000076293945,46.439998626708984,46.20000076293945,46.31999969482422,9954725.0
2014-11-18,46.7599983215332,47.040000915527344,46.68000030517578,46.959999084472656,20825175.0
2014-11-19,46.599998474121094,46.7599983215332,46.52000045776367,46.68000030517578,7945675.0
2014-11-20,46.040000915527344,46.36000061035156,46.0,46.20000076293945,5209475.0
2014-11-21,46.91999816894531,46.91999816894531,46.439998626708984,46.560001373291016,6125175.0
2014-11-24,46.68000030517578,46.7599983215332,46.560001373291016,46.63999938964844,7595600.0
2014-11-25,46.720001220703125,46.79999923706055,46.52000045776367,46.7599983215332,4568725.0
2014-11-26,46.599998474121094,46.7599983215332,46.52000045776367,46.63999938964844,9572025.0
2014-11-28,46.560001373291016,46.599998474121094,46.47999954223633,46.47999954223633,2619575.0
2014-12-01,46.84000015258789,46.880001068115234,46.63999938964844,46.720001220703125,12033125.0
2014-12-02,47.08000183105469,47.20000076293945,47.0,47.119998931884766,5000950.0
2014-12-03,46.959999084472656,47.119998931884766,46.84000015258789,47.08000183105469,6022625.0
2014-12-04,46.959999084472656,47.08000183105469,46.79999923706055,46.959999084472656,5965150.0
2014-12-05,47.040000915527344,47.119998931884766,46.880001068115234,47.0,6458300.0
2014-12-08,46.439998626708984,46.63999938964844,46.20000076293945,46.2400016784668,15218425.0
2014-12-09,46.15999984741211,46.52000045776367,46.040000915527344,46.47999954223633,7657000.0
2014-12-10,46.2400016784668,46.2400016784668,45.599998474121094,45.7599983215332,16482725.0
2014-12-11,46.08000183105469,46.31999969482422,45.79999923706055,45.880001068115234,6100150.0
2014-12-12,45.84000015258789,45.959999084472656,45.400001525878906,45.439998626708984,6125550.0
2014-12-15,45.2400016784668,45.31999969482422,44.400001525878906,44.560001373291016,11087375.0
2014-12-16,44.68000030517578,45.119998931884766,44.560001373291016,44.599998474121094,15180500.0
2014-12-17,44.79999923706055,45.400001525878906,44.720001220703125,45.08000183105469,15861000.0
2014-12-18,45.68000030517578,45.84000015258789,45.599998474121094,45.79999923706055,7032450.0
2014-12-19,46.040000915527344,46.2400016784668,45.91999816894531,46.040000915527344,6156925.0
2014-12-22,45.959999084472656,46.040000915527344,45.84000015258789,45.91999816894531,10865500.0
2014-12-23,45.959999084472656,46.119998931884766,45.959999084472656,46.0,5380150.0
2014-12-24,45.91999816894531,46.040000915527344,45.84000015258789,45.91999816894531,1294300.0
2014-12-26,46.15999984741211,46.36000061035156,46.15999984741211,46.2400016784668,2153350.0
2014-12-29,45.720001220703125,45.79999923706055,45.63999938964844,45.7599983215332,3035375.0
2014-12-30,45.20000076293945,45.36000061035156,45.15999984741211,45.20000076293945,4148000.0
2014-12-31,45.2400016784668,45.400001525878906,44.959999084472656,44.959999084472656,3983275.0
2015-01-02,45.36000061035156,45.47999954223633,44.959999084472656,45.040000915527344,7191725.0
2015-01-05,44.7599983215332,44.79999923706055,44.36000061035156,44.52000045776367,8672550.0
2015-01-06,44.31999969482422,44.36000061035156,43.560001373291016,43.79999923706055,8184950.0
2015-01-07,44.52000045776367,44.68000030517578,44.36000061035156,44.439998626708984,9584500.0
2015-01-08,44.720001220703125,45.08000183105469,44.68000030517578,45.0,5003275.0
2015-01-09,44.91999816894531,44.959999084472656,44.439998626708984,44.52000045776367,10884225.0
2015-01-12,44.400001525878906,44.560001373291016,44.119998931884766,44.36000061035156,8802100.0
2015-01-13,45.0,45.2400016784668,44.439998626708984,44.720001220703125,8206300.0
2015-01-14,44.52000045776367,44.7599983215332,44.36000061035156,44.63999938964844,7326350.0
2015-01-15,45.439998626708984,45.439998626708984,44.91999816894531,44.959999084472656,10195575.0
2015-01-16,45.15999984741211,45.47999954223633,45.08000183105469,45.36000061035156,11407725.0
2015-01-20,45.880001068115234,45.91999816894531,45.47999954223633,45.720001220703125,7104775.0
2015-01-21,45.52000045776367,45.79999923706055,45.400001525878906,45.79999923706055,5688725.0
2015-01-22,45.599998474121094,46.08000183105469,45.400001525878906,46.0,5282000.0
2015-01-23,46.08000183105469,46.119998931884766,45.79999923706055,45.84000015258789,5510225.0
2015-01-26,46.15999984741211,46.47999954223633,46.119998931884766,46.36000061035156,3995925.0
2015-01-27,46.400001525878906,46.599998474121094,46.36000061035156,46.439998626708984,4890400.0
2015-01-28,46.880001068115234,46.959999084472656,46.279998779296875,46.36000061035156,13086600.0
2015-01-29,46.439998626708984,46.84000015258789,46.36000061035156,46.7599983215332,7301325.0
2015-01-30,46.2400016784668,46.439998626708984,45.91999816894531,45.959999084472656,8032800.0
2015-02-02,46.47999954223633,46.599998474121094,46.20000076293945,46.439998626708984,5383450.0
2015-02-03,46.08000183105469,46.36000061035156,46.040000915527344,46.36000061035156,5712825.0
2015-02-04,46.560001373291016,46.79999923706055,46.52000045776367,46.599998474121094,7339050.0
2015-02-05,46.720001220703125,47.040000915527344,46.68000030517578,47.0,5783150.0
2015-02-06,46.63999938964844,46.91999816894531,46.47999954223633,46.599998474121094,5127150.0
2015-02-09,46.2400016784668,46.400001525878906,46.119998931884766,46.15999984741211,6508825.0
2015-02-10,46.599998474121094,46.84000015258789,46.52000045776367,46.7599983215332,4357175.0
2015-02-11,46.560001373291016,46.84000015258789,46.560001373291016,46.84000015258789,6743925.0
2015-02-12,46.84000015258789,47.15999984741211,46.79999923706055,47.15999984741211,23389275.0
2015-02-13,47.63999938964844,47.84000015258789,47.599998474121094,47.720001220703125,7943875.0
2015-02-17,47.720001220703125,47.959999084472656,47.68000030517578,47.68000030517578,10699350.0
2015-02-18,48.52000045776367,48.63999938964844,48.400001525878906,48.52000045776367,11760200.0
2015-02-19,48.79999923706055,49.040000915527344,48.7599983215332,48.880001068115234,12668900.0
2015-02-20,49.040000915527344,49.36000061035156,48.91999816894531,49.31999969482422,7027975.0
2015-02-23,49.0,49.08000183105469,48.880001068115234,49.040000915527344,4241800.0
2015-02-24,49.08000183105469,49.36000061035156,49.0,49.279998779296875,5809325.0
2015-02-25,49.119998931884766,49.31999969482422,49.040000915527344,49.15999984741211,11682675.0
2015-02-26,49.560001373291016,49.720001220703125,49.400001525878906,49.599998474121094,20837325.0
2015-02-27,49.52000045776367,49.560001373291016,49.31999969482422,49.400001525878906,9573975.0
2015-03-02,49.31999969482422,49.52000045776367,49.279998779296875,49.52000045776367,10180075.0
2015-03-03,49.31999969482422,49.31999969482422,49.119998931884766,49.279998779296875,6548275.0
2015-03-04,48.959999084472656,49.119998931884766,48.7599983215332,49.040000915527344,4109525.0
2015-03-05,49.400001525878906,49.47999954223633,49.2400016784668,49.31999969482422,6405325.0
2015-03-06,49.439998626708984,49.599998474121094,49.2400016784668,49.2400016784668,11384475.0
2015-03-09,49.0,49.20000076293945,48.91999816894531,49.08000183105469,5572375.0
2015-03-10,48.439998626708984,48.52000045776367,48.279998779296875,48.36000061035156,9687650.0
2015-03-11,48.68000030517578,48.91999816894531,48.560001373291016,48.79999923706055,7783600.0
2015-03-12,49.68000030517578,49.91999816894531,49.63999938964844,49.880001068115234,12976300.0
2015-03-13,49.79999923706055,49.959999084472656,49.68000030517578,49.91999816894531,7479225.0
2015-03-16,50.119998931884766,50.279998779296875,50.08000183105469,50.119998931884766,6435275.0
2015-03-17,50.119998931884766,50.31999969482422,50.0,50.2400016784668,7236375.0
2015-03-18,50.439998626708984,51.119998931884766,50.36000061035156,51.040000915527344,10865325.0
2015-03-19,50.560001373291016,50.63999938964844,50.400001525878906,50.439998626708984,10642150.0
2015-03-20,50.91999816894531,51.31999969482422,50.91999816894531,51.2400016784668,9085875.0
2015-03-23,51.47999954223633,51.599998474121094,51.36000061035156,51.47999954223633,4308175.0
2015-03-24,51.47999954223633,51.560001373291016,51.31999969482422,51.36000061035156,6659675.0
2015-03-25,51.52000045776367,51.63999938964844,51.15999984741211,51.2400016784668,5841375.0
2015-03-26,50.720001220703125,50.959999084472656,50.560001373291016,50.720001220703125,6814475.0
2015-03-27,50.720001220703125,51.040000915527344,50.720001220703125,50.91999816894531,7295375.0
2015-03-30,51.08000183105469,51.20000076293945,51.0,51.119998931884766,13199825.0
2015-03-31,50.20000076293945,50.31999969482422,50.08000183105469,50.119998931884766,7267350.0
2015-04-01,50.119998931884766,50.31999969482422,49.84000015258789,50.31999969482422,17141600.0
2015-04-02,50.720001220703125,50.959999084472656,50.52000045776367,50.7599983215332,6233550.0
2015-04-06,51.15999984741211,51.599998474121094,51.08000183105469,51.36000061035156,4958275.0
2015-04-07,51.599998474121094,51.720001220703125,51.47999954223633,51.599998474121094,6842400.0
2015-04-08,51.84000015258789,51.91999816894531,51.560001373291016,51.68000030517578,7182000.0
2015-04-09,51.599998474121094,51.68000030517578,51.400001525878906,51.68000030517578,5388250.0
2015-04-10,51.52000045776367,51.79999923706055,51.47999954223633,51.7599983215332,4168900.0
2015-04-13,51.439998626708984,51.52000045776367,51.31999969482422,51.400001525878906,2760475.0
2015-04-14,51.720001220703125,51.79999923706055,51.52000045776367,51.7599983215332,5605900.0
2015-04-15,51.959999084472656,52.119998931884766,51.91999816894531,52.0,6874225.0
2015-04-16,52.040000915527344,52.2400016784668,51.91999816894531,52.119998931884766,5140525.0
2015-04-17,51.68000030517578,51.7599983215332,51.560001373291016,51.720001220703125,7786450.0
2015-04-20,51.7599983215332,51.91999816894531,51.7599983215332,51.880001068115234,5360750.0
2015-04-21,52.720001220703125,52.79999923706055,52.63999938964844,52.68000030517578,8339725.0
2015-04-22,53.040000915527344,53.15999984741211,52.880001068115234,53.08000183105469,7892050.0
2015-04-23,52.7599983215332,53.08000183105469,52.720001220703125,53.040000915527344,8647400.0
2015-04-24,53.20000076293945,53.2400016784668,53.119998931884766,53.2400016784668,5096475.0
2015-04-27,53.20000076293945,53.36000061035156,53.119998931884766,53.119998931884766,9123375.0
2015-04-28,53.2400016784668,53.400001525878906,53.15999984741211,53.279998779296875,8443900.0
2015-04-29,52.84000015258789,53.040000915527344,52.52000045776367,52.79999923706055,9272375.0
2015-04-30,51.84000015258789,52.0,51.400001525878906,51.439998626708984,20821325.0
2015-05-01,51.68000030517578,52.119998931884766,51.63999938964844,52.08000183105469,8369925.0
2015-05-04,52.08000183105469,52.31999969482422,52.040000915527344,52.31999969482422,5805225.0
2015-05-05,52.0,52.08000183105469,51.20000076293945,51.31999969482422,11720050.0
2015-05-06,51.439998626708984,51.47999954223633,51.0,51.279998779296875,10963850.0
2015-05-07,51.20000076293945,51.36000061035156,51.08000183105469,51.36000061035156,10803150.0
2015-05-08,52.15999984741211,52.599998474121094,52.119998931884766,52.560001373291016,7615450.0
2015-05-11,51.959999084472656,52.0,51.720001220703125,51.720001220703125,9296700.0
2015-05-12,51.63999938964844,51.79999923706055,51.52000045776367,51.720001220703125,8221700.0
2015-05-13,52.36000061035156,52.400001525878906,52.0,52.040000915527344,7323450.0
2015-05-14,52.040000915527344,52.31999969482422,51.959999084472656,52.31999969482422,7532300.0
2015-05-15,52.47999954223633,52.599998474121094,52.47999954223633,52.560001373291016,10593825.0
2015-05-18,53.0,53.040000915527344,52.84000015258789,53.0,6273550.0
2015-05-19,53.119998931884766,53.2400016784668,52.68000030517578,53.040000915527344,6738825.0
2015-05-20,52.959999084472656,53.2400016784668,52.84000015258789,53.040000915527344,9968725.0
2015-05-21,52.959999084472656,53.279998779296875,52.959999084472656,53.2400016784668,4105425.0
2015-05-22,52.959999084472656,53.20000076293945,52.959999084472656,53.119998931884766,6724025.0
2015-05-26,52.7599983215332,52.79999923706055,52.31999969482422,52.439998626708984,11093550.0
2015-05-27,52.720001220703125,52.79999923706055,52.599998474121094,52.79999923706055,4919825.0
2015-05-28,52.400001525878906,52.720001220703125,52.279998779296875,52.68000030517578,6315700.0
2015-05-29,52.2400016784668,52.279998779296875,52.040000915527344,52.20000076293945,10201050.0
2015-06-01,52.68000030517578,52.7599983215332,52.439998626708984,52.439998626708984,5944700.0
2015-06-02,52.2400016784668,52.47999954223633,52.08000183105469,52.31999969482422,4769825.0
2015-06-03,52.36000061035156,52.599998474121094,52.31999969482422,52.52000045776367,6885275.0
2015-06-04,52.15999984741211,52.36000061035156,52.040000915527344,52.15999984741211,7264200.0
2015-06-05,51.720001220703125,52.08000183105469,51.63999938964844,51.84000015258789,5221425.0
2015-06-08,51.47999954223633,51.560001373291016,51.36000061035156,51.560001373291016,3981725.0
2015-06-09,51.08000183105469,51.15999984741211,50.880001068115234,51.040000915527344,3992550.0
2015-06-10,51.720001220703125,52.0,51.68000030517578,51.880001068115234,6393325.0
2015-06-11,52.15999984741211,52.20000076293945,51.959999084472656,52.119998931884766,7187375.0
2015-06-12,51.720001220703125,51.84000015258789,51.560001373291016,51.84000015258789,4949325.0
2015-06-15,51.68000030517578,52.040000915527344,51.599998474121094,52.0,9265375.0
2015-06-16,51.439998626708984,51.79999923706055,51.439998626708984,51.7599983215332,3633800.0
2015-06-17,51.15999984741211,51.400001525878906,50.84000015258789,51.31999969482422,7236575.0
2015-06-18,51.08000183105469,51.560001373291016,51.08000183105469,51.36000061035156,6379400.0
2015-06-19,51.439998626708984,51.560001373291016,51.400001525878906,51.400001525878906,3593750.0
2015-06-22,52.15999984741211,52.400001525878906,52.15999984741211,52.20000076293945,5537575.0
2015-06-23,52.63999938964844,52.880001068115234,52.63999938964844,52.79999923706055,7739100.0
2015-06-24,52.279998779296875,52.36000061035156,52.15999984741211,52.2400016784668,7574650.0
2015-06-25,52.31999969482422,52.31999969482422,52.040000915527344,52.08000183105469,5254350.0
2015-06-26,52.279998779296875,52.400001525878906,52.20000076293945,52.31999969482422,3948075.0
2015-06-29,51.400001525878906,51.52000045776367,50.91999816894531,51.0,6163725.0
2015-06-30,51.52000045776367,51.560001373291016,51.2400016784668,51.2400016784668,7547875.0
2015-07-01,51.68000030517578,51.79999923706055,51.47999954223633,51.599998474121094,4216525.0
2015-07-02,51.47999954223633,51.63999938964844,51.400001525878906,51.599998474121094,3348700.0
2015-07-06,51.15999984741211,51.52000045776367,51.119998931884766,51.2400016784668,5911775.0
2015-07-07,51.31999969482422,51.47999954223633,50.880001068115234,51.36000061035156,12403200.0
2015-07-08,49.959999084472656,50.0,49.15999984741211,49.2400016784668,15755275.0
2015-07-09,50.040000915527344,50.15999984741211,49.68000030517578,49.84000015258789,12343925.0
2015-07-10,50.52000045776367,50.7599983215332,50.36000061035156,50.63999938964844,15663825.0
2015-07-13,51.2400016784668,51.36000061035156,51.20000076293945,51.31999969482422,5698500.0
2015-07-14,51.36000061035156,51.720001220703125,51.36000061035156,51.63999938964844,7465225.0
2015-07-15,51.52000045776367,51.7599983215332,51.439998626708984,51.599998474121094,9000825.0
2015-07-16,51.91999816894531,51.959999084472656,51.720001220703125,51.79999923706055,6156775.0
2015-07-17,51.959999084472656,52.0,51.84000015258789,51.91999816894531,3006675.0
2015-07-20,51.91999816894531,52.119998931884766,51.84000015258789,51.91999816894531,4933675.0
2015-07-21,51.7599983215332,51.79999923706055,51.560001373291016,51.7599983215332,4367050.0
2015-07-22,51.400001525878906,51.63999938964844,51.36000061035156,51.52000045776367,5549700.0
2015-07-23,51.63999938964844,51.68000030517578,51.36000061035156,51.47999954223633,11609550.0
2015-07-24,51.400001525878906,51.439998626708984,50.959999084472656,51.0,8738875.0
2015-07-27,50.599998474121094,50.84000015258789,50.47999954223633,50.79999923706055,14992925.0
2015-07-28,50.7599983215332,51.040000915527344,50.560001373291016,51.040000915527344,5202925.0
2015-07-29,50.880001068115234,51.36000061035156,50.84000015258789,51.2400016784668,5635875.0
2015-07-30,51.119998931884766,51.36000061035156,51.0,51.31999969482422,5024875.0
2015-07-31,51.68000030517578,51.79999923706055,51.560001373291016,51.720001220703125,6181050.0
2015-08-03,51.439998626708984,51.599998474121094,51.31999969482422,51.52000045776367,5375950.0
2015-08-04,51.279998779296875,51.52000045776367,51.279998779296875,51.439998626708984,6424950.0
2015-08-05,51.84000015258789,51.91999816894531,51.720001220703125,51.7599983215332,6908100.0
2015-08-06,51.68000030517578,51.720001220703125,51.439998626708984,51.599998474121094,4488625.0
2015-08-07,51.68000030517578,51.84000015258789,51.599998474121094,51.7599983215332,5512125.0
2015-08-10,52.20000076293945,52.560001373291016,52.20000076293945,52.52000045776367,5550275.0
2015-08-11,51.560001373291016,51.7599983215332,51.47999954223633,51.599998474121094,8245150.0
2015-08-12,50.91999816894531,51.31999969482422,50.560001373291016,51.279998779296875,20672100.0
2015-08-13,51.279998779296875,51.7599983215332,51.279998779296875,51.68000030517578,13808350.0
2015-08-14,51.439998626708984,51.79999923706055,51.400001525878906,51.68000030517578,4485225.0
2015-08-17,51.560001373291016,51.79999923706055,51.47999954223633,51.79999923706055,7290825.0
2015-08-18,51.36000061035156,51.47999954223633,51.279998779296875,51.439998626708984,6291550.0
2015-08-19,50.959999084472656,51.119998931884766,50.720001220703125,50.880001068115234,11523500.0
2015-08-20,49.959999084472656,50.040000915527344,49.36000061035156,49.36000061035156,17084175.0
2015-08-21,49.0,49.20000076293945,47.68000030517578,47.68000030517578,21448500.0
2015-08-24,45.279998779296875,46.720001220703125,44.63999938964844,46.0,32703625.0
2015-08-25,47.959999084472656,48.0,46.20000076293945,46.279998779296875,28043650.0
2015-08-26,47.560001373291016,48.20000076293945,47.0,48.119998931884766,31468150.0
2015-08-27,48.439998626708984,49.20000076293945,48.36000061035156,49.0,42793275.0
2015-08-28,49.040000915527344,49.36000061035156,48.959999084472656,49.2400016784668,12628475.0
2015-08-31,48.63999938964844,48.7599983215332,48.31999969482422,48.47999954223633,13272850.0
2015-09-01,46.36000061035156,46.79999923706055,46.119998931884766,46.279998779296875,24010675.0
2015-09-02,47.15999984741211,47.2400016784668,46.599998474121094,47.119998931884766,15764475.0
2015-09-03,47.439998626708984,47.7599983215332,47.36000061035156,47.47999954223633,12215025.0
2015-09-04,46.040000915527344,46.279998779296875,45.7599983215332,45.959999084472656,26091600.0
2015-09-08,46.7599983215332,47.040000915527344,46.599998474121094,47.040000915527344,15626600.0
2015-09-09,47.720001220703125,47.79999923706055,46.91999816894531,46.959999084472656,22224675.0
2015-09-10,46.91999816894531,47.119998931884766,46.68000030517578,46.91999816894531,16896225.0
2015-09-11,46.68000030517578,47.0,46.52000045776367,46.959999084472656,14165500.0
2015-09-14,46.68000030517578,46.84000015258789,46.560001373291016,46.84000015258789,9633375.0
2015-09-15,46.79999923706055,47.31999969482422,46.68000030517578,47.20000076293945,7735650.0
2015-09-16,47.31999969482422,47.63999938964844,47.31999969482422,47.599998474121094,7804675.0
2015-09-17,47.31999969482422,48.08000183105469,47.20000076293945,47.560001373291016,17816500.0
2015-09-18,46.15999984741211,46.47999954223633,46.0,46.040000915527344,13502025.0
2015-09-21,46.279998779296875,46.52000045776367,46.040000915527344,46.31999969482422,11613700.0
2015-09-22,45.52000045776367,45.79999923706055,45.31999969482422,45.63999938964844,11777775.0
2015-09-23,45.720001220703125,45.7599983215332,45.400001525878906,45.63999938964844,14713900.0
2015-09-24,45.20000076293945,45.36000061035156,44.68000030517578,45.31999969482422,19510575.0
2015-09-25,46.68000030517578,46.7599983215332,46.15999984741211,46.439998626708984,11457650.0
2015-09-28,45.959999084472656,46.040000915527344,45.20000076293945,45.31999969482422,7823425.0
2015-09-29,44.7599983215332,44.959999084472656,44.560001373291016,44.7599983215332,11303425.0
2015-09-30,45.31999969482422,45.7599983215332,45.119998931884766,45.720001220703125,11904550.0
2015-10-01,45.91999816894531,46.08000183105469,45.63999938964844,46.040000915527344,10988875.0
2015-10-02,45.599998474121094,46.599998474121094,45.47999954223633,46.599998474121094,14267000.0
2015-10-05,47.52000045776367,47.880001068115234,47.439998626708984,47.7599983215332,10840100.0
2015-10-06,47.439998626708984,47.560001373291016,47.2400016784668,47.36000061035156,10673225.0
2015-10-07,48.08000183105469,48.2400016784668,47.7599983215332,48.119998931884766,10940750.0
2015-10-08,47.959999084472656,48.36000061035156,47.79999923706055,48.279998779296875,10577325.0
2015-10-09,48.439998626708984,48.52000045776367,48.2400016784668,48.400001525878906,4855875.0
2015-10-12,48.439998626708984,48.47999954223633,48.279998779296875,48.47999954223633,4649400.0
2015-10-13,48.040000915527344,48.279998779296875,47.79999923706055,47.959999084472656,13000525.0
2015-10-14,47.560001373291016,47.7599983215332,47.2400016784668,47.400001525878906,13442975.0
2015-10-15,48.279998779296875,48.68000030517578,48.20000076293945,48.599998474121094,8554500.0
2015-10-16,48.7599983215332,48.880001068115234,48.560001373291016,48.84000015258789,14848125.0
2015-10-19,48.36000061035156,48.63999938964844,48.31999969482422,48.599998474121094,6622975.0
2015-10-20,48.279998779296875,48.439998626708984,48.2400016784668,48.31999969482422,4495600.0
2015-10-21,49.15999984741211,49.20000076293945,48.880001068115234,48.959999084472656,16084650.0
2015-10-22,49.20000076293945,49.79999923706055,49.20000076293945,49.560001373291016,12581675.0
2015-10-23,49.880001068115234,50.20000076293945,49.7599983215332,50.040000915527344,12694075.0
2015-10-26,50.0,50.119998931884766,49.84000015258789,50.0,8180175.0
2015-10-27,49.52000045776367,49.599998474121094,49.400001525878906,49.599998474121094,10323550.0
2015-10-28,49.7599983215332,50.119998931884766,49.560001373291016,50.08000183105469,12758700.0
2015-10-29,49.400001525878906,49.560001373291016,49.36000061035156,49.52000045776367,6350575.0
2015-10-30,49.599998474121094,49.599998474121094,49.2400016784668,49.279998779296875,10330975.0
2015-11-02,49.15999984741211,49.720001220703125,49.15999984741211,49.63999938964844,7149375.0
2015-11-03,49.52000045776367,49.7599983215332,49.47999954223633,49.599998474121094,7556800.0
2015-11-04,49.439998626708984,49.52000045776367,49.2400016784668,49.36000061035156,7332075.0
2015-11-05,49.7599983215332,49.91999816894531,49.599998474121094,49.720001220703125,13951325.0
2015-11-06,49.63999938964844,49.79999923706055,49.439998626708984,49.599998474121094,6976325.0
2015-11-09,49.720001220703125,49.720001220703125,49.2400016784668,49.400001525878906,7486100.0
2015-11-10,49.7599983215332,50.0,49.720001220703125,49.91999816894531,6728925.0
2015-11-11,50.2400016784668,50.400001525878906,50.119998931884766,50.119998931884766,5771825.0
2015-11-12,49.7599983215332,49.91999816894531,49.560001373291016,49.63999938964844,10319475.0
2015-11-13,49.63999938964844,49.7599983215332,49.36000061035156,49.400001525878906,9105075.0
2015-11-16,49.560001373291016,49.959999084472656,49.52000045776367,49.880001068115234,6653325.0
2015-11-17,49.959999084472656,50.2400016784668,49.880001068115234,50.0,12645675.0
2015-11-18,49.91999816894531,50.31999969482422,49.880001068115234,50.2400016784668,6988125.0
2015-11-19,50.31999969482422,50.400001525878906,50.20000076293945,50.2400016784668,5261450.0
2015-11-20,50.400001525878906,50.560001373291016,50.400001525878906,50.47999954223633,5775250.0
2015-11-23,50.400001525878906,50.47999954223633,50.20000076293945,50.2400016784668,5562250.0
2015-11-24,50.279998779296875,50.599998474121094,50.15999984741211,50.47999954223633,4707125.0
2015-11-25,50.15999984741211,50.279998779296875,50.119998931884766,50.15999984741211,4910825.0
2015-11-27,50.040000915527344,50.040000915527344,49.84000015258789,49.91999816894531,1657950.0
2015-11-30,49.63999938964844,49.63999938964844,49.31999969482422,49.52000045776367,11277375.0
2015-12-01,50.08000183105469,50.279998779296875,50.08000183105469,50.279998779296875,8989375.0
2015-12-02,50.20000076293945,50.20000076293945,49.7599983215332,49.880001068115234,7784200.0
2015-12-03,49.79999923706055,49.79999923706055,49.08000183105469,49.400001525878906,9035625.0
2015-12-04,49.08000183105469,49.720001220703125,49.08000183105469,49.68000030517578,8626600.0
2015-12-07,49.599998474121094,49.63999938964844,49.31999969482422,49.560001373291016,8996025.0
2015-12-08,48.720001220703125,48.91999816894531,48.560001373291016,48.91999816894531,7566925.0
2015-12-09,48.720001220703125,49.0,48.31999969482422,48.36000061035156,11765925.0
2015-12-10,49.0,49.040000915527344,48.720001220703125,48.79999923706055,8139050.0
2015-12-11,48.15999984741211,48.2400016784668,47.880001068115234,48.040000915527344,15334000.0
2015-12-14,48.47999954223633,48.560001373291016,47.91999816894531,48.47999954223633,12200175.0
2015-12-15,48.279998779296875,48.47999954223633,48.15999984741211,48.279998779296875,8054575.0
2015-12-16,49.08000183105469,49.52000045776367,48.79999923706055,49.47999954223633,10145800.0
2015-12-17,49.560001373291016,49.599998474121094,48.959999084472656,49.0,10759550.0
2015-12-18,48.36000061035156,48.560001373291016,48.20000076293945,48.400001525878906,15106125.0
2015-12-21,48.279998779296875,48.31999969482422,47.84000015258789,48.20000076293945,6311325.0
2015-12-22,48.31999969482422,48.599998474121094,48.08000183105469,48.560001373291016,9836625.0
2015-12-23,48.84000015258789,49.119998931884766,48.79999923706055,49.08000183105469,7707275.0
2015-12-24,48.439998626708984,48.599998474121094,48.400001525878906,48.47999954223633,4185125.0
2015-12-28,48.560001373291016,48.599998474121094,48.400001525878906,48.52000045776367,9805825.0
2015-12-29,49.20000076293945,49.439998626708984,49.20000076293945,49.2400016784668,4437700.0
2015-12-30,49.0,49.08000183105469,48.880001068115234,48.959999084472656,5285525.0
2015-12-31,48.68000030517578,48.84000015258789,48.47999954223633,48.47999954223633,6550950.0
2016-01-04,47.560001373291016,47.84000015258789,47.36000061035156,47.720001220703125,12380350.0
2016-01-05,48.20000076293945,48.400001525878906,48.040000915527344,48.31999969482422,15505250.0
2016-01-06,47.31999969482422,47.599998474121094,47.20000076293945,47.47999954223633,14176375.0
2016-01-07,46.84000015258789,47.119998931884766,46.63999938964844,46.7599983215332,13166675.0
2016-01-08,46.68000030517578,46.720001220703125,45.68000030517578,45.7599983215332,14302750.0
2016-01-11,46.279998779296875,46.36000061035156,45.560001373291016,46.08000183105469,13390500.0
2016-01-12,46.08000183105469,46.15999984741211,45.47999954223633,45.84000015258789,11024850.0
2016-01-13,46.36000061035156,46.439998626708984,45.31999969482422,45.439998626708984,17053050.0
2016-01-14,45.599998474121094,46.20000076293945,45.31999969482422,46.0,17555500.0
2016-01-15,44.68000030517578,45.0,44.400001525878906,44.720001220703125,15135300.0
2016-01-19,45.439998626708984,45.439998626708984,44.63999938964844,45.08000183105469,14047975.0
2016-01-20,43.599998474121094,43.68000030517578,42.560001373291016,43.36000061035156,23073975.0
2016-01-21,42.720001220703125,43.599998474121094,42.560001373291016,43.20000076293945,24179925.0
2016-01-22,44.400001525878906,45.20000076293945,44.31999969482422,45.15999984741211,40544275.0
2016-01-25,44.599998474121094,44.79999923706055,44.20000076293945,44.20000076293945,12860800.0
2016-01-26,44.36000061035156,44.84000015258789,44.279998779296875,44.79999923706055,9799075.0
2016-01-27,45.08000183105469,45.52000045776367,44.63999938964844,44.84000015258789,17281775.0
2016-01-28,45.08000183105469,45.119998931884766,44.560001373291016,44.91999816894531,9827100.0
2016-01-29,45.20000076293945,46.0,45.15999984741211,46.0,18271025.0
2016-02-01,46.0,46.0,45.439998626708984,45.720001220703125,11686500.0
2016-02-02,45.599998474121094,45.68000030517578,45.0,45.2400016784668,15176875.0
2016-02-03,45.0,45.0,43.959999084472656,44.68000030517578,23335125.0
2016-02-04,44.36000061035156,44.84000015258789,44.2400016784668,44.560001373291016,9883875.0
2016-02-05,44.31999969482422,44.36000061035156,43.599998474121094,43.79999923706055,14665150.0
2016-02-08,43.91999816894531,43.91999816894531,43.2400016784668,43.720001220703125,13198750.0
2016-02-09,42.52000045776367,43.15999984741211,42.52000045776367,42.880001068115234,22072275.0
2016-02-10,42.47999954223633,42.91999816894531,42.0,42.119998931884766,22876425.0
2016-02-11,41.400001525878906,41.63999938964844,40.959999084472656,41.279998779296875,21396050.0
2016-02-12,40.959999084472656,41.7599983215332,40.720001220703125,41.63999938964844,12102300.0
2016-02-16,43.0,43.20000076293945,42.720001220703125,43.15999984741211,15996275.0
2016-02-17,43.400001525878906,43.720001220703125,43.36000061035156,43.52000045776367,12143225.0
2016-02-18,44.040000915527344,44.08000183105469,43.400001525878906,43.52000045776367,12209875.0
2016-02-19,43.20000076293945,43.400001525878906,43.08000183105469,43.31999969482422,6686975.0
2016-02-22,43.959999084472656,44.20000076293945,43.880001068115234,44.040000915527344,8290650.0
2016-02-23,43.720001220703125,43.7599983215332,43.2400016784668,43.31999969482422,8918700.0
2016-02-24,43.20000076293945,43.79999923706055,42.91999816894531,43.7599983215332,15089000.0
2016-02-25,44.040000915527344,44.31999969482422,43.84000015258789,44.279998779296875,11564100.0
2016-02-26,44.599998474121094,44.720001220703125,44.15999984741211,44.2400016784668,6683600.0
2016-02-29,43.959999084472656,44.08000183105469,43.560001373291016,43.560001373291016,12901700.0
2016-03-01,44.15999984741211,44.720001220703125,44.040000915527344,44.63999938964844,8192725.0
2016-03-02,45.040000915527344,45.31999969482422,45.040000915527344,45.279998779296875,7414500.0
2016-03-03,45.560001373291016,45.720001220703125,45.47999954223633,45.599998474121094,14145600.0
2016-03-04,46.20000076293945,46.279998779296875,45.91999816894531,46.08000183105469,13669675.0
2016-03-07,45.400001525878906,45.720001220703125,45.36000061035156,45.599998474121094,7944075.0
2016-03-08,45.279998779296875,45.47999954223633,45.119998931884766,45.15999984741211,7849900.0
2016-03-09,45.2400016784668,45.31999969482422,45.0,45.119998931884766,7192100.0
2016-03-10,45.63999938964844,45.79999923706055,44.560001373291016,44.91999816894531,20425025.0
2016-03-11,45.79999923706055,46.15999984741211,45.79999923706055,46.119998931884766,8991025.0
2016-03-14,46.20000076293945,46.36000061035156,46.119998931884766,46.31999969482422,4676350.0
2016-03-15,45.63999938964844,45.7599983215332,45.560001373291016,45.720001220703125,8779225.0
2016-03-16,45.36000061035156,45.959999084472656,45.36000061035156,45.79999923706055,6485175.0
2016-03-17,45.63999938964844,46.08000183105469,45.52000045776367,45.959999084472656,11586825.0
2016-03-18,45.68000030517578,45.91999816894531,45.52000045776367,45.79999923706055,11284125.0
2016-03-21,45.79999923706055,46.040000915527344,45.720001220703125,46.0,4524625.0
2016-03-22,46.20000076293945,46.36000061035156,46.119998931884766,46.279998779296875,7667025.0
2016-03-23,45.959999084472656,46.0,45.63999938964844,45.68000030517578,6077825.0
2016-03-24,45.15999984741211,45.439998626708984,45.119998931884766,45.400001525878906,5884900.0
2016-03-28,46.040000915527344,46.2400016784668,46.040000915527344,46.08000183105469,4587725.0
2016-03-29,46.0,46.560001373291016,45.959999084472656,46.560001373291016,6798100.0
2016-03-30,46.400001525878906,46.63999938964844,46.400001525878906,46.400001525878906,9940425.0
2016-03-31,45.79999923706055,45.91999816894531,45.63999938964844,45.63999938964844,9037175.0
2016-04-01,44.31999969482422,44.720001220703125,44.15999984741211,44.52000045776367,11209800.0
2016-04-04,44.63999938964844,44.68000030517578,44.36000061035156,44.52000045776367,7186550.0
2016-04-05,43.47999954223633,43.720001220703125,43.400001525878906,43.560001373291016,8374575.0
2016-04-06,43.79999923706055,44.279998779296875,43.599998474121094,44.279998779296875,13164850.0
2016-04-07,44.439998626708984,44.560001373291016,43.84000015258789,44.040000915527344,29448600.0
2016-04-08,45.400001525878906,45.560001373291016,45.2400016784668,45.31999969482422,15886450.0
2016-04-11,45.36000061035156,45.52000045776367,45.040000915527344,45.040000915527344,9862075.0
2016-04-12,45.91999816894531,46.31999969482422,45.7599983215332,46.08000183105469,13551325.0
2016-04-13,47.20000076293945,47.47999954223633,47.119998931884766,47.36000061035156,12776300.0
2016-04-14,47.63999938964844,47.79999923706055,47.439998626708984,47.560001373291016,14547400.0
2016-04-15,47.36000061035156,47.36000061035156,47.08000183105469,47.119998931884766,9419575.0
2016-04-18,47.0,47.47999954223633,46.91999816894531,47.47999954223633,7289250.0
2016-04-19,48.279998779296875,48.439998626708984,48.08000183105469,48.20000076293945,8248375.0
2016-04-20,48.36000061035156,48.880001068115234,48.279998779296875,48.47999954223633,15165975.0
2016-04-21,48.560001373291016,48.68000030517578,48.31999969482422,48.47999954223633,8789425.0
2016-04-22,48.79999923706055,49.0,48.63999938964844,48.84000015258789,8803000.0
2016-04-25,48.400001525878906,48.52000045776367,48.20000076293945,48.52000045776367,6642425.0
2016-04-26,48.15999984741211,48.400001525878906,48.08000183105469,48.31999969482422,6364475.0
2016-04-27,48.0,48.31999969482422,47.959999084472656,48.279998779296875,10131525.0
2016-04-28,46.68000030517578,47.040000915527344,45.84000015258789,46.08000183105469,25635250.0
2016-04-29,45.959999084472656,46.08000183105469,45.52000045776367,45.68000030517578,17211950.0
2016-05-02,46.47999954223633,46.720001220703125,46.31999969482422,46.52000045776367,8251700.0
2016-05-03,46.2400016784668,46.31999969482422,45.91999816894531,46.08000183105469,14891800.0
2016-05-04,45.84000015258789,45.959999084472656,45.560001373291016,45.68000030517578,15669850.0
2016-05-05,45.91999816894531,46.040000915527344,45.7599983215332,45.91999816894531,9365100.0
2016-05-06,45.91999816894531,46.31999969482422,45.880001068115234,46.15999984741211,10466300.0
2016-05-09,46.47999954223633,46.560001373291016,46.119998931884766,46.119998931884766,10071200.0
2016-05-10,46.79999923706055,47.31999969482422,46.79999923706055,47.279998779296875,9915600.0
2016-05-11,46.84000015258789,46.880001068115234,46.400001525878906,46.400001525878906,8621200.0
2016-05-12,47.040000915527344,47.040000915527344,46.560001373291016,46.7599983215332,7496950.0
2016-05-13,46.15999984741211,46.400001525878906,46.040000915527344,46.119998931884766,5874850.0
2016-05-16,46.439998626708984,46.84000015258789,46.439998626708984,46.7599983215332,5307200.0
2016-05-17,46.79999923706055,46.84000015258789,46.400001525878906,46.439998626708984,6232950.0
2016-05-18,46.560001373291016,46.959999084472656,46.439998626708984,46.47999954223633,9033025.0
2016-05-19,46.08000183105469,46.279998779296875,45.959999084472656,46.15999984741211,6092950.0
2016-05-20,46.400001525878906,46.560001373291016,46.279998779296875,46.47999954223633,8098575.0
2016-05-23,46.400001525878906,46.47999954223633,46.279998779296875,46.279998779296875,5638525.0
2016-05-24,46.36000061035156,46.720001220703125,46.36000061035156,46.63999938964844,8421300.0
2016-05-25,46.79999923706055,47.119998931884766,46.79999923706055,46.959999084472656,6060650.0
2016-05-26,46.79999923706055,46.959999084472656,46.7599983215332,46.91999816894531,4710375.0
2016-05-27,46.720001220703125,46.880001068115234,46.720001220703125,46.79999923706055,3565450.0
2016-05-31,47.31999969482422,47.400001525878906,47.08000183105469,47.15999984741211,11470925.0
2016-06-01,47.119998931884766,47.20000076293945,46.959999084472656,47.119998931884766,3615225.0
2016-06-02,46.560001373291016,46.7599983215332,46.47999954223633,46.720001220703125,10236250.0
2016-06-03,46.84000015258789,46.91999816894531,46.560001373291016,46.91999816894531,6626500.0
2016-06-06,47.31999969482422,47.599998474121094,47.20000076293945,47.400001525878906,5747375.0
2016-06-07,47.68000030517578,47.880001068115234,47.68000030517578,47.720001220703125,5112550.0
2016-06-08,48.0,48.08000183105469,47.91999816894531,48.0,3245250.0
2016-06-09,47.439998626708984,47.52000045776367,47.279998779296875,47.439998626708984,5708450.0
2016-06-10,46.7599983215332,46.7599983215332,46.36000061035156,46.599998474121094,6865725.0
2016-06-13,45.880001068115234,46.15999984741211,45.68000030517578,45.7599983215332,6549650.0
2016-06-14,45.47999954223633,45.63999938964844,45.20000076293945,45.560001373291016,11500175.0
2016-06-15,45.91999816894531,46.2400016784668,45.84000015258789,46.0,8396950.0
2016-06-16,45.400001525878906,45.84000015258789,45.08000183105469,45.79999923706055,8175125.0
2016-06-17,45.599998474121094,45.959999084472656,45.36000061035156,45.720001220703125,12884550.0
2016-06-20,46.880001068115234,47.119998931884766,46.68000030517578,46.7599983215332,8781700.0
2016-06-21,47.31999969482422,47.52000045776367,47.040000915527344,47.08000183105469,12580850.0
2016-06-22,46.560001373291016,46.7599983215332,46.279998779296875,46.279998779296875,11368075.0
2016-06-23,47.119998931884766,47.31999969482422,46.959999084472656,47.31999969482422,14776325.0
2016-06-24,45.20000076293945,45.880001068115234,45.15999984741211,45.36000061035156,16162925.0
2016-06-27,45.36000061035156,45.400001525878906,44.599998474121094,45.119998931884766,18809450.0
2016-06-28,45.7599983215332,45.880001068115234,45.400001525878906,45.79999923706055,10830150.0
2016-06-29,46.2400016784668,46.47999954223633,46.119998931884766,46.400001525878906,5931700.0
2016-06-30,45.84000015258789,46.119998931884766,45.68000030517578,46.0,27695200.0
2016-07-01,45.880001068115234,46.119998931884766,45.84000015258789,45.91999816894531,13445950.0
2016-07-05,46.08000183105469,46.20000076293945,45.84000015258789,45.91999816894531,6161025.0
2016-07-06,45.68000030517578,45.91999816894531,45.439998626708984,45.91999816894531,12077150.0
2016-07-07,45.959999084472656,46.15999984741211,45.79999923706055,45.959999084472656,6434275.0
2016-07-08,45.84000015258789,46.36000061035156,45.84000015258789,46.279998779296875,6326700.0
2016-07-11,47.15999984741211,47.599998474121094,47.15999984741211,47.400001525878906,12156400.0
2016-07-12,47.7599983215332,47.880001068115234,47.68000030517578,47.68000030517578,11592300.0
2016-07-13,47.599998474121094,47.63999938964844,47.439998626708984,47.599998474121094,7275875.0
2016-07-14,47.63999938964844,47.84000015258789,47.599998474121094,47.68000030517578,7142125.0
2016-07-15,47.52000045776367,47.63999938964844,47.439998626708984,47.52000045776367,17380725.0
2016-07-18,47.52000045776367,47.720001220703125,47.47999954223633,47.63999938964844,8514525.0
2016-07-19,47.400001525878906,47.439998626708984,47.20000076293945,47.31999969482422,9621450.0
2016-07-20,47.63999938964844,47.79999923706055,47.599998474121094,47.720001220703125,6254650.0
2016-07-21,47.279998779296875,47.400001525878906,47.15999984741211,47.36000061035156,6978775.0
2016-07-22,47.439998626708984,47.560001373291016,47.400001525878906,47.439998626708984,4108050.0
2016-07-25,47.400001525878906,47.439998626708984,47.119998931884766,47.279998779296875,4869025.0
2016-07-26,47.47999954223633,47.599998474121094,47.2400016784668,47.31999969482422,9168225.0
2016-07-27,47.63999938964844,47.63999938964844,47.15999984741211,47.400001525878906,8352750.0
2016-07-28,47.15999984741211,47.52000045776367,47.0,47.400001525878906,14055900.0
2016-07-29,48.20000076293945,48.36000061035156,48.119998931884766,48.2400016784668,11570600.0
2016-08-01,48.400001525878906,48.560001373291016,48.31999969482422,48.400001525878906,5825525.0
2016-08-02,47.959999084472656,47.959999084472656,47.47999954223633,47.79999923706055,14721700.0
2016-08-03,47.36000061035156,47.599998474121094,47.31999969482422,47.560001373291016,6481750.0
2016-08-04,48.08000183105469,48.2400016784668,47.959999084472656,48.2400016784668,8301550.0
2016-08-05,48.279998779296875,48.439998626708984,48.20000076293945,48.400001525878906,4651850.0
2016-08-08,48.68000030517578,48.720001220703125,48.52000045776367,48.599998474121094,4552825.0
2016-08-09,48.880001068115234,49.15999984741211,48.880001068115234,49.040000915527344,10302075.0
2016-08-10,49.400001525878906,49.400001525878906,49.15999984741211,49.20000076293945,5616175.0
2016-08-11,49.47999954223633,49.599998474121094,49.36000061035156,49.560001373291016,5012925.0
2016-08-12,49.400001525878906,49.560001373291016,49.2400016784668,49.31999969482422,9513625.0
2016-08-15,49.52000045776367,49.720001220703125,49.52000045776367,49.599998474121094,4052300.0
2016-08-16,49.15999984741211,49.279998779296875,49.119998931884766,49.15999984741211,4135450.0
2016-08-17,49.400001525878906,49.599998474121094,49.279998779296875,49.560001373291016,6224150.0
2016-08-18,49.15999984741211,49.400001525878906,49.119998931884766,49.31999969482422,4446675.0
2016-08-19,49.040000915527344,49.20000076293945,48.959999084472656,49.20000076293945,3119850.0
2016-08-22,49.279998779296875,49.47999954223633,49.15999984741211,49.47999954223633,9194875.0
2016-08-23,49.52000045776367,49.63999938964844,49.439998626708984,49.52000045776367,4096825.0
2016-08-24,49.560001373291016,49.560001373291016,49.400001525878906,49.47999954223633,4891400.0
2016-08-25,49.279998779296875,49.400001525878906,49.20000076293945,49.2400016784668,3118675.0
2016-08-26,49.08000183105469,49.36000061035156,48.63999938964844,48.880001068115234,9013425.0
2016-08-29,48.959999084472656,49.119998931884766,48.84000015258789,49.040000915527344,11882500.0
2016-08-30,49.040000915527344,49.15999984741211,49.0,49.040000915527344,11420325.0
2016-08-31,49.119998931884766,49.119998931884766,48.84000015258789,49.119998931884766,7046425.0
2016-09-01,49.439998626708984,49.52000045776367,49.279998779296875,49.47999954223633,5755450.0
2016-09-02,49.7599983215332,49.880001068115234,49.68000030517578,49.84000015258789,5568600.0
2016-09-06,49.79999923706055,50.15999984741211,49.79999923706055,50.119998931884766,6240225.0
2016-09-07,50.599998474121094,50.63999938964844,50.279998779296875,50.36000061035156,6845825.0
2016-09-08,50.2400016784668,50.31999969482422,50.0,50.119998931884766,6902025.0
2016-09-09,49.68000030517578,49.7599983215332,49.279998779296875,49.31999969482422,7286475.0
2016-09-12,49.20000076293945,49.7599983215332,49.15999984741211,49.720001220703125,8716950.0
2016-09-13,49.20000076293945,49.279998779296875,48.63999938964844,48.84000015258789,10113450.0
2016-09-14,48.52000045776367,48.7599983215332,48.36000061035156,48.52000045776367,7787225.0
2016-09-15,48.400001525878906,48.880001068115234,48.31999969482422,48.7599983215332,5864300.0
2016-09-16,48.439998626708984,48.52000045776367,48.2400016784668,48.36000061035156,3915200.0
2016-09-19,48.720001220703125,48.84000015258789,48.52000045776367,48.52000045776367,3246475.0
2016-09-20,49.279998779296875,49.400001525878906,49.15999984741211,49.20000076293945,9654500.0
2016-09-21,50.560001373291016,50.79999923706055,50.2400016784668,50.63999938964844,12665650.0
2016-09-22,51.400001525878906,51.47999954223633,51.15999984741211,51.279998779296875,9217875.0
2016-09-23,50.560001373291016,50.63999938964844,50.47999954223633,50.560001373291016,4781700.0
2016-09-26,50.040000915527344,50.119998931884766,49.959999084472656,50.119998931884766,3456550.0
2016-09-27,50.52000045776367,50.720001220703125,50.439998626708984,50.68000030517578,6619500.0
2016-09-28,50.560001373291016,50.63999938964844,50.31999969482422,50.599998474121094,9971125.0
2016-09-29,50.400001525878906,50.47999954223633,50.119998931884766,50.2400016784668,5824150.0
2016-09-30,50.0,50.31999969482422,49.959999084472656,50.15999984741211,12557200.0
2016-10-03,49.91999816894531,50.040000915527344,49.880001068115234,50.0,4016150.0
2016-10-04,50.08000183105469,50.15999984741211,49.63999938964844,49.720001220703125,10868300.0
2016-10-05,49.959999084472656,50.08000183105469,49.880001068115234,50.040000915527344,6433100.0
2016-10-06,49.68000030517578,49.84000015258789,49.63999938964844,49.79999923706055,19146825.0
2016-10-07,49.79999923706055,49.84000015258789,49.47999954223633,49.79999923706055,5243100.0
2016-10-10,49.91999816894531,50.08000183105469,49.91999816894531,49.959999084472656,1849275.0
2016-10-11,49.7599983215332,49.79999923706055,49.439998626708984,49.52000045776367,7517900.0
2016-10-12,49.47999954223633,49.47999954223633,49.279998779296875,49.439998626708984,3505700.0
2016-10-13,49.119998931884766,49.439998626708984,49.0,49.36000061035156,5860050.0
2016-10-14,49.439998626708984,49.52000045776367,49.279998779296875,49.36000061035156,5307650.0
2016-10-17,49.439998626708984,49.52000045776367,49.36000061035156,49.400001525878906,2638900.0
2016-10-18,49.68000030517578,49.84000015258789,49.63999938964844,49.68000030517578,4087625.0
2016-10-19,49.91999816894531,50.040000915527344,49.84000015258789,49.84000015258789,2998450.0
2016-10-20,50.20000076293945,50.400001525878906,50.08000183105469,50.279998779296875,8132125.0
2016-10-21,50.040000915527344,50.31999969482422,50.0,50.279998779296875,2323075.0
2016-10-24,50.36000061035156,50.400001525878906,50.20000076293945,50.36000061035156,2571025.0
2016-10-25,50.2400016784668,50.400001525878906,50.15999984741211,50.400001525878906,3010575.0
2016-10-26,50.2400016784668,50.400001525878906,50.2400016784668,50.31999969482422,2752575.0
2016-10-27,50.400001525878906,50.47999954223633,50.2400016784668,50.400001525878906,3171975.0
2016-10-28,50.279998779296875,50.47999954223633,50.2400016784668,50.47999954223633,7114500.0
2016-10-31,50.47999954223633,50.599998474121094,50.36000061035156,50.52000045776367,6951725.0
2016-11-01,50.52000045776367,50.52000045776367,50.119998931884766,50.31999969482422,5513100.0
2016-11-02,50.15999984741211,50.279998779296875,49.880001068115234,50.0,6830800.0
2016-11-03,50.15999984741211,50.2400016784668,49.959999084472656,50.119998931884766,6354150.0
2016-11-04,49.560001373291016,49.720001220703125,49.439998626708984,49.52000045776367,5574375.0
2016-11-07,49.75,49.869998931884766,49.70000076293945,49.869998931884766,8221100.0
2016-11-08,49.599998474121094,50.0,49.560001373291016,49.810001373291016,11176800.0
2016-11-09,49.25,49.720001220703125,49.16999816894531,49.38999938964844,19424000.0
2016-11-10,49.5,49.68000030517578,49.119998931884766,49.43000030517578,20034800.0
2016-11-11,49.43000030517578,49.56999969482422,49.29999923706055,49.5,7455100.0
2016-11-14,49.459999084472656,49.56999969482422,49.310001373291016,49.560001373291016,10236100.0
2016-11-15,49.459999084472656,49.709999084472656,49.45000076293945,49.63999938964844,15461400.0
2016-11-16,49.560001373291016,49.66999816894531,49.38999938964844,49.400001525878906,14430900.0
2016-11-17,49.7599983215332,50.15999984741211,49.75,50.13999938964844,16206200.0
2016-11-18,49.459999084472656,49.529998779296875,49.349998474121094,49.38999938964844,8065700.0
2016-11-21,49.58000183105469,49.83000183105469,49.58000183105469,49.790000915527344,5450800.0
2016-11-22,49.91999816894531,49.95000076293945,49.689998626708984,49.90999984741211,9422800.0
2016-11-23,49.58000183105469,49.95000076293945,49.54999923706055,49.90999984741211,7403000.0
2016-11-25,49.43000030517578,49.52000045776367,49.369998931884766,49.4900016784668,8166100.0
2016-11-28,49.790000915527344,49.959999084472656,49.77000045776367,49.91999816894531,9328800.0
2016-11-29,49.90999984741211,50.189998626708984,49.84000015258789,49.970001220703125,12384700.0
2016-11-30,50.099998474121094,50.11000061035156,49.84000015258789,49.88999938964844,9579000.0
2016-12-01,49.619998931884766,49.65999984741211,49.400001525878906,49.470001220703125,7011800.0
2016-12-02,49.4900016784668,49.630001068115234,49.43000030517578,49.619998931884766,5473000.0
2016-12-05,49.5099983215332,49.75,49.5099983215332,49.560001373291016,13174200.0
2016-12-06,49.63999938964844,49.869998931884766,49.59000015258789,49.779998779296875,8994100.0
2016-12-07,50.02000045776367,50.61000061035156,50.02000045776367,50.52000045776367,6891300.0
2016-12-08,50.959999084472656,51.189998626708984,50.95000076293945,51.099998474121094,9039200.0
2016-12-09,51.13999938964844,51.279998779296875,51.08000183105469,51.25,4548800.0
2016-12-12,50.939998626708984,50.97999954223633,50.70000076293945,50.75,4834900.0
2016-12-13,51.20000076293945,51.38999938964844,51.15999984741211,51.349998474121094,8064400.0
2016-12-14,51.040000915527344,51.09000015258789,50.470001220703125,50.560001373291016,14211000.0
2016-12-15,50.45000076293945,50.58000183105469,50.36000061035156,50.560001373291016,10029600.0
2016-12-16,50.16999816894531,50.2599983215332,50.0099983215332,50.119998931884766,8552000.0
2016-12-19,50.439998626708984,50.65999984741211,50.439998626708984,50.54999923706055,5270200.0
2016-12-20,50.540000915527344,50.630001068115234,50.52000045776367,50.599998474121094,5626400.0
2016-12-21,49.7400016784668,49.77000045776367,49.650001525878906,49.75,4535500.0
2016-12-22,49.540000915527344,49.66999816894531,49.52000045776367,49.66999816894531,4832000.0
2016-12-23,49.7400016784668,49.79999923706055,49.68000030517578,49.7599983215332,5535000.0
2016-12-27,49.470001220703125,49.52000045776367,49.41999816894531,49.45000076293945,3921200.0
2016-12-28,49.4900016784668,49.52000045776367,49.34000015258789,49.380001068115234,3747000.0
2016-12-29,48.93000030517578,49.0,48.790000915527344,48.880001068115234,4893600.0
2016-12-30,48.9900016784668,49.040000915527344,48.79999923706055,48.86000061035156,3395200.0
2017-01-03,49.060001373291016,49.290000915527344,48.93000030517578,49.2599983215332,9607300.0
2017-01-04,49.97999954223633,50.279998779296875,49.97999954223633,50.25,10819600.0
2017-01-05,50.5099983215332,50.63999938964844,50.470001220703125,50.540000915527344,7376100.0
2017-01-06,50.40999984741211,50.560001373291016,50.369998931884766,50.459999084472656,3625700.0
2017-01-09,50.4900016784668,50.52000045776367,50.400001525878906,50.5099983215332,4773200.0
2017-01-10,50.31999969482422,50.470001220703125,50.279998779296875,50.31999969482422,5181400.0
2017-01-11,50.369998931884766,50.66999816894531,50.36000061035156,50.650001525878906,7432300.0
2017-01-12,50.560001373291016,50.599998474121094,50.279998779296875,50.56999969482422,8867800.0
2017-01-13,50.70000076293945,50.91999816894531,50.63999938964844,50.88999938964844,7652700.0
2017-01-17,50.33000183105469,50.470001220703125,50.220001220703125,50.31999969482422,8532300.0
2017-01-18,50.290000915527344,50.400001525878906,50.16999816894531,50.310001373291016,5031500.0
2017-01-19,50.279998779296875,50.310001373291016,50.02000045776367,50.16999816894531,5322300.0
2017-01-20,50.560001373291016,50.61000061035156,50.369998931884766,50.4900016784668,5806800.0
2017-01-23,50.369998931884766,50.599998474121094,50.33000183105469,50.52000045776367,9607100.0
2017-01-24,50.40999984741211,50.689998626708984,50.369998931884766,50.650001525878906,5980900.0
2017-01-25,50.88999938964844,51.189998626708984,50.84000015258789,51.18000030517578,14351200.0
2017-01-26,51.459999084472656,51.5,51.25,51.25,7892100.0
2017-01-27,50.97999954223633,51.02000045776367,50.7599983215332,50.83000183105469,6429300.0
2017-01-30,50.709999084472656,50.75,50.40999984741211,50.689998626708984,7351500.0
2017-01-31,50.58000183105469,50.650001525878906,50.31999969482422,50.56999969482422,10312800.0
2017-02-01,50.959999084472656,51.02000045776367,50.779998779296875,50.84000015258789,9633300.0
2017-02-02,50.689998626708984,50.849998474121094,50.630001068115234,50.81999969482422,4008400.0
2017-02-03,50.869998931884766,51.119998931884766,50.84000015258789,51.04999923706055,6329500.0
2017-02-06,50.79999923706055,50.9900016784668,50.720001220703125,50.970001220703125,3333000.0
2017-02-07,50.91999816894531,50.9900016784668,50.900001525878906,50.939998626708984,3109900.0
2017-02-08,51.11000061035156,51.130001068115234,51.0099983215332,51.09000015258789,3059300.0
2017-02-09,50.84000015258789,51.119998931884766,50.720001220703125,51.02000045776367,5790900.0
2017-02-10,51.29999923706055,51.41999816894531,51.2599983215332,51.380001068115234,4302900.0
2017-02-13,51.5,51.70000076293945,51.5,51.58000183105469,2734500.0
2017-02-14,51.09000015258789,51.2599983215332,50.88999938964844,51.209999084472656,8107900.0
2017-02-15,50.939998626708984,51.20000076293945,50.90999984741211,51.15999984741211,5581700.0
2017-02-16,51.08000183105469,51.22999954223633,50.9900016784668,51.220001220703125,7488500.0
2017-02-17,50.970001220703125,51.20000076293945,50.93000030517578,51.189998626708984,4522600.0
2017-02-21,51.4900016784668,51.70000076293945,51.4900016784668,51.619998931884766,4200200.0
2017-02-22,51.599998474121094,51.689998626708984,51.52000045776367,51.68000030517578,10714400.0
2017-02-23,51.720001220703125,51.7599983215332,51.529998779296875,51.630001068115234,4927200.0
2017-02-24,51.369998931884766,51.540000915527344,51.369998931884766,51.52000045776367,5574100.0
2017-02-27,51.2599983215332,51.369998931884766,51.209999084472656,51.36000061035156,3577400.0
2017-02-28,51.33000183105469,51.380001068115234,51.15999984741211,51.22999954223633,5878500.0
2017-03-01,51.689998626708984,51.970001220703125,51.65999984741211,51.83000183105469,6661400.0
2017-03-02,51.540000915527344,51.54999923706055,51.290000915527344,51.34000015258789,5496700.0
2017-03-03,51.290000915527344,51.38999938964844,51.18000030517578,51.369998931884766,4988500.0
2017-03-06,51.22999954223633,51.290000915527344,51.150001525878906,51.25,4109000.0
2017-03-07,51.209999084472656,51.290000915527344,51.130001068115234,51.130001068115234,4147700.0
2017-03-08,51.06999969482422,51.099998474121094,50.93000030517578,50.970001220703125,3220100.0
2017-03-09,50.86000061035156,51.0099983215332,50.84000015258789,50.970001220703125,3791500.0
2017-03-10,51.290000915527344,51.380001068115234,51.22999954223633,51.34000015258789,5086300.0
2017-03-13,51.58000183105469,51.650001525878906,51.529998779296875,51.599998474121094,4795600.0
2017-03-14,51.31999969482422,51.34000015258789,51.20000076293945,51.2400016784668,13286300.0
2017-03-15,51.34000015258789,51.880001068115234,51.33000183105469,51.7599983215332,9534500.0
2017-03-16,52.060001373291016,52.09000015258789,51.63999938964844,51.65999984741211,10675400.0
2017-03-17,51.79999923706055,51.90999984741211,51.7400016784668,51.83000183105469,5346900.0
2017-03-20,51.90999984741211,51.9900016784668,51.72999954223633,51.84000015258789,4450600.0
2017-03-21,51.9900016784668,52.0099983215332,51.369998931884766,51.439998626708984,10785800.0
2017-03-22,51.380001068115234,51.54999923706055,51.290000915527344,51.5099983215332,5885100.0
2017-03-23,51.439998626708984,51.689998626708984,51.38999938964844,51.54999923706055,5926000.0
2017-03-24,51.86000061035156,52.040000915527344,51.86000061035156,51.869998931884766,6053300.0
2017-03-27,51.650001525878906,51.970001220703125,51.61000061035156,51.900001525878906,5846000.0
2017-03-28,52.099998474121094,52.380001068115234,52.09000015258789,52.34000015258789,8114600.0
2017-03-29,52.189998626708984,52.279998779296875,52.16999816894531,52.27000045776367,5097300.0
2017-03-30,51.970001220703125,52.040000915527344,51.939998626708984,51.97999954223633,4347100.0
2017-03-31,51.31999969482422,51.52000045776367,51.290000915527344,51.5,6983600.0
2017-04-03,51.560001373291016,51.790000915527344,51.459999084472656,51.7599983215332,5719300.0
2017-04-04,51.47999954223633,51.66999816894531,51.380001068115234,51.58000183105469,12276900.0
2017-04-05,51.45000076293945,51.560001373291016,51.220001220703125,51.220001220703125,8765600.0
2017-04-06,50.84000015258789,50.970001220703125,50.810001373291016,50.959999084472656,4504200.0
2017-04-07,51.09000015258789,51.20000076293945,51.0,51.06999969482422,5140600.0
2017-04-10,50.900001525878906,51.0099983215332,50.849998474121094,50.95000076293945,3210600.0
2017-04-11,51.11000061035156,51.220001220703125,50.90999984741211,51.209999084472656,4957000.0
2017-04-12,50.970001220703125,51.099998474121094,50.880001068115234,51.040000915527344,4377500.0
2017-04-13,50.72999954223633,50.72999954223633,50.58000183105469,50.61000061035156,3676700.0
2017-04-17,51.06999969482422,51.20000076293945,51.040000915527344,51.150001525878906,5103400.0
2017-04-18,50.959999084472656,50.9900016784668,50.849998474121094,50.9900016784668,5455700.0
2017-04-19,51.11000061035156,51.13999938964844,50.900001525878906,50.959999084472656,4284500.0
2017-04-20,51.189998626708984,51.31999969482422,51.18000030517578,51.27000045776367,11182100.0
2017-04-21,51.45000076293945,51.5099983215332,51.40999984741211,51.459999084472656,6415500.0
2017-04-24,51.81999969482422,51.849998474121094,51.720001220703125,51.81999969482422,5117400.0
2017-04-25,52.04999923706055,52.150001525878906,51.9900016784668,52.0099983215332,3638500.0
2017-04-26,52.09000015258789,52.220001220703125,52.060001373291016,52.06999969482422,7508900.0
2017-04-27,52.130001068115234,52.16999816894531,52.02000045776367,52.11000061035156,7082200.0
2017-04-28,51.90999984741211,51.93000030517578,51.84000015258789,51.86000061035156,6285100.0
2017-05-01,52.04999923706055,52.11000061035156,51.9900016784668,52.060001373291016,3742200.0
2017-05-02,52.31999969482422,52.34000015258789,52.20000076293945,52.220001220703125,4027500.0
2017-05-03,52.150001525878906,52.439998626708984,52.08000183105469,52.349998474121094,4769000.0
2017-05-04,52.279998779296875,52.5,52.22999954223633,52.47999954223633,6380700.0
2017-05-05,52.540000915527344,52.790000915527344,52.5,52.77000045776367,5867500.0
2017-05-08,52.880001068115234,52.90999984741211,52.7599983215332,52.790000915527344,12056500.0
2017-05-09,52.63999938964844,52.68000030517578,52.540000915527344,52.619998931884766,7210500.0
2017-05-10,52.470001220703125,52.47999954223633,52.380001068115234,52.380001068115234,5114200.0
2017-05-11,52.31999969482422,52.349998474121094,52.220001220703125,52.2400016784668,6924500.0
2017-05-12,52.36000061035156,52.45000076293945,52.33000183105469,52.369998931884766,4669200.0
2017-05-15,52.52000045776367,52.599998474121094,52.4900016784668,52.52000045776367,4032000.0
2017-05-16,52.63999938964844,52.66999816894531,52.439998626708984,52.560001373291016,3930400.0
2017-05-17,52.599998474121094,52.66999816894531,52.43000030517578,52.47999954223633,7070000.0
2017-05-18,52.41999816894531,52.66999816894531,52.33000183105469,52.619998931884766,5130400.0
2017-05-19,52.869998931884766,53.08000183105469,52.83000183105469,53.04999923706055,6983600.0
2017-05-22,53.0,53.06999969482422,52.959999084472656,53.02000045776367,2777900.0
2017-05-23,53.13999938964844,53.18000030517578,53.06999969482422,53.09000015258789,3325900.0
2017-05-24,52.900001525878906,53.0099983215332,52.83000183105469,53.0099983215332,2855200.0
2017-05-25,53.09000015258789,53.189998626708984,53.04999923706055,53.150001525878906,2368300.0
2017-05-26,53.029998779296875,53.18000030517578,52.97999954223633,53.18000030517578,2553000.0
2017-05-30,53.2400016784668,53.369998931884766,53.20000076293945,53.290000915527344,3478600.0
2017-05-31,53.38999938964844,53.38999938964844,53.22999954223633,53.290000915527344,2829100.0
2017-06-01,53.70000076293945,53.779998779296875,53.619998931884766,53.77000045776367,6246200.0
2017-06-02,54.61000061035156,54.900001525878906,54.54999923706055,54.900001525878906,6194500.0
2017-06-05,54.68000030517578,54.7599983215332,54.650001525878906,54.689998626708984,3887200.0
2017-06-06,54.720001220703125,54.810001373291016,54.68000030517578,54.72999954223633,3551300.0
2017-06-07,54.81999969482422,54.84000015258789,54.68000030517578,54.709999084472656,2958700.0
2017-06-08,54.61000061035156,54.630001068115234,54.5,54.58000183105469,9928600.0
2017-06-09,54.150001525878906,54.34000015258789,53.91999816894531,54.09000015258789,8924600.0
2017-06-12,54.189998626708984,54.310001373291016,54.13999938964844,54.2599983215332,4420400.0
2017-06-13,54.4900016784668,54.58000183105469,54.45000076293945,54.560001373291016,3466300.0
2017-06-14,54.63999938964844,54.709999084472656,54.400001525878906,54.529998779296875,6849800.0
2017-06-15,53.86000061035156,54.04999923706055,53.75,54.0,10854700.0
2017-06-16,54.060001373291016,54.22999954223633,54.02000045776367,54.220001220703125,8192800.0
2017-06-19,54.34000015258789,54.43000030517578,54.29999923706055,54.38999938964844,8283100.0
2017-06-20,54.060001373291016,54.150001525878906,54.029998779296875,54.060001373291016,11767000.0
2017-06-21,53.97999954223633,54.0,53.90999984741211,53.97999954223633,7067600.0
2017-06-22,54.04999923706055,54.099998474121094,54.0,54.09000015258789,9905000.0
2017-06-23,54.0099983215332,54.08000183105469,53.959999084472656,54.04999923706055,3424500.0
2017-06-26,54.119998931884766,54.15999984741211,53.880001068115234,53.900001525878906,4722800.0
2017-06-27,53.88999938964844,53.900001525878906,53.720001220703125,53.77000045776367,3860200.0
2017-06-28,53.77000045776367,54.040000915527344,53.72999954223633,54.0099983215332,6797400.0
2017-06-29,53.77000045776367,53.849998474121094,53.27000045776367,53.470001220703125,7503100.0
2017-06-30,53.709999084472656,53.7599983215332,53.47999954223633,53.650001525878906,5430500.0
2017-07-03,53.59000015258789,53.599998474121094,53.349998474121094,53.38999938964844,6118200.0
2017-07-05,53.29999923706055,53.43000030517578,53.220001220703125,53.400001525878906,4338200.0
2017-07-06,53.099998474121094,53.099998474121094,52.93000030517578,53.0099983215332,22679800.0
2017-07-07,52.810001373291016,53.0,52.810001373291016,52.97999954223633,4266400.0
2017-07-10,52.84000015258789,52.959999084472656,52.810001373291016,52.84000015258789,6575200.0
2017-07-11,53.04999923706055,53.209999084472656,52.9900016784668,53.20000076293945,5612800.0
2017-07-12,53.4900016784668,53.61000061035156,53.4900016784668,53.56999969482422,4816300.0
2017-07-13,53.43000030517578,53.52000045776367,53.369998931884766,53.5,3427500.0
2017-07-14,53.709999084472656,53.720001220703125,53.529998779296875,53.630001068115234,5660000.0
2017-07-17,53.630001068115234,53.75,53.540000915527344,53.560001373291016,5914100.0
2017-07-18,53.779998779296875,53.86000061035156,53.75,53.84000015258789,5013300.0
2017-07-19,54.0,54.09000015258789,53.970001220703125,54.060001373291016,3381300.0
2017-07-20,54.2400016784668,54.349998474121094,54.18000030517578,54.2599983215332,5541700.0
2017-07-21,54.2400016784668,54.400001525878906,54.209999084472656,54.36000061035156,4299100.0
2017-07-24,54.25,54.27000045776367,54.099998474121094,54.25,2889100.0
2017-07-25,54.130001068115234,54.25,54.04999923706055,54.060001373291016,4581400.0
2017-07-26,54.099998474121094,54.2599983215332,53.97999954223633,54.2400016784668,5566000.0
2017-07-27,54.4900016784668,54.4900016784668,54.29999923706055,54.41999816894531,6378500.0
2017-07-28,54.40999984741211,54.599998474121094,54.380001068115234,54.58000183105469,2834100.0
2017-07-31,54.68000030517578,54.79999923706055,54.630001068115234,54.7599983215332,2854200.0
2017-08-01,55.209999084472656,55.279998779296875,55.08000183105469,55.08000183105469,4806800.0
2017-08-02,55.119998931884766,55.13999938964844,55.040000915527344,55.04999923706055,2426600.0
2017-08-03,55.060001373291016,55.25,55.04999923706055,55.189998626708984,8120600.0
2017-08-04,55.150001525878906,55.189998626708984,55.0,55.13999938964844,3911400.0
2017-08-07,54.9900016784668,55.13999938964844,54.970001220703125,55.119998931884766,2465200.0
2017-08-08,55.060001373291016,55.150001525878906,54.97999954223633,55.060001373291016,4645400.0
2017-08-09,54.77000045776367,54.77000045776367,54.63999938964844,54.720001220703125,8718900.0
2017-08-10,54.58000183105469,54.599998474121094,54.08000183105469,54.150001525878906,5540700.0
2017-08-11,54.16999816894531,54.2400016784668,54.060001373291016,54.06999969482422,5947500.0
2017-08-14,54.400001525878906,54.52000045776367,54.380001068115234,54.470001220703125,6447300.0
2017-08-15,54.4900016784668,54.529998779296875,54.36000061035156,54.400001525878906,3462900.0
2017-08-16,54.40999984741211,54.599998474121094,54.38999938964844,54.58000183105469,3427400.0
2017-08-17,54.529998779296875,54.58000183105469,54.20000076293945,54.209999084472656,6611700.0
2017-08-18,54.380001068115234,54.58000183105469,54.380001068115234,54.45000076293945,6361000.0
2017-08-21,54.33000183105469,54.380001068115234,54.22999954223633,54.33000183105469,2211000.0
2017-08-22,54.34000015258789,54.5099983215332,54.31999969482422,54.439998626708984,4637000.0
2017-08-23,54.459999084472656,54.5099983215332,54.369998931884766,54.459999084472656,3291300.0
2017-08-24,54.2599983215332,54.279998779296875,54.150001525878906,54.18000030517578,4043600.0
2017-08-25,54.310001373291016,54.470001220703125,54.2599983215332,54.36000061035156,3304800.0
2017-08-28,54.47999954223633,54.5,54.369998931884766,54.41999816894531,4363200.0
2017-08-29,54.380001068115234,54.47999954223633,54.310001373291016,54.310001373291016,5030700.0
2017-08-30,54.20000076293945,54.29999923706055,54.130001068115234,54.279998779296875,6055000.0
2017-08-31,54.5,54.77000045776367,54.5,54.709999084472656,3843500.0
2017-09-01,54.630001068115234,54.68000030517578,54.47999954223633,54.4900016784668,8467800.0
2017-09-05,54.2400016784668,54.310001373291016,54.040000915527344,54.25,7424700.0
2017-09-06,54.5,54.61000061035156,54.45000076293945,54.47999954223633,5569500.0
2017-09-07,54.83000183105469,54.91999816894531,54.720001220703125,54.79999923706055,4712700.0
2017-09-08,54.970001220703125,55.040000915527344,54.90999984741211,54.970001220703125,4794500.0
2017-09-11,55.31999969482422,55.43000030517578,55.20000076293945,55.220001220703125,3424400.0
2017-09-12,55.349998474121094,55.380001068115234,55.22999954223633,55.2599983215332,4144900.0
2017-09-13,55.189998626708984,55.209999084472656,55.04999923706055,55.150001525878906,4113900.0
2017-09-14,54.91999816894531,55.18000030517578,54.90999984741211,55.15999984741211,7461900.0
2017-09-15,55.15999984741211,55.2599983215332,55.04999923706055,55.2400016784668,7424100.0
2017-09-18,55.25,55.31999969482422,55.18000030517578,55.25,2442600.0
2017-09-19,55.58000183105469,55.61000061035156,55.439998626708984,55.56999969482422,4774900.0
2017-09-20,55.689998626708984,55.83000183105469,55.459999084472656,55.59000015258789,4057000.0
2017-09-21,55.47999954223633,55.47999954223633,55.34000015258789,55.369998931884766,7970100.0
2017-09-22,55.41999816894531,55.45000076293945,55.369998931884766,55.43000030517578,2191600.0
2017-09-25,55.470001220703125,55.59000015258789,55.43000030517578,55.54999923706055,10844800.0
2017-09-26,55.59000015258789,55.619998931884766,55.43000030517578,55.54999923706055,10876500.0
2017-09-27,55.470001220703125,55.689998626708984,55.439998626708984,55.65999984741211,5984400.0
2017-09-28,55.54999923706055,55.7599983215332,55.54999923706055,55.70000076293945,3715700.0
2017-09-29,55.70000076293945,55.75,55.58000183105469,55.709999084472656,6216000.0
2017-10-02,55.58000183105469,55.7400016784668,55.4900016784668,55.709999084472656,5263800.0
2017-10-03,55.75,56.04999923706055,55.709999084472656,56.040000915527344,10203500.0
2017-10-04,55.959999084472656,56.06999969482422,55.95000076293945,56.04999923706055,8985600.0
2017-10-05,55.95000076293945,56.040000915527344,55.90999984741211,56.02000045776367,4157700.0
2017-10-06,55.810001373291016,56.0099983215332,55.77000045776367,55.9900016784668,6568700.0
2017-10-09,56.130001068115234,56.15999984741211,56.040000915527344,56.060001373291016,2023100.0
2017-10-10,56.45000076293945,56.5,56.400001525878906,56.459999084472656,6366800.0
2017-10-11,56.630001068115234,56.779998779296875,56.61000061035156,56.75,8617300.0
2017-10-12,56.7400016784668,56.790000915527344,56.63999938964844,56.68000030517578,5687900.0
2017-10-13,57.279998779296875,57.380001068115234,57.209999084472656,57.380001068115234,8673800.0
2017-10-16,57.650001525878906,57.689998626708984,57.56999969482422,57.63999938964844,6732400.0
2017-10-17,57.470001220703125,57.599998474121094,57.400001525878906,57.58000183105469,5648900.0
2017-10-18,57.459999084472656,57.52000045776367,57.349998474121094,57.52000045776367,4427400.0
2017-10-19,57.189998626708984,57.400001525878906,57.150001525878906,57.38999938964844,5191600.0
2017-10-20,57.38999938964844,57.529998779296875,57.31999969482422,57.52000045776367,12762000.0
2017-10-23,57.84000015258789,57.84000015258789,57.630001068115234,57.65999984741211,11558400.0
2017-10-24,58.02000045776367,58.22999954223633,57.959999084472656,58.13999938964844,7840600.0
2017-10-25,57.810001373291016,57.810001373291016,57.5,57.66999816894531,11745900.0
2017-10-26,57.97999954223633,58.11000061035156,57.93000030517578,57.97999954223633,8200100.0
2017-10-27,58.279998779296875,58.43000030517578,58.16999816894531,58.41999816894531,5851100.0
2017-10-30,58.349998474121094,58.41999816894531,58.290000915527344,58.400001525878906,8848500.0
2017-10-31,58.4900016784668,58.66999816894531,58.400001525878906,58.650001525878906,7964000.0
2017-11-01,59.029998779296875,59.099998474121094,58.91999816894531,58.97999954223633,11338900.0
2017-11-02,58.880001068115234,59.06999969482422,58.72999954223633,59.04999923706055,13036100.0
2017-11-03,59.040000915527344,59.20000076293945,58.95000076293945,59.189998626708984,11671200.0
2017-11-06,58.970001220703125,59.189998626708984,58.95000076293945,59.18000030517578,5922500.0
2017-11-07,59.54999923706055,59.689998626708984,59.439998626708984,59.650001525878906,12258300.0
2017-11-08,60.06999969482422,60.150001525878906,60.0099983215332,60.02000045776367,7532000.0
2017-11-09,59.36000061035156,59.58000183105469,58.900001525878906,59.52000045776367,16277400.0
2017-11-10,59.08000183105469,59.20000076293945,58.939998626708984,59.08000183105469,8570900.0
2017-11-13,58.400001525878906,58.86000061035156,58.29999923706055,58.81999969482422,8794700.0
2017-11-14,58.58000183105469,58.75,58.459999084472656,58.5099983215332,7913900.0
2017-11-15,57.59000015258789,58.189998626708984,57.56999969482422,58.08000183105469,11177300.0
2017-11-16,58.70000076293945,59.099998474121094,58.65999984741211,58.97999954223633,9908600.0
2017-11-17,58.81999969482422,58.86000061035156,58.68000030517578,58.689998626708984,8133700.0
2017-11-20,58.95000076293945,59.099998474121094,58.880001068115234,58.97999954223633,4510000.0
2017-11-21,59.38999938964844,59.540000915527344,59.34000015258789,59.52000045776367,7870800.0
2017-11-22,59.59000015258789,59.650001525878906,59.33000183105469,59.560001373291016,7525700.0
2017-11-24,60.0099983215332,60.08000183105469,59.959999084472656,60.04999923706055,3142700.0
2017-11-27,59.93000030517578,60.0,59.779998779296875,59.790000915527344,6773700.0
2017-11-28,59.880001068115234,59.97999954223633,59.720001220703125,59.970001220703125,8704500.0
2017-11-29,60.09000015258789,60.099998474121094,59.720001220703125,59.849998474121094,6886500.0
2017-11-30,60.13999938964844,60.16999816894531,59.90999984741211,59.90999984741211,7539000.0
2017-12-01,59.68000030517578,59.75,59.209999084472656,59.63999938964844,14955600.0
2017-12-04,59.36000061035156,59.40999984741211,59.0,59.0099983215332,8669900.0
2017-12-05,59.279998779296875,59.459999084472656,59.13999938964844,59.15999984741211,10644500.0
2017-12-06,58.869998931884766,59.13999938964844,58.84000015258789,58.939998626708984,10637000.0
2017-12-07,59.209999084472656,59.52000045776367,59.16999816894531,59.31999969482422,7342000.0
2017-12-08,59.58000183105469,59.61000061035156,59.40999984741211,59.599998474121094,4325100.0
2017-12-11,59.68000030517578,59.810001373291016,59.650001525878906,59.79999923706055,4238300.0
2017-12-12,59.81999969482422,60.04999923706055,59.790000915527344,59.90999984741211,5723600.0
2017-12-13,59.91999816894531,60.2599983215332,59.91999816894531,60.150001525878906,10777200.0
2017-12-14,59.9900016784668,60.0099983215332,59.84000015258789,59.869998931884766,8703300.0
2017-12-15,59.86000061035156,60.0,59.790000915527344,59.900001525878906,12166400.0
2017-12-18,60.5099983215332,60.70000076293945,60.47999954223633,60.619998931884766,8738300.0
2017-12-19,59.84000015258789,59.88999938964844,59.58000183105469,59.61000061035156,6332600.0
2017-12-20,59.86000061035156,59.880001068115234,59.65999984741211,59.689998626708984,10671800.0
2017-12-21,59.79999923706055,59.95000076293945,59.720001220703125,59.72999954223633,5764600.0
2017-12-22,59.95000076293945,60.040000915527344,59.83000183105469,60.0099983215332,5740400.0
2017-12-26,60.0,60.040000915527344,59.939998626708984,60.040000915527344,2770300.0
2017-12-27,60.0099983215332,60.099998474121094,59.880001068115234,59.959999084472656,4542400.0
2017-12-28,59.97999954223633,60.0099983215332,59.81999969482422,59.81999969482422,3395400.0
2017-12-29,60.02000045776367,60.09000015258789,59.900001525878906,59.93000030517578,3730800.0
2018-01-02,60.08000183105469,60.31999969482422,60.0,60.290000915527344,8155600.0
2018-01-03,60.56999969482422,61.18000030517578,60.529998779296875,61.119998931884766,11572900.0
2018-01-04,61.709999084472656,61.939998626708984,61.650001525878906,61.869998931884766,10920600.0
2018-01-05,61.900001525878906,62.06999969482422,61.810001373291016,62.040000915527344,8861500.0
2018-01-08,62.310001373291016,62.43000030517578,62.209999084472656,62.400001525878906,8946800.0
2018-01-09,62.369998931884766,62.470001220703125,62.2400016784668,62.439998626708984,12793100.0
2018-01-10,62.81999969482422,62.91999816894531,62.68000030517578,62.84000015258789,10612500.0
2018-01-11,62.849998474121094,63.2599983215332,62.81999969482422,63.2599983215332,9085600.0
2018-01-12,62.95000076293945,63.470001220703125,62.88999938964844,63.459999084472656,27322400.0
2018-01-16,63.84000015258789,63.88999938964844,63.369998931884766,63.459999084472656,11655200.0
2018-01-17,63.77000045776367,64.16000366210938,63.709999084472656,63.970001220703125,10369000.0
2018-01-18,63.310001373291016,63.52000045776367,63.22999954223633,63.43000030517578,9960800.0
2018-01-19,63.93000030517578,63.93000030517578,63.66999816894531,63.83000183105469,8880700.0
2018-01-22,63.75,64.0999984741211,63.709999084472656,64.0999984741211,6676700.0
2018-01-23,64.4000015258789,64.58000183105469,64.29000091552734,64.48999786376953,11609700.0
2018-01-24,64.5999984741211,64.66999816894531,64.19000244140625,64.51000213623047,10669700.0
2018-01-25,64.37000274658203,64.45999908447266,64.01000213623047,64.19999694824219,10896400.0
2018-01-26,64.38999938964844,64.72000122070312,64.30999755859375,64.66999816894531,8646500.0
2018-01-29,64.20999908447266,64.2699966430664,64.01000213623047,64.12000274658203,9351700.0
2018-01-30,63.45000076293945,63.47999954223633,63.20000076293945,63.29999923706055,11122600.0
2018-01-31,63.119998931884766,63.20000076293945,62.84000015258789,62.939998626708984,10079700.0
2018-02-01,63.08000183105469,63.459999084472656,63.06999969482422,63.25,9062100.0
2018-02-02,62.91999816894531,62.970001220703125,62.310001373291016,62.31999969482422,9307800.0
2018-02-05,61.11000061035156,61.5,59.220001220703125,59.369998931884766,26956300.0
2018-02-06,59.72999954223633,60.95000076293945,59.630001068115234,60.810001373291016,38659100.0
2018-02-07,60.540000915527344,61.099998474121094,60.2599983215332,60.27000045776367,15371500.0
2018-02-08,60.31999969482422,60.34000015258789,58.470001220703125,58.47999954223633,20489400.0
2018-02-09,59.5099983215332,59.619998931884766,57.58000183105469,59.06999969482422,30034600.0
2018-02-12,59.650001525878906,60.40999984741211,59.459999084472656,60.220001220703125,11621100.0
2018-02-13,59.060001373291016,59.59000015258789,58.9900016784668,59.47999954223633,11725200.0
2018-02-14,59.04999923706055,60.41999816894531,58.970001220703125,60.380001068115234,18528800.0
2018-02-15,60.72999954223633,60.790000915527344,60.189998626708984,60.66999816894531,10381800.0
2018-02-16,61.279998779296875,61.66999816894531,61.2599983215332,61.599998474121094,11860800.0
2018-02-20,61.2599983215332,61.560001373291016,61.0,61.099998474121094,7871900.0
2018-02-21,61.09000015258789,61.369998931884766,60.47999954223633,60.4900016784668,6619600.0
2018-02-22,60.810001373291016,61.11000061035156,60.63999938964844,60.77000045776367,9825100.0
2018-02-23,61.2400016784668,61.65999984741211,61.130001068115234,61.65999984741211,7835400.0
2018-02-26,62.0099983215332,62.470001220703125,61.939998626708984,62.459999084472656,10646700.0
2018-02-27,62.18000030517578,62.33000183105469,61.59000015258789,61.61000061035156,9196400.0
2018-02-28,61.66999816894531,61.720001220703125,61.060001373291016,61.06999969482422,11535900.0
2018-03-01,60.29999923706055,60.52000045776367,59.2400016784668,59.29999923706055,29940700.0
2018-03-02,59.060001373291016,59.97999954223633,58.90999984741211,59.970001220703125,16979600.0
2018-03-05,59.47999954223633,60.310001373291016,59.45000076293945,60.2400016784668,12229800.0
2018-03-06,60.779998779296875,60.869998931884766,60.4900016784668,60.61000061035156,19478500.0
2018-03-07,60.02000045776367,60.290000915527344,59.779998779296875,60.099998474121094,7942100.0
2018-03-08,60.279998779296875,60.5099983215332,60.20000076293945,60.470001220703125,5578400.0
2018-03-09,60.15999984741211,60.650001525878906,60.08000183105469,60.619998931884766,7626700.0
2018-03-12,60.790000915527344,60.91999816894531,60.61000061035156,60.68000030517578,7665800.0
2018-03-13,61.040000915527344,61.20000076293945,60.43000030517578,60.58000183105469,13739500.0
2018-03-14,61.029998779296875,61.060001373291016,60.59000015258789,60.84000015258789,6697700.0
2018-03-15,61.119998931884766,61.2400016784668,60.81999969482422,60.959999084472656,6143200.0
2018-03-16,60.630001068115234,60.810001373291016,60.54999923706055,60.689998626708984,5867300.0
2018-03-19,60.16999816894531,60.20000076293945,59.279998779296875,59.65999984741211,9367300.0
2018-03-20,59.970001220703125,60.150001525878906,59.869998931884766,60.0,12449500.0
2018-03-21,59.939998626708984,60.38999938964844,59.83000183105469,60.08000183105469,6881800.0
2018-03-22,60.099998474121094,60.18000030517578,59.47999954223633,59.529998779296875,12594000.0
2018-03-23,59.13999938964844,59.29999923706055,58.27000045776367,58.279998779296875,17184500.0
2018-03-26,58.880001068115234,59.13999938964844,58.47999954223633,59.11000061035156,10750700.0
2018-03-27,60.18000030517578,60.220001220703125,59.119998931884766,59.25,19872000.0
2018-03-28,59.970001220703125,60.25,59.630001068115234,59.91999816894531,14198800.0
2018-03-29,60.290000915527344,60.9900016784668,60.189998626708984,60.68000030517578,13085600.0
2018-04-02,60.06999969482422,60.189998626708984,59.2599983215332,59.459999084472656,10854200.0
2018-04-03,60.02000045776367,60.209999084472656,59.75,60.209999084472656,9157500.0
2018-04-04,59.349998474121094,60.29999923706055,59.29999923706055,60.27000045776367,9602200.0
2018-04-05,60.470001220703125,60.72999954223633,60.400001525878906,60.56999969482422,8220500.0
2018-04-06,60.06999969482422,60.22999954223633,59.400001525878906,59.619998931884766,10464500.0
2018-04-09,60.25,60.599998474121094,60.13999938964844,60.150001525878906,6450800.0
2018-04-10,60.5,60.619998931884766,60.29999923706055,60.47999954223633,8930200.0
2018-04-11,60.279998779296875,60.68000030517578,60.2599983215332,60.33000183105469,4583000.0
2018-04-12,60.130001068115234,60.38999938964844,60.119998931884766,60.22999954223633,6153100.0
2018-04-13,60.33000183105469,60.34000015258789,60.040000915527344,60.22999954223633,4099600.0
2018-04-16,60.54999923706055,60.560001373291016,60.349998474121094,60.400001525878906,6153200.0
2018-04-17,60.459999084472656,60.790000915527344,60.36000061035156,60.630001068115234,4759600.0
2018-04-18,61.0,61.13999938964844,60.970001220703125,61.040000915527344,6430600.0
2018-04-19,60.790000915527344,60.880001068115234,60.630001068115234,60.810001373291016,4764300.0
2018-04-20,60.84000015258789,60.869998931884766,60.619998931884766,60.689998626708984,3804300.0
2018-04-23,60.63999938964844,60.689998626708984,60.400001525878906,60.61000061035156,8116000.0
2018-04-24,60.790000915527344,60.84000015258789,60.220001220703125,60.38999938964844,7217800.0
2018-04-25,60.58000183105469,60.650001525878906,60.36000061035156,60.58000183105469,5661900.0
2018-04-26,60.880001068115234,61.0,60.779998779296875,60.95000076293945,7393800.0
2018-04-27,60.959999084472656,61.02000045776367,60.7599983215332,60.779998779296875,4887900.0
2018-04-30,60.869998931884766,61.09000015258789,60.619998931884766,60.63999938964844,5715100.0
2018-05-01,60.54999923706055,60.66999816894531,60.36000061035156,60.59000015258789,7587000.0
2018-05-02,60.33000183105469,60.54999923706055,60.18000030517578,60.22999954223633,6736700.0
2018-05-03,60.16999816894531,60.439998626708984,59.810001373291016,60.290000915527344,11913800.0
2018-05-04,60.130001068115234,60.81999969482422,60.02000045776367,60.72999954223633,4642000.0
2018-05-07,60.72999954223633,60.869998931884766,60.70000076293945,60.79999923706055,5366500.0
2018-05-08,60.84000015258789,61.0099983215332,60.81999969482422,60.9900016784668,6810700.0
2018-05-09,60.290000915527344,60.5099983215332,60.22999954223633,60.470001220703125,7328600.0
2018-05-10,60.7400016784668,60.95000076293945,60.70000076293945,60.81999969482422,6175600.0
2018-05-11,61.290000915527344,61.33000183105469,61.220001220703125,61.279998779296875,8750200.0
2018-05-14,61.54999923706055,61.65999984741211,61.4900016784668,61.619998931884766,3633100.0
2018-05-15,61.11000061035156,61.119998931884766,60.939998626708984,60.9900016784668,5468000.0
2018-05-16,61.099998474121094,61.290000915527344,61.040000915527344,61.16999816894531,3766700.0
2018-05-17,61.13999938964844,61.34000015258789,61.06999969482422,61.15999984741211,4411700.0
2018-05-18,61.13999938964844,61.16999816894531,61.0,61.0099983215332,4193700.0
2018-05-21,60.9900016784668,61.119998931884766,60.970001220703125,61.08000183105469,2702600.0
2018-05-22,61.099998474121094,61.130001068115234,60.880001068115234,60.939998626708984,3405100.0
2018-05-23,60.56999969482422,60.720001220703125,60.40999984741211,60.70000076293945,7457900.0
2018-05-24,60.41999816894531,60.47999954223633,59.900001525878906,60.33000183105469,13661700.0
2018-05-25,60.18000030517578,60.27000045776367,60.04999923706055,60.130001068115234,7696200.0
2018-05-29,59.779998779296875,59.91999816894531,59.599998474121094,59.72999954223633,12982100.0
2018-05-30,59.86000061035156,60.20000076293945,59.79999923706055,60.150001525878906,8499600.0
2018-05-31,59.9900016784668,59.9900016784668,59.619998931884766,59.7400016784668,6761200.0
2018-06-01,60.130001068115234,60.22999954223633,60.029998779296875,60.150001525878906,5628900.0
2018-06-04,60.66999816894531,60.72999954223633,60.5,60.5099983215332,6076100.0
2018-06-05,60.43000030517578,60.459999084472656,60.310001373291016,60.400001525878906,5892300.0
2018-06-06,60.5,60.68000030517578,60.41999816894531,60.65999984741211,5358100.0
2018-06-07,60.900001525878906,60.93000030517578,60.619998931884766,60.65999984741211,5250000.0
2018-06-08,60.66999816894531,60.900001525878906,60.650001525878906,60.84000015258789,7231700.0
2018-06-11,61.029998779296875,61.18000030517578,60.9900016784668,61.029998779296875,7241600.0
2018-06-12,60.779998779296875,60.86000061035156,60.61000061035156,60.650001525878906,5118000.0
2018-06-13,60.84000015258789,60.90999984741211,60.5099983215332,60.70000076293945,5162400.0
2018-06-14,60.720001220703125,60.79999923706055,60.59000015258789,60.63999938964844,5550100.0
2018-06-15,60.36000061035156,60.400001525878906,60.060001373291016,60.31999969482422,7903700.0
2018-06-18,59.72999954223633,59.900001525878906,59.68000030517578,59.880001068115234,6874700.0
2018-06-19,58.720001220703125,58.81999969482422,58.59000015258789,58.790000915527344,10182500.0
2018-06-20,58.9900016784668,59.029998779296875,58.68000030517578,58.810001373291016,6691500.0
2018-06-21,58.63999938964844,58.810001373291016,58.45000076293945,58.59000015258789,8501400.0
2018-06-22,59.119998931884766,59.189998626708984,58.869998931884766,58.880001068115234,5447200.0
2018-06-25,58.47999954223633,58.5,57.93000030517578,58.08000183105469,15485700.0
2018-06-26,58.459999084472656,58.58000183105469,58.20000076293945,58.41999816894531,9475600.0
2018-06-27,58.369998931884766,58.59000015258789,57.939998626708984,58.029998779296875,12597500.0
2018-06-28,57.95000076293945,58.150001525878906,57.79999923706055,58.099998474121094,9721900.0
2018-06-29,57.959999084472656,58.11000061035156,57.84000015258789,57.90999984741211,5585400.0
2018-07-02,56.68000030517578,57.04999923706055,56.630001068115234,56.9900016784668,7963000.0
2018-07-03,57.16999816894531,57.189998626708984,56.869998931884766,56.91999816894531,5659500.0
2018-07-05,56.84000015258789,56.90999984741211,56.70000076293945,56.83000183105469,15065700.0
2018-07-06,57.0,57.34000015258789,56.93000030517578,57.20000076293945,4857400.0
2018-07-09,57.83000183105469,58.02000045776367,57.7599983215332,57.9900016784668,7827800.0
2018-07-10,57.70000076293945,57.810001373291016,57.65999984741211,57.77000045776367,4999200.0
2018-07-11,57.20000076293945,57.36000061035156,56.77000045776367,56.970001220703125,12403800.0
2018-07-12,57.0,57.060001373291016,56.84000015258789,57.029998779296875,6461900.0
2018-07-13,57.470001220703125,57.59000015258789,57.33000183105469,57.560001373291016,5587700.0
2018-07-16,57.68000030517578,57.7400016784668,57.56999969482422,57.58000183105469,6053000.0
2018-07-17,57.869998931884766,58.119998931884766,57.81999969482422,58.09000015258789,7624200.0
2018-07-18,57.959999084472656,58.16999816894531,57.93000030517578,58.0,6826300.0
2018-07-19,57.779998779296875,58.06999969482422,57.7400016784668,58.0099983215332,7851500.0
2018-07-20,57.91999816894531,58.20000076293945,57.88999938964844,58.189998626708984,4982400.0
2018-07-23,58.439998626708984,58.52000045776367,58.369998931884766,58.47999954223633,3385600.0
2018-07-24,58.88999938964844,58.97999954223633,58.63999938964844,58.720001220703125,6619800.0
2018-07-25,58.83000183105469,59.33000183105469,58.72999954223633,59.099998474121094,15669800.0
2018-07-26,59.349998474121094,59.470001220703125,59.189998626708984,59.25,5442800.0
2018-07-27,59.619998931884766,59.72999954223633,59.380001068115234,59.43000030517578,7331400.0
2018-07-30,59.34000015258789,59.380001068115234,58.939998626708984,58.97999954223633,7881000.0
2018-07-31,58.529998779296875,58.81999969482422,58.470001220703125,58.529998779296875,8639300.0
2018-08-01,58.97999954223633,59.06999969482422,58.77000045776367,58.90999984741211,5216800.0
2018-08-02,58.41999816894531,58.619998931884766,58.369998931884766,58.58000183105469,3491400.0
2018-08-03,58.22999954223633,58.58000183105469,58.189998626708984,58.56999969482422,6240400.0
2018-08-06,58.040000915527344,58.189998626708984,58.0099983215332,58.130001068115234,4840600.0
2018-08-07,58.66999816894531,58.709999084472656,58.54999923706055,58.619998931884766,4485900.0
2018-08-08,58.61000061035156,58.68000030517578,58.4900016784668,58.560001373291016,2596400.0
2018-08-09,58.470001220703125,58.56999969482422,58.310001373291016,58.34000015258789,4577700.0
2018-08-10,57.630001068115234,57.65999984741211,57.38999938964844,57.5,6125900.0
2018-08-13,57.25,57.31999969482422,57.040000915527344,57.15999984741211,5280000.0
2018-08-14,57.38999938964844,57.459999084472656,57.2400016784668,57.38999938964844,4853700.0
2018-08-15,56.7599983215332,56.81999969482422,56.45000076293945,56.689998626708984,7432300.0
2018-08-16,56.88999938964844,57.099998474121094,56.86000061035156,57.0,7950000.0
2018-08-17,57.060001373291016,57.369998931884766,56.9900016784668,57.189998626708984,5623800.0
2018-08-20,57.349998474121094,57.5,57.29999923706055,57.41999816894531,2877500.0
2018-08-21,57.36000061035156,57.5099983215332,57.33000183105469,57.40999984741211,6517600.0
2018-08-22,57.65999984741211,57.83000183105469,57.63999938964844,57.650001525878906,4011600.0
2018-08-23,57.31999969482422,57.4900016784668,57.29999923706055,57.40999984741211,4892400.0
2018-08-24,57.459999084472656,57.68000030517578,57.439998626708984,57.61000061035156,4424100.0
2018-08-27,58.220001220703125,58.47999954223633,58.209999084472656,58.47999954223633,6071400.0
2018-08-28,58.41999816894531,58.459999084472656,58.279998779296875,58.29999923706055,3293900.0
2018-08-29,58.43000030517578,58.56999969482422,58.380001068115234,58.5099983215332,3756000.0
2018-08-30,58.15999984741211,58.25,57.95000076293945,58.099998474121094,5631900.0
2018-08-31,58.220001220703125,58.36000061035156,58.0099983215332,58.220001220703125,3830500.0
2018-09-04,57.459999084472656,57.540000915527344,57.33000183105469,57.5,8132200.0
2018-09-05,56.90999984741211,56.970001220703125,56.7400016784668,56.88999938964844,11278300.0
2018-09-06,56.83000183105469,57.02000045776367,56.689998626708984,57.02000045776367,6354900.0
2018-09-07,56.75,56.869998931884766,56.560001373291016,56.66999816894531,6414600.0
2018-09-10,56.88999938964844,56.95000076293945,56.720001220703125,56.79999923706055,4824400.0
2018-09-11,56.689998626708984,56.97999954223633,56.689998626708984,56.91999816894531,4666800.0
2018-09-12,56.88999938964844,57.06999969482422,56.75,57.029998779296875,5136000.0
2018-09-13,57.75,57.77000045776367,57.40999984741211,57.470001220703125,4818400.0
2018-09-14,58.130001068115234,58.209999084472656,57.970001220703125,58.119998931884766,9300000.0
2018-09-17,58.43000030517578,58.5,58.119998931884766,58.150001525878906,4911600.0
2018-09-18,59.13999938964844,59.72999954223633,59.130001068115234,59.540000915527344,11708100.0
2018-09-19,59.72999954223633,59.91999816894531,59.70000076293945,59.75,12252700.0
2018-09-20,59.939998626708984,60.029998779296875,59.81999969482422,59.90999984741211,10318100.0
2018-09-21,59.86000061035156,60.150001525878906,59.79999923706055,60.040000915527344,6713300.0
2018-09-24,59.849998474121094,59.900001525878906,59.720001220703125,59.77000045776367,6442000.0
2018-09-25,60.380001068115234,60.43000030517578,60.18000030517578,60.220001220703125,7482500.0
2018-09-26,60.5099983215332,60.720001220703125,60.459999084472656,60.5099983215332,11884700.0
2018-09-27,60.15999984741211,60.599998474121094,60.130001068115234,60.349998474121094,7470400.0
2018-09-28,60.150001525878906,60.40999984741211,60.08000183105469,60.22999954223633,6219900.0
2018-10-01,60.47999954223633,60.83000183105469,60.47999954223633,60.63999938964844,11197700.0
2018-10-02,60.290000915527344,60.599998474121094,60.189998626708984,60.5,8792700.0
2018-10-03,60.08000183105469,60.13999938964844,59.880001068115234,59.970001220703125,10503500.0
2018-10-04,59.529998779296875,59.56999969482422,58.84000015258789,59.15999984741211,8499200.0
2018-10-05,59.33000183105469,59.5,58.90999984741211,59.16999816894531,11280600.0
2018-10-08,59.02000045776367,59.5,58.869998931884766,59.43000030517578,11538100.0
2018-10-09,58.650001525878906,59.16999816894531,58.540000915527344,59.09000015258789,14512700.0
2018-10-10,58.900001525878906,58.900001525878906,57.529998779296875,57.63999938964844,20029900.0
2018-10-11,57.220001220703125,57.58000183105469,56.20000076293945,56.599998474121094,29452500.0
2018-10-12,56.70000076293945,56.84000015258789,56.029998779296875,56.72999954223633,24204700.0
2018-10-15,56.31999969482422,56.869998931884766,56.13999938964844,56.560001373291016,11008400.0
2018-10-16,57.150001525878906,57.720001220703125,57.13999938964844,57.61000061035156,9846400.0
2018-10-17,57.61000061035156,57.70000076293945,57.2400016784668,57.56999969482422,14919500.0
2018-10-18,57.18000030517578,57.290000915527344,56.279998779296875,56.529998779296875,14608100.0
2018-10-19,56.849998474121094,57.15999984741211,56.529998779296875,56.650001525878906,8679500.0
2018-10-22,56.66999816894531,56.709999084472656,56.189998626708984,56.29999923706055,7296500.0
2018-10-23,55.130001068115234,55.84000015258789,54.7599983215332,55.650001525878906,16258200.0
2018-10-24,55.15999984741211,55.2400016784668,53.84000015258789,53.869998931884766,14193300.0
2018-10-25,54.349998474121094,54.91999816894531,54.119998931884766,54.66999816894531,11564800.0
2018-10-26,53.7400016784668,54.310001373291016,53.20000076293945,53.970001220703125,22271900.0
2018-10-29,54.189998626708984,54.400001525878906,53.0,53.470001220703125,14218700.0
2018-10-30,53.81999969482422,54.349998474121094,53.709999084472656,54.310001373291016,14710300.0
2018-10-31,54.84000015258789,55.06999969482422,54.709999084472656,54.84000015258789,9942700.0
2018-11-01,54.4900016784668,54.72999954223633,54.310001373291016,54.709999084472656,8843500.0
2018-11-02,55.38999938964844,55.47999954223633,54.65999984741211,55.02000045776367,14330300.0
2018-11-05,54.86000061035156,55.04999923706055,54.7599983215332,54.81999969482422,7455100.0
2018-11-06,55.33000183105469,55.5,55.209999084472656,55.439998626708984,6607600.0
2018-11-07,55.63999938964844,56.060001373291016,55.470001220703125,56.02000045776367,6617700.0
2018-11-08,55.81999969482422,55.88999938964844,55.47999954223633,55.65999984741211,5957700.0
2018-11-09,55.08000183105469,55.15999984741211,54.849998474121094,55.099998474121094,5961400.0
2018-11-12,55.029998779296875,55.029998779296875,54.27000045776367,54.349998474121094,8666300.0
2018-11-13,54.08000183105469,54.59000015258789,53.93000030517578,54.150001525878906,12614500.0
2018-11-14,54.630001068115234,54.689998626708984,54.06999969482422,54.34000015258789,11159800.0
2018-11-15,54.220001220703125,54.7400016784668,54.02000045776367,54.65999984741211,17022100.0
2018-11-16,54.2400016784668,54.83000183105469,54.18000030517578,54.70000076293945,7463600.0
2018-11-19,54.880001068115234,54.880001068115234,54.33000183105469,54.459999084472656,13307100.0
2018-11-20,53.83000183105469,54.060001373291016,53.45000076293945,53.459999084472656,12685200.0
2018-11-21,54.220001220703125,54.56999969482422,54.150001525878906,54.279998779296875,7393500.0
2018-11-23,54.040000915527344,54.34000015258789,54.040000915527344,54.08000183105469,3632400.0
2018-11-26,54.720001220703125,54.90999984741211,54.619998931884766,54.810001373291016,10030500.0
2018-11-27,54.709999084472656,54.83000183105469,54.54999923706055,54.7599983215332,9327400.0
2018-11-28,55.02000045776367,55.56999969482422,54.75,55.47999954223633,10386600.0
2018-11-29,55.290000915527344,55.47999954223633,55.11000061035156,55.290000915527344,6910800.0
2018-11-30,55.29999923706055,55.470001220703125,55.2400016784668,55.34000015258789,6369100.0
2018-12-03,56.20000076293945,56.220001220703125,55.86000061035156,56.09000015258789,11254600.0
2018-12-04,55.27000045776367,55.34000015258789,53.959999084472656,54.02000045776367,15363600.0
2018-12-06,53.43000030517578,54.02000045776367,52.84000015258789,53.939998626708984,27539600.0
2018-12-07,54.02000045776367,54.22999954223633,53.33000183105469,53.540000915527344,17163800.0
2018-12-10,53.18000030517578,53.34000015258789,52.470001220703125,53.130001068115234,18181200.0
2018-12-11,53.310001373291016,53.45000076293945,52.72999954223633,53.09000015258789,14283000.0
2018-12-12,53.880001068115234,54.119998931884766,53.720001220703125,53.72999954223633,11280800.0
2018-12-13,53.75,53.869998931884766,53.470001220703125,53.56999969482422,11967900.0
2018-12-14,52.91999816894531,53.209999084472656,52.880001068115234,52.959999084472656,15726900.0
2018-12-17,52.959999084472656,53.029998779296875,52.310001373291016,52.540000915527344,21004400.0
2018-12-18,52.45000076293945,52.650001525878906,52.08000183105469,52.279998779296875,15129200.0
2018-12-19,52.08000183105469,52.68000030517578,51.27000045776367,51.5099983215332,24112500.0
2018-12-20,51.33000183105469,51.47999954223633,50.83000183105469,51.2400016784668,22901600.0
2018-12-21,50.04999923706055,55.54999923706055,49.56999969482422,49.65999984741211,24613600.0
2018-12-24,49.34000015258789,49.650001525878906,48.9900016784668,49.119998931884766,16386600.0
2018-12-26,49.650001525878906,50.20000076293945,49.08000183105469,50.04999923706055,28378500.0
2018-12-27,49.970001220703125,50.77000045776367,49.59000015258789,50.720001220703125,24602600.0
2018-12-28,51.0099983215332,51.060001373291016,50.56999969482422,50.779998779296875,17348000.0
2018-12-31,51.060001373291016,51.18000030517578,50.54999923706055,50.689998626708984,10691200.0
2019-01-02,50.13999938964844,51.13999938964844,50.130001068115234,51.040000915527344,12513000.0
2019-01-03,51.08000183105469,51.16999816894531,50.439998626708984,50.75,10740200.0
2019-01-04,51.41999816894531,52.54999923706055,51.34000015258789,52.470001220703125,18702400.0
2019-01-07,52.459999084472656,52.97999954223633,52.36000061035156,52.599998474121094,8639900.0
2019-01-08,53.02000045776367,53.02000045776367,52.630001068115234,52.849998474121094,7369700.0
2019-01-09,53.11000061035156,53.29999923706055,52.900001525878906,53.13999938964844,14208800.0
2019-01-10,52.95000076293945,53.470001220703125,52.880001068115234,53.459999084472656,8570400.0
2019-01-11,52.900001525878906,52.959999084472656,52.7400016784668,52.84000015258789,8089000.0
2019-01-14,52.54999923706055,52.900001525878906,52.5099983215332,52.650001525878906,8501000.0
2019-01-15,53.2599983215332,53.4900016784668,53.119998931884766,53.290000915527344,10353200.0
2019-01-16,53.439998626708984,53.65999984741211,53.349998474121094,53.54999923706055,15809600.0
2019-01-17,53.02000045776367,53.630001068115234,53.02000045776367,53.439998626708984,7931700.0
2019-01-18,54.06999969482422,54.220001220703125,53.880001068115234,54.150001525878906,9174400.0
2019-01-22,53.529998779296875,53.54999923706055,52.97999954223633,53.18000030517578,14400900.0
2019-01-23,53.36000061035156,53.43000030517578,52.849998474121094,53.029998779296875,6704900.0
2019-01-24,53.290000915527344,53.45000076293945,53.20000076293945,53.34000015258789,5971900.0
2019-01-25,53.900001525878906,54.06999969482422,53.72999954223633,53.91999816894531,7068300.0
2019-01-28,53.470001220703125,53.58000183105469,53.349998474121094,53.529998779296875,4877600.0
2019-01-29,53.81999969482422,53.93000030517578,53.58000183105469,53.58000183105469,9632700.0
2019-01-30,53.779998779296875,54.439998626708984,53.689998626708984,54.18000030517578,7910900.0
2019-01-31,54.20000076293945,54.400001525878906,54.11000061035156,54.279998779296875,9164300.0
2019-02-01,54.130001068115234,54.209999084472656,53.880001068115234,54.060001373291016,8884600.0
2019-02-04,54.0,54.27000045776367,53.939998626708984,54.18000030517578,6078800.0
2019-02-05,54.43000030517578,54.529998779296875,54.310001373291016,54.400001525878906,10136700.0
2019-02-06,54.11000061035156,54.189998626708984,53.869998931884766,53.95000076293945,4701600.0
2019-02-07,53.439998626708984,53.5099983215332,53.02000045776367,53.20000076293945,9382200.0
2019-02-08,52.5,52.779998779296875,52.43000030517578,52.72999954223633,10256200.0
2019-02-11,52.779998779296875,52.84000015258789,52.63999938964844,52.779998779296875,5113800.0
2019-02-12,53.65999984741211,53.790000915527344,53.619998931884766,53.709999084472656,11083600.0
2019-02-13,54.0099983215332,54.09000015258789,53.81999969482422,53.84000015258789,6943600.0
2019-02-14,53.790000915527344,53.939998626708984,53.560001373291016,53.79999923706055,9840800.0
2019-02-15,54.209999084472656,54.56999969482422,54.13999938964844,54.4900016784668,7031100.0
2019-02-19,54.40999984741211,54.7400016784668,54.369998931884766,54.58000183105469,6284300.0
2019-02-20,54.75,54.880001068115234,54.59000015258789,54.63999938964844,9551600.0
2019-02-21,54.619998931884766,54.68000030517578,54.45000076293945,54.560001373291016,5756300.0
2019-02-22,54.709999084472656,54.849998474121094,54.63999938964844,54.68000030517578,5311600.0
2019-02-25,55.150001525878906,55.22999954223633,54.939998626708984,54.9900016784668,6752200.0
2019-02-26,55.0099983215332,55.36000061035156,55.0,55.18000030517578,12408600.0
2019-02-27,54.970001220703125,55.040000915527344,54.79999923706055,54.88999938964844,6129900.0
2019-02-28,54.5099983215332,54.58000183105469,54.29999923706055,54.36000061035156,11033600.0
2019-03-01,54.5099983215332,54.58000183105469,54.2599983215332,54.52000045776367,5450000.0
2019-03-04,54.56999969482422,54.630001068115234,54.189998626708984,54.349998474121094,7998900.0
2019-03-05,54.40999984741211,54.56999969482422,54.310001373291016,54.400001525878906,9105600.0
2019-03-06,54.27000045776367,54.29999923706055,54.06999969482422,54.08000183105469,11817400.0
2019-03-07,53.83000183105469,53.849998474121094,53.34000015258789,53.439998626708984,12909700.0
2019-03-08,52.95000076293945,53.369998931884766,52.93000030517578,53.349998474121094,8759600.0
2019-03-11,53.52000045776367,53.97999954223633,53.4900016784668,53.93000030517578,13081100.0
2019-03-12,54.11000061035156,54.22999954223633,54.0,54.060001373291016,9768000.0
2019-03-13,54.02000045776367,54.400001525878906,54.0,54.27000045776367,7653900.0
2019-03-14,53.65999984741211,53.79999923706055,53.56999969482422,53.689998626708984,7164700.0
2019-03-15,54.13999938964844,54.380001068115234,54.06999969482422,54.310001373291016,8027000.0
2019-03-18,54.41999816894531,54.5,54.33000183105469,54.459999084472656,7066000.0
2019-03-19,54.619998931884766,54.689998626708984,54.380001068115234,54.47999954223633,7055000.0
2019-03-20,54.349998474121094,54.79999923706055,54.18000030517578,54.5099983215332,9840100.0
2019-03-21,54.36000061035156,54.88999938964844,54.34000015258789,54.869998931884766,7609000.0
2019-03-22,54.720001220703125,54.75,54.220001220703125,54.279998779296875,12285000.0
2019-03-25,53.9900016784668,54.310001373291016,53.88999938964844,54.310001373291016,9855800.0
2019-03-26,55.13999938964844,55.209999084472656,54.779998779296875,54.90999984741211,10900300.0
2019-03-27,55.0,55.099998474121094,54.47999954223633,54.720001220703125,13153800.0
2019-03-28,54.650001525878906,54.790000915527344,54.4900016784668,54.75,5174700.0
2019-03-29,54.779998779296875,54.79999923706055,54.61000061035156,54.720001220703125,8365900.0
2019-04-01,55.220001220703125,55.4900016784668,55.13999938964844,55.40999984741211,9718700.0
2019-04-02,55.040000915527344,55.119998931884766,54.95000076293945,55.029998779296875,5519500.0
2019-04-03,55.4900016784668,55.529998779296875,55.25,55.36000061035156,4111400.0
2019-04-04,55.20000076293945,55.33000183105469,55.189998626708984,55.33000183105469,6523500.0
2019-04-05,55.29999923706055,55.41999816894531,55.2599983215332,55.369998931884766,7524500.0
2019-04-08,55.2400016784668,55.279998779296875,55.09000015258789,55.2400016784668,4490800.0
2019-04-09,55.08000183105469,55.119998931884766,54.880001068115234,54.939998626708984,3865300.0
2019-04-10,54.97999954223633,55.040000915527344,54.869998931884766,54.95000076293945,8334700.0
2019-04-11,54.810001373291016,54.849998474121094,54.619998931884766,54.779998779296875,9612000.0
2019-04-12,55.060001373291016,55.099998474121094,54.939998626708984,55.060001373291016,5522400.0
2019-04-15,55.150001525878906,55.16999816894531,55.02000045776367,55.04999923706055,7514500.0
2019-04-16,55.45000076293945,55.47999954223633,55.27000045776367,55.27000045776367,5006000.0
2019-04-17,55.459999084472656,55.47999954223633,55.27000045776367,55.27000045776367,9050600.0
2019-04-18,55.400001525878906,55.45000076293945,55.2599983215332,55.349998474121094,16317500.0
2019-04-22,55.0,55.18000030517578,55.0,55.150001525878906,3447800.0
2019-04-23,55.150001525878906,55.47999954223633,55.130001068115234,55.459999084472656,4663800.0
2019-04-24,54.88999938964844,54.939998626708984,54.75,54.779998779296875,7977900.0
2019-04-25,55.0099983215332,55.099998474121094,54.86000061035156,54.900001525878906,7679900.0
2019-04-26,55.2400016784668,55.43000030517578,55.130001068115234,55.400001525878906,5527100.0
2019-04-29,55.47999954223633,55.650001525878906,55.40999984741211,55.619998931884766,7006900.0
2019-04-30,55.619998931884766,55.619998931884766,55.349998474121094,55.41999816894531,10960200.0
2019-05-01,55.470001220703125,55.689998626708984,55.16999816894531,55.22999954223633,8875200.0
2019-05-02,55.220001220703125,55.40999984741211,55.02000045776367,55.25,8557900.0
2019-05-03,55.5099983215332,55.9900016784668,55.5099983215332,55.959999084472656,5549700.0
2019-05-06,54.83000183105469,55.43000030517578,54.810001373291016,55.38999938964844,10520600.0
2019-05-07,54.88999938964844,54.970001220703125,54.220001220703125,54.380001068115234,16407100.0
2019-05-08,53.939998626708984,54.220001220703125,53.86000061035156,54.04999923706055,13189000.0
2019-05-09,53.31999969482422,53.77000045776367,53.09000015258789,53.70000076293945,9657600.0
2019-05-10,53.59000015258789,54.09000015258789,53.18000030517578,54.06999969482422,8129200.0
2019-05-13,53.189998626708984,53.2400016784668,52.7599983215332,52.849998474121094,13771100.0
2019-05-14,53.4900016784668,53.709999084472656,53.41999816894531,53.59000015258789,6981000.0
2019-05-15,53.189998626708984,53.75,53.130001068115234,53.66999816894531,6987100.0
2019-05-16,53.810001373291016,54.13999938964844,53.790000915527344,53.88999938964844,4622500.0
2019-05-17,53.810001373291016,54.060001373291016,53.66999816894531,53.689998626708984,5877400.0
2019-05-20,53.40999984741211,53.560001373291016,53.290000915527344,53.400001525878906,4029200.0
2019-05-21,53.650001525878906,53.79999923706055,53.560001373291016,53.77000045776367,7052800.0
2019-05-22,53.34000015258789,53.45000076293945,53.27000045776367,53.33000183105469,4607000.0
2019-05-23,53.0099983215332,53.11000061035156,52.86000061035156,52.93000030517578,6110400.0
2019-05-24,53.709999084472656,53.7599983215332,53.529998779296875,53.75,3512400.0
2019-05-28,53.81999969482422,53.88999938964844,53.290000915527344,53.29999923706055,6796500.0
2019-05-29,53.18000030517578,53.25,52.869998931884766,53.04999923706055,6281900.0
2019-05-30,53.18000030517578,53.31999969482422,53.099998474121094,53.290000915527344,5601800.0
2019-05-31,52.59000015258789,52.880001068115234,52.5,52.720001220703125,11481500.0
2019-06-03,52.970001220703125,53.06999969482422,52.790000915527344,53.029998779296875,12242800.0
2019-06-04,53.11000061035156,53.68000030517578,53.029998779296875,53.63999938964844,8127600.0
2019-06-05,53.88999938964844,53.90999984741211,53.54999923706055,53.66999816894531,5084100.0
2019-06-06,53.720001220703125,53.83000183105469,53.619998931884766,53.72999954223633,5012300.0
2019-06-07,54.09000015258789,54.40999984741211,54.06999969482422,54.380001068115234,6287200.0
2019-06-10,54.619998931884766,54.7599983215332,54.59000015258789,54.630001068115234,2866800.0
2019-06-11,54.959999084472656,54.9900016784668,54.7400016784668,54.810001373291016,3556900.0
2019-06-12,54.5,54.56999969482422,54.18000030517578,54.20000076293945,5555100.0
2019-06-13,54.279998779296875,54.31999969482422,53.97999954223633,54.13999938964844,4410200.0
2019-06-14,54.029998779296875,54.04999923706055,53.90999984741211,54.0,4805100.0
2019-06-17,53.650001525878906,53.72999954223633,53.619998931884766,53.66999816894531,4117300.0
2019-06-18,53.61000061035156,54.02000045776367,53.61000061035156,53.9900016784668,7818400.0
2019-06-19,54.2400016784668,54.529998779296875,54.15999984741211,54.470001220703125,7401900.0
2019-06-20,55.08000183105469,55.11000061035156,54.709999084472656,55.0,5851100.0
2019-06-21,54.4900016784668,54.63999938964844,54.439998626708984,54.459999084472656,5512300.0
2019-06-24,54.439998626708984,54.5,54.36000061035156,54.459999084472656,4630800.0
2019-06-25,54.56999969482422,54.619998931884766,54.220001220703125,54.220001220703125,4557800.0
2019-06-26,54.33000183105469,54.349998474121094,54.119998931884766,54.13999938964844,3129500.0
2019-06-27,54.36000061035156,54.5099983215332,54.349998474121094,54.36000061035156,2904100.0
2019-06-28,54.689998626708984,54.709999084472656,54.540000915527344,54.58000183105469,7620200.0
2019-07-01,55.58000183105469,55.59000015258789,55.20000076293945,55.36000061035156,7673000.0
2019-07-02,55.47999954223633,55.599998474121094,55.43000030517578,55.529998779296875,6973000.0
2019-07-03,55.61000061035156,55.720001220703125,55.540000915527344,55.689998626708984,3122800.0
2019-07-05,55.36000061035156,55.459999084472656,55.08000183105469,55.45000076293945,3752400.0
2019-07-08,55.130001068115234,55.18000030517578,55.04999923706055,55.130001068115234,3914800.0
2019-07-09,54.61000061035156,54.709999084472656,54.58000183105469,54.63999938964844,4575300.0
2019-07-10,55.029998779296875,55.11000061035156,54.88999938964844,54.970001220703125,5133100.0
2019-07-11,55.130001068115234,55.130001068115234,54.91999816894531,55.06999969482422,3393200.0
2019-07-12,55.0099983215332,55.13999938964844,54.95000076293945,55.09000015258789,3040600.0
2019-07-15,55.209999084472656,55.209999084472656,55.04999923706055,55.130001068115234,2997200.0
2019-07-16,54.7599983215332,54.81999969482422,54.650001525878906,54.720001220703125,4354700.0
2019-07-17,54.7400016784668,54.810001373291016,54.65999984741211,54.66999816894531,2256600.0
2019-07-18,54.0,54.529998779296875,53.959999084472656,54.529998779296875,4494900.0
2019-07-19,54.84000015258789,54.90999984741211,54.66999816894531,54.66999816894531,3560600.0
2019-07-22,54.7400016784668,54.810001373291016,54.63999938964844,54.75,2766500.0
2019-07-23,55.18000030517578,55.220001220703125,55.060001373291016,55.189998626708984,3626800.0
2019-07-24,55.150001525878906,55.290000915527344,55.130001068115234,55.2599983215332,4780500.0
2019-07-25,55.029998779296875,55.029998779296875,54.619998931884766,54.66999816894531,5767600.0
2019-07-26,54.72999954223633,54.880001068115234,54.709999084472656,54.810001373291016,3365100.0
2019-07-29,54.77000045776367,54.790000915527344,54.66999816894531,54.7400016784668,2483400.0
2019-07-30,54.5099983215332,54.540000915527344,54.349998474121094,54.38999938964844,5467200.0
2019-07-31,54.58000183105469,54.7599983215332,53.939998626708984,54.349998474121094,8867500.0
2019-08-01,54.58000183105469,55.04999923706055,54.119998931884766,54.34000015258789,16478600.0
2019-08-02,54.2400016784668,54.27000045776367,53.77000045776367,54.060001373291016,11362800.0
2019-08-05,53.38999938964844,53.43000030517578,52.5099983215332,52.720001220703125,8982500.0
2019-08-06,53.2599983215332,53.40999984741211,52.90999984741211,53.38999938964844,9647000.0
2019-08-07,53.310001373291016,53.83000183105469,53.08000183105469,53.7599983215332,9339000.0
2019-08-08,53.61000061035156,54.16999816894531,53.560001373291016,54.13999938964844,10675800.0
2019-08-09,53.86000061035156,53.900001525878906,53.38999938964844,53.56999969482422,7035300.0
2019-08-12,53.400001525878906,53.45000076293945,52.97999954223633,53.060001373291016,6923300.0
2019-08-13,53.20000076293945,53.779998779296875,53.130001068115234,53.65999984741211,9087300.0
2019-08-14,52.779998779296875,52.81999969482422,52.33000183105469,52.36000061035156,10064800.0
2019-08-15,52.959999084472656,53.040000915527344,52.689998626708984,52.86000061035156,6085400.0
2019-08-16,53.099998474121094,53.459999084472656,53.060001373291016,53.40999984741211,5812600.0
2019-08-19,53.5099983215332,53.56999969482422,53.400001525878906,53.400001525878906,3672000.0
2019-08-20,53.47999954223633,53.47999954223633,53.2599983215332,53.290000915527344,4400500.0
2019-08-21,53.54999923706055,53.63999938964844,53.439998626708984,53.470001220703125,7070100.0
2019-08-22,53.4900016784668,53.529998779296875,53.20000076293945,53.38999938964844,4619200.0
2019-08-23,53.2400016784668,53.54999923706055,52.75,52.790000915527344,14126700.0
2019-08-26,53.689998626708984,53.70000076293945,53.40999984741211,53.560001373291016,5901000.0
2019-08-27,53.619998931884766,53.650001525878906,53.36000061035156,53.38999938964844,4638100.0
2019-08-28,53.31999969482422,53.529998779296875,53.22999954223633,53.369998931884766,3667100.0
2019-08-29,53.84000015258789,53.84000015258789,53.58000183105469,53.75,3322500.0
2019-08-30,54.04999923706055,54.06999969482422,53.75,53.91999816894531,6970700.0
2019-09-03,53.869998931884766,53.97999954223633,53.84000015258789,53.95000076293945,6172000.0
2019-09-04,54.150001525878906,54.290000915527344,54.09000015258789,54.25,3585100.0
2019-09-05,54.56999969482422,54.79999923706055,54.56999969482422,54.63999938964844,5378500.0
2019-09-06,54.7400016784668,54.900001525878906,54.66999816894531,54.83000183105469,5284400.0
2019-09-09,55.22999954223633,55.25,55.060001373291016,55.189998626708984,15092000.0
2019-09-10,55.209999084472656,55.349998474121094,55.130001068115234,55.349998474121094,4182300.0
2019-09-11,55.84000015258789,55.86000061035156,55.720001220703125,55.84000015258789,7237900.0
2019-09-12,56.189998626708984,56.33000183105469,56.02000045776367,56.209999084472656,9621600.0
2019-09-13,56.709999084472656,56.97999954223633,56.709999084472656,56.869998931884766,7997300.0
2019-09-16,56.689998626708984,56.810001373291016,56.540000915527344,56.56999969482422,6166600.0
2019-09-17,56.45000076293945,56.779998779296875,56.43000030517578,56.779998779296875,6814700.0
2019-09-18,56.5099983215332,56.689998626708984,56.27000045776367,56.65999984741211,6341400.0
2019-09-19,57.04999923706055,57.29999923706055,57.02000045776367,57.08000183105469,5930900.0
2019-09-20,57.04999923706055,57.16999816894531,56.880001068115234,56.95000076293945,6833400.0
2019-09-23,56.689998626708984,56.959999084472656,56.689998626708984,56.88999938964844,5283500.0
2019-09-24,57.33000183105469,57.40999984741211,56.939998626708984,56.970001220703125,12010400.0
2019-09-25,56.939998626708984,57.25,56.81999969482422,57.20000076293945,5835500.0
2019-09-26,57.439998626708984,57.45000076293945,57.20000076293945,57.29999923706055,6357500.0
2019-09-27,56.720001220703125,56.77000045776367,56.400001525878906,56.47999954223633,6899800.0
2019-09-30,56.31999969482422,56.7400016784668,56.25,56.7400016784668,5382900.0
2019-10-01,56.779998779296875,56.790000915527344,56.369998931884766,56.4900016784668,8235500.0
2019-10-02,56.150001525878906,56.150001525878906,55.63999938964844,55.790000915527344,8254600.0
2019-10-03,55.75,56.08000183105469,55.529998779296875,56.06999969482422,9285700.0
2019-10-04,56.20000076293945,56.7400016784668,56.189998626708984,56.720001220703125,5242500.0
2019-10-07,56.45000076293945,56.68000030517578,56.349998474121094,56.36000061035156,5418600.0
2019-10-08,56.27000045776367,56.380001068115234,56.02000045776367,56.029998779296875,6914500.0
2019-10-09,56.470001220703125,56.56999969482422,56.34000015258789,56.52000045776367,4710000.0
2019-10-10,56.22999954223633,56.56999969482422,56.18000030517578,56.45000076293945,7978400.0
2019-10-11,56.900001525878906,57.400001525878906,56.86000061035156,57.150001525878906,14405500.0
2019-10-14,56.86000061035156,57.04999923706055,56.84000015258789,56.900001525878906,2334100.0
2019-10-15,57.369998931884766,57.869998931884766,57.349998474121094,57.75,8740600.0
2019-10-16,57.5099983215332,57.68000030517578,57.470001220703125,57.630001068115234,4158800.0
2019-10-17,57.529998779296875,57.619998931884766,57.290000915527344,57.47999954223633,4833600.0
2019-10-18,57.27000045776367,57.459999084472656,57.18000030517578,57.369998931884766,5311200.0
2019-10-21,57.790000915527344,57.900001525878906,57.7400016784668,57.779998779296875,4249500.0
2019-10-22,57.95000076293945,58.08000183105469,57.810001373291016,57.849998474121094,6971300.0
2019-10-23,57.95000076293945,58.189998626708984,57.91999816894531,58.09000015258789,7897800.0
2019-10-24,58.099998474121094,58.150001525878906,57.90999984741211,58.119998931884766,4448500.0
2019-10-25,57.88999938964844,58.150001525878906,57.86000061035156,58.09000015258789,4427800.0
2019-10-28,58.06999969482422,58.279998779296875,58.060001373291016,58.2599983215332,5259300.0
2019-10-29,58.38999938964844,58.540000915527344,58.369998931884766,58.5099983215332,5068700.0
2019-10-30,58.5099983215332,58.68000030517578,58.279998779296875,58.66999816894531,6798700.0
2019-10-31,58.58000183105469,58.68000030517578,58.349998474121094,58.68000030517578,7278200.0
2019-11-01,59.25,59.43000030517578,59.16999816894531,59.2599983215332,7105000.0
2019-11-04,59.599998474121094,59.68000030517578,59.52000045776367,59.65999984741211,8163100.0
2019-11-05,59.75,59.84000015258789,59.59000015258789,59.7400016784668,7783200.0
2019-11-06,59.630001068115234,59.720001220703125,59.529998779296875,59.61000061035156,13558200.0
2019-11-07,60.08000183105469,60.150001525878906,59.939998626708984,59.959999084472656,9191200.0
2019-11-08,59.68000030517578,59.939998626708984,59.560001373291016,59.93000030517578,7107900.0
2019-11-11,59.529998779296875,59.81999969482422,59.529998779296875,59.779998779296875,2578300.0
2019-11-12,59.90999984741211,60.040000915527344,59.790000915527344,59.90999984741211,4600400.0
2019-11-13,59.380001068115234,59.75,59.380001068115234,59.70000076293945,7287600.0
2019-11-14,59.209999084472656,59.45000076293945,59.209999084472656,59.439998626708984,6197100.0
2019-11-15,59.58000183105469,59.790000915527344,59.56999969482422,59.790000915527344,5070600.0
2019-11-18,59.68000030517578,59.86000061035156,59.58000183105469,59.84000015258789,4214900.0
2019-11-19,59.75,59.790000915527344,59.4900016784668,59.650001525878906,3974700.0
2019-11-20,59.5099983215332,59.66999816894531,59.25,59.470001220703125,7449300.0
2019-11-21,59.5099983215332,59.54999923706055,59.34000015258789,59.529998779296875,3169700.0
2019-11-22,59.54999923706055,59.619998931884766,59.439998626708984,59.56999969482422,3920200.0
2019-11-25,59.83000183105469,59.97999954223633,59.810001373291016,59.97999954223633,6873300.0
2019-11-26,59.810001373291016,59.91999816894531,59.7400016784668,59.880001068115234,5536900.0
2019-11-27,59.93000030517578,60.0099983215332,59.90999984741211,60.0,6895500.0
2019-11-29,59.38999938964844,59.4900016784668,59.369998931884766,59.43000030517578,3708700.0
2019-12-02,59.54999923706055,59.560001373291016,58.939998626708984,59.310001373291016,14858500.0
2019-12-03,59.09000015258789,59.58000183105469,58.95000076293945,59.540000915527344,6330400.0
2019-12-04,60.040000915527344,60.209999084472656,59.9900016784668,60.209999084472656,6889900.0
2019-12-05,60.11000061035156,60.11000061035156,59.91999816894531,59.970001220703125,6626400.0
2019-12-06,60.5099983215332,60.70000076293945,60.5099983215332,60.65999984741211,10341500.0
2019-12-09,60.52000045776367,60.59000015258789,60.29999923706055,60.31999969482422,3941400.0
2019-12-10,60.310001373291016,60.470001220703125,60.189998626708984,60.290000915527344,11144200.0
2019-12-11,60.189998626708984,60.4900016784668,60.16999816894531,60.41999816894531,5530100.0
2019-12-12,60.13999938964844,60.689998626708984,60.11000061035156,60.56999969482422,7777400.0
2019-12-13,60.40999984741211,60.75,60.34000015258789,60.72999954223633,12498600.0
2019-12-16,60.06999969482422,60.310001373291016,60.06999969482422,60.290000915527344,7287600.0
2019-12-17,60.119998931884766,60.279998779296875,60.04999923706055,60.15999984741211,8097400.0
2019-12-18,59.84000015258789,59.91999816894531,59.790000915527344,59.91999816894531,5190000.0
2019-12-19,59.779998779296875,59.959999084472656,59.779998779296875,59.86000061035156,3727500.0
2019-12-20,59.84000015258789,59.90999984741211,59.7599983215332,59.81999969482422,6446200.0
2019-12-23,59.68000030517578,59.810001373291016,59.630001068115234,59.77000045776367,3941900.0
2019-12-24,59.56999969482422,59.619998931884766,59.4900016784668,59.529998779296875,3726900.0
2019-12-26,59.61000061035156,59.709999084472656,59.56999969482422,59.689998626708984,3554300.0
2019-12-27,59.7400016784668,59.790000915527344,59.529998779296875,59.58000183105469,3741900.0
2019-12-30,59.540000915527344,59.54999923706055,59.0099983215332,59.04999923706055,6503200.0
2019-12-31,59.02000045776367,59.2599983215332,58.95000076293945,59.2400016784668,5113900.0
2020-01-02,59.79999923706055,59.959999084472656,59.70000076293945,59.86000061035156,12542300.0
2020-01-03,59.130001068115234,59.63999938964844,59.06999969482422,59.20000076293945,8391100.0
2020-01-06,59.130001068115234,59.45000076293945,59.130001068115234,59.40999984741211,5383800.0
2020-01-07,59.70000076293945,59.7599983215332,59.4900016784668,59.5099983215332,5013600.0
2020-01-08,59.400001525878906,59.75,59.349998474121094,59.52000045776367,7717200.0
2020-01-09,59.86000061035156,59.970001220703125,59.75,59.939998626708984,7113300.0
2020-01-10,59.779998779296875,59.849998474121094,59.439998626708984,59.52000045776367,4927200.0
2020-01-13,59.529998779296875,59.880001068115234,59.43000030517578,59.86000061035156,7524400.0
2020-01-14,59.709999084472656,59.95000076293945,59.689998626708984,59.880001068115234,11616900.0
2020-01-15,59.56999969482422,59.720001220703125,59.56999969482422,59.65999984741211,5275200.0
2020-01-16,59.61000061035156,59.75,59.560001373291016,59.70000076293945,4185900.0
2020-01-17,59.70000076293945,59.779998779296875,59.58000183105469,59.7400016784668,3557100.0
2020-01-21,59.66999816894531,59.720001220703125,59.41999816894531,59.41999816894531,6984700.0
2020-01-22,59.810001373291016,59.86000061035156,59.619998931884766,59.689998626708984,7059700.0
2020-01-23,59.70000076293945,59.83000183105469,59.47999954223633,59.7599983215332,4630500.0
2020-01-24,59.91999816894531,59.95000076293945,59.43000030517578,59.529998779296875,5700400.0
2020-01-27,58.599998474121094,58.83000183105469,58.459999084472656,58.459999084472656,10096000.0
2020-01-28,58.68000030517578,58.9900016784668,58.599998474121094,58.97999954223633,8180500.0
2020-01-29,59.0,59.0,58.790000915527344,58.790000915527344,4969300.0
2020-01-30,58.2400016784668,58.720001220703125,58.08000183105469,58.709999084472656,16332800.0
2020-01-31,58.06999969482422,58.11000061035156,57.560001373291016,57.75,14330700.0
2020-02-03,58.16999816894531,58.45000076293945,58.15999984741211,58.189998626708984,7016500.0
2020-02-04,59.04999923706055,59.189998626708984,58.9900016784668,59.06999969482422,7964800.0
2020-02-05,59.58000183105469,59.689998626708984,59.40999984741211,59.599998474121094,8852400.0
2020-02-06,60.0,60.06999969482422,59.849998474121094,60.04999923706055,9586200.0
2020-02-07,59.689998626708984,59.7599983215332,59.470001220703125,59.470001220703125,6495800.0
2020-02-10,59.22999954223633,59.459999084472656,59.22999954223633,59.400001525878906,7511000.0
2020-02-11,59.86000061035156,59.970001220703125,59.63999938964844,59.70000076293945,9483100.0
2020-02-12,59.470001220703125,59.540000915527344,59.400001525878906,59.40999984741211,11721700.0
2020-02-13,58.95000076293945,59.150001525878906,58.869998931884766,58.88999938964844,8400800.0
2020-02-14,58.63999938964844,58.63999938964844,58.38999938964844,58.45000076293945,11651900.0
2020-02-18,57.68000030517578,57.83000183105469,57.529998779296875,57.58000183105469,17769500.0
2020-02-19,57.7400016784668,57.79999923706055,57.47999954223633,57.47999954223633,7255600.0
2020-02-20,57.130001068115234,57.209999084472656,56.70000076293945,57.11000061035156,16841300.0
2020-02-21,56.72999954223633,56.77000045776367,56.470001220703125,56.630001068115234,14166100.0
2020-02-24,54.630001068115234,55.20000076293945,54.59000015258789,54.720001220703125,19626200.0
2020-02-25,55.40999984741211,55.4900016784668,54.38999938964844,54.630001068115234,22165400.0
2020-02-26,55.06999969482422,55.45000076293945,54.790000915527344,54.900001525878906,23188100.0
2020-02-27,53.72999954223633,54.279998779296875,53.02000045776367,53.02000045776367,31058000.0
2020-02-28,52.08000183105469,53.0,51.689998626708984,52.959999084472656,34633500.0
2020-03-02,52.90999984741211,53.709999084472656,52.4900016784668,53.630001068115234,23738900.0
2020-03-03,53.54999923706055,54.06999969482422,52.52000045776367,52.939998626708984,25886600.0
2020-03-04,53.54999923706055,54.119998931884766,53.22999954223633,54.09000015258789,18699700.0
2020-03-05,53.130001068115234,53.43000030517578,52.91999816894531,53.11000061035156,13667400.0
2020-03-06,52.34000015258789,52.7599983215332,52.16999816894531,52.599998474121094,19064600.0
2020-03-09,49.540000915527344,50.869998931884766,49.400001525878906,49.91999816894531,19592000.0
2020-03-10,51.5099983215332,51.66999816894531,50.02000045776367,51.40999984741211,23477000.0
2020-03-11,50.40999984741211,50.66999816894531,49.4900016784668,49.66999816894531,11652400.0
2020-03-12,45.97999954223633,46.310001373291016,43.68000030517578,44.79999923706055,21360000.0
2020-03-13,46.810001373291016,46.90999984741211,44.15999984741211,46.27000045776367,11590800.0
2020-03-16,42.72999954223633,44.400001525878906,41.61000061035156,43.220001220703125,9191600.0
2020-03-17,44.380001068115234,45.66999816894531,43.779998779296875,45.34000015258789,15956600.0
2020-03-18,43.81999969482422,45.2599983215332,43.369998931884766,44.380001068115234,16703200.0
2020-03-19,45.16999816894531,46.33000183105469,44.68000030517578,45.0,14580600.0
2020-03-20,46.189998626708984,47.02000045776367,45.04999923706055,45.11000061035156,15803800.0
2020-03-23,45.29999923706055,45.33000183105469,44.130001068115234,44.63999938964844,12502200.0
2020-03-24,47.959999084472656,48.20000076293945,47.380001068115234,47.7400016784668,17417000.0
2020-03-25,47.7599983215332,49.119998931884766,46.93000030517578,48.63999938964844,13534000.0
2020-03-26,49.02000045776367,50.29999923706055,48.9900016784668,50.2400016784668,16296200.0
2020-03-27,50.029998779296875,50.81999969482422,49.7599983215332,50.18000030517578,11858100.0
2020-03-30,50.25,50.849998474121094,50.029998779296875,50.790000915527344,7386600.0
2020-03-31,48.79999923706055,49.83000183105469,48.7400016784668,49.38999938964844,14671000.0
2020-04-01,47.119998931884766,47.86000061035156,47.0,47.040000915527344,10511700.0
2020-04-02,46.83000183105469,47.720001220703125,46.75,47.63999938964844,10347000.0
2020-04-03,46.869998931884766,46.959999084472656,46.369998931884766,46.56999969482422,6930700.0
2020-04-06,48.43000030517578,49.38999938964844,48.310001373291016,49.31999969482422,9430400.0
2020-04-07,51.689998626708984,51.75,49.72999954223633,49.849998474121094,10375000.0
2020-04-08,49.650001525878906,49.970001220703125,49.189998626708984,49.72999954223633,6688300.0
2020-04-09,50.18000030517578,50.72999954223633,50.04999923706055,50.380001068115234,7019900.0
2020-04-13,50.13999938964844,50.25,49.810001373291016,50.16999816894531,4014800.0
2020-04-14,51.060001373291016,51.4900016784668,50.970001220703125,51.09000015258789,7740100.0
2020-04-15,50.5099983215332,50.849998474121094,50.349998474121094,50.58000183105469,6329800.0
2020-04-16,50.060001373291016,50.33000183105469,49.849998474121094,50.150001525878906,10502400.0
2020-04-17,50.86000061035156,50.97999954223633,50.34000015258789,50.81999969482422,6565000.0
2020-04-20,50.34000015258789,50.72999954223633,50.02000045776367,50.040000915527344,5135600.0
2020-04-21,49.97999954223633,50.119998931884766,49.45000076293945,49.56999969482422,10479000.0
2020-04-22,50.33000183105469,50.52000045776367,50.09000015258789,50.43000030517578,8493000.0
2020-04-23,50.77000045776367,51.31999969482422,50.5,50.5,12300100.0
2020-04-24,50.779998779296875,51.02000045776367,50.560001373291016,50.88999938964844,6501200.0
2020-04-27,51.5,51.689998626708984,51.38999938964844,51.59000015258789,8362900.0
2020-04-28,52.75,52.79999923706055,52.25,52.34000015258789,9366700.0
2020-04-29,53.33000183105469,53.65999984741211,53.18000030517578,53.2599983215332,5826900.0
2020-04-30,51.97999954223633,52.06999969482422,51.47999954223633,51.7599983215332,9096900.0
2020-05-01,51.04999923706055,51.150001525878906,50.66999816894531,50.849998474121094,7250800.0
2020-05-04,50.189998626708984,50.630001068115234,50.060001373291016,50.599998474121094,6350200.0
2020-05-05,51.209999084472656,51.40999984741211,50.880001068115234,51.09000015258789,5004700.0
2020-05-06,51.4900016784668,51.5,50.70000076293945,50.70000076293945,6092200.0
2020-05-07,51.47999954223633,51.59000015258789,51.20000076293945,51.459999084472656,5704100.0
2020-05-08,52.189998626708984,52.36000061035156,52.08000183105469,52.34000015258789,6984100.0
2020-05-11,52.65999984741211,52.91999816894531,52.619998931884766,52.84000015258789,7608000.0
2020-05-12,52.75,52.810001373291016,52.11000061035156,52.150001525878906,8422400.0
2020-05-13,52.72999954223633,52.7400016784668,52.15999984741211,52.400001525878906,9655600.0
2020-05-14,51.119998931884766,51.66999816894531,50.83000183105469,51.619998931884766,9076300.0
2020-05-15,51.619998931884766,51.86000061035156,51.400001525878906,51.709999084472656,5225400.0
2020-05-18,52.41999816894531,53.060001373291016,52.369998931884766,53.0,6914600.0
2020-05-19,52.59000015258789,52.84000015258789,52.369998931884766,52.380001068115234,4122600.0
2020-05-20,53.290000915527344,53.54999923706055,53.0099983215332,53.16999816894531,16131600.0
2020-05-21,52.91999816894531,52.97999954223633,52.470001220703125,52.599998474121094,4437100.0
2020-05-22,52.56999969482422,52.68000030517578,52.439998626708984,52.66999816894531,3771900.0
2020-05-26,54.36000061035156,54.63999938964844,54.27000045776367,54.459999084472656,7398100.0
2020-05-27,55.220001220703125,55.290000915527344,54.790000915527344,55.15999984741211,5963200.0
2020-05-28,56.119998931884766,56.47999954223633,55.880001068115234,55.880001068115234,10407900.0
2020-05-29,55.400001525878906,55.5,54.83000183105469,55.40999984741211,5839900.0
2020-06-01,55.619998931884766,56.27000045776367,55.560001373291016,56.25,9312400.0
2020-06-02,56.47999954223633,56.689998626708984,56.27000045776367,56.5,5788100.0
2020-06-03,56.560001373291016,56.9900016784668,56.540000915527344,56.88999938964844,5710300.0
2020-06-04,56.560001373291016,56.77000045776367,56.15999984741211,56.25,5971600.0
2020-06-05,57.11000061035156,57.310001373291016,56.88999938964844,57.060001373291016,8253800.0
2020-06-08,57.27000045776367,57.90999984741211,57.06999969482422,57.900001525878906,8352000.0
2020-06-09,57.25,57.720001220703125,57.13999938964844,57.599998474121094,9410600.0
2020-06-10,57.58000183105469,57.75,57.2400016784668,57.56999969482422,6761200.0
2020-06-11,56.25,56.5,55.06999969482422,55.150001525878906,12005100.0
2020-06-12,56.349998474121094,56.439998626708984,55.599998474121094,56.13999938964844,12331700.0
2020-06-15,54.209999084472656,55.189998626708984,54.06999969482422,55.09000015258789,7753100.0
2020-06-16,56.33000183105469,56.4900016784668,55.650001525878906,56.150001525878906,10656700.0
2020-06-17,56.56999969482422,56.720001220703125,56.310001373291016,56.400001525878906,6462300.0
2020-06-18,56.130001068115234,56.380001068115234,56.040000915527344,56.29999923706055,5127600.0
2020-06-19,56.689998626708984,56.70000076293945,56.0099983215332,56.029998779296875,6333600.0
2020-06-22,56.099998474121094,56.41999816894531,55.97999954223633,56.40999984741211,5153200.0
2020-06-23,56.959999084472656,57.04999923706055,56.4900016784668,56.560001373291016,6999400.0
2020-06-24,55.93000030517578,55.9900016784668,55.22999954223633,55.380001068115234,6464500.0
2020-06-25,55.5,56.029998779296875,55.349998474121094,56.0099983215332,5999600.0
2020-06-26,55.88999938964844,55.93000030517578,55.33000183105469,55.470001220703125,6012500.0
2020-06-29,55.310001373291016,55.5,55.0099983215332,55.47999954223633,4414800.0
2020-06-30,54.97999954223633,55.290000915527344,54.880001068115234,54.91999816894531,8185200.0
2020-07-01,54.65999984741211,54.900001525878906,54.56999969482422,54.810001373291016,6018600.0
2020-07-02,55.279998779296875,55.52000045776367,55.130001068115234,55.16999816894531,5345700.0
2020-07-06,55.86000061035156,56.040000915527344,55.709999084472656,55.880001068115234,3720600.0
2020-07-07,55.58000183105469,55.779998779296875,55.36000061035156,55.380001068115234,4755300.0
2020-07-08,55.099998474121094,55.349998474121094,54.88999938964844,55.34000015258789,7174000.0
2020-07-09,55.33000183105469,55.34000015258789,54.66999816894531,55.06999969482422,5105100.0
2020-07-10,55.380001068115234,55.81999969482422,55.31999969482422,55.790000915527344,6281700.0
2020-07-13,55.970001220703125,56.209999084472656,55.45000076293945,55.5,6040000.0
2020-07-14,55.560001373291016,56.0,55.4900016784668,55.939998626708984,8419800.0
2020-07-15,56.869998931884766,57.040000915527344,56.61000061035156,56.650001525878906,5104000.0
2020-07-16,56.13999938964844,56.25,55.9900016784668,56.06999969482422,2920000.0
2020-07-17,56.119998931884766,56.20000076293945,55.90999984741211,56.15999984741211,2869700.0
2020-07-20,56.08000183105469,56.22999954223633,55.95000076293945,56.20000076293945,2977700.0
2020-07-21,56.22999954223633,56.439998626708984,56.18000030517578,56.22999954223633,3960500.0
2020-07-22,55.97999954223633,56.15999984741211,55.939998626708984,56.08000183105469,4098800.0
2020-07-23,56.060001373291016,56.2599983215332,55.72999954223633,55.88999938964844,3635500.0
2020-07-24,55.779998779296875,56.040000915527344,55.70000076293945,55.83000183105469,4171000.0
2020-07-27,56.880001068115234,57.119998931884766,56.86000061035156,56.939998626708984,3244300.0
2020-07-28,56.630001068115234,56.790000915527344,56.58000183105469,56.59000015258789,2673900.0
2020-07-29,56.31999969482422,56.72999954223633,56.22999954223633,56.619998931884766,4865100.0
2020-07-30,55.33000183105469,55.869998931884766,55.029998779296875,55.77000045776367,6374000.0
2020-07-31,54.709999084472656,54.779998779296875,54.11000061035156,54.33000183105469,8574400.0
2020-08-03,54.88999938964844,55.45000076293945,54.810001373291016,55.439998626708984,7253300.0
2020-08-04,55.599998474121094,56.060001373291016,55.56999969482422,56.060001373291016,3442400.0
2020-08-05,56.33000183105469,56.41999816894531,55.959999084472656,56.02000045776367,4199700.0
2020-08-06,55.849998474121094,56.060001373291016,55.7599983215332,55.97999954223633,3791300.0
2020-08-07,55.79999923706055,56.02000045776367,55.70000076293945,56.0,3997800.0
2020-08-10,56.08000183105469,56.290000915527344,55.95000076293945,56.27000045776367,4970300.0
2020-08-11,57.5,57.5,56.689998626708984,56.72999954223633,10075300.0
2020-08-12,57.88999938964844,58.150001525878906,57.79999923706055,57.93000030517578,6361300.0
2020-08-13,57.900001525878906,58.02000045776367,57.720001220703125,57.86000061035156,4342300.0
2020-08-14,57.689998626708984,57.939998626708984,57.689998626708984,57.849998474121094,3012700.0
2020-08-17,57.880001068115234,58.130001068115234,57.869998931884766,58.09000015258789,3063100.0
2020-08-18,58.2400016784668,58.38999938964844,58.029998779296875,58.290000915527344,4935700.0
2020-08-19,58.380001068115234,58.43000030517578,57.959999084472656,57.97999954223633,3958900.0
2020-08-20,57.560001373291016,57.86000061035156,57.52000045776367,57.77000045776367,3280500.0
2020-08-21,57.43000030517578,57.650001525878906,57.34000015258789,57.61000061035156,4038300.0
2020-08-24,58.22999954223633,58.279998779296875,58.02000045776367,58.25,2887400.0
2020-08-25,58.33000183105469,58.349998474121094,57.9900016784668,58.16999816894531,3659600.0
2020-08-26,58.189998626708984,58.41999816894531,58.150001525878906,58.33000183105469,4688100.0
2020-08-27,58.220001220703125,58.25,57.59000015258789,57.790000915527344,5596000.0
2020-08-28,58.029998779296875,58.11000061035156,57.77000045776367,58.099998474121094,7086400.0
2020-08-31,58.040000915527344,58.2400016784668,57.84000015258789,58.02000045776367,7878700.0
2020-09-01,58.0,58.209999084472656,57.880001068115234,58.18000030517578,9186500.0
2020-09-02,58.52000045776367,58.790000915527344,58.349998474121094,58.7599983215332,6625100.0
2020-09-03,58.439998626708984,58.45000076293945,57.54999923706055,57.72999954223633,8102400.0
2020-09-04,58.0,58.209999084472656,57.15999984741211,58.04999923706055,10314000.0
2020-09-08,57.349998474121094,57.79999923706055,57.220001220703125,57.56999969482422,8898300.0
2020-09-09,57.75,57.88999938964844,57.59000015258789,57.77000045776367,7140900.0
2020-09-10,58.220001220703125,58.33000183105469,57.77000045776367,57.79999923706055,8637700.0
2020-09-11,58.540000915527344,58.68000030517578,58.41999816894531,58.54999923706055,9341200.0
2020-09-14,59.09000015258789,59.209999084472656,58.939998626708984,58.970001220703125,5025500.0
2020-09-15,59.279998779296875,59.29999923706055,59.060001373291016,59.2400016784668,6432200.0
2020-09-16,59.38999938964844,59.650001525878906,59.349998474121094,59.45000076293945,6970100.0
2020-09-17,59.16999816894531,59.529998779296875,59.119998931884766,59.52000045776367,9852200.0
2020-09-18,59.52000045776367,59.619998931884766,59.13999938964844,59.2599983215332,6394600.0
2020-09-21,58.25,58.54999923706055,57.790000915527344,58.380001068115234,10846900.0
2020-09-22,58.27000045776367,58.58000183105469,57.9900016784668,58.560001373291016,5219000.0
2020-09-23,59.20000076293945,59.279998779296875,58.81999969482422,58.900001525878906,9138500.0
2020-09-24,58.459999084472656,58.900001525878906,58.279998779296875,58.66999816894531,8748200.0
2020-09-25,58.29999923706055,58.7599983215332,58.15999984741211,58.7599983215332,3881200.0
2020-09-28,59.40999984741211,59.58000183105469,59.27000045776367,59.58000183105469,5889100.0
2020-09-29,59.65999984741211,59.790000915527344,59.41999816894531,59.529998779296875,7081900.0
2020-09-30,58.880001068115234,59.279998779296875,58.84000015258789,59.06999969482422,6770800.0
2020-10-01,58.939998626708984,59.130001068115234,58.86000061035156,59.08000183105469,5656000.0
2020-10-02,58.349998474121094,58.83000183105469,58.310001373291016,58.790000915527344,6336400.0
2020-10-05,59.060001373291016,59.27000045776367,59.040000915527344,59.27000045776367,5878300.0
2020-10-06,59.38999938964844,59.4900016784668,58.9900016784668,59.13999938964844,5925100.0
2020-10-07,59.38999938964844,59.45000076293945,59.29999923706055,59.45000076293945,8105500.0
2020-10-08,59.619998931884766,59.65999984741211,59.369998931884766,59.470001220703125,8888600.0
2020-10-09,59.400001525878906,59.5099983215332,59.380001068115234,59.459999084472656,6078200.0
2020-10-12,59.5,59.75,59.38999938964844,59.619998931884766,3360500.0
2020-10-13,59.43000030517578,59.52000045776367,59.29999923706055,59.43000030517578,3060900.0
2020-10-14,59.560001373291016,59.7400016784668,59.5099983215332,59.52000045776367,4170700.0
2020-10-15,58.779998779296875,59.04999923706055,58.70000076293945,59.02000045776367,3392400.0
2020-10-16,58.83000183105469,59.040000915527344,58.75,58.900001525878906,3942400.0
2020-10-19,59.2400016784668,59.29999923706055,58.88999938964844,58.970001220703125,4465100.0
2020-10-20,58.84000015258789,59.11000061035156,58.84000015258789,58.97999954223633,3793800.0
2020-10-21,59.40999984741211,59.619998931884766,59.380001068115234,59.439998626708984,4583300.0
2020-10-22,59.2400016784668,59.33000183105469,58.9900016784668,59.27000045776367,2975900.0
2020-10-23,59.34000015258789,59.34000015258789,59.119998931884766,59.29999923706055,2674800.0
2020-10-26,58.84000015258789,58.86000061035156,58.58000183105469,58.72999954223633,4322100.0
2020-10-27,59.0099983215332,59.029998779296875,58.869998931884766,58.939998626708984,3668400.0
2020-10-28,58.56999969482422,58.66999816894531,58.13999938964844,58.13999938964844,6890500.0
2020-10-29,58.709999084472656,58.810001373291016,58.470001220703125,58.58000183105469,6830600.0
2020-10-30,58.09000015258789,58.25,57.900001525878906,58.2400016784668,6006600.0
2020-11-02,58.88999938964844,58.939998626708984,58.650001525878906,58.849998474121094,5839700.0
2020-11-03,59.720001220703125,60.29999923706055,59.689998626708984,60.09000015258789,7270700.0
2020-11-04,59.68000030517578,60.45000076293945,59.560001373291016,59.9900016784668,8593800.0
2020-11-05,61.33000183105469,61.52000045776367,61.060001373291016,61.470001220703125,11351000.0
2020-11-06,61.61000061035156,61.77000045776367,61.369998931884766,61.52000045776367,5306100.0
2020-11-09,64.37000274658203,64.44999694824219,63.279998779296875,63.33000183105469,14533800.0
2020-11-10,62.90999984741211,63.56999969482422,62.75,63.09000015258789,8035300.0
2020-11-11,63.43000030517578,63.619998931884766,63.2400016784668,63.470001220703125,8892100.0
2020-11-12,62.66999816894531,62.970001220703125,62.400001525878906,62.4900016784668,9942700.0
2020-11-13,62.630001068115234,63.5099983215332,62.529998779296875,63.380001068115234,7642200.0
2020-11-16,64.20999908447266,64.29000091552734,63.869998931884766,64.27999877929688,7385100.0
2020-11-17,63.88999938964844,64.2699966430664,63.84000015258789,64.02999877929688,11820300.0
2020-11-18,63.900001525878906,64.19999694824219,63.59000015258789,63.599998474121094,5303400.0
2020-11-19,63.689998626708984,64.05000305175781,63.59000015258789,64.0199966430664,6893300.0
2020-11-20,64.37999725341797,64.80999755859375,64.30000305175781,64.73999786376953,8647000.0
2020-11-23,65.22000122070312,65.33000183105469,64.70999908447266,64.77999877929688,5969300.0
2020-11-24,65.61000061035156,65.87000274658203,65.43000030517578,65.76000213623047,7211400.0
2020-11-25,65.0,65.4800033569336,64.79000091552734,65.29000091552734,7452500.0
2020-11-27,66.12000274658203,66.36000061035156,66.05000305175781,66.2300033569336,5991100.0
2020-11-30,65.30999755859375,65.38999938964844,64.36000061035156,64.38999938964844,13251100.0
2020-12-01,65.56999969482422,65.93000030517578,65.51000213623047,65.70999908447266,14044600.0
2020-12-02,65.45999908447266,65.75,65.37000274658203,65.5999984741211,6772000.0
2020-12-03,65.83999633789062,66.04000091552734,65.68000030517578,65.76000213623047,4483900.0
2020-12-04,65.8499984741211,66.05999755859375,65.80999755859375,66.05999755859375,7600500.0
2020-12-07,65.19999694824219,65.38999938964844,64.87999725341797,65.08999633789062,6846100.0
2020-12-08,65.0,65.31999969482422,64.91999816894531,65.23999786376953,4199400.0
2020-12-09,65.87999725341797,65.87999725341797,65.19999694824219,65.69999694824219,6702100.0
2020-12-10,65.37999725341797,65.91000366210938,65.33999633789062,65.80999755859375,5233200.0
2020-12-11,65.77999877929688,65.9800033569336,65.69999694824219,65.94999694824219,5319100.0
2020-12-14,66.30999755859375,66.36000061035156,65.83999633789062,65.91000366210938,4310800.0
2020-12-15,66.06999969482422,66.38999938964844,66.0,66.37999725341797,5139000.0
2020-12-16,66.23999786376953,66.38999938964844,66.04000091552734,66.37000274658203,5776600.0
2020-12-17,66.80999755859375,66.87999725341797,66.66000366210938,66.76000213623047,7055700.0
2020-12-18,66.8499984741211,66.8499984741211,66.44000244140625,66.56999969482422,4891300.0
2020-12-21,65.26000213623047,65.94000244140625,65.22000122070312,65.8499984741211,9134100.0
2020-12-22,65.69999694824219,65.9000015258789,65.47000122070312,65.81999969482422,11219400.0
2020-12-23,65.91999816894531,66.20999908447266,65.91999816894531,66.05999755859375,4948700.0
2020-12-24,65.83999633789062,65.9000015258789,65.80000305175781,65.81999969482422,2404000.0
2020-12-28,66.45999908447266,66.55999755859375,66.38999938964844,66.48999786376953,4003600.0
2020-12-29,67.55000305175781,67.63999938964844,67.2699966430664,67.31999969482422,8066600.0
2020-12-30,67.58000183105469,67.80999755859375,67.33000183105469,67.3499984741211,4780600.0
2020-12-31,67.62999725341797,67.69000244140625,67.36000061035156,67.55999755859375,8523700.0
2021-01-04,67.62000274658203,67.62999725341797,66.63999938964844,66.76000213623047,9211700.0
2021-01-05,67.0,67.56999969482422,67.0,67.37999725341797,5756200.0
2021-01-06,67.30999755859375,68.38999938964844,67.27999877929688,68.18000030517578,7863500.0
2021-01-07,67.87000274658203,68.18000030517578,67.80999755859375,68.04000091552734,8367000.0
2021-01-08,69.13999938964844,69.33000183105469,68.55000305175781,69.29000091552734,9557400.0
2021-01-11,68.41000366210938,68.94000244140625,68.33000183105469,68.63999938964844,5599300.0
2021-01-12,68.56999969482422,69.04000091552734,68.48999786376953,69.0,5904300.0
2021-01-13,69.06999969482422,69.3499984741211,69.01000213623047,69.19999694824219,5874800.0
2021-01-14,69.70999908447266,70.12999725341797,69.68000030517578,69.91999816894531,5827600.0
2021-01-15,68.83999633789062,68.97000122070312,68.30999755859375,68.72000122070312,6328100.0
2021-01-19,69.02999877929688,69.18000030517578,68.76000213623047,69.12000274658203,6169000.0
2021-01-20,69.01000213623047,69.5199966430664,68.91000366210938,69.47000122070312,4888000.0
2021-01-21,69.26000213623047,69.30000305175781,68.7300033569336,69.19999694824219,4822200.0
2021-01-22,68.87999725341797,69.3499984741211,68.83000183105469,69.23999786376953,4853200.0
2021-01-25,68.93000030517578,69.52999877929688,68.55000305175781,69.51000213623047,6877200.0
2021-01-26,69.33999633789062,69.5999984741211,69.31999969482422,69.5199966430664,4940900.0
2021-01-27,68.66999816894531,68.68000030517578,67.87999725341797,68.0,10789100.0
2021-01-28,67.86000061035156,68.7699966430664,67.81999969482422,68.44000244140625,5425400.0
2021-01-29,67.44000244140625,67.66999816894531,66.62000274658203,66.98999786376953,9213100.0
2021-02-01,67.55999755859375,67.75,67.27999877929688,67.69000244140625,5682800.0
2021-02-02,67.91000366210938,68.30000305175781,67.76000213623047,68.2300033569336,7269400.0
2021-02-03,68.55000305175781,68.7300033569336,68.44999694824219,68.62999725341797,9547600.0
2021-02-04,68.31999969482422,68.72000122070312,68.30000305175781,68.70999908447266,4412300.0
2021-02-05,69.23999786376953,69.31999969482422,69.0199966430664,69.25,4109200.0
2021-02-08,70.52999877929688,70.58999633789062,70.3499984741211,70.48999786376953,6378100.0
2021-02-09,70.72000122070312,71.0,70.63999938964844,70.87000274658203,4035000.0
2021-02-10,71.02999877929688,71.0999984741211,70.44000244140625,70.73999786376953,5202800.0
2021-02-11,71.0199966430664,71.13999938964844,70.77999877929688,71.11000061035156,4258100.0
2021-02-12,71.08000183105469,71.55999755859375,71.08000183105469,71.55000305175781,3884800.0
2021-02-16,72.04000091552734,72.27999877929688,71.81999969482422,71.86000061035156,5283800.0
2021-02-17,71.61000061035156,71.9000015258789,71.38999938964844,71.76000213623047,7591800.0
2021-02-18,70.6500015258789,70.95999908447266,70.43000030517578,70.9000015258789,5794500.0
2021-02-19,71.18000030517578,71.47000122070312,71.11000061035156,71.33999633789062,4486200.0
2021-02-22,70.97000122070312,71.55000305175781,70.94999694824219,71.16999816894531,6059300.0
2021-02-23,70.88999938964844,71.22000122070312,70.3499984741211,71.01000213623047,6817600.0
2021-02-24,69.87000274658203,70.55999755859375,69.7300033569336,70.41999816894531,7036700.0
2021-02-25,70.36000061035156,70.48999786376953,69.0,69.20999908447266,10938300.0
2021-02-26,68.69999694824219,68.72000122070312,68.0,68.22000122070312,19004200.0
2021-03-01,68.83000183105469,69.4000015258789,68.83000183105469,69.3499984741211,6603800.0
2021-03-02,68.80000305175781,68.9800033569336,68.55000305175781,68.66999816894531,9525800.0
2021-03-03,68.58000183105469,68.76000213623047,68.25,68.26000213623047,10593500.0
2021-03-04,68.01000213623047,68.3499984741211,67.20999908447266,67.61000061035156,11757500.0
2021-03-05,68.04000091552734,68.22000122070312,67.11000061035156,68.16000366210938,6837300.0
2021-03-08,67.54000091552734,67.87999725341797,67.33000183105469,67.4000015258789,7405900.0
2021-03-09,67.87999725341797,68.3499984741211,67.72000122070312,68.13999938964844,6702000.0
2021-03-10,68.29000091552734,68.51000213623047,68.05000305175781,68.37999725341797,6115700.0
2021-03-11,68.1500015258789,68.3499984741211,67.91999816894531,68.04000091552734,4107300.0
2021-03-12,68.5199966430664,68.94000244140625,68.51000213623047,68.94000244140625,6188100.0
2021-03-15,68.98999786376953,69.31999969482422,68.80999755859375,69.30999755859375,6445300.0
2021-03-16,69.62999725341797,69.76000213623047,69.47000122070312,69.54000091552734,5251100.0
2021-03-17,69.41999816894531,70.08000183105469,69.37000274658203,69.98999786376953,5228300.0
2021-03-18,70.22000122070312,70.80000305175781,70.16000366210938,70.18000030517578,9520600.0
2021-03-19,70.63999938964844,70.73999786376953,69.80999755859375,70.69000244140625,8822500.0
2021-03-22,70.0,70.4800033569336,69.94999694824219,70.22000122070312,4935900.0
2021-03-23,69.44999694824219,69.58999633789062,69.01000213623047,69.16999816894531,6458000.0
2021-03-24,68.33000183105469,68.83000183105469,68.2300033569336,68.41000366210938,9423100.0
2021-03-25,68.51000213623047,69.27999877929688,68.37999725341797,69.19000244140625,8219000.0
2021-03-26,69.4000015258789,70.12000274658203,69.36000061035156,70.11000061035156,4408500.0
2021-03-29,69.61000061035156,69.81999969482422,69.31999969482422,69.69000244140625,9160500.0
2021-03-30,69.04000091552734,69.38999938964844,68.91999816894531,69.18000030517578,5626800.0
2021-03-31,68.33000183105469,68.94999694824219,68.31999969482422,68.5199966430664,7248300.0
2021-04-01,68.68000030517578,69.23999786376953,68.62000274658203,69.13999938964844,5160000.0
2021-04-05,69.5,70.0199966430664,69.47000122070312,69.9800033569336,5171100.0
2021-04-06,68.87000274658203,69.05000305175781,68.70999908447266,68.91999816894531,4675200.0
2021-04-07,68.81999969482422,69.12999725341797,68.81999969482422,69.12000274658203,4644300.0
2021-04-08,69.22000122070312,69.2300033569336,69.05999755859375,69.19000244140625,3922200.0
2021-04-09,69.30999755859375,69.66999816894531,69.30999755859375,69.66999816894531,4962200.0
2021-04-12,69.33999633789062,69.41999816894531,69.08000183105469,69.23999786376953,2847800.0
2021-04-13,69.31999969482422,69.72000122070312,69.26000213623047,69.68000030517578,2916700.0
2021-04-14,69.41999816894531,69.80000305175781,69.37000274658203,69.55000305175781,5627000.0
2021-04-15,69.87000274658203,69.95999908447266,69.77999877929688,69.87999725341797,6310800.0
2021-04-16,69.93000030517578,69.95999908447266,69.79000091552734,69.95999908447266,3184400.0
2021-04-19,69.76000213623047,69.80999755859375,69.05000305175781,69.29000091552734,11056300.0
2021-04-20,68.05000305175781,68.1500015258789,67.55000305175781,67.79000091552734,9035400.0
2021-04-21,67.5999984741211,68.41000366210938,67.56999969482422,68.37000274658203,7032100.0
2021-04-22,68.93000030517578,68.9800033569336,68.36000061035156,68.48999786376953,7019600.0
2021-04-23,68.7300033569336,69.30999755859375,68.69000244140625,69.0999984741211,8746300.0
2021-04-26,68.93000030517578,69.04000091552734,68.69000244140625,68.83999633789062,6010900.0
2021-04-27,67.98999786376953,68.13999938964844,67.87999725341797,68.0,3852800.0
2021-04-28,67.94999694824219,68.19000244140625,67.83999633789062,67.9800033569336,4592300.0
2021-04-29,68.12999725341797,68.19999694824219,67.63999938964844,68.04000091552734,5639800.0
2021-04-30,67.69000244140625,67.80000305175781,67.19000244140625,67.41999816894531,6545900.0
2021-05-03,67.91000366210938,68.25,67.79000091552734,68.22000122070312,5433700.0
2021-05-04,67.66000366210938,67.81999969482422,67.01000213623047,67.36000061035156,8011900.0
2021-05-05,67.87000274658203,68.4000015258789,67.80999755859375,68.16999816894531,10408400.0
2021-05-06,68.16999816894531,68.7300033569336,68.06999969482422,68.72000122070312,12271100.0
2021-05-07,68.66999816894531,69.12999725341797,68.55000305175781,69.05999755859375,7396500.0
2021-05-10,69.52999877929688,69.58000183105469,68.87999725341797,68.91999816894531,8289300.0
2021-05-11,67.31999969482422,67.86000061035156,67.12999725341797,67.75,9958500.0
2021-05-12,66.51000213623047,66.73999786376953,65.2300033569336,65.43000030517578,13944500.0
2021-05-13,65.37999725341797,66.08000183105469,65.37999725341797,65.97000122070312,9473200.0
2021-05-14,66.69000244140625,67.02999877929688,66.6500015258789,67.01000213623047,6792500.0
2021-05-17,66.41999816894531,66.52999877929688,66.22000122070312,66.44999694824219,4992100.0
2021-05-18,67.58000183105469,67.72000122070312,67.23999786376953,67.29000091552734,6200900.0
2021-05-19,66.76000213623047,67.22000122070312,66.5999984741211,66.94999694824219,7092600.0
2021-05-20,67.27999877929688,67.77999877929688,67.23999786376953,67.55999755859375,6274300.0
2021-05-21,67.94000244140625,68.06999969482422,67.56999969482422,67.93000030517578,7088800.0
2021-05-24,68.11000061035156,68.30999755859375,68.04000091552734,68.2300033569336,4044400.0
2021-05-25,68.30000305175781,68.33000183105469,67.88999938964844,68.06999969482422,3394300.0
2021-05-26,68.19999694824219,68.3499984741211,68.13999938964844,68.22000122070312,3115000.0
2021-05-27,68.27999877929688,68.41999816894531,68.06999969482422,68.2699966430664,5490900.0
2021-05-28,68.69999694824219,68.87000274658203,68.55000305175781,68.58000183105469,4776600.0
2021-06-01,68.55999755859375,68.61000061035156,68.11000061035156,68.1500015258789,5514000.0
2021-06-02,68.76000213623047,68.94000244140625,68.68000030517578,68.77999877929688,5753300.0
2021-06-03,68.7699966430664,68.94000244140625,68.56999969482422,68.80000305175781,4862500.0
2021-06-04,69.4000015258789,69.72000122070312,69.30000305175781,69.55000305175781,7333600.0
2021-06-07,69.7699966430664,69.81999969482422,69.48999786376953,69.81999969482422,5774400.0
2021-06-08,69.69999694824219,69.79000091552734,69.43000030517578,69.4800033569336,6594200.0
2021-06-09,69.27999877929688,69.30999755859375,68.94999694824219,68.98999786376953,4593000.0
2021-06-10,68.80999755859375,68.97000122070312,68.66999816894531,68.77999877929688,9687600.0
2021-06-11,68.79000091552734,68.91000366210938,68.63999938964844,68.87999725341797,3547600.0
2021-06-14,68.7699966430664,68.87000274658203,68.5999984741211,68.86000061035156,2963500.0
2021-06-15,69.12000274658203,69.20999908447266,68.97000122070312,69.19000244140625,5175600.0
2021-06-16,69.26000213623047,69.36000061035156,68.73999786376953,69.08000183105469,5742900.0
2021-06-17,68.7699966430664,68.91000366210938,68.55000305175781,68.81999969482422,5887400.0
2021-06-18,67.4000015258789,67.5199966430664,67.16999816894531,67.25,6717900.0
2021-06-21,67.31999969482422,68.0199966430664,67.19000244140625,67.95999908447266,5464800.0
2021-06-22,68.0,68.23999786376953,67.83000183105469,68.04000091552734,5616000.0
2021-06-23,67.55999755859375,67.68000030517578,67.3499984741211,67.5199966430664,4900400.0
2021-06-24,67.93000030517578,68.13999938964844,67.87999725341797,68.11000061035156,3344700.0
2021-06-25,68.41999816894531,68.45999908447266,68.22000122070312,68.41999816894531,3532700.0
2021-06-28,68.26000213623047,68.26000213623047,68.05000305175781,68.13999938964844,5012300.0
2021-06-29,68.36000061035156,68.38999938964844,68.0999984741211,68.19000244140625,4268100.0
2021-06-30,67.47000122070312,67.69000244140625,67.23999786376953,67.54000091552734,5065700.0
2021-07-01,67.22000122070312,67.5199966430664,67.16000366210938,67.48999786376953,5091500.0
2021-07-02,67.77999877929688,67.91999816894531,67.5999984741211,67.91000366210938,5253700.0
2021-07-06,67.95999908447266,67.9800033569336,67.31999969482422,67.66000366210938,4459100.0
2021-07-07,67.68000030517578,67.83000183105469,67.4000015258789,67.69000244140625,5445100.0
2021-07-08,66.52999877929688,66.86000061035156,66.37999725341797,66.63999938964844,6309100.0
2021-07-09,67.98999786376953,68.44000244140625,67.94000244140625,68.43000030517578,6541600.0
2021-07-12,68.31999969482422,68.6500015258789,68.27999877929688,68.62999725341797,5932000.0
2021-07-13,68.62999725341797,68.70999908447266,68.18000030517578,68.41000366210938,3737000.0
2021-07-14,68.80000305175781,68.93000030517578,68.62999725341797,68.75,3230700.0
2021-07-15,67.8499984741211,68.06999969482422,67.7300033569336,67.91000366210938,4064400.0
2021-07-16,67.69999694824219,67.70999908447266,67.08999633789062,67.22000122070312,4813800.0
2021-07-19,66.68000030517578,66.80999755859375,65.80000305175781,66.26000213623047,10654000.0
2021-07-20,66.52999877929688,67.19999694824219,66.44000244140625,67.05000305175781,6998600.0
2021-07-21,66.95999908447266,67.58000183105469,66.91999816894531,67.52999877929688,3787600.0
2021-07-22,67.66000366210938,67.69000244140625,67.4000015258789,67.48999786376953,3906900.0
2021-07-23,67.77999877929688,67.91999816894531,67.5999984741211,67.87000274658203,4876700.0
2021-07-26,67.33000183105469,67.63999938964844,67.2699966430664,67.62999725341797,4731900.0
2021-07-27,67.30999755859375,67.41999816894531,66.8499984741211,67.26000213623047,5217500.0
2021-07-28,67.44000244140625,67.77999877929688,67.30000305175781,67.62000274658203,4851200.0
2021-07-29,67.91000366210938,68.04000091552734,67.79000091552734,67.8499984741211,4415600.0
2021-07-30,67.1500015258789,67.44999694824219,67.02999877929688,67.11000061035156,4993200.0
2021-08-02,68.11000061035156,68.2300033569336,67.63999938964844,67.76000213623047,5067800.0
2021-08-03,67.98999786376953,68.27999877929688,67.66000366210938,68.26000213623047,3739500.0
2021-08-04,67.83000183105469,67.9000015258789,67.4800033569336,67.55999755859375,3162700.0
2021-08-05,67.94000244140625,68.02999877929688,67.86000061035156,67.95999908447266,2611300.0
2021-08-06,67.83999633789062,67.91999816894531,67.68000030517578,67.81999969482422,2704700.0
2021-08-09,67.68000030517578,67.88999938964844,67.56999969482422,67.77999877929688,3586000.0
2021-08-10,67.5999984741211,67.81999969482422,67.56999969482422,67.81999969482422,2298700.0
2021-08-11,68.61000061035156,68.69000244140625,68.44000244140625,68.66000366210938,3690600.0
2021-08-12,68.26000213623047,68.43000030517578,68.0199966430664,68.43000030517578,3580400.0
2021-08-13,68.51000213623047,68.66999816894531,68.44000244140625,68.63999938964844,2954200.0
2021-08-16,67.94999694824219,68.16999816894531,67.72000122070312,68.16999816894531,3193200.0
2021-08-17,67.3499984741211,67.62999725341797,67.2699966430664,67.5999984741211,4005200.0
2021-08-18,67.5,67.68000030517578,67.2300033569336,67.25,3620200.0
2021-08-19,66.41999816894531,66.7699966430664,66.37000274658203,66.61000061035156,6036300.0
2021-08-20,66.23999786376953,66.70999908447266,66.16000366210938,66.66000366210938,4945000.0
2021-08-23,67.37000274658203,67.66999816894531,67.33000183105469,67.54000091552734,4030800.0
2021-08-24,67.97000122070312,68.33000183105469,67.94000244140625,68.13999938964844,6024300.0
2021-08-25,67.83999633789062,68.05999755859375,67.7699966430664,68.01000213623047,4446200.0
2021-08-26,67.77999877929688,67.86000061035156,67.55999755859375,67.66000366210938,3698700.0
2021-08-27,67.5199966430664,68.13999938964844,67.4800033569336,68.12999725341797,4057800.0
2021-08-30,68.12000274658203,68.12999725341797,67.95999908447266,68.04000091552734,4218800.0
2021-08-31,68.5999984741211,68.69000244140625,68.38999938964844,68.4000015258789,5026700.0
2021-09-01,69.37999725341797,69.69999694824219,69.31999969482422,69.51000213623047,8814900.0
2021-09-02,69.81999969482422,70.05999755859375,69.68000030517578,69.83000183105469,9157900.0
2021-09-03,71.04000091552734,71.91999816894531,71.04000091552734,71.80999755859375,14312000.0
2021-09-07,71.98999786376953,72.68000030517578,71.88999938964844,72.55999755859375,9022800.0
2021-09-08,72.72000122070312,72.80000305175781,72.22000122070312,72.25,4429600.0
2021-09-09,72.69000244140625,73.04000091552734,72.61000061035156,72.88999938964844,8012600.0
2021-09-10,73.58999633789062,73.6500015258789,72.75,72.80999755859375,8440800.0
2021-09-13,73.7300033569336,73.86000061035156,73.47000122070312,73.80999755859375,6507600.0
2021-09-14,73.86000061035156,73.86000061035156,73.36000061035156,73.4000015258789,7144100.0
2021-09-15,73.62000274658203,74.12000274658203,73.56999969482422,74.12000274658203,5571100.0
2021-09-16,73.58000183105469,74.01000213623047,73.51000213623047,73.94999694824219,7030400.0
2021-09-17,73.45999908447266,73.55999755859375,73.16000366210938,73.43000030517578,8420100.0
2021-09-20,72.25,72.5199966430664,71.87999725341797,72.37000274658203,12322600.0
2021-09-21,73.30999755859375,73.30999755859375,72.88999938964844,73.0199966430664,8959100.0
2021-09-22,72.38999938964844,72.87000274658203,72.29000091552734,72.48999786376953,7810400.0
2021-09-23,72.6500015258789,73.04000091552734,72.6500015258789,72.91000366210938,5483600.0
2021-09-24,72.5199966430664,72.7699966430664,72.51000213623047,72.66000366210938,4931900.0
2021-09-27,72.44000244140625,72.68000030517578,72.37999725341797,72.5999984741211,6289300.0
2021-09-28,71.56999969482422,71.63999938964844,70.9000015258789,71.02999877929688,14174600.0
2021-09-29,71.11000061035156,71.30000305175781,70.87999725341797,70.98999786376953,6640600.0
2021-09-30,70.56999969482422,70.66999816894531,70.11000061035156,70.25,13469200.0
2021-10-01,69.7699966430664,70.11000061035156,69.19999694824219,69.93000030517578,13462800.0
2021-10-04,68.80000305175781,68.88999938964844,67.5199966430664,67.98999786376953,13541300.0
2021-10-05,68.08000183105469,68.63999938964844,68.01000213623047,68.37000274658203,10923800.0
2021-10-06,66.95999908447266,67.83999633789062,66.5999984741211,67.77999877929688,13992000.0
2021-10-07,67.97000122070312,68.52999877929688,67.94000244140625,68.16999816894531,11401200.0
2021-10-08,68.1500015258789,68.19999694824219,67.75,67.86000061035156,8761200.0
2021-10-11,68.8499984741211,68.97000122070312,68.16000366210938,68.16000366210938,4000300.0
2021-10-12,67.87999725341797,68.02999877929688,67.66000366210938,67.72000122070312,4380900.0
2021-10-13,67.62999725341797,67.75,67.30999755859375,67.68000030517578,4315000.0
2021-10-14,68.41000366210938,68.44999694824219,68.19000244140625,68.31999969482422,5463000.0
2021-10-15,69.04000091552734,69.22000122070312,68.91000366210938,69.04000091552734,8433200.0
2021-10-18,68.43000030517578,68.83000183105469,68.33000183105469,68.69999694824219,5059900.0
2021-10-19,69.05999755859375,69.33000183105469,68.9800033569336,69.12999725341797,5058100.0
2021-10-20,68.97000122070312,69.22000122070312,68.93000030517578,69.05999755859375,5022500.0
2021-10-21,67.88999938964844,68.25,67.75,67.86000061035156,11931600.0
2021-10-22,68.44000244140625,68.70999908447266,68.27999877929688,68.41999816894531,8930000.0
2021-10-25,68.27999877929688,68.66000366210938,68.11000061035156,68.44999694824219,7417700.0
2021-10-26,68.91000366210938,68.91999816894531,68.4000015258789,68.45999908447266,7136900.0
2021-10-27,68.29000091552734,68.54000091552734,67.91999816894531,67.95999908447266,8080900.0
2021-10-28,68.30000305175781,68.62999725341797,68.27999877929688,68.5,8331600.0
2021-10-29,68.04000091552734,68.47000122070312,68.0,68.4000015258789,6477200.0
2021-11-01,69.37999725341797,69.47000122070312,69.1500015258789,69.43000030517578,8685800.0
2021-11-02,69.2699966430664,69.5199966430664,69.25,69.3499984741211,6420200.0
2021-11-03,69.30000305175781,69.93000030517578,69.11000061035156,69.7699966430664,6085700.0
2021-11-04,70.05000305175781,70.29000091552734,69.91999816894531,70.2699966430664,7481100.0
2021-11-05,70.23999786376953,70.4000015258789,70.08000183105469,70.36000061035156,5763300.0
2021-11-08,70.12000274658203,70.20999908447266,70.0199966430664,70.20999908447266,5531600.0
2021-11-09,69.87999725341797,69.93000030517578,69.5199966430664,69.7699966430664,7971100.0
2021-11-10,69.30999755859375,69.44000244140625,68.56999969482422,68.68000030517578,5739100.0
2021-11-11,69.25,69.29000091552734,69.02999877929688,69.08000183105469,4193300.0
2021-11-12,69.75,70.0999984741211,69.66999816894531,70.08000183105469,13472300.0
2021-11-15,70.11000061035156,70.16999816894531,69.94999694824219,70.0199966430664,5410800.0
2021-11-16,69.91999816894531,69.98999786376953,69.83999633789062,69.87999725341797,7354100.0
2021-11-17,69.37999725341797,69.5999984741211,69.29000091552734,69.58999633789062,4427200.0
2021-11-18,69.5999984741211,69.7699966430664,69.30999755859375,69.7699966430664,6787900.0
2021-11-19,69.8499984741211,70.08000183105469,69.77999877929688,69.91000366210938,5835600.0
2021-11-22,69.86000061035156,70.08000183105469,69.51000213623047,69.55000305175781,8232300.0
2021-11-23,69.44000244140625,69.69000244140625,69.23999786376953,69.62999725341797,6844600.0
2021-11-24,68.44999694824219,68.77999877929688,68.33000183105469,68.77999877929688,7209400.0
2021-11-26,67.5999984741211,67.66000366210938,66.70999908447266,66.95999908447266,8587400.0
2021-11-29,67.31999969482422,67.55999755859375,66.9000015258789,67.1500015258789,9643600.0
2021-11-30,66.44000244140625,66.66000366210938,65.38999938964844,66.33000183105469,13303500.0
2021-12-01,67.45999908447266,67.62000274658203,65.91999816894531,65.9800033569336,14930700.0
2021-12-02,66.36000061035156,67.16000366210938,66.30999755859375,66.97000122070312,12287300.0
2021-12-03,67.44000244140625,67.5999984741211,66.8499984741211,67.36000061035156,10887300.0
2021-12-06,67.16000366210938,67.5,67.04000091552734,67.4000015258789,6800300.0
2021-12-07,68.4800033569336,69.01000213623047,68.44000244140625,68.97000122070312,8187200.0
2021-12-08,68.76000213623047,68.9800033569336,68.62999725341797,68.88999938964844,6407500.0
2021-12-09,68.3499984741211,68.55999755859375,68.19999694824219,68.33000183105469,4763300.0
2021-12-10,68.3499984741211,68.47000122070312,68.20999908447266,68.43000030517578,4865900.0
2021-12-13,67.0999984741211,67.1500015258789,66.7699966430664,66.88999938964844,6239000.0
2021-12-14,66.72000122070312,66.9000015258789,66.48999786376953,66.80999755859375,6904100.0
2021-12-15,67.31999969482422,68.0199966430664,67.16000366210938,67.95999908447266,9238600.0
2021-12-16,68.29000091552734,68.36000061035156,67.94000244140625,68.04000091552734,6476700.0
2021-12-17,67.45999908447266,67.61000061035156,67.19000244140625,67.20999908447266,7341400.0
2021-12-20,66.38999938964844,66.72000122070312,66.2699966430664,66.63999938964844,5452600.0
2021-12-21,66.80000305175781,67.08999633789062,66.7300033569336,67.02999877929688,4019100.0
2021-12-22,66.62999725341797,67.16000366210938,66.54000091552734,67.13999938964844,3036700.0
2021-12-23,67.13999938964844,67.58999633789062,67.0999984741211,67.4000015258789,2963600.0
2021-12-27,67.08000183105469,67.37999725341797,67.02999877929688,67.33999633789062,3292600.0
2021-12-28,67.33999633789062,67.62999725341797,67.33000183105469,67.41999816894531,2728200.0
2021-12-29,67.12999725341797,67.1500015258789,66.93000030517578,67.0999984741211,3552300.0
2021-12-30,67.0999984741211,67.18000030517578,66.81999969482422,66.91000366210938,3363600.0
2021-12-31,66.81999969482422,67.23999786376953,66.81999969482422,66.95999908447266,5025600.0
2022-01-03,67.16999816894531,67.18000030517578,66.83000183105469,67.02999877929688,6386000.0
2022-01-04,67.75,67.98999786376953,67.7300033569336,67.91000366210938,5794500.0
2022-01-05,68.37000274658203,68.4800033569336,67.58000183105469,67.5999984741211,8084200.0
2022-01-06,67.12000274658203,67.33000183105469,66.93000030517578,67.0999984741211,7467800.0
2022-01-07,66.5199966430664,66.80000305175781,66.12999725341797,66.66999816894531,4807700.0
2022-01-10,66.45999908447266,66.62000274658203,65.95999908447266,66.51000213623047,7531100.0
2022-01-11,66.48999786376953,67.13999938964844,66.29000091552734,67.02999877929688,5911700.0
2022-01-12,67.76000213623047,68.04000091552734,67.66000366210938,67.98999786376953,5399300.0
2022-01-13,67.98999786376953,68.0199966430664,67.19000244140625,67.30999755859375,7073400.0
2022-01-14,67.06999969482422,67.30000305175781,66.91000366210938,67.2300033569336,5361900.0
2022-01-18,66.30000305175781,66.5,66.01000213623047,66.16999816894531,8101200.0
2022-01-19,65.72000122070312,65.86000061035156,65.27999877929688,65.3499984741211,14395000.0
2022-01-20,65.55000305175781,66.02999877929688,65.0199966430664,65.05999755859375,6899100.0
2022-01-21,65.5,65.56999969482422,64.77999877929688,64.80999755859375,9964800.0
2022-01-24,64.4800033569336,64.58000183105469,63.349998474121094,64.52999877929688,14286300.0
2022-01-25,64.05999755859375,64.77999877929688,63.59000015258789,64.30000305175781,8364900.0
2022-01-26,64.58999633789062,64.58999633789062,63.220001220703125,63.40999984741211,8982500.0
2022-01-27,62.75,63.119998931884766,62.27000045776367,62.5099983215332,7608800.0
2022-01-28,62.119998931884766,62.7599983215332,61.779998779296875,62.75,6506000.0
2022-01-31,63.040000915527344,64.08000183105469,63.029998779296875,64.08000183105469,6915100.0
2022-02-01,63.970001220703125,64.0999984741211,63.459999084472656,64.0999984741211,6751800.0
2022-02-02,65.18000030517578,65.2699966430664,64.79000091552734,65.08000183105469,3617200.0
2022-02-03,64.2300033569336,64.47000122070312,63.65999984741211,63.720001220703125,5587300.0
2022-02-04,63.86000061035156,64.47000122070312,63.77000045776367,64.22000122070312,4833100.0
2022-02-07,64.37000274658203,64.6500015258789,64.22000122070312,64.26000213623047,4655600.0
2022-02-08,64.30000305175781,64.69999694824219,64.20999908447266,64.62999725341797,4644500.0
2022-02-09,65.30000305175781,65.52999877929688,65.19999694824219,65.5199966430664,3594800.0
2022-02-10,64.38999938964844,65.26000213623047,64.37999725341797,64.4800033569336,4958500.0
2022-02-11,64.51000213623047,64.72000122070312,63.86000061035156,63.959999084472656,11583000.0
2022-02-14,64.04000091552734,64.1500015258789,63.650001525878906,63.959999084472656,7318100.0
2022-02-15,64.29000091552734,64.73999786376953,64.29000091552734,64.66999816894531,4076100.0
2022-02-16,64.27999877929688,64.81999969482422,64.2699966430664,64.68000030517578,4671200.0
2022-02-17,64.19000244140625,64.25,63.65999984741211,63.72999954223633,5787200.0
2022-02-18,63.779998779296875,63.900001525878906,63.41999816894531,63.630001068115234,6155100.0
2022-02-22,63.2400016784668,63.61000061035156,62.90999984741211,63.119998931884766,9463900.0
2022-02-23,63.400001525878906,63.45000076293945,62.36000061035156,62.470001220703125,10861300.0
2022-02-24,61.189998626708984,62.130001068115234,60.84000015258789,62.11000061035156,16191500.0
2022-02-25,62.75,63.56999969482422,62.63999938964844,63.54999923706055,11623300.0
2022-02-28,62.88999938964844,63.400001525878906,62.75,62.939998626708984,7837900.0
2022-03-01,62.84000015258789,62.970001220703125,61.86000061035156,62.08000183105469,8873400.0
2022-03-02,62.0099983215332,62.36000061035156,61.88999938964844,62.290000915527344,5574600.0
2022-03-03,62.29999923706055,62.34000015258789,61.65999984741211,61.97999954223633,6012300.0
2022-03-04,60.939998626708984,61.33000183105469,60.849998474121094,61.18000030517578,7230500.0
2022-03-07,60.040000915527344,60.060001373291016,58.90999984741211,59.029998779296875,9728000.0
2022-03-08,58.43000030517578,59.040000915527344,57.93000030517578,58.18000030517578,14054500.0
2022-03-09,59.41999816894531,59.84000015258789,59.11000061035156,59.75,7410400.0
2022-03-10,59.63999938964844,59.880001068115234,59.2599983215332,59.5,15922900.0
2022-03-11,59.599998474121094,59.650001525878906,58.470001220703125,58.540000915527344,5751100.0
2022-03-14,58.90999984741211,59.189998626708984,58.470001220703125,58.619998931884766,4843700.0
2022-03-15,58.93000030517578,59.72999954223633,58.84000015258789,59.58000183105469,11392200.0
2022-03-16,60.459999084472656,60.9900016784668,59.75,60.90999984741211,11191800.0
2022-03-17,61.040000915527344,61.5099983215332,60.93000030517578,61.47999954223633,7810500.0
2022-03-18,61.59000015258789,62.36000061035156,61.52000045776367,62.27000045776367,8713800.0
2022-03-21,62.369998931884766,62.599998474121094,62.029998779296875,62.25,5907500.0
2022-03-22,62.15999984741211,62.56999969482422,62.13999938964844,62.439998626708984,7408800.0
2022-03-23,62.41999816894531,62.59000015258789,62.02000045776367,62.06999969482422,5475400.0
2022-03-24,62.5,62.790000915527344,62.400001525878906,62.75,3229800.0
2022-03-25,62.560001373291016,62.83000183105469,62.369998931884766,62.7400016784668,3381800.0
2022-03-28,61.630001068115234,61.81999969482422,61.540000915527344,61.79999923706055,4666700.0
2022-03-29,62.97999954223633,63.22999954223633,62.58000183105469,63.02000045776367,4713400.0
2022-03-30,62.540000915527344,62.849998474121094,62.08000183105469,62.36000061035156,9557000.0
2022-03-31,62.13999938964844,62.38999938964844,61.54999923706055,61.61000061035156,5961500.0
2022-04-01,61.66999816894531,61.970001220703125,61.540000915527344,61.93000030517578,5813800.0
2022-04-04,62.0,62.4900016784668,61.939998626708984,62.43000030517578,5171900.0
2022-04-05,61.470001220703125,61.529998779296875,60.66999816894531,60.79999923706055,5356200.0
2022-04-06,59.95000076293945,60.15999984741211,59.599998474121094,59.88999938964844,6237600.0
2022-04-07,59.4900016784668,59.959999084472656,59.31999969482422,59.68000030517578,5535100.0
2022-04-08,59.29999923706055,59.66999816894531,59.2599983215332,59.43000030517578,4851400.0
2022-04-11,58.709999084472656,58.86000061035156,58.38999938964844,58.5,5837800.0
2022-04-12,58.2599983215332,58.33000183105469,57.619998931884766,57.72999954223633,5750800.0
2022-04-13,58.08000183105469,58.630001068115234,58.04999923706055,58.560001373291016,5269400.0
2022-04-14,58.91999816894531,59.08000183105469,58.369998931884766,58.400001525878906,6082100.0
2022-04-18,57.790000915527344,58.029998779296875,57.54999923706055,57.70000076293945,6205700.0
2022-04-19,57.150001525878906,57.75,57.119998931884766,57.709999084472656,5594200.0
2022-04-20,58.349998474121094,58.45000076293945,58.04999923706055,58.25,6034700.0
2022-04-21,58.72999954223633,58.880001068115234,57.72999954223633,57.77000045776367,10169200.0
2022-04-22,57.70000076293945,57.790000915527344,56.849998474121094,56.90999984741211,8183800.0
2022-04-25,56.880001068115234,57.290000915527344,56.630001068115234,57.2599983215332,9450500.0
2022-04-26,56.91999816894531,56.939998626708984,56.029998779296875,56.04999923706055,10172500.0
2022-04-27,56.40999984741211,56.7599983215332,56.220001220703125,56.27000045776367,11996200.0
2022-04-28,56.849998474121094,57.41999816894531,56.40999984741211,57.29999923706055,9540500.0
2022-04-29,57.5,57.939998626708984,56.540000915527344,56.619998931884766,11952200.0
2022-05-02,56.45000076293945,56.66999816894531,56.040000915527344,56.599998474121094,9722000.0
2022-05-03,56.81999969482422,57.22999954223633,56.650001525878906,57.04999923706055,7571400.0
2022-05-04,57.04999923706055,58.20000076293945,56.41999816894531,58.060001373291016,8781200.0
2022-05-05,57.40999984741211,57.459999084472656,56.11000061035156,56.470001220703125,13209300.0
2022-05-06,56.630001068115234,56.95000076293945,56.29999923706055,56.689998626708984,12736600.0
2022-05-09,55.599998474121094,55.68000030517578,54.9900016784668,55.09000015258789,9131400.0
2022-05-10,55.68000030517578,55.77000045776367,54.869998931884766,55.16999816894531,7341400.0
2022-05-11,54.900001525878906,55.529998779296875,54.540000915527344,54.56999969482422,9707500.0
2022-05-12,55.09000015258789,55.540000915527344,54.79999923706055,55.18000030517578,8562000.0
2022-05-13,55.959999084472656,56.349998474121094,55.91999816894531,56.31999969482422,5384700.0
2022-05-16,56.0,56.25,55.84000015258789,56.02000045776367,3937300.0
2022-05-17,56.2400016784668,56.470001220703125,56.11000061035156,56.43000030517578,4673100.0
2022-05-18,56.4900016784668,56.599998474121094,55.77000045776367,55.88999938964844,5409600.0
2022-05-19,56.099998474121094,56.66999816894531,56.099998474121094,56.369998931884766,7807200.0
2022-05-20,57.25,57.27000045776367,56.470001220703125,57.09000015258789,9977100.0
2022-05-23,57.40999984741211,57.810001373291016,57.38999938964844,57.63999938964844,7226600.0
2022-05-24,57.380001068115234,57.56999969482422,57.16999816894531,57.41999816894531,5665400.0
2022-05-25,57.099998474121094,57.70000076293945,57.099998474121094,57.540000915527344,2924600.0
2022-05-26,57.54999923706055,58.13999938964844,57.54999923706055,57.9900016784668,3052800.0
2022-05-27,58.08000183105469,58.380001068115234,58.040000915527344,58.34000015258789,2547800.0
2022-05-31,57.810001373291016,57.95000076293945,57.5,57.599998474121094,4690700.0
2022-06-01,58.36000061035156,58.43000030517578,57.459999084472656,57.630001068115234,4964800.0
2022-06-02,57.7599983215332,58.22999954223633,57.4900016784668,58.220001220703125,3078100.0
2022-06-03,57.22999954223633,57.310001373291016,56.939998626708984,57.0099983215332,3138400.0
2022-06-06,57.72999954223633,57.81999969482422,57.20000076293945,57.31999969482422,3561700.0
2022-06-07,56.83000183105469,57.5099983215332,56.83000183105469,57.5,2300500.0
2022-06-08,56.880001068115234,57.119998931884766,56.689998626708984,56.75,3007400.0
2022-06-09,56.5,56.650001525878906,55.779998779296875,55.79999923706055,3797700.0
2022-06-10,55.290000915527344,55.36000061035156,54.709999084472656,54.790000915527344,12990600.0
2022-06-13,53.86000061035156,54.029998779296875,53.130001068115234,53.2599983215332,6839000.0
2022-06-14,53.29999923706055,53.47999954223633,52.5,52.900001525878906,5854000.0
2022-06-15,52.939998626708984,53.7400016784668,52.47999954223633,53.4900016784668,12453200.0
2022-06-16,52.52000045776367,52.9900016784668,52.25,52.63999938964844,6355200.0
2022-06-17,52.119998931884766,52.349998474121094,51.72999954223633,52.060001373291016,6988500.0
2022-06-21,52.43000030517578,52.75,52.43000030517578,52.599998474121094,4359800.0
2022-06-22,52.119998931884766,52.70000076293945,52.11000061035156,52.34000015258789,4038700.0
2022-06-23,52.61000061035156,52.81999969482422,52.290000915527344,52.65999984741211,4152200.0
2022-06-24,53.02000045776367,53.7400016784668,53.02000045776367,53.70000076293945,5458600.0
2022-06-27,53.400001525878906,53.5,53.16999816894531,53.22999954223633,4542800.0
2022-06-28,53.91999816894531,54.060001373291016,53.11000061035156,53.150001525878906,4698900.0
2022-06-29,53.02000045776367,53.099998474121094,52.75,52.90999984741211,3677700.0
2022-06-30,52.310001373291016,52.880001068115234,52.11000061035156,52.83000183105469,6955700.0
2022-07-01,52.34000015258789,53.08000183105469,52.290000915527344,53.04999923706055,5005300.0
2022-07-05,52.20000076293945,52.7400016784668,52.060001373291016,52.709999084472656,5572000.0
2022-07-06,52.72999954223633,52.779998779296875,52.400001525878906,52.70000076293945,4402500.0
2022-07-07,53.130001068115234,53.5,53.130001068115234,53.45000076293945,4022100.0
2022-07-08,53.47999954223633,53.84000015258789,53.380001068115234,53.720001220703125,3224700.0
2022-07-11,53.34000015258789,53.400001525878906,52.93000030517578,52.9900016784668,2243900.0
2022-07-12,52.84000015258789,53.290000915527344,52.84000015258789,53.0099983215332,3076900.0
2022-07-13,52.2599983215332,52.869998931884766,52.20000076293945,52.72999954223633,2901900.0
2022-07-14,51.79999923706055,52.279998779296875,51.560001373291016,52.209999084472656,4250700.0
2022-07-15,52.470001220703125,52.77000045776367,52.310001373291016,52.7599983215332,5483100.0
2022-07-18,53.15999984741211,53.34000015258789,52.79999923706055,52.86000061035156,3237100.0
2022-07-19,53.34000015258789,53.65999984741211,53.33000183105469,53.619998931884766,3139300.0
2022-07-20,53.90999984741211,54.08000183105469,53.70000076293945,53.849998474121094,3041300.0
2022-07-21,53.90999984741211,54.54999923706055,53.90999984741211,54.529998779296875,3068400.0
2022-07-22,55.0,55.2400016784668,54.4900016784668,54.70000076293945,4480400.0
2022-07-25,54.68000030517578,54.77000045776367,54.5,54.689998626708984,2552800.0
2022-07-26,54.439998626708984,54.529998779296875,54.06999969482422,54.09000015258789,3191800.0
2022-07-27,54.58000183105469,55.25,54.470001220703125,55.18000030517578,3820100.0
2022-07-28,55.43000030517578,55.720001220703125,55.060001373291016,55.630001068115234,3916100.0
2022-07-29,55.470001220703125,56.18000030517578,55.349998474121094,56.150001525878906,4488600.0
2022-08-01,56.68000030517578,57.060001373291016,56.56999969482422,56.869998931884766,5003000.0
2022-08-02,56.38999938964844,56.5099983215332,55.779998779296875,55.790000915527344,4891900.0
2022-08-03,55.599998474121094,55.810001373291016,55.27000045776367,55.66999816894531,2552200.0
2022-08-04,55.439998626708984,55.7400016784668,55.38999938964844,55.650001525878906,2513500.0
2022-08-05,55.16999816894531,55.41999816894531,55.0,55.310001373291016,3092300.0
2022-08-08,55.68000030517578,55.91999816894531,55.2599983215332,55.290000915527344,4977500.0
2022-08-09,54.959999084472656,55.02000045776367,54.68000030517578,54.7400016784668,3482900.0
2022-08-10,56.08000183105469,56.47999954223633,56.02000045776367,56.310001373291016,4594200.0
2022-08-11,56.58000183105469,56.779998779296875,56.209999084472656,56.290000915527344,3955600.0
2022-08-12,56.75,57.029998779296875,56.599998474121094,57.029998779296875,3663100.0
2022-08-15,57.09000015258789,57.31999969482422,57.060001373291016,57.2599983215332,2352500.0
2022-08-16,56.619998931884766,57.029998779296875,56.61000061035156,56.9900016784668,2498500.0
2022-08-17,56.70000076293945,57.11000061035156,56.47999954223633,56.810001373291016,4082000.0
2022-08-18,56.75,56.779998779296875,56.439998626708984,56.61000061035156,2159700.0
2022-08-19,55.7599983215332,55.84000015258789,55.5,55.630001068115234,2351200.0
2022-08-22,55.380001068115234,55.40999984741211,54.959999084472656,55.060001373291016,2795600.0
2022-08-23,54.97999954223633,55.7599983215332,54.939998626708984,55.189998626708984,3634800.0
2022-08-24,55.060001373291016,55.369998931884766,55.0,55.16999816894531,2006800.0
2022-08-25,55.369998931884766,55.79999923706055,55.2400016784668,55.79999923706055,3034300.0
2022-08-26,55.58000183105469,55.68000030517578,54.439998626708984,54.439998626708984,4462700.0
2022-08-29,53.900001525878906,54.099998474121094,53.790000915527344,53.88999938964844,3589300.0
2022-08-30,54.4900016784668,54.560001373291016,53.75,53.83000183105469,4059700.0
2022-08-31,53.959999084472656,54.11000061035156,53.59000015258789,53.59000015258789,5129200.0
2022-09-01,52.959999084472656,53.060001373291016,52.59000015258789,52.95000076293945,6209700.0
2022-09-02,52.91999816894531,53.16999816894531,52.290000915527344,52.369998931884766,5161400.0
2022-09-06,51.91999816894531,51.95000076293945,51.41999816894531,51.54999923706055,5610000.0
2022-09-07,50.83000183105469,51.52000045776367,50.79999923706055,51.470001220703125,4663300.0
2022-09-08,51.630001068115234,52.119998931884766,51.54999923706055,52.09000015258789,4333900.0
2022-09-09,52.720001220703125,53.09000015258789,52.70000076293945,53.06999969482422,5370100.0
2022-09-12,53.119998931884766,53.40999984741211,53.060001373291016,53.09000015258789,6672600.0
2022-09-13,52.130001068115234,52.31999969482422,51.31999969482422,51.34000015258789,10922400.0
2022-09-14,52.20000076293945,52.349998474121094,51.84000015258789,52.08000183105469,5156200.0
2022-09-15,51.790000915527344,52.119998931884766,51.599998474121094,51.66999816894531,3567200.0
2022-09-16,51.560001373291016,51.77000045776367,51.45000076293945,51.630001068115234,3814500.0
2022-09-19,51.220001220703125,51.88999938964844,51.220001220703125,51.79999923706055,3877600.0
2022-09-20,51.31999969482422,51.41999816894531,51.060001373291016,51.2599983215332,4299600.0
2022-09-21,51.06999969482422,51.540000915527344,50.56999969482422,50.66999816894531,5299700.0
2022-09-22,51.349998474121094,51.41999816894531,50.849998474121094,51.06999969482422,5896200.0
2022-09-23,50.25,50.349998474121094,49.72999954223633,50.040000915527344,5641100.0
2022-09-26,49.38999938964844,49.66999816894531,49.02000045776367,49.22999954223633,4535600.0
2022-09-27,49.25,49.380001068115234,48.619998931884766,48.81999969482422,5212900.0
2022-09-28,48.959999084472656,49.86000061035156,48.880001068115234,49.7400016784668,6345400.0
2022-09-29,49.29999923706055,49.40999984741211,48.86000061035156,49.2599983215332,4599000.0
2022-09-30,48.86000061035156,49.310001373291016,48.709999084472656,48.849998474121094,6318300.0
2022-10-03,49.310001373291016,49.900001525878906,49.16999816894531,49.72999954223633,5328700.0
2022-10-04,50.66999816894531,51.349998474121094,50.599998474121094,51.31999969482422,5520800.0
2022-10-05,50.61000061035156,51.02000045776367,50.38999938964844,50.779998779296875,4110000.0
2022-10-06,50.630001068115234,50.779998779296875,50.31999969482422,50.31999969482422,4414000.0
2022-10-07,50.27000045776367,50.33000183105469,49.650001525878906,49.810001373291016,4116800.0
2022-10-10,49.70000076293945,49.7400016784668,49.31999969482422,49.61000061035156,3597600.0
2022-10-11,49.29999923706055,49.66999816894531,49.0099983215332,49.099998474121094,3240400.0
2022-10-12,48.779998779296875,48.970001220703125,48.689998626708984,48.7400016784668,3881700.0
2022-10-13,47.689998626708984,49.29999923706055,47.63999938964844,49.16999816894531,6222500.0
2022-10-14,49.27000045776367,49.40999984741211,48.400001525878906,48.459999084472656,6519900.0
2022-10-17,48.81999969482422,49.09000015258789,48.779998779296875,48.95000076293945,3169700.0
2022-10-18,49.279998779296875,49.279998779296875,48.560001373291016,48.779998779296875,4612100.0
2022-10-19,48.56999969482422,48.779998779296875,48.2599983215332,48.47999954223633,3546800.0
2022-10-20,48.650001525878906,49.06999969482422,48.36000061035156,48.439998626708984,3781700.0
2022-10-21,47.790000915527344,49.4900016784668,47.66999816894531,49.290000915527344,12892200.0
2022-10-24,48.77000045776367,49.029998779296875,48.560001373291016,48.970001220703125,5453200.0
2022-10-25,49.5,50.150001525878906,49.5,50.09000015258789,3839100.0
2022-10-26,50.119998931884766,50.720001220703125,50.11000061035156,50.380001068115234,3891600.0
2022-10-27,50.18000030517578,50.439998626708984,49.7400016784668,49.75,4126700.0
2022-10-28,49.68000030517578,50.279998779296875,49.68000030517578,50.279998779296875,3756300.0
2022-10-31,49.869998931884766,50.04999923706055,49.79999923706055,49.9900016784668,4453600.0
2022-11-01,50.849998474121094,50.86000061035156,50.16999816894531,50.369998931884766,5872400.0
2022-11-02,50.72999954223633,51.349998474121094,49.97999954223633,50.040000915527344,5510900.0
2022-11-03,49.779998779296875,50.119998931884766,49.66999816894531,49.900001525878906,3569400.0
2022-11-04,50.47999954223633,50.95000076293945,50.279998779296875,50.869998931884766,4596200.0
2022-11-07,51.209999084472656,51.290000915527344,50.959999084472656,51.15999984741211,2904000.0
2022-11-08,51.689998626708984,52.189998626708984,51.619998931884766,51.900001525878906,4415100.0
2022-11-09,51.33000183105469,51.68000030517578,50.939998626708984,51.02000045776367,3875000.0
2022-11-10,52.970001220703125,53.900001525878906,52.810001373291016,53.869998931884766,6381700.0
2022-11-11,54.529998779296875,55.0,54.31999969482422,54.939998626708984,6372500.0
2022-11-14,54.150001525878906,54.52000045776367,54.029998779296875,54.189998626708984,3749200.0
2022-11-15,55.0,55.040000915527344,54.380001068115234,54.54999923706055,3360200.0
2022-11-16,54.5,54.599998474121094,54.20000076293945,54.36000061035156,3337000.0
2022-11-17,53.810001373291016,54.310001373291016,53.810001373291016,54.2599983215332,2996600.0
2022-11-18,54.470001220703125,54.47999954223633,54.13999938964844,54.2400016784668,1908300.0
2022-11-21,53.869998931884766,54.029998779296875,53.689998626708984,53.79999923706055,1972200.0
2022-11-22,54.47999954223633,54.95000076293945,54.45000076293945,54.95000076293945,2729500.0
2022-11-23,55.119998931884766,55.75,55.060001373291016,55.58000183105469,3675200.0
2022-11-25,55.83000183105469,56.04999923706055,55.790000915527344,55.959999084472656,1951000.0
2022-11-28,55.77000045776367,56.0,55.470001220703125,55.529998779296875,2778700.0
2022-11-29,55.20000076293945,55.52000045776367,55.15999984741211,55.189998626708984,2403800.0
2022-11-30,55.06999969482422,56.02000045776367,54.72999954223633,55.79999923706055,7965500.0
2022-12-01,56.25,56.349998474121094,55.779998779296875,56.18000030517578,4397600.0
2022-12-02,55.369998931884766,56.13999938964844,55.36000061035156,55.93000030517578,10397900.0
2022-12-05,55.209999084472656,55.470001220703125,54.59000015258789,54.7599983215332,5890500.0
2022-12-06,54.900001525878906,55.06999969482422,54.349998474121094,54.59000015258789,4416000.0
2022-12-07,54.79999923706055,54.959999084472656,54.619998931884766,54.75,3521800.0
2022-12-08,54.84000015258789,55.150001525878906,54.68000030517578,55.09000015258789,2374500.0
2022-12-09,55.36000061035156,55.68000030517578,55.25,55.2599983215332,2386600.0
2022-12-12,55.16999816894531,55.29999923706055,54.970001220703125,55.25,3164300.0
2022-12-13,56.619998931884766,56.619998931884766,55.790000915527344,55.91999816894531,6082600.0
2022-12-14,56.15999984741211,56.459999084472656,55.470001220703125,55.869998931884766,5829200.0
2022-12-15,55.16999816894531,55.27000045776367,54.290000915527344,54.5099983215332,4615100.0
2022-12-16,54.22999954223633,54.650001525878906,54.130001068115234,54.54999923706055,3742100.0
2022-12-19,54.47999954223633,54.61000061035156,54.09000015258789,54.20000076293945,3185400.0
2022-12-20,55.02000045776367,55.54999923706055,54.849998474121094,54.970001220703125,6279300.0
2022-12-21,54.97999954223633,55.25,54.83000183105469,54.88999938964844,4500700.0
2022-12-22,54.90999984741211,54.93000030517578,54.29999923706055,54.72999954223633,3898600.0
2022-12-23,54.58000183105469,54.849998474121094,54.439998626708984,54.77000045776367,2062900.0
2022-12-27,54.58000183105469,54.7599983215332,54.400001525878906,54.52000045776367,1957300.0
2022-12-28,54.619998931884766,54.7599983215332,53.869998931884766,53.869998931884766,2674700.0
2022-12-29,54.619998931884766,55.02000045776367,54.59000015258789,54.869998931884766,2845700.0
2022-12-30,54.58000183105469,54.7400016784668,54.369998931884766,54.439998626708984,4266100.0
2023-01-03,55.04999923706055,55.310001373291016,54.56999969482422,54.70000076293945,4802700.0
2023-01-04,54.68000030517578,54.7400016784668,54.02000045776367,54.15999984741211,7988000.0
2023-01-05,53.40999984741211,53.70000076293945,53.27000045776367,53.43000030517578,3930800.0
2023-01-06,53.86000061035156,54.83000183105469,53.56999969482422,54.77000045776367,4643200.0
2023-01-09,55.0,55.380001068115234,54.86000061035156,54.88999938964844,3307100.0
2023-01-10,54.70000076293945,54.81999969482422,54.40999984741211,54.7599983215332,2293300.0
2023-01-11,55.15999984741211,55.22999954223633,54.95000076293945,55.20000076293945,4146200.0
2023-01-12,56.06999969482422,56.529998779296875,55.47999954223633,56.529998779296875,4269600.0
2023-01-13,56.369998931884766,56.790000915527344,56.33000183105469,56.77000045776367,5024200.0
2023-01-17,57.11000061035156,57.349998474121094,57.060001373291016,57.310001373291016,8498300.0
2023-01-18,57.97999954223633,58.08000183105469,57.209999084472656,57.22999954223633,4175700.0
2023-01-19,57.189998626708984,57.34000015258789,57.0,57.20000076293945,5455300.0
2023-01-20,57.119998931884766,57.849998474121094,57.02000045776367,57.849998474121094,4456800.0
2023-01-23,57.369998931884766,57.810001373291016,57.27000045776367,57.689998626708984,4207500.0
2023-01-24,57.810001373291016,58.22999954223633,57.58000183105469,58.08000183105469,3058200.0
2023-01-25,58.349998474121094,58.81999969482422,58.27000045776367,58.779998779296875,2967500.0
2023-01-26,58.75,58.810001373291016,58.25,58.65999984741211,2231000.0
2023-01-27,58.599998474121094,58.90999984741211,58.52000045776367,58.81999969482422,3369800.0
2023-01-30,58.58000183105469,58.86000061035156,58.470001220703125,58.470001220703125,3389100.0
2023-01-31,58.33000183105469,58.689998626708984,58.130001068115234,58.66999816894531,3092000.0
2023-02-01,58.33000183105469,59.040000915527344,57.939998626708984,58.869998931884766,5407800.0
2023-02-02,59.0,59.0099983215332,58.41999816894531,58.72999954223633,5095600.0
2023-02-03,58.150001525878906,58.4900016784668,57.849998474121094,58.060001373291016,4618600.0
2023-02-06,57.470001220703125,57.59000015258789,57.150001525878906,57.529998779296875,2711300.0
2023-02-07,57.540000915527344,58.38999938964844,57.369998931884766,58.369998931884766,4250200.0
2023-02-08,57.939998626708984,58.02000045776367,57.630001068115234,57.72999954223633,3460600.0
2023-02-09,58.560001373291016,58.58000183105469,57.709999084472656,57.790000915527344,3748000.0
2023-02-10,58.22999954223633,58.310001373291016,57.93000030517578,58.119998931884766,2959000.0
2023-02-13,57.529998779296875,58.09000015258789,57.4900016784668,58.09000015258789,4087500.0
2023-02-14,57.4900016784668,58.119998931884766,57.369998931884766,57.79999923706055,4342200.0
2023-02-15,56.97999954223633,57.2400016784668,56.900001525878906,57.22999954223633,3485900.0
2023-02-16,56.810001373291016,57.33000183105469,56.7599983215332,57.040000915527344,3376500.0
2023-02-17,56.83000183105469,57.099998474121094,56.650001525878906,57.02000045776367,1972600.0
2023-02-21,56.54999923706055,56.72999954223633,56.290000915527344,56.31999969482422,3245900.0
2023-02-22,56.209999084472656,56.22999954223633,55.77000045776367,55.900001525878906,2807700.0
2023-02-23,56.09000015258789,56.470001220703125,55.880001068115234,56.459999084472656,2875400.0
2023-02-24,55.560001373291016,55.810001373291016,55.439998626708984,55.619998931884766,3795100.0
2023-02-27,56.20000076293945,56.279998779296875,56.029998779296875,56.150001525878906,2106700.0
2023-02-28,55.869998931884766,56.15999984741211,55.790000915527344,55.939998626708984,4853200.0
2023-03-01,56.04999923706055,56.25,55.88999938964844,56.029998779296875,5942200.0
2023-03-02,55.7599983215332,56.16999816894531,55.7400016784668,56.09000015258789,4457500.0
2023-03-03,56.84000015258789,57.47999954223633,56.709999084472656,57.380001068115234,8397400.0
2023-03-06,57.38999938964844,57.56999969482422,57.27000045776367,57.380001068115234,5144800.0
2023-03-07,57.599998474121094,57.68000030517578,56.83000183105469,56.869998931884766,5951700.0
2023-03-08,57.45000076293945,57.72999954223633,57.33000183105469,57.56999969482422,8046700.0
2023-03-09,58.060001373291016,58.15999984741211,57.36000061035156,57.470001220703125,5245600.0
2023-03-10,57.33000183105469,57.4900016784668,56.709999084472656,56.779998779296875,9355700.0
2023-03-13,56.4900016784668,56.81999969482422,56.22999954223633,56.2400016784668,9131200.0
2023-03-14,55.75,56.130001068115234,55.68000030517578,56.08000183105469,6264400.0
2023-03-15,55.029998779296875,55.130001068115234,54.560001373291016,54.939998626708984,12286100.0
2023-03-16,55.380001068115234,56.06999969482422,55.34000015258789,56.060001373291016,7071500.0
2023-03-17,56.040000915527344,56.13999938964844,55.709999084472656,55.709999084472656,5380200.0
2023-03-20,56.33000183105469,56.68000030517578,56.279998779296875,56.52000045776367,6567400.0
2023-03-21,56.7400016784668,56.88999938964844,56.54999923706055,56.869998931884766,4640900.0
2023-03-22,56.849998474121094,57.5099983215332,56.66999816894531,56.709999084472656,6112900.0
2023-03-23,57.209999084472656,57.4900016784668,56.75,56.959999084472656,7151300.0
2023-03-24,56.9900016784668,57.13999938964844,56.7599983215332,57.130001068115234,4123000.0
2023-03-27,57.209999084472656,57.439998626708984,57.150001525878906,57.380001068115234,3751800.0
2023-03-28,57.470001220703125,57.540000915527344,57.380001068115234,57.4900016784668,3848900.0
2023-03-29,57.68000030517578,57.810001373291016,57.61000061035156,57.709999084472656,5225400.0
2023-03-30,57.959999084472656,58.099998474121094,57.90999984741211,57.97999954223633,4902900.0
2023-03-31,58.20000076293945,58.709999084472656,58.15999984741211,58.689998626708984,8427600.0
2023-04-03,58.689998626708984,58.970001220703125,58.58000183105469,58.959999084472656,8723300.0
2023-04-04,58.81999969482422,59.09000015258789,58.77000045776367,58.939998626708984,5677000.0
2023-04-05,58.209999084472656,58.40999984741211,57.900001525878906,58.060001373291016,6077000.0
2023-04-06,57.83000183105469,57.95000076293945,57.66999816894531,57.810001373291016,6155300.0
2023-04-10,57.25,57.689998626708984,57.25,57.689998626708984,5444200.0
2023-04-11,57.880001068115234,57.970001220703125,57.720001220703125,57.880001068115234,4389200.0
2023-04-12,58.349998474121094,58.38999938964844,57.959999084472656,58.06999969482422,3776700.0
2023-04-13,58.540000915527344,58.959999084472656,58.540000915527344,58.880001068115234,4864400.0
2023-04-14,58.70000076293945,58.939998626708984,58.22999954223633,58.439998626708984,4492400.0
2023-04-17,58.45000076293945,58.630001068115234,58.349998474121094,58.61000061035156,2705200.0
2023-04-18,59.02000045776367,59.09000015258789,58.790000915527344,58.959999084472656,3137900.0
2023-04-19,58.43000030517578,58.58000183105469,58.369998931884766,58.4900016784668,4101500.0
2023-04-20,58.470001220703125,58.81999969482422,58.470001220703125,58.68000030517578,3552400.0
2023-04-21,58.880001068115234,59.029998779296875,58.619998931884766,59.0099983215332,6477200.0
2023-04-24,58.75,59.0,58.72999954223633,58.97999954223633,3369900.0
2023-04-25,58.95000076293945,58.9900016784668,58.540000915527344,58.56999969482422,5477100.0
2023-04-26,58.689998626708984,58.709999084472656,58.29999923706055,58.36000061035156,6306400.0
2023-04-27,58.900001525878906,59.349998474121094,58.81999969482422,59.310001373291016,5940500.0
2023-04-28,58.529998779296875,58.86000061035156,58.369998931884766,58.84000015258789,8999100.0
2023-05-01,58.75,58.900001525878906,58.619998931884766,58.77000045776367,4921300.0
2023-05-02,58.15999984741211,58.31999969482422,57.90999984741211,58.279998779296875,6373500.0
2023-05-03,58.66999816894531,59.0,58.56999969482422,58.630001068115234,7567100.0
2023-05-04,58.56999969482422,58.95000076293945,58.56999969482422,58.7400016784668,4384000.0
2023-05-05,59.060001373291016,59.619998931884766,59.0099983215332,59.529998779296875,7127000.0
2023-05-08,59.40999984741211,59.47999954223633,59.29999923706055,59.400001525878906,4012600.0
2023-05-09,59.84000015258789,60.099998474121094,59.790000915527344,60.040000915527344,12314000.0
2023-05-10,59.939998626708984,59.939998626708984,59.5099983215332,59.7400016784668,5274200.0
2023-05-11,59.86000061035156,59.93000030517578,59.599998474121094,59.90999984741211,4593400.0
2023-05-12,60.40999984741211,60.47999954223633,59.970001220703125,60.20000076293945,4825100.0
2023-05-15,60.22999954223633,60.61000061035156,60.22999954223633,60.560001373291016,6085500.0
2023-05-16,60.630001068115234,60.720001220703125,60.40999984741211,60.439998626708984,6518600.0
2023-05-17,60.72999954223633,60.91999816894531,60.599998474121094,60.849998474121094,7119000.0
2023-05-18,60.97999954223633,61.0099983215332,60.599998474121094,60.86000061035156,7947700.0
2023-05-19,60.65999984741211,60.97999954223633,60.65999984741211,60.959999084472656,9201200.0
2023-05-22,61.130001068115234,61.349998474121094,61.09000015258789,61.22999954223633,6471100.0
2023-05-23,60.310001373291016,60.619998931884766,60.25,60.349998474121094,15764500.0
2023-05-24,59.91999816894531,59.93000030517578,59.66999816894531,59.709999084472656,8184200.0
2023-05-25,60.099998474121094,60.099998474121094,59.79999923706055,60.04999923706055,9127500.0
2023-05-26,60.02000045776367,60.40999984741211,59.970001220703125,60.25,5308400.0
2023-05-30,60.06999969482422,60.09000015258789,59.709999084472656,59.86000061035156,5522900.0
2023-05-31,59.2599983215332,59.40999984741211,58.93000030517578,59.34000015258789,7626200.0
2023-06-01,60.310001373291016,60.849998474121094,60.2599983215332,60.83000183105469,11298100.0
2023-06-02,62.0,62.09000015258789,61.779998779296875,62.0,14769000.0
2023-06-05,62.189998626708984,62.25,61.75,61.779998779296875,8439900.0
2023-06-06,62.540000915527344,63.08000183105469,62.5,63.040000915527344,11346500.0
2023-06-07,61.31999969482422,61.65999984741211,60.97999954223633,61.0,10400700.0
2023-06-08,60.95000076293945,61.599998474121094,60.83000183105469,61.52000045776367,14393100.0
2023-06-09,62.290000915527344,62.36000061035156,62.04999923706055,62.220001220703125,5957300.0
2023-06-12,62.470001220703125,62.63999938964844,62.38999938964844,62.61000061035156,5143200.0
2023-06-13,63.68000030517578,63.83000183105469,63.400001525878906,63.5099983215332,10623300.0
2023-06-14,63.84000015258789,64.11000061035156,63.36000061035156,63.79999923706055,9214700.0
2023-06-15,63.13999938964844,63.79999923706055,63.099998474121094,63.709999084472656,9803400.0
2023-06-16,63.77000045776367,63.77000045776367,63.060001373291016,63.099998474121094,5663500.0
2023-06-20,62.38999938964844,62.5,62.119998931884766,62.22999954223633,11658700.0
2023-06-21,62.810001373291016,63.13999938964844,62.689998626708984,62.970001220703125,6679600.0
2023-06-22,62.5,62.689998626708984,62.40999984741211,62.45000076293945,3493100.0
2023-06-23,60.95000076293945,61.029998779296875,60.7599983215332,60.90999984741211,6295800.0
2023-06-26,60.93000030517578,61.04999923706055,60.83000183105469,60.90999984741211,4205700.0
2023-06-27,60.970001220703125,61.189998626708984,60.779998779296875,61.13999938964844,4398900.0
2023-06-28,61.66999816894531,61.970001220703125,61.54999923706055,61.81999969482422,4924500.0
2023-06-29,61.45000076293945,61.619998931884766,61.380001068115234,61.5099983215332,5542200.0
2023-06-30,61.65999984741211,62.029998779296875,61.61000061035156,61.900001525878906,6036300.0
2023-07-03,62.18000030517578,62.40999984741211,62.08000183105469,62.09000015258789,4219400.0
2023-07-05,61.68000030517578,61.689998626708984,61.5,61.58000183105469,6195000.0
2023-07-06,60.83000183105469,60.869998931884766,60.40999984741211,60.77000045776367,9312900.0
2023-07-07,61.06999969482422,61.91999816894531,61.06999969482422,61.63999938964844,6669900.0
2023-07-10,61.25,61.58000183105469,61.25,61.54999923706055,6002300.0
2023-07-11,61.5,61.83000183105469,61.38999938964844,61.81999969482422,6165800.0
2023-07-12,61.970001220703125,62.619998931884766,61.91999816894531,62.25,10371200.0
2023-07-13,63.130001068115234,63.2400016784668,63.040000915527344,63.18000030517578,10043100.0
2023-07-14,62.54999923706055,62.68000030517578,62.369998931884766,62.41999816894531,8611500.0
2023-07-17,62.22999954223633,62.52000045776367,62.119998931884766,62.45000076293945,9922700.0
2023-07-18,63.150001525878906,63.380001068115234,63.029998779296875,63.310001373291016,9942900.0
2023-07-19,63.349998474121094,63.459999084472656,63.18000030517578,63.31999969482422,6073400.0
2023-07-20,62.54999923706055,62.68000030517578,62.349998474121094,62.47999954223633,7279000.0
2023-07-21,62.5099983215332,62.58000183105469,62.29999923706055,62.40999984741211,7566200.0
2023-07-24,62.40999984741211,62.650001525878906,62.310001373291016,62.5,6047300.0
2023-07-25,62.34000015258789,62.63999938964844,62.34000015258789,62.58000183105469,5303100.0
2023-07-26,62.66999816894531,63.040000915527344,62.619998931884766,62.83000183105469,4351700.0
2023-07-27,63.52000045776367,63.790000915527344,63.2400016784668,63.34000015258789,13156000.0
2023-07-28,63.869998931884766,64.06999969482422,63.68000030517578,63.70000076293945,5952100.0
2023-07-31,63.31999969482422,63.650001525878906,63.29999923706055,63.41999816894531,9700000.0
2023-08-01,62.91999816894531,62.9900016784668,62.599998474121094,62.66999816894531,6392400.0
2023-08-02,61.91999816894531,62.060001373291016,61.45000076293945,61.4900016784668,11902000.0
2023-08-03,60.869998931884766,61.27000045776367,60.79999923706055,61.189998626708984,4987000.0
2023-08-04,61.79999923706055,62.290000915527344,61.709999084472656,61.779998779296875,5821200.0
2023-08-07,62.279998779296875,62.36000061035156,62.11000061035156,62.29999923706055,4209400.0
2023-08-08,61.650001525878906,61.779998779296875,61.47999954223633,61.75,4519600.0
2023-08-09,61.52000045776367,61.56999969482422,61.119998931884766,61.209999084472656,4421300.0
2023-08-10,61.93000030517578,62.189998626708984,61.43000030517578,61.470001220703125,7154400.0
2023-08-11,61.47999954223633,61.63999938964844,61.310001373291016,61.369998931884766,5682800.0
2023-08-14,60.56999969482422,60.869998931884766,60.459999084472656,60.81999969482422,5623600.0
2023-08-15,60.459999084472656,60.459999084472656,60.06999969482422,60.16999816894531,9804200.0
2023-08-16,59.720001220703125,59.939998626708984,59.40999984741211,59.41999816894531,6043100.0
2023-08-17,59.689998626708984,59.75,59.08000183105469,59.16999816894531,7489700.0
2023-08-18,59.06999969482422,59.470001220703125,59.040000915527344,59.31999969482422,3962600.0
2023-08-21,59.31999969482422,59.470001220703125,59.099998474121094,59.369998931884766,3872200.0
2023-08-22,60.0,60.0099983215332,59.61000061035156,59.65999984741211,5166200.0
2023-08-23,60.15999984741211,60.63999938964844,60.150001525878906,60.45000076293945,5227400.0
2023-08-24,60.130001068115234,60.279998779296875,59.63999938964844,59.65999984741211,5996800.0
2023-08-25,59.900001525878906,60.189998626708984,59.529998779296875,59.970001220703125,4403800.0
2023-08-28,60.5,60.7400016784668,60.47999954223633,60.68000030517578,3398800.0
2023-08-29,60.209999084472656,61.13999938964844,60.189998626708984,61.099998474121094,4342000.0
2023-08-30,60.97999954223633,61.150001525878906,60.849998474121094,60.9900016784668,4736900.0
2023-08-31,61.4900016784668,61.720001220703125,61.43000030517578,61.63999938964844,6259000.0
2023-09-01,62.52000045776367,62.52000045776367,61.79999923706055,62.040000915527344,5084100.0
2023-09-05,62.220001220703125,62.2400016784668,62.0099983215332,62.06999969482422,4909600.0
2023-09-06,62.439998626708984,62.54999923706055,62.06999969482422,62.22999954223633,5076100.0
2023-09-07,62.25,62.310001373291016,62.060001373291016,62.22999954223633,5362900.0
2023-09-08,61.66999816894531,61.810001373291016,61.529998779296875,61.61000061035156,5631100.0
2023-09-11,62.150001525878906,62.400001525878906,62.06999969482422,62.31999969482422,6489500.0
2023-09-12,62.20000076293945,62.470001220703125,62.20000076293945,62.310001373291016,3647200.0
2023-09-13,62.27000045776367,62.43000030517578,62.15999984741211,62.279998779296875,5859900.0
2023-09-14,63.189998626708984,63.43000030517578,63.060001373291016,63.34000015258789,5157200.0
2023-09-15,63.22999954223633,63.400001525878906,62.959999084472656,62.9900016784668,4669900.0
2023-09-18,62.9900016784668,63.16999816894531,62.810001373291016,63.13999938964844,4545200.0
2023-09-19,63.5099983215332,63.63999938964844,63.34000015258789,63.45000076293945,4046800.0
2023-09-20,63.029998779296875,63.29999923706055,62.58000183105469,62.599998474121094,8085700.0
2023-09-21,61.810001373291016,62.040000915527344,61.61000061035156,61.630001068115234,5039800.0
2023-09-22,61.97999954223633,62.16999816894531,61.77000045776367,61.79999923706055,6319700.0
2023-09-25,61.52000045776367,61.75,61.349998474121094,61.720001220703125,6078300.0
2023-09-26,61.099998474121094,61.25,60.720001220703125,60.77000045776367,8765700.0
2023-09-27,61.400001525878906,61.43000030517578,60.779998779296875,61.029998779296875,8211500.0
2023-09-28,60.709999084472656,61.2599983215332,60.689998626708984,61.150001525878906,8296900.0
2023-09-29,60.81999969482422,60.869998931884766,60.119998931884766,60.290000915527344,9032600.0
2023-10-02,60.0,60.060001373291016,59.56999969482422,59.77000045776367,6944400.0
2023-10-03,58.779998779296875,59.47999954223633,58.41999816894531,58.72999954223633,15392600.0
2023-10-04,57.91999816894531,58.11000061035156,57.70000076293945,58.09000015258789,8756900.0
2023-10-05,59.06999969482422,59.31999969482422,58.86000061035156,59.22999954223633,6329000.0
2023-10-06,58.91999816894531,59.459999084472656,58.599998474121094,59.380001068115234,7078600.0
2023-10-09,59.029998779296875,59.66999816894531,59.02000045776367,59.54999923706055,5133500.0
2023-10-10,60.13999938964844,60.54999923706055,60.08000183105469,60.33000183105469,5054700.0
2023-10-11,60.31999969482422,60.41999816894531,59.939998626708984,60.18000030517578,5427400.0
2023-10-12,60.810001373291016,60.810001373291016,60.119998931884766,60.33000183105469,6965100.0
2023-10-13,59.95000076293945,60.060001373291016,59.459999084472656,59.58000183105469,5528100.0
2023-10-16,59.380001068115234,59.79999923706055,59.369998931884766,59.77000045776367,7738800.0
2023-10-17,59.41999816894531,60.150001525878906,59.41999816894531,59.88999938964844,5662900.0
2023-10-18,59.54999923706055,59.599998474121094,58.84000015258789,58.95000076293945,4984400.0
2023-10-19,58.93000030517578,59.220001220703125,58.41999816894531,58.52000045776367,7199200.0
2023-10-20,58.470001220703125,58.599998474121094,58.119998931884766,58.130001068115234,4356800.0
2023-10-23,57.7599983215332,58.369998931884766,57.599998474121094,57.9900016784668,6251500.0
2023-10-24,58.150001525878906,58.38999938964844,58.06999969482422,58.36000061035156,5974600.0
2023-10-25,58.529998779296875,58.58000183105469,58.08000183105469,58.130001068115234,6311500.0
2023-10-26,57.65999984741211,57.779998779296875,57.20000076293945,57.34000015258789,5833100.0
2023-10-27,58.220001220703125,58.22999954223633,57.68000030517578,57.81999969482422,4639600.0
2023-10-30,58.04999923706055,58.2599983215332,57.7599983215332,58.25,6445900.0
2023-10-31,58.72999954223633,59.029998779296875,58.540000915527344,58.959999084472656,6625300.0
2023-11-01,59.43000030517578,59.97999954223633,59.38999938964844,59.970001220703125,7375200.0
2023-11-02,60.540000915527344,60.9900016784668,60.369998931884766,60.95000076293945,7777800.0
2023-11-03,61.650001525878906,62.25,61.5,62.0,7668900.0
2023-11-06,61.439998626708984,61.47999954223633,61.08000183105469,61.20000076293945,5945300.0
2023-11-07,60.43000030517578,60.709999084472656,60.290000915527344,60.63999938964844,5801700.0
2023-11-08,59.869998931884766,59.97999954223633,59.5099983215332,59.63999938964844,6847800.0
2023-11-09,60.5,60.560001373291016,59.869998931884766,59.88999938964844,6913000.0
2023-11-10,60.099998474121094,60.470001220703125,59.83000183105469,60.470001220703125,4877800.0
2023-11-13,60.13999938964844,60.54999923706055,60.04999923706055,60.439998626708984,4932600.0
2023-11-14,61.040000915527344,61.689998626708984,61.02000045776367,61.63999938964844,5383200.0
2023-11-15,61.369998931884766,61.52000045776367,61.04999923706055,61.18000030517578,6442900.0
2023-11-16,61.310001373291016,61.5,61.20000076293945,61.38999938964844,5943000.0
2023-11-17,62.11000061035156,62.40999984741211,62.040000915527344,62.349998474121094,5164600.0
2023-11-20,62.09000015258789,62.41999816894531,62.04999923706055,62.36000061035156,7476200.0
2023-11-21,62.40999984741211,62.529998779296875,62.0,62.099998474121094,4413800.0
2023-11-22,62.400001525878906,62.52000045776367,62.15999984741211,62.4900016784668,4539100.0
2023-11-24,62.459999084472656,62.63999938964844,62.40999984741211,62.61000061035156,1370400.0
2023-11-27,62.459999084472656,62.63999938964844,62.38999938964844,62.560001373291016,4047000.0
2023-11-28,62.2400016784668,62.7400016784668,62.13999938964844,62.54999923706055,4405400.0
2023-11-29,62.47999954223633,62.68000030517578,62.31999969482422,62.4900016784668,4010400.0
2023-11-30,62.65999984741211,62.68000030517578,62.02000045776367,62.61000061035156,6671800.0
2023-12-01,62.369998931884766,63.220001220703125,62.349998474121094,63.209999084472656,4504400.0
2023-12-04,62.31999969482422,62.54999923706055,62.119998931884766,62.25,4531300.0
2023-12-05,62.06999969482422,62.25,61.970001220703125,62.02000045776367,3818100.0
2023-12-06,63.099998474121094,63.16999816894531,62.650001525878906,62.66999816894531,6475100.0
2023-12-07,62.7599983215332,63.540000915527344,62.4900016784668,63.150001525878906,8769600.0
2023-12-08,62.47999954223633,62.83000183105469,62.40999984741211,62.779998779296875,5921300.0
2023-12-11,62.97999954223633,63.20000076293945,62.93000030517578,63.13999938964844,5440800.0
2023-12-12,62.779998779296875,63.06999969482422,62.630001068115234,63.04999923706055,3133900.0
2023-12-13,62.959999084472656,64.05000305175781,62.77000045776367,64.01000213623047,5657400.0
2023-12-14,63.52000045776367,63.93000030517578,63.43000030517578,63.720001220703125,12694800.0
2023-12-15,63.68000030517578,63.720001220703125,63.119998931884766,63.16999816894531,7283200.0
2023-12-18,63.18000030517578,63.22999954223633,62.86000061035156,63.04999923706055,5017600.0
2023-12-19,63.34000015258789,63.58000183105469,63.09000015258789,63.2400016784668,5975500.0
2023-12-20,62.72999954223633,62.779998779296875,61.939998626708984,62.04999923706055,11485200.0
2023-12-21,62.72999954223633,63.15999984741211,62.720001220703125,63.130001068115234,5742800.0
2023-12-22,63.310001373291016,63.599998474121094,63.189998626708984,63.33000183105469,4500000.0
2023-12-26,63.11000061035156,63.41999816894531,63.060001373291016,63.310001373291016,3942900.0
2023-12-27,63.400001525878906,63.70000076293945,63.38999938964844,63.65999984741211,4275100.0
2023-12-28,64.05999755859375,64.26000213623047,63.9900016784668,64.04000091552734,4144200.0
2023-12-29,64.11000061035156,64.27999877929688,63.959999084472656,64.13999938964844,7236500.0
2024-01-02,63.56999969482422,63.95000076293945,63.439998626708984,63.560001373291016,6828000.0
2024-01-03,63.29999923706055,63.5,62.97999954223633,63.209999084472656,7952800.0
2024-01-04,63.04999923706055,63.45000076293945,63.0099983215332,63.060001373291016,3649500.0
2024-01-05,63.560001373291016,64.19000244140625,63.459999084472656,63.529998779296875,6507600.0
2024-01-08,63.68000030517578,64.4800033569336,63.56999969482422,64.45999908447266,5785500.0
2024-01-09,64.04000091552734,64.23999786376953,63.970001220703125,64.06999969482422,5218800.0
2024-01-10,65.2300033569336,65.41000366210938,65.12000274658203,65.22000122070312,11832800.0
2024-01-11,65.79000091552734,65.9000015258789,65.26000213623047,65.80000305175781,9210400.0
2024-01-12,66.54000091552734,66.79000091552734,66.33000183105469,66.43000030517578,9227000.0
2024-01-16,66.51000213623047,66.58000183105469,65.79000091552734,65.94000244140625,11987500.0
2024-01-17,64.94999694824219,65.13999938964844,64.75,65.12000274658203,10639400.0
2024-01-18,65.38999938964844,65.75,65.3499984741211,65.7300033569336,11142900.0
2024-01-19,65.55999755859375,65.9000015258789,65.27999877929688,65.9000015258789,11186000.0
2024-01-22,66.55999755859375,66.8499984741211,66.48999786376953,66.68000030517578,8696500.0
2024-01-23,65.9000015258789,66.12999725341797,65.79000091552734,66.08999633789062,7538600.0
2024-01-24,66.33000183105469,66.55999755859375,66.12000274658203,66.16999816894531,15995500.0
2024-01-25,66.22000122070312,66.22000122070312,65.72000122070312,65.91999816894531,11018600.0
2024-01-26,65.4000015258789,65.62000274658203,65.30999755859375,65.38999938964844,6299800.0
2024-01-29,65.87000274658203,66.29000091552734,65.75,66.16999816894531,8571500.0
2024-01-30,66.0199966430664,66.06999969482422,65.80999755859375,65.93000030517578,8448000.0
2024-01-31,66.55000305175781,66.91000366210938,66.06999969482422,66.20999908447266,11841400.0
2024-02-01,66.54000091552734,66.94000244140625,66.29000091552734,66.91999816894531,8340200.0
2024-02-02,66.29000091552734,66.52999877929688,66.08000183105469,66.51000213623047,8473400.0
2024-02-05,66.26000213623047,66.41000366210938,65.91999816894531,66.19000244140625,9790800.0
2024-02-06,65.80999755859375,66.18000030517578,65.80000305175781,66.18000030517578,9294500.0
2024-02-07,66.5199966430664,66.63999938964844,66.41000366210938,66.55999755859375,9171300.0
2024-02-08,66.30000305175781,66.4000015258789,65.95999908447266,66.38999938964844,6381900.0
2024-02-09,66.3499984741211,66.6500015258789,66.27999877929688,66.62999725341797,7062200.0
2024-02-12,66.79000091552734,67.19999694824219,66.7699966430664,66.97000122070312,4820800.0
2024-02-13,67.1500015258789,67.25,66.51000213623047,66.73999786376953,6513600.0
2024-02-14,66.79000091552734,67.0199966430664,66.6500015258789,67.0,7384000.0
2024-02-15,67.19999694824219,67.69999694824219,67.16999816894531,67.63999938964844,8261900.0
2024-02-16,67.58000183105469,67.94000244140625,67.43000030517578,67.62999725341797,12441100.0
2024-02-20,67.9800033569336,68.08000183105469,67.66999816894531,67.93000030517578,6052000.0
2024-02-21,67.77999877929688,67.9800033569336,67.56999969482422,67.79000091552734,5548300.0
2024-02-22,68.77999877929688,68.97000122070312,68.63999938964844,68.9000015258789,8163300.0
2024-02-23,69.0,69.22000122070312,68.97000122070312,69.01000213623047,6588200.0
2024-02-26,69.2699966430664,69.2699966430664,68.9000015258789,69.0,7376300.0
2024-02-27,69.08000183105469,69.26000213623047,69.04000091552734,69.18000030517578,8569600.0
2024-02-28,68.66999816894531,68.83000183105469,68.58999633789062,68.66999816894531,7659000.0
2024-02-29,69.25,69.37999725341797,68.81999969482422,69.12000274658203,7563900.0
2024-03-01,69.97000122070312,70.4000015258789,69.81999969482422,70.33000183105469,8225000.0
2024-03-04,70.0,70.0999984741211,69.83000183105469,69.91999816894531,6406600.0
2024-03-05,70.62000274658203,70.7699966430664,70.16999816894531,70.30000305175781,9841700.0
2024-03-06,71.33999633789062,71.63999938964844,71.16999816894531,71.37000274658203,8644200.0
2024-03-07,71.25,71.43000030517578,71.12999725341797,71.33999633789062,6776600.0
2024-03-08,71.68000030517578,71.76000213623047,71.11000061035156,71.18000030517578,8613300.0
2024-03-11,69.80999755859375,69.88999938964844,69.44000244140625,69.5999984741211,18476800.0
2024-03-12,69.58000183105469,70.04000091552734,69.33000183105469,69.9800033569336,9823900.0
2024-03-13,69.19999694824219,69.51000213623047,69.08000183105469,69.37000274658203,8687100.0
2024-03-14,69.66999816894531,69.72000122070312,68.81999969482422,69.05999755859375,10113800.0
2024-03-15,69.44000244140625,69.63999938964844,69.2699966430664,69.56999969482422,11684600.0
2024-03-18,70.5,70.70999908447266,70.29000091552734,70.6500015258789,17599700.0
2024-03-19,70.58999633789062,71.05999755859375,70.5,70.91999816894531,7411300.0
2024-03-20,71.0199966430664,71.5199966430664,70.86000061035156,71.47000122070312,7308500.0
2024-03-21,71.68000030517578,71.93000030517578,71.66000366210938,71.83000183105469,10859900.0
2024-03-22,72.04000091552734,72.06999969482422,71.73999786376953,71.81999969482422,5768000.0
2024-03-25,70.93000030517578,71.18000030517578,70.88999938964844,70.98999786376953,10403300.0
2024-03-26,71.4800033569336,71.58000183105469,71.27999877929688,71.30000305175781,7997800.0
2024-03-27,71.48999786376953,71.61000061035156,71.27999877929688,71.61000061035156,8787000.0
2024-03-28,71.05999755859375,71.5199966430664,71.05999755859375,71.3499984741211,11319700.0
2024-04-01,70.2699966430664,70.41000366210938,70.06999969482422,70.27999877929688,8227900.0
2024-04-02,69.87999725341797,69.94000244140625,69.56999969482422,69.91999816894531,10632000.0
2024-04-03,69.87000274658203,70.5199966430664,69.87000274658203,70.4000015258789,11686900.0
2024-04-04,70.79000091552734,70.79000091552734,69.62999725341797,69.66999816894531,11481200.0
2024-04-05,69.72000122070312,70.05000305175781,69.5999984741211,69.87000274658203,11909900.0
2024-04-08,70.29000091552734,70.51000213623047,70.19000244140625,70.22000122070312,6555400.0
2024-04-09,70.81999969482422,70.81999969482422,70.19999694824219,70.4800033569336,7474900.0
2024-04-10,69.48999786376953,69.68000030517578,69.11000061035156,69.37999725341797,9035000.0
2024-04-11,69.95999908447266,70.11000061035156,69.2699966430664,69.98999786376953,8337200.0
2024-04-12,69.55999755859375,69.66000366210938,68.98999786376953,69.05999755859375,7815300.0
2024-04-15,69.63999938964844,69.81999969482422,68.66000366210938,68.7699966430664,8202700.0
2024-04-16,67.94999694824219,68.12999725341797,67.62999725341797,67.80999755859375,8224500.0
2024-04-17,67.33999633789062,67.43000030517578,66.83999633789062,67.08999633789062,9147300.0
2024-04-18,67.18000030517578,67.41999816894531,66.80999755859375,66.88999938964844,7985400.0
2024-04-19,66.72000122070312,66.86000061035156,66.3499984741211,66.48999786376953,8553700.0
2024-04-22,66.83000183105469,67.37000274658203,66.72000122070312,67.16999816894531,6622900.0
2024-04-23,66.93000030517578,67.41999816894531,66.91000366210938,67.31999969482422,7323800.0
2024-04-24,67.77999877929688,67.77999877929688,67.33000183105469,67.61000061035156,6188300.0
2024-04-25,66.0,66.66999816894531,65.83999633789062,66.55999755859375,5284800.0
2024-04-26,66.79000091552734,67.20999908447266,66.79000091552734,67.12999725341797,7598400.0
2024-04-29,67.62000274658203,67.9800033569336,67.47000122070312,67.73999786376953,6871000.0
2024-04-30,67.9800033569336,68.11000061035156,67.2699966430664,67.2699966430664,6198000.0
2024-05-01,67.33999633789062,67.91999816894531,67.0199966430664,67.11000061035156,7950900.0
2024-05-02,68.3499984741211,68.58000183105469,67.94000244140625,68.47000122070312,6796000.0
2024-05-03,69.19000244140625,69.36000061035156,68.76000213623047,69.26000213623047,6222500.0
2024-05-06,69.47000122070312,69.7300033569336,69.43000030517578,69.66999816894531,3575500.0
2024-05-07,69.0199966430664,69.12999725341797,68.80000305175781,68.91000366210938,6954800.0
2024-05-08,67.7300033569336,68.0999984741211,67.72000122070312,68.04000091552734,7164900.0
2024-05-09,67.72000122070312,68.33999633789062,67.68000030517578,68.33999633789062,6728900.0
2024-05-10,68.23999786376953,68.2699966430664,67.83000183105469,67.94999694824219,4261900.0
2024-05-13,67.81999969482422,67.9000015258789,67.56999969482422,67.68000030517578,4876900.0
2024-05-14,67.97000122070312,68.22000122070312,67.87999725341797,68.20999908447266,4711800.0
2024-05-15,68.61000061035156,68.9800033569336,68.4000015258789,68.97000122070312,9293500.0
2024-05-16,68.93000030517578,68.93000030517578,68.25,68.2699966430664,7235000.0
2024-05-17,68.7699966430664,68.94000244140625,68.58999633789062,68.7300033569336,4290300.0
2024-05-20,69.0999984741211,69.44000244140625,69.08000183105469,69.22000122070312,4019700.0
2024-05-21,68.88999938964844,69.0199966430664,68.62999725341797,68.81999969482422,3046500.0
2024-05-22,68.0999984741211,68.2699966430664,67.9000015258789,68.0199966430664,4191700.0
2024-05-23,68.68000030517578,68.70999908447266,67.58999633789062,67.72000122070312,4825800.0
2024-05-24,68.3499984741211,68.56999969482422,68.27999877929688,68.45999908447266,3952800.0
2024-05-28,69.08000183105469,69.12000274658203,68.66000366210938,68.8499984741211,3374000.0
2024-05-29,67.77999877929688,67.83000183105469,67.4000015258789,67.47000122070312,6813000.0
2024-05-30,68.05999755859375,68.26000213623047,67.86000061035156,68.05999755859375,4101600.0
2024-05-31,68.94999694824219,69.05000305175781,68.44000244140625,68.97000122070312,5484300.0
2024-06-03,69.44000244140625,69.58000183105469,69.1500015258789,69.4000015258789,6184600.0
2024-06-04,69.55000305175781,69.69999694824219,69.26000213623047,69.4800033569336,3651300.0
2024-06-05,69.01000213623047,69.30000305175781,68.69999694824219,69.27999877929688,5379900.0
2024-06-06,69.2300033569336,69.26000213623047,68.98999786376953,69.23999786376953,4391900.0
2024-06-07,68.7699966430664,69.04000091552734,68.62999725341797,68.7300033569336,3652800.0
2024-06-10,69.0199966430664,69.43000030517578,68.98999786376953,69.33999633789062,3371300.0
2024-06-11,68.18000030517578,68.20999908447266,67.83000183105469,68.05999755859375,3848000.0
2024-06-12,68.79000091552734,69.0199966430664,68.30999755859375,68.38999938964844,5941300.0
2024-06-13,67.43000030517578,67.43000030517578,66.9000015258789,67.1500015258789,4839200.0
2024-06-14,67.06999969482422,67.25,66.8499984741211,67.12999725341797,4767000.0
2024-06-17,66.13999938964844,66.69000244140625,66.05000305175781,66.61000061035156,4484500.0
2024-06-18,66.38999938964844,66.68000030517578,66.37000274658203,66.66000366210938,8101100.0
2024-06-20,66.44999694824219,66.61000061035156,66.20999908447266,66.4800033569336,4028300.0
2024-06-21,66.12000274658203,66.1500015258789,65.93000030517578,66.01000213623047,4106800.0
2024-06-24,66.63999938964844,66.87000274658203,66.5,66.51000213623047,3009800.0
2024-06-25,67.44000244140625,67.66000366210938,67.2699966430664,67.55999755859375,5499100.0
2024-06-26,67.33000183105469,67.51000213623047,67.22000122070312,67.30999755859375,3634200.0
2024-06-27,67.55999755859375,67.83999633789062,67.5,67.6500015258789,3628500.0
2024-06-28,68.20999908447266,68.62000274658203,67.97000122070312,68.23999786376953,4208000.0
2024-07-01,68.1500015258789,68.30000305175781,67.69000244140625,67.79000091552734,5401100.0
2024-07-02,68.5,68.9000015258789,68.38999938964844,68.86000061035156,5328600.0
2024-07-03,69.2300033569336,69.5,69.1500015258789,69.48999786376953,2933800.0
2024-07-05,70.0,70.0,69.58000183105469,69.95999908447266,6710100.0
2024-07-08,69.81999969482422,69.98999786376953,69.58000183105469,69.62000274658203,3454200.0
2024-07-09,70.06999969482422,70.12000274658203,69.83000183105469,70.0,8444100.0
2024-07-10,71.0199966430664,71.37999725341797,70.98999786376953,71.27999877929688,7060700.0
2024-07-11,71.43000030517578,71.58999633789062,70.97000122070312,71.01000213623047,6523300.0
2024-07-12,71.0999984741211,71.66000366210938,71.08999633789062,71.4000015258789,9138800.0
2024-07-15,71.5,71.5,70.98999786376953,71.05999755859375,10546400.0
2024-07-16,71.31999969482422,71.95999908447266,71.2300033569336,71.9000015258789,6357900.0
2024-07-17,71.48999786376953,71.7300033569336,71.33999633789062,71.4800033569336,5174600.0
2024-07-18,71.29000091552734,71.33999633789062,70.23999786376953,70.4000015258789,8310500.0
2024-07-19,70.22000122070312,70.31999969482422,69.88999938964844,69.95999908447266,3713400.0
2024-07-22,70.25,70.38999938964844,70.01000213623047,70.30000305175781,2190700.0
2024-07-23,70.12999725341797,70.41999816894531,70.01000213623047,70.23999786376953,2688600.0
2024-07-24,69.79000091552734,69.83999633789062,68.86000061035156,68.86000061035156,3129800.0
2024-07-25,67.69999694824219,68.47000122070312,67.41999816894531,67.77999877929688,7596400.0
2024-07-26,68.30999755859375,68.83999633789062,68.23999786376953,68.69000244140625,4355600.0
2024-07-29,68.9000015258789,69.0,68.58000183105469,68.8499984741211,5189700.0
2024-07-30,69.05000305175781,69.18000030517578,68.6500015258789,68.94000244140625,6537000.0
2024-07-31,71.0,71.19000244140625,70.51000213623047,70.97000122070312,7563800.0
2024-08-01,68.62000274658203,68.83000183105469,67.0199966430664,67.55000305175781,9297500.0
2024-08-02,65.12000274658203,65.33000183105469,63.84000015258789,64.6500015258789,13888800.0
2024-08-05,60.77000045776367,63.869998931884766,60.619998931884766,63.43000030517578,28253800.0
2024-08-06,62.459999084472656,63.630001068115234,61.970001220703125,63.119998931884766,17198200.0
2024-08-07,65.68000030517578,65.91999816894531,64.12000274658203,64.16999816894531,14686500.0
2024-08-08,65.26000213623047,65.70999908447266,64.62000274658203,65.52999877929688,8481100.0
2024-08-09,64.87000274658203,65.41000366210938,64.69000244140625,65.37000274658203,8193000.0
2024-08-12,65.4000015258789,66.08000183105469,65.33000183105469,65.7300033569336,7620800.0
2024-08-13,67.0,67.70999908447266,66.94000244140625,67.61000061035156,8950200.0
2024-08-14,67.51000213623047,67.7699966430664,67.12999725341797,67.70999908447266,5515200.0
2024-08-15,68.61000061035156,69.19999694824219,68.56999969482422,69.01000213623047,5031400.0
2024-08-16,69.16999816894531,69.56999969482422,69.08000183105469,69.37000274658203,6661600.0
2024-08-19,69.87000274658203,70.45999908447266,69.8499984741211,70.36000061035156,5268800.0
2024-08-20,70.11000061035156,70.43000030517578,69.91000366210938,70.0199966430664,6518700.0
2024-08-21,70.87999725341797,71.0199966430664,70.52999877929688,70.83000183105469,7388200.0
2024-08-22,71.25,71.30999755859375,70.19000244140625,70.30999755859375,7426000.0
2024-08-23,71.19000244140625,72.04000091552734,71.0999984741211,71.93000030517578,8212200.0
2024-08-26,71.37999725341797,71.51000213623047,70.9000015258789,71.02999877929688,6750900.0
2024-08-27,71.58000183105469,71.91000366210938,71.48999786376953,71.7300033569336,4898100.0
2024-08-28,71.91000366210938,72.0999984741211,71.12000274658203,71.41999816894531,9908200.0
2024-08-29,71.80000305175781,72.26000213623047,71.41000366210938,71.54000091552734,6345900.0
2024-08-30,72.22000122070312,72.33000183105469,71.69000244140625,71.97000122070312,6495600.0
2024-09-03,71.77999877929688,72.05000305175781,70.72000122070312,70.88999938964844,8228800.0
2024-09-04,69.87999725341797,70.58000183105469,69.81999969482422,70.16000366210938,5105500.0
2024-09-05,70.37000274658203,70.70999908447266,70.11000061035156,70.58000183105469,5091200.0
2024-09-06,69.52999877929688,69.76000213623047,67.93000030517578,68.08999633789062,11533400.0
2024-09-09,69.2699966430664,69.75,69.16999816894531,69.33000183105469,4790600.0
2024-09-10,69.1500015258789,69.18000030517578,68.4000015258789,69.13999938964844,4699300.0
2024-09-11,69.06999969482422,69.63999938964844,68.1500015258789,69.55999755859375,5874000.0
2024-09-12,69.4800033569336,70.26000213623047,69.27999877929688,70.25,3155900.0
2024-09-13,69.87999725341797,70.26000213623047,69.72000122070312,69.87000274658203,3882300.0
2024-09-16,70.22000122070312,70.56999969482422,70.08999633789062,70.54000091552734,5148600.0
2024-09-17,69.94999694824219,70.16000366210938,69.45999908447266,69.70999908447266,4484600.0
2024-09-18,69.54000091552734,70.19999694824219,69.13999938964844,69.38999938964844,4204200.0
2024-09-19,71.06999969482422,71.41999816894531,70.63999938964844,71.2300033569336,6376100.0
2024-09-20,71.5,71.54000091552734,70.86000061035156,71.2699966430664,6623000.0
2024-09-23,71.5199966430664,71.88999938964844,71.47000122070312,71.69999694824219,3480500.0
2024-09-24,71.13999938964844,71.2699966430664,70.9000015258789,71.08000183105469,5007100.0
2024-09-25,71.30999755859375,71.33999633789062,70.83999633789062,70.94999694824219,3972400.0
2024-09-26,72.86000061035156,73.23999786376953,72.44999694824219,72.98999786376953,6694400.0
2024-09-27,71.68000030517578,72.16999816894531,70.81999969482422,71.08000183105469,8990200.0
2024-09-30,71.83999633789062,71.93000030517578,71.13999938964844,71.54000091552734,5042300.0
2024-10-01,72.19000244140625,72.3499984741211,71.22000122070312,71.63999938964844,5128000.0
2024-10-02,71.0999984741211,71.41999816894531,70.80999755859375,71.2300033569336,4396300.0
2024-10-03,70.55000305175781,71.05000305175781,70.48999786376953,70.94999694824219,3879300.0
2024-10-04,71.45999908447266,71.93000030517578,71.44000244140625,71.87999725341797,4020900.0
2024-10-07,71.16999816894531,71.33000183105469,70.7699966430664,71.04000091552734,2930400.0
2024-10-08,71.18000030517578,71.4800033569336,71.16000366210938,71.26000213623047,2883400.0
2024-10-09,70.54000091552734,70.9800033569336,70.51000213623047,70.88999938964844,2758400.0
2024-10-10,70.38999938964844,70.91999816894531,70.20999908447266,70.9000015258789,2604800.0
2024-10-11,70.62000274658203,71.12000274658203,70.58999633789062,71.05000305175781,3398100.0
2024-10-14,70.87999725341797,71.22000122070312,70.83000183105469,71.16999816894531,2416100.0
2024-10-15,70.75,70.7699966430664,69.62000274658203,69.70999908447266,6168100.0
2024-10-16,70.01000213623047,70.20999908447266,69.80999755859375,70.12999725341797,6439900.0
2024-10-17,70.2699966430664,70.2699966430664,69.70999908447266,69.76000213623047,3022100.0
2024-10-18,69.98999786376953,70.12999725341797,69.91999816894531,70.12999725341797,2005800.0
2024-10-21,69.44999694824219,69.5,68.79000091552734,68.97000122070312,3082600.0
2024-10-22,68.11000061035156,68.19000244140625,67.8499984741211,68.05999755859375,3750100.0
2024-10-23,66.5999984741211,66.77999877929688,66.38999938964844,66.66999816894531,7336800.0
2024-10-24,67.0199966430664,67.25,66.93000030517578,67.22000122070312,4179000.0
2024-10-25,67.48999786376953,67.68000030517578,67.05000305175781,67.23999786376953,3168200.0
2024-10-28,67.58999633789062,67.9000015258789,67.48999786376953,67.69999694824219,2905500.0
2024-10-29,68.23999786376953,68.52999877929688,68.08999633789062,68.36000061035156,4448000.0
2024-10-30,68.75,68.91000366210938,68.38999938964844,68.41999816894531,6802400.0
2024-10-31,68.20999908447266,68.20999908447266,67.41000366210938,68.06999969482422,5205400.0
2024-11-01,67.69999694824219,68.29000091552734,67.69999694824219,67.9800033569336,3371600.0
2024-11-04,68.11000061035156,68.62000274658203,67.91999816894531,68.04000091552734,2371900.0
2024-11-05,68.25,69.18000030517578,68.18000030517578,69.06999969482422,3278700.0
2024-11-06,69.30000305175781,69.45999908447266,68.54000091552734,69.37999725341797,3993100.0
2024-11-07,69.70999908447266,70.12000274658203,69.55999755859375,69.9800033569336,4614400.0
2024-11-08,69.4000015258789,69.5,69.16999816894531,69.43000030517578,5076700.0
2024-11-11,69.47000122070312,69.77999877929688,69.44000244140625,69.5999984741211,2468500.0
2024-11-12,69.08000183105469,69.16999816894531,68.1500015258789,68.5,8155700.0
2024-11-13,67.98999786376953,68.04000091552734,67.45999908447266,67.73999786376953,4318600.0
2024-11-14,68.01000213623047,68.16999816894531,67.77999877929688,67.81999969482422,4324000.0
2024-11-15,67.5,67.56999969482422,67.25,67.48999786376953,5632200.0
2024-11-18,67.5199966430664,68.02999877929688,67.41000366210938,67.87999725341797,3377800.0
2024-11-19,67.58000183105469,67.94000244140625,67.44000244140625,67.77999877929688,3933900.0
2024-11-20,67.16000366210938,67.29000091552734,66.8499984741211,67.27999877929688,3348700.0
2024-11-21,67.44000244140625,67.69000244140625,67.23999786376953,67.47000122070312,3260700.0
2024-11-22,67.61000061035156,68.02999877929688,67.54000091552734,67.94999694824219,7229300.0
2024-11-25,68.44999694824219,68.58999633789062,68.19000244140625,68.41999816894531,4668600.0
2024-11-26,67.98999786376953,68.08999633789062,67.68000030517578,68.06999969482422,5239100.0
2024-11-27,68.2300033569336,68.36000061035156,67.76000213623047,67.87999725341797,4889800.0
2024-11-29,68.95999908447266,69.69999694824219,68.91999816894531,69.69000244140625,4501900.0
2024-12-02,70.27999877929688,70.66999816894531,70.16000366210938,70.54000091552734,5485100.0
2024-12-03,71.4800033569336,71.66000366210938,71.19999694824219,71.55000305175781,9106200.0
2024-12-04,71.36000061035156,71.37000274658203,71.04000091552734,71.1500015258789,6875200.0
2024-12-05,71.13999938964844,71.30000305175781,70.94000244140625,71.0199966430664,2903900.0
2024-12-06,71.18000030517578,71.18000030517578,70.93000030517578,71.08000183105469,2825400.0
2024-12-09,70.94000244140625,71.01000213623047,70.45999908447266,70.45999908447266,2658500.0
2024-12-10,70.31999969482422,70.38999938964844,70.05000305175781,70.08000183105469,2204400.0
2024-12-11,70.80999755859375,71.22000122070312,70.80000305175781,71.06999969482422,5726400.0
2024-12-12,70.5199966430664,70.73999786376953,70.36000061035156,70.37000274658203,2527000.0
2024-12-13,69.76000213623047,69.77999877929688,69.36000061035156,69.54000091552734,3062500.0
2024-12-16,69.08000183105469,69.33999633789062,69.05999755859375,69.18000030517578,3234000.0
2024-12-17,67.80000305175781,68.11000061035156,67.73999786376953,67.87999725341797,3230800.0
2024-12-18,67.88999938964844,68.0,66.1500015258789,66.18000030517578,4300800.0
2024-12-19,66.81999969482422,66.9000015258789,66.12000274658203,66.38999938964844,4716000.0
2024-12-20,65.7300033569336,66.83999633789062,65.72000122070312,66.20999908447266,5425500.0
2024-12-23,66.12000274658203,66.55000305175781,65.83999633789062,66.48999786376953,5074000.0
2024-12-24,66.44000244140625,66.52999877929688,66.30999755859375,66.44999694824219,1630500.0
2024-12-26,67.04000091552734,67.30999755859375,66.93000030517578,67.22000122070312,2345000.0
2024-12-27,67.83999633789062,67.94000244140625,67.44999694824219,67.7300033569336,4033500.0
2024-12-30,67.11000061035156,67.4000015258789,66.91000366210938,67.16000366210938,3564800.0
2024-12-31,67.0199966430664,67.48999786376953,66.98999786376953,67.0999984741211,2759000.0
2025-01-02,67.18000030517578,67.45999908447266,66.80999755859375,67.01000213623047,4485900.0
2025-01-03,66.83000183105469,67.38999938964844,66.80999755859375,67.27999877929688,3699900.0
2025-01-06,67.43000030517578,67.87000274658203,67.33999633789062,67.43000030517578,5238700.0
2025-01-07,67.87999725341797,67.94000244140625,67.18000030517578,67.2699966430664,4052300.0
2025-01-08,66.83000183105469,67.1500015258789,66.66999816894531,67.0999984741211,3607300.0
2025-01-10,65.66999816894531,65.77999877929688,65.1500015258789,65.23999786376953,3805000.0
2025-01-13,64.69000244140625,65.44000244140625,64.69000244140625,65.41999816894531,4544600.0
2025-01-14,65.19000244140625,65.44999694824219,64.97000122070312,65.29000091552734,3784500.0
2025-01-15,66.29000091552734,66.30999755859375,65.87999725341797,66.2699966430664,3968300.0
2025-01-16,65.9800033569336,66.08999633789062,65.75,65.8499984741211,4016400.0
2025-01-17,66.08000183105469,66.33000183105469,65.94999694824219,66.18000030517578,2116600.0
2025-01-21,67.08999633789062,67.33000183105469,66.86000061035156,67.33000183105469,4044700.0
2025-01-22,67.47000122070312,67.4800033569336,67.22000122070312,67.25,2769500.0
2025-01-23,67.33000183105469,67.83000183105469,67.30999755859375,67.81999969482422,2686500.0
2025-01-24,68.0,68.66000366210938,67.97000122070312,68.4800033569336,2731600.0
2025-01-27,67.70999908447266,67.88999938964844,67.5999984741211,67.73999786376953,3199600.0
2025-01-28,68.16000366210938,68.30999755859375,67.91000366210938,68.30999755859375,2162600.0
2025-01-29,68.23999786376953,68.36000061035156,67.94999694824219,68.0999984741211,7954000.0
2025-01-30,68.95999908447266,69.36000061035156,68.86000061035156,69.12000274658203,2437000.0
2025-01-31,68.9800033569336,69.19000244140625,68.2699966430664,68.30999755859375,5203200.0
2025-02-03,67.48999786376953,68.11000061035156,67.26000213623047,67.66000366210938,5195500.0
2025-02-04,67.66000366210938,68.30999755859375,67.6500015258789,68.2699966430664,2502500.0
2025-02-05,68.68000030517578,69.13999938964844,68.52999877929688,69.12000274658203,4840200.0
2025-02-06,69.27999877929688,69.5199966430664,69.20999908447266,69.4000015258789,3382700.0
2025-02-07,69.0999984741211,69.25,68.30999755859375,68.4800033569336,7605600.0
2025-02-10,68.83999633789062,68.86000061035156,68.62000274658203,68.75,2548000.0
2025-02-11,68.41999816894531,68.87000274658203,68.4000015258789,68.73999786376953,2063700.0
2025-02-12,67.55999755859375,68.08000183105469,67.44999694824219,68.0199966430664,3842700.0
2025-02-13,68.63999938964844,69.26000213623047,68.63999938964844,69.26000213623047,3080400.0
2025-02-14,69.44000244140625,69.54000091552734,69.19000244140625,69.37000274658203,2238000.0
2025-02-18,69.94999694824219,70.12000274658203,69.87999725341797,70.0999984741211,2859600.0
2025-02-19,69.45999908447266,69.68000030517578,69.33000183105469,69.62000274658203,3409400.0
2025-02-20,69.79000091552734,69.88999938964844,69.48999786376953,69.70999908447266,3018100.0
2025-02-21,69.5999984741211,69.62999725341797,68.9800033569336,69.08999633789062,2675600.0
2025-02-24,69.0,69.16000366210938,68.62000274658203,68.77999877929688,3263400.0
2025-02-25,69.79000091552734,69.80999755859375,69.16000366210938,69.47000122070312,3972300.0
2025-02-26,69.55000305175781,70.05000305175781,69.45999908447266,69.51000213623047,2597300.0
2025-02-27,69.80999755859375,69.9000015258789,68.9800033569336,69.0,4446600.0
2025-02-28,68.11000061035156,68.55000305175781,67.95999908447266,68.47000122070312,6836500.0
2025-03-03,69.87999725341797,70.11000061035156,69.05000305175781,69.20999908447266,5562800.0
2025-03-04,68.70999908447266,69.45999908447266,68.01000213623047,68.63999938964844,5134800.0
2025-03-05,69.41000366210938,70.33000183105469,69.38999938964844,70.1500015258789,4002000.0
2025-03-06,70.05000305175781,70.33999633789062,69.58000183105469,69.61000061035156,4748700.0
2025-03-07,69.7699966430664,70.2300033569336,69.37000274658203,70.16999816894531,4235800.0
2025-03-10,69.18000030517578,69.30999755859375,68.33000183105469,68.68000030517578,5837100.0
2025-03-11,68.4800033569336,68.6500015258789,67.83000183105469,68.26000213623047,6966700.0
2025-03-12,69.2699966430664,69.69000244140625,68.95999908447266,69.5199966430664,4705200.0
2025-03-13,69.37000274658203,69.55999755859375,69.06999969482422,69.26000213623047,2934000.0
2025-03-14,69.86000061035156,70.38999938964844,69.73999786376953,70.3499984741211,7266100.0
2025-03-17,70.66000366210938,71.25,70.66000366210938,71.08999633789062,3315500.0
2025-03-18,70.66999816894531,71.05000305175781,70.43000030517578,70.88999938964844,3352300.0
2025-03-19,71.01000213623047,71.87999725341797,70.95999908447266,71.69999694824219,3473000.0
2025-03-20,70.7699966430664,71.33999633789062,70.76000213623047,71.31999969482422,2640400.0
2025-03-21,71.16000366210938,71.41999816894531,71.05000305175781,71.33000183105469,3482100.0
2025-03-24,71.11000061035156,71.20999908447266,70.94000244140625,71.16999816894531,3396800.0
2025-03-25,71.29000091552734,71.7300033569336,71.16999816894531,71.68000030517578,12540300.0
2025-03-26,71.18000030517578,71.26000213623047,70.68000030517578,70.75,8321100.0
2025-03-27,70.7300033569336,70.83999633789062,70.5199966430664,70.6500015258789,4608400.0
2025-03-28,69.36000061035156,69.5999984741211,68.9800033569336,69.22000122070312,7782300.0
2025-03-31,68.2300033569336,68.73999786376953,67.88999938964844,68.55999755859375,4204300.0
2025-04-01,67.83000183105469,68.41000366210938,67.51000213623047,68.19999694824219,4730900.0
2025-04-02,67.33999633789062,68.26000213623047,67.31999969482422,68.22000122070312,3999200.0
2025-04-03,66.0999984741211,66.41999816894531,65.22000122070312,65.41000366210938,9542200.0
2025-04-04,63.09000015258789,63.34000015258789,61.34000015258789,61.5099983215332,15532500.0
2025-04-07,60.18000030517578,63.13999938964844,59.84000015258789,61.31999969482422,19735300.0
2025-04-08,64.33999633789062,64.44000244140625,61.02000045776367,61.650001525878906,13116000.0
2025-04-09,61.34000015258789,66.48999786376953,61.08000183105469,66.33999633789062,18189300.0
2025-04-10,64.88999938964844,65.04000091552734,62.720001220703125,64.22000122070312,11273700.0
2025-04-11,64.54000091552734,65.9000015258789,64.31999969482422,65.81999969482422,6951800.0
2025-04-14,66.62999725341797,67.2300033569336,66.36000061035156,66.9000015258789,5196100.0
2025-04-15,67.2300033569336,67.75,67.20999908447266,67.44000244140625,3788400.0
2025-04-16,67.19999694824219,67.5,66.51000213623047,66.77999877929688,7811700.0
2025-04-17,68.13999938964844,68.56999969482422,68.05000305175781,68.06999969482422,4224000.0
2025-04-21,68.29000091552734,68.3499984741211,67.44999694824219,67.91999816894531,4567700.0
2025-04-22,69.05000305175781,69.61000061035156,69.0,69.2699966430664,3457900.0
2025-04-23,69.95999908447266,70.30999755859375,69.33000183105469,69.4800033569336,4085800.0
2025-04-24,69.52999877929688,70.29000091552734,69.43000030517578,70.27999877929688,2696900.0
2025-04-25,70.20999908447266,70.79000091552734,70.05000305175781,70.7699966430664,3109700.0
2025-04-28,71.12999725341797,71.86000061035156,71.08000183105469,71.73999786376953,4233600.0
2025-04-29,71.68000030517578,72.16000366210938,71.54000091552734,72.0199966430664,3204500.0
2025-04-30,70.83000183105469,71.62999725341797,70.56999969482422,71.43000030517578,5619300.0
2025-05-01,71.4000015258789,71.61000061035156,71.1500015258789,71.16999816894531,2985700.0
2025-05-02,71.62000274658203,72.0199966430664,71.51000213623047,71.88999938964844,4918800.0
2025-05-05,72.31999969482422,72.52999877929688,72.20999908447266,72.38999938964844,2882600.0
2025-05-06,72.30000305175781,72.69000244140625,72.30000305175781,72.43000030517578,3265100.0
2025-05-07,71.93000030517578,72.2699966430664,71.77999877929688,71.9800033569336,4631500.0
2025-05-08,72.04000091552734,72.33000183105469,71.80000305175781,71.83000183105469,3117800.0
2025-05-09,72.31999969482422,72.31999969482422,71.75,72.01000213623047,2150800.0
2025-05-12,72.45999908447266,72.83000183105469,72.26000213623047,72.80000305175781,3030600.0
2025-05-13,71.91000366210938,72.47000122070312,71.86000061035156,72.25,3858800.0
2025-05-14,72.37000274658203,72.41999816894531,71.30999755859375,71.44999694824219,17474900.0
2025-05-15,72.05000305175781,72.33000183105469,71.9000015258789,72.30000305175781,4360000.0
2025-05-16,72.30000305175781,72.54000091552734,72.1500015258789,72.48999786376953,1920100.0
2025-05-19,72.0,72.58999633789062,71.95999908447266,72.56999969482422,3200700.0
2025-05-20,72.83999633789062,73.02999877929688,72.7699966430664,72.98999786376953,3722400.0
2025-05-21,72.75,73.0999984741211,72.30999755859375,72.30999755859375,5208800.0
2025-05-22,72.20999908447266,72.55000305175781,72.12999725341797,72.37000274658203,2797300.0
2025-05-23,72.30999755859375,73.13999938964844,72.30999755859375,73.02999877929688,8336300.0
2025-05-27,74.5199966430664,74.97000122070312,74.37999725341797,74.94999694824219,6062500.0
2025-05-28,73.79000091552734,73.83000183105469,73.51000213623047,73.61000061035156,5543800.0
2025-05-29,74.02999877929688,74.05000305175781,73.5999984741211,74.02999877929688,3182000.0
2025-05-30,74.11000061035156,74.19000244140625,73.54000091552734,74.12000274658203,5838900.0
2025-06-02,74.43000030517578,75.05000305175781,74.13999938964844,75.04000091552734,6737600.0
2025-06-03,74.20999908447266,74.29000091552734,73.94000244140625,74.12999725341797,3350700.0
2025-06-04,73.91999816894531,74.30000305175781,73.83999633789062,74.08000183105469,5388400.0
2025-06-05,73.54000091552734,73.5999984741211,73.19000244140625,73.38999938964844,5196900.0
2025-06-06,73.9000015258789,74.0,73.63999938964844,73.81999969482422,3500400.0
2025-06-09,74.0,74.12999725341797,73.88999938964844,73.93000030517578,3937900.0
2025-06-10,74.01000213623047,74.01000213623047,73.6500015258789,73.87999725341797,3281000.0
2025-06-11,73.94000244140625,74.08000183105469,73.6500015258789,73.66999816894531,3675400.0
2025-06-12,74.13999938964844,74.30999755859375,74.05999755859375,74.20999908447266,2871200.0
2025-06-13,73.5,73.94000244140625,73.43000030517578,73.5999984741211,3509600.0
2025-06-16,73.3499984741211,73.7300033569336,73.0999984741211,73.1500015258789,3040800.0
2025-06-17,72.69999694824219,72.77999877929688,72.20999908447266,72.27999877929688,4327600.0
2025-06-18,73.19000244140625,73.44999694824219,72.93000030517578,73.05000305175781,4523100.0
2025-06-20,72.44999694824219,72.44999694824219,71.70999908447266,71.76000213623047,5250800.0
2025-06-23,71.1500015258789,72.06999969482422,71.08999633789062,72.0199966430664,4849400.0
2025-06-24,72.47000122070312,72.79000091552734,72.37999725341797,72.73999786376953,4095800.0
2025-06-25,72.52999877929688,72.55000305175781,72.30999755859375,72.44000244140625,3226100.0
2025-06-26,73.62999725341797,74.04000091552734,73.51000213623047,73.97000122070312,4326300.0
2025-06-27,75.08999633789062,75.5,74.94999694824219,75.27999877929688,10262600.0
2025-06-30,74.97000122070312,75.01000213623047,74.79000091552734,74.97000122070312,6464200.0
2025-07-01,74.66999816894531,74.91000366210938,74.41999816894531,74.41999816894531,7652500.0
2025-07-02,74.2300033569336,74.48999786376953,74.16000366210938,74.45999908447266,3670300.0
2025-07-03,74.41000366210938,74.72000122070312,74.41000366210938,74.5999984741211,1990400.0
2025-07-07,73.61000061035156,73.69999694824219,72.58000183105469,72.81999969482422,11486000.0
2025-07-08,72.94999694824219,73.25,72.86000061035156,73.19000244140625,4668100.0
2025-07-09,73.12999725341797,73.33000183105469,72.91000366210938,73.30000305175781,4077600.0
2025-07-10,72.72000122070312,73.01000213623047,72.55000305175781,72.94000244140625,2427700.0
2025-07-11,72.41999816894531,72.45999908447266,72.22000122070312,72.36000061035156,3110700.0
2025-07-14,72.25,72.48999786376953,72.20999908447266,72.41000366210938,2233500.0
2025-07-15,72.2300033569336,72.26000213623047,71.61000061035156,71.69000244140625,4302500.0
2025-07-16,71.69000244140625,72.02999877929688,71.5199966430664,72.0199966430664,7632700.0
2025-07-17,72.13999938964844,72.5,72.08999633789062,72.38999938964844,4096300.0
2025-07-18,72.1500015258789,72.16999816894531,71.70999908447266,71.80999755859375,5679000.0
2025-07-21,72.44000244140625,72.97000122070312,72.38999938964844,72.61000061035156,4380000.0
2025-07-22,73.0199966430664,73.02999877929688,72.7300033569336,72.9800033569336,9150700.0
2025-07-23,76.27999877929688,76.58999633789062,76.08000183105469,76.48999786376953,19572500.0
2025-07-24,76.76000213623047,76.93000030517578,76.52999877929688,76.55000305175781,7504500.0
2025-07-25,75.5199966430664,75.7300033569336,75.44999694824219,75.68000030517578,9017800.0
2025-07-28,74.58000183105469,74.66000366210938,74.12000274658203,74.2699966430664,6767800.0
2025-07-29,74.19999694824219,74.23999786376953,73.80999755859375,73.87999725341797,6473700.0
2025-07-30,74.30000305175781,74.45999908447266,73.72000122070312,73.9800033569336,7624800.0
2025-07-31,74.25,74.26000213623047,73.33999633789062,73.62000274658203,8368000.0
2025-08-01,74.0999984741211,74.1500015258789,73.41999816894531,74.06999969482422,7790800.0
2025-08-04,74.80000305175781,75.33999633789062,74.80000305175781,75.29000091552734,5963400.0
2025-08-05,75.1500015258789,75.22000122070312,74.80000305175781,75.02999877929688,4310000.0
2025-08-06,75.7699966430664,76.19000244140625,75.5199966430664,76.02999877929688,5501600.0
2025-08-07,76.95999908447266,77.0199966430664,76.33000183105469,76.62000274658203,5575600.0
2025-08-08,77.69999694824219,78.12999725341797,77.62999725341797,77.93000030517578,7747000.0
2025-08-11,77.98999786376953,78.11000061035156,77.72000122070312,77.79000091552734,3296300.0
2025-08-12,78.69000244140625,79.33999633789062,78.55000305175781,79.2300033569336,8737600.0
2025-08-13,79.33000183105469,79.44000244140625,79.16999816894531,79.2699966430664,5795300.0
2025-08-14,78.72000122070312,79.0199966430664,78.58999633789062,78.80000305175781,4498900.0
2025-08-15,80.37999725341797,80.37999725341797,80.04000091552734,80.1500015258789,5582000.0
2025-08-18,80.30000305175781,80.44999694824219,80.19000244140625,80.30000305175781,3725700.0
2025-08-19,80.23999786376953,80.33000183105469,79.9000015258789,80.0199966430664,5465000.0
2025-08-20,79.66999816894531,79.7300033569336,79.3499984741211,79.63999938964844,5201900.0
2025-08-21,78.93000030517578,79.04000091552734,78.62999725341797,78.69999694824219,6606200.0
2025-08-22,78.97000122070312,80.25,78.97000122070312,80.0199966430664,5437300.0
2025-08-25,79.41000366210938,79.56999969482422,79.04000091552734,79.05000305175781,5422100.0
2025-08-26,78.5199966430664,78.94000244140625,78.51000213623047,78.91999816894531,2945600.0
2025-08-27,78.0999984741211,78.68000030517578,78.05999755859375,78.62999725341797,3481600.0
2025-08-28,79.30999755859375,79.51000213623047,79.23999786376953,79.29000091552734,5493400.0
2025-08-29,78.4000015258789,78.45999908447266,78.0999984741211,78.27999877929688,6054000.0
2025-09-02,77.58999633789062,78.18000030517578,77.37999725341797,78.1500015258789,5760900.0
2025-09-03,77.62000274658203,77.93000030517578,77.5999984741211,77.93000030517578,5068300.0
2025-09-04,78.16999816894531,78.73999786376953,78.13999938964844,78.7300033569336,3655300.0
2025-09-05,79.63999938964844,79.87999725341797,78.97000122070312,79.18000030517578,5648000.0
2025-09-08,80.54000091552734,81.0199966430664,80.38999938964844,80.95999908447266,6346400.0
2025-09-09,79.81999969482422,80.12000274658203,79.63999938964844,80.05999755859375,6070300.0
2025-09-10,80.61000061035156,80.81999969482422,80.31999969482422,80.36000061035156,6028100.0
2025-09-11,80.9800033569336,81.45999908447266,80.94999694824219,81.31999969482422,4782000.0
2025-09-12,80.81999969482422,81.01000213623047,80.5999984741211,80.76000213623047,5509400.0
2025-09-15,81.05999755859375,81.41999816894531,81.0,81.3499984741211,4639300.0
2025-09-16,81.36000061035156,81.44000244140625,81.16000366210938,81.3499984741211,4636800.0
2025-09-17,81.37000274658203,81.83999633789062,80.80999755859375,81.16999816894531,5829100.0
2025-09-18,81.29000091552734,81.69999694824219,81.11000061035156,81.48999786376953,5465400.0
2025-09-19,80.87000274658203,80.94999694824219,80.58000183105469,80.79000091552734,5099500.0
2025-09-22,80.95999908447266,81.29000091552734,80.83999633789062,81.25,3428800.0
2025-09-23,81.3499984741211,81.54000091552734,81.02999877929688,81.08999633789062,4353300.0
2025-09-24,81.12999725341797,81.19999694824219,80.77999877929688,80.8499984741211,4906000.0
2025-09-25,80.45999908447266,80.58999633789062,80.16999816894531,80.45999908447266,4855800.0
2025-09-26,80.33999633789062,80.58000183105469,80.22000122070312,80.44000244140625,9649800.0
2025-09-29,80.54000091552734,80.72000122070312,80.37999725341797,80.51000213623047,5053300.0
2025-09-30,80.0999984741211,80.30999755859375,79.88999938964844,80.20999908447266,9629300.0
2025-10-01,80.5199966430664,80.7699966430664,80.06999969482422,80.20999908447266,6794700.0
2025-10-02,80.33000183105469,80.41999816894531,79.80999755859375,80.1500015258789,6801000.0
2025-10-03,81.68000030517578,82.04000091552734,81.54000091552734,81.77999877929688,8651400.0
2025-10-06,83.12000274658203,83.5999984741211,83.0,83.2699966430664,8346500.0
2025-10-07,82.5,82.55000305175781,81.94999694824219,81.95999908447266,6994300.0
2025-10-08,81.70999908447266,81.91000366210938,81.61000061035156,81.75,11043300.0
2025-10-09,82.16000366210938,82.19000244140625,81.41999816894531,81.55000305175781,4539800.0
2025-10-10,79.83000183105469,80.06999969482422,78.20999908447266,78.36000061035156,11311900.0
2025-10-13,79.0199966430664,79.47000122070312,78.83999633789062,79.29000091552734,7861500.0
2025-10-14,79.33999633789062,80.44999694824219,79.18000030517578,80.04000091552734,6700900.0
2025-10-15,81.30999755859375,81.55000305175781,80.87000274658203,81.29000091552734,7589000.0
2025-10-16,81.80999755859375,81.91000366210938,81.23999786376953,81.55000305175781,5636100.0
2025-10-17,81.77999877929688,82.08000183105469,81.6500015258789,82.0,6222300.0
2025-10-20,83.29000091552734,83.79000091552734,83.29000091552734,83.54000091552734,5450900.0
2025-10-21,82.72000122070312,82.86000061035156,82.43000030517578,82.56999969482422,5126500.0
2025-10-22,82.4000015258789,82.5199966430664,81.83999633789062,82.18000030517578,7076300.0
2025-10-23,82.0199966430664,82.33999633789062,81.9800033569336,82.22000122070312,3620400.0
2025-10-24,82.41999816894531,82.68000030517578,82.41999816894531,82.5,3653100.0
2025-10-27,83.61000061035156,83.61000061035156,83.37000274658203,83.52999877929688,2985700.0
2025-10-28,83.55999755859375,84.06999969482422,83.55000305175781,83.93000030517578,4523200.0
2025-10-29,83.5199966430664,83.69000244140625,82.69999694824219,83.2300033569336,8550000.0
2025-10-30,83.13999938964844,83.55999755859375,83.02999877929688,83.20999908447266,6073400.0
2025-10-31,83.70999908447266,83.83999633789062,83.19000244140625,83.44999694824219,9755500.0
2025-11-03,83.58000183105469,83.70999908447266,83.25,83.63999938964844,5288200.0
2025-11-04,83.0,83.3499984741211,82.77999877929688,82.83000183105469,6613800.0
2025-11-05,82.48999786376953,82.98999786376953,82.3499984741211,82.80000305175781,5594800.0
2025-11-06,83.30999755859375,83.37999725341797,82.66000366210938,82.95999908447266,5396000.0
2025-11-07,82.83999633789062,83.30999755859375,82.30000305175781,83.29000091552734,5604500.0
2025-11-10,83.31999969482422,83.75,83.06999969482422,83.68000030517578,5038400.0
2025-11-11,83.5,83.91000366210938,83.37000274658203,83.75,6582700.0
2025-11-12,84.2300033569336,84.54000091552734,84.12999725341797,84.33999633789062,6539000.0
2025-11-13,83.9800033569336,84.02999877929688,82.95999908447266,83.01000213623047,7215600.0
2025-11-14,83.63999938964844,84.20999908447266,83.4000015258789,83.9800033569336,6153900.0
2025-11-17,83.0199966430664,83.3499984741211,82.13999938964844,82.47000122070312,6967700.0
2025-11-18,80.69999694824219,81.0999984741211,80.29000091552734,80.77999877929688,6922400.0
2025-11-19,80.68000030517578,81.1500015258789,80.38999938964844,80.68000030517578,6065700.0
2025-11-20,81.13999938964844,81.37000274658203,79.4800033569336,79.48999786376953,11263100.0
2025-11-21,80.80999755859375,81.44000244140625,80.30000305175781,81.19000244140625,8907800.0
2025-11-24,81.08000183105469,81.87000274658203,80.95999908447266,81.73999786376953,3799400.0
2025-11-25,81.31999969482422,81.97000122070312,81.01000213623047,81.91999816894531,5197000.0
2025-11-26,82.7300033569336,83.37000274658203,82.55000305175781,83.26000213623047,3711400.0
2025-11-28,82.83999633789062,83.04000091552734,82.75,83.01000213623047,2711800.0
2025-12-01,82.48999786376953,82.87000274658203,82.44999694824219,82.52999877929688,5020900.0
2025-12-02,82.7300033569336,82.7300033569336,82.26000213623047,82.47000122070312,3848400.0
2025-12-03,82.0999984741211,82.6500015258789,82.02999877929688,82.61000061035156,5501500.0
2025-12-04,84.20999908447266,84.27999877929688,83.4800033569336,83.62000274658203,4692400.0
2025-12-05,83.68000030517578,83.80000305175781,83.44000244140625,83.69999694824219,4186800.0
2025-12-08,83.48999786376953,83.55000305175781,83.05999755859375,83.19000244140625,3589600.0
2025-12-09,83.58000183105469,83.72000122070312,83.30000305175781,83.30999755859375,3387200.0
2025-12-10,83.23999786376953,84.05999755859375,83.11000061035156,83.91000366210938,5887600.0
2025-12-11,83.94000244140625,84.37999725341797,83.87999725341797,84.22000122070312,4377900.0
2025-12-12,84.4000015258789,84.44999694824219,83.69000244140625,84.0,6361700.0
2025-12-15,85.27999877929688,85.30999755859375,84.69999694824219,84.87000274658203,4439300.0
2025-12-16,81.11000061035156,81.2699966430664,80.6500015258789,80.8499984741211,6205600.0
2025-12-17,80.43000030517578,80.56999969482422,79.70999908447266,79.73999786376953,6592800.0
2025-12-18,80.29000091552734,80.44999694824219,79.81999969482422,79.97000122070312,6214800.0
2025-12-19,80.45999908447266,80.80000305175781,80.4000015258789,80.58000183105469,5596000.0
2025-12-22,80.25,80.55999755859375,80.16000366210938,80.45999908447266,5963100.0
2025-12-23,81.3499984741211,81.44999694824219,81.05999755859375,81.13999938964844,6126600.0
2025-12-24,80.86000061035156,81.12999725341797,80.76000213623047,81.0,1767600.0
2025-12-26,80.94999694824219,80.98999786376953,80.72000122070312,80.97000122070312,2340200.0
2025-12-29,80.97000122070312,81.12999725341797,80.77999877929688,81.08999633789062,4629100.0
2025-12-30,81.23999786376953,81.2699966430664,80.97000122070312,80.9800033569336,3748800.0
2025-12-31,80.7300033569336,81.0,80.54000091552734,80.73999786376953,4445000.0
2026-01-02,81.51000213623047,81.56999969482422,80.81999969482422,81.33000183105469,7874000.0
2026-01-05,82.36000061035156,83.18000030517578,82.36000061035156,83.12999725341797,6465700.0
2026-01-06,83.13999938964844,83.2699966430664,82.9000015258789,83.06999969482422,9209100.0
2026-01-07,83.12000274658203,83.13999938964844,82.77999877929688,82.91999816894531,6011500.0
2026-01-08,82.56999969482422,82.91000366210938,82.5199966430664,82.86000061035156,5791200.0
2026-01-09,84.13999938964844,84.91999816894531,84.06999969482422,84.61000061035156,7885300.0
2026-01-12,84.94999694824219,85.30000305175781,84.93000030517578,85.29000091552734,6171000.0
2026-01-13,84.69999694824219,84.79000091552734,84.29000091552734,84.44999694824219,5177300.0
2026-01-14,85.08000183105469,85.33999633789062,84.91000366210938,85.04000091552734,7046000.0
2026-01-15,85.9000015258789,86.0,85.38999938964844,85.41999816894531,5601600.0
2026-01-16,85.54000091552734,85.61000061035156,85.26000213623047,85.4800033569336,4181200.0
2026-01-20,83.83000183105469,84.31999969482422,83.5999984741211,83.72000122070312,9402500.0
2026-01-21,84.20999908447266,85.0,84.05000305175781,84.77999877929688,12139300.0
2026-01-22,84.8499984741211,85.05999755859375,84.66999816894531,84.86000061035156,5129800.0
2026-01-23,84.06999969482422,84.81999969482422,83.94000244140625,84.55999755859375,13051000.0
2026-01-26,85.12000274658203,85.26000213623047,84.62000274658203,84.62999725341797,12120800.0
2026-01-27,85.47000122070312,85.97000122070312,85.44000244140625,85.83999633789062,14767500.0
2026-01-28,85.05999755859375,85.2699966430664,84.79000091552734,85.20999908447266,9157700.0
2026-01-29,86.12999725341797,86.30999755859375,84.83999633789062,86.08999633789062,13444000.0
2026-01-30,85.97000122070312,86.16999816894531,85.4000015258789,85.72000122070312,7254100.0
2026-02-02,85.33000183105469,86.01000213623047,85.08000183105469,85.88999938964844,7060300.0
2026-02-03,86.31999969482422,86.73999786376953,85.91999816894531,86.68000030517578,12779800.0
2026-02-04,87.66999816894531,88.23999786376953,87.19000244140625,87.48999786376953,11696700.0
2026-02-05,86.33000183105469,86.76000213623047,86.0199966430664,86.0999984741211,9245200.0
2026-02-06,88.7699966430664,89.47000122070312,88.58000183105469,89.4000015258789,7409000.0
2026-02-09,90.30000305175781,91.4800033569336,90.19999694824219,91.29000091552734,9877600.0
2026-02-10,93.19999694824219,93.56999969482422,92.97000122070312,93.0999984741211,21601700.0
2026-02-11,93.91000366210938,94.19999694824219,93.22000122070312,93.97000122070312,12280200.0
2026-02-12,94.0,94.27999877929688,93.13999938964844,93.37000274658203,10269700.0
2026-02-13,93.66000366210938,93.94000244140625,92.91000366210938,93.8499984741211,11219200.0
2026-02-17,91.41000366210938,92.06999969482422,90.87000274658203,91.87000274658203,21815200.0
2026-02-18,91.55000305175781,92.0199966430664,91.2699966430664,91.37999725341797,9336300.0
2026-02-19,90.83000183105469,91.22000122070312,90.66999816894531,91.19999694824219,10448700.0
2026-02-20,90.4000015258789,91.56999969482422,90.33000183105469,91.47000122070312,10905700.0
2026-02-23,91.63999938964844,92.08999633789062,91.18000030517578,91.38999938964844,7862000.0
2026-02-24,90.5199966430664,91.44000244140625,90.37000274658203,91.2300033569336,8912900.0
2026-02-25,92.0199966430664,92.56999969482422,91.88999938964844,92.44000244140625,6061200.0
2026-02-26,92.5999984741211,92.75,91.94999694824219,92.4800033569336,6763900.0
2026-02-27,92.66999816894531,92.80999755859375,92.25,92.37000274658203,7723500.0
2026-03-02,89.41000366210938,90.41000366210938,89.16999816894531,90.19999694824219,17218100.0
2026-03-03,84.77999877929688,87.13999938964844,83.8499984741211,86.83000183105469,29746600.0
2026-03-04,87.55000305175781,88.72000122070312,87.08000183105469,88.58999633789062,14258200.0
2026-03-05,86.44999694824219,86.83999633789062,84.91000366210938,85.88999938964844,18638500.0
2026-03-06,84.37999725341797,85.19999694824219,84.12000274658203,84.7699966430664,11412100.0
2026-03-09,83.77999877929688,85.87000274658203,82.91999816894531,85.63999938964844,20330900.0
2026-03-10,86.5,88.13999938964844,85.86000061035156,86.45999908447266,12730100.0
2026-03-11,85.30000305175781,86.18000030517578,84.98999786376953,85.7300033569336,8068300.0
2026-03-12,84.81999969482422,84.91999816894531,83.76000213623047,84.19000244140625,13356700.0
2026-03-13,84.52999877929688,84.79000091552734,83.20999908447266,83.36000061035156,10036500.0
2026-03-16,84.58000183105469,85.31999969482422,84.5199966430664,85.06999969482422,6784700.0
2026-03-17,85.56999969482422,85.63999938964844,84.86000061035156,85.08000183105469,5197800.0
2026-03-18,84.69999694824219,85.13999938964844,84.05000305175781,84.1500015258789,8642600.0
2026-03-19,82.26000213623047,84.4800033569336,82.13999938964844,84.08000183105469,8664700.0
2026-03-20,83.87000274658203,83.91000366210938,80.8499984741211,81.19999694824219,19746900.0
2026-03-23,83.56999969482422,84.5999984741211,82.7300033569336,83.55000305175781,17234500.0
2026-03-24,82.9000015258789,83.87000274658203,82.62999725341797,83.27999877929688,7210300.0
2026-03-25,84.97000122070312,85.23999786376953,84.3499984741211,84.75,7553500.0
2026-03-26,83.63999938964844,84.27999877929688,82.66000366210938,82.70999908447266,5883000.0
2026-03-27,82.19000244140625,82.52999877929688,81.19000244140625,81.43000030517578,14066600.0
2026-03-30,82.6500015258789,82.75,81.3499984741211,81.5199966430664,11806500.0
2026-03-31,82.44999694824219,84.48999786376953,82.16999816894531,84.44000244140625,12647200.0
2026-04-01,86.66000366210938,87.36000061035156,86.2699966430664,86.4800033569336,14766000.0
2026-04-02,83.9800033569336,85.83999633789062,83.73999786376953,85.29000091552734,6422100.0
2026-04-06,85.05000305175781,85.75,85.05000305175781,85.56999969482422,3819800.0
2026-04-07,84.87999725341797,85.69999694824219,83.81999969482422,85.51000213623047,17552100.0
2026-04-08,89.81999969482422,89.98999786376953,88.83000183105469,89.41000366210938,14590400.0
2026-04-09,87.29000091552734,88.7699966430664,86.98999786376953,88.22000122070312,7395900.0
2026-04-10,88.18000030517578,88.37999725341797,87.79000091552734,88.12999725341797,4469600.0
2026-04-13,86.77999877929688,88.4000015258789,86.5999984741211,88.3499984741211,9482400.0
2026-04-14,88.69000244140625,89.5999984741211,88.66000366210938,89.41000366210938,9458100.0
2026-04-15,88.91000366210938,89.16999816894531,88.68000030517578,89.06999969482422,3739900.0
2026-04-16,89.63999938964844,89.68000030517578,89.08999633789062,89.41000366210938,3630000.0
2026-04-17,90.02999877929688,91.02999877929688,89.86000061035156,90.19000244140625,5913800.0
2026-04-20,89.2699966430664,89.47000122070312,88.80999755859375,89.33000183105469,5478900.0
2026-04-21,88.18000030517578,88.43000030517578,86.98999786376953,87.13999938964844,8154700.0
2026-04-22,87.69999694824219,87.83000183105469,87.37999725341797,87.76000213623047,3590500.0
2026-04-23,87.48999786376953,87.80000305175781,86.12000274658203,87.06999969482422,5174500.0
2026-04-24,86.93000030517578,87.54000091552734,86.66999816894531,87.31999969482422,5262300.0
2026-04-27,88.02999877929688,88.36000061035156,87.55999755859375,87.68000030517578,4086100.0
2026-04-28,87.91999816894531,88.0199966430664,87.31999969482422,87.55999755859375,5663700.0
2026-04-29,87.16000366210938,87.26000213623047,86.41000366210938,86.80999755859375,5281400.0
2026-04-30,88.3499984741211,89.30000305175781,87.91999816894531,89.0999984741211,12083600.0
2026-05-01,88.20999908447266,88.87000274658203,87.91000366210938,88.30000305175781,5440800.0
2026-05-04,88.55999755859375,88.94999694824219,87.77999877929688,88.12000274658203,4304000.0
2026-05-05,88.5999984741211,89.29000091552734,88.4800033569336,89.26000213623047,4866000.0
2026-05-06,91.41000366210938,91.9000015258789,91.22000122070312,91.68000030517578,5400000.0
2026-05-07,91.77999877929688,91.97000122070312,90.80000305175781,90.98999786376953,6926100.0
2026-05-08,92.19999694824219,92.44999694824219,91.81999969482422,92.22000122070312,4426300.0
2026-05-11,92.08000183105469,92.4800033569336,92.02999877929688,92.26000213623047,4372700.0
2026-05-12,92.0199966430664,92.26000213623047,91.36000061035156,92.05999755859375,6548300.0
2026-05-13,92.69000244140625,93.2699966430664,92.55000305175781,93.08999633789062,5348200.0
2026-05-14,92.37000274658203,92.48999786376953,91.97000122070312,92.05999755859375,7047500.0
2026-05-15,91.08999633789062,91.41000366210938,90.79000091552734,91.06999969482422,5272000.0
2026-05-18,91.02999877929688,91.2699966430664,90.2300033569336,90.91999816894531,8364000.0
2026-05-19,89.98999786376953,90.88999938964844,89.73999786376953,90.29000091552734,4772400.0
2026-05-20,89.66999816894531,91.2300033569336,89.58999633789062,91.20999908447266,6144000.0
2026-05-21,90.18000030517578,91.62000274658203,89.95999908447266,91.37000274658203,5616900.0
2026-05-22,91.41999816894531,92.0999984741211,91.29000091552734,91.61000061035156,4032600.0
2026-05-26,92.9800033569336,93.2300033569336,92.69999694824219,92.9000015258789,4633100.0
2026-05-27,92.19000244140625,92.41999816894531,91.93000030517578,92.29000091552734,4245000.0
2026-05-28,91.86000061035156,92.97000122070312,91.79000091552734,92.69999694824219,4527700.0
2026-05-29,92.94000244140625,93.37000274658203,92.61000061035156,92.95999908447266,5203700.0
2026-06-01,92.7699966430664,93.3499984741211,91.76000213623047,92.93000030517578,9666400.0
2026-06-02,92.61000061035156,93.5999984741211,92.61000061035156,93.58000183105469,4434600.0
2026-06-03,94.25,94.25,93.79000091552734,93.94000244140625,5961200.0
2026-06-04,93.8499984741211,94.19999694824219,93.41000366210938,94.12999725341797,3536400.0
2026-06-05,93.12999725341797,93.20999908447266,90.54000091552734,90.72000122070312,11554100.0
2026-06-08,91.91000366210938,92.37000274658203,91.75,91.94999694824219,9131200.0
2026-06-09,92.2300033569336,92.80999755859375,89.72000122070312,90.94999694824219,8716300.0
2026-06-10,89.88999938964844,90.66999816894531,89.16999816894531,89.29000091552734,8157700.0
2026-06-11,89.9800033569336,92.33000183105469,89.73999786376953,92.18000030517578,9304700.0
2026-06-12,92.48999786376953,93.0199966430664,91.77999877929688,92.70999908447266,4938400.0
2026-06-15,94.19000244140625,94.22000122070312,93.75,94.05999755859375,4716200.0
2026-06-16,94.41000366210938,94.87000274658203,94.05000305175781,94.12000274658203,5073100.0
2026-06-17,95.19000244140625,95.87999725341797,94.31999969482422,94.44999694824219,6044500.0
2026-06-18,96.2300033569336,96.5199966430664,95.9800033569336,96.26000213623047,5965400.0
2026-06-22,96.83999633789062,97.5199966430664,96.75,96.97000122070312,3231100.0
2026-06-23,92.47000122070312,93.33999633789062,92.08999633789062,92.75,11166700.0
2026-06-24,92.56999969482422,93.02999877929688,92.19999694824219,92.61000061035156,4900200.0
2026-06-25,94.06999969482422,94.23999786376953,93.04000091552734,93.38999938964844,4853100.0
2026-06-26,92.47000122070312,93.27999877929688,92.31999969482422,92.80000305175781,4060800.0
2026-06-29,92.62000274658203,93.23999786376953,91.70999908447266,93.20999908447266,6358900.0
2026-06-30,92.72000122070312,93.4800033569336,92.62999725341797,93.2699966430664,3669900.0
2026-07-01,93.4000015258789,93.73999786376953,93.01000213623047,93.05000305175781,8458300.0
2026-07-02,93.94999694824219,94.5199966430664,92.37999725341797,93.13999938964844,7934600.0
2026-07-06,94.68000030517578,95.36000061035156,94.55999755859375,95.2699966430664,4369000.0
2026-07-07,93.93000030517578,94.11000061035156,92.80000305175781,93.06999969482422,6034200.0
2026-07-08,91.5199966430664,92.58000183105469,91.19000244140625,92.54000091552734,5290600.0
2026-07-09,92.91000366210938,93.69000244140625,92.88999938964844,93.5199966430664,5664800.0
2026-07-10,94.11000061035156,94.75,93.56999969482422,94.55000305175781,3208500.0
2026-07-13,93.06999969482422,93.37000274658203,92.51000213623047,92.72000122070312,3741200.0
2026-07-14,94.16999816894531,94.77999877929688,93.75,93.88999938964844,4475700.0
2026-07-15,93.9000015258789,94.04000091552734,92.77999877929688,93.5,4838200.0
2026-07-16,92.04000091552734,92.47000122070312,91.62000274658203,91.91000366210938,3334700.0
2026-07-17,89.23999786376953,90.6500015258789,89.16000366210938,90.48999786376953,8287500.0
2026-07-20,90.87999725341797,91.20999908447266,90.37999725341797,90.43000030517578,3362700.0
2026-07-21,92.08000183105469,92.97000122070312,91.70999908447266,92.73999786376953,6375600.0
2026-07-22,91.87999725341797,92.55000305175781,91.87999725341797,92.19000244140625,3433600.0
2026-07-23,91.47000122070312,91.87000274658203,90.63999938964844,91.0999984741211,4430500.0
2026-07-24,91.45999908447266,91.91999816894531,91.05999755859375,91.20999908447266,3092000.0
2026-07-27,92.23999786376953,92.4000015258789,90.87000274658203,91.51000213623047,2493000.0
2026-07-28,89.36000061035156,90.33000183105469,89.29000091552734,89.83000183105469,5319400.0
2026-07-29,89.94000244140625,91.16000366210938,89.08999633789062,89.3499984741211,5649200.0
2026-07-30,90.5999984741211,93.45999908447266,90.5,93.29000091552734,6534600.0
2026-07-31,92.5999984741211,93.0,91.33999633789062,92.38999938964844,5290700.0
2026-08-03,92.29000091552734,93.05000305175781,92.12000274658203,92.91000366210938,4024500.0
2026-08-04,93.33999633789062,94.7699966430664,93.29000091552734,94.61000061035156,3303900.0
2026-08-05,95.98999786376953,96.31999969482422,95.1500015258789,95.16000366210938,2777700.0
2026-08-06,95.06999969482422,95.93000030517578,94.83000183105469,95.1500015258789,2694600.0
2026-08-07,96.66999816894531,96.95999908447266,96.30999755859375,96.9000015258789,4484900.0
2026-08-10,96.7300033569336,96.7300033569336,95.98999786376953,96.05000305175781,2595800.0
2026-08-11,96.5999984741211,96.72000122070312,96.16000366210938,96.27999877929688,1683500.0
2026-08-12,98.04000091552734,98.20999908447266,97.63999938964844,97.79000091552734,2240900.0
2026-08-13,98.08999633789062,98.79000091552734,98.0,98.47000122070312,2766100.0
2026-08-14,98.38999938964844,98.68000030517578,98.08000183105469,98.20999908447266,1891900.0
2026-08-17,98.13999938964844,98.58999633789062,98.05000305175781,98.16999816894531,2643000.0
2026-08-18,96.4800033569336,96.7300033569336,95.33000183105469,95.37000274658203,4679400.0
2026-08-19,95.41999816894531,95.56999969482422,94.41000366210938,94.77999877929688,7010700.0
2026-08-20,94.36000061035156,94.91000366210938,94.05000305175781,94.2699966430664,3253400.0
2026-08-21,95.23999786376953,95.43000030517578,94.91999816894531,95.18000030517578,2040000.0
2026-08-24,94.7699966430664,95.0,94.37000274658203,94.83999633789062,2506800.0
2026-08-25,95.43000030517578,95.66000366210938,95.0199966430664,95.62999725341797,1574000.0
2026-08-26,95.54000091552734,95.87999725341797,95.23999786376953,95.43000030517578,1811900.0
2026-08-27,95.80000305175781,95.9000015258789,95.36000061035156,95.83999633789062,1723500.0
2026-08-31,96.44999694824219,96.5199966430664,95.63999938964844,95.87999725341797,5305500.0
2026-09-01,95.37000274658203,96.12999725341797,94.98999786376953,95.22000122070312,4292100.0
2026-09-02,95.1500015258789,96.05999755859375,95.08000183105469,96.04000091552734,4068500.0
