date,open,high,low,close,volume
2010-01-04,144.1300048828125,144.32000732421875,143.80999755859375,143.86000061035156,344000.0
2010-01-05,143.88999938964844,144.08999633789062,143.25,143.4600067138672,675600.0
2010-01-06,143.27999877929688,144.0800018310547,143.19000244140625,143.88999938964844,244700.0
2010-01-07,143.19000244140625,143.25999450683594,142.82000732421875,142.97000122070312,524900.0
2010-01-08,143.6699981689453,144.14999389648438,142.77000427246094,143.91000366210938,1134000.0
2010-01-11,144.80999755859375,145.3000030517578,144.74000549316406,144.94000244140625,635000.0
2010-01-12,144.6199951171875,145.2100067138672,144.58999633789062,144.64999389648438,560100.0
2010-01-13,145.2899932861328,145.3699951171875,144.49000549316406,144.8300018310547,231000.0
2010-01-14,144.58999633789062,144.92999267578125,144.2100067138672,144.75999450683594,283000.0
2010-01-15,143.67999267578125,143.72000122070312,143.1199951171875,143.5500030517578,777300.0
2010-01-19,142.58999633789062,142.80999755859375,142.27000427246094,142.77999877929688,482100.0
2010-01-20,141.08999633789062,141.14999389648438,140.57000732421875,140.77999877929688,458700.0
2010-01-21,140.6199951171875,141.16000366210938,140.08999633789062,140.6999969482422,402700.0
2010-01-22,140.9499969482422,141.55999755859375,140.6300048828125,141.13999938964844,309800.0
2010-01-25,141.17999267578125,141.3699951171875,141.0500030517578,141.25999450683594,295300.0
2010-01-26,140.39999389648438,140.7899932861328,140.2100067138672,140.5500030517578,258500.0
2010-01-27,140.1999969482422,140.36000061035156,139.75,139.9600067138672,542300.0
2010-01-28,139.64999389648438,139.64999389648438,139.1999969482422,139.4600067138672,486800.0
2010-01-29,139.0500030517578,139.08999633789062,138.35000610351562,138.38999938964844,587900.0
2010-02-01,138.94000244140625,139.0800018310547,138.69000244140625,139.0500030517578,356600.0
2010-02-02,139.25999450683594,139.47000122070312,139.0,139.3800048828125,234000.0
2010-02-03,139.22000122070312,139.3000030517578,138.6300048828125,138.7100067138672,528300.0
2010-02-04,137.97000122070312,138.02000427246094,137.0,137.16000366210938,1123000.0
2010-02-05,136.61000061035156,136.80999755859375,135.60000610351562,136.39999389648438,1265500.0
2010-02-08,136.50999450683594,136.83999633789062,136.27000427246094,136.3699951171875,668300.0
2010-02-09,137.22000122070312,138.11000061035156,136.67999267578125,137.52000427246094,1138700.0
2010-02-10,137.07000732421875,137.30999755859375,136.5399932861328,137.05999755859375,756500.0
2010-02-11,136.38999938964844,136.6999969482422,135.7100067138672,136.58999633789062,984900.0
2010-02-12,135.47000122070312,136.1300048828125,135.25,135.8699951171875,531400.0
2010-02-16,136.25,137.49000549316406,136.17999267578125,137.41000366210938,611400.0
2010-02-17,136.75,136.83999633789062,135.5800018310547,135.82000732421875,923800.0
2010-02-18,135.75999450683594,136.27999877929688,135.27999877929688,135.86000061035156,533200.0
2010-02-19,134.88999938964844,135.8000030517578,134.57000732421875,135.64999389648438,3046400.0
2010-02-22,135.89999389648438,136.0,135.4600067138672,135.6999969482422,669200.0
2010-02-23,135.25999450683594,135.50999450683594,134.6999969482422,134.75,713200.0
2010-02-24,135.1999969482422,135.9600067138672,134.8800048828125,135.0500030517578,735600.0
2010-02-25,134.4499969482422,135.4199981689453,134.3800048828125,135.27000427246094,936800.0
2010-02-26,135.47000122070312,136.52999877929688,135.32000732421875,135.85000610351562,768500.0
2010-03-01,135.05999755859375,135.50999450683594,134.32000732421875,135.32000732421875,627300.0
2010-03-02,135.39999389648438,135.9499969482422,134.8699951171875,135.82000732421875,852500.0
2010-03-03,136.16000366210938,137.0800018310547,135.97000122070312,136.64999389648438,928200.0
2010-03-04,136.22999572753906,136.36000061035156,135.24000549316406,135.63999938964844,548700.0
2010-03-05,135.49000549316406,135.97999572753906,135.30999755859375,135.91000366210938,436800.0
2010-03-08,136.52999877929688,136.60000610351562,135.82000732421875,136.0,297800.0
2010-03-09,135.36000061035156,135.86000061035156,135.3300018310547,135.7100067138672,342800.0
2010-03-10,135.9600067138672,136.49000549316406,135.8300018310547,136.22000122070312,280200.0
2010-03-11,136.14999389648438,136.5399932861328,136.0,136.47999572753906,441700.0
2010-03-12,137.16000366210938,137.4600067138672,136.97000122070312,137.3000030517578,450700.0
2010-03-15,136.8000030517578,136.85000610351562,136.10000610351562,136.44000244140625,276100.0
2010-03-16,136.92999267578125,137.52999877929688,136.86000061035156,137.47000122070312,614400.0
2010-03-17,137.17999267578125,137.47999572753906,136.97999572753906,137.11000061035156,365400.0
2010-03-18,136.3800048828125,136.6300048828125,135.55999755859375,135.8000030517578,869700.0
2010-03-19,135.05999755859375,135.24000549316406,134.72000122070312,135.05999755859375,954400.0
2010-03-22,134.4600067138672,135.36000061035156,134.44000244140625,135.2100067138672,462100.0
2010-03-23,134.80999755859375,135.3000030517578,134.49000549316406,134.6699981689453,638700.0
2010-03-24,133.14999389648438,133.44000244140625,132.89999389648438,132.94000244140625,1127600.0
2010-03-25,133.1199951171875,133.55999755859375,132.3699951171875,132.52000427246094,1132100.0
2010-03-26,133.33999633789062,133.8800048828125,133.14999389648438,133.8000030517578,859000.0
2010-03-29,134.19000244140625,134.5,134.02999877929688,134.4600067138672,489400.0
2010-03-30,134.33999633789062,134.39999389648438,133.64999389648438,133.8300018310547,569900.0
2010-03-31,134.74000549316406,135.14999389648438,134.67999267578125,134.72999572753906,1133400.0
2010-04-01,134.60000610351562,135.5500030517578,134.55999755859375,135.50999450683594,592500.0
2010-04-05,134.80999755859375,134.9600067138672,134.38999938964844,134.47999572753906,260200.0
2010-04-06,133.44000244140625,133.75,133.22999572753906,133.72999572753906,438600.0
2010-04-07,133.1999969482422,133.41000366210938,133.0800018310547,133.22000122070312,254000.0
2010-04-08,132.77999877929688,133.32000732421875,132.6999969482422,133.16000366210938,530200.0
2010-04-09,133.42999267578125,134.60000610351562,133.41000366210938,134.5800018310547,1596200.0
2010-04-12,135.60000610351562,135.8300018310547,135.3699951171875,135.47999572753906,868100.0
2010-04-13,135.77999877929688,135.77999877929688,135.1199951171875,135.50999450683594,370800.0
2010-04-14,135.92999267578125,136.44000244140625,135.6699981689453,136.22000122070312,497300.0
2010-04-15,135.27000427246094,135.49000549316406,135.02999877929688,135.47000122070312,439400.0
2010-04-16,134.75,135.05999755859375,134.39999389648438,134.77000427246094,1182800.0
2010-04-19,133.9499969482422,134.5399932861328,133.94000244140625,134.50999450683594,599600.0
2010-04-20,134.39999389648438,134.4499969482422,133.9600067138672,134.10000610351562,329600.0
2010-04-21,133.6999969482422,133.72999572753906,133.3800048828125,133.64999389648438,289800.0
2010-04-22,132.92999267578125,132.99000549316406,132.24000549316406,132.77999877929688,1449200.0
2010-04-23,132.38999938964844,133.6300048828125,132.36000061035156,133.3699951171875,981000.0
2010-04-26,132.8300018310547,133.3300018310547,132.63999938964844,133.3000030517578,1158000.0
2010-04-27,132.50999450683594,133.05999755859375,131.3699951171875,131.42999267578125,2035000.0
2010-04-28,131.92999267578125,131.9600067138672,130.7899932861328,131.6300048828125,1642800.0
2010-04-29,131.8699951171875,132.3000030517578,131.75,132.07000732421875,553900.0
2010-04-30,132.99000549316406,133.02999877929688,132.1999969482422,132.77000427246094,1237200.0
2010-05-03,131.94000244140625,132.02000427246094,131.1999969482422,131.61000061035156,530400.0
2010-05-04,130.3000030517578,130.35000610351562,129.58999633789062,129.6999969482422,1876900.0
2010-05-05,127.86000061035156,128.6999969482422,127.75,127.86000061035156,2450700.0
2010-05-06,126.73999786376953,127.3499984741211,124.87999725341797,125.95999908447266,5192800.0
2010-05-07,126.44000244140625,127.37999725341797,125.73999786376953,126.95999908447266,3979600.0
2010-05-10,128.8699951171875,129.0800018310547,127.23999786376953,127.51000213623047,3157700.0
2010-05-11,126.94999694824219,127.16000366210938,126.44000244140625,126.44999694824219,2760500.0
2010-05-12,126.36000061035156,126.73999786376953,125.81999969482422,125.91000366210938,2445800.0
2010-05-13,125.25,125.61000061035156,124.94000244140625,124.94999694824219,1813400.0
2010-05-14,124.66000366210938,124.68000030517578,123.23999786376953,123.47000122070312,3405600.0
2010-05-17,123.41999816894531,123.81999969482422,122.47000122070312,123.4800033569336,3205300.0
2010-05-18,123.95999908447266,124.0199966430664,121.2699966430664,121.7699966430664,4966400.0
2010-05-19,122.43000030517578,123.6500015258789,122.2300033569336,123.5,5272700.0
2010-05-20,123.19999694824219,125.62999725341797,122.62000274658203,124.75,8212100.0
2010-05-21,125.0999984741211,125.62000274658203,124.83000183105469,125.36000061035156,3906600.0
2010-05-24,123.5,123.80000305175781,123.11000061035156,123.41999816894531,2614600.0
2010-05-25,121.83000183105469,123.08999633789062,121.72000122070312,122.9800033569336,2867100.0
2010-05-26,122.3499984741211,122.56999969482422,121.41999816894531,121.56999969482422,2505200.0
2010-05-27,122.0199966430664,123.58000183105469,121.69000244140625,123.22000122070312,2829700.0
2010-05-28,123.16000366210938,123.44000244140625,122.33000183105469,122.37000274658203,1988500.0
2010-06-01,121.58000183105469,123.19999694824219,121.51000213623047,122.02999877929688,1360200.0
2010-06-02,121.77999877929688,122.29000091552734,121.44999694824219,122.11000061035156,1780200.0
2010-06-03,122.18000030517578,122.19000244140625,121.16000366210938,121.22000122070312,1582500.0
2010-06-04,120.19999694824219,120.43000030517578,119.19000244140625,119.27999877929688,3363800.0
2010-06-07,119.06999969482422,119.37000274658203,118.80000305175781,118.80000305175781,1436000.0
2010-06-08,118.9000015258789,119.75,118.79000091552734,119.12000274658203,3195400.0
2010-06-09,120.0199966430664,120.37000274658203,119.41999816894531,119.5199966430664,2411700.0
2010-06-10,120.58000183105469,121.05999755859375,120.4000015258789,121.05000305175781,1956100.0
2010-06-11,120.4800033569336,120.93000030517578,120.12000274658203,120.56999969482422,1329800.0
2010-06-14,122.11000061035156,122.62000274658203,121.79000091552734,121.88999938964844,2489300.0
2010-06-15,122.58000183105469,123.0999984741211,122.2699966430664,123.06999969482422,2292400.0
2010-06-16,122.56999969482422,122.98999786376953,122.45999908447266,122.62999725341797,5829500.0
2010-06-17,123.5199966430664,123.72000122070312,122.98999786376953,123.48999786376953,5796600.0
2010-06-18,123.36000061035156,123.58000183105469,123.16999816894531,123.36000061035156,3591400.0
2010-06-21,123.41999816894531,123.5999984741211,122.6500015258789,122.77999877929688,3625200.0
2010-06-22,122.5,122.80000305175781,122.25,122.37999725341797,1718700.0
2010-06-23,122.16000366210938,123.04000091552734,121.69999694824219,122.69000244140625,1410100.0
2010-06-24,122.72000122070312,123.48999786376953,122.55000305175781,122.86000061035156,1495000.0
2010-06-25,122.66000366210938,123.55000305175781,122.41999816894531,123.44000244140625,853100.0
2010-06-28,123.0,123.05000305175781,122.27999877929688,122.33000183105469,576700.0
2010-06-29,121.56999969482422,121.75,121.12999725341797,121.55999755859375,1529200.0
2010-06-30,121.98999786376953,122.56999969482422,121.87000274658203,121.87000274658203,2100900.0
2010-07-01,123.5199966430664,125.0,123.5,124.7699966430664,2661100.0
2010-07-02,125.47000122070312,125.62000274658203,124.87000274658203,125.08000183105469,1590900.0
2010-07-06,125.5,126.19999694824219,125.23999786376953,125.80000305175781,2645900.0
2010-07-07,125.5199966430664,126.19999694824219,125.47000122070312,126.01000213623047,1365200.0
2010-07-08,126.43000030517578,126.5999984741211,126.11000061035156,126.5,1008900.0
2010-07-09,125.86000061035156,126.08999633789062,125.73999786376953,126.0,520400.0
2010-07-12,125.2300033569336,125.58000183105469,125.13999938964844,125.4800033569336,569400.0
2010-07-13,125.86000061035156,126.95999908447266,125.86000061035156,126.7300033569336,1401800.0
2010-07-14,126.55000305175781,127.36000061035156,126.55000305175781,126.97000122070312,1096100.0
2010-07-15,128.2100067138672,129.02999877929688,128.13999938964844,128.91000366210938,2104200.0
2010-07-16,129.22999572753906,129.3800048828125,128.7100067138672,128.82000732421875,2341000.0
2010-07-19,129.1199951171875,129.41000366210938,128.97000122070312,128.97999572753906,1435300.0
2010-07-20,128.2100067138672,128.77999877929688,128.1999969482422,128.49000549316406,1339500.0
2010-07-21,127.76000213623047,127.88999938964844,126.91000366210938,127.2699966430664,1707900.0
2010-07-22,127.97000122070312,128.89999389648438,127.97000122070312,128.4199981689453,1161000.0
2010-07-23,127.72000122070312,128.8800048828125,127.58999633789062,128.72000122070312,1718500.0
2010-07-26,128.9499969482422,129.6300048828125,128.83999633789062,129.50999450683594,993000.0
2010-07-27,129.50999450683594,129.66000366210938,129.08999633789062,129.5800018310547,607800.0
2010-07-28,129.38999938964844,129.8699951171875,129.27000427246094,129.44000244140625,444800.0
2010-07-29,130.38999938964844,130.6300048828125,130.16000366210938,130.30999755859375,1166100.0
2010-07-30,129.58999633789062,130.27000427246094,129.58999633789062,129.8800048828125,632300.0
2010-08-02,130.75,131.5,130.6699981689453,131.25999450683594,877200.0
2010-08-03,131.66000366210938,131.9600067138672,131.3800048828125,131.8699951171875,1163500.0
2010-08-04,131.64999389648438,131.77999877929688,130.8699951171875,131.17999267578125,1216500.0
2010-08-05,131.25,131.4600067138672,130.89999389648438,131.4600067138672,559500.0
2010-08-06,132.24000549316406,132.8800048828125,132.2100067138672,132.4499969482422,1598800.0
2010-08-09,132.0,132.10000610351562,131.7100067138672,131.8300018310547,346300.0
2010-08-10,130.83999633789062,131.82000732421875,130.3300018310547,131.38999938964844,1895200.0
2010-08-11,129.27000427246094,129.33999633789062,128.19000244140625,128.41000366210938,1825300.0
2010-08-12,127.88999938964844,128.27999877929688,127.75,127.81999969482422,725300.0
2010-08-13,127.61000061035156,127.87000274658203,127.06999969482422,127.08000183105469,718600.0
2010-08-16,127.80000305175781,128.16000366210938,127.61000061035156,127.73999786376953,556800.0
2010-08-17,128.47000122070312,128.55999755859375,127.93000030517578,128.33999633789062,862900.0
2010-08-18,128.50999450683594,128.52999877929688,127.98999786376953,128.13999938964844,1195200.0
2010-08-19,128.32000732421875,128.5399932861328,127.47000122070312,127.75,1674000.0
2010-08-20,126.54000091552734,126.70999908447266,126.19000244140625,126.6500015258789,1766700.0
2010-08-23,126.5,126.77999877929688,126.02999877929688,126.19999694824219,1564700.0
2010-08-24,125.7699966430664,126.75,125.70999908447266,126.27999877929688,1390700.0
2010-08-25,125.95999908447266,126.33999633789062,125.7699966430664,126.06999969482422,738100.0
2010-08-26,126.62000274658203,127.19000244140625,126.41999816894531,126.8499984741211,1473100.0
2010-08-27,126.72000122070312,127.33999633789062,126.33000183105469,126.88999938964844,1073400.0
2010-08-30,126.5999984741211,126.69999694824219,126.13999938964844,126.20999908447266,402900.0
2010-08-31,126.79000091552734,126.97000122070312,126.16999816894531,126.25,985100.0
2010-09-01,127.87999725341797,128.0500030517578,127.47000122070312,127.55999755859375,641400.0
2010-09-02,127.7699966430664,127.88999938964844,127.5,127.7699966430664,310100.0
2010-09-03,128.08999633789062,128.5,128.0800018310547,128.47000122070312,564800.0
2010-09-07,127.20999908447266,127.23999786376953,126.37000274658203,126.4800033569336,736700.0
2010-09-08,126.58000183105469,127.1500015258789,126.58000183105469,126.68000030517578,532400.0
2010-09-09,127.05000305175781,127.08999633789062,126.41000366210938,126.58999633789062,486100.0
2010-09-10,126.58999633789062,126.97000122070312,126.44000244140625,126.66000366210938,334100.0
2010-09-13,127.9000015258789,128.44000244140625,127.7699966430664,128.25999450683594,859400.0
2010-09-14,128.07000732421875,129.86000061035156,128.05999755859375,129.58999633789062,1346400.0
2010-09-15,129.49000549316406,129.8800048828125,129.2899932861328,129.6199951171875,450900.0
2010-09-16,130.41000366210938,130.6999969482422,130.05999755859375,130.3000030517578,938100.0
2010-09-17,130.2899932861328,130.47999572753906,129.6999969482422,129.8800048828125,6640800.0
2010-09-20,129.94000244140625,130.49000549316406,129.91000366210938,130.1300048828125,5780700.0
2010-09-21,130.9199981689453,132.39999389648438,130.61000061035156,131.8300018310547,6726500.0
2010-09-22,133.60000610351562,133.89999389648438,133.0500030517578,133.41000366210938,1541500.0
2010-09-23,133.14999389648438,133.14999389648438,132.57000732421875,132.6999969482422,947900.0
2010-09-24,134.0,134.4499969482422,133.9499969482422,134.41000366210938,1249500.0
2010-09-27,134.30999755859375,134.41000366210938,133.94000244140625,134.1999969482422,602200.0
2010-09-28,134.3000030517578,135.4199981689453,133.92999267578125,135.2899932861328,1207200.0
2010-09-29,135.47000122070312,135.9600067138672,135.27999877929688,135.7899932861328,1256500.0
2010-09-30,136.0,136.11000061035156,135.22000122070312,135.80999755859375,1909200.0
2010-10-01,136.7899932861328,137.30999755859375,136.6199951171875,137.25,2156900.0
2010-10-04,136.50999450683594,136.6999969482422,136.22000122070312,136.38999938964844,893700.0
2010-10-05,137.49000549316406,138.0800018310547,137.27000427246094,137.85000610351562,1524100.0
2010-10-06,138.1699981689453,138.9600067138672,138.1199951171875,138.8300018310547,1464600.0
2010-10-07,139.39999389648438,139.42999267578125,138.0500030517578,138.6199951171875,5442300.0
2010-10-08,138.8000030517578,139.05999755859375,138.50999450683594,138.75,3991100.0
2010-10-11,138.77999877929688,138.89999389648438,138.14999389648438,138.1999969482422,806700.0
2010-10-12,137.9199981689453,138.8300018310547,137.4499969482422,138.64999389648438,1532600.0
2010-10-13,138.80999755859375,139.3800048828125,138.58999633789062,139.0399932861328,1521100.0
2010-10-14,139.97999572753906,140.3800048828125,139.8300018310547,140.22000122070312,2027100.0
2010-10-15,140.35000610351562,140.42999267578125,138.85000610351562,139.25,2920300.0
2010-10-18,138.8300018310547,139.47000122070312,138.6999969482422,139.4199981689453,663800.0
2010-10-19,137.58999633789062,137.77999877929688,136.63999938964844,136.80999755859375,1951200.0
2010-10-20,137.7899932861328,139.35000610351562,137.72999572753906,138.97000122070312,1681800.0
2010-10-21,139.35000610351562,139.85000610351562,138.5399932861328,138.72999572753906,1719400.0
2010-10-22,138.9499969482422,139.05999755859375,138.44000244140625,138.77999877929688,711700.0
2010-10-25,139.7100067138672,139.82000732421875,139.02000427246094,139.19000244140625,1252200.0
2010-10-26,138.22000122070312,138.41000366210938,137.77000427246094,138.0399932861328,774100.0
2010-10-27,137.69000244140625,137.74000549316406,136.85000610351562,137.1699981689453,1235800.0
2010-10-28,138.39999389648438,138.9199981689453,138.27000427246094,138.77000427246094,1725700.0
2010-10-29,138.3800048828125,138.80999755859375,138.22000122070312,138.69000244140625,1240900.0
2010-11-01,138.80999755859375,139.0,138.13999938964844,138.36000061035156,871000.0
2010-11-02,139.74000549316406,140.05999755859375,139.52000427246094,139.75999450683594,696900.0
2010-11-03,139.72000122070312,141.66000366210938,139.42999267578125,140.6999969482422,3049700.0
2010-11-04,141.9499969482422,142.27999877929688,141.3300018310547,141.5,2869200.0
2010-11-05,140.3699951171875,140.6699981689453,139.72999572753906,139.8300018310547,1151700.0
2010-11-08,138.7899932861328,138.97999572753906,138.36000061035156,138.6699981689453,1009000.0
2010-11-09,138.8699951171875,138.99000549316406,137.0,137.27000427246094,1571800.0
2010-11-10,137.08999633789062,137.5,136.19000244140625,137.24000549316406,1883200.0
2010-11-11,136.61000061035156,136.6199951171875,135.85000610351562,136.07000732421875,1602900.0
2010-11-12,136.89999389648438,137.22999572753906,136.08999633789062,136.39999389648438,2756300.0
2010-11-15,136.08999633789062,136.14999389648438,135.1300048828125,135.17999267578125,2564100.0
2010-11-16,135.47000122070312,135.61000061035156,133.9600067138672,134.35000610351562,1825900.0
2010-11-17,134.6199951171875,135.1300048828125,134.58999633789062,134.64999389648438,1294600.0
2010-11-18,135.6999969482422,135.9600067138672,135.33999633789062,135.77999877929688,1095200.0
2010-11-19,136.25,136.38999938964844,135.8000030517578,136.36000061035156,1235500.0
2010-11-22,135.9199981689453,136.11000061035156,135.27000427246094,135.7100067138672,1150700.0
2010-11-23,134.1699981689453,134.25999450683594,133.10000610351562,133.22999572753906,1789700.0
2010-11-24,133.36000061035156,133.6999969482422,132.61000061035156,132.75999450683594,961600.0
2010-11-26,131.91000366210938,132.1199951171875,131.6300048828125,131.97999572753906,525400.0
2010-11-29,130.50999450683594,130.75999450683594,130.14999389648438,130.72999572753906,1218800.0
2010-11-30,129.25,129.9600067138672,129.22999572753906,129.3000030517578,1819000.0
2010-12-01,130.55999755859375,131.33999633789062,130.0,130.8699951171875,3604700.0
2010-12-02,130.61000061035156,131.97000122070312,130.55999755859375,131.77000427246094,4190900.0
2010-12-03,133.0399932861328,133.6699981689453,132.77000427246094,133.5800018310547,2980200.0
2010-12-06,132.24000549316406,132.82000732421875,132.0800018310547,132.63999938964844,1483800.0
2010-12-07,133.35000610351562,133.4199981689453,132.14999389648438,132.22999572753906,1504900.0
2010-12-08,131.75999450683594,132.27000427246094,131.5399932861328,132.1300048828125,623900.0
2010-12-09,131.86000061035156,132.00999450683594,131.14999389648438,131.89999389648438,721400.0
2010-12-10,131.69000244140625,131.91000366210938,131.27999877929688,131.7899932861328,441200.0
2010-12-13,132.6300048828125,133.8300018310547,132.57000732421875,133.4199981689453,1039200.0
2010-12-14,133.58999633789062,133.89999389648438,133.1199951171875,133.3000030517578,912500.0
2010-12-15,132.8800048828125,133.13999938964844,131.60000610351562,131.69000244140625,1743100.0
2010-12-16,131.86000061035156,131.99000549316406,131.32000732421875,131.8800048828125,721800.0
2010-12-17,131.8300018310547,131.85000610351562,130.83999633789062,131.36000061035156,1261700.0
2010-12-20,131.13999938964844,131.19000244140625,130.4499969482422,130.72999572753906,722700.0
2010-12-21,131.0800018310547,131.1300048828125,130.24000549316406,130.44000244140625,1014500.0
2010-12-22,130.44000244140625,130.52000427246094,130.27999877929688,130.47000122070312,306100.0
2010-12-23,130.11000061035156,130.89999389648438,130.05999755859375,130.6699981689453,520400.0
2010-12-27,131.0,131.0800018310547,130.75,131.0800018310547,388800.0
2010-12-28,131.3800048828125,131.39999389648438,130.44000244140625,130.6699981689453,580000.0
2010-12-29,130.91000366210938,131.88999938964844,130.77999877929688,131.7100067138672,567400.0
2010-12-30,132.44000244140625,132.6199951171875,132.02999877929688,132.35000610351562,492600.0
2010-12-31,133.19000244140625,133.6999969482422,132.80999755859375,133.08999633789062,632500.0
2011-01-03,132.8300018310547,133.4199981689453,132.52999877929688,132.97000122070312,1169200.0
2011-01-04,133.47999572753906,133.50999450683594,132.38999938964844,132.4499969482422,961300.0
2011-01-05,130.86000061035156,131.3800048828125,130.75,131.0399932861328,802900.0
2011-01-06,130.67999267578125,130.72999572753906,129.4600067138672,129.63999938964844,2825100.0
2011-01-07,129.25,129.60000610351562,128.52999877929688,128.58999633789062,1531600.0
2011-01-10,128.6199951171875,129.10000610351562,128.4199981689453,129.0399932861328,1255900.0
2011-01-11,128.97999572753906,129.41000366210938,128.52999877929688,129.27999877929688,900200.0
2011-01-12,129.8800048828125,130.9199981689453,129.7100067138672,130.77999877929688,2024500.0
2011-01-13,132.58999633789062,133.27999877929688,132.44000244140625,132.9600067138672,2956400.0
2011-01-14,132.99000549316406,133.47000122070312,132.6199951171875,133.1999969482422,914300.0
2011-01-18,133.5399932861328,134.10000610351562,133.00999450683594,133.2899932861328,1006200.0
2011-01-19,134.60000610351562,134.6199951171875,133.9499969482422,134.1699981689453,1660400.0
2011-01-20,133.94000244140625,134.35000610351562,133.41000366210938,134.2100067138672,1042400.0
2011-01-21,134.9499969482422,135.6999969482422,134.83999633789062,135.6300048828125,2248700.0
2011-01-24,135.3699951171875,136.30999755859375,135.3000030517578,135.9199981689453,1430200.0
2011-01-25,135.47000122070312,136.49000549316406,135.3800048828125,136.27999877929688,946200.0
2011-01-26,136.2100067138672,136.5399932861328,135.8800048828125,136.35000610351562,1009300.0
2011-01-27,136.8800048828125,137.0399932861328,136.27000427246094,136.86000061035156,1059600.0
2011-01-28,136.3800048828125,136.6300048828125,135.3000030517578,135.57000732421875,906700.0
2011-01-31,136.52999877929688,136.85000610351562,136.08999633789062,136.3800048828125,1036100.0
2011-02-01,137.13999938964844,137.88999938964844,136.77000427246094,137.77999877929688,1947700.0
2011-02-02,137.3800048828125,137.72999572753906,137.1300048828125,137.5500030517578,581500.0
2011-02-03,136.17999267578125,136.24000549316406,135.58999633789062,135.8000030517578,1217900.0
2011-02-04,135.27000427246094,135.4499969482422,134.89999389648438,135.36000061035156,1065100.0
2011-02-07,134.61000061035156,135.47000122070312,134.55999755859375,135.33999633789062,367000.0
2011-02-08,135.80999755859375,136.33999633789062,135.61000061035156,135.8000030517578,437800.0
2011-02-09,136.27000427246094,136.89999389648438,136.14999389648438,136.7899932861328,963100.0
2011-02-10,135.57000732421875,135.8300018310547,135.24000549316406,135.42999267578125,616100.0
2011-02-11,134.64999389648438,135.19000244140625,134.4600067138672,134.97000122070312,984600.0
2011-02-14,134.02999877929688,134.52999877929688,134.02000427246094,134.33999633789062,545100.0
2011-02-15,134.60000610351562,134.75999450683594,134.25,134.2899932861328,439000.0
2011-02-16,134.30999755859375,135.35000610351562,134.19000244140625,135.1699981689453,457100.0
2011-02-17,135.25999450683594,135.63999938964844,135.1999969482422,135.52999877929688,381300.0
2011-02-18,135.6300048828125,136.61000061035156,135.57000732421875,136.32000732421875,1348500.0
2011-02-22,136.22000122070312,136.49000549316406,135.80999755859375,135.97999572753906,798400.0
2011-02-23,136.6199951171875,137.30999755859375,136.61000061035156,136.91000366210938,1016800.0
2011-02-24,137.4199981689453,137.63999938964844,137.1199951171875,137.47000122070312,1434000.0
2011-02-25,136.91000366210938,137.11000061035156,136.6999969482422,136.97999572753906,486200.0
2011-02-28,137.83999633789062,137.91000366210938,137.25999450683594,137.42999267578125,862400.0
2011-03-01,137.7899932861328,137.97000122070312,137.08999633789062,137.16000366210938,518300.0
2011-03-02,137.85000610351562,138.33999633789062,137.85000610351562,138.08999633789062,743600.0
2011-03-03,138.85000610351562,139.14999389648438,138.72000122070312,139.0399932861328,1072700.0
2011-03-04,139.3300018310547,139.52999877929688,139.0399932861328,139.27999877929688,541700.0
2011-03-07,139.4600067138672,139.72000122070312,139.02000427246094,139.17999267578125,574500.0
2011-03-08,138.1699981689453,138.66000366210938,138.0800018310547,138.4199981689453,791500.0
2011-03-09,138.57000732421875,138.77999877929688,138.30999755859375,138.47000122070312,270000.0
2011-03-10,137.6199951171875,137.77999877929688,137.22000122070312,137.3300018310547,641400.0
2011-03-11,137.35000610351562,138.47999572753906,137.3300018310547,138.47000122070312,559700.0
2011-03-14,138.89999389648438,139.47000122070312,138.8800048828125,139.44000244140625,743800.0
2011-03-15,138.47000122070312,139.57000732421875,138.2899932861328,139.41000366210938,983400.0
2011-03-16,138.75,138.91000366210938,138.1300048828125,138.32000732421875,776100.0
2011-03-17,139.52000427246094,139.86000061035156,139.22999572753906,139.6300048828125,1332800.0
2011-03-18,140.82000732421875,141.27000427246094,140.7100067138672,141.13999938964844,1295500.0
2011-03-21,141.35000610351562,141.8300018310547,140.83999633789062,141.63999938964844,1340500.0
2011-03-22,141.61000061035156,141.61000061035156,141.24000549316406,141.39999389648438,1631500.0
2011-03-23,140.55999755859375,141.0500030517578,140.44000244140625,140.4600067138672,2219200.0
2011-03-24,140.6300048828125,141.6300048828125,140.47999572753906,141.1300048828125,3573900.0
2011-03-25,140.6999969482422,140.9600067138672,139.97000122070312,140.1699981689453,3687600.0
2011-03-28,140.17999267578125,140.60000610351562,140.14999389648438,140.36000061035156,3589700.0
2011-03-29,140.00999450683594,140.5399932861328,139.92999267578125,140.49000549316406,1812800.0
2011-03-30,140.25,140.9199981689453,139.97999572753906,140.69000244140625,1841100.0
2011-03-31,141.11000061035156,141.5399932861328,141.11000061035156,141.16000366210938,1508400.0
2011-04-01,140.49000549316406,141.9199981689453,140.05999755859375,141.66000366210938,1497300.0
2011-04-04,141.8300018310547,141.9499969482422,141.4199981689453,141.6300048828125,313800.0
2011-04-05,141.02000427246094,141.88999938964844,140.97000122070312,141.6699981689453,619000.0
2011-04-06,142.32000732421875,142.92999267578125,142.1999969482422,142.74000549316406,1793100.0
2011-04-07,142.0800018310547,142.6300048828125,142.00999450683594,142.47000122070312,2491100.0
2011-04-08,143.77999877929688,144.0800018310547,143.60000610351562,144.0,743600.0
2011-04-11,143.80999755859375,144.0800018310547,143.6699981689453,143.7100067138672,768300.0
2011-04-12,144.61000061035156,144.61000061035156,143.80999755859375,144.1999969482422,1004800.0
2011-04-13,144.3000030517578,144.5399932861328,143.57000732421875,143.88999938964844,884800.0
2011-04-14,143.61000061035156,144.47000122070312,143.5500030517578,144.38999938964844,647400.0
2011-04-15,143.5500030517578,143.99000549316406,143.33999633789062,143.69000244140625,566400.0
2011-04-18,142.52999877929688,142.72999572753906,141.02000427246094,141.75999450683594,1483200.0
2011-04-19,142.3800048828125,142.9499969482422,142.3300018310547,142.75,529200.0
2011-04-20,144.57000732421875,144.86000061035156,144.2899932861328,144.57000732421875,584100.0
2011-04-21,145.11000061035156,145.3800048828125,144.77000427246094,145.00999450683594,568300.0
2011-04-25,145.55999755859375,145.5800018310547,144.85000610351562,145.27000427246094,410500.0
2011-04-26,145.6699981689453,146.00999450683594,145.49000549316406,145.86000061035156,1200000.0
2011-04-27,146.1699981689453,147.41000366210938,145.77999877929688,147.41000366210938,3097000.0
2011-04-28,147.4499969482422,148.0,147.19000244140625,147.64999389648438,1674700.0
2011-04-29,147.88999938964844,148.08999633789062,147.5399932861328,147.5399932861328,594000.0
2011-05-02,147.88999938964844,148.44000244140625,147.6699981689453,147.74000549316406,1238500.0
2011-05-03,147.5500030517578,148.32000732421875,147.47999572753906,147.74000549316406,1891800.0
2011-05-04,148.5399932861328,148.80999755859375,147.67999267578125,147.72000122070312,1402300.0
2011-05-05,146.52000427246094,146.52999877929688,144.5399932861328,144.69000244140625,2466300.0
2011-05-06,144.6999969482422,144.8000030517578,142.60000610351562,143.0,3966200.0
2011-05-09,142.6199951171875,142.99000549316406,142.00999450683594,142.9499969482422,1826100.0
2011-05-10,142.89999389648438,143.55999755859375,142.64999389648438,143.44000244140625,1042800.0
2011-05-11,142.52999877929688,142.6199951171875,141.17999267578125,141.49000549316406,2195100.0
2011-05-12,141.49000549316406,142.22999572753906,141.10000610351562,141.83999633789062,1053500.0
2011-05-13,142.0,142.0800018310547,140.1199951171875,140.52000427246094,2035800.0
2011-05-16,141.10000610351562,141.91000366210938,141.02000427246094,141.25999450683594,1881000.0
2011-05-17,140.91000366210938,141.82000732421875,140.6699981689453,141.69000244140625,1264700.0
2011-05-18,141.58999633789062,142.27999877929688,141.39999389648438,141.85000610351562,787000.0
2011-05-19,141.86000061035156,142.7100067138672,141.7899932861328,142.55999755859375,925700.0
2011-05-20,141.8699951171875,141.89999389648438,140.8800048828125,141.02999877929688,2776900.0
2011-05-23,139.47000122070312,140.16000366210938,139.44000244140625,139.94000244140625,1243000.0
2011-05-24,140.4600067138672,140.8000030517578,140.3000030517578,140.5399932861328,972000.0
2011-05-25,139.8699951171875,140.64999389648438,139.77000427246094,140.3300018310547,869300.0
2011-05-26,141.33999633789062,141.5399932861328,140.1699981689453,140.85000610351562,1371800.0
2011-05-27,141.97000122070312,142.5,141.64999389648438,142.35000610351562,1915800.0
2011-05-31,143.55999755859375,143.6199951171875,143.07000732421875,143.3800048828125,1345700.0
2011-06-01,143.63999938964844,144.02000427246094,142.66000366210938,142.80999755859375,1773600.0
2011-06-02,143.97000122070312,144.57000732421875,143.4600067138672,144.33999633789062,2031400.0
2011-06-03,144.64999389648438,145.86000061035156,144.52000427246094,145.74000549316406,2232700.0
2011-06-06,145.66000366210938,145.72000122070312,145.0,145.0500030517578,1182300.0
2011-06-07,146.0399932861328,146.38999938964844,145.89999389648438,146.24000549316406,1218400.0
2011-06-08,145.6999969482422,145.82000732421875,145.07000732421875,145.13999938964844,1689000.0
2011-06-09,144.27999877929688,144.7899932861328,144.22000122070312,144.52999877929688,2116500.0
2011-06-10,143.99000549316406,144.0500030517578,142.64999389648438,142.7899932861328,2100800.0
2011-06-13,143.1300048828125,143.72000122070312,142.9199981689453,143.57000732421875,1107700.0
2011-06-14,143.7100067138672,144.41000366210938,143.69000244140625,143.9199981689453,1061500.0
2011-06-15,142.39999389648438,142.5399932861328,141.02999877929688,141.16000366210938,5241800.0
2011-06-16,140.75999450683594,141.4199981689453,140.60000610351562,141.27999877929688,3104400.0
2011-06-17,142.33999633789062,142.82000732421875,142.13999938964844,142.5399932861328,3474800.0
2011-06-20,142.38999938964844,142.74000549316406,142.36000061035156,142.47000122070312,1295600.0
2011-06-21,143.1199951171875,143.67999267578125,143.05999755859375,143.50999450683594,1557400.0
2011-06-22,143.36000061035156,143.88999938964844,142.9199981689453,143.0399932861328,1574300.0
2011-06-23,141.25,142.1300048828125,140.77000427246094,142.10000610351562,2128900.0
2011-06-24,141.60000610351562,141.6999969482422,140.89999389648438,141.32000732421875,1251200.0
2011-06-27,141.27999877929688,142.4199981689453,141.19000244140625,142.27999877929688,744200.0
2011-06-28,142.58999633789062,143.4600067138672,142.50999450683594,143.10000610351562,1502500.0
2011-06-29,143.3699951171875,143.88999938964844,142.92999267578125,143.80999755859375,2575600.0
2011-06-30,144.22999572753906,144.86000061035156,144.08999633789062,144.47999572753906,1040900.0
2011-07-01,144.27000427246094,144.77000427246094,143.8300018310547,144.74000549316406,1438800.0
2011-07-05,144.2100067138672,144.38999938964844,143.41000366210938,143.67999267578125,1580300.0
2011-07-06,142.74000549316406,142.83999633789062,142.3000030517578,142.5500030517578,1336500.0
2011-07-07,142.19000244140625,143.17999267578125,142.19000244140625,142.97000122070312,1551100.0
2011-07-08,142.61000061035156,142.85000610351562,141.55999755859375,142.0399932861328,1319900.0
2011-07-11,140.0500030517578,140.22000122070312,139.32000732421875,139.57000732421875,2506500.0
2011-07-12,139.25999450683594,139.97999572753906,139.02000427246094,139.19000244140625,3223300.0
2011-07-13,140.1999969482422,141.36000061035156,139.82000732421875,140.86000061035156,3201500.0
2011-07-14,141.7100067138672,141.9499969482422,140.6199951171875,140.77000427246094,1998400.0
2011-07-15,140.7100067138672,141.36000061035156,140.38999938964844,140.9499969482422,5193200.0
2011-07-18,140.25999450683594,140.6699981689453,139.63999938964844,140.58999633789062,3977500.0
2011-07-19,141.07000732421875,141.60000610351562,140.55999755859375,140.86000061035156,2032200.0
2011-07-20,141.47000122070312,141.7899932861328,141.1699981689453,141.72000122070312,1281700.0
2011-07-21,142.67999267578125,143.63999938964844,142.41000366210938,143.22000122070312,3117900.0
2011-07-22,143.10000610351562,143.2100067138672,142.7100067138672,143.14999389648438,1294200.0
2011-07-25,143.0500030517578,143.42999267578125,142.72000122070312,143.1999969482422,746700.0
2011-07-26,144.08999633789062,144.72000122070312,144.0399932861328,144.61000061035156,967000.0
2011-07-27,144.13999938964844,144.13999938964844,142.8699951171875,143.22999572753906,1196200.0
2011-07-28,142.1199951171875,142.75,142.08999633789062,142.5399932861328,875100.0
2011-07-29,143.19000244140625,143.61000061035156,142.89999389648438,143.13999938964844,1149700.0
2011-08-01,143.25,143.3000030517578,141.32000732421875,142.0,1850300.0
2011-08-02,141.63999938964844,142.27000427246094,141.2100067138672,141.52999877929688,2063600.0
2011-08-03,142.57000732421875,142.8699951171875,142.02999877929688,142.6199951171875,1341400.0
2011-08-04,141.1699981689453,141.36000061035156,140.58999633789062,140.66000366210938,4215200.0
2011-08-05,141.5800018310547,142.4199981689453,140.92999267578125,142.25,3224700.0
2011-08-08,141.08999633789062,141.9499969482422,140.75,141.55999755859375,2001600.0
2011-08-09,142.08999633789062,142.92999267578125,141.42999267578125,142.82000732421875,3209800.0
2011-08-10,141.89999389648438,141.92999267578125,141.08999633789062,141.27999877929688,3074200.0
2011-08-11,141.50999450683594,142.38999938964844,141.25999450683594,141.72000122070312,2065000.0
2011-08-12,142.13999938964844,142.32000732421875,141.57000732421875,141.9600067138672,1540300.0
2011-08-15,143.47999572753906,144.2100067138672,143.38999938964844,143.83999633789062,1833000.0
2011-08-16,143.41000366210938,144.16000366210938,143.22000122070312,143.52999877929688,1074900.0
2011-08-17,144.30999755859375,144.6300048828125,143.6699981689453,143.80999755859375,1051300.0
2011-08-18,142.97999572753906,143.0,142.17999267578125,142.8300018310547,2576000.0
2011-08-19,143.52999877929688,143.97000122070312,143.25,143.39999389648438,1233200.0
2011-08-22,143.72000122070312,143.72000122070312,143.0800018310547,143.11000061035156,992400.0
2011-08-23,143.69000244140625,143.92999267578125,143.22000122070312,143.88999938964844,1343900.0
2011-08-24,143.82000732421875,144.27000427246094,143.36000061035156,143.64999389648438,1204500.0
2011-08-25,143.89999389648438,143.97000122070312,142.74000549316406,143.32000732421875,1452000.0
2011-08-26,143.6300048828125,144.4499969482422,142.75999450683594,144.42999267578125,2040800.0
2011-08-29,144.85000610351562,144.92999267578125,144.3699951171875,144.58999633789062,1030300.0
2011-08-30,143.82000732421875,144.11000061035156,143.5,143.99000549316406,571400.0
2011-08-31,143.8800048828125,143.91000366210938,143.0800018310547,143.1199951171875,1494000.0
2011-09-01,142.33999633789062,142.58999633789062,141.72000122070312,142.14999389648438,1300200.0
2011-09-02,141.67999267578125,141.82000732421875,141.27999877929688,141.38999938964844,840800.0
2011-09-06,139.91000366210938,140.33999633789062,139.1699981689453,139.4600067138672,3003400.0
2011-09-07,139.7100067138672,140.5,139.55999755859375,140.5,2182600.0
2011-09-08,139.3000030517578,139.6699981689453,138.22999572753906,138.33999633789062,3480000.0
2011-09-09,136.9499969482422,137.0,135.75999450683594,136.08999633789062,6272200.0
2011-09-12,135.8699951171875,136.41000366210938,135.02000427246094,136.1300048828125,4870700.0
2011-09-13,136.0399932861328,136.8699951171875,136.0399932861328,136.4199981689453,4110300.0
2011-09-14,136.6699981689453,137.30999755859375,135.8300018310547,136.99000549316406,2637400.0
2011-09-15,138.35000610351562,138.5399932861328,137.74000549316406,138.35000610351562,3976500.0
2011-09-16,137.58999633789062,137.9600067138672,137.13999938964844,137.4600067138672,3340400.0
2011-09-19,135.7100067138672,136.6999969482422,135.3800048828125,136.3800048828125,2865800.0
2011-09-20,136.25,136.6999969482422,135.97000122070312,136.19000244140625,1141500.0
2011-09-21,136.25999450683594,137.47999572753906,135.3800048828125,135.4499969482422,3753000.0
2011-09-22,134.0500030517578,134.7899932861328,133.63999938964844,134.24000549316406,2910400.0
2011-09-23,134.30999755859375,134.9600067138672,134.08999633789062,134.72999572753906,2089700.0
2011-09-26,134.25999450683594,134.7899932861328,133.66000366210938,134.60000610351562,1712900.0
2011-09-27,135.82000732421875,136.17999267578125,135.35000610351562,135.42999267578125,1925900.0
2011-09-28,135.6300048828125,135.9199981689453,134.82000732421875,134.9600067138672,1267000.0
2011-09-29,135.75999450683594,136.11000061035156,135.0399932861328,135.41000366210938,1861300.0
2011-09-30,133.91000366210938,134.14999389648438,133.4600067138672,133.47000122070312,1683500.0
2011-10-03,132.74000549316406,133.0399932861328,131.42999267578125,131.5500030517578,2231400.0
2011-10-04,131.52000427246094,132.72000122070312,131.19000244140625,132.69000244140625,2400000.0
2011-10-05,132.6999969482422,133.32000732421875,132.25999450683594,132.94000244140625,1649600.0
2011-10-06,132.52000427246094,134.0,132.47999572753906,134.0,1431800.0
2011-10-07,134.27000427246094,134.72999572753906,133.08999633789062,133.36000061035156,2605100.0
2011-10-10,135.7100067138672,136.4499969482422,135.60000610351562,136.00999450683594,2510500.0
2011-10-11,135.3699951171875,136.30999755859375,135.1999969482422,136.27000427246094,1279300.0
2011-10-12,137.11000061035156,137.8000030517578,137.00999450683594,137.36000061035156,2064500.0
2011-10-13,136.77000427246094,137.4499969482422,136.3300018310547,137.33999633789062,1340300.0
2011-10-14,138.10000610351562,138.3699951171875,137.8300018310547,138.22000122070312,2048700.0
2011-10-17,137.38999938964844,137.5,136.75999450683594,136.88999938964844,1710700.0
2011-10-18,136.47000122070312,137.6300048828125,136.0,137.10000610351562,2193700.0
2011-10-19,137.6999969482422,137.6999969482422,136.7899932861328,136.94000244140625,2207400.0
2011-10-20,137.0800018310547,137.3699951171875,136.02999877929688,137.30999755859375,3071100.0
2011-10-21,138.25999450683594,138.49000549316406,137.6999969482422,138.44000244140625,1793800.0
2011-10-24,137.80999755859375,139.0399932861328,137.7899932861328,138.75,1648200.0
2011-10-25,138.6300048828125,138.86000061035156,137.97000122070312,138.49000549316406,2244700.0
2011-10-26,139.0500030517578,139.1199951171875,137.4600067138672,138.5399932861328,3283400.0
2011-10-27,140.8300018310547,141.92999267578125,140.55999755859375,141.35000610351562,4076300.0
2011-10-28,140.9199981689453,141.35000610351562,140.83999633789062,141.0500030517578,1044400.0
2011-10-31,139.55999755859375,139.60000610351562,137.7899932861328,137.8699951171875,2068800.0
2011-11-01,135.77999877929688,137.1199951171875,135.6699981689453,136.42999267578125,3795700.0
2011-11-02,137.55999755859375,137.77000427246094,136.60000610351562,136.8000030517578,1884200.0
2011-11-03,137.0,137.97999572753906,136.0500030517578,137.58999633789062,3490400.0
2011-11-04,137.14999389648438,137.47000122070312,136.5500030517578,137.1300048828125,1805800.0
2011-11-07,137.14999389648438,137.60000610351562,136.7100067138672,137.27000427246094,2083000.0
2011-11-08,137.58999633789062,137.92999267578125,137.1300048828125,137.85000610351562,1455100.0
2011-11-09,135.5399932861328,135.5500030517578,134.72000122070312,135.02999877929688,3370200.0
2011-11-10,135.74000549316406,135.80999755859375,134.99000549316406,135.50999450683594,1559700.0
2011-11-11,136.3300018310547,137.42999267578125,136.27999877929688,137.0,1701000.0
2011-11-14,136.02999877929688,136.0399932861328,135.39999389648438,135.72000122070312,1419300.0
2011-11-15,135.00999450683594,135.2100067138672,134.4600067138672,134.8000030517578,1594500.0
2011-11-16,134.33999633789062,135.00999450683594,134.22000122070312,134.22999572753906,1529100.0
2011-11-17,134.66000366210938,134.8699951171875,133.97000122070312,134.14999389648438,2203500.0
2011-11-18,135.13999938964844,135.1999969482422,134.41000366210938,134.6199951171875,2596900.0
2011-11-21,134.1699981689453,134.8800048828125,133.8699951171875,134.5,1854500.0
2011-11-22,134.60000610351562,134.89999389648438,134.32000732421875,134.58999633789062,2039600.0
2011-11-23,133.49000549316406,133.52000427246094,132.69000244140625,132.8699951171875,2186500.0
2011-11-25,132.0,132.4600067138672,131.75999450683594,131.89999389648438,992400.0
2011-11-28,133.38999938964844,133.4499969482422,132.44000244140625,132.60000610351562,1821500.0
2011-11-29,132.6300048828125,133.17999267578125,132.57000732421875,132.75999450683594,1542500.0
2011-11-30,134.41000366210938,134.4499969482422,133.72000122070312,133.85000610351562,2081400.0
2011-12-01,134.27000427246094,134.6199951171875,133.9199981689453,134.11000061035156,1185600.0
2011-12-02,134.47000122070312,134.47000122070312,133.1199951171875,133.5500030517578,1914100.0
2011-12-05,134.24000549316406,134.35000610351562,133.25999450683594,133.44000244140625,1621400.0
2011-12-06,133.17999267578125,133.6999969482422,133.16000366210938,133.47999572753906,2034900.0
2011-12-07,133.1199951171875,133.77999877929688,133.02999877929688,133.52999877929688,1339300.0
2011-12-08,132.7899932861328,133.24000549316406,132.38999938964844,132.85000610351562,1666800.0
2011-12-09,132.85000610351562,133.41000366210938,132.8300018310547,133.1999969482422,1216600.0
2011-12-12,132.02000427246094,132.02999877929688,131.11000061035156,131.38999938964844,1637800.0
2011-12-13,131.27000427246094,131.60000610351562,129.60000610351562,129.8000030517578,2938800.0
2011-12-14,129.32000732421875,129.61000061035156,128.97000122070312,129.33999633789062,2967200.0
2011-12-15,129.91000366210938,129.9199981689453,129.33999633789062,129.63999938964844,1233200.0
2011-12-16,129.94000244140625,129.97999572753906,129.4600067138672,129.8800048828125,2250400.0
2011-12-19,129.7100067138672,129.80999755859375,129.36000061035156,129.42999267578125,1491200.0
2011-12-20,130.75,130.80999755859375,130.1300048828125,130.27000427246094,1892200.0
2011-12-21,129.92999267578125,130.2899932861328,129.74000549316406,129.91000366210938,1505600.0
2011-12-22,129.83999633789062,130.1699981689453,129.75,129.99000549316406,614700.0
2011-12-23,129.92999267578125,130.05999755859375,129.75999450683594,129.89999389648438,458400.0
2011-12-27,130.08999633789062,130.25999450683594,130.05999755859375,130.1699981689453,432300.0
2011-12-28,129.6300048828125,129.6300048828125,128.6199951171875,128.8699951171875,1329400.0
2011-12-29,128.6300048828125,129.14999389648438,128.52000427246094,129.14999389648438,855300.0
2011-12-30,129.07000732421875,129.47000122070312,128.77999877929688,128.9199981689453,886900.0
2012-01-03,129.85000610351562,130.24000549316406,129.75,130.02000427246094,1049400.0
2012-01-04,128.9600067138672,129.10000610351562,128.47000122070312,128.9600067138672,982300.0
2012-01-05,127.5999984741211,127.66000366210938,127.2699966430664,127.44999694824219,1246800.0
2012-01-06,127.01000213623047,127.01000213623047,126.4800033569336,126.70999908447266,1555400.0
2012-01-09,127.08999633789062,127.2699966430664,126.70999908447266,127.20999908447266,1081800.0
2012-01-10,127.37000274658203,127.51000213623047,127.1500015258789,127.22000122070312,1002700.0
2012-01-11,126.52999877929688,126.62000274658203,126.12000274658203,126.55999755859375,1268400.0
2012-01-12,127.44999694824219,127.94999694824219,127.05000305175781,127.76000213623047,1641700.0
2012-01-13,126.45999908447266,126.55999755859375,125.75,126.33000183105469,2640900.0
2012-01-17,126.69999694824219,127.0199966430664,126.61000061035156,126.80999755859375,1037500.0
2012-01-18,127.70999908447266,128.1199951171875,127.55999755859375,128.08999633789062,1368800.0
2012-01-19,128.5,129.16000366210938,128.22000122070312,129.16000366210938,1284900.0
2012-01-20,128.63999938964844,128.97999572753906,128.52999877929688,128.7899932861328,2186600.0
2012-01-23,129.6199951171875,129.97999572753906,129.5,129.8300018310547,1251200.0
2012-01-24,129.16000366210938,129.74000549316406,129.0399932861328,129.72999572753906,1688600.0
2012-01-25,129.19000244140625,130.66000366210938,128.9499969482422,130.60000610351562,1942500.0
2012-01-26,131.1699981689453,131.27999877929688,130.41000366210938,130.47999572753906,1768800.0
2012-01-27,130.47999572753906,131.64999389648438,130.47999572753906,131.6300048828125,1579400.0
2012-01-30,130.3800048828125,130.8300018310547,130.30999755859375,130.7100067138672,1121100.0
2012-01-31,131.10000610351562,131.10000610351562,129.8800048828125,130.27000427246094,1068800.0
2012-02-01,131.10000610351562,131.6199951171875,130.89999389648438,130.97000122070312,988900.0
2012-02-02,130.8699951171875,131.30999755859375,130.75,130.8800048828125,536100.0
2012-02-03,130.3300018310547,131.1199951171875,130.27999877929688,130.9199981689453,1429900.0
2012-02-06,130.0,130.86000061035156,129.92999267578125,130.72999572753906,1122700.0
2012-02-07,131.32000732421875,132.13999938964844,131.19000244140625,131.97000122070312,1531500.0
2012-02-08,131.91000366210938,132.25999450683594,131.63999938964844,132.00999450683594,1570200.0
2012-02-09,132.4499969482422,132.63999938964844,132.11000061035156,132.27999877929688,1706600.0
2012-02-10,131.22000122070312,131.38999938964844,131.10000610351562,131.17999267578125,1229600.0
2012-02-13,131.88999938964844,131.91000366210938,131.32000732421875,131.33999633789062,1042500.0
2012-02-14,131.0500030517578,131.22000122070312,130.24000549316406,130.63999938964844,1112900.0
2012-02-15,130.47999572753906,130.47999572753906,129.8699951171875,130.05999755859375,1951700.0
2012-02-16,129.6300048828125,131.05999755859375,129.52999877929688,130.83999633789062,2367200.0
2012-02-17,131.36000061035156,131.38999938964844,130.8300018310547,131.02000427246094,815700.0
2012-02-21,131.85000610351562,132.19000244140625,131.6300048828125,131.82000732421875,1228400.0
2012-02-22,131.8000030517578,132.0800018310547,131.5500030517578,131.85000610351562,992900.0
2012-02-23,132.36000061035156,133.14999389648438,132.11000061035156,133.13999938964844,1639000.0
2012-02-24,133.60000610351562,134.25999450683594,133.60000610351562,134.07000732421875,1457700.0
2012-02-27,133.1199951171875,133.60000610351562,133.08999633789062,133.39999389648438,1259100.0
2012-02-28,133.77999877929688,134.08999633789062,133.3000030517578,134.02000427246094,1307200.0
2012-02-29,133.94000244140625,134.08999633789062,132.5500030517578,132.6199951171875,1920200.0
2012-03-01,132.47000122070312,132.7899932861328,132.38999938964844,132.47999572753906,1021400.0
2012-03-02,131.66000366210938,131.6699981689453,131.2899932861328,131.4600067138672,976300.0
2012-03-05,131.67999267578125,131.8300018310547,131.42999267578125,131.60000610351562,1097800.0
2012-03-06,130.64999389648438,130.74000549316406,130.4499969482422,130.58999633789062,1938500.0
2012-03-07,130.5399932861328,131.0500030517578,130.3800048828125,130.8800048828125,1024700.0
2012-03-08,131.66000366210938,132.30999755859375,131.66000366210938,132.0800018310547,1116400.0
2012-03-09,130.77000427246094,130.85000610351562,130.38999938964844,130.58999633789062,1613600.0
2012-03-12,130.6699981689453,130.99000549316406,130.4600067138672,130.91000366210938,1330900.0
2012-03-13,130.0500030517578,130.64999389648438,130.0,130.13999938964844,1481100.0
2012-03-14,129.9600067138672,130.08999633789062,129.5399932861328,129.67999267578125,1060500.0
2012-03-15,129.97999572753906,130.61000061035156,129.86000061035156,130.24000549316406,1013900.0
2012-03-16,130.66000366210938,131.27000427246094,130.66000366210938,131.0800018310547,1534400.0
2012-03-19,130.97000122070312,132.05999755859375,130.89999389648438,131.75999450683594,1387100.0
2012-03-20,131.36000061035156,131.9199981689453,131.25999450683594,131.6300048828125,746000.0
2012-03-21,131.67999267578125,131.9600067138672,131.19000244140625,131.47000122070312,732500.0
2012-03-22,130.86000061035156,131.39999389648438,130.8300018310547,131.25,554600.0
2012-03-23,131.75999450683594,132.22000122070312,131.60000610351562,132.07000732421875,836500.0
2012-03-26,132.50999450683594,133.0500030517578,132.47999572753906,132.9600067138672,593600.0
2012-03-27,132.75,132.83999633789062,132.55999755859375,132.60000610351562,704100.0
2012-03-28,132.6300048828125,132.69000244140625,132.14999389648438,132.5800018310547,1036600.0
2012-03-29,132.07000732421875,132.33999633789062,131.92999267578125,132.30999755859375,520900.0
2012-03-30,132.8800048828125,132.91000366210938,132.47000122070312,132.72000122070312,431600.0
2012-04-02,132.2100067138672,132.75,132.17999267578125,132.6699981689453,719000.0
2012-04-03,132.61000061035156,132.83999633789062,131.50999450683594,131.6999969482422,1151600.0
2012-04-04,130.64999389648438,130.8699951171875,130.52999877929688,130.75,1066500.0
2012-04-05,129.8699951171875,130.14999389648438,129.85000610351562,130.0399932861328,843700.0
2012-04-09,129.92999267578125,130.6999969482422,129.91000366210938,130.5,448900.0
2012-04-10,130.27000427246094,130.50999450683594,129.9199981689453,130.19000244140625,1158900.0
2012-04-11,130.77999877929688,130.91000366210938,130.3300018310547,130.42999267578125,1250400.0
2012-04-12,130.92999267578125,131.5,130.89999389648438,131.27999877929688,984300.0
2012-04-13,130.69000244140625,130.69000244140625,130.07000732421875,130.14999389648438,776500.0
2012-04-16,129.8699951171875,130.86000061035156,129.64999389648438,130.74000549316406,1104300.0
2012-04-17,130.6999969482422,130.92999267578125,130.41000366210938,130.6199951171875,743600.0
2012-04-18,130.0399932861328,130.72999572753906,130.02000427246094,130.52999877929688,1244100.0
2012-04-19,130.41000366210938,130.88999938964844,130.33999633789062,130.69000244140625,1001500.0
2012-04-20,131.19000244140625,131.60000610351562,131.17999267578125,131.47999572753906,1011000.0
2012-04-23,130.6999969482422,130.92999267578125,130.41000366210938,130.85000610351562,1597200.0
2012-04-24,131.19000244140625,131.5399932861328,131.16000366210938,131.1999969482422,1041500.0
2012-04-25,131.57000732421875,131.67999267578125,131.0800018310547,131.55999755859375,1013700.0
2012-04-26,131.50999450683594,131.8800048828125,131.42999267578125,131.72999572753906,928400.0
2012-04-27,131.86000061035156,132.0,131.7100067138672,131.7100067138672,497300.0
2012-04-30,131.6199951171875,131.77999877929688,131.5500030517578,131.7100067138672,544000.0
2012-05-01,132.0399932861328,132.19000244140625,131.38999938964844,131.72000122070312,528900.0
2012-05-02,130.75,131.02000427246094,130.64999389648438,130.89999389648438,902300.0
2012-05-03,130.99000549316406,131.14999389648438,130.75999450683594,130.88999938964844,740500.0
2012-05-04,130.86000061035156,131.1300048828125,130.14999389648438,130.25,1005700.0
2012-05-07,129.88999938964844,129.97999572753906,129.69000244140625,129.89999389648438,887000.0
2012-05-08,129.3800048828125,129.77999877929688,129.14999389648438,129.4600067138672,1324100.0
2012-05-09,128.75999450683594,129.05999755859375,128.4600067138672,128.82000732421875,1813900.0
2012-05-10,129.02000427246094,129.1300048828125,128.75999450683594,128.7899932861328,555200.0
2012-05-11,128.55999755859375,128.91000366210938,128.50999450683594,128.55999755859375,422400.0
2012-05-14,127.70999908447266,127.94000244140625,127.5999984741211,127.7300033569336,1628100.0
2012-05-15,127.25,127.37999725341797,126.58000183105469,126.66000366210938,1763700.0
2012-05-16,126.73999786376953,126.93000030517578,126.25,126.44000244140625,1411300.0
2012-05-17,126.44999694824219,126.7300033569336,126.19999694824219,126.41000366210938,1339700.0
2012-05-18,126.51000213623047,127.20999908447266,126.4000015258789,127.08999633789062,1756600.0
2012-05-21,126.70999908447266,127.5999984741211,126.63999938964844,127.55999755859375,1117500.0
2012-05-22,126.9800033569336,127.13999938964844,125.94999694824219,126.16999816894531,1717400.0
2012-05-23,126.05000305175781,126.05000305175781,124.83000183105469,125.38999938964844,3500000.0
2012-05-24,125.29000091552734,125.44999694824219,124.56999969482422,124.68000030517578,1687300.0
2012-05-25,124.55000305175781,124.83999633789062,124.44000244140625,124.4800033569336,804400.0
2012-05-29,124.7699966430664,124.83999633789062,123.9800033569336,124.36000061035156,1423300.0
2012-05-30,123.6500015258789,123.69999694824219,123.01000213623047,123.05999755859375,1993200.0
2012-05-31,123.3499984741211,123.36000061035156,122.75,123.02999877929688,1421700.0
2012-06-01,123.37999725341797,123.95999908447266,122.95999908447266,123.55000305175781,2091100.0
2012-06-04,124.08000183105469,124.44000244140625,124.05999755859375,124.30999755859375,932900.0
2012-06-05,123.81999969482422,124.05000305175781,123.61000061035156,123.91000366210938,689100.0
2012-06-06,124.05000305175781,125.19000244140625,124.0199966430664,125.12999725341797,1615100.0
2012-06-07,125.54000091552734,125.58000183105469,124.80999755859375,125.0,1052000.0
2012-06-08,123.81999969482422,124.51000213623047,123.69999694824219,124.3499984741211,1253300.0
2012-06-11,124.88999938964844,124.95999908447266,124.12999725341797,124.16999816894531,1411000.0
2012-06-12,124.22000122070312,124.4800033569336,123.76000213623047,124.37999725341797,1179600.0
2012-06-13,124.63999938964844,125.41999816894531,124.4800033569336,125.04000091552734,1439200.0
2012-06-14,125.05000305175781,125.6500015258789,124.95999908447266,125.51000213623047,1885400.0
2012-06-15,125.44999694824219,125.91999816894531,125.31999969482422,125.91999816894531,1234600.0
2012-06-18,125.25,125.4000015258789,124.9000015258789,125.08999633789062,1442000.0
2012-06-19,125.75,126.5999984741211,125.68000030517578,126.13999938964844,1848900.0
2012-06-20,126.30999755859375,126.73999786376953,125.68000030517578,126.12999725341797,2671500.0
2012-06-21,125.83000183105469,125.86000061035156,124.63999938964844,124.7699966430664,1312900.0
2012-06-22,125.08999633789062,125.12999725341797,124.52999877929688,124.93000030517578,856200.0
2012-06-25,124.2300033569336,124.37000274658203,124.05000305175781,124.33000183105469,636500.0
2012-06-26,124.0999984741211,124.3499984741211,123.73999786376953,124.26000213623047,1449700.0
2012-06-27,124.0999984741211,124.1500015258789,123.77999877929688,123.9800033569336,603300.0
2012-06-28,123.68000030517578,123.86000061035156,123.45999908447266,123.80000305175781,916500.0
2012-06-29,126.11000061035156,126.20999908447266,125.7699966430664,125.87999725341797,1590100.0
2012-07-02,125.30999755859375,125.36000061035156,125.0,125.16999816894531,513000.0
2012-07-03,124.97000122070312,125.58000183105469,124.94999694824219,125.43000030517578,357900.0
2012-07-05,123.18000030517578,123.27999877929688,122.97000122070312,123.22000122070312,1078800.0
2012-07-06,122.61000061035156,122.66000366210938,121.91999816894531,122.13999938964844,1393200.0
2012-07-09,122.25,122.55999755859375,122.08999633789062,122.44999694824219,830400.0
2012-07-10,122.27999877929688,122.29000091552734,121.66999816894531,121.83000183105469,895800.0
2012-07-11,121.87000274658203,122.16000366210938,121.44999694824219,121.75,833600.0
2012-07-12,121.16000366210938,121.43000030517578,121.06999969482422,121.37000274658203,764400.0
2012-07-13,121.12000274658203,121.87999725341797,121.11000061035156,121.72000122070312,895300.0
2012-07-16,121.73999786376953,122.20999908447266,121.44000244140625,122.08999633789062,977600.0
2012-07-17,122.0999984741211,122.22000122070312,121.19999694824219,122.16999816894531,962100.0
2012-07-18,121.69999694824219,122.16000366210938,121.69999694824219,122.11000061035156,612300.0
2012-07-19,121.7699966430664,122.16000366210938,121.58999633789062,122.05999755859375,543200.0
2012-07-20,121.1500015258789,121.18000030517578,120.77999877929688,120.91000366210938,2131100.0
2012-07-23,120.23999786376953,120.75,120.05000305175781,120.66000366210938,1565000.0
2012-07-24,120.38999938964844,120.43000030517578,119.7300033569336,120.0199966430664,1114900.0
2012-07-25,120.83999633789062,120.93000030517578,120.44000244140625,120.8499984741211,837100.0
2012-07-26,122.22000122070312,122.55999755859375,122.04000091552734,122.1500015258789,1327200.0
2012-07-27,122.5199966430664,123.16999816894531,122.08999633789062,122.29000091552734,2122600.0
2012-07-30,121.62999725341797,121.91000366210938,121.61000061035156,121.86000061035156,412600.0
2012-07-31,122.16000366210938,122.56999969482422,122.0199966430664,122.30000305175781,1011300.0
2012-08-01,122.43000030517578,122.52999877929688,121.4800033569336,121.5,1097800.0
2012-08-02,121.18000030517578,121.55000305175781,120.63999938964844,121.0999984741211,1461900.0
2012-08-03,122.18000030517578,123.19000244140625,122.08000183105469,123.05000305175781,1238800.0
2012-08-06,123.08999633789062,123.55999755859375,123.0,123.20999908447266,757900.0
2012-08-07,123.61000061035156,123.6500015258789,123.22000122070312,123.23999786376953,689700.0
2012-08-08,122.68000030517578,123.0199966430664,122.6500015258789,122.86000061035156,422300.0
2012-08-09,122.20999908447266,122.48999786376953,121.94999694824219,122.23999786376953,476900.0
2012-08-10,121.81999969482422,122.44000244140625,121.70999908447266,122.20999908447266,354700.0
2012-08-13,122.7300033569336,123.0,122.51000213623047,122.62000274658203,416000.0
2012-08-14,122.69999694824219,122.75,122.44000244140625,122.5199966430664,706300.0
2012-08-15,122.0999984741211,122.19999694824219,121.91999816894531,122.12000274658203,659700.0
2012-08-16,122.55999755859375,123.0,122.4800033569336,122.80999755859375,1014600.0
2012-08-17,122.76000213623047,122.7699966430664,122.16000366210938,122.58999633789062,985700.0
2012-08-20,122.4000015258789,122.77999877929688,122.36000061035156,122.73999786376953,502700.0
2012-08-21,123.83000183105469,124.12000274658203,123.80999755859375,123.9000015258789,1154700.0
2012-08-22,123.68000030517578,124.62000274658203,123.63999938964844,124.4800033569336,1206600.0
2012-08-23,124.70999908447266,125.12999725341797,124.61000061035156,124.8499984741211,843400.0
2012-08-24,124.19000244140625,124.8499984741211,124.19000244140625,124.3499984741211,507900.0
2012-08-27,124.48999786376953,124.48999786376953,124.19999694824219,124.23999786376953,410500.0
2012-08-28,124.9000015258789,124.98999786376953,124.68000030517578,124.91000366210938,566400.0
2012-08-29,124.6500015258789,124.7300033569336,124.44000244140625,124.5199966430664,492600.0
2012-08-30,124.7300033569336,124.81999969482422,124.11000061035156,124.30999755859375,498200.0
2012-08-31,125.36000061035156,125.58999633789062,124.80000305175781,124.9800033569336,1079900.0
2012-09-04,124.9800033569336,125.20999908447266,124.79000091552734,124.86000061035156,622600.0
2012-09-05,125.25,125.45999908447266,125.08000183105469,125.16000366210938,2673600.0
2012-09-06,125.0199966430664,125.69000244140625,124.8499984741211,125.5999984741211,2669200.0
2012-09-07,126.83000183105469,127.30999755859375,126.7300033569336,127.29000091552734,1553100.0
2012-09-10,127.0199966430664,127.23999786376953,126.7699966430664,126.80000305175781,778900.0
2012-09-11,127.4000015258789,127.91000366210938,127.37000274658203,127.80999755859375,829800.0
2012-09-12,128.25999450683594,128.27999877929688,127.97000122070312,128.11000061035156,939000.0
2012-09-13,128.13999938964844,129.42999267578125,127.7300033569336,129.11000061035156,2441700.0
2012-09-14,130.22000122070312,130.85000610351562,130.17999267578125,130.39999389648438,2503700.0
2012-09-17,130.5,130.8800048828125,130.10000610351562,130.27000427246094,1080200.0
2012-09-18,129.72999572753906,129.88999938964844,129.47999572753906,129.55999755859375,916600.0
2012-09-19,129.4199981689453,129.92999267578125,129.2899932861328,129.72000122070312,805300.0
2012-09-20,128.47999572753906,128.92999267578125,128.38999938964844,128.85000610351562,1196200.0
2012-09-21,129.3800048828125,129.49000549316406,128.99000549316406,129.0500030517578,1056300.0
2012-09-24,128.27999877929688,128.52999877929688,128.16000366210938,128.42999267578125,1018100.0
2012-09-25,128.6199951171875,128.8699951171875,128.2100067138672,128.2100067138672,1114000.0
2012-09-26,127.75,127.9000015258789,127.52999877929688,127.80000305175781,1008900.0
2012-09-27,127.86000061035156,128.44000244140625,127.45999908447266,128.2899932861328,1247700.0
2012-09-28,128.4199981689453,128.4199981689453,127.55000305175781,127.69000244140625,1004300.0
2012-10-01,128.3000030517578,128.52999877929688,127.93000030517578,128.0399932861328,991500.0
2012-10-02,128.5800018310547,128.82000732421875,128.27999877929688,128.35000610351562,973200.0
2012-10-03,128.2100067138672,128.3699951171875,128.0399932861328,128.1999969482422,580100.0
2012-10-04,128.9600067138672,129.4600067138672,128.8699951171875,129.33999633789062,903900.0
2012-10-05,129.5800018310547,129.85000610351562,129.2899932861328,129.4499969482422,730600.0
2012-10-08,128.89999389648438,128.92999267578125,128.75,128.85000610351562,322600.0
2012-10-09,128.32000732421875,128.4499969482422,127.7300033569336,127.86000061035156,773500.0
2012-10-10,128.02999877929688,128.27999877929688,127.87999725341797,128.16000366210938,664500.0
2012-10-11,128.5399932861328,128.66000366210938,128.39999389648438,128.42999267578125,951300.0
2012-10-12,128.8699951171875,128.99000549316406,128.52999877929688,128.7100067138672,855600.0
2012-10-15,128.72000122070312,128.77000427246094,128.42999267578125,128.67999267578125,360400.0
2012-10-16,129.6199951171875,129.72999572753906,129.2899932861328,129.6300048828125,1023000.0
2012-10-17,130.2899932861328,130.50999450683594,130.16000366210938,130.33999633789062,568300.0
2012-10-18,130.1300048828125,130.27000427246094,129.6699981689453,129.83999633789062,563200.0
2012-10-19,129.6999969482422,129.6999969482422,129.27000427246094,129.32000732421875,696800.0
2012-10-22,129.6199951171875,129.94000244140625,129.52999877929688,129.6999969482422,444800.0
2012-10-23,128.83999633789062,128.92999267578125,128.6300048828125,128.91000366210938,822700.0
2012-10-24,128.8000030517578,128.89999389648438,128.52999877929688,128.72999572753906,445400.0
2012-10-25,128.92999267578125,129.00999450683594,128.5399932861328,128.5800018310547,353600.0
2012-10-26,128.3800048828125,128.66000366210938,128.25999450683594,128.47000122070312,796400.0
2012-10-31,128.99000549316406,129.05999755859375,128.67999267578125,128.6999969482422,267900.0
2012-11-01,128.86000061035156,128.9199981689453,128.39999389648438,128.52000427246094,468300.0
2012-11-02,127.7300033569336,127.75,127.33000183105469,127.41999816894531,452400.0
2012-11-05,126.95999908447266,127.05999755859375,126.8499984741211,127.0199966430664,659800.0
2012-11-06,127.25,127.36000061035156,127.08999633789062,127.2699966430664,425200.0
2012-11-07,126.72000122070312,126.86000061035156,126.5999984741211,126.79000091552734,682000.0
2012-11-08,126.4800033569336,126.68000030517578,126.33999633789062,126.5199966430664,379400.0
2012-11-09,126.16999816894531,126.38999938964844,126.13999938964844,126.2300033569336,395600.0
2012-11-12,126.29000091552734,126.3499984741211,126.22000122070312,126.2300033569336,223900.0
2012-11-13,125.9800033569336,126.3499984741211,125.91999816894531,126.1500015258789,380200.0
2012-11-14,126.56999969482422,126.91999816894531,126.37999725341797,126.44999694824219,522300.0
2012-11-15,126.81999969482422,127.11000061035156,126.72000122070312,126.80000305175781,502800.0
2012-11-16,126.48999786376953,126.56999969482422,126.04000091552734,126.48999786376953,919500.0
2012-11-19,126.8499984741211,127.30999755859375,126.83000183105469,127.19000244140625,590500.0
2012-11-20,127.12000274658203,127.30000305175781,126.94999694824219,127.30000305175781,246600.0
2012-11-21,127.29000091552734,127.41000366210938,127.22000122070312,127.31999969482422,176200.0
2012-11-23,128.44000244140625,128.97000122070312,128.39999389648438,128.91000366210938,492900.0
2012-11-26,128.69000244140625,128.82000732421875,128.63999938964844,128.75999450683594,774600.0
2012-11-27,128.42999267578125,128.5399932861328,128.22999572753906,128.36000061035156,256800.0
2012-11-28,127.94999694824219,128.52000427246094,127.91000366210938,128.5,390600.0
2012-11-29,128.9600067138672,129.2100067138672,128.5399932861328,128.83999633789062,303600.0
2012-11-30,128.9199981689453,129.2899932861328,128.91000366210938,129.08999633789062,268300.0
2012-12-03,129.44000244140625,129.8000030517578,129.42999267578125,129.5800018310547,389500.0
2012-12-04,129.99000549316406,130.1300048828125,129.8000030517578,129.99000549316406,442400.0
2012-12-05,129.7899932861328,129.9600067138672,129.6999969482422,129.80999755859375,184600.0
2012-12-06,129.4199981689453,129.4199981689453,128.5800018310547,128.77000427246094,464900.0
2012-12-07,128.13999938964844,128.5800018310547,128.0399932861328,128.36000061035156,495700.0
2012-12-10,128.4199981689453,128.50999450683594,128.2899932861328,128.5,232900.0
2012-12-11,128.94000244140625,129.2100067138672,128.8800048828125,129.0800018310547,296700.0
2012-12-12,129.4600067138672,130.0399932861328,129.27999877929688,129.6999969482422,969500.0
2012-12-13,129.77000427246094,130.0500030517578,129.66000366210938,129.8300018310547,296700.0
2012-12-14,129.97999572753906,130.75999450683594,129.8800048828125,130.61000061035156,795800.0
2012-12-17,130.5800018310547,130.80999755859375,130.55999755859375,130.66000366210938,316100.0
2012-12-18,130.8300018310547,131.4199981689453,130.8000030517578,131.25999450683594,453200.0
2012-12-19,131.9199981689453,132.02999877929688,131.41000366210938,131.44000244140625,382000.0
2012-12-20,131.75,131.80999755859375,131.19000244140625,131.4600067138672,352000.0
2012-12-21,130.94000244140625,130.97000122070312,130.6300048828125,130.8699951171875,593800.0
2012-12-24,131.16000366210938,131.1999969482422,130.75999450683594,130.91000366210938,165900.0
2012-12-26,131.14999389648438,131.55999755859375,131.1300048828125,131.27000427246094,297200.0
2012-12-27,131.77000427246094,131.8000030517578,131.02999877929688,131.41000366210938,384100.0
2012-12-28,131.22999572753906,131.3699951171875,131.11000061035156,131.1699981689453,264600.0
2012-12-31,131.22999572753906,131.2899932861328,130.8000030517578,130.9600067138672,348200.0
2013-01-02,131.42999267578125,131.61000061035156,130.57000732421875,130.8699951171875,380500.0
2013-01-03,130.10000610351562,130.2100067138672,129.52000427246094,129.5800018310547,577200.0
2013-01-04,129.44000244140625,129.94000244140625,129.36000061035156,129.80999755859375,572500.0
2013-01-07,129.64999389648438,130.1999969482422,129.55999755859375,130.14999389648438,1065200.0
2013-01-08,129.88999938964844,129.97000122070312,129.61000061035156,129.85000610351562,426400.0
2013-01-09,129.42999267578125,129.80999755859375,129.39999389648438,129.63999938964844,2180200.0
2013-01-10,130.8800048828125,131.63999938964844,130.8300018310547,131.5,1360900.0
2013-01-11,132.52999877929688,132.6199951171875,132.19000244140625,132.36000061035156,578100.0
2013-01-14,132.5500030517578,132.9199981689453,132.39999389648438,132.82000732421875,365900.0
2013-01-15,132.36000061035156,132.57000732421875,131.63999938964844,132.1300048828125,776100.0
2013-01-16,131.9199981689453,132.10000610351562,131.67999267578125,131.82000732421875,482900.0
2013-01-17,132.39999389648438,132.83999633789062,132.30999755859375,132.7100067138672,475300.0
2013-01-18,132.24000549316406,132.33999633789062,131.8000030517578,132.19000244140625,851500.0
2013-01-22,132.14999389648438,132.2100067138672,131.77000427246094,132.14999389648438,381400.0
2013-01-23,132.24000549316406,132.41000366210938,131.6199951171875,132.16000366210938,431900.0
2013-01-24,132.4600067138672,132.8800048828125,132.35000610351562,132.6999969482422,268900.0
2013-01-25,133.57000732421875,133.72999572753906,133.47999572753906,133.5399932861328,418200.0
2013-01-28,133.64999389648438,133.64999389648438,133.30999755859375,133.5,277700.0
2013-01-29,133.6300048828125,133.9199981689453,133.5800018310547,133.86000061035156,696600.0
2013-01-30,134.44000244140625,134.8000030517578,134.4199981689453,134.58999633789062,648600.0
2013-01-31,134.60000610351562,134.8699951171875,134.58999633789062,134.72000122070312,240400.0
2013-02-01,135.1999969482422,136.02999877929688,134.77000427246094,135.49000549316406,1104300.0
2013-02-04,134.50999450683594,134.74000549316406,134.0,134.05999755859375,722000.0
2013-02-05,134.11000061035156,134.88999938964844,133.9600067138672,134.67999267578125,779600.0
2013-02-06,134.02999877929688,134.35000610351562,133.99000549316406,134.1300048828125,212800.0
2013-02-07,133.39999389648438,133.52999877929688,132.64999389648438,132.9199981689453,752300.0
2013-02-08,132.83999633789062,132.99000549316406,132.4600067138672,132.58999633789062,208900.0
2013-02-11,132.77000427246094,133.17999267578125,132.5500030517578,132.94000244140625,476400.0
2013-02-12,133.16000366210938,133.6699981689453,133.07000732421875,133.4199981689453,362700.0
2013-02-13,133.64999389648438,133.75,133.2100067138672,133.36000061035156,181300.0
2013-02-14,132.30999755859375,132.5399932861328,132.1199951171875,132.52000427246094,472000.0
2013-02-15,132.50999450683594,132.67999267578125,132.36000061035156,132.55999755859375,598700.0
2013-02-19,132.5399932861328,132.8800048828125,132.49000549316406,132.80999755859375,811300.0
2013-02-20,132.75999450683594,132.7899932861328,131.63999938964844,131.67999267578125,1327900.0
2013-02-21,131.02000427246094,131.22999572753906,130.5399932861328,130.77999877929688,1072000.0
2013-02-22,130.7100067138672,130.83999633789062,130.39999389648438,130.8000030517578,585900.0
2013-02-25,131.86000061035156,131.92999267578125,129.42999267578125,129.5500030517578,2378900.0
2013-02-26,129.8300018310547,130.19000244140625,129.30999755859375,129.57000732421875,1343900.0
2013-02-27,129.75999450683594,130.35000610351562,129.69000244140625,130.3300018310547,1128300.0
2013-02-28,130.02000427246094,130.11000061035156,129.49000549316406,129.49000549316406,484100.0
2013-03-01,128.92999267578125,129.3800048828125,128.61000061035156,129.1699981689453,785200.0
2013-03-04,128.97999572753906,129.22999572753906,128.80999755859375,129.1300048828125,248800.0
2013-03-05,129.39999389648438,129.49000549316406,129.05999755859375,129.35000610351562,498500.0
2013-03-06,129.16000366210938,129.1699981689453,128.77999877929688,128.86000061035156,976300.0
2013-03-07,129.72000122070312,130.11000061035156,129.64999389648438,129.97000122070312,917300.0
2013-03-08,128.74000549316406,129.11000061035156,128.50999450683594,128.9199981689453,1198700.0
2013-03-11,128.88999938964844,129.35000610351562,128.83999633789062,129.27999877929688,696400.0
2013-03-12,129.6300048828125,129.63999938964844,129.07000732421875,129.24000549316406,414500.0
2013-03-13,128.67999267578125,128.74000549316406,128.19000244140625,128.50999450683594,797700.0
2013-03-14,128.30999755859375,129.25999450683594,128.2899932861328,128.99000549316406,730000.0
2013-03-15,129.77000427246094,129.77999877929688,129.3699951171875,129.5399932861328,1211600.0
2013-03-18,128.24000549316406,128.8800048828125,128.1300048828125,128.25,1681100.0
2013-03-19,128.35000610351562,128.50999450683594,127.36000061035156,127.80999755859375,3422000.0
2013-03-20,128.55999755859375,128.6999969482422,128.24000549316406,128.3300018310547,1095900.0
2013-03-21,127.94999694824219,128.3300018310547,127.76000213623047,127.87000274658203,739800.0
2013-03-22,128.38999938964844,129.00999450683594,128.27999877929688,128.77000427246094,800500.0
2013-03-25,128.32000732421875,128.32000732421875,127.20999908447266,127.45999908447266,1514500.0
2013-03-26,127.52999877929688,127.80999755859375,127.22000122070312,127.5,915500.0
2013-03-27,126.58000183105469,126.80999755859375,126.44000244140625,126.66000366210938,784100.0
2013-03-28,127.01000213623047,127.3499984741211,127.01000213623047,127.08999633789062,1195800.0
2013-04-01,127.05999755859375,127.58000183105469,127.04000091552734,127.33999633789062,281200.0
2013-04-02,127.05999755859375,127.36000061035156,127.0,127.05000305175781,226800.0
2013-04-03,127.23999786376953,127.54000091552734,127.23999786376953,127.37999725341797,489200.0
2013-04-04,126.80999755859375,128.3800048828125,126.77999877929688,128.27999877929688,884700.0
2013-04-05,128.82000732421875,129.27000427246094,128.8000030517578,128.97999572753906,959200.0
2013-04-08,129.0800018310547,129.1300048828125,128.7899932861328,128.92999267578125,675600.0
2013-04-09,129.52000427246094,129.91000366210938,129.17999267578125,129.7100067138672,759800.0
2013-04-10,129.77999877929688,129.82000732421875,129.41000366210938,129.55999755859375,505300.0
2013-04-11,129.77000427246094,130.22999572753906,129.72000122070312,129.85000610351562,561000.0
2013-04-12,129.6999969482422,129.94000244140625,129.58999633789062,129.8699951171875,500500.0
2013-04-15,129.75,129.8300018310547,129.17999267578125,129.17999267578125,801600.0
2013-04-16,130.10000610351562,130.85000610351562,130.00999450683594,130.64999389648438,979100.0
2013-04-17,130.30999755859375,130.30999755859375,128.8699951171875,129.16000366210938,1322500.0
2013-04-18,129.39999389648438,129.82000732421875,129.1300048828125,129.38999938964844,645000.0
2013-04-19,129.69000244140625,130.13999938964844,129.38999938964844,129.47000122070312,529700.0
2013-04-22,129.0399932861328,129.5500030517578,129.02000427246094,129.4600067138672,585500.0
2013-04-23,128.80999755859375,129.13999938964844,128.72999572753906,128.83999633789062,637100.0
2013-04-24,128.75,129.1199951171875,128.60000610351562,129.02000427246094,688900.0
2013-04-25,129.1999969482422,129.2100067138672,128.74000549316406,128.88999938964844,519400.0
2013-04-26,129.0,129.2100067138672,128.8699951171875,129.17999267578125,325500.0
2013-04-29,129.6699981689453,129.97000122070312,129.61000061035156,129.80999755859375,269600.0
2013-04-30,129.9199981689453,130.69000244140625,129.89999389648438,130.52999877929688,730400.0
2013-05-01,130.97000122070312,131.05999755859375,130.42999267578125,130.66000366210938,632600.0
2013-05-02,129.5800018310547,129.8000030517578,129.2100067138672,129.47999572753906,957500.0
2013-05-03,129.52000427246094,130.42999267578125,129.52000427246094,129.99000549316406,562300.0
2013-05-06,129.8800048828125,129.92999267578125,129.3699951171875,129.5800018310547,336300.0
2013-05-07,130.0500030517578,130.05999755859375,129.57000732421875,129.60000610351562,218300.0
2013-05-08,130.4600067138672,130.75999450683594,130.35000610351562,130.3800048828125,622200.0
2013-05-09,129.97999572753906,129.97999572753906,128.92999267578125,129.16000366210938,792400.0
2013-05-10,128.92999267578125,128.97000122070312,128.19000244140625,128.6699981689453,796500.0
2013-05-13,128.63999938964844,128.82000732421875,128.49000549316406,128.52999877929688,483600.0
2013-05-14,128.52999877929688,128.77000427246094,128.14999389648438,128.19000244140625,468600.0
2013-05-15,127.44999694824219,127.69999694824219,127.31999969482422,127.61000061035156,515700.0
2013-05-16,127.77999877929688,128.11000061035156,127.56999969482422,127.62999725341797,421600.0
2013-05-17,126.9000015258789,127.2300033569336,126.80999755859375,127.12999725341797,669400.0
2013-05-20,127.29000091552734,127.81999969482422,127.2699966430664,127.73999786376953,437800.0
2013-05-21,127.5,128.16000366210938,127.27999877929688,127.88999938964844,547100.0
2013-05-22,128.1699981689453,128.8000030517578,127.18000030517578,127.37999725341797,1393400.0
2013-05-23,127.9800033569336,128.38999938964844,127.80000305175781,128.22999572753906,690400.0
2013-05-24,128.13999938964844,128.38999938964844,127.94000244140625,128.16000366210938,356100.0
2013-05-28,127.95999908447266,128.0500030517578,127.36000061035156,127.45999908447266,332600.0
2013-05-29,128.16000366210938,128.5,128.00999450683594,128.2100067138672,733700.0
2013-05-30,129.05999755859375,129.4199981689453,129.0399932861328,129.2100067138672,610100.0
2013-05-31,128.69000244140625,128.82000732421875,128.25999450683594,128.77999877929688,394500.0
2013-06-03,128.5800018310547,129.8699951171875,128.3800048828125,129.52000427246094,1047800.0
2013-06-04,129.47999572753906,129.6699981689453,129.25,129.6199951171875,275900.0
2013-06-05,129.49000549316406,129.8000030517578,129.42999267578125,129.6999969482422,403100.0
2013-06-06,130.1300048828125,131.85000610351562,130.1300048828125,131.24000549316406,2068600.0
2013-06-07,130.85000610351562,131.19000244140625,130.74000549316406,130.9600067138672,464600.0
2013-06-10,130.7100067138672,131.42999267578125,130.63999938964844,131.3300018310547,531600.0
2013-06-11,131.33999633789062,131.94000244140625,131.3300018310547,131.9199981689453,402500.0
2013-06-12,131.8000030517578,132.33999633789062,131.74000549316406,132.07000732421875,390300.0
2013-06-13,131.80999755859375,132.52999877929688,131.5500030517578,132.36000061035156,732300.0
2013-06-14,131.8800048828125,132.25999450683594,131.86000061035156,132.22000122070312,219900.0
2013-06-17,132.25,132.5800018310547,132.0399932861328,132.52999877929688,307700.0
2013-06-18,132.32000732421875,132.88999938964844,132.2899932861328,132.72999572753906,360200.0
2013-06-19,132.6999969482422,132.88999938964844,131.38999938964844,131.57000732421875,844700.0
2013-06-20,130.8800048828125,131.16000366210938,130.41000366210938,130.92999267578125,688600.0
2013-06-21,130.39999389648438,130.52000427246094,129.77000427246094,130.0399932861328,858600.0
2013-06-24,129.5399932861328,130.22000122070312,129.5,130.02000427246094,528700.0
2013-06-25,129.82000732421875,129.91000366210938,129.42999267578125,129.75,258500.0
2013-06-26,129.16000366210938,129.22000122070312,128.63999938964844,128.86000061035156,271500.0
2013-06-27,129.0800018310547,129.33999633789062,128.8000030517578,129.16000366210938,544400.0
2013-06-28,129.3699951171875,129.41000366210938,128.67999267578125,128.92999267578125,412400.0
2013-07-01,129.1199951171875,129.42999267578125,128.91000366210938,129.4199981689453,438500.0
2013-07-02,128.75,129.1300048828125,128.41000366210938,128.52000427246094,721600.0
2013-07-03,128.39999389648438,129.0500030517578,128.38999938964844,128.8800048828125,343300.0
2013-07-05,127.13999938964844,127.22000122070312,126.95999908447266,127.0999984741211,411200.0
2013-07-08,127.36000061035156,127.58000183105469,127.30999755859375,127.47000122070312,179800.0
2013-07-09,127.37000274658203,127.41000366210938,126.30000305175781,126.63999938964844,798200.0
2013-07-10,126.9800033569336,128.22999572753906,126.91000366210938,127.5999984741211,720700.0
2013-07-11,129.14999389648438,129.9499969482422,128.88999938964844,129.77999877929688,787500.0
2013-07-12,128.91000366210938,129.6199951171875,128.85000610351562,129.42999267578125,324000.0
2013-07-15,129.19000244140625,129.49000549316406,129.0399932861328,129.44000244140625,129500.0
2013-07-16,129.88999938964844,130.47000122070312,129.80999755859375,130.41000366210938,266400.0
2013-07-17,130.36000061035156,130.36000061035156,129.58999633789062,129.9499969482422,457700.0
2013-07-18,129.60000610351562,129.92999267578125,129.39999389648438,129.82000732421875,251500.0
2013-07-19,129.88999938964844,130.24000549316406,129.8300018310547,130.1699981689453,262300.0
2013-07-22,130.55999755859375,130.88999938964844,130.50999450683594,130.58999633789062,278200.0
2013-07-23,130.58999633789062,131.10000610351562,130.52999877929688,130.97000122070312,374000.0
2013-07-24,130.83999633789062,131.1199951171875,130.47999572753906,130.6699981689453,613000.0
2013-07-25,130.8800048828125,131.5800018310547,130.85000610351562,131.55999755859375,279500.0
2013-07-26,131.44000244140625,131.6300048828125,131.2899932861328,131.52000427246094,270000.0
2013-07-29,131.24000549316406,131.4199981689453,131.10000610351562,131.33999633789062,201700.0
2013-07-30,131.58999633789062,131.63999938964844,131.0500030517578,131.3000030517578,239800.0
2013-07-31,130.99000549316406,132.11000061035156,130.8699951171875,131.74000549316406,995300.0
2013-08-01,131.22000122070312,131.3699951171875,130.30999755859375,130.74000549316406,536500.0
2013-08-02,131.24000549316406,131.6199951171875,131.19000244140625,131.5500030517578,257300.0
2013-08-05,131.1999969482422,131.32000732421875,131.02000427246094,131.30999755859375,238700.0
2013-08-06,131.6199951171875,131.91000366210938,131.50999450683594,131.74000549316406,195900.0
2013-08-07,131.74000549316406,132.10000610351562,131.63999938964844,132.07000732421875,457500.0
2013-08-08,132.27999877929688,132.6699981689453,132.25999450683594,132.5399932861328,735300.0
2013-08-09,132.24000549316406,132.32000732421875,132.0,132.1199951171875,232000.0
2013-08-12,131.5399932861328,131.80999755859375,131.50999450683594,131.7100067138672,322600.0
2013-08-13,131.24000549316406,131.3800048828125,131.02999877929688,131.3300018310547,226900.0
2013-08-14,131.3000030517578,131.3699951171875,131.1699981689453,131.2899932861328,805200.0
2013-08-15,131.00999450683594,132.27999877929688,130.75,132.22999572753906,589000.0
2013-08-16,132.4199981689453,132.4499969482422,131.7899932861328,132.0,574500.0
2013-08-19,132.22999572753906,132.22999572753906,132.0399932861328,132.0399932861328,112900.0
2013-08-20,133.0,133.1699981689453,132.8000030517578,132.88999938964844,243700.0
2013-08-21,132.5,132.60000610351562,132.02999877929688,132.2100067138672,355800.0
2013-08-22,132.07000732421875,132.3699951171875,131.94000244140625,132.2100067138672,89900.0
2013-08-23,132.1199951171875,132.74000549316406,132.1199951171875,132.52000427246094,251000.0
2013-08-26,132.50999450683594,132.52999877929688,132.27999877929688,132.36000061035156,90700.0
2013-08-27,132.3699951171875,132.64999389648438,132.36000061035156,132.5500030517578,222900.0
2013-08-28,132.1199951171875,132.1199951171875,131.6999969482422,132.0500030517578,194700.0
2013-08-29,131.08999633789062,131.16000366210938,130.8699951171875,131.0800018310547,145600.0
2013-08-30,130.8300018310547,130.88999938964844,130.44000244140625,130.83999633789062,220100.0
2013-09-03,130.3800048828125,130.4600067138672,130.07000732421875,130.4199981689453,323400.0
2013-09-04,130.30999755859375,130.83999633789062,130.30999755859375,130.77999877929688,85300.0
2013-09-05,130.32000732421875,130.3800048828125,129.7899932861328,129.8300018310547,268900.0
2013-09-06,130.07000732421875,130.52999877929688,130.05999755859375,130.39999389648438,191000.0
2013-09-09,130.82000732421875,131.4499969482422,130.7899932861328,131.25999450683594,109400.0
2013-09-10,131.1999969482422,131.41000366210938,131.16000366210938,131.33999633789062,193300.0
2013-09-11,131.32000732421875,131.8699951171875,131.3000030517578,131.8000030517578,201700.0
2013-09-12,131.3800048828125,131.86000061035156,131.30999755859375,131.6300048828125,118000.0
2013-09-13,131.5800018310547,131.7100067138672,131.2100067138672,131.67999267578125,75500.0
2013-09-16,132.36000061035156,132.3800048828125,131.9199981689453,131.99000549316406,146500.0
2013-09-17,132.19000244140625,132.24000549316406,132.0500030517578,132.22000122070312,154700.0
2013-09-18,132.10000610351562,133.7100067138672,132.0,133.67999267578125,872200.0
2013-09-19,134.13999938964844,134.22999572753906,133.69000244140625,133.8699951171875,521500.0
2013-09-20,133.91000366210938,133.9600067138672,133.60000610351562,133.8300018310547,925000.0
2013-09-23,133.6999969482422,133.74000549316406,133.41000366210938,133.5500030517578,376900.0
2013-09-24,133.39999389648438,133.5500030517578,133.3000030517578,133.30999755859375,155200.0
2013-09-25,133.55999755859375,133.9199981689453,133.55999755859375,133.8699951171875,125500.0
2013-09-26,133.52999877929688,133.69000244140625,133.3300018310547,133.42999267578125,205400.0
2013-09-27,134.05999755859375,134.22999572753906,133.75999450683594,133.80999755859375,235400.0
2013-09-30,133.97999572753906,134.02000427246094,133.7899932861328,133.85000610351562,258900.0
2013-10-01,134.1699981689453,134.2100067138672,133.75,133.92999267578125,318800.0
2013-10-02,134.52999877929688,134.6300048828125,134.36000061035156,134.4600067138672,243600.0
2013-10-03,134.52000427246094,135.0,134.47000122070312,134.82000732421875,384100.0
2013-10-04,134.47999572753906,134.61000061035156,133.9600067138672,134.10000610351562,325000.0
2013-10-07,134.27999877929688,134.41000366210938,134.02000427246094,134.33999633789062,240600.0
2013-10-08,134.44000244140625,134.63999938964844,134.22000122070312,134.30999755859375,470000.0
2013-10-09,133.61000061035156,133.83999633789062,133.44000244140625,133.80999755859375,448200.0
2013-10-10,133.69000244140625,134.0,133.6300048828125,133.77999877929688,189200.0
2013-10-11,134.22000122070312,134.32000732421875,133.80999755859375,134.07000732421875,404100.0
2013-10-14,134.4199981689453,134.49000549316406,134.17999267578125,134.24000549316406,137900.0
2013-10-15,133.47000122070312,133.89999389648438,133.41000366210938,133.74000549316406,354500.0
2013-10-16,134.0399932861328,134.05999755859375,133.3000030517578,133.82000732421875,473900.0
2013-10-17,135.13999938964844,135.36000061035156,135.11000061035156,135.35000610351562,377100.0
2013-10-18,135.27000427246094,135.5500030517578,135.24000549316406,135.3699951171875,914900.0
2013-10-21,135.1199951171875,135.4199981689453,135.10000610351562,135.36000061035156,134400.0
2013-10-22,135.89999389648438,136.4600067138672,135.8800048828125,136.33999633789062,330900.0
2013-10-23,136.22000122070312,136.47000122070312,136.16000366210938,136.30999755859375,370400.0
2013-10-24,136.7100067138672,136.7100067138672,136.4600067138672,136.5399932861328,122600.0
2013-10-25,136.4600067138672,136.64999389648438,136.4199981689453,136.5800018310547,201600.0
2013-10-28,136.3300018310547,136.6199951171875,136.2899932861328,136.3800048828125,256000.0
2013-10-29,136.1999969482422,136.6199951171875,135.88999938964844,135.97000122070312,578500.0
2013-10-30,136.02999877929688,136.36000061035156,135.5,135.83999633789062,384100.0
2013-10-31,135.07000732421875,135.11000061035156,134.2899932861328,134.2899932861328,667200.0
2013-11-01,133.5800018310547,133.60000610351562,133.35000610351562,133.4499969482422,676800.0
2013-11-04,133.5399932861328,133.77000427246094,133.52000427246094,133.74000549316406,221600.0
2013-11-05,133.22000122070312,133.3699951171875,133.0500030517578,133.27000427246094,326400.0
2013-11-06,133.6699981689453,134.00999450683594,133.64999389648438,133.77000427246094,753500.0
2013-11-07,132.19000244140625,133.0,132.0500030517578,132.74000549316406,1129000.0
2013-11-08,132.2100067138672,132.24000549316406,131.74000549316406,132.1300048828125,747800.0
2013-11-11,132.57000732421875,132.6999969482422,132.50999450683594,132.6699981689453,238800.0
2013-11-12,132.91000366210938,133.08999633789062,132.77999877929688,132.88999938964844,448900.0
2013-11-13,132.89999389648438,133.22999572753906,132.4600067138672,133.14999389648438,367600.0
2013-11-14,133.0,133.35000610351562,132.8699951171875,133.1300048828125,280800.0
2013-11-15,133.38999938964844,133.49000549316406,133.24000549316406,133.4199981689453,184800.0
2013-11-18,133.8000030517578,133.92999267578125,133.47999572753906,133.5399932861328,278000.0
2013-11-19,133.57000732421875,133.97999572753906,133.42999267578125,133.91000366210938,354200.0
2013-11-20,133.88999938964844,133.94000244140625,132.6699981689453,132.82000732421875,1169600.0
2013-11-21,133.1199951171875,133.44000244140625,132.92999267578125,133.1999969482422,503800.0
2013-11-22,133.69000244140625,134.02999877929688,133.66000366210938,133.97999572753906,394600.0
2013-11-25,133.55999755859375,133.7100067138672,133.39999389648438,133.6999969482422,304700.0
2013-11-26,133.77000427246094,134.25,133.7100067138672,134.1699981689453,244300.0
2013-11-27,134.3800048828125,134.4499969482422,134.10000610351562,134.1999969482422,273900.0
2013-11-29,134.52000427246094,134.66000366210938,134.30999755859375,134.3300018310547,241900.0
2013-12-02,133.88999938964844,134.08999633789062,133.77999877929688,133.8800048828125,387600.0
2013-12-03,134.27999877929688,134.6199951171875,134.17999267578125,134.36000061035156,357700.0
2013-12-04,133.7899932861328,134.5399932861328,133.77000427246094,134.3300018310547,442900.0
2013-12-05,134.8000030517578,135.24000549316406,134.6999969482422,135.16000366210938,712800.0
2013-12-06,135.1699981689453,135.52000427246094,135.13999938964844,135.49000549316406,418100.0
2013-12-09,135.66000366210938,135.91000366210938,135.6199951171875,135.83999633789062,289500.0
2013-12-10,136.1699981689453,136.3800048828125,136.0399932861328,136.1300048828125,326800.0
2013-12-11,136.35000610351562,136.5399932861328,136.08999633789062,136.30999755859375,495600.0
2013-12-12,136.0800018310547,136.22000122070312,135.83999633789062,135.99000549316406,608400.0
2013-12-13,135.82000732421875,135.8300018310547,135.58999633789062,135.8300018310547,244500.0
2013-12-16,135.99000549316406,136.2899932861328,135.89999389648438,136.10000610351562,849400.0
2013-12-17,135.8699951171875,136.17999267578125,135.6999969482422,136.0800018310547,901200.0
2013-12-18,135.97999572753906,136.55999755859375,135.25,135.39999389648438,1232300.0
2013-12-19,135.24000549316406,135.25,134.97999572753906,135.02000427246094,649000.0
2013-12-20,135.0,135.52000427246094,134.97000122070312,135.24000549316406,867500.0
2013-12-23,135.36000061035156,135.60000610351562,135.32000732421875,135.38999938964844,343200.0
2013-12-24,135.05999755859375,135.27999877929688,134.99000549316406,135.27999877929688,96700.0
2013-12-26,135.25999450683594,135.4199981689453,135.25,135.3699951171875,151500.0
2013-12-27,136.4499969482422,136.5,135.75,135.82000732421875,543500.0
2013-12-30,136.3300018310547,136.60000610351562,136.30999755859375,136.39999389648438,216100.0
2013-12-31,136.08999633789062,136.3300018310547,135.89999389648438,135.99000549316406,239600.0
2014-01-02,134.9199981689453,135.17999267578125,134.72000122070312,135.08999633789062,679000.0
2014-01-03,134.60000610351562,134.6199951171875,134.25,134.25,612400.0
2014-01-06,134.52000427246094,134.9499969482422,134.50999450683594,134.7899932861328,647500.0
2014-01-07,134.72999572753906,134.82000732421875,134.39999389648438,134.5800018310547,534500.0
2014-01-08,134.47000122070312,134.60000610351562,133.99000549316406,134.25999450683594,463900.0
2014-01-09,134.16000366210938,134.52999877929688,134.10000610351562,134.4600067138672,704800.0
2014-01-10,134.77999877929688,135.27999877929688,134.77999877929688,135.0800018310547,505500.0
2014-01-13,134.9499969482422,135.19000244140625,134.85000610351562,135.16000366210938,279300.0
2014-01-14,135.13999938964844,135.3000030517578,135.0800018310547,135.22999572753906,255700.0
2014-01-15,134.4499969482422,134.49000549316406,134.22999572753906,134.44000244140625,873300.0
2014-01-16,134.75999450683594,134.86000061035156,134.27000427246094,134.6199951171875,359400.0
2014-01-17,134.17999267578125,134.25999450683594,133.61000061035156,133.6699981689453,844300.0
2014-01-21,133.83999633789062,134.10000610351562,133.72000122070312,134.0,521700.0
2014-01-22,134.0399932861328,134.1300048828125,133.80999755859375,133.89999389648438,218400.0
2014-01-23,134.99000549316406,135.39999389648438,134.9600067138672,135.36000061035156,803100.0
2014-01-24,135.2899932861328,135.3699951171875,135.11000061035156,135.1699981689453,522900.0
2014-01-27,135.10000610351562,135.1999969482422,134.97000122070312,135.13999938964844,225800.0
2014-01-28,135.25,135.25,134.92999267578125,135.11000061035156,252500.0
2014-01-29,135.11000061035156,135.1300048828125,134.44000244140625,134.9600067138672,626200.0
2014-01-30,134.1300048828125,134.2899932861328,133.83999633789062,133.88999938964844,240100.0
2014-01-31,133.47000122070312,133.5500030517578,133.1999969482422,133.2899932861328,791600.0
2014-02-03,133.3000030517578,133.77000427246094,133.25,133.67999267578125,501300.0
2014-02-04,133.49000549316406,133.61000061035156,133.35000610351562,133.55999755859375,136900.0
2014-02-05,133.5500030517578,133.85000610351562,133.44000244140625,133.7899932861328,217200.0
2014-02-06,134.42999267578125,134.5500030517578,134.25999450683594,134.3000030517578,221000.0
2014-02-07,134.3000030517578,134.77999877929688,134.24000549316406,134.75,262800.0
2014-02-10,134.6999969482422,134.88999938964844,134.6699981689453,134.82000732421875,112100.0
2014-02-11,134.75,135.16000366210938,134.72999572753906,134.77999877929688,159500.0
2014-02-12,134.02000427246094,134.35000610351562,134.02000427246094,134.2899932861328,121900.0
2014-02-13,135.07000732421875,135.19000244140625,135.0,135.16000366210938,153200.0
2014-02-14,135.33999633789062,135.3699951171875,135.19000244140625,135.3300018310547,192000.0
2014-02-18,135.94000244140625,135.99000549316406,135.83999633789062,135.9199981689453,306800.0
2014-02-19,135.92999267578125,136.0,135.60000610351562,135.67999267578125,335900.0
2014-02-20,135.49000549316406,135.6199951171875,135.24000549316406,135.5500030517578,308100.0
2014-02-21,135.5399932861328,135.91000366210938,135.5,135.7100067138672,261200.0
2014-02-24,135.57000732421875,135.82000732421875,135.44000244140625,135.66000366210938,288300.0
2014-02-25,135.88999938964844,136.00999450683594,135.50999450683594,135.72999572753906,182600.0
2014-02-26,135.3000030517578,135.3000030517578,134.9600067138672,135.19000244140625,252100.0
2014-02-27,135.08999633789062,135.60000610351562,135.07000732421875,135.4199981689453,164700.0
2014-02-28,136.41000366210938,136.57000732421875,136.24000549316406,136.35000610351562,340500.0
2014-03-03,136.05999755859375,137.0,135.61000061035156,135.6300048828125,503400.0
2014-03-04,135.86000061035156,135.94000244140625,135.6300048828125,135.72000122070312,143400.0
2014-03-05,135.52000427246094,135.80999755859375,135.4499969482422,135.6199951171875,298300.0
2014-03-06,136.6300048828125,137.0399932861328,136.6300048828125,136.88999938964844,300700.0
2014-03-07,136.99000549316406,137.11000061035156,136.92999267578125,137.02999877929688,209000.0
2014-03-10,137.10000610351562,137.17999267578125,136.94000244140625,137.00999450683594,133100.0
2014-03-11,136.8300018310547,137.07000732421875,136.8300018310547,136.88999938964844,86000.0
2014-03-12,137.22999572753906,137.44000244140625,137.11000061035156,137.39999389648438,238800.0
2014-03-13,137.74000549316406,137.8699951171875,136.77000427246094,136.89999389648438,759900.0
2014-03-14,137.17999267578125,137.6699981689453,137.1300048828125,137.3800048828125,582300.0
2014-03-17,137.32000732421875,137.75999450683594,137.32000732421875,137.5399932861328,339900.0
2014-03-18,137.30999755859375,137.63999938964844,137.11000061035156,137.6300048828125,144800.0
2014-03-19,137.47000122070312,137.5399932861328,136.0800018310547,136.6300048828125,561200.0
2014-03-20,136.0,136.22000122070312,135.80999755859375,136.05999755859375,242800.0
2014-03-21,136.10000610351562,136.39999389648438,136.08999633789062,136.25999450683594,328400.0
2014-03-24,136.08999633789062,137.0399932861328,135.97000122070312,136.6699981689453,331700.0
2014-03-25,136.19000244140625,136.72999572753906,135.82000732421875,136.57000732421875,475300.0
2014-03-26,136.19000244140625,136.3800048828125,136.07000732421875,136.25999450683594,152600.0
2014-03-27,135.97000122070312,136.0800018310547,135.6199951171875,135.7100067138672,158400.0
2014-03-28,135.92999267578125,136.0,135.74000549316406,135.8300018310547,129200.0
2014-03-31,136.14999389648438,136.36000061035156,135.92999267578125,136.02999877929688,293500.0
2014-04-01,136.32000732421875,136.4199981689453,136.17999267578125,136.22999572753906,146600.0
2014-04-02,136.07000732421875,136.1699981689453,135.82000732421875,135.94000244140625,154100.0
2014-04-03,135.52000427246094,135.57000732421875,135.30999755859375,135.41000366210938,497200.0
2014-04-04,135.2899932861328,135.4600067138672,135.02000427246094,135.30999755859375,796300.0
2014-04-07,135.52999877929688,135.77999877929688,135.52999877929688,135.7100067138672,398800.0
2014-04-08,136.33999633789062,136.3800048828125,136.13999938964844,136.22999572753906,264900.0
2014-04-09,136.36000061035156,136.83999633789062,136.25,136.83999633789062,281100.0
2014-04-10,136.88999938964844,137.25999450683594,136.77999877929688,137.08999633789062,158900.0
2014-04-11,137.05999755859375,137.25,137.0,137.05999755859375,316700.0
2014-04-14,136.50999450683594,136.5500030517578,136.35000610351562,136.4199981689453,172800.0
2014-04-15,136.30999755859375,136.5800018310547,136.2100067138672,136.35000610351562,191400.0
2014-04-16,136.47999572753906,136.5800018310547,136.30999755859375,136.41000366210938,177700.0
2014-04-17,136.7100067138672,136.74000549316406,136.36000061035156,136.39999389648438,465500.0
2014-04-21,136.38999938964844,136.38999938964844,136.1199951171875,136.19000244140625,125300.0
2014-04-22,136.38999938964844,136.4199981689453,136.13999938964844,136.27000427246094,175300.0
2014-04-23,136.5,136.69000244140625,136.3699951171875,136.4199981689453,236300.0
2014-04-24,136.3000030517578,136.57000732421875,136.27000427246094,136.5,127200.0
2014-04-25,136.72999572753906,136.74000549316406,136.55999755859375,136.57000732421875,112300.0
2014-04-28,136.8699951171875,136.94000244140625,136.63999938964844,136.74000549316406,293200.0
2014-04-29,136.5399932861328,136.5399932861328,136.30999755859375,136.36000061035156,94900.0
2014-04-30,136.92999267578125,137.0,136.77999877929688,136.94000244140625,206000.0
2014-05-01,137.02000427246094,137.02000427246094,136.8699951171875,136.88999938964844,69100.0
2014-05-02,136.3699951171875,137.02000427246094,136.36000061035156,136.9499969482422,254600.0
2014-05-05,137.07000732421875,137.0800018310547,136.97000122070312,137.0,159700.0
2014-05-06,137.5800018310547,137.58999633789062,137.4199981689453,137.52000427246094,208000.0
2014-05-07,137.5,137.58999633789062,137.3300018310547,137.3699951171875,218800.0
2014-05-08,137.1199951171875,137.13999938964844,136.6999969482422,136.6999969482422,593000.0
2014-05-09,136.13999938964844,136.1699981689453,135.69000244140625,135.80999755859375,878700.0
2014-05-12,135.92999267578125,135.9499969482422,135.77000427246094,135.80999755859375,288600.0
2014-05-13,135.50999450683594,135.5399932861328,135.14999389648438,135.27999877929688,274600.0
2014-05-14,135.2899932861328,135.44000244140625,135.27000427246094,135.35000610351562,141800.0
2014-05-15,134.99000549316406,135.55999755859375,134.9199981689453,135.3300018310547,344000.0
2014-05-16,135.3699951171875,135.4199981689453,135.1999969482422,135.22999572753906,127900.0
2014-05-19,135.47000122070312,135.57000732421875,135.27000427246094,135.32000732421875,430400.0
2014-05-20,135.25,135.2899932861328,135.11000061035156,135.25,263800.0
2014-05-21,134.80999755859375,135.1199951171875,134.5800018310547,135.1199951171875,362200.0
2014-05-22,134.75999450683594,134.8699951171875,134.6999969482422,134.8000030517578,155400.0
2014-05-23,134.52999877929688,134.66000366210938,134.47000122070312,134.5399932861328,187600.0
2014-05-27,134.55999755859375,134.6199951171875,134.3800048828125,134.55999755859375,478200.0
2014-05-28,134.24000549316406,134.27999877929688,134.1300048828125,134.17999267578125,509900.0
2014-05-29,134.27999877929688,134.47000122070312,134.1999969482422,134.2899932861328,177800.0
2014-05-30,134.5800018310547,134.72000122070312,134.39999389648438,134.52000427246094,389600.0
2014-06-02,134.35000610351562,134.47000122070312,134.1199951171875,134.1999969482422,327400.0
2014-06-03,134.5800018310547,134.6699981689453,134.41000366210938,134.4600067138672,647800.0
2014-06-04,134.39999389648438,134.4600067138672,134.1999969482422,134.22999572753906,522300.0
2014-06-05,133.82000732421875,134.91000366210938,133.75999450683594,134.80999755859375,1450500.0
2014-06-06,134.7100067138672,134.75,134.4600067138672,134.64999389648438,760900.0
2014-06-09,134.1999969482422,134.1999969482422,134.0500030517578,134.11000061035156,321500.0
2014-06-10,133.72000122070312,133.75999450683594,133.58999633789062,133.6699981689453,338900.0
2014-06-11,133.72999572753906,133.72999572753906,133.47999572753906,133.49000549316406,115200.0
2014-06-12,133.58999633789062,133.94000244140625,133.55999755859375,133.8800048828125,340500.0
2014-06-13,133.67999267578125,133.67999267578125,133.44000244140625,133.58999633789062,109400.0
2014-06-16,133.77999877929688,134.0,133.75,133.94000244140625,216000.0
2014-06-17,133.67999267578125,133.72000122070312,133.58999633789062,133.6300048828125,121000.0
2014-06-18,133.94000244140625,134.17999267578125,133.6999969482422,134.07000732421875,468200.0
2014-06-19,134.47000122070312,134.60000610351562,134.22000122070312,134.25999450683594,369300.0
2014-06-20,133.97999572753906,134.1999969482422,133.9499969482422,134.14999389648438,528000.0
2014-06-23,134.22000122070312,134.27000427246094,134.0399932861328,134.22000122070312,325500.0
2014-06-24,134.39999389648438,134.4199981689453,134.05999755859375,134.24000549316406,164600.0
2014-06-25,134.60000610351562,134.64999389648438,134.47000122070312,134.5,91100.0
2014-06-26,134.22999572753906,134.3699951171875,133.97000122070312,134.32000732421875,201800.0
2014-06-27,134.49000549316406,134.67999267578125,134.47000122070312,134.63999938964844,161900.0
2014-06-30,134.80999755859375,135.16000366210938,134.75,135.1199951171875,209900.0
2014-07-01,135.07000732421875,135.1699981689453,134.9499969482422,134.97999572753906,149500.0
2014-07-02,134.69000244140625,134.8000030517578,134.6300048828125,134.74000549316406,94600.0
2014-07-03,134.39999389648438,134.39999389648438,134.16000366210938,134.25,201900.0
2014-07-07,134.08999633789062,134.2899932861328,134.08999633789062,134.25,96800.0
2014-07-08,134.17999267578125,134.33999633789062,134.14999389648438,134.2899932861328,78300.0
2014-07-09,134.27000427246094,134.63999938964844,134.22000122070312,134.5800018310547,208900.0
2014-07-10,134.25999450683594,134.2899932861328,134.05999755859375,134.2899932861328,447700.0
2014-07-11,134.19000244140625,134.25999450683594,134.1300048828125,134.24000549316406,76700.0
2014-07-14,134.39999389648438,134.44000244140625,134.25,134.33999633789062,130700.0
2014-07-15,134.19000244140625,134.27999877929688,133.8000030517578,133.82000732421875,209800.0
2014-07-16,133.5,133.57000732421875,133.38999938964844,133.42999267578125,251200.0
2014-07-17,133.49000549316406,133.5,133.33999633789062,133.44000244140625,108000.0
2014-07-18,133.1999969482422,133.49000549316406,133.16000366210938,133.44000244140625,266400.0
2014-07-21,133.4600067138672,133.4600067138672,133.33999633789062,133.3800048828125,271500.0
2014-07-22,132.88999938964844,132.92999267578125,132.8000030517578,132.83999633789062,390300.0
2014-07-23,132.88999938964844,132.88999938964844,132.72999572753906,132.77999877929688,276300.0
2014-07-24,132.85000610351562,132.88999938964844,132.75999450683594,132.7899932861328,91300.0
2014-07-25,132.52000427246094,132.60000610351562,132.39999389648438,132.5,258700.0
2014-07-28,132.5399932861328,132.61000061035156,132.49000549316406,132.5,204400.0
2014-07-29,132.32000732421875,132.39999389648438,132.22999572753906,132.2899932861328,303400.0
2014-07-30,131.99000549316406,132.22000122070312,131.86000061035156,132.10000610351562,502400.0
2014-07-31,132.00999450683594,132.1699981689453,131.9600067138672,132.08999633789062,302200.0
2014-08-01,132.35000610351562,132.61000061035156,132.25,132.3800048828125,775600.0
2014-08-04,132.3699951171875,132.4199981689453,132.27000427246094,132.39999389648438,244500.0
2014-08-05,132.02000427246094,132.05999755859375,131.75999450683594,131.94000244140625,354900.0
2014-08-06,131.72000122070312,132.02999877929688,131.6300048828125,131.9499969482422,390300.0
2014-08-07,131.75999450683594,131.83999633789062,131.55999755859375,131.8300018310547,350700.0
2014-08-08,132.08999633789062,132.47999572753906,132.07000732421875,132.27000427246094,267300.0
2014-08-11,132.0500030517578,132.0500030517578,131.97000122070312,132.02999877929688,190600.0
2014-08-12,131.74000549316406,131.86000061035156,131.61000061035156,131.83999633789062,168000.0
2014-08-13,132.10000610351562,132.10000610351562,131.75,131.7899932861328,83900.0
2014-08-14,132.11000061035156,132.22000122070312,131.75999450683594,131.86000061035156,146800.0
2014-08-15,132.02000427246094,132.27000427246094,131.94000244140625,132.11000061035156,516500.0
2014-08-18,132.0,132.0,131.69000244140625,131.7899932861328,168200.0
2014-08-19,131.42999267578125,131.42999267578125,131.2899932861328,131.3800048828125,305600.0
2014-08-20,131.0800018310547,131.1199951171875,130.72000122070312,130.77999877929688,604300.0
2014-08-21,130.85000610351562,131.02999877929688,130.7899932861328,130.94000244140625,159600.0
2014-08-22,130.94000244140625,131.0,130.3800048828125,130.60000610351562,679300.0
2014-08-25,130.1199951171875,130.22000122070312,130.0800018310547,130.08999633789062,219800.0
2014-08-26,130.17999267578125,130.24000549316406,129.82000732421875,129.86000061035156,200200.0
2014-08-27,129.97999572753906,130.25,129.85000610351562,130.1199951171875,241500.0
2014-08-28,129.85000610351562,130.02000427246094,129.77000427246094,130.00999450683594,123200.0
2014-08-29,129.9199981689453,130.0500030517578,129.50999450683594,129.5399932861328,305600.0
2014-09-02,129.39999389648438,129.5,129.32000732421875,129.44000244140625,155900.0
2014-09-03,129.6199951171875,129.64999389648438,129.49000549316406,129.63999938964844,278200.0
2014-09-04,128.42999267578125,128.4499969482422,127.4000015258789,127.66000366210938,1182900.0
2014-09-05,127.83999633789062,127.9800033569336,127.63999938964844,127.69999694824219,326400.0
2014-09-08,127.56999969482422,127.69999694824219,127.0,127.19999694824219,638500.0
2014-09-09,127.06999969482422,127.76000213623047,127.0,127.66999816894531,553000.0
2014-09-10,127.19999694824219,127.51000213623047,127.02999877929688,127.3499984741211,248000.0
2014-09-11,127.62999725341797,127.68000030517578,127.33000183105469,127.3499984741211,396500.0
2014-09-12,127.3499984741211,127.95999908447266,127.30000305175781,127.6500015258789,279300.0
2014-09-15,127.48999786376953,127.69000244140625,127.48999786376953,127.58000183105469,315300.0
2014-09-16,127.63999938964844,128.11000061035156,127.52999877929688,127.73999786376953,428600.0
2014-09-17,127.7699966430664,127.91999816894531,126.72000122070312,126.88999938964844,903000.0
2014-09-18,127.06999969482422,127.45999908447266,127.04000091552734,127.36000061035156,422500.0
2014-09-19,126.73999786376953,126.76000213623047,126.48999786376953,126.54000091552734,551900.0
2014-09-22,126.61000061035156,126.69000244140625,126.36000061035156,126.69000244140625,738500.0
2014-09-23,126.98999786376953,127.08000183105469,126.62999725341797,126.76000213623047,273200.0
2014-09-24,126.01000213623047,126.19000244140625,125.94000244140625,126.0,259600.0
2014-09-25,125.37999725341797,125.83000183105469,125.30999755859375,125.6500015258789,299000.0
2014-09-26,125.36000061035156,125.4000015258789,124.95999908447266,125.0,315000.0
2014-09-29,125.22000122070312,125.30000305175781,124.9800033569336,125.0999984741211,374700.0
2014-09-30,124.13999938964844,124.54000091552734,124.12999725341797,124.4800033569336,533800.0
2014-10-01,124.30000305175781,124.58000183105469,124.12000274658203,124.37999725341797,459500.0
2014-10-02,124.94000244140625,125.18000030517578,124.44999694824219,124.8499984741211,1203700.0
2014-10-03,123.43000030517578,123.5199966430664,123.22000122070312,123.33000183105469,585200.0
2014-10-06,123.66000366210938,124.93000030517578,123.6500015258789,124.6500015258789,805200.0
2014-10-07,124.66999816894531,125.0,124.36000061035156,124.81999969482422,509700.0
2014-10-08,124.9000015258789,125.66999816894531,124.72000122070312,125.58000183105469,723300.0
2014-10-09,125.26000213623047,125.5,124.83999633789062,125.05999755859375,344700.0
2014-10-10,124.69000244140625,124.69000244140625,124.23999786376953,124.30999755859375,507300.0
2014-10-13,125.06999969482422,125.16999816894531,124.83999633789062,125.08999633789062,374200.0
2014-10-14,124.72000122070312,124.97000122070312,124.5999984741211,124.76000213623047,440300.0
2014-10-15,126.13999938964844,127.01000213623047,125.62000274658203,126.18000030517578,941100.0
2014-10-16,125.75,126.55999755859375,125.5,126.16999816894531,1253500.0
2014-10-17,125.97000122070312,126.11000061035156,125.62000274658203,125.7300033569336,441600.0
2014-10-20,125.69999694824219,126.30999755859375,125.69999694824219,126.16000366210938,594000.0
2014-10-21,125.5199966430664,125.6500015258789,125.29000091552734,125.30999755859375,1816200.0
2014-10-22,124.91999816894531,124.94999694824219,124.54000091552734,124.62000274658203,1266200.0
2014-10-23,124.76000213623047,124.77999877929688,124.45999908447266,124.6500015258789,566000.0
2014-10-24,124.9800033569336,125.0999984741211,124.76000213623047,124.80999755859375,298700.0
2014-10-27,124.98999786376953,125.36000061035156,124.94999694824219,125.19000244140625,462400.0
2014-10-28,125.66999816894531,125.66999816894531,125.30999755859375,125.51000213623047,160400.0
2014-10-29,125.52999877929688,125.81999969482422,124.45999908447266,124.5199966430664,502500.0
2014-10-30,124.19999694824219,124.45999908447266,124.0999984741211,124.16999816894531,459000.0
2014-10-31,123.1500015258789,123.5999984741211,123.08000183105469,123.48999786376953,1471300.0
2014-11-03,123.18000030517578,123.20999908447266,122.87999725341797,123.08999633789062,622500.0
2014-11-04,123.2699966430664,123.88999938964844,123.22000122070312,123.61000061035156,705200.0
2014-11-05,123.02999877929688,123.12000274658203,122.77999877929688,122.94000244140625,643400.0
2014-11-06,122.43000030517578,122.62999725341797,121.91000366210938,121.94999694824219,1040400.0
2014-11-07,122.30000305175781,122.86000061035156,122.20999908447266,122.66999816894531,592700.0
2014-11-10,122.94000244140625,122.94000244140625,122.33999633789062,122.33999633789062,463200.0
2014-11-11,122.37000274658203,123.13999938964844,122.27999877929688,122.94000244140625,878100.0
2014-11-12,122.83999633789062,123.01000213623047,122.3499984741211,122.4800033569336,500400.0
2014-11-13,122.83999633789062,123.06999969482422,122.70999908447266,122.94999694824219,457100.0
2014-11-14,122.36000061035156,123.62000274658203,122.27999877929688,123.43000030517578,828000.0
2014-11-17,122.94999694824219,122.97000122070312,122.5999984741211,122.62999725341797,694600.0
2014-11-18,123.36000061035156,123.56999969482422,123.16999816894531,123.47000122070312,577400.0
2014-11-19,123.63999938964844,124.22000122070312,123.37000274658203,123.56999969482422,990300.0
2014-11-20,123.72000122070312,123.80000305175781,123.33000183105469,123.55999755859375,615400.0
2014-11-21,122.30999755859375,122.4800033569336,121.9000015258789,122.08000183105469,770600.0
2014-11-24,122.30999755859375,122.58000183105469,122.25,122.55000305175781,669900.0
2014-11-25,122.43000030517578,122.9800033569336,122.43000030517578,122.9000015258789,553800.0
2014-11-26,123.01000213623047,123.41999816894531,122.98999786376953,123.22000122070312,331200.0
2014-11-28,122.95999908447266,122.98999786376953,122.41999816894531,122.45999908447266,245700.0
2014-12-01,122.9800033569336,123.19999694824219,122.81999969482422,122.86000061035156,469300.0
2014-12-02,122.29000091552734,122.29000091552734,121.9000015258789,121.94999694824219,885500.0
2014-12-03,121.2699966430664,121.4000015258789,121.13999938964844,121.2699966430664,1042500.0
2014-12-04,121.91999816894531,122.68000030517578,121.7300033569336,121.94999694824219,1540400.0
2014-12-05,121.19999694824219,121.2300033569336,120.81999969482422,121.02999877929688,467100.0
2014-12-08,120.91999816894531,121.54000091552734,120.83000183105469,121.25,572200.0
2014-12-09,122.05000305175781,122.5999984741211,121.77999877929688,121.83000183105469,569000.0
2014-12-10,122.05999755859375,122.58999633789062,122.0,122.55000305175781,306300.0
2014-12-11,122.11000061035156,122.18000030517578,121.83000183105469,122.0199966430664,390600.0
2014-12-12,122.83000183105469,122.94999694824219,122.44999694824219,122.62999725341797,456200.0
2014-12-15,122.47000122070312,122.87999725341797,122.26000213623047,122.44999694824219,388000.0
2014-12-16,123.38999938964844,123.43000030517578,122.9000015258789,123.23999786376953,622900.0
2014-12-17,122.75,122.83999633789062,121.3499984741211,121.54000091552734,1537100.0
2014-12-18,120.95999908447266,121.11000061035156,120.81999969482422,121.0,469800.0
2014-12-19,120.95999908447266,121.13999938964844,120.3499984741211,120.38999938964844,545900.0
2014-12-22,120.75,120.7699966430664,120.30999755859375,120.4000015258789,269200.0
2014-12-23,119.94000244140625,120.04000091552734,119.80999755859375,119.83999633789062,268900.0
2014-12-24,120.06999969482422,120.12999725341797,119.98999786376953,120.02999877929688,114300.0
2014-12-26,119.93000030517578,119.97000122070312,119.83000183105469,119.91000366210938,202700.0
2014-12-29,120.12000274658203,120.18000030517578,119.56999969482422,119.66999816894531,303300.0
2014-12-30,119.83999633789062,119.93000030517578,119.63999938964844,119.66999816894531,142400.0
2014-12-31,119.33999633789062,119.4800033569336,119.11000061035156,119.13999938964844,324900.0
2015-01-02,118.41999816894531,118.45999908447266,118.16000366210938,118.19999694824219,497700.0
2015-01-05,117.2699966430664,117.66000366210938,117.26000213623047,117.54000091552734,698700.0
2015-01-06,117.08999633789062,117.7300033569336,117.05000305175781,117.16000366210938,432900.0
2015-01-07,116.37000274658203,116.73999786376953,116.19000244140625,116.48999786376953,692500.0
2015-01-08,116.05000305175781,116.36000061035156,115.91000366210938,116.08000183105469,821600.0
2015-01-09,115.95999908447266,116.62000274658203,115.9000015258789,116.61000061035156,569600.0
2015-01-12,116.3499984741211,116.62999725341797,116.2699966430664,116.52999877929688,670600.0
2015-01-13,115.86000061035156,116.16999816894531,115.72000122070312,115.87999725341797,736000.0
2015-01-14,116.20999908447266,116.30999755859375,115.9000015258789,116.05999755859375,762800.0
2015-01-15,114.87999725341797,114.91999816894531,113.88999938964844,114.4000015258789,2081100.0
2015-01-16,113.62000274658203,114.08999633789062,112.83000183105469,113.91000366210938,2506600.0
2015-01-20,114.04000091552734,114.11000061035156,113.62999725341797,113.7300033569336,1641600.0
2015-01-21,114.54000091552734,114.98999786376953,113.81999969482422,114.08999633789062,2496400.0
2015-01-22,113.02999877929688,113.37000274658203,111.73999786376953,111.83000183105469,2934800.0
2015-01-23,110.4000015258789,111.12999725341797,110.30999755859375,110.33000183105469,2267400.0
2015-01-26,110.75,111.19999694824219,110.70999908447266,110.87999725341797,1267000.0
2015-01-27,111.88999938964844,112.43000030517578,111.56999969482422,112.02999877929688,1535700.0
2015-01-28,111.63999938964844,111.9000015258789,111.05999755859375,111.11000061035156,1231000.0
2015-01-29,111.58999633789062,111.9000015258789,111.0199966430664,111.44000244140625,1164800.0
2015-01-30,111.33999633789062,111.44999694824219,111.01000213623047,111.22000122070312,1034600.0
2015-02-02,111.36000061035156,111.81999969482422,111.3499984741211,111.58000183105469,522300.0
2015-02-03,112.5,113.48999786376953,112.41000366210938,113.02999877929688,1483100.0
2015-02-04,112.55000305175781,112.66000366210938,112.0,112.12000274658203,618100.0
2015-02-05,112.5,113.16000366210938,112.38999938964844,113.05999755859375,512700.0
2015-02-06,111.61000061035156,111.79000091552734,111.33000183105469,111.4000015258789,631600.0
2015-02-09,111.29000091552734,111.75,111.29000091552734,111.44999694824219,439500.0
2015-02-10,111.23999786376953,111.47000122070312,111.16999816894531,111.36000061035156,518300.0
2015-02-11,111.33000183105469,111.33999633789062,111.01000213623047,111.1500015258789,665600.0
2015-02-12,111.7300033569336,112.41000366210938,111.69999694824219,112.30999755859375,481300.0
2015-02-13,112.22000122070312,112.4800033569336,112.05000305175781,112.16000366210938,295100.0
2015-02-17,112.2699966430664,112.41999816894531,112.0199966430664,112.37999725341797,470300.0
2015-02-18,111.9800033569336,112.29000091552734,111.55000305175781,112.16999816894531,677300.0
2015-02-19,111.93000030517578,112.13999938964844,111.7699966430664,111.80000305175781,287900.0
2015-02-20,111.12000274658203,112.44999694824219,111.06999969482422,111.94000244140625,1301500.0
2015-02-23,111.44999694824219,111.77999877929688,111.37000274658203,111.52999877929688,515300.0
2015-02-24,111.44000244140625,111.76000213623047,111.0999984741211,111.62000274658203,667300.0
2015-02-25,111.62000274658203,111.8499984741211,111.58999633789062,111.83999633789062,196700.0
2015-02-26,110.69000244140625,110.69000244140625,110.05999755859375,110.16999816894531,674300.0
2015-02-27,110.23999786376953,110.45999908447266,109.94999694824219,110.12000274658203,553200.0
2015-03-02,110.44999694824219,110.54000091552734,109.97000122070312,110.0,572100.0
2015-03-03,110.01000213623047,110.37000274658203,109.91999816894531,109.94000244140625,540600.0
2015-03-04,109.47000122070312,109.4800033569336,108.83000183105469,108.9800033569336,1954700.0
2015-03-05,108.5,108.72000122070312,108.11000061035156,108.51000213623047,971500.0
2015-03-06,107.0,107.12000274658203,106.66000366210938,106.75,1687200.0
2015-03-09,106.91000366210938,106.95999908447266,106.62999725341797,106.77999877929688,1480300.0
2015-03-10,105.76000213623047,106.16999816894531,105.19000244140625,105.26000213623047,1350700.0
2015-03-11,104.0999984741211,104.3499984741211,103.41999816894531,103.66999816894531,2117200.0
2015-03-12,104.41999816894531,104.7300033569336,104.18000030517578,104.44999694824219,1598400.0
2015-03-13,104.02999877929688,104.05000305175781,102.91999816894531,103.08000183105469,1677700.0
2015-03-16,104.02999877929688,104.47000122070312,103.91999816894531,104.01000213623047,1643500.0
2015-03-17,104.58000183105469,104.76000213623047,104.12999725341797,104.19000244140625,1234100.0
2015-03-18,104.33999633789062,106.63999938964844,104.25,106.63999938964844,4270700.0
2015-03-19,104.94999694824219,105.13999938964844,104.38999938964844,104.69000244140625,2450500.0
2015-03-20,106.22000122070312,107.02999877929688,105.7699966430664,106.31999969482422,2602100.0
2015-03-23,107.45999908447266,107.88999938964844,107.05000305175781,107.83999633789062,1751600.0
2015-03-24,107.58000183105469,107.62999725341797,107.11000061035156,107.44000244140625,892100.0
2015-03-25,108.01000213623047,108.0999984741211,107.69999694824219,107.87999725341797,1064400.0
2015-03-26,108.0199966430664,108.05999755859375,106.7699966430664,107.06999969482422,901400.0
2015-03-27,106.9800033569336,107.62999725341797,106.7699966430664,107.16000366210938,962100.0
2015-03-30,106.62999725341797,106.83000183105469,106.30999755859375,106.31999969482422,575100.0
2015-03-31,105.61000061035156,105.93000030517578,105.44000244140625,105.70999908447266,513600.0
2015-04-01,105.95999908447266,106.1500015258789,105.5199966430664,105.80000305175781,596100.0
2015-04-02,106.91000366210938,107.2300033569336,106.80999755859375,106.98999786376953,643100.0
2015-04-06,108.31999969482422,108.51000213623047,107.29000091552734,107.58999633789062,1780700.0
2015-04-07,106.70999908447266,107.02999877929688,106.33000183105469,106.33999633789062,819300.0
2015-04-08,106.7300033569336,106.76000213623047,105.86000061035156,106.02999877929688,719000.0
2015-04-09,105.66000366210938,105.66000366210938,104.5999984741211,104.7699966430664,1259200.0
2015-04-10,104.33000183105469,104.56999969482422,104.06999969482422,104.33000183105469,939700.0
2015-04-13,104.04000091552734,104.23999786376953,103.83000183105469,104.02999877929688,1121900.0
2015-04-14,104.87999725341797,105.2699966430664,104.66999816894531,104.70999908447266,733900.0
2015-04-15,104.75,105.22000122070312,104.08000183105469,105.06999969482422,1177400.0
2015-04-16,105.5199966430664,106.3499984741211,105.05999755859375,105.88999938964844,801600.0
2015-04-17,105.77999877929688,106.4000015258789,105.69000244140625,106.36000061035156,923000.0
2015-04-20,105.55000305175781,105.86000061035156,105.44000244140625,105.55000305175781,608200.0
2015-04-21,105.0999984741211,105.9800033569336,105.02999877929688,105.54000091552734,556100.0
2015-04-22,105.5199966430664,105.66000366210938,105.31999969482422,105.44999694824219,331600.0
2015-04-23,105.63999938964844,106.61000061035156,105.52999877929688,106.43000030517578,715900.0
2015-04-24,106.69000244140625,106.93000030517578,106.2300033569336,106.80999755859375,739400.0
2015-04-27,106.70999908447266,107.4000015258789,106.62000274658203,107.04000091552734,632500.0
2015-04-28,107.41999816894531,108.02999877929688,107.4000015258789,107.88999938964844,1080000.0
2015-04-29,108.7699966430664,109.95999908447266,108.62999725341797,109.25,2938800.0
2015-04-30,109.38999938964844,110.75,109.30000305175781,110.37000274658203,1470100.0
2015-05-01,110.69999694824219,110.94999694824219,109.83999633789062,110.1500015258789,1228600.0
2015-05-04,109.83000183105469,109.83000183105469,109.41000366210938,109.62000274658203,618100.0
2015-05-05,109.56999969482422,110.30000305175781,109.29000091552734,110.02999877929688,694600.0
2015-05-06,110.97000122070312,111.73999786376953,110.88999938964844,111.55000305175781,1164100.0
2015-05-07,110.94000244140625,111.0199966430664,110.45999908447266,110.75,769700.0
2015-05-08,110.56999969482422,110.62999725341797,109.91000366210938,110.13999938964844,646400.0
2015-05-11,109.48999786376953,109.80000305175781,109.4000015258789,109.61000061035156,520700.0
2015-05-12,110.38999938964844,110.69999694824219,110.18000030517578,110.19999694824219,313400.0
2015-05-13,111.20999908447266,111.8499984741211,111.1500015258789,111.4800033569336,580600.0
2015-05-14,112.16000366210938,112.16000366210938,111.4800033569336,112.0999984741211,706600.0
2015-05-15,111.52999877929688,112.68000030517578,111.41000366210938,112.51000213623047,811400.0
2015-05-18,111.75,111.80000305175781,111.02999877929688,111.13999938964844,730100.0
2015-05-19,109.45999908447266,109.72000122070312,109.26000213623047,109.55000305175781,1060200.0
2015-05-20,109.13999938964844,109.5,108.7699966430664,109.12999725341797,797400.0
2015-05-21,109.2300033569336,109.47000122070312,109.12999725341797,109.22000122070312,391800.0
2015-05-22,108.4800033569336,108.48999786376953,108.0999984741211,108.13999938964844,728600.0
2015-05-26,107.16000366210938,107.29000091552734,106.72000122070312,106.81999969482422,1123600.0
2015-05-27,106.43000030517578,107.16999816894531,106.37999725341797,107.08999633789062,970900.0
2015-05-28,107.02999877929688,107.6500015258789,106.79000091552734,107.5199966430664,671200.0
2015-05-29,107.76000213623047,108.11000061035156,107.62999725341797,107.91000366210938,428100.0
2015-06-01,107.75,107.83999633789062,106.95999908447266,107.30999755859375,604700.0
2015-06-02,109.19999694824219,109.91999816894531,109.11000061035156,109.47000122070312,1916200.0
2015-06-03,109.76000213623047,110.86000061035156,109.76000213623047,110.7699966430664,1614600.0
2015-06-04,110.55999755859375,111.18000030517578,110.27999877929688,110.38999938964844,919200.0
2015-06-05,108.66000366210938,109.38999938964844,108.55000305175781,109.12999725341797,1158700.0
2015-06-08,110.01000213623047,110.94000244140625,109.87000274658203,110.8499984741211,1158400.0
2015-06-09,110.5199966430664,110.9000015258789,110.23999786376953,110.73999786376953,545600.0
2015-06-10,111.41000366210938,111.4800033569336,110.75,111.2699966430664,768700.0
2015-06-11,110.1500015258789,110.75,110.08000183105469,110.69000244140625,425600.0
2015-06-12,110.2699966430664,110.94000244140625,110.13999938964844,110.52999877929688,560100.0
2015-06-15,110.18000030517578,110.91999816894531,110.18000030517578,110.80999755859375,710500.0
2015-06-16,110.38999938964844,110.52999877929688,110.1500015258789,110.4000015258789,303000.0
2015-06-17,110.7300033569336,111.54000091552734,110.0999984741211,111.37999725341797,1334800.0
2015-06-18,112.0,112.33000183105469,111.37999725341797,111.72000122070312,1482600.0
2015-06-19,111.25,111.61000061035156,111.22000122070312,111.41000366210938,358900.0
2015-06-22,111.56999969482422,112.05999755859375,111.19999694824219,111.30999755859375,1036700.0
2015-06-23,109.5,109.95999908447266,109.44000244140625,109.66000366210938,910900.0
2015-06-24,109.75,110.16999816894531,109.69000244140625,109.94000244140625,372000.0
2015-06-25,110.04000091552734,110.12000274658203,109.79000091552734,110.02999877929688,250600.0
2015-06-26,109.72000122070312,109.94999694824219,109.30999755859375,109.69999694824219,420200.0
2015-06-29,109.11000061035156,110.75,109.11000061035156,110.37000274658203,2048600.0
2015-06-30,109.98999786376953,110.0199966430664,109.08999633789062,109.45999908447266,2025000.0
2015-07-01,108.80000305175781,109.08000183105469,108.41999816894531,108.52999877929688,1160000.0
2015-07-02,108.80000305175781,109.08999633789062,108.73999786376953,108.80999755859375,449100.0
2015-07-06,108.2699966430664,108.87999725341797,108.22000122070312,108.51000213623047,624100.0
2015-07-07,107.43000030517578,108.48999786376953,107.27999877929688,108.13999938964844,1208700.0
2015-07-08,108.52999877929688,108.87999725341797,108.25,108.69999694824219,549100.0
2015-07-09,108.45999908447266,108.66000366210938,107.91999816894531,108.25,450300.0
2015-07-10,109.77999877929688,109.9000015258789,109.16999816894531,109.41000366210938,1104400.0
2015-07-13,108.48999786376953,108.52999877929688,107.94999694824219,107.9800033569336,891000.0
2015-07-14,108.51000213623047,108.51000213623047,107.93000030517578,108.02999877929688,592700.0
2015-07-15,107.69999694824219,107.70999908447266,107.29000091552734,107.5199966430664,622400.0
2015-07-16,106.80000305175781,107.23999786376953,106.75,106.80000305175781,614200.0
2015-07-17,106.72000122070312,106.72000122070312,106.43000030517578,106.47000122070312,409100.0
2015-07-20,106.37999725341797,106.69999694824219,106.2699966430664,106.37000274658203,439900.0
2015-07-21,106.80000305175781,107.66000366210938,106.72000122070312,107.36000061035156,595100.0
2015-07-22,107.0,107.16999816894531,106.69000244140625,107.16999816894531,484400.0
2015-07-23,107.62000274658203,108.12000274658203,107.56999969482422,107.93000030517578,380700.0
2015-07-24,107.48999786376953,107.87999725341797,107.41999816894531,107.75,962900.0
2015-07-27,108.86000061035156,109.20999908447266,108.80000305175781,108.9000015258789,638700.0
2015-07-28,108.33000183105469,108.58000183105469,108.25,108.55999755859375,229400.0
2015-07-29,108.27999877929688,108.70999908447266,107.62999725341797,107.7699966430664,673400.0
2015-07-30,107.23999786376953,107.33000183105469,106.91999816894531,107.29000091552734,255900.0
2015-07-31,108.94999694824219,109.05000305175781,107.61000061035156,107.79000091552734,596000.0
2015-08-03,107.62999725341797,107.80999755859375,107.4000015258789,107.48999786376953,225200.0
2015-08-04,107.58000183105469,107.76000213623047,106.80999755859375,106.87999725341797,600700.0
2015-08-05,106.87999725341797,107.08000183105469,106.48999786376953,107.02999877929688,673300.0
2015-08-06,106.91000366210938,107.30999755859375,106.91000366210938,107.25,235400.0
2015-08-07,106.76000213623047,107.7300033569336,106.66000366210938,107.5199966430664,528300.0
2015-08-10,107.41999816894531,108.33999633789062,107.41999816894531,108.0999984741211,441800.0
2015-08-11,108.7300033569336,108.7699966430664,108.05000305175781,108.3499984741211,473400.0
2015-08-12,109.51000213623047,110.04000091552734,109.48999786376953,109.62999725341797,717600.0
2015-08-13,108.93000030517578,109.44000244140625,108.81999969482422,109.44000244140625,208500.0
2015-08-14,109.25,109.4800033569336,108.91999816894531,108.95999908447266,235200.0
2015-08-17,109.05000305175781,109.06999969482422,108.52999877929688,108.70999908447266,223500.0
2015-08-18,108.19000244140625,108.37999725341797,108.0999984741211,108.23999786376953,357000.0
2015-08-19,108.16000366210938,109.2300033569336,108.16000366210938,109.19000244140625,462500.0
2015-08-20,109.5999984741211,110.08000183105469,109.43000030517578,110.05000305175781,525800.0
2015-08-21,110.8499984741211,111.61000061035156,110.69999694824219,111.5,853900.0
2015-08-24,114.0,114.80999755859375,113.0,113.7699966430664,3039600.0
2015-08-25,112.56999969482422,112.79000091552734,111.79000091552734,112.76000213623047,2814100.0
2015-08-26,111.55000305175781,112.19000244140625,111.08000183105469,111.22000122070312,1145800.0
2015-08-27,110.1500015258789,110.63999938964844,109.9000015258789,110.30999755859375,784800.0
2015-08-28,110.30999755859375,110.4000015258789,109.44999694824219,109.73999786376953,662600.0
2015-08-31,110.26000213623047,110.26000213623047,109.68000030517578,110.05000305175781,487100.0
2015-09-01,110.47000122070312,110.97000122070312,110.22000122070312,110.8499984741211,520300.0
2015-09-02,110.13999938964844,110.3499984741211,110.02999877929688,110.1500015258789,233200.0
2015-09-03,109.16000366210938,109.37999725341797,108.76000213623047,109.0999984741211,1551100.0
2015-09-04,109.0199966430664,109.62000274658203,108.81999969482422,109.30999755859375,1136600.0
2015-09-08,109.62999725341797,109.9800033569336,109.52999877929688,109.83999633789062,941600.0
2015-09-09,109.2300033569336,109.93000030517578,109.2300033569336,109.93000030517578,558200.0
2015-09-10,109.8499984741211,110.76000213623047,109.8499984741211,110.62000274658203,740800.0
2015-09-11,110.66000366210938,111.30000305175781,110.61000061035156,111.22000122070312,696600.0
2015-09-14,110.87000274658203,111.05999755859375,110.66000366210938,111.05999755859375,248000.0
2015-09-15,110.87000274658203,110.94000244140625,110.41999816894531,110.5,327200.0
2015-09-16,110.52999877929688,111.0199966430664,110.52999877929688,110.68000030517578,752400.0
2015-09-17,110.94000244140625,112.20999908447266,110.77999877929688,112.19000244140625,922200.0
2015-09-18,111.88999938964844,112.0,110.5199966430664,110.62999725341797,1058500.0
2015-09-21,110.27999877929688,110.3499984741211,109.6500015258789,109.79000091552734,800900.0
2015-09-22,109.37000274658203,109.37999725341797,108.97000122070312,109.16000366210938,249900.0
2015-09-23,109.41000366210938,109.94999694824219,109.23999786376953,109.63999938964844,333100.0
2015-09-24,110.41000366210938,110.75,109.97000122070312,110.05999755859375,1119600.0
2015-09-25,109.44000244140625,109.94000244140625,109.41999816894531,109.87999725341797,915300.0
2015-09-28,109.33000183105469,110.26000213623047,109.33000183105469,110.12999725341797,441800.0
2015-09-29,109.86000061035156,110.47000122070312,109.86000061035156,110.31999969482422,657100.0
2015-09-30,109.69000244140625,109.76000213623047,109.4000015258789,109.58000183105469,395800.0
2015-10-01,109.4800033569336,109.88999938964844,109.47000122070312,109.69000244140625,252500.0
2015-10-02,110.80999755859375,110.97000122070312,109.81999969482422,109.8499984741211,718600.0
2015-10-05,109.94000244140625,110.05000305175781,109.55000305175781,109.63999938964844,648700.0
2015-10-06,110.01000213623047,110.58999633789062,109.94999694824219,110.56999969482422,748100.0
2015-10-07,110.23999786376953,110.43000030517578,109.91000366210938,110.2300033569336,909600.0
2015-10-08,110.29000091552734,111.04000091552734,110.2300033569336,110.5199966430664,1868900.0
2015-10-09,111.23999786376953,111.5999984741211,111.12000274658203,111.29000091552734,1780300.0
2015-10-12,111.44000244140625,111.52999877929688,111.33999633789062,111.37000274658203,365300.0
2015-10-13,111.55999755859375,111.68000030517578,111.31999969482422,111.5999984741211,319800.0
2015-10-14,112.06999969482422,112.62999725341797,111.83999633789062,112.58000183105469,485300.0
2015-10-15,111.58000183105469,111.91999816894531,111.4000015258789,111.51000213623047,844100.0
2015-10-16,111.4000015258789,111.6500015258789,111.2300033569336,111.27999877929688,213000.0
2015-10-19,111.16000366210938,111.18000030517578,110.83000183105469,111.0199966430664,82100.0
2015-10-20,111.38999938964844,111.38999938964844,111.08999633789062,111.12999725341797,241400.0
2015-10-21,111.20999908447266,111.36000061035156,111.12000274658203,111.12999725341797,56700.0
2015-10-22,109.54000091552734,109.63999938964844,108.86000061035156,108.9000015258789,912600.0
2015-10-23,108.23999786376953,108.3499984741211,107.77999877929688,107.94999694824219,647300.0
2015-10-26,107.87999725341797,108.44999694824219,107.87999725341797,108.27999877929688,151300.0
2015-10-27,108.37000274658203,108.38999938964844,108.12000274658203,108.2300033569336,114700.0
2015-10-28,108.58000183105469,108.73999786376953,106.79000091552734,107.05000305175781,514300.0
2015-10-29,107.04000091552734,107.62999725341797,107.04000091552734,107.54000091552734,234700.0
2015-10-30,108.12999725341797,108.48999786376953,107.69999694824219,107.76000213623047,309000.0
2015-11-02,108.19000244140625,108.2300033569336,107.76000213623047,107.94999694824219,142600.0
2015-11-03,107.44000244140625,107.4800033569336,107.18000030517578,107.44999694824219,212300.0
2015-11-04,106.62999725341797,106.80000305175781,106.26000213623047,106.43000030517578,835100.0
2015-11-05,106.69999694824219,106.72000122070312,106.38999938964844,106.58000183105469,521100.0
2015-11-06,105.12000274658203,105.33999633789062,105.02999877929688,105.30000305175781,1566600.0
2015-11-09,105.11000061035156,105.62999725341797,105.08999633789062,105.37000274658203,539000.0
2015-11-10,104.75,105.05000305175781,104.58999633789062,104.97000122070312,643900.0
2015-11-11,105.25,105.3499984741211,104.88999938964844,105.2300033569336,777600.0
2015-11-12,105.18000030517578,106.08000183105469,105.1500015258789,105.87999725341797,811100.0
2015-11-13,105.20999908447266,105.36000061035156,104.97000122070312,105.33999633789062,347700.0
2015-11-16,105.08000183105469,105.08000183105469,104.56999969482422,104.69000244140625,345500.0
2015-11-17,104.41999816894531,104.5999984741211,104.1500015258789,104.30999755859375,652400.0
2015-11-18,104.48999786376953,104.58000183105469,104.01000213623047,104.36000061035156,475700.0
2015-11-19,105.08999633789062,105.44000244140625,104.8499984741211,105.12999725341797,1283600.0
2015-11-20,104.87000274658203,104.9000015258789,104.23999786376953,104.25,610500.0
2015-11-23,104.16999816894531,104.38999938964844,103.77999877929688,104.08999633789062,915800.0
2015-11-24,104.31999969482422,104.45999908447266,104.12000274658203,104.29000091552734,345800.0
2015-11-25,103.69000244140625,104.20999908447266,103.51000213623047,103.97000122070312,862000.0
2015-11-27,103.62000274658203,103.86000061035156,103.58000183105469,103.80999755859375,207200.0
2015-11-30,103.63999938964844,103.68000030517578,103.43000030517578,103.48999786376953,740900.0
2015-12-01,104.01000213623047,104.18000030517578,103.87000274658203,104.16000366210938,686500.0
2015-12-02,103.75,104.08000183105469,103.36000061035156,103.97000122070312,736900.0
2015-12-03,105.81999969482422,107.54000091552734,105.69999694824219,107.2699966430664,3420700.0
2015-12-04,106.97000122070312,107.25,106.1500015258789,106.51000213623047,1642100.0
2015-12-07,105.8499984741211,106.3499984741211,105.8499984741211,106.2300033569336,544500.0
2015-12-08,106.62999725341797,106.7699966430664,106.44000244140625,106.69000244140625,197100.0
2015-12-09,107.48999786376953,108.1500015258789,107.23999786376953,107.87999725341797,838200.0
2015-12-10,107.31999969482422,107.41000366210938,107.01000213623047,107.22000122070312,729900.0
2015-12-11,107.62000274658203,108.01000213623047,107.3499984741211,107.62000274658203,585400.0
2015-12-14,107.69000244140625,108.19999694824219,107.56999969482422,107.58999633789062,367800.0
2015-12-15,107.33999633789062,107.33999633789062,106.80000305175781,106.94000244140625,574300.0
2015-12-16,107.01000213623047,107.83999633789062,106.62000274658203,106.93000030517578,1687900.0
2015-12-17,106.16000366210938,106.41999816894531,105.77999877929688,105.94000244140625,1848300.0
2015-12-18,105.88999938964844,106.48999786376953,105.86000061035156,106.47000122070312,985600.0
2015-12-21,106.6500015258789,107.11000061035156,106.58000183105469,106.94999694824219,791500.0
2015-12-22,107.33000183105469,107.54000091552734,107.19000244140625,107.20999908447266,453500.0
2015-12-23,106.83999633789062,106.95999908447266,106.43000030517578,106.95999908447266,833300.0
2015-12-24,107.12000274658203,107.31999969482422,107.12000274658203,107.23999786376953,114800.0
2015-12-28,107.45999908447266,107.55999755859375,107.30000305175781,107.41999816894531,212800.0
2015-12-29,106.94000244140625,107.12000274658203,106.72000122070312,107.05999755859375,272000.0
2015-12-30,107.08999633789062,107.08999633789062,106.73999786376953,107.0199966430664,288200.0
2015-12-31,106.51000213623047,106.70999908447266,106.26000213623047,106.4000015258789,536700.0
2016-01-04,106.20999908447266,106.30000305175781,105.54000091552734,106.0199966430664,748700.0
2016-01-05,105.2300033569336,105.2699966430664,104.8499984741211,105.23999786376953,1018800.0
2016-01-06,105.12000274658203,105.72000122070312,105.12000274658203,105.62000274658203,859800.0
2016-01-07,106.26000213623047,107.08000183105469,105.9800033569336,107.04000091552734,1227500.0
2016-01-08,106.41999816894531,106.9000015258789,106.23999786376953,106.87999725341797,979200.0
2016-01-11,106.33000183105469,106.66000366210938,106.19999694824219,106.19999694824219,772500.0
2016-01-12,106.23999786376953,106.44999694824219,105.91000366210938,106.2300033569336,581300.0
2016-01-13,105.97000122070312,106.52999877929688,105.94999694824219,106.52999877929688,544000.0
2016-01-14,106.66999816894531,106.83000183105469,106.05000305175781,106.30999755859375,912500.0
2016-01-15,107.3499984741211,107.4800033569336,106.76000213623047,106.86000061035156,3018600.0
2016-01-19,106.47000122070312,107.04000091552734,106.44000244140625,106.76000213623047,1093000.0
2016-01-20,106.80000305175781,107.0199966430664,106.44999694824219,106.55999755859375,716100.0
2016-01-21,105.94000244140625,106.6500015258789,105.75,106.52999877929688,1118000.0
2016-01-22,105.80000305175781,106.04000091552734,105.56999969482422,105.62999725341797,396200.0
2016-01-25,105.95999908447266,106.2300033569336,105.91000366210938,106.20999908447266,177000.0
2016-01-26,106.0199966430664,106.2699966430664,105.94000244140625,106.2699966430664,164900.0
2016-01-27,106.45999908447266,106.80000305175781,106.29000091552734,106.58999633789062,448400.0
2016-01-28,106.83000183105469,107.30000305175781,106.7699966430664,107.05999755859375,1296300.0
2016-01-29,106.19999694824219,106.19999694824219,105.7699966430664,105.97000122070312,1172800.0
2016-02-01,106.45999908447266,106.75,106.38999938964844,106.58999633789062,277700.0
2016-02-02,106.86000061035156,107.02999877929688,106.55999755859375,106.79000091552734,735500.0
2016-02-03,107.31999969482422,109.0199966430664,107.26000213623047,108.68000030517578,1651300.0
2016-02-04,109.47000122070312,109.79000091552734,109.16999816894531,109.63999938964844,806700.0
2016-02-05,108.93000030517578,109.22000122070312,108.69000244140625,109.08000183105469,713000.0
2016-02-08,108.73999786376953,109.70999908447266,108.73999786376953,109.4800033569336,569600.0
2016-02-09,110.4800033569336,110.91000366210938,110.1500015258789,110.5,357700.0
2016-02-10,109.97000122070312,110.48999786376953,109.19000244140625,110.45999908447266,325900.0
2016-02-11,111.11000061035156,111.2699966430664,110.66999816894531,110.77999877929688,827900.0
2016-02-12,109.94999694824219,110.27999877929688,109.69999694824219,110.06999969482422,393200.0
2016-02-16,109.4000015258789,109.4000015258789,108.81999969482422,108.97000122070312,698900.0
2016-02-17,108.75,109.0999984741211,108.72000122070312,108.87000274658203,262200.0
2016-02-18,108.31999969482422,108.77999877929688,108.29000091552734,108.52999877929688,229000.0
2016-02-19,108.37000274658203,108.91999816894531,108.3499984741211,108.87999725341797,212800.0
2016-02-22,107.75,107.91000366210938,107.66000366210938,107.80000305175781,380600.0
2016-02-23,107.6500015258789,107.93000030517578,107.54000091552734,107.75,193800.0
2016-02-24,107.36000061035156,108.02999877929688,107.33000183105469,107.66000366210938,277700.0
2016-02-25,107.56999969482422,108.05999755859375,107.47000122070312,107.83000183105469,229500.0
2016-02-26,107.25,107.37999725341797,106.73999786376953,106.95999908447266,496900.0
2016-02-29,106.33999633789062,106.56999969482422,106.19000244140625,106.37000274658203,485100.0
2016-03-01,106.20999908447266,106.31999969482422,105.94999694824219,106.26000213623047,302800.0
2016-03-02,106.04000091552734,106.30999755859375,105.83999633789062,106.2300033569336,460500.0
2016-03-03,106.62999725341797,107.2699966430664,106.62999725341797,107.19000244140625,525100.0
2016-03-04,107.31999969482422,107.95999908447266,107.27999877929688,107.58000183105469,451400.0
2016-03-07,107.11000061035156,107.79000091552734,107.02999877929688,107.68000030517578,278400.0
2016-03-08,108.0,108.11000061035156,107.5,107.58999633789062,261500.0
2016-03-09,107.05999755859375,107.87999725341797,107.05000305175781,107.56999969482422,386700.0
2016-03-10,107.69999694824219,109.66000366210938,107.69999694824219,109.30000305175781,1537200.0
2016-03-11,108.72000122070312,109.41000366210938,108.68000030517578,109.01000213623047,660500.0
2016-03-14,108.63999938964844,108.72000122070312,108.30999755859375,108.47000122070312,460200.0
2016-03-15,108.61000061035156,108.66000366210938,108.36000061035156,108.61000061035156,144200.0
2016-03-16,108.22000122070312,109.88999938964844,108.11000061035156,109.80999755859375,795900.0
2016-03-17,110.63999938964844,110.81999969482422,110.4000015258789,110.6500015258789,695500.0
2016-03-18,110.33999633789062,110.5199966430664,110.0999984741211,110.19999694824219,1369500.0
2016-03-21,110.19000244140625,110.20999908447266,109.80999755859375,109.9000015258789,952000.0
2016-03-22,109.69999694824219,109.83000183105469,109.5199966430664,109.63999938964844,421300.0
2016-03-23,109.37999725341797,109.43000030517578,109.08000183105469,109.25,313800.0
2016-03-24,109.08999633789062,109.30999755859375,108.9800033569336,109.26000213623047,476100.0
2016-03-28,109.44000244140625,109.62000274658203,109.36000061035156,109.44999694824219,105300.0
2016-03-29,109.52999877929688,110.47000122070312,109.25,110.37999725341797,545600.0
2016-03-30,110.52999877929688,111.04000091552734,110.51000213623047,110.75,360400.0
2016-03-31,111.25,111.51000213623047,111.18000030517578,111.18000030517578,395100.0
2016-04-01,111.18000030517578,111.41999816894531,110.7699966430664,111.29000091552734,323100.0
2016-04-04,111.44000244140625,111.48999786376953,111.13999938964844,111.30000305175781,434200.0
2016-04-05,111.06999969482422,111.37999725341797,110.76000213623047,111.20999908447266,920700.0
2016-04-06,111.19999694824219,111.69999694824219,111.08000183105469,111.36000061035156,357900.0
2016-04-07,110.87999725341797,111.37999725341797,110.83999633789062,111.12000274658203,171600.0
2016-04-08,111.30000305175781,111.54000091552734,111.16999816894531,111.38999938964844,160700.0
2016-04-11,111.4000015258789,111.81999969482422,111.33999633789062,111.4000015258789,164900.0
2016-04-12,111.2699966430664,111.36000061035156,110.8499984741211,111.27999877929688,319400.0
2016-04-13,110.5199966430664,110.52999877929688,110.12999725341797,110.22000122070312,545400.0
2016-04-14,110.0199966430664,110.2300033569336,109.91000366210938,109.97000122070312,411000.0
2016-04-15,110.23999786376953,110.54000091552734,110.19999694824219,110.20999908447266,202100.0
2016-04-18,110.41999816894531,110.68000030517578,110.37000274658203,110.47000122070312,100900.0
2016-04-19,111.04000091552734,111.19999694824219,110.97000122070312,110.98999786376953,286300.0
2016-04-20,110.95999908447266,110.98999786376953,110.27999877929688,110.27999877929688,332000.0
2016-04-21,111.0,111.0,110.0999984741211,110.29000091552734,239500.0
2016-04-22,109.87999725341797,110.06999969482422,109.56999969482422,109.62999725341797,203800.0
2016-04-25,109.87000274658203,110.1500015258789,109.87000274658203,109.95999908447266,63600.0
2016-04-26,110.66999816894531,110.7300033569336,110.18000030517578,110.23999786376953,185000.0
2016-04-27,110.45999908447266,110.95999908447266,110.16000366210938,110.47000122070312,172300.0
2016-04-28,110.63999938964844,110.95999908447266,110.48999786376953,110.87000274658203,238100.0
2016-04-29,111.72000122070312,111.9000015258789,111.5999984741211,111.83999633789062,241800.0
2016-05-02,112.0999984741211,112.6500015258789,112.08000183105469,112.48999786376953,192500.0
2016-05-03,112.80000305175781,112.9000015258789,112.33999633789062,112.3499984741211,553400.0
2016-05-04,112.29000091552734,112.45999908447266,111.9800033569336,112.19000244140625,394200.0
2016-05-05,111.62999725341797,111.62999725341797,111.2300033569336,111.3499984741211,229500.0
2016-05-06,111.5999984741211,111.63999938964844,111.19999694824219,111.33999633789062,307200.0
2016-05-09,111.22000122070312,111.41999816894531,111.12000274658203,111.12000274658203,112500.0
2016-05-10,111.13999938964844,111.36000061035156,110.98999786376953,111.0199966430664,94300.0
2016-05-11,111.36000061035156,111.76000213623047,111.36000061035156,111.55000305175781,724200.0
2016-05-12,111.31999969482422,111.44000244140625,111.0199966430664,111.05999755859375,129100.0
2016-05-13,110.52999877929688,110.55999755859375,110.16000366210938,110.44999694824219,475000.0
2016-05-16,110.62999725341797,110.72000122070312,110.44000244140625,110.5,107400.0
2016-05-17,110.55999755859375,110.77999877929688,110.44000244140625,110.4800033569336,278800.0
2016-05-18,110.05999755859375,110.2300033569336,109.5,109.52999877929688,574400.0
2016-05-19,109.30999755859375,109.58999633789062,109.2699966430664,109.30999755859375,206500.0
2016-05-20,109.68000030517578,109.68000030517578,109.37999725341797,109.51000213623047,249900.0
2016-05-23,109.20999908447266,109.62000274658203,109.20999908447266,109.47000122070312,171800.0
2016-05-24,108.93000030517578,108.97000122070312,108.68000030517578,108.73999786376953,221000.0
2016-05-25,108.83000183105469,109.0,108.63999938964844,108.88999938964844,294900.0
2016-05-26,109.43000030517578,109.45999908447266,109.04000091552734,109.19999694824219,1119500.0
2016-05-27,108.86000061035156,108.87999725341797,108.44000244140625,108.44000244140625,366500.0
2016-05-31,108.94000244140625,109.02999877929688,108.55000305175781,108.58999633789062,622300.0
2016-06-01,108.98999786376953,109.23999786376953,108.79000091552734,109.23999786376953,381100.0
2016-06-02,109.2300033569336,109.2300033569336,108.77999877929688,108.81999969482422,378700.0
2016-06-03,110.29000091552734,110.91999816894531,110.29000091552734,110.87000274658203,1641800.0
2016-06-06,110.79000091552734,111.16000366210938,110.52999877929688,110.87999725341797,567900.0
2016-06-07,110.93000030517578,110.93000030517578,110.66999816894531,110.80999755859375,259300.0
2016-06-08,111.25,111.33999633789062,111.12999725341797,111.20999908447266,407500.0
2016-06-09,110.47000122070312,110.62000274658203,110.33000183105469,110.44999694824219,575400.0
2016-06-10,110.16000366210938,110.2699966430664,109.7300033569336,109.80999755859375,534700.0
2016-06-13,109.75,110.26000213623047,109.75,110.22000122070312,195400.0
2016-06-14,109.48999786376953,109.48999786376953,109.19000244140625,109.30000305175781,404600.0
2016-06-15,109.41000366210938,110.22000122070312,109.37000274658203,109.80999755859375,286100.0
2016-06-16,108.88999938964844,109.75,108.5999984741211,109.68000030517578,572800.0
2016-06-17,109.94999694824219,110.20999908447266,109.69000244140625,110.05999755859375,543200.0
2016-06-20,110.66000366210938,110.7300033569336,110.2699966430664,110.30000305175781,280100.0
2016-06-21,110.05000305175781,110.06999969482422,109.69000244140625,109.7300033569336,254300.0
2016-06-22,110.31999969482422,110.58000183105469,109.94000244140625,110.25,402600.0
2016-06-23,111.11000061035156,111.12999725341797,110.62999725341797,111.04000091552734,544100.0
2016-06-24,107.79000091552734,109.05999755859375,107.72000122070312,108.05000305175781,1937700.0
2016-06-27,107.37999725341797,107.69999694824219,107.02999877929688,107.43000030517578,1054000.0
2016-06-28,107.86000061035156,108.05999755859375,107.62999725341797,108.05999755859375,633000.0
2016-06-29,108.30000305175781,108.54000091552734,108.16000366210938,108.27999877929688,518700.0
2016-06-30,108.27999877929688,108.47000122070312,107.51000213623047,108.16999816894531,665700.0
2016-07-01,108.83000183105469,108.8499984741211,108.37999725341797,108.61000061035156,444200.0
2016-07-05,108.75,108.80000305175781,107.87000274658203,107.88999938964844,461900.0
2016-07-06,108.04000091552734,108.3499984741211,107.58000183105469,108.2699966430664,673800.0
2016-07-07,108.08999633789062,108.22000122070312,107.77999877929688,107.8499984741211,632700.0
2016-07-08,107.9000015258789,107.94999694824219,107.54000091552734,107.73999786376953,431800.0
2016-07-11,107.9000015258789,107.91999816894531,107.58999633789062,107.81999969482422,421400.0
2016-07-12,108.08999633789062,108.19000244140625,107.83999633789062,107.87000274658203,257400.0
2016-07-13,108.11000061035156,108.4000015258789,108.04000091552734,108.16999816894531,368100.0
2016-07-14,108.33000183105469,108.4800033569336,108.20999908447266,108.3499984741211,429700.0
2016-07-15,108.04000091552734,108.11000061035156,107.76000213623047,107.88999938964844,1876000.0
2016-07-18,107.75,108.02999877929688,107.7300033569336,107.91999816894531,216600.0
2016-07-19,107.47000122070312,107.52999877929688,107.2300033569336,107.4000015258789,1983700.0
2016-07-20,107.19999694824219,107.51000213623047,107.18000030517578,107.4000015258789,426100.0
2016-07-21,107.37999725341797,107.45999908447266,107.05000305175781,107.44999694824219,624600.0
2016-07-22,107.41000366210938,107.41000366210938,106.79000091552734,106.94999694824219,488400.0
2016-07-25,106.95999908447266,107.19000244140625,106.91999816894531,107.12999725341797,237900.0
2016-07-26,107.16999816894531,107.2699966430664,107.01000213623047,107.08000183105469,142200.0
2016-07-27,107.18000030517578,107.83000183105469,106.88999938964844,107.73999786376953,560300.0
2016-07-28,108.16999816894531,108.26000213623047,107.87999725341797,107.95999908447266,315000.0
2016-07-29,108.79000091552734,109.12999725341797,108.70999908447266,108.95999908447266,645400.0
2016-08-01,108.80000305175781,108.94000244140625,108.77999877929688,108.80999755859375,133100.0
2016-08-02,109.25,109.4800033569336,109.23999786376953,109.37999725341797,401400.0
2016-08-03,108.91999816894531,109.0,108.58000183105469,108.63999938964844,748400.0
2016-08-04,108.55999755859375,108.62999725341797,108.41999816894531,108.45999908447266,302900.0
2016-08-05,107.79000091552734,108.19999694824219,107.6500015258789,108.02999877929688,346600.0
2016-08-08,107.97000122070312,108.0199966430664,107.88999938964844,107.9800033569336,114700.0
2016-08-09,108.11000061035156,108.36000061035156,108.11000061035156,108.27999877929688,136500.0
2016-08-10,108.91000366210938,108.97000122070312,108.7300033569336,108.9000015258789,719400.0
2016-08-11,108.69000244140625,108.91999816894531,108.51000213623047,108.52999877929688,211800.0
2016-08-12,109.11000061035156,109.16000366210938,108.72000122070312,108.72000122070312,498300.0
2016-08-15,108.91999816894531,109.12999725341797,108.91999816894531,108.9800033569336,250400.0
2016-08-16,109.62000274658203,109.93000030517578,109.56999969482422,109.88999938964844,411500.0
2016-08-17,109.80999755859375,110.2300033569336,109.52999877929688,109.91999816894531,452400.0
2016-08-18,110.19000244140625,110.7300033569336,110.1500015258789,110.72000122070312,347800.0
2016-08-19,110.23999786376953,110.37000274658203,110.19000244140625,110.31999969482422,302100.0
2016-08-22,110.19000244140625,110.36000061035156,110.12000274658203,110.27999877929688,140700.0
2016-08-23,110.33999633789062,110.37999725341797,110.11000061035156,110.11000061035156,89800.0
2016-08-24,109.72000122070312,109.7699966430664,109.54000091552734,109.68000030517578,238700.0
2016-08-25,110.01000213623047,110.0199966430664,109.80000305175781,109.87999725341797,86500.0
2016-08-26,109.98999786376953,110.45999908447266,108.94000244140625,109.01000213623047,639600.0
2016-08-29,108.72000122070312,109.01000213623047,108.72000122070312,108.9800033569336,123600.0
2016-08-30,108.69000244140625,108.69000244140625,108.44000244140625,108.5199966430664,216700.0
2016-08-31,108.38999938964844,108.75,108.37999725341797,108.6500015258789,220100.0
2016-09-01,108.47000122070312,109.12000274658203,108.43000030517578,109.0999984741211,213800.0
2016-09-02,109.16999816894531,109.26000213623047,108.61000061035156,108.66000366210938,442900.0
2016-09-06,108.75,109.69000244140625,108.66999816894531,109.47000122070312,1391500.0
2016-09-07,109.5199966430664,109.75,109.37000274658203,109.45999908447266,732400.0
2016-09-08,110.18000030517578,110.25,109.45999908447266,109.61000061035156,447600.0
2016-09-09,109.23999786376953,109.33999633789062,109.02999877929688,109.29000091552734,213000.0
2016-09-12,109.25,109.69999694824219,109.19000244140625,109.37999725341797,196800.0
2016-09-13,109.27999877929688,109.61000061035156,109.08999633789062,109.16000366210938,186300.0
2016-09-14,109.30000305175781,109.75,109.2699966430664,109.54000091552734,300400.0
2016-09-15,109.5199966430664,109.55999755859375,109.31999969482422,109.5,342500.0
2016-09-16,108.75,108.87000274658203,108.54000091552734,108.58000183105469,737800.0
2016-09-19,108.83000183105469,109.0199966430664,108.75,108.83999633789062,320200.0
2016-09-20,108.80999755859375,108.87000274658203,108.61000061035156,108.62000274658203,291100.0
2016-09-21,108.4800033569336,108.98999786376953,108.38999938964844,108.93000030517578,522000.0
2016-09-22,109.45999908447266,109.56999969482422,109.02999877929688,109.08000183105469,426100.0
2016-09-23,109.08000183105469,109.41000366210938,109.08000183105469,109.30999755859375,341600.0
2016-09-26,109.5999984741211,109.80000305175781,109.48999786376953,109.55000305175781,206900.0
2016-09-27,109.11000061035156,109.26000213623047,108.94000244140625,109.19999694824219,285000.0
2016-09-28,109.0999984741211,109.22000122070312,108.88999938964844,109.16999816894531,257600.0
2016-09-29,109.12999725341797,109.5,109.05999755859375,109.18000030517578,247900.0
2016-09-30,109.31999969482422,109.48999786376953,109.05000305175781,109.3499984741211,361900.0
2016-10-03,109.27999877929688,109.27999877929688,109.08000183105469,109.12000274658203,252300.0
2016-10-04,108.61000061035156,109.36000061035156,108.38999938964844,109.02999877929688,1553700.0
2016-10-05,109.06999969482422,109.18000030517578,108.88999938964844,109.0199966430664,635300.0
2016-10-06,108.80000305175781,108.83999633789062,108.4000015258789,108.4800033569336,497200.0
2016-10-07,108.9000015258789,108.98999786376953,108.4800033569336,108.97000122070312,228400.0
2016-10-10,108.52999877929688,108.62000274658203,108.31999969482422,108.37000274658203,113900.0
2016-10-11,107.93000030517578,107.97000122070312,107.5199966430664,107.5999984741211,406400.0
2016-10-12,107.20999908447266,107.44999694824219,107.08999633789062,107.16000366210938,284700.0
2016-10-13,107.37000274658203,107.55999755859375,107.25,107.52999877929688,207600.0
2016-10-14,107.02999877929688,107.30000305175781,106.7300033569336,106.7300033569336,382300.0
2016-10-17,107.0,107.08999633789062,106.94000244140625,107.08000183105469,520100.0
2016-10-18,106.9000015258789,106.98999786376953,106.73999786376953,106.81999969482422,282300.0
2016-10-19,106.66999816894531,106.75,106.5999984741211,106.7300033569336,192300.0
2016-10-20,106.5,106.61000061035156,106.22000122070312,106.29000091552734,249500.0
2016-10-21,105.81999969482422,105.87000274658203,105.6500015258789,105.8499984741211,1045300.0
2016-10-24,105.97000122070312,105.97000122070312,105.75,105.76000213623047,352100.0
2016-10-25,105.66999816894531,106.05999755859375,105.55999755859375,105.94000244140625,250300.0
2016-10-26,106.38999938964844,106.45999908447266,106.0199966430664,106.05000305175781,192500.0
2016-10-27,106.20999908447266,106.43000030517578,105.87999725341797,106.0,377700.0
2016-10-28,106.26000213623047,106.9000015258789,106.23999786376953,106.8499984741211,1122200.0
2016-10-31,106.48999786376953,106.79000091552734,106.37999725341797,106.75,365200.0
2016-11-01,107.25,107.6500015258789,107.20999908447266,107.5199966430664,721800.0
2016-11-02,107.8499984741211,108.19000244140625,107.66999816894531,107.88999938964844,1050000.0
2016-11-03,107.62999725341797,108.1500015258789,107.56999969482422,108.0,535000.0
2016-11-04,107.9000015258789,108.3499984741211,107.83999633789062,108.3499984741211,574100.0
2016-11-07,107.62999725341797,107.62999725341797,107.26000213623047,107.36000061035156,969200.0
2016-11-08,107.41999816894531,107.5,107.05999755859375,107.0999984741211,479700.0
2016-11-09,106.68000030517578,106.7699966430664,106.06999969482422,106.06999969482422,1183900.0
2016-11-10,105.88999938964844,106.05000305175781,105.68000030517578,105.87000274658203,755300.0
2016-11-11,105.87999725341797,105.9000015258789,105.33000183105469,105.47000122070312,789600.0
2016-11-14,104.44000244140625,104.62000274658203,104.13999938964844,104.3499984741211,1267600.0
2016-11-15,104.33999633789062,104.55000305175781,104.18000030517578,104.30000305175781,1187200.0
2016-11-16,104.0999984741211,104.18000030517578,103.70999908447266,103.8499984741211,506100.0
2016-11-17,104.16000366210938,104.16000366210938,103.26000213623047,103.29000091552734,1028900.0
2016-11-18,103.16999816894531,103.29000091552734,102.7699966430664,102.94000244140625,1429400.0
2016-11-21,103.2699966430664,103.38999938964844,102.95999908447266,103.30000305175781,688700.0
2016-11-22,103.2300033569336,103.4000015258789,102.88999938964844,103.26000213623047,374700.0
2016-11-23,102.5999984741211,102.69999694824219,102.33999633789062,102.55999755859375,723300.0
2016-11-25,103.19999694824219,103.2699966430664,102.94000244140625,102.97000122070312,309100.0
2016-11-28,102.79000091552734,103.11000061035156,102.75,103.11000061035156,299300.0
2016-11-29,102.9000015258789,103.5,102.87999725341797,103.5,459900.0
2016-11-30,103.12999725341797,103.16999816894531,102.56999969482422,102.9800033569336,729100.0
2016-12-01,103.06999969482422,103.62999725341797,102.87000274658203,103.62999725341797,1124100.0
2016-12-02,103.54000091552734,103.77999877929688,103.43000030517578,103.62000274658203,440600.0
2016-12-05,104.16999816894531,104.91000366210938,104.13999938964844,104.61000061035156,966300.0
2016-12-06,104.30000305175781,104.44000244140625,103.97000122070312,104.16000366210938,564100.0
2016-12-07,104.37000274658203,104.62999725341797,104.3499984741211,104.5999984741211,400100.0
2016-12-08,103.47000122070312,103.75,102.97000122070312,103.12000274658203,2036200.0
2016-12-09,102.66000366210938,102.73999786376953,102.33999633789062,102.58000183105469,606000.0
2016-12-12,103.19000244140625,103.43000030517578,102.91000366210938,103.33999633789062,469200.0
2016-12-13,103.16999816894531,103.63999938964844,103.13999938964844,103.18000030517578,186100.0
2016-12-14,103.36000061035156,103.7300033569336,101.98999786376953,102.31999969482422,1229300.0
2016-12-15,101.47000122070312,101.5,100.7300033569336,101.16000366210938,1417700.0
2016-12-16,101.19999694824219,101.73999786376953,101.05999755859375,101.47000122070312,867900.0
2016-12-19,101.31999969482422,101.54000091552734,101.01000213623047,101.0199966430664,639100.0
2016-12-20,100.70999908447266,101.11000061035156,100.69000244140625,100.93000030517578,380500.0
2016-12-21,101.44000244140625,101.52999877929688,101.26000213623047,101.3499984741211,357800.0
2016-12-22,101.5999984741211,102.0,101.3499984741211,101.36000061035156,408300.0
2016-12-23,101.41000366210938,101.69999694824219,101.36000061035156,101.5199966430664,279100.0
2016-12-27,101.52999877929688,101.62999725341797,101.5,101.56999969482422,186700.0
2016-12-28,100.9800033569336,101.19999694824219,100.77999877929688,101.0999984741211,819700.0
2016-12-29,101.5,101.91000366210938,101.48999786376953,101.87000274658203,680900.0
2016-12-30,102.33999633789062,102.7300033569336,102.22000122070312,102.26000213623047,544000.0
2017-01-03,100.9800033569336,101.31999969482422,100.45999908447266,100.93000030517578,533500.0
2017-01-04,101.44999694824219,101.9800033569336,101.41000366210938,101.87000274658203,533600.0
2017-01-05,102.33999633789062,103.08999633789062,102.33999633789062,102.9800033569336,900400.0
2017-01-06,102.3499984741211,102.77999877929688,102.20999908447266,102.29000091552734,938900.0
2017-01-09,102.31999969482422,102.76000213623047,102.19999694824219,102.66000366210938,352600.0
2017-01-10,102.69999694824219,102.9800033569336,102.4800033569336,102.55000305175781,231500.0
2017-01-11,101.9000015258789,103.13999938964844,101.52999877929688,102.69000244140625,1288900.0
2017-01-12,103.33999633789062,103.6500015258789,103.04000091552734,103.16999816894531,519700.0
2017-01-13,103.31999969482422,103.44000244140625,102.9000015258789,103.30999755859375,666700.0
2017-01-17,103.94000244140625,104.05000305175781,103.80000305175781,103.94999694824219,870800.0
2017-01-18,103.66000366210938,103.91000366210938,103.2300033569336,103.2699966430664,842100.0
2017-01-19,103.02999877929688,103.58999633789062,102.81999969482422,103.5199966430664,1312500.0
2017-01-20,103.5199966430664,103.97000122070312,103.44000244140625,103.86000061035156,851400.0
2017-01-23,104.1500015258789,104.37999725341797,103.94999694824219,104.31999969482422,931700.0
2017-01-24,104.33000183105469,104.58999633789062,104.08000183105469,104.16999816894531,405000.0
2017-01-25,104.0999984741211,104.38999938964844,104.08000183105469,104.38999938964844,429600.0
2017-01-26,103.72000122070312,103.88999938964844,103.45999908447266,103.62000274658203,981100.0
2017-01-27,103.93000030517578,104.01000213623047,103.66999816894531,103.81999969482422,1015200.0
2017-01-30,103.30000305175781,103.94999694824219,103.30000305175781,103.80999755859375,565900.0
2017-01-31,104.58999633789062,104.93000030517578,104.51000213623047,104.80999755859375,1002000.0
2017-02-01,104.36000061035156,104.69999694824219,104.16000366210938,104.51000213623047,743300.0
2017-02-02,104.94000244140625,105.04000091552734,104.41000366210938,104.44000244140625,368300.0
2017-02-03,104.4000015258789,104.77999877929688,104.4000015258789,104.63999938964844,542100.0
2017-02-06,104.04000091552734,104.37000274658203,103.9800033569336,104.31999969482422,375400.0
2017-02-07,103.62000274658203,103.88999938964844,103.4800033569336,103.70999908447266,464000.0
2017-02-08,103.7300033569336,103.94999694824219,103.63999938964844,103.70999908447266,358700.0
2017-02-09,103.70999908447266,103.7699966430664,103.37000274658203,103.45999908447266,745700.0
2017-02-10,102.98999786376953,103.37000274658203,102.97000122070312,103.22000122070312,461700.0
2017-02-13,103.02999877929688,103.04000091552734,102.79000091552734,102.80999755859375,331700.0
2017-02-14,102.91999816894531,103.0,102.48999786376953,102.62999725341797,545300.0
2017-02-15,102.30000305175781,102.94000244140625,102.23999786376953,102.87999725341797,467400.0
2017-02-16,103.33999633789062,103.61000061035156,103.29000091552734,103.58000183105469,587200.0
2017-02-17,103.45999908447266,103.4800033569336,102.91000366210938,102.93000030517578,829400.0
2017-02-21,102.23999786376953,102.37000274658203,102.12999725341797,102.29000091552734,382500.0
2017-02-22,102.04000091552734,102.58999633789062,101.8499984741211,102.5,1610200.0
2017-02-23,102.55000305175781,102.77999877929688,102.5,102.66999816894531,400200.0
2017-02-24,102.63999938964844,102.80000305175781,102.43000030517578,102.44000244140625,323000.0
2017-02-27,102.8499984741211,103.11000061035156,102.63999938964844,102.73999786376953,778700.0
2017-02-28,102.83000183105469,103.0999984741211,102.69000244140625,102.77999877929688,521600.0
2017-03-01,102.08000183105469,102.54000091552734,102.08000183105469,102.27999877929688,588500.0
2017-03-02,101.8499984741211,102.0999984741211,101.80000305175781,101.88999938964844,365500.0
2017-03-03,102.43000030517578,102.98999786376953,102.25,102.98999786376953,1078700.0
2017-03-06,102.83000183105469,102.87999725341797,102.58000183105469,102.62999725341797,1198300.0
2017-03-07,102.5,102.68000030517578,102.44999694824219,102.5,199000.0
2017-03-08,102.37999725341797,102.41999816894531,102.18000030517578,102.23999786376953,515800.0
2017-03-09,102.75,102.79000091552734,102.48999786376953,102.6500015258789,577500.0
2017-03-10,103.0999984741211,103.75,103.0199966430664,103.66999816894531,1628600.0
2017-03-13,103.41999816894531,103.55000305175781,103.30000305175781,103.30000305175781,805700.0
2017-03-14,103.04000091552734,103.2300033569336,102.80999755859375,102.83000183105469,622700.0
2017-03-15,102.93000030517578,103.91000366210938,102.9000015258789,103.87000274658203,1624000.0
2017-03-16,104.06999969482422,104.41999816894531,103.83000183105469,104.41999816894531,1171300.0
2017-03-17,104.0999984741211,104.29000091552734,104.05999755859375,104.1500015258789,549700.0
2017-03-20,104.2300033569336,104.30999755859375,103.98999786376953,104.18000030517578,817100.0
2017-03-21,104.76000213623047,104.88999938964844,104.68000030517578,104.83000183105469,857300.0
2017-03-22,104.7300033569336,104.94999694824219,104.62000274658203,104.66999816894531,471700.0
2017-03-23,104.54000091552734,104.61000061035156,104.47000122070312,104.54000091552734,298200.0
2017-03-24,104.70999908447266,104.87999725341797,104.62000274658203,104.6500015258789,473500.0
2017-03-27,105.63999938964844,105.63999938964844,105.30999755859375,105.33999633789062,526800.0
2017-03-28,105.33999633789062,105.38999938964844,104.69000244140625,104.80000305175781,548200.0
2017-03-29,104.2300033569336,104.43000030517578,104.16999816894531,104.41000366210938,586800.0
2017-03-30,104.16000366210938,104.22000122070312,103.5199966430664,103.5199966430664,695700.0
2017-03-31,103.6500015258789,103.7300033569336,103.37999725341797,103.41000366210938,492600.0
2017-04-03,103.37000274658203,103.51000213623047,103.16000366210938,103.43000030517578,284700.0
2017-04-04,103.31999969482422,103.44999694824219,103.19999694824219,103.37999725341797,243000.0
2017-04-05,103.3499984741211,103.58000183105469,103.0999984741211,103.58000183105469,1520900.0
2017-04-06,103.33000183105469,103.33999633789062,103.11000061035156,103.12999725341797,569800.0
2017-04-07,102.93000030517578,103.04000091552734,102.55000305175781,102.66000366210938,542600.0
2017-04-10,102.58999633789062,102.79000091552734,102.58999633789062,102.63999938964844,238600.0
2017-04-11,102.80000305175781,103.01000213623047,102.73999786376953,102.80000305175781,399500.0
2017-04-12,102.75,103.41999816894531,102.63999938964844,103.31999969482422,860300.0
2017-04-13,103.02999877929688,103.04000091552734,102.83000183105469,102.88999938964844,529700.0
2017-04-17,103.16000366210938,103.37999725341797,103.05999755859375,103.12000274658203,556000.0
2017-04-18,103.62000274658203,104.04000091552734,103.52999877929688,104.0199966430664,910300.0
2017-04-19,103.87000274658203,103.9000015258789,103.69000244140625,103.83999633789062,645600.0
2017-04-20,104.29000091552734,104.4000015258789,103.81999969482422,103.83999633789062,258600.0
2017-04-21,103.68000030517578,103.76000213623047,103.5,103.70999908447266,704300.0
2017-04-24,105.30000305175781,105.3499984741211,104.98999786376953,105.31999969482422,1164800.0
2017-04-25,105.45999908447266,106.08999633789062,105.45999908447266,105.9800033569336,823200.0
2017-04-26,105.38999938964844,105.72000122070312,105.18000030517578,105.66000366210938,631000.0
2017-04-27,105.41999816894531,105.47000122070312,105.13999938964844,105.3499984741211,826600.0
2017-04-28,105.69999694824219,105.79000091552734,105.44000244140625,105.5199966430664,440800.0
2017-05-01,105.69000244140625,105.83000183105469,105.56999969482422,105.56999969482422,523800.0
2017-05-02,105.66999816894531,105.87000274658203,105.4800033569336,105.8499984741211,193800.0
2017-05-03,105.73999786376953,105.83999633789062,105.45999908447266,105.51000213623047,1090700.0
2017-05-04,105.83999633789062,106.41999816894531,105.83000183105469,106.41999816894531,804800.0
2017-05-05,106.30999755859375,106.52999877929688,106.25,106.52999877929688,898400.0
2017-05-08,105.9800033569336,106.02999877929688,105.73999786376953,105.8499984741211,823800.0
2017-05-09,105.43000030517578,105.62000274658203,105.22000122070312,105.30000305175781,598900.0
2017-05-10,105.3499984741211,105.36000061035156,105.12999725341797,105.25,398900.0
2017-05-11,105.18000030517578,105.31999969482422,105.16999816894531,105.19999694824219,377100.0
2017-05-12,105.72000122070312,105.87000274658203,105.68000030517578,105.83000183105469,436000.0
2017-05-15,106.36000061035156,106.41999816894531,106.19999694824219,106.30999755859375,371800.0
2017-05-16,107.23999786376953,107.44999694824219,107.13999938964844,107.36000061035156,760800.0
2017-05-17,107.55999755859375,108.04000091552734,107.5199966430664,108.01000213623047,606700.0
2017-05-18,107.63999938964844,107.83999633789062,107.26000213623047,107.58000183105469,543600.0
2017-05-19,108.31999969482422,108.55000305175781,108.29000091552734,108.5199966430664,1324900.0
2017-05-22,108.87999725341797,109.05999755859375,108.7300033569336,108.81999969482422,881400.0
2017-05-23,108.79000091552734,108.91999816894531,108.20999908447266,108.26000213623047,1367100.0
2017-05-24,108.27999877929688,108.61000061035156,108.1500015258789,108.5999984741211,642700.0
2017-05-25,108.5199966430664,108.68000030517578,108.43000030517578,108.52999877929688,260000.0
2017-05-26,108.12999725341797,108.30999755859375,108.08000183105469,108.12000274658203,390300.0
2017-05-30,108.1500015258789,108.47000122070312,108.1500015258789,108.31999969482422,437300.0
2017-05-31,108.62999725341797,108.91999816894531,108.5999984741211,108.7699966430664,1150900.0
2017-06-01,108.55000305175781,108.73999786376953,108.4800033569336,108.54000091552734,436800.0
2017-06-02,109.05999755859375,109.23999786376953,108.97000122070312,109.22000122070312,946400.0
2017-06-05,108.94000244140625,109.0199966430664,108.83999633789062,108.93000030517578,354900.0
2017-06-06,109.08999633789062,109.22000122070312,109.0199966430664,109.19000244140625,195400.0
2017-06-07,108.7300033569336,109.19999694824219,108.63999938964844,109.04000091552734,675900.0
2017-06-08,108.6500015258789,108.66000366210938,108.38999938964844,108.55000305175781,903900.0
2017-06-09,108.12999725341797,108.43000030517578,108.12999725341797,108.33999633789062,247200.0
2017-06-12,108.56999969482422,108.56999969482422,108.33000183105469,108.44999694824219,347000.0
2017-06-13,108.44000244140625,108.58000183105469,108.30999755859375,108.44999694824219,1007700.0
2017-06-14,109.05999755859375,109.30999755859375,108.33000183105469,108.56999969482422,913700.0
2017-06-15,107.9000015258789,107.9800033569336,107.7300033569336,107.83999633789062,956400.0
2017-06-16,108.05000305175781,108.41000366210938,108.04000091552734,108.41000366210938,1225400.0
2017-06-19,108.0999984741211,108.19000244140625,107.83999633789062,107.87000274658203,1177300.0
2017-06-20,107.8499984741211,107.91999816894531,107.5999984741211,107.66999816894531,279300.0
2017-06-21,107.75,108.06999969482422,107.75,108.04000091552734,260300.0
2017-06-22,107.95999908447266,108.0,107.79000091552734,107.9000015258789,271800.0
2017-06-23,108.19000244140625,108.44999694824219,108.18000030517578,108.36000061035156,871400.0
2017-06-26,108.44999694824219,108.5199966430664,108.12000274658203,108.1500015258789,741600.0
2017-06-27,109.19000244140625,109.81999969482422,109.08000183105469,109.81999969482422,912000.0
2017-06-28,109.66000366210938,110.19999694824219,109.63999938964844,110.13999938964844,1118000.0
2017-06-29,110.36000061035156,110.72000122070312,110.2699966430664,110.69000244140625,338900.0
2017-06-30,110.43000030517578,110.54000091552734,110.25,110.4800033569336,406700.0
2017-07-03,109.9000015258789,110.0199966430664,109.83999633789062,109.8499984741211,607300.0
2017-07-05,109.5199966430664,109.83999633789062,109.5,109.69999694824219,402000.0
2017-07-06,110.1500015258789,110.5,110.12000274658203,110.4800033569336,308200.0
2017-07-07,110.25,110.37000274658203,110.08999633789062,110.30000305175781,675300.0
2017-07-10,110.1500015258789,110.33999633789062,110.12000274658203,110.25,263800.0
2017-07-11,110.2699966430664,111.02999877929688,110.22000122070312,110.88999938964844,351300.0
2017-07-12,110.5199966430664,110.5199966430664,110.19999694824219,110.44000244140625,574100.0
2017-07-13,110.37000274658203,110.4000015258789,110.0999984741211,110.30000305175781,410400.0
2017-07-14,110.83999633789062,110.94000244140625,110.61000061035156,110.94000244140625,625600.0
2017-07-17,110.87000274658203,111.08000183105469,110.83999633789062,111.05000305175781,387500.0
2017-07-18,111.91999816894531,112.01000213623047,111.70999908447266,111.77999877929688,640100.0
2017-07-19,111.55000305175781,111.55000305175781,111.31999969482422,111.37000274658203,492200.0
2017-07-20,111.79000091552734,112.72000122070312,111.76000213623047,112.47000122070312,1507300.0
2017-07-21,112.58999633789062,112.95999908447266,112.54000091552734,112.8499984741211,849000.0
2017-07-24,112.56999969482422,112.63999938964844,112.41999816894531,112.55999755859375,1023300.0
2017-07-25,112.94999694824219,113.12999725341797,112.58000183105469,112.62000274658203,376900.0
2017-07-26,112.56999969482422,113.5199966430664,112.38999938964844,113.3499984741211,1145200.0
2017-07-27,113.08000183105469,113.18000030517578,112.6500015258789,112.87000274658203,688600.0
2017-07-28,113.37000274658203,113.72000122070312,113.33000183105469,113.69000244140625,740000.0
2017-07-31,113.54000091552734,114.5,113.4800033569336,114.44999694824219,767400.0
2017-08-01,114.16000366210938,114.44000244140625,113.94000244140625,114.06999969482422,762500.0
2017-08-02,114.33000183105469,115.12999725341797,114.33000183105469,114.61000061035156,818700.0
2017-08-03,114.55999755859375,114.94000244140625,114.4800033569336,114.80000305175781,628300.0
2017-08-04,114.45999908447266,114.48999786376953,113.37999725341797,113.8499984741211,1318400.0
2017-08-07,113.9000015258789,114.02999877929688,113.87000274658203,114.0,274100.0
2017-08-08,114.18000030517578,114.19000244140625,113.25,113.54000091552734,640100.0
2017-08-09,113.19999694824219,113.69000244140625,113.08999633789062,113.63999938964844,774000.0
2017-08-10,113.48999786376953,113.9000015258789,113.25,113.81999969482422,552200.0
2017-08-11,114.11000061035156,114.4800033569336,113.83000183105469,114.30000305175781,715200.0
2017-08-14,113.95999908447266,114.0,113.7699966430664,113.8499984741211,362700.0
2017-08-15,113.19000244140625,113.48999786376953,113.08999633789062,113.43000030517578,655900.0
2017-08-16,113.0,113.83000183105469,113.0,113.7699966430664,734800.0
2017-08-17,113.2300033569336,113.58000183105469,113.19000244140625,113.30999755859375,675200.0
2017-08-18,113.54000091552734,113.70999908447266,113.36000061035156,113.69999694824219,773200.0
2017-08-21,113.87000274658203,114.30999755859375,113.81999969482422,114.16000366210938,933400.0
2017-08-22,113.72000122070312,113.76000213623047,113.54000091552734,113.58000183105469,709700.0
2017-08-23,114.0,114.23999786376953,113.91000366210938,114.2300033569336,564100.0
2017-08-24,113.95999908447266,114.1500015258789,113.9000015258789,114.0199966430664,277900.0
2017-08-25,114.13999938964844,115.38999938964844,113.88999938964844,115.26000213623047,2063900.0
2017-08-28,115.2699966430664,115.80000305175781,115.25,115.70999908447266,791200.0
2017-08-29,116.25,116.27999877929688,115.62999725341797,115.63999938964844,824200.0
2017-08-30,115.19999694824219,115.33999633789062,114.83000183105469,114.8499984741211,1107300.0
2017-08-31,114.52999877929688,115.05000305175781,114.48999786376953,115.02999877929688,641800.0
2017-09-01,114.97000122070312,115.01000213623047,114.47000122070312,114.58999633789062,489700.0
2017-09-05,114.87000274658203,115.30999755859375,114.83999633789062,115.13999938964844,428600.0
2017-09-06,115.25,115.41999816894531,115.05000305175781,115.12999725341797,944300.0
2017-09-07,116.12000274658203,116.19999694824219,115.70999908447266,116.12000274658203,1222200.0
2017-09-08,116.36000061035156,116.38999938964844,116.06999969482422,116.16999816894531,247400.0
2017-09-11,115.66999816894531,115.81999969482422,115.41999816894531,115.45999908447266,503400.0
2017-09-12,115.29000091552734,115.62999725341797,115.29000091552734,115.58000183105469,141800.0
2017-09-13,115.44999694824219,115.45999908447266,114.68000030517578,114.75,497700.0
2017-09-14,114.68000030517578,115.12999725341797,114.6500015258789,114.98999786376953,260200.0
2017-09-15,115.70999908447266,115.70999908447266,115.22000122070312,115.38999938964844,850100.0
2017-09-18,115.38999938964844,115.56999969482422,115.1500015258789,115.41999816894531,305200.0
2017-09-19,115.73999786376953,115.94000244140625,115.52999877929688,115.87000274658203,335100.0
2017-09-20,115.83000183105469,116.0999984741211,114.54000091552734,114.80000305175781,997600.0
2017-09-21,115.0,115.41999816894531,115.0,115.2300033569336,297700.0
2017-09-22,115.51000213623047,115.69999694824219,115.27999877929688,115.33000183105469,251000.0
2017-09-25,114.66999816894531,114.80000305175781,114.23999786376953,114.4000015258789,348400.0
2017-09-26,113.87000274658203,114.02999877929688,113.54000091552734,113.8499984741211,1138400.0
2017-09-27,113.19000244140625,113.69999694824219,113.16999816894531,113.43000030517578,818300.0
2017-09-28,113.79000091552734,113.95999908447266,113.68000030517578,113.7300033569336,281100.0
2017-09-29,114.12999725341797,114.16000366210938,113.87999725341797,114.0999984741211,454400.0
2017-10-02,113.4800033569336,113.54000091552734,113.26000213623047,113.2699966430664,688800.0
2017-10-03,113.47000122070312,113.66000366210938,113.33000183105469,113.43000030517578,170600.0
2017-10-04,113.5199966430664,113.58999633789062,113.41000366210938,113.56999969482422,655400.0
2017-10-05,113.13999938964844,113.29000091552734,112.94000244140625,112.98999786376953,628400.0
2017-10-06,112.87999725341797,113.31999969482422,112.81999969482422,113.29000091552734,278900.0
2017-10-09,113.26000213623047,113.4800033569336,113.19999694824219,113.44000244140625,290900.0
2017-10-10,113.80999755859375,114.1500015258789,113.80999755859375,114.06999969482422,584400.0
2017-10-11,114.33999633789062,114.58000183105469,114.27999877929688,114.55999755859375,333900.0
2017-10-12,114.36000061035156,114.38999938964844,114.19999694824219,114.22000122070312,126000.0
2017-10-13,114.5999984741211,114.61000061035156,114.0,114.06999969482422,127000.0
2017-10-16,113.91000366210938,114.05999755859375,113.7699966430664,113.79000091552734,422900.0
2017-10-17,113.37000274658203,113.62000274658203,113.2699966430664,113.55999755859375,257500.0
2017-10-18,113.55000305175781,113.91000366210938,113.5,113.81999969482422,441000.0
2017-10-19,114.20999908447266,114.41999816894531,114.12999725341797,114.2699966430664,1024000.0
2017-10-20,113.83999633789062,113.8499984741211,113.54000091552734,113.62000274658203,863900.0
2017-10-23,113.26000213623047,113.5199966430664,113.16000366210938,113.36000061035156,1059600.0
2017-10-24,113.44999694824219,113.79000091552734,113.41999816894531,113.48999786376953,391200.0
2017-10-25,113.79000091552734,114.02999877929688,113.7300033569336,113.88999938964844,256900.0
2017-10-26,113.45999908447266,113.45999908447266,112.31999969482422,112.36000061035156,1694500.0
2017-10-27,111.9000015258789,112.13999938964844,111.69000244140625,111.91999816894531,832000.0
2017-10-30,111.9000015258789,112.47000122070312,111.9000015258789,112.47000122070312,488000.0
2017-10-31,112.27999877929688,112.45999908447266,112.18000030517578,112.37999725341797,78400.0
2017-11-01,112.02999877929688,112.31999969482422,111.9800033569336,112.08999633789062,531800.0
2017-11-02,112.2699966430664,112.7300033569336,112.2699966430664,112.5,336200.0
2017-11-03,112.38999938964844,112.44000244140625,111.88999938964844,111.95999908447266,678900.0
2017-11-06,111.76000213623047,112.05000305175781,111.72000122070312,111.9800033569336,227300.0
2017-11-07,111.66000366210938,111.81999969482422,111.54000091552734,111.79000091552734,101500.0
2017-11-08,111.8499984741211,111.91999816894531,111.72000122070312,111.87000274658203,181200.0
2017-11-09,111.94999694824219,112.4000015258789,111.94999694824219,112.31999969482422,483500.0
2017-11-10,112.43000030517578,112.61000061035156,112.38999938964844,112.5199966430664,236400.0
2017-11-13,112.51000213623047,112.56999969482422,112.41999816894531,112.55000305175781,113400.0
2017-11-14,113.37999725341797,113.83999633789062,113.27999877929688,113.75,808900.0
2017-11-15,113.94000244140625,114.06999969482422,113.69999694824219,113.73999786376953,293800.0
2017-11-16,113.55999755859375,113.62999725341797,113.41000366210938,113.5,314900.0
2017-11-17,113.77999877929688,113.83999633789062,113.58000183105469,113.75,276900.0
2017-11-20,113.47000122070312,113.55000305175781,113.0999984741211,113.12000274658203,326200.0
2017-11-21,113.06999969482422,113.31999969482422,113.05999755859375,113.19000244140625,248300.0
2017-11-22,113.47000122070312,114.04000091552734,113.47000122070312,113.9800033569336,277600.0
2017-11-24,114.83000183105469,115.16000366210938,114.80999755859375,114.98999786376953,406700.0
2017-11-27,115.22000122070312,115.27999877929688,114.69000244140625,114.7300033569336,222500.0
2017-11-28,114.58999633789062,114.61000061035156,114.02999877929688,114.16000366210938,250400.0
2017-11-29,114.11000061035156,114.38999938964844,114.05000305175781,114.25,131900.0
2017-11-30,114.51000213623047,115.02999877929688,114.51000213623047,114.7300033569336,330500.0
2017-12-01,114.41000366210938,115.04000091552734,114.26000213623047,114.63999938964844,235200.0
2017-12-04,114.16999816894531,114.31999969482422,114.04000091552734,114.29000091552734,168400.0
2017-12-05,113.95999908447266,114.12000274658203,113.76000213623047,113.95999908447266,383700.0
2017-12-06,113.76000213623047,113.80999755859375,113.58000183105469,113.69000244140625,188600.0
2017-12-07,113.62999725341797,113.88999938964844,113.48999786376953,113.51000213623047,172900.0
2017-12-08,113.38999938964844,113.4800033569336,113.25,113.41000366210938,289600.0
2017-12-11,113.5999984741211,113.8499984741211,113.45999908447266,113.47000122070312,232000.0
2017-12-12,113.1500015258789,113.2300033569336,112.94999694824219,113.2300033569336,288700.0
2017-12-13,113.36000061035156,113.98999786376953,113.23999786376953,113.9800033569336,812600.0
2017-12-14,113.73999786376953,113.8499984741211,113.44999694824219,113.5999984741211,1279800.0
2017-12-15,113.55999755859375,113.58999633789062,113.2699966430664,113.27999877929688,551900.0
2017-12-18,113.75,114.04000091552734,113.4800033569336,113.55000305175781,475500.0
2017-12-19,113.87999725341797,114.18000030517578,113.76000213623047,114.11000061035156,254300.0
2017-12-20,114.19000244140625,114.66000366210938,114.13999938964844,114.4800033569336,199200.0
2017-12-21,114.30999755859375,114.45999908447266,114.23999786376953,114.43000030517578,93200.0
2017-12-22,114.20999908447266,114.2699966430664,113.97000122070312,114.23999786376953,304100.0
2017-12-26,114.3499984741211,114.44999694824219,114.27999877929688,114.30999755859375,131100.0
2017-12-27,114.66000366210938,114.73999786376953,114.54000091552734,114.58999633789062,101200.0
2017-12-28,115.06999969482422,115.2300033569336,115.0,115.06999969482422,253400.0
2017-12-29,115.48999786376953,115.8499984741211,115.48999786376953,115.61000061035156,220000.0
2018-01-02,116.08999633789062,116.19999694824219,115.87000274658203,116.19999694824219,415200.0
2018-01-03,115.8499984741211,115.91000366210938,115.62999725341797,115.70999908447266,388100.0
2018-01-04,116.19999694824219,116.44000244140625,116.19000244140625,116.29000091552734,530100.0
2018-01-05,115.87000274658203,116.08999633789062,115.80000305175781,115.97000122070312,329700.0
2018-01-08,115.33999633789062,115.41999816894531,115.19999694824219,115.2699966430664,1238800.0
2018-01-09,114.93000030517578,115.0199966430664,114.81999969482422,114.98999786376953,649900.0
2018-01-10,115.58000183105469,115.58000183105469,115.04000091552734,115.19999694824219,329600.0
2018-01-11,115.94999694824219,116.13999938964844,115.81999969482422,115.9000015258789,1441700.0
2018-01-12,116.94999694824219,117.4000015258789,116.76000213623047,117.4000015258789,1324000.0
2018-01-16,117.55999755859375,118.27999877929688,117.5,118.16000366210938,1259000.0
2018-01-17,117.72000122070312,118.33999633789062,117.5999984741211,117.6500015258789,388200.0
2018-01-18,117.94000244140625,118.12000274658203,117.75,117.87000274658203,163400.0
2018-01-19,117.91999816894531,118.04000091552734,117.69000244140625,117.70999908447266,659800.0
2018-01-22,117.95999908447266,118.06999969482422,117.72000122070312,118.02999877929688,215500.0
2018-01-23,118.08000183105469,118.4800033569336,118.08000183105469,118.4000015258789,465100.0
2018-01-24,119.2300033569336,119.55999755859375,119.19999694824219,119.41999816894531,488900.0
2018-01-25,120.19000244140625,120.6500015258789,119.06999969482422,119.45999908447266,1372900.0
2018-01-26,119.5999984741211,119.87000274658203,119.47000122070312,119.58999633789062,722000.0
2018-01-29,119.0,119.30000305175781,118.80000305175781,119.22000122070312,526700.0
2018-01-30,119.83999633789062,119.87000274658203,119.2300033569336,119.3499984741211,174200.0
2018-01-31,119.91000366210938,120.08999633789062,119.29000091552734,119.58000183105469,415000.0
2018-02-01,119.83000183105469,120.56999969482422,119.7699966430664,120.47000122070312,404200.0
2018-02-02,119.95999908447266,120.26000213623047,119.4800033569336,120.0,272100.0
2018-02-05,119.56999969482422,119.66000366210938,119.2699966430664,119.29000091552734,530900.0
2018-02-06,118.75,119.38999938964844,118.55999755859375,119.11000061035156,214700.0
2018-02-07,118.7699966430664,118.8499984741211,117.91999816894531,118.05999755859375,315700.0
2018-02-08,118.31999969482422,118.31999969482422,117.79000091552734,117.88999938964844,225200.0
2018-02-09,117.88999938964844,118.01000213623047,117.51000213623047,117.79000091552734,119300.0
2018-02-12,117.95999908447266,118.37999725341797,117.94000244140625,118.29000091552734,300600.0
2018-02-13,118.8499984741211,119.08000183105469,118.83999633789062,118.91999816894531,200000.0
2018-02-14,118.56999969482422,119.9800033569336,118.54000091552734,119.95999908447266,515700.0
2018-02-15,120.1500015258789,120.37999725341797,119.9000015258789,120.33000183105469,178900.0
2018-02-16,119.69000244140625,119.9000015258789,119.2699966430664,119.4000015258789,330700.0
2018-02-20,118.91000366210938,118.94000244140625,118.62000274658203,118.7300033569336,387500.0
2018-02-21,118.66999816894531,118.9000015258789,118.20999908447266,118.30000305175781,466800.0
2018-02-22,118.61000061035156,118.87000274658203,118.52999877929688,118.61000061035156,218400.0
2018-02-23,118.3499984741211,118.5,118.25,118.33000183105469,145700.0
2018-02-26,118.4000015258789,118.5199966430664,118.19999694824219,118.4800033569336,191000.0
2018-02-27,118.29000091552734,118.29000091552734,117.61000061035156,117.72000122070312,270300.0
2018-02-28,117.61000061035156,117.66000366210938,117.30000305175781,117.41000366210938,157700.0
2018-03-01,117.16000366210938,118.05999755859375,116.8499984741211,117.97000122070312,560300.0
2018-03-02,118.5999984741211,118.66999816894531,118.33000183105469,118.61000061035156,216100.0
2018-03-05,118.5,118.77999877929688,118.4000015258789,118.66999816894531,253200.0
2018-03-06,119.19999694824219,119.45999908447266,119.16000366210938,119.29000091552734,245100.0
2018-03-07,119.43000030517578,119.44999694824219,119.16000366210938,119.38999938964844,186000.0
2018-03-08,119.08999633789062,119.08999633789062,118.30000305175781,118.45999908447266,325800.0
2018-03-09,118.30000305175781,118.62999725341797,118.27999877929688,118.38999938964844,115000.0
2018-03-12,118.30000305175781,118.7300033569336,118.2699966430664,118.68000030517578,165400.0
2018-03-13,118.91000366210938,119.33000183105469,118.70999908447266,119.11000061035156,206600.0
2018-03-14,118.94000244140625,119.05999755859375,118.7699966430664,118.98999786376953,254800.0
2018-03-15,118.69999694824219,118.73999786376953,118.30000305175781,118.31999969482422,254600.0
2018-03-16,118.26000213623047,118.2699966430664,117.91000366210938,118.16999816894531,221200.0
2018-03-19,118.4000015258789,118.83000183105469,118.37999725341797,118.6500015258789,191800.0
2018-03-20,118.08000183105469,118.1500015258789,117.76000213623047,117.77999877929688,360100.0
2018-03-21,118.1500015258789,118.73999786376953,117.81999969482422,118.7300033569336,221500.0
2018-03-22,118.37999725341797,118.5199966430664,118.16000366210938,118.44999694824219,279900.0
2018-03-23,118.62999725341797,118.9800033569336,118.61000061035156,118.91000366210938,149700.0
2018-03-26,119.44000244140625,119.80999755859375,119.44000244140625,119.72000122070312,555000.0
2018-03-27,119.06999969482422,119.38999938964844,119.06999969482422,119.22000122070312,323500.0
2018-03-28,118.80000305175781,118.8499984741211,118.27999877929688,118.30999755859375,642300.0
2018-03-29,118.5,118.61000061035156,118.12999725341797,118.33000183105469,111900.0
2018-04-02,118.70999908447266,118.70999908447266,118.0999984741211,118.33000183105469,230600.0
2018-04-03,117.87999725341797,118.02999877929688,117.8499984741211,117.93000030517578,152700.0
2018-04-04,118.19999694824219,118.33999633789062,118.0199966430664,118.08000183105469,218000.0
2018-04-05,117.79000091552734,117.88999938964844,117.48999786376953,117.6500015258789,868700.0
2018-04-06,118.0199966430664,118.16999816894531,117.87000274658203,118.0999984741211,245600.0
2018-04-09,118.41999816894531,118.55000305175781,118.33999633789062,118.44999694824219,148900.0
2018-04-10,118.80999755859375,118.88999938964844,118.51000213623047,118.75,287600.0
2018-04-11,118.94000244140625,119.12999725341797,118.7300033569336,118.86000061035156,509400.0
2018-04-12,118.31999969482422,118.62999725341797,118.25,118.51000213623047,174400.0
2018-04-13,118.44999694824219,118.6500015258789,118.43000030517578,118.58999633789062,66200.0
2018-04-16,119.0999984741211,119.12000274658203,118.83999633789062,118.94000244140625,169500.0
2018-04-17,118.69000244140625,118.91999816894531,118.58000183105469,118.91999816894531,66200.0
2018-04-18,119.01000213623047,119.1500015258789,118.9000015258789,118.91999816894531,133800.0
2018-04-19,119.0,119.0,118.48999786376953,118.69000244140625,111700.0
2018-04-20,118.05000305175781,118.20999908447266,117.7300033569336,118.05000305175781,479500.0
2018-04-23,117.56999969482422,117.61000061035156,117.23999786376953,117.33999633789062,179200.0
2018-04-24,117.41000366210938,117.68000030517578,117.33999633789062,117.55999755859375,195800.0
2018-04-25,117.08999633789062,117.20999908447266,116.94999694824219,116.9800033569336,272600.0
2018-04-26,117.27999877929688,117.27999877929688,116.26000213623047,116.33999633789062,234700.0
2018-04-27,116.12999725341797,116.58999633789062,116.0199966430664,116.55999755859375,120100.0
2018-04-30,116.0,116.30000305175781,115.93000030517578,116.04000091552734,222900.0
2018-05-01,115.5,115.51000213623047,115.1500015258789,115.2699966430664,315200.0
2018-05-02,115.27999877929688,115.52999877929688,114.72000122070312,114.75,524800.0
2018-05-03,115.08000183105469,115.33999633789062,114.83999633789062,115.16000366210938,324200.0
2018-05-04,114.5199966430664,114.95999908447266,114.47000122070312,114.88999938964844,289600.0
2018-05-07,114.5,114.66999816894531,114.37000274658203,114.55999755859375,299000.0
2018-05-08,113.91000366210938,114.19000244140625,113.72000122070312,113.9800033569336,396100.0
2018-05-09,114.08999633789062,114.18000030517578,113.77999877929688,113.83999633789062,261900.0
2018-05-10,114.62000274658203,114.75,114.11000061035156,114.56999969482422,372600.0
2018-05-11,114.86000061035156,114.94999694824219,114.63999938964844,114.7300033569336,148100.0
2018-05-14,115.19999694824219,115.20999908447266,114.62000274658203,114.66000366210938,1496200.0
2018-05-15,113.72000122070312,114.05000305175781,113.52999877929688,113.7300033569336,364000.0
2018-05-16,113.33000183105469,113.5199966430664,113.13999938964844,113.37000274658203,328500.0
2018-05-17,113.33999633789062,113.4000015258789,113.19999694824219,113.30000305175781,68800.0
2018-05-18,112.94000244140625,113.20999908447266,112.8499984741211,113.02999877929688,125200.0
2018-05-21,113.06999969482422,113.22000122070312,112.79000091552734,113.19999694824219,188200.0
2018-05-22,113.20999908447266,113.2699966430664,113.05000305175781,113.1500015258789,155600.0
2018-05-23,112.47000122070312,112.54000091552734,112.16000366210938,112.41000366210938,596000.0
2018-05-24,112.55999755859375,112.83999633789062,112.5,112.58000183105469,189400.0
2018-05-25,111.91000366210938,112.12999725341797,111.8499984741211,111.98999786376953,442900.0
2018-05-29,111.02999877929688,111.29000091552734,110.62999725341797,110.7699966430664,524000.0
2018-05-30,111.61000061035156,112.08999633789062,111.3499984741211,111.97000122070312,546800.0
2018-05-31,111.94000244140625,112.30999755859375,111.77999877929688,112.23999786376953,495800.0
2018-06-01,112.16999816894531,112.16999816894531,111.55000305175781,111.88999938964844,515500.0
2018-06-04,112.43000030517578,112.56999969482422,112.11000061035156,112.30000305175781,211300.0
2018-06-05,112.05999755859375,112.62999725341797,111.87999725341797,112.45999908447266,381600.0
2018-06-06,113.0199966430664,113.25,112.93000030517578,113.01000213623047,541800.0
2018-06-07,113.52999877929688,113.56999969482422,113.26000213623047,113.26000213623047,333400.0
2018-06-08,112.9800033569336,113.05999755859375,112.83000183105469,112.95999908447266,245000.0
2018-06-11,113.27999877929688,113.4000015258789,113.08999633789062,113.12000274658203,158200.0
2018-06-12,113.18000030517578,113.2300033569336,112.62999725341797,112.80999755859375,147800.0
2018-06-13,113.05999755859375,113.2699966430664,112.58000183105469,113.16999816894531,303500.0
2018-06-14,112.12000274658203,112.16999816894531,111.19000244140625,111.19000244140625,949400.0
2018-06-15,111.54000091552734,111.58999633789062,111.30999755859375,111.47000122070312,639800.0
2018-06-18,111.31999969482422,111.54000091552734,111.31999969482422,111.5,91900.0
2018-06-19,111.0199966430664,111.19000244140625,110.9000015258789,111.13999938964844,143800.0
2018-06-20,111.16999816894531,111.2699966430664,111.0199966430664,111.1500015258789,156700.0
2018-06-21,111.23999786376953,111.5999984741211,111.0999984741211,111.44000244140625,296700.0
2018-06-22,111.93000030517578,111.95999908447266,111.5199966430664,111.9000015258789,95700.0
2018-06-25,112.1500015258789,112.4000015258789,112.0199966430664,112.27999877929688,242300.0
2018-06-26,111.95999908447266,112.05000305175781,111.66999816894531,111.73999786376953,150900.0
2018-06-27,111.4000015258789,111.41999816894531,110.76000213623047,110.87999725341797,165800.0
2018-06-28,110.97000122070312,111.26000213623047,110.87000274658203,110.97000122070312,182300.0
2018-06-29,111.70999908447266,112.0999984741211,111.58000183105469,112.05999755859375,273200.0
2018-07-02,111.43000030517578,111.52999877929688,111.2300033569336,111.47000122070312,87700.0
2018-07-03,111.7699966430664,111.91999816894531,111.7300033569336,111.80000305175781,31100.0
2018-07-05,112.2300033569336,112.31999969482422,112.0,112.18000030517578,109600.0
2018-07-06,112.81999969482422,112.91000366210938,112.58999633789062,112.68000030517578,200300.0
2018-07-09,112.97000122070312,112.97000122070312,112.56999969482422,112.68000030517578,180900.0
2018-07-10,112.38999938964844,112.69000244140625,112.29000091552734,112.69000244140625,74200.0
2018-07-11,112.70999908447266,112.75,111.91000366210938,111.95999908447266,122600.0
2018-07-12,112.02999877929688,112.16000366210938,111.93000030517578,111.98999786376953,92300.0
2018-07-13,111.66999816894531,112.06999969482422,111.66000366210938,112.05000305175781,99200.0
2018-07-16,112.18000030517578,112.41000366210938,112.18000030517578,112.31999969482422,90600.0
2018-07-17,112.19999694824219,112.25,111.72000122070312,111.87000274658203,57300.0
2018-07-18,111.56999969482422,111.8499984741211,111.5,111.66000366210938,107000.0
2018-07-19,111.19999694824219,111.98999786376953,111.19999694824219,111.5999984741211,271800.0
2018-07-20,112.3499984741211,112.56999969482422,112.22000122070312,112.47000122070312,235700.0
2018-07-23,112.33999633789062,112.33999633789062,112.05999755859375,112.1500015258789,237900.0
2018-07-24,112.13999938964844,112.37000274658203,111.97000122070312,112.08000183105469,69000.0
2018-07-25,112.2699966430664,112.56999969482422,111.87000274658203,112.5,84500.0
2018-07-26,112.01000213623047,112.06999969482422,111.63999938964844,111.66999816894531,143700.0
2018-07-27,111.73999786376953,111.86000061035156,111.69999694824219,111.80000305175781,78900.0
2018-07-30,112.13999938964844,112.36000061035156,112.12000274658203,112.20999908447266,155200.0
2018-07-31,112.31999969482422,112.4000015258789,112.08000183105469,112.0999984741211,79100.0
2018-08-01,112.02999877929688,112.05999755859375,111.77999877929688,111.83000183105469,42200.0
2018-08-02,111.4800033569336,111.51000213623047,111.06999969482422,111.12999725341797,143700.0
2018-08-03,110.94000244140625,111.25,110.83999633789062,110.94999694824219,106300.0
2018-08-06,110.72000122070312,110.9000015258789,110.6500015258789,110.77999877929688,160700.0
2018-08-07,111.18000030517578,111.2699966430664,111.06999969482422,111.18000030517578,60100.0
2018-08-08,111.16000366210938,111.38999938964844,111.08999633789062,111.33999633789062,96400.0
2018-08-09,111.12999725341797,111.16000366210938,110.48999786376953,110.54000091552734,111600.0
2018-08-10,109.44999694824219,109.73999786376953,109.18000030517578,109.30000305175781,338700.0
2018-08-13,109.56999969482422,109.58000183105469,109.1500015258789,109.23999786376953,237600.0
2018-08-14,109.19999694824219,109.22000122070312,108.61000061035156,108.76000213623047,325200.0
2018-08-15,108.44999694824219,108.83000183105469,108.31999969482422,108.75,139700.0
2018-08-16,109.05999755859375,109.36000061035156,108.80999755859375,109.01000213623047,88100.0
2018-08-17,109.33000183105469,109.69999694824219,109.27999877929688,109.68000030517578,202300.0
2018-08-20,109.61000061035156,110.01000213623047,109.5199966430664,109.97000122070312,475800.0
2018-08-21,110.38999938964844,111.16999816894531,110.31999969482422,110.87000274658203,306500.0
2018-08-22,111.18000030517578,111.3499984741211,110.97000122070312,111.23999786376953,94000.0
2018-08-23,110.83999633789062,111.05999755859375,110.51000213623047,110.58999633789062,202500.0
2018-08-24,111.1500015258789,111.54000091552734,111.04000091552734,111.41999816894531,159300.0
2018-08-27,111.58000183105469,112.05000305175781,111.58000183105469,111.94999694824219,137200.0
2018-08-28,112.33999633789062,112.41999816894531,112.02999877929688,112.02999877929688,149900.0
2018-08-29,111.86000061035156,112.16999816894531,111.83000183105469,112.13999938964844,62900.0
2018-08-30,111.73999786376953,111.9000015258789,111.55000305175781,111.87999725341797,162600.0
2018-08-31,111.41999816894531,111.62999725341797,111.0199966430664,111.20999908447266,184900.0
2018-09-04,110.62999725341797,111.01000213623047,110.4800033569336,110.98999786376953,350200.0
2018-09-05,111.41999816894531,111.45999908447266,111.22000122070312,111.44999694824219,95900.0
2018-09-06,111.4000015258789,111.54000091552734,111.19999694824219,111.37000274658203,80200.0
2018-09-07,110.83000183105469,111.05999755859375,110.66999816894531,110.7300033569336,125400.0
2018-09-10,111.12999725341797,111.25,111.08000183105469,111.0999984741211,65500.0
2018-09-11,110.94999694824219,111.12000274658203,110.9000015258789,111.05000305175781,69400.0
2018-09-12,111.08999633789062,111.5999984741211,111.04000091552734,111.38999938964844,205200.0
2018-09-13,111.98999786376953,112.08999633789062,111.79000091552734,111.9800033569336,155700.0
2018-09-14,111.80000305175781,111.80000305175781,111.31999969482422,111.37000274658203,225300.0
2018-09-17,111.91999816894531,112.05000305175781,111.91000366210938,111.93000030517578,113700.0
2018-09-18,112.13999938964844,112.2300033569336,111.63999938964844,111.79000091552734,80200.0
2018-09-19,111.80999755859375,111.9800033569336,111.5999984741211,111.83000183105469,51400.0
2018-09-20,112.69000244140625,112.87999725341797,112.44000244140625,112.80999755859375,539700.0
2018-09-21,112.44999694824219,112.70999908447266,112.37999725341797,112.54000091552734,454000.0
2018-09-24,113.13999938964844,113.13999938964844,112.48999786376953,112.48999786376953,194400.0
2018-09-25,112.8499984741211,112.94000244140625,112.63999938964844,112.69999694824219,111700.0
2018-09-26,112.37000274658203,112.9800033569336,112.30000305175781,112.48999786376953,89200.0
2018-09-27,111.80999755859375,112.01000213623047,111.48999786376953,111.58000183105469,297300.0
2018-09-28,110.83999633789062,111.36000061035156,110.83999633789062,111.16000366210938,145300.0
2018-10-01,111.0199966430664,111.18000030517578,110.73999786376953,110.87999725341797,77200.0
2018-10-02,110.5,110.7699966430664,110.41000366210938,110.62000274658203,126100.0
2018-10-03,110.43000030517578,110.56999969482422,110.20999908447266,110.26000213623047,262200.0
2018-10-04,110.37000274658203,110.5199966430664,110.06999969482422,110.25,140900.0
2018-10-05,110.4000015258789,110.58000183105469,110.12999725341797,110.33999633789062,231800.0
2018-10-08,109.80999755859375,110.0999984741211,109.75,110.08999633789062,127700.0
2018-10-09,109.68000030517578,110.13999938964844,109.58999633789062,110.08999633789062,191900.0
2018-10-10,110.26000213623047,110.54000091552734,110.19999694824219,110.2699966430664,97600.0
2018-10-11,110.77999877929688,111.02999877929688,110.55000305175781,110.98999786376953,270800.0
2018-10-12,110.58999633789062,110.73999786376953,110.43000030517578,110.66000366210938,140000.0
2018-10-15,110.87999725341797,111.0199966430664,110.81999969482422,110.83999633789062,101300.0
2018-10-16,111.12000274658203,111.16000366210938,110.80999755859375,110.87999725341797,49600.0
2018-10-17,110.47000122070312,110.55000305175781,110.11000061035156,110.16999816894531,113200.0
2018-10-18,110.04000091552734,110.26000213623047,109.62000274658203,109.66999816894531,440300.0
2018-10-19,109.75,110.41000366210938,109.73999786376953,110.1500015258789,352500.0
2018-10-22,109.87000274658203,109.91000366210938,109.66999816894531,109.73999786376953,48100.0
2018-10-23,109.79000091552734,109.98999786376953,109.61000061035156,109.79000091552734,133200.0
2018-10-24,109.11000061035156,109.19000244140625,108.94000244140625,109.0999984741211,168900.0
2018-10-25,109.02999877929688,109.02999877929688,108.69999694824219,108.8499984741211,256200.0
2018-10-26,108.63999938964844,109.26000213623047,108.63999938964844,109.16999816894531,302100.0
2018-10-29,108.91000366210938,109.08000183105469,108.80000305175781,108.97000122070312,132900.0
2018-10-30,108.83999633789062,108.91999816894531,108.55000305175781,108.58999633789062,242000.0
2018-10-31,108.2699966430664,108.56999969482422,108.18000030517578,108.41000366210938,435400.0
2018-11-01,108.98999786376953,109.30999755859375,108.94999694824219,109.19999694824219,288100.0
2018-11-02,109.16999816894531,109.37999725341797,108.83000183105469,109.02999877929688,459600.0
2018-11-05,108.9800033569336,109.30000305175781,108.9800033569336,109.18000030517578,296200.0
2018-11-06,109.33999633789062,109.33999633789062,109.1500015258789,109.25,141400.0
2018-11-07,109.81999969482422,109.9000015258789,109.41999816894531,109.47000122070312,169100.0
2018-11-08,109.41999816894531,109.51000213623047,108.62000274658203,108.69000244140625,207100.0
2018-11-09,108.61000061035156,108.68000030517578,108.27999877929688,108.47000122070312,204400.0
2018-11-12,107.79000091552734,107.83000183105469,107.47000122070312,107.47000122070312,213600.0
2018-11-13,107.83000183105469,108.04000091552734,107.66999816894531,107.95999908447266,473700.0
2018-11-14,108.05000305175781,108.55000305175781,107.9000015258789,108.31999969482422,891700.0
2018-11-15,108.12000274658203,108.66999816894531,108.05999755859375,108.41999816894531,494400.0
2018-11-16,109.1500015258789,109.23999786376953,108.97000122070312,109.19999694824219,306300.0
2018-11-19,109.37000274658203,109.66000366210938,109.30000305175781,109.55000305175781,291300.0
2018-11-20,109.04000091552734,109.16999816894531,108.66000366210938,108.75,346600.0
2018-11-21,109.06999969482422,109.19999694824219,108.87999725341797,108.88999938964844,244300.0
2018-11-23,108.58000183105469,108.6500015258789,108.38999938964844,108.41999816894531,215000.0
2018-11-26,108.58999633789062,108.62999725341797,108.31999969482422,108.37999725341797,157600.0
2018-11-27,108.33000183105469,108.33999633789062,107.86000061035156,108.04000091552734,224400.0
2018-11-28,107.88999938964844,108.9000015258789,107.76000213623047,108.72000122070312,771300.0
2018-11-29,108.7699966430664,108.9800033569336,108.66000366210938,108.91000366210938,346100.0
2018-11-30,108.58999633789062,108.5999984741211,108.11000061035156,108.2699966430664,280400.0
2018-12-03,108.47000122070312,108.66000366210938,108.38999938964844,108.4800033569336,240000.0
2018-12-04,108.98999786376953,108.98999786376953,108.23999786376953,108.41000366210938,300500.0
2018-12-06,108.80999755859375,109.12000274658203,108.61000061035156,108.87000274658203,426700.0
2018-12-07,108.86000061035156,109.22000122070312,108.80000305175781,109.11000061035156,292000.0
2018-12-10,109.01000213623047,109.12999725341797,108.5199966430664,108.55999755859375,310300.0
2018-12-11,108.38999938964844,108.4800033569336,108.11000061035156,108.29000091552734,195600.0
2018-12-12,108.5,108.87000274658203,108.4800033569336,108.70999908447266,226700.0
2018-12-13,108.5,108.70999908447266,108.33999633789062,108.6500015258789,343200.0
2018-12-14,107.76000213623047,108.11000061035156,107.76000213623047,108.0199966430664,177800.0
2018-12-17,108.41000366210938,108.61000061035156,108.31999969482422,108.4800033569336,223300.0
2018-12-18,108.73999786376953,108.73999786376953,108.5199966430664,108.63999938964844,130100.0
2018-12-19,109.11000061035156,109.37000274658203,108.6500015258789,108.7300033569336,662000.0
2018-12-20,109.44000244140625,109.77999877929688,109.01000213623047,109.54000091552734,417700.0
2018-12-21,109.16000366210938,109.16999816894531,108.55000305175781,108.58000183105469,761100.0
2018-12-24,109.16000366210938,109.33000183105469,108.97000122070312,109.06999969482422,375800.0
2018-12-26,108.7699966430664,109.11000061035156,108.43000030517578,108.5199966430664,223000.0
2018-12-27,108.88999938964844,109.48999786376953,108.88999938964844,109.36000061035156,263500.0
2018-12-28,109.48999786376953,109.5999984741211,109.26000213623047,109.37000274658203,181700.0
2018-12-31,109.29000091552734,109.52999877929688,109.19999694824219,109.4800033569336,174800.0
2019-01-02,108.75,108.75,108.23999786376953,108.44000244140625,244300.0
2019-01-03,108.6500015258789,109.04000091552734,108.58999633789062,108.91000366210938,402500.0
2019-01-04,108.41000366210938,109.08999633789062,108.41000366210938,108.93000030517578,386500.0
2019-01-07,109.45999908447266,109.70999908447266,109.44000244140625,109.6500015258789,282000.0
2019-01-08,109.2699966430664,109.4800033569336,109.18000030517578,109.30999755859375,170000.0
2019-01-09,109.55000305175781,110.41999816894531,109.55000305175781,110.41000366210938,300500.0
2019-01-10,110.0,110.1500015258789,109.73999786376953,109.88999938964844,272900.0
2019-01-11,109.68000030517578,109.76000213623047,109.47000122070312,109.5199966430664,159300.0
2019-01-14,109.37999725341797,109.68000030517578,109.37999725341797,109.55999755859375,103300.0
2019-01-15,109.20999908447266,109.41000366210938,108.73999786376953,109.05000305175781,397900.0
2019-01-16,108.9000015258789,109.0,108.80999755859375,108.81999969482422,119300.0
2019-01-17,108.8499984741211,108.88999938964844,108.62000274658203,108.80999755859375,187800.0
2019-01-18,108.91000366210938,108.91000366210938,108.45999908447266,108.58000183105469,151800.0
2019-01-22,108.29000091552734,108.62999725341797,108.29000091552734,108.44000244140625,119100.0
2019-01-23,108.38999938964844,108.81999969482422,108.38999938964844,108.70999908447266,88900.0
2019-01-24,108.66000366210938,108.69000244140625,107.83000183105469,108.0199966430664,269700.0
2019-01-25,108.5199966430664,109.05000305175781,108.5199966430664,109.0199966430664,219200.0
2019-01-28,108.87999725341797,109.27999877929688,108.87999725341797,109.16000366210938,138500.0
2019-01-29,109.05999755859375,109.26000213623047,109.0,109.19999694824219,108400.0
2019-01-30,109.08000183105469,109.83000183105469,108.97000122070312,109.62999725341797,510500.0
2019-01-31,109.66999816894531,109.72000122070312,109.20999908447266,109.30999755859375,189900.0
2019-02-01,109.47000122070312,109.69999694824219,109.31999969482422,109.41999816894531,140500.0
2019-02-04,109.33999633789062,109.33999633789062,109.11000061035156,109.18000030517578,83700.0
2019-02-05,109.19000244140625,109.19000244140625,108.87999725341797,109.0199966430664,315200.0
2019-02-06,108.83999633789062,108.83999633789062,108.5199966430664,108.55999755859375,213300.0
2019-02-07,108.4000015258789,108.48999786376953,108.29000091552734,108.29000091552734,71900.0
2019-02-08,108.41999816894531,108.41999816894531,108.08999633789062,108.08999633789062,83000.0
2019-02-11,107.86000061035156,107.9000015258789,107.58000183105469,107.66999816894531,128100.0
2019-02-12,107.88999938964844,108.26000213623047,107.76000213623047,108.19000244140625,125300.0
2019-02-13,107.73999786376953,107.91000366210938,107.54000091552734,107.55000305175781,75200.0
2019-02-14,107.87999725341797,107.91999816894531,107.55000305175781,107.80000305175781,109200.0
2019-02-15,107.79000091552734,107.94999694824219,107.48999786376953,107.87999725341797,149400.0
2019-02-19,107.98999786376953,108.41999816894531,107.98999786376953,108.29000091552734,240600.0
2019-02-20,108.30999755859375,108.55000305175781,108.16999816894531,108.2699966430664,154200.0
2019-02-21,108.23999786376953,108.3499984741211,108.0999984741211,108.2300033569336,45600.0
2019-02-22,108.2300033569336,108.37999725341797,108.12999725341797,108.18000030517578,372800.0
2019-02-25,108.48999786376953,108.5,108.22000122070312,108.44000244140625,125900.0
2019-02-26,108.51000213623047,108.80999755859375,108.30000305175781,108.70999908447266,124400.0
2019-02-27,108.62999725341797,108.75,108.44000244140625,108.5199966430664,106700.0
2019-02-28,108.66999816894531,108.75,108.44000244140625,108.55999755859375,95300.0
2019-03-01,108.62000274658203,108.87000274658203,108.36000061035156,108.45999908447266,485300.0
2019-03-04,108.25,108.25,107.94999694824219,108.2300033569336,149500.0
2019-03-05,108.12000274658203,108.5,107.7300033569336,108.12999725341797,399800.0
2019-03-06,107.95999908447266,108.05999755859375,107.87999725341797,107.94000244140625,286100.0
2019-03-07,107.37000274658203,107.37000274658203,106.66999816894531,106.69999694824219,421600.0
2019-03-08,107.13999938964844,107.31999969482422,107.11000061035156,107.16999816894531,112600.0
2019-03-11,107.26000213623047,107.36000061035156,107.08999633789062,107.33999633789062,86900.0
2019-03-12,107.52999877929688,107.87000274658203,107.52999877929688,107.77999877929688,143000.0
2019-03-13,107.80999755859375,108.18000030517578,107.80000305175781,108.1500015258789,126300.0
2019-03-14,107.86000061035156,107.88999938964844,107.75,107.86000061035156,346900.0
2019-03-15,107.87999725341797,108.2300033569336,107.87999725341797,108.04000091552734,121000.0
2019-03-18,108.16000366210938,108.29000091552734,108.05999755859375,108.20999908447266,369000.0
2019-03-19,108.29000091552734,108.37000274658203,108.19000244140625,108.36000061035156,67000.0
2019-03-20,108.29000091552734,109.20999908447266,108.23999786376953,109.08000183105469,587000.0
2019-03-21,108.62999725341797,108.69999694824219,108.20999908447266,108.44999694824219,212300.0
2019-03-22,107.80999755859375,107.94000244140625,107.54000091552734,107.7699966430664,586200.0
2019-03-25,107.91999816894531,108.08000183105469,107.87999725341797,107.93000030517578,392200.0
2019-03-26,107.69999694824219,107.7699966430664,107.45999908447266,107.5,87300.0
2019-03-27,107.38999938964844,107.44999694824219,107.23999786376953,107.30000305175781,108700.0
2019-03-28,107.05000305175781,107.19999694824219,106.97000122070312,107.05000305175781,359600.0
2019-03-29,107.1500015258789,107.22000122070312,106.97000122070312,107.0199966430664,218400.0
2019-04-01,107.19000244140625,107.25,106.87999725341797,106.91999816894531,310200.0
2019-04-02,106.87000274658203,106.9800033569336,106.68000030517578,106.8499984741211,142100.0
2019-04-03,107.12999725341797,107.29000091552734,107.06999969482422,107.20999908447266,237900.0
2019-04-04,106.91000366210938,107.06999969482422,106.88999938964844,107.06999969482422,94000.0
2019-04-05,107.04000091552734,107.13999938964844,106.91999816894531,107.0,148100.0
2019-04-08,107.47000122070312,107.5199966430664,107.36000061035156,107.43000030517578,204900.0
2019-04-09,107.55999755859375,107.5999984741211,107.4000015258789,107.41999816894531,97800.0
2019-04-10,107.1500015258789,107.54000091552734,107.13999938964844,107.5,123400.0
2019-04-11,107.37999725341797,107.5199966430664,107.27999877929688,107.37999725341797,73000.0
2019-04-12,107.88999938964844,107.94999694824219,107.68000030517578,107.72000122070312,151000.0
2019-04-15,107.73999786376953,107.83000183105469,107.72000122070312,107.77999877929688,72900.0
2019-04-16,107.70999908447266,107.77999877929688,107.55999755859375,107.58000183105469,51800.0
2019-04-17,107.72000122070312,107.80000305175781,107.6500015258789,107.70999908447266,82000.0
2019-04-18,107.25,107.2699966430664,107.0199966430664,107.05999755859375,191500.0
2019-04-22,107.2699966430664,107.37000274658203,107.23999786376953,107.33000183105469,80700.0
2019-04-23,106.86000061035156,107.01000213623047,106.70999908447266,107.0,128700.0
2019-04-24,106.66999816894531,106.8499984741211,106.19000244140625,106.33000183105469,261100.0
2019-04-25,106.16999816894531,106.30999755859375,106.08000183105469,106.13999938964844,351800.0
2019-04-26,106.29000091552734,106.5199966430664,106.23999786376953,106.25,204000.0
2019-04-29,106.43000030517578,106.62000274658203,106.27999877929688,106.58999633789062,117200.0
2019-04-30,106.94999694824219,107.02999877929688,106.7300033569336,106.88999938964844,232100.0
2019-05-01,107.0,107.37000274658203,106.62999725341797,106.69000244140625,266600.0
2019-05-02,106.69999694824219,106.70999908447266,106.4800033569336,106.4800033569336,245200.0
2019-05-03,106.37999725341797,106.7699966430664,106.33999633789062,106.73999786376953,257700.0
2019-05-06,106.5999984741211,106.83999633789062,106.5999984741211,106.73999786376953,61200.0
2019-05-07,106.56999969482422,106.66999816894531,106.44999694824219,106.5999984741211,101600.0
2019-05-08,106.7699966430664,106.86000061035156,106.58000183105469,106.66000366210938,66400.0
2019-05-09,106.66999816894531,107.22000122070312,106.66000366210938,106.91000366210938,118200.0
2019-05-10,107.0999984741211,107.2300033569336,106.98999786376953,107.01000213623047,135000.0
2019-05-13,107.30999755859375,107.30999755859375,106.9800033569336,107.0199966430664,132300.0
2019-05-14,106.86000061035156,106.87000274658203,106.75,106.7699966430664,90700.0
2019-05-15,106.62000274658203,106.94000244140625,106.55000305175781,106.7699966430664,521400.0
2019-05-16,106.62000274658203,106.62999725341797,106.41999816894531,106.51000213623047,152800.0
2019-05-17,106.45999908447266,106.5,106.30999755859375,106.3499984741211,143000.0
2019-05-20,106.37999725341797,106.47000122070312,106.3499984741211,106.38999938964844,106400.0
2019-05-21,106.2300033569336,106.58999633789062,106.2300033569336,106.33999633789062,162900.0
2019-05-22,106.37999725341797,106.4000015258789,106.23999786376953,106.2699966430664,87900.0
2019-05-23,105.88999938964844,106.56999969482422,105.80999755859375,106.48999786376953,190000.0
2019-05-24,106.62000274658203,106.81999969482422,106.58000183105469,106.77999877929688,142200.0
2019-05-28,106.61000061035156,106.62999725341797,106.31999969482422,106.3499984741211,150000.0
2019-05-29,106.16999816894531,106.2300033569336,105.95999908447266,106.05000305175781,102100.0
2019-05-30,105.97000122070312,106.11000061035156,105.9000015258789,106.05999755859375,74900.0
2019-05-31,106.26000213623047,106.4800033569336,106.11000061035156,106.44000244140625,207700.0
2019-06-03,106.62000274658203,107.2699966430664,106.62000274658203,107.12000274658203,490900.0
2019-06-04,107.0199966430664,107.30999755859375,106.95999908447266,107.20999908447266,240800.0
2019-06-05,107.38999938964844,107.41999816894531,106.87999725341797,106.91999816894531,198900.0
2019-06-06,107.33999633789062,107.62000274658203,107.11000061035156,107.37000274658203,173400.0
2019-06-07,107.79000091552734,108.05000305175781,107.69000244140625,107.91000366210938,217900.0
2019-06-10,107.73999786376953,107.83000183105469,107.52999877929688,107.79000091552734,109600.0
2019-06-11,107.83000183105469,107.94999694824219,107.70999908447266,107.86000061035156,91400.0
2019-06-12,107.70999908447266,107.83999633789062,107.44000244140625,107.48999786376953,91400.0
2019-06-13,107.41000366210938,107.44000244140625,107.31999969482422,107.3499984741211,52200.0
2019-06-14,107.05999755859375,107.05999755859375,106.6500015258789,106.69000244140625,427800.0
2019-06-17,107.01000213623047,107.02999877929688,106.76000213623047,106.7699966430664,154500.0
2019-06-18,106.63999938964844,106.7300033569336,106.45999908447266,106.55999755859375,378400.0
2019-06-19,106.66999816894531,107.12999725341797,106.6500015258789,106.9000015258789,442000.0
2019-06-20,107.5,107.63999938964844,107.30000305175781,107.48999786376953,207700.0
2019-06-21,107.79000091552734,108.30999755859375,107.69999694824219,108.26000213623047,641300.0
2019-06-24,108.37999725341797,108.55000305175781,108.33000183105469,108.47000122070312,190200.0
2019-06-25,108.45999908447266,108.5,107.98999786376953,108.22000122070312,246400.0
2019-06-26,108.16000366210938,108.43000030517578,108.02999877929688,108.19000244140625,87900.0
2019-06-27,108.18000030517578,108.27999877929688,108.11000061035156,108.20999908447266,86000.0
2019-06-28,108.36000061035156,108.43000030517578,108.06999969482422,108.2699966430664,214800.0
2019-07-01,107.9800033569336,107.98999786376953,107.38999938964844,107.44999694824219,161500.0
2019-07-02,107.56999969482422,107.66999816894531,107.38999938964844,107.41000366210938,142900.0
2019-07-03,107.54000091552734,107.66000366210938,107.30999755859375,107.37999725341797,223100.0
2019-07-05,106.87999725341797,106.87999725341797,106.68000030517578,106.83999633789062,307100.0
2019-07-08,106.75,106.80000305175781,106.66999816894531,106.68000030517578,89200.0
2019-07-09,106.66000366210938,106.7300033569336,106.61000061035156,106.66999816894531,117800.0
2019-07-10,107.01000213623047,107.19999694824219,106.94999694824219,107.08000183105469,129100.0
2019-07-11,107.11000061035156,107.16999816894531,107.0199966430664,107.12000274658203,127600.0
2019-07-12,106.98999786376953,107.29000091552734,106.98999786376953,107.2699966430664,157500.0
2019-07-15,107.22000122070312,107.25,107.0999984741211,107.12999725341797,93500.0
2019-07-16,106.7699966430664,106.79000091552734,106.61000061035156,106.68000030517578,115300.0
2019-07-17,106.69000244140625,106.88999938964844,106.69000244140625,106.81999969482422,72400.0
2019-07-18,106.70999908447266,107.31999969482422,106.69999694824219,107.29000091552734,181900.0
2019-07-19,106.7699966430664,106.93000030517578,106.56999969482422,106.7300033569336,223100.0
2019-07-22,106.73999786376953,106.79000091552734,106.61000061035156,106.6500015258789,194100.0
2019-07-23,106.19999694824219,106.2300033569336,106.02999877929688,106.05000305175781,203900.0
2019-07-24,106.05000305175781,106.08000183105469,105.9000015258789,105.94999694824219,134100.0
2019-07-25,106.19999694824219,106.41000366210938,105.86000061035156,106.04000091552734,497700.0
2019-07-26,105.94999694824219,105.97000122070312,105.70999908447266,105.80999755859375,102800.0
2019-07-29,105.79000091552734,106.05000305175781,105.79000091552734,106.0199966430664,109400.0
2019-07-30,106.0199966430664,106.12999725341797,105.97000122070312,106.12000274658203,59800.0
2019-07-31,106.0199966430664,106.0199966430664,105.2300033569336,105.2699966430664,378000.0
2019-08-01,105.0,105.52999877929688,104.9800033569336,105.52999877929688,245000.0
2019-08-02,105.45999908447266,105.7300033569336,105.45999908447266,105.66000366210938,162100.0
2019-08-05,106.2300033569336,106.62999725341797,106.2300033569336,106.45999908447266,409700.0
2019-08-06,106.25,106.55000305175781,106.20999908447266,106.48999786376953,180500.0
2019-08-07,106.75,106.88999938964844,106.52999877929688,106.54000091552734,98600.0
2019-08-08,106.44000244140625,106.80000305175781,106.3499984741211,106.38999938964844,544800.0
2019-08-09,106.5199966430664,106.69999694824219,106.41000366210938,106.5199966430664,82100.0
2019-08-12,106.62000274658203,106.7699966430664,106.61000061035156,106.62000274658203,65100.0
2019-08-13,106.6500015258789,106.66000366210938,106.23999786376953,106.26000213623047,103300.0
2019-08-14,106.27999877929688,106.30999755859375,105.83999633789062,105.87999725341797,206000.0
2019-08-15,105.95999908447266,105.95999908447266,105.4800033569336,105.69999694824219,544600.0
2019-08-16,105.27999877929688,105.58999633789062,105.26000213623047,105.47000122070312,189500.0
2019-08-19,105.51000213623047,105.55999755859375,105.31999969482422,105.33000183105469,118000.0
2019-08-20,105.30999755859375,105.61000061035156,105.22000122070312,105.54000091552734,154300.0
2019-08-21,105.55999755859375,105.61000061035156,105.36000061035156,105.41000366210938,98500.0
2019-08-22,105.4000015258789,105.51000213623047,105.26000213623047,105.36000061035156,65800.0
2019-08-23,105.30000305175781,106.04000091552734,105.0,105.91000366210938,524700.0
2019-08-26,105.75,105.75,105.4800033569336,105.48999786376953,61300.0
2019-08-27,105.51000213623047,105.56999969482422,105.38999938964844,105.43000030517578,45400.0
2019-08-28,105.37000274658203,105.37000274658203,105.2699966430664,105.30000305175781,46800.0
2019-08-29,105.16000366210938,105.44000244140625,104.97000122070312,105.11000061035156,533600.0
2019-08-30,104.94000244140625,105.02999877929688,104.22000122070312,104.5,197000.0
2019-09-03,104.0199966430664,104.31999969482422,103.86000061035156,104.2699966430664,523000.0
2019-09-04,104.66999816894531,104.91000366210938,104.66999816894531,104.87000274658203,185600.0
2019-09-05,105.26000213623047,105.37000274658203,104.86000061035156,104.91000366210938,177200.0
2019-09-06,104.95999908447266,105.06999969482422,104.79000091552734,104.80000305175781,87000.0
2019-09-09,104.98999786376953,105.16999816894531,104.9800033569336,105.0199966430664,74400.0
2019-09-10,104.91000366210938,105.02999877929688,104.8499984741211,104.93000030517578,74500.0
2019-09-11,104.48999786376953,104.6500015258789,104.41000366210938,104.6500015258789,86700.0
2019-09-12,104.41000366210938,105.3499984741211,104.29000091552734,105.16000366210938,236800.0
2019-09-13,105.22000122070312,105.33999633789062,105.13999938964844,105.2300033569336,90600.0
2019-09-16,104.69999694824219,104.73999786376953,104.45999908447266,104.58000183105469,84500.0
2019-09-17,104.80999755859375,105.20999908447266,104.72000122070312,105.18000030517578,120700.0
2019-09-18,105.0199966430664,105.1500015258789,104.6500015258789,104.83000183105469,86700.0
2019-09-19,105.11000061035156,105.1500015258789,104.88999938964844,104.94000244140625,88400.0
2019-09-20,104.68000030517578,104.7300033569336,104.5,104.69999694824219,222200.0
2019-09-23,104.37999725341797,104.5,104.3499984741211,104.47000122070312,127900.0
2019-09-24,104.48999786376953,104.70999908447266,104.44999694824219,104.66999816894531,103700.0
2019-09-25,104.3499984741211,104.37000274658203,103.91000366210938,103.98999786376953,150400.0
2019-09-26,104.08999633789062,104.18000030517578,103.6500015258789,103.73999786376953,145500.0
2019-09-27,103.80000305175781,104.0999984741211,103.80000305175781,103.94999694824219,117700.0
2019-09-30,103.5,103.66999816894531,103.4800033569336,103.55999755859375,148000.0
2019-10-01,103.4800033569336,103.93000030517578,103.41000366210938,103.91000366210938,904800.0
2019-10-02,103.91999816894531,104.1500015258789,103.91000366210938,104.12999725341797,389400.0
2019-10-03,104.0999984741211,104.5,104.05000305175781,104.23999786376953,406400.0
2019-10-04,104.11000061035156,104.37000274658203,104.11000061035156,104.31999969482422,77300.0
2019-10-07,104.41999816894531,104.4800033569336,104.19999694824219,104.2300033569336,65100.0
2019-10-08,104.26000213623047,104.27999877929688,103.94000244140625,104.05000305175781,341400.0
2019-10-09,104.27999877929688,104.31999969482422,104.19999694824219,104.23999786376953,52600.0
2019-10-10,104.6500015258789,104.69999694824219,104.5199966430664,104.55000305175781,94600.0
2019-10-11,104.98999786376953,105.05999755859375,104.7300033569336,104.87999725341797,205100.0
2019-10-14,104.70999908447266,104.77999877929688,104.63999938964844,104.72000122070312,30000.0
2019-10-15,104.44999694824219,104.88999938964844,104.38999938964844,104.77999877929688,271200.0
2019-10-16,104.88999938964844,105.2699966430664,104.87999725341797,105.19000244140625,104100.0
2019-10-17,105.62000274658203,105.70999908447266,105.51000213623047,105.6500015258789,235300.0
2019-10-18,105.81999969482422,106.04000091552734,105.7300033569336,105.98999786376953,249900.0
2019-10-21,105.94999694824219,105.97000122070312,105.7699966430664,105.86000061035156,96100.0
2019-10-22,105.77999877929688,105.88999938964844,105.5999984741211,105.70999908447266,169000.0
2019-10-23,105.58999633789062,105.7699966430664,105.52999877929688,105.69999694824219,59100.0
2019-10-24,105.69999694824219,105.69999694824219,105.33999633789062,105.4000015258789,138900.0
2019-10-25,105.36000061035156,105.36000061035156,105.13999938964844,105.19999694824219,86100.0
2019-10-28,105.2300033569336,105.41999816894531,105.2300033569336,105.41999816894531,27100.0
2019-10-29,105.36000061035156,105.52999877929688,105.31999969482422,105.5,49700.0
2019-10-30,105.47000122070312,105.86000061035156,105.2300033569336,105.81999969482422,97100.0
2019-10-31,105.8499984741211,105.93000030517578,105.69999694824219,105.87000274658203,142600.0
2019-11-01,105.8499984741211,106.05000305175781,105.79000091552734,106.02999877929688,189800.0
2019-11-04,105.94000244140625,105.97000122070312,105.5999984741211,105.63999938964844,88500.0
2019-11-05,105.29000091552734,105.30999755859375,104.41999816894531,105.05000305175781,677500.0
2019-11-06,105.19999694824219,105.19999694824219,104.83000183105469,105.04000091552734,90700.0
2019-11-07,105.0,105.01000213623047,104.75,104.86000061035156,166300.0
2019-11-08,104.62999725341797,104.70999908447266,104.58000183105469,104.61000061035156,103500.0
2019-11-11,104.70999908447266,104.77999877929688,104.69000244140625,104.72000122070312,104700.0
2019-11-12,104.56999969482422,104.5999984741211,104.41999816894531,104.51000213623047,88600.0
2019-11-13,104.43000030517578,104.52999877929688,104.37000274658203,104.4800033569336,115000.0
2019-11-14,104.4000015258789,104.66000366210938,104.33000183105469,104.5999984741211,47100.0
2019-11-15,104.70999908447266,104.91000366210938,104.70999908447266,104.91000366210938,91800.0
2019-11-18,104.94999694824219,105.22000122070312,104.94999694824219,105.0999984741211,63200.0
2019-11-19,105.08000183105469,105.16999816894531,105.06999969482422,105.08999633789062,52200.0
2019-11-20,104.97000122070312,105.12999725341797,104.91999816894531,105.08000183105469,101700.0
2019-11-21,105.06999969482422,105.13999938964844,104.86000061035156,104.91999816894531,75600.0
2019-11-22,104.9000015258789,104.9000015258789,104.5,104.58000183105469,55000.0
2019-11-25,104.43000030517578,104.5999984741211,104.41000366210938,104.47000122070312,95000.0
2019-11-26,104.45999908447266,104.5999984741211,104.41999816894531,104.58999633789062,85900.0
2019-11-27,104.37000274658203,104.41999816894531,104.29000091552734,104.36000061035156,152200.0
2019-11-29,104.27999877929688,104.5999984741211,104.26000213623047,104.51000213623047,70900.0
2019-12-02,104.70999908447266,105.18000030517578,104.70999908447266,105.13999938964844,161600.0
2019-12-03,105.08999633789062,105.22000122070312,105.06999969482422,105.08000183105469,112600.0
2019-12-04,105.33999633789062,105.43000030517578,104.9800033569336,105.05999755859375,219900.0
2019-12-05,105.26000213623047,105.33000183105469,105.18000030517578,105.30000305175781,116200.0
2019-12-06,105.04000091552734,105.04000091552734,104.70999908447266,104.9000015258789,76200.0
2019-12-09,105.01000213623047,105.0199966430664,104.8499984741211,104.91000366210938,63600.0
2019-12-10,105.06999969482422,105.2300033569336,105.0199966430664,105.19999694824219,93800.0
2019-12-11,105.20999908447266,105.68000030517578,105.12000274658203,105.61000061035156,195200.0
2019-12-12,105.66999816894531,105.69000244140625,105.30000305175781,105.55000305175781,107800.0
2019-12-13,105.8499984741211,105.86000061035156,105.36000061035156,105.41999816894531,129900.0
2019-12-16,105.72000122070312,105.79000091552734,105.58000183105469,105.6500015258789,111900.0
2019-12-17,105.7300033569336,105.77999877929688,105.66000366210938,105.69000244140625,30800.0
2019-12-18,105.47000122070312,105.55999755859375,105.3499984741211,105.41000366210938,35900.0
2019-12-19,105.44999694824219,105.51000213623047,105.30999755859375,105.4800033569336,68500.0
2019-12-20,105.11000061035156,105.11000061035156,104.91999816894531,105.01000213623047,93200.0
2019-12-23,105.06999969482422,105.18000030517578,105.05999755859375,105.13999938964844,51100.0
2019-12-24,105.01000213623047,105.12999725341797,105.01000213623047,105.08999633789062,78100.0
2019-12-26,105.20999908447266,105.30999755859375,105.16999816894531,105.25,43200.0
2019-12-27,105.76000213623047,106.05000305175781,105.75,105.93000030517578,267300.0
2019-12-30,106.12999725341797,106.33999633789062,106.0999984741211,106.16000366210938,219300.0
2019-12-31,106.47000122070312,106.47000122070312,106.29000091552734,106.30000305175781,62800.0
2020-01-02,105.94999694824219,106.16000366210938,105.80000305175781,105.8499984741211,124300.0
2020-01-03,105.66000366210938,105.95999908447266,105.66000366210938,105.79000091552734,54300.0
2020-01-06,106.0999984741211,106.0999984741211,105.9800033569336,106.05999755859375,47000.0
2020-01-07,105.75,105.75,105.5199966430664,105.5999984741211,67500.0
2020-01-08,105.44000244140625,105.45999908447266,105.2699966430664,105.29000091552734,50200.0
2020-01-09,105.25,105.29000091552734,105.1500015258789,105.2699966430664,57200.0
2020-01-10,105.12999725341797,105.4000015258789,105.12000274658203,105.36000061035156,20700.0
2020-01-13,105.37000274658203,105.58000183105469,105.37000274658203,105.54000091552734,25300.0
2020-01-14,105.2699966430664,105.48999786376953,105.2699966430664,105.41999816894531,26300.0
2020-01-15,105.72000122070312,105.7699966430664,105.58000183105469,105.6500015258789,54700.0
2020-01-16,105.66999816894531,105.66999816894531,105.43000030517578,105.54000091552734,52000.0
2020-01-17,105.16000366210938,105.19000244140625,105.05000305175781,105.11000061035156,79400.0
2020-01-21,105.23999786376953,105.2699966430664,105.02999877929688,105.05000305175781,87500.0
2020-01-22,105.05999755859375,105.08999633789062,104.87999725341797,105.06999969482422,34100.0
2020-01-23,104.87999725341797,104.88999938964844,104.56999969482422,104.75,126300.0
2020-01-24,104.55999755859375,104.55999755859375,104.4000015258789,104.44999694824219,41700.0
2020-01-27,104.41999816894531,104.41999816894531,104.30000305175781,104.37000274658203,37200.0
2020-01-28,104.20999908447266,104.4000015258789,104.19000244140625,104.38999938964844,83400.0
2020-01-29,104.11000061035156,104.37000274658203,104.11000061035156,104.26000213623047,42800.0
2020-01-30,104.41999816894531,104.52999877929688,104.33000183105469,104.5,56700.0
2020-01-31,104.68000030517578,105.04000091552734,104.68000030517578,105.04000091552734,106600.0
2020-02-03,104.79000091552734,104.79000091552734,104.5199966430664,104.69999694824219,57100.0
2020-02-04,104.5999984741211,104.5999984741211,104.48999786376953,104.55999755859375,38800.0
2020-02-05,104.22000122070312,104.2300033569336,104.11000061035156,104.16000366210938,121200.0
2020-02-06,104.1500015258789,104.1500015258789,103.87000274658203,103.94999694824219,34000.0
2020-02-07,103.76000213623047,103.91000366210938,103.62000274658203,103.6500015258789,103600.0
2020-02-10,103.48999786376953,103.55999755859375,103.30000305175781,103.31999969482422,59000.0
2020-02-11,103.33000183105469,103.41999816894531,103.31999969482422,103.4000015258789,23500.0
2020-02-12,103.29000091552734,103.29000091552734,102.87999725341797,102.9800033569336,41200.0
2020-02-13,102.77999877929688,102.83000183105469,102.61000061035156,102.66000366210938,36400.0
2020-02-14,102.7699966430664,102.81999969482422,102.58000183105469,102.61000061035156,42400.0
2020-02-18,102.1500015258789,102.45999908447266,102.13999938964844,102.20999908447266,49300.0
2020-02-19,102.16000366210938,102.3499984741211,102.06999969482422,102.33000183105469,126400.0
2020-02-20,102.36000061035156,102.43000030517578,102.08000183105469,102.16000366210938,139800.0
2020-02-21,102.33999633789062,102.83000183105469,102.31999969482422,102.70999908447266,254800.0
2020-02-24,102.52999877929688,102.88999938964844,102.5,102.70999908447266,104600.0
2020-02-25,102.63999938964844,103.05000305175781,102.56999969482422,102.9800033569336,145000.0
2020-02-26,102.83999633789062,103.1500015258789,102.73999786376953,103.0,70700.0
2020-02-27,103.87999725341797,104.1500015258789,103.76000213623047,104.02999877929688,313300.0
2020-02-28,103.83999633789062,104.5199966430664,103.66000366210938,104.5,157400.0
2020-03-02,105.25,105.80999755859375,105.18000030517578,105.36000061035156,289700.0
2020-03-03,105.25,106.05999755859375,105.22000122070312,105.80999755859375,271100.0
2020-03-04,105.0999984741211,105.43000030517578,105.0,105.41000366210938,262400.0
2020-03-05,105.94999694824219,106.2699966430664,105.69999694824219,106.2699966430664,78200.0
2020-03-06,107.36000061035156,107.41999816894531,106.83000183105469,106.98999786376953,252400.0
2020-03-09,108.41999816894531,108.56999969482422,107.80999755859375,108.36000061035156,447600.0
2020-03-10,107.5999984741211,107.69000244140625,106.70999908447266,106.91999816894531,155600.0
2020-03-11,107.26000213623047,107.37000274658203,106.48999786376953,106.62999725341797,77200.0
2020-03-12,106.2699966430664,106.37999725341797,104.62000274658203,105.80999755859375,298500.0
2020-03-13,105.0199966430664,105.30999755859375,104.62000274658203,105.16000366210938,162100.0
2020-03-16,105.12000274658203,107.30000305175781,105.02999877929688,105.70999908447266,206000.0
2020-03-17,103.83999633789062,104.2699966430664,103.6500015258789,104.08999633789062,313300.0
2020-03-18,103.23999786376953,103.3499984741211,102.11000061035156,103.12999725341797,413900.0
2020-03-19,102.38999938964844,102.38999938964844,100.80999755859375,101.01000213623047,221500.0
2020-03-20,101.11000061035156,101.68000030517578,100.63999938964844,100.9000015258789,222800.0
2020-03-23,101.72000122070312,102.38999938964844,101.43000030517578,101.43000030517578,169800.0
2020-03-24,102.62000274658203,102.62000274658203,101.63999938964844,101.91999816894531,87400.0
2020-03-25,102.37999725341797,102.98999786376953,102.0199966430664,102.95999908447266,276400.0
2020-03-26,103.68000030517578,104.55999755859375,103.5999984741211,104.55999755859375,367900.0
2020-03-27,103.66000366210938,105.20999908447266,103.5999984741211,105.16000366210938,211300.0
2020-03-30,104.30999755859375,104.51000213623047,104.12999725341797,104.5,105900.0
2020-03-31,103.66000366210938,104.31999969482422,103.48999786376953,104.30000305175781,120100.0
2020-04-01,103.37000274658203,103.58999633789062,103.12000274658203,103.52999877929688,62800.0
2020-04-02,102.75,102.9800033569336,102.3499984741211,102.61000061035156,100700.0
2020-04-03,102.0199966430664,102.3499984741211,101.91999816894531,102.29000091552734,331800.0
2020-04-06,101.91000366210938,102.2699966430664,101.87999725341797,102.0999984741211,83700.0
2020-04-07,103.18000030517578,103.33000183105469,102.93000030517578,103.12000274658203,29100.0
2020-04-08,102.94999694824219,102.94999694824219,102.61000061035156,102.62999725341797,81600.0
2020-04-09,103.41000366210938,103.5,103.23999786376953,103.37999725341797,38900.0
2020-04-13,103.12000274658203,103.26000213623047,103.01000213623047,103.20999908447266,101700.0
2020-04-14,103.55000305175781,103.86000061035156,103.55000305175781,103.86000061035156,49100.0
2020-04-15,102.77999877929688,103.37000274658203,102.73999786376953,103.13999938964844,45100.0
2020-04-16,102.80000305175781,102.87000274658203,102.25,102.54000091552734,56000.0
2020-04-17,102.69000244140625,102.94999694824219,102.69000244140625,102.76000213623047,47800.0
2020-04-20,102.66000366210938,102.88999938964844,102.61000061035156,102.61000061035156,61700.0
2020-04-21,102.37000274658203,102.81999969482422,102.37000274658203,102.6500015258789,35100.0
2020-04-22,102.69999694824219,102.70999908447266,102.16999816894531,102.26000213623047,58200.0
2020-04-23,101.93000030517578,102.47000122070312,101.7300033569336,101.9000015258789,274200.0
2020-04-24,102.01000213623047,102.22000122070312,101.93000030517578,102.18000030517578,64700.0
2020-04-27,102.55999755859375,102.58999633789062,102.2300033569336,102.33999633789062,31100.0
2020-04-28,102.69000244140625,102.69000244140625,102.30999755859375,102.37000274658203,119100.0
2020-04-29,102.68000030517578,102.80999755859375,102.48999786376953,102.73999786376953,83600.0
2020-04-30,102.5,103.66000366210938,102.45999908447266,103.54000091552734,180000.0
2020-05-01,103.72000122070312,104.08999633789062,103.68000030517578,103.72000122070312,104800.0
2020-05-04,103.2300033569336,103.29000091552734,102.94000244140625,102.94000244140625,71800.0
2020-05-05,102.68000030517578,102.86000061035156,102.37000274658203,102.5,205700.0
2020-05-06,102.22000122070312,102.29000091552734,101.97000122070312,101.97000122070312,75400.0
2020-05-07,101.94000244140625,102.36000061035156,101.73999786376953,102.30999755859375,223000.0
2020-05-08,102.30999755859375,102.75,102.22000122070312,102.37999725341797,41700.0
2020-05-11,102.30999755859375,102.37000274658203,102.06999969482422,102.18000030517578,31200.0
2020-05-12,102.72000122070312,102.75,102.48999786376953,102.48999786376953,25400.0
2020-05-13,102.66999816894531,102.68000030517578,102.13999938964844,102.16999816894531,84900.0
2020-05-14,101.93000030517578,102.16000366210938,101.83999633789062,102.02999877929688,32500.0
2020-05-15,102.38999938964844,102.4800033569336,102.08000183105469,102.19000244140625,31600.0
2020-05-18,102.44000244140625,103.16999816894531,102.41999816894531,103.1500015258789,89200.0
2020-05-19,103.25,103.45999908447266,103.19000244140625,103.20999908447266,103500.0
2020-05-20,103.66000366210938,103.87999725341797,103.58999633789062,103.69999694824219,153700.0
2020-05-21,103.7300033569336,103.80000305175781,103.30999755859375,103.41999816894531,46200.0
2020-05-22,102.95999908447266,103.0,102.83000183105469,102.98999786376953,106700.0
2020-05-26,103.58000183105469,103.83999633789062,103.58000183105469,103.69000244140625,55100.0
2020-05-27,103.86000061035156,104.01000213623047,103.4800033569336,103.86000061035156,66500.0
2020-05-28,104.2300033569336,104.75,104.16999816894531,104.54000091552734,104400.0
2020-05-29,104.94999694824219,105.11000061035156,104.66000366210938,104.77999877929688,149400.0
2020-06-01,104.98999786376953,105.16000366210938,104.94000244140625,105.13999938964844,75700.0
2020-06-02,105.5,105.69999694824219,105.38999938964844,105.43000030517578,68300.0
2020-06-03,105.7300033569336,106.27999877929688,105.72000122070312,106.16999816894531,199700.0
2020-06-04,106.25,107.26000213623047,106.25,106.95999908447266,128800.0
2020-06-05,106.86000061035156,106.87000274658203,106.48999786376953,106.58999633789062,108500.0
2020-06-08,106.73999786376953,106.83999633789062,106.54000091552734,106.66000366210938,73800.0
2020-06-09,106.70999908447266,107.2699966430664,106.69999694824219,107.01000213623047,111700.0
2020-06-10,107.37999725341797,107.81999969482422,106.9000015258789,107.52999877929688,141300.0
2020-06-11,107.33000183105469,107.62000274658203,106.61000061035156,106.66999816894531,108800.0
2020-06-12,106.69999694824219,106.87000274658203,105.86000061035156,106.2300033569336,87700.0
2020-06-15,106.19999694824219,106.94999694824219,106.18000030517578,106.80999755859375,192900.0
2020-06-16,106.51000213623047,106.51000213623047,105.98999786376953,106.27999877929688,152000.0
2020-06-17,106.13999938964844,106.13999938964844,105.79000091552734,106.08000183105469,134800.0
2020-06-18,105.93000030517578,106.0,105.62000274658203,105.72000122070312,67000.0
2020-06-19,106.0,106.01000213623047,105.41999816894531,105.58000183105469,168200.0
2020-06-22,105.95999908447266,106.33000183105469,105.93000030517578,106.19999694824219,174300.0
2020-06-23,106.87999725341797,107.08999633789062,106.66999816894531,106.66999816894531,83900.0
2020-06-24,106.3499984741211,106.44000244140625,106.16999816894531,106.19000244140625,54100.0
2020-06-25,105.86000061035156,105.97000122070312,105.75,105.9000015258789,81400.0
2020-06-26,105.88999938964844,106.01000213623047,105.66999816894531,105.93000030517578,62800.0
2020-06-29,106.4000015258789,106.4000015258789,105.9000015258789,106.01000213623047,52500.0
2020-06-30,105.91999816894531,106.20999908447266,105.75,105.98999786376953,74100.0
2020-07-01,105.9000015258789,106.31999969482422,105.9000015258789,106.1500015258789,97800.0
2020-07-02,106.29000091552734,106.41000366210938,105.91000366210938,106.04000091552734,108000.0
2020-07-06,106.93000030517578,107.02999877929688,106.66999816894531,106.70999908447266,58200.0
2020-07-07,106.66000366210938,106.66000366210938,106.33000183105469,106.33000183105469,33400.0
2020-07-08,106.6500015258789,107.05000305175781,106.6500015258789,106.91999816894531,50200.0
2020-07-09,107.0199966430664,107.0199966430664,106.45999908447266,106.47000122070312,32300.0
2020-07-10,106.69000244140625,106.77999877929688,106.55999755859375,106.5999984741211,51400.0
2020-07-13,106.98999786376953,107.27999877929688,106.98999786376953,107.04000091552734,68800.0
2020-07-14,107.2300033569336,107.62000274658203,107.18000030517578,107.44000244140625,78900.0
2020-07-15,107.95999908447266,108.0199966430664,107.55999755859375,107.62999725341797,88200.0
2020-07-16,107.66000366210938,107.9000015258789,107.25,107.37000274658203,69000.0
2020-07-17,107.73999786376953,107.93000030517578,107.73999786376953,107.88999938964844,76500.0
2020-07-20,107.7699966430664,107.9800033569336,107.56999969482422,107.9800033569336,101300.0
2020-07-21,107.9000015258789,108.83999633789062,107.87000274658203,108.69000244140625,185000.0
2020-07-22,109.27999877929688,109.41000366210938,109.05999755859375,109.18000030517578,130300.0
2020-07-23,109.0,109.62999725341797,108.97000122070312,109.33999633789062,130800.0
2020-07-24,109.55000305175781,109.8499984741211,109.38999938964844,109.77999877929688,261800.0
2020-07-27,110.66000366210938,111.08000183105469,110.6500015258789,110.75,594300.0
2020-07-28,110.62000274658203,110.72000122070312,110.43000030517578,110.45999908447266,468900.0
2020-07-29,110.80000305175781,111.30999755859375,110.7699966430664,111.02999877929688,220900.0
2020-07-30,111.16999816894531,111.69000244140625,111.01000213623047,111.69000244140625,248100.0
2020-07-31,111.48999786376953,111.70999908447266,110.9000015258789,111.05999755859375,264700.0
2020-08-03,110.41000366210938,110.9000015258789,110.30999755859375,110.87999725341797,320700.0
2020-08-04,110.55999755859375,111.27999877929688,110.5199966430664,111.26000213623047,318700.0
2020-08-05,111.95999908447266,112.2300033569336,111.77999877929688,111.80999755859375,319000.0
2020-08-06,111.68000030517578,112.11000061035156,111.44999694824219,111.94000244140625,143600.0
2020-08-07,110.97000122070312,111.19999694824219,110.80999755859375,111.0999984741211,280000.0
2020-08-10,110.91000366210938,111.11000061035156,110.62999725341797,110.66999816894531,134000.0
2020-08-11,110.91999816894531,111.11000061035156,110.52999877929688,110.62000274658203,120900.0
2020-08-12,111.16000366210938,111.33999633789062,110.94999694824219,111.11000061035156,64200.0
2020-08-13,111.54000091552734,111.83000183105469,111.16999816894531,111.30000305175781,82200.0
2020-08-14,111.45999908447266,111.68000030517578,111.33000183105469,111.55999755859375,82400.0
2020-08-17,111.77999877929688,111.95999908447266,111.73999786376953,111.87000274658203,95300.0
2020-08-18,112.66999816894531,112.76000213623047,112.33999633789062,112.4800033569336,200500.0
2020-08-19,112.55000305175781,112.58999633789062,111.48999786376953,111.63999938964844,146900.0
2020-08-20,111.31999969482422,111.80999755859375,111.29000091552734,111.79000091552734,68500.0
2020-08-21,111.0,111.12999725341797,110.7699966430664,111.12999725341797,198500.0
2020-08-24,111.52999877929688,111.52999877929688,111.04000091552734,111.11000061035156,207200.0
2020-08-25,111.51000213623047,111.58000183105469,111.2699966430664,111.47000122070312,326900.0
2020-08-26,111.13999938964844,111.55999755859375,111.13999938964844,111.44000244140625,137400.0
2020-08-27,111.87000274658203,111.9800033569336,110.87000274658203,111.36000061035156,300100.0
2020-08-28,112.02999877929688,112.19000244140625,111.83999633789062,112.0999984741211,117400.0
2020-08-31,112.4800033569336,112.7300033569336,112.31999969482422,112.41999816894531,112500.0
2020-09-01,113.0,113.04000091552734,112.1500015258789,112.22000122070312,227600.0
2020-09-02,111.52999877929688,111.62999725341797,111.38999938964844,111.62000274658203,147900.0
2020-09-03,111.62999725341797,111.76000213623047,111.33000183105469,111.66999816894531,256800.0
2020-09-04,111.18000030517578,111.63999938964844,110.9800033569336,111.55000305175781,240500.0
2020-09-08,110.98999786376953,111.1500015258789,110.83999633789062,110.94999694824219,87100.0
2020-09-09,111.30999755859375,111.41000366210938,111.12999725341797,111.19000244140625,87100.0
2020-09-10,112.08000183105469,112.22000122070312,111.2300033569336,111.30999755859375,75900.0
2020-09-11,111.58999633789062,111.58999633789062,111.37999725341797,111.52999877929688,40400.0
2020-09-14,111.87000274658203,111.93000030517578,111.69000244140625,111.7300033569336,36300.0
2020-09-15,111.83000183105469,111.8499984741211,111.5,111.56999969482422,34000.0
2020-09-16,111.68000030517578,111.68000030517578,111.01000213623047,111.12999725341797,68600.0
2020-09-17,111.16000366210938,111.58999633789062,111.06999969482422,111.56999969482422,31700.0
2020-09-18,111.51000213623047,111.75,111.36000061035156,111.56999969482422,100200.0
2020-09-21,110.83999633789062,110.86000061035156,110.47000122070312,110.77999877929688,105300.0
2020-09-22,110.68000030517578,110.72000122070312,110.08999633789062,110.26000213623047,132300.0
2020-09-23,110.05000305175781,110.18000030517578,109.69999694824219,109.81999969482422,134300.0
2020-09-24,109.62999725341797,110.0,109.5,109.87000274658203,135300.0
2020-09-25,109.51000213623047,109.55999755859375,109.31999969482422,109.44000244140625,131600.0
2020-09-28,109.87000274658203,109.94999694824219,109.62999725341797,109.8499984741211,75900.0
2020-09-29,110.19000244140625,110.56999969482422,110.19000244140625,110.51000213623047,124700.0
2020-09-30,110.23999786376953,110.58999633789062,110.0,110.37000274658203,100600.0
2020-10-01,110.4800033569336,110.66000366210938,110.37000274658203,110.58999633789062,67600.0
2020-10-02,110.2300033569336,110.37000274658203,110.16000366210938,110.22000122070312,57900.0
2020-10-05,110.7699966430664,111.02999877929688,110.7699966430664,110.93000030517578,199700.0
2020-10-06,111.02999877929688,111.05000305175781,110.47000122070312,110.58000183105469,159300.0
2020-10-07,110.80999755859375,110.83999633789062,110.62000274658203,110.68000030517578,310500.0
2020-10-08,110.55000305175781,110.66999816894531,110.41999816894531,110.6500015258789,309400.0
2020-10-09,111.16000366210938,111.30999755859375,111.05000305175781,111.27999877929688,231300.0
2020-10-12,111.11000061035156,111.19000244140625,111.05999755859375,111.1500015258789,173700.0
2020-10-13,110.73999786376953,110.73999786376953,110.37999725341797,110.56999969482422,261500.0
2020-10-14,110.68000030517578,110.73999786376953,110.48999786376953,110.58999633789062,286000.0
2020-10-15,110.05000305175781,110.1500015258789,109.9800033569336,110.1500015258789,362900.0
2020-10-16,110.43000030517578,110.43000030517578,110.22000122070312,110.2699966430664,331800.0
2020-10-19,110.8499984741211,110.95999908447266,110.72000122070312,110.73999786376953,153900.0
2020-10-20,111.19000244140625,111.41000366210938,111.16000366210938,111.25,314300.0
2020-10-21,111.47000122070312,111.79000091552734,111.45999908447266,111.58000183105469,352700.0
2020-10-22,111.37000274658203,111.37000274658203,111.19000244140625,111.22000122070312,252000.0
2020-10-23,111.5199966430664,111.62000274658203,111.2699966430664,111.58999633789062,92300.0
2020-10-26,111.22000122070312,111.25,111.08000183105469,111.08999633789062,45900.0
2020-10-27,111.27999877929688,111.37000274658203,111.0999984741211,111.11000061035156,110400.0
2020-10-28,110.4000015258789,110.62000274658203,110.2699966430664,110.5,345700.0
2020-10-29,110.12000274658203,110.18000030517578,109.62000274658203,109.8499984741211,281900.0
2020-10-30,109.94999694824219,109.9800033569336,109.5,109.54000091552734,257400.0
2020-11-02,109.44000244140625,109.48999786376953,109.31999969482422,109.47000122070312,219700.0
2020-11-03,110.22000122070312,110.41000366210938,110.04000091552734,110.08000183105469,45800.0
2020-11-04,109.98999786376953,110.33000183105469,109.87000274658203,110.0999984741211,183200.0
2020-11-05,111.2300033569336,111.37000274658203,110.88999938964844,111.20999908447266,93200.0
2020-11-06,111.66999816894531,111.80000305175781,111.44999694824219,111.69000244140625,85800.0
2020-11-09,112.04000091552734,112.04000091552734,110.91999816894531,111.05000305175781,172300.0
2020-11-10,111.18000030517578,111.2699966430664,110.98999786376953,111.02999877929688,48500.0
2020-11-11,110.52999877929688,110.7699966430664,110.44999694824219,110.75,44600.0
2020-11-12,110.83000183105469,111.0999984741211,110.83000183105469,111.0,34400.0
2020-11-13,111.11000061035156,111.2699966430664,111.08999633789062,111.23999786376953,47400.0
2020-11-16,111.22000122070312,111.44000244140625,111.16000366210938,111.41999816894531,25700.0
2020-11-17,111.68000030517578,111.69000244140625,111.5,111.52999877929688,37400.0
2020-11-18,111.56999969482422,111.62000274658203,111.41999816894531,111.41999816894531,27100.0
2020-11-19,111.11000061035156,111.68000030517578,111.11000061035156,111.66999816894531,31600.0
2020-11-20,111.61000061035156,111.62000274658203,111.4000015258789,111.45999908447266,17100.0
2020-11-23,111.79000091552734,111.83999633789062,110.93000030517578,111.26000213623047,366800.0
2020-11-24,111.37999725341797,111.80999755859375,111.33999633789062,111.80999755859375,181700.0
2020-11-25,111.83000183105469,112.12000274658203,111.81999969482422,112.0999984741211,50800.0
2020-11-27,112.16999816894531,112.44000244140625,112.16999816894531,112.41000366210938,65600.0
2020-11-30,112.76000213623047,112.80000305175781,112.12000274658203,112.12999725341797,54200.0
2020-12-01,112.62000274658203,113.5,112.58999633789062,113.4800033569336,86800.0
2020-12-02,113.44999694824219,113.80000305175781,113.44999694824219,113.75,44900.0
2020-12-03,114.2699966430664,114.41999816894531,114.05999755859375,114.16999816894531,111700.0
2020-12-04,114.26000213623047,114.4000015258789,113.8499984741211,114.0,69800.0
2020-12-07,114.05999755859375,114.33999633789062,113.80000305175781,113.80000305175781,67400.0
2020-12-08,113.9800033569336,114.01000213623047,113.7300033569336,113.80000305175781,110200.0
2020-12-09,113.8499984741211,113.87000274658203,113.36000061035156,113.51000213623047,48200.0
2020-12-10,113.76000213623047,114.22000122070312,113.76000213623047,114.12999725341797,42500.0
2020-12-11,113.94000244140625,113.94999694824219,113.80000305175781,113.8499984741211,29700.0
2020-12-14,114.22000122070312,114.33000183105469,113.91999816894531,114.16000366210938,54600.0
2020-12-15,114.20999908447266,114.33999633789062,114.13999938964844,114.25,85500.0
2020-12-16,114.52999877929688,114.69000244140625,113.94000244140625,114.5,83000.0
2020-12-17,115.06999969482422,115.30999755859375,114.98999786376953,115.2300033569336,91200.0
2020-12-18,115.08000183105469,115.0999984741211,114.87999725341797,115.05000305175781,50800.0
2020-12-21,114.73999786376953,115.11000061035156,114.68000030517578,114.91000366210938,80200.0
2020-12-22,114.83999633789062,114.86000061035156,114.13999938964844,114.19000244140625,84200.0
2020-12-23,114.61000061035156,114.75,114.4000015258789,114.55999755859375,58500.0
2020-12-24,114.44000244140625,114.58000183105469,114.44000244140625,114.47000122070312,25800.0
2020-12-28,114.79000091552734,114.97000122070312,114.62000274658203,114.7300033569336,36300.0
2020-12-29,115.13999938964844,115.25,114.94000244140625,115.04000091552734,52300.0
2020-12-30,115.29000091552734,115.55999755859375,115.29000091552734,115.47000122070312,52700.0
2020-12-31,115.36000061035156,115.36000061035156,114.70999908447266,114.73999786376953,94800.0
2021-01-04,115.58999633789062,115.58999633789062,114.97000122070312,115.05999755859375,100900.0
2021-01-05,115.29000091552734,115.58000183105469,115.11000061035156,115.44000244140625,55000.0
2021-01-06,115.5199966430664,115.86000061035156,115.22000122070312,115.73999786376953,114200.0
2021-01-07,115.2300033569336,115.27999877929688,115.0199966430664,115.18000030517578,59200.0
2021-01-08,115.30000305175781,115.31999969482422,114.51000213623047,114.80000305175781,76700.0
2021-01-11,114.08000183105469,114.29000091552734,113.93000030517578,114.08999633789062,185200.0
2021-01-12,114.0199966430664,114.62999725341797,114.0199966430664,114.58999633789062,77300.0
2021-01-13,114.1500015258789,114.3499984741211,113.98999786376953,114.0999984741211,74900.0
2021-01-14,113.80999755859375,114.33000183105469,113.7300033569336,114.19000244140625,220400.0
2021-01-15,113.68000030517578,113.75,113.37999725341797,113.37999725341797,113800.0
2021-01-19,113.98999786376953,113.98999786376953,113.7699966430664,113.86000061035156,94300.0
2021-01-20,113.5999984741211,113.72000122070312,113.4000015258789,113.6500015258789,61200.0
2021-01-21,114.0,114.25,113.93000030517578,114.25,87600.0
2021-01-22,114.12999725341797,114.36000061035156,114.12000274658203,114.19999694824219,87600.0
2021-01-25,113.98999786376953,114.01000213623047,113.72000122070312,113.94000244140625,123000.0
2021-01-26,114.0999984741211,114.26000213623047,113.94999694824219,114.20999908447266,147500.0
2021-01-27,113.62000274658203,113.7699966430664,113.18000030517578,113.62000274658203,153800.0
2021-01-28,113.80999755859375,113.95999908447266,113.76000213623047,113.80000305175781,27600.0
2021-01-29,114.01000213623047,114.04000091552734,113.80999755859375,113.87000274658203,110000.0
2021-02-01,113.55000305175781,113.55000305175781,113.12999725341797,113.12999725341797,79200.0
2021-02-02,113.05000305175781,113.05000305175781,112.7300033569336,112.9800033569336,168900.0
2021-02-03,112.83000183105469,112.95999908447266,112.69999694824219,112.91000366210938,93600.0
2021-02-04,112.47000122070312,112.48999786376953,112.20999908447266,112.27999877929688,167100.0
2021-02-05,112.73999786376953,113.05999755859375,112.72000122070312,113.05000305175781,112900.0
2021-02-08,113.04000091552734,113.20999908447266,112.91000366210938,113.08999633789062,57600.0
2021-02-09,113.5,113.72000122070312,113.43000030517578,113.68000030517578,59900.0
2021-02-10,113.87000274658203,113.88999938964844,113.69000244140625,113.72000122070312,73600.0
2021-02-11,113.8499984741211,113.93000030517578,113.73999786376953,113.81999969482422,77000.0
2021-02-12,113.4000015258789,113.77999877929688,113.33000183105469,113.68000030517578,70300.0
2021-02-16,113.55999755859375,113.70999908447266,113.47000122070312,113.62999725341797,128400.0
2021-02-17,112.94999694824219,113.01000213623047,112.81999969482422,112.94999694824219,169800.0
2021-02-18,113.26000213623047,113.43000030517578,113.16999816894531,113.41000366210938,89300.0
2021-02-19,113.66000366210938,113.86000061035156,113.58000183105469,113.6500015258789,73400.0
2021-02-22,113.88999938964844,114.12999725341797,113.77999877929688,113.97000122070312,58300.0
2021-02-23,113.97000122070312,114.0999984741211,113.8499984741211,113.94999694824219,23900.0
2021-02-24,113.7699966430664,114.12999725341797,113.58000183105469,114.08999633789062,64100.0
2021-02-25,114.6500015258789,114.80999755859375,114.06999969482422,114.08999633789062,186800.0
2021-02-26,113.75,113.83000183105469,113.13999938964844,113.13999938964844,209700.0
2021-03-01,113.02999877929688,113.08999633789062,112.80999755859375,112.97000122070312,149700.0
2021-03-02,112.94000244140625,113.4000015258789,112.87000274658203,113.37999725341797,64700.0
2021-03-03,113.05000305175781,113.27999877929688,112.9800033569336,113.0999984741211,76000.0
2021-03-04,112.86000061035156,112.98999786376953,112.16999816894531,112.2300033569336,142000.0
2021-03-05,111.9800033569336,111.9800033569336,111.63999938964844,111.72000122070312,161000.0
2021-03-08,111.30999755859375,111.43000030517578,111.05999755859375,111.08000183105469,112100.0
2021-03-09,111.56999969482422,111.63999938964844,111.41000366210938,111.5999984741211,102600.0
2021-03-10,111.79000091552734,111.83999633789062,111.47000122070312,111.81999969482422,96700.0
2021-03-11,112.06999969482422,112.43000030517578,111.88999938964844,112.43000030517578,65800.0
2021-03-12,111.80999755859375,112.13999938964844,111.69999694824219,112.12000274658203,60600.0
2021-03-15,111.77999877929688,111.9000015258789,111.66999816894531,111.83000183105469,40900.0
2021-03-16,111.7300033569336,111.7300033569336,111.38999938964844,111.58999633789062,84800.0
2021-03-17,111.62000274658203,112.33000183105469,111.5199966430664,112.29000091552734,174800.0
2021-03-18,111.66000366210938,111.88999938964844,111.5999984741211,111.62999725341797,97600.0
2021-03-19,111.36000061035156,111.6500015258789,111.30999755859375,111.58000183105469,79500.0
2021-03-22,111.72000122070312,111.95999908447266,111.68000030517578,111.86000061035156,37900.0
2021-03-23,111.27999877929688,111.37000274658203,111.02999877929688,111.02999877929688,64900.0
2021-03-24,110.77999877929688,110.94000244140625,110.69999694824219,110.69999694824219,72800.0
2021-03-25,110.69000244140625,110.7300033569336,110.2300033569336,110.2699966430664,76200.0
2021-03-26,110.41999816894531,110.5999984741211,110.4000015258789,110.55000305175781,37400.0
2021-03-29,110.4000015258789,110.41999816894531,110.22000122070312,110.2699966430664,43400.0
2021-03-30,109.87000274658203,109.93000030517578,109.73999786376953,109.81999969482422,43800.0
2021-03-31,109.88999938964844,110.1500015258789,109.83000183105469,109.87000274658203,76300.0
2021-04-01,110.18000030517578,110.37000274658203,110.01000213623047,110.36000061035156,44400.0
2021-04-05,110.37999725341797,110.7300033569336,110.37999725341797,110.70999908447266,75900.0
2021-04-06,110.86000061035156,111.26000213623047,110.86000061035156,111.2300033569336,236000.0
2021-04-07,111.43000030517578,111.58999633789062,111.12999725341797,111.2300033569336,100100.0
2021-04-08,111.41000366210938,111.7300033569336,111.33999633789062,111.61000061035156,55000.0
2021-04-09,111.30000305175781,111.56999969482422,111.2699966430664,111.48999786376953,41700.0
2021-04-12,111.55999755859375,111.62000274658203,111.45999908447266,111.52999877929688,42400.0
2021-04-13,111.77999877929688,111.98999786376953,111.70999908447266,111.98999786376953,53900.0
2021-04-14,112.05999755859375,112.2699966430664,111.97000122070312,112.22000122070312,48800.0
2021-04-15,112.12000274658203,112.2300033569336,112.01000213623047,112.18000030517578,82400.0
2021-04-16,112.2300033569336,112.33000183105469,111.38999938964844,112.19999694824219,289600.0
2021-04-19,112.62000274658203,112.75,112.5199966430664,112.75,338900.0
2021-04-20,112.7699966430664,112.87999725341797,112.58999633789062,112.69999694824219,44200.0
2021-04-21,112.41999816894531,112.73999786376953,112.38999938964844,112.69000244140625,29400.0
2021-04-22,112.66999816894531,112.66999816894531,112.33000183105469,112.48999786376953,212600.0
2021-04-23,112.95999908447266,113.31999969482422,112.81999969482422,113.30999755859375,116700.0
2021-04-26,113.0999984741211,113.23999786376953,112.97000122070312,113.19999694824219,210400.0
2021-04-27,113.12000274658203,113.20999908447266,113.04000091552734,113.20999908447266,43500.0
2021-04-28,113.0199966430664,113.62000274658203,112.91000366210938,113.56999969482422,73400.0
2021-04-29,113.5199966430664,113.58000183105469,113.33999633789062,113.55999755859375,50400.0
2021-04-30,113.18000030517578,113.18000030517578,112.52999877929688,112.58000183105469,155200.0
2021-05-03,112.87000274658203,113.05999755859375,112.80000305175781,112.94999694824219,65200.0
2021-05-04,112.54000091552734,112.6500015258789,112.37000274658203,112.4800033569336,71400.0
2021-05-05,112.36000061035156,112.43000030517578,111.87000274658203,112.36000061035156,19700.0
2021-05-06,112.83000183105469,113.0,112.77999877929688,112.93000030517578,45800.0
2021-05-07,113.30000305175781,113.94999694824219,113.30000305175781,113.93000030517578,152700.0
2021-05-10,113.94999694824219,114.0,113.62999725341797,113.66000366210938,39200.0
2021-05-11,113.7699966430664,113.94000244140625,113.69999694824219,113.7300033569336,36600.0
2021-05-12,113.19999694824219,113.33000183105469,112.93000030517578,113.01000213623047,61900.0
2021-05-13,113.08000183105469,113.2300033569336,112.9000015258789,113.12999725341797,23000.0
2021-05-14,113.58000183105469,113.70999908447266,113.55999755859375,113.62999725341797,72700.0
2021-05-17,113.68000030517578,113.80000305175781,113.62000274658203,113.79000091552734,29400.0
2021-05-18,114.30000305175781,114.44999694824219,114.16000366210938,114.43000030517578,66800.0
2021-05-19,114.31999969482422,114.5199966430664,113.80000305175781,113.91999816894531,118800.0
2021-05-20,114.26000213623047,114.44000244140625,114.23999786376953,114.44000244140625,41500.0
2021-05-21,114.12000274658203,114.12000274658203,113.79000091552734,114.0199966430664,42200.0
2021-05-24,114.30999755859375,114.41999816894531,114.2300033569336,114.30999755859375,25400.0
2021-05-25,114.58000183105469,114.66000366210938,114.41000366210938,114.5999984741211,72100.0
2021-05-26,114.37999725341797,114.5,113.98999786376953,114.08000183105469,40500.0
2021-05-27,114.0199966430664,114.2300033569336,113.97000122070312,114.1500015258789,35900.0
2021-05-28,113.62999725341797,114.16999816894531,113.61000061035156,114.05000305175781,41500.0
2021-06-01,114.4000015258789,114.62999725341797,114.30999755859375,114.33999633789062,48300.0
2021-06-02,114.02999877929688,114.29000091552734,114.0,114.22000122070312,41100.0
2021-06-03,113.72000122070312,113.72000122070312,113.37000274658203,113.48999786376953,43600.0
2021-06-04,113.87000274658203,113.9800033569336,113.76000213623047,113.83000183105469,53000.0
2021-06-07,113.80999755859375,114.0999984741211,113.80999755859375,114.04000091552734,27800.0
2021-06-08,113.87000274658203,114.0199966430664,113.8499984741211,113.86000061035156,15500.0
2021-06-09,114.19999694824219,114.23999786376953,113.86000061035156,113.88999938964844,15200.0
2021-06-10,113.61000061035156,113.98999786376953,113.61000061035156,113.83000183105469,35000.0
2021-06-11,113.41999816894531,113.41999816894531,113.08999633789062,113.23999786376953,65200.0
2021-06-14,113.37999725341797,113.41000366210938,113.30000305175781,113.33000183105469,30600.0
2021-06-15,113.4000015258789,113.41000366210938,113.30000305175781,113.37999725341797,13700.0
2021-06-16,113.23999786376953,113.37999725341797,112.16999816894531,112.26000213623047,100800.0
2021-06-17,111.7300033569336,111.7300033569336,111.19999694824219,111.27999877929688,121900.0
2021-06-18,111.02999877929688,111.08999633789062,110.7699966430664,110.94000244140625,159800.0
2021-06-21,111.26000213623047,111.45999908447266,111.23999786376953,111.43000030517578,71400.0
2021-06-22,111.31999969482422,111.75,111.23999786376953,111.6500015258789,31400.0
2021-06-23,111.75,111.88999938964844,111.44999694824219,111.47000122070312,22700.0
2021-06-24,111.62000274658203,111.70999908447266,111.47000122070312,111.56999969482422,14400.0
2021-06-25,111.83000183105469,111.91000366210938,111.48999786376953,111.58999633789062,49700.0
2021-06-28,111.4000015258789,111.55999755859375,111.33000183105469,111.45999908447266,35100.0
2021-06-29,111.11000061035156,111.33000183105469,111.05999755859375,111.2300033569336,52900.0
2021-06-30,110.95999908447266,110.95999908447266,110.70999908447266,110.80999755859375,32000.0
2021-07-01,110.94999694824219,110.94999694824219,110.66999816894531,110.73999786376953,40700.0
2021-07-02,110.62000274658203,110.97000122070312,110.55000305175781,110.86000061035156,91300.0
2021-07-06,110.56999969482422,110.62999725341797,110.33000183105469,110.4800033569336,31000.0
2021-07-07,110.33999633789062,110.4000015258789,110.12000274658203,110.19999694824219,30600.0
2021-07-08,110.77999877929688,110.87999725341797,110.58999633789062,110.69000244140625,56000.0
2021-07-09,110.88999938964844,110.98999786376953,110.80000305175781,110.97000122070312,51800.0
2021-07-12,110.80999755859375,110.87999725341797,110.72000122070312,110.79000091552734,20700.0
2021-07-13,110.26000213623047,110.51000213623047,109.9800033569336,109.9800033569336,46200.0
2021-07-14,110.41000366210938,110.5999984741211,110.3499984741211,110.55000305175781,30300.0
2021-07-15,110.38999938964844,110.41000366210938,110.20999908447266,110.33999633789062,12800.0
2021-07-16,110.30000305175781,110.3499984741211,110.20999908447266,110.23999786376953,21700.0
2021-07-19,110.33999633789062,110.43000030517578,110.18000030517578,110.18000030517578,29000.0
2021-07-20,109.83999633789062,110.08000183105469,109.80999755859375,110.05000305175781,24300.0
2021-07-21,109.9000015258789,110.25,109.87999725341797,110.2300033569336,21100.0
2021-07-22,110.47000122070312,110.47000122070312,109.83999633789062,109.94999694824219,18100.0
2021-07-23,109.91999816894531,109.9800033569336,109.80000305175781,109.94000244140625,55500.0
2021-07-26,110.08000183105469,110.3499984741211,110.08000183105469,110.26000213623047,31700.0
2021-07-27,110.41000366210938,110.56999969482422,110.27999877929688,110.38999938964844,24100.0
2021-07-28,110.13999938964844,110.66000366210938,110.0,110.6500015258789,37400.0
2021-07-29,110.91000366210938,111.05999755859375,110.91000366210938,111.02999877929688,67200.0
2021-07-30,110.93000030517578,110.98999786376953,110.69000244140625,110.77999877929688,74300.0
2021-08-02,110.91000366210938,111.0,110.80999755859375,110.86000061035156,24600.0
2021-08-03,110.87999725341797,110.88999938964844,110.70999908447266,110.80999755859375,24900.0
2021-08-04,111.08999633789062,111.0999984741211,110.51000213623047,110.5199966430664,35400.0
2021-08-05,110.55000305175781,110.56999969482422,110.47000122070312,110.48999786376953,16300.0
2021-08-06,110.0,110.0,109.7300033569336,109.76000213623047,23900.0
2021-08-09,109.77999877929688,109.81999969482422,109.52999877929688,109.52999877929688,22700.0
2021-08-10,109.33999633789062,109.43000030517578,109.30999755859375,109.4000015258789,35200.0
2021-08-11,109.58000183105469,109.68000030517578,109.5199966430664,109.61000061035156,21100.0
2021-08-12,109.5,109.58000183105469,109.44999694824219,109.55000305175781,21700.0
2021-08-13,109.86000061035156,110.16000366210938,109.80999755859375,110.12999725341797,27600.0
2021-08-16,109.95999908447266,110.04000091552734,109.87000274658203,109.93000030517578,8600.0
2021-08-17,109.5199966430664,109.58999633789062,109.29000091552734,109.31999969482422,30500.0
2021-08-18,109.33000183105469,109.56999969482422,109.16000366210938,109.31999969482422,38100.0
2021-08-19,109.13999938964844,109.19999694824219,108.95999908447266,108.98999786376953,57600.0
2021-08-20,108.98999786376953,109.2300033569336,108.94000244140625,109.19999694824219,41500.0
2021-08-23,109.55000305175781,109.63999938964844,109.43000030517578,109.5999984741211,31900.0
2021-08-24,109.55999755859375,109.77999877929688,109.55000305175781,109.72000122070312,45600.0
2021-08-25,109.54000091552734,109.91999816894531,109.5,109.91999816894531,36400.0
2021-08-26,109.69000244140625,109.76000213623047,109.63999938964844,109.66999816894531,11400.0
2021-08-27,109.55999755859375,110.0999984741211,109.55999755859375,110.08999633789062,53300.0
2021-08-30,110.05000305175781,110.13999938964844,109.97000122070312,110.11000061035156,28000.0
2021-08-31,110.29000091552734,110.44000244140625,110.08000183105469,110.18000030517578,73000.0
2021-09-01,110.5,110.62000274658203,109.83000183105469,110.47000122070312,33000.0
2021-09-02,110.58000183105469,110.80999755859375,110.56999969482422,110.80000305175781,40500.0
2021-09-03,111.0,111.0199966430664,110.76000213623047,110.8499984741211,70100.0
2021-09-07,110.52999877929688,110.63999938964844,110.44000244140625,110.44000244140625,32900.0
2021-09-08,110.22000122070312,110.30999755859375,110.11000061035156,110.20999908447266,84200.0
2021-09-09,110.33000183105469,110.4000015258789,110.0999984741211,110.27999877929688,71400.0
2021-09-10,110.30000305175781,110.37999725341797,110.13999938964844,110.13999938964844,64000.0
2021-09-13,109.95999908447266,110.18000030517578,109.95999908447266,110.12000274658203,39200.0
2021-09-14,110.37999725341797,110.38999938964844,110.0199966430664,110.05999755859375,35900.0
2021-09-15,110.19999694824219,110.22000122070312,110.06999969482422,110.18000030517578,22900.0
2021-09-16,109.5999984741211,109.75,109.56999969482422,109.7300033569336,52400.0
2021-09-17,109.61000061035156,109.6500015258789,109.3499984741211,109.41000366210938,256900.0
2021-09-20,109.25,109.44999694824219,109.22000122070312,109.37999725341797,163100.0
2021-09-21,109.37999725341797,109.41000366210938,109.25,109.38999938964844,36000.0
2021-09-22,109.3499984741211,109.55999755859375,108.94999694824219,109.0199966430664,48300.0
2021-09-23,109.3499984741211,109.54000091552734,109.3499984741211,109.51000213623047,64700.0
2021-09-24,109.20999908447266,109.30000305175781,109.12999725341797,109.2300033569336,53000.0
2021-09-27,109.05999755859375,109.12999725341797,109.0199966430664,109.02999877929688,66200.0
2021-09-28,108.93000030517578,109.02999877929688,108.7699966430664,108.97000122070312,95000.0
2021-09-29,108.5199966430664,108.5199966430664,108.05000305175781,108.05999755859375,272400.0
2021-09-30,108.0199966430664,108.11000061035156,107.77999877929688,107.97000122070312,67700.0
2021-10-01,108.18000030517578,108.18000030517578,108.0,108.08000183105469,68400.0
2021-10-04,108.41000366210938,108.47000122070312,108.26000213623047,108.29000091552734,125900.0
2021-10-05,108.04000091552734,108.22000122070312,107.93000030517578,108.0999984741211,57500.0
2021-10-06,107.58999633789062,107.73999786376953,107.47000122070312,107.73999786376953,259000.0
2021-10-07,107.6500015258789,107.80999755859375,107.6500015258789,107.68000030517578,67200.0
2021-10-08,107.73999786376953,107.88999938964844,107.69000244140625,107.77999877929688,82100.0
2021-10-11,107.83000183105469,107.93000030517578,107.63999938964844,107.63999938964844,78000.0
2021-10-12,107.55999755859375,107.61000061035156,107.37999725341797,107.45999908447266,66400.0
2021-10-13,107.72000122070312,108.08000183105469,107.72000122070312,108.05000305175781,62600.0
2021-10-14,108.06999969482422,108.12000274658203,107.95999908447266,108.05000305175781,284700.0
2021-10-15,108.0999984741211,108.16000366210938,107.97000122070312,108.08000183105469,202500.0
2021-10-18,108.1500015258789,108.2699966430664,108.0199966430664,108.13999938964844,182500.0
2021-10-19,108.44999694824219,108.58999633789062,108.3499984741211,108.41000366210938,125700.0
2021-10-20,108.45999908447266,108.58999633789062,108.43000030517578,108.52999877929688,34200.0
2021-10-21,108.44000244140625,108.5199966430664,108.2300033569336,108.2300033569336,68300.0
2021-10-22,108.37000274658203,108.54000091552734,108.2699966430664,108.47000122070312,62200.0
2021-10-25,108.16999816894531,108.19999694824219,108.0999984741211,108.1500015258789,22100.0
2021-10-26,108.13999938964844,108.13999938964844,107.88999938964844,108.01000213623047,57800.0
2021-10-27,108.20999908447266,108.20999908447266,107.95999908447266,108.04000091552734,32400.0
2021-10-28,108.37999725341797,108.9000015258789,108.30999755859375,108.81999969482422,149700.0
2021-10-29,108.33000183105469,108.36000061035156,107.44000244140625,107.63999938964844,111500.0
2021-11-01,107.9000015258789,108.08000183105469,107.66999816894531,108.05999755859375,25200.0
2021-11-02,107.97000122070312,108.0,107.80000305175781,107.83000183105469,51100.0
2021-11-03,107.69999694824219,108.1500015258789,107.66999816894531,107.98999786376953,58900.0
2021-11-04,107.55000305175781,107.68000030517578,107.36000061035156,107.5999984741211,49000.0
2021-11-05,107.47000122070312,107.72000122070312,107.23999786376953,107.69000244140625,22000.0
2021-11-08,107.61000061035156,107.94000244140625,107.61000061035156,107.88999938964844,24200.0
2021-11-09,107.91999816894531,108.05000305175781,107.76000213623047,107.94999694824219,32100.0
2021-11-10,107.73999786376953,107.73999786376953,106.83999633789062,106.86000061035156,119800.0
2021-11-11,106.73999786376953,106.83999633789062,106.54000091552734,106.58000183105469,34300.0
2021-11-12,106.4800033569336,106.5999984741211,106.44999694824219,106.58000183105469,67500.0
2021-11-15,106.51000213623047,106.51000213623047,105.70999908447266,105.72000122070312,70100.0
2021-11-16,105.56999969482422,105.66999816894531,105.27999877929688,105.30999755859375,49700.0
2021-11-17,105.29000091552734,105.41999816894531,105.16000366210938,105.37999725341797,111400.0
2021-11-18,105.54000091552734,105.8499984741211,105.5199966430664,105.81999969482422,83800.0
2021-11-19,105.29000091552734,105.36000061035156,105.0199966430664,105.04000091552734,74900.0
2021-11-22,104.62000274658203,104.83000183105469,104.5199966430664,104.56999969482422,54800.0
2021-11-23,104.56999969482422,104.8499984741211,104.56999969482422,104.69999694824219,20100.0
2021-11-24,104.13999938964844,104.33000183105469,104.13999938964844,104.29000091552734,51600.0
2021-11-26,105.01000213623047,105.30000305175781,105.0,105.19999694824219,46200.0
2021-11-29,104.87999725341797,104.97000122070312,104.76000213623047,104.93000030517578,31200.0
2021-11-30,105.73999786376953,105.88999938964844,104.68000030517578,105.5,50900.0
2021-12-01,105.55999755859375,105.62000274658203,105.13999938964844,105.22000122070312,29200.0
2021-12-02,105.4000015258789,105.55999755859375,105.08000183105469,105.12999725341797,49800.0
2021-12-03,105.0999984741211,105.37000274658203,104.8499984741211,105.22000122070312,40900.0
2021-12-06,105.18000030517578,105.18000030517578,104.83999633789062,104.91000366210938,17200.0
2021-12-07,104.52999877929688,104.80000305175781,104.52999877929688,104.77999877929688,23200.0
2021-12-08,105.18000030517578,105.62000274658203,105.16000366210938,105.52999877929688,38200.0
2021-12-09,105.22000122070312,105.22000122070312,104.91999816894531,105.05000305175781,12700.0
2021-12-10,104.91999816894531,105.29000091552734,104.87999725341797,105.25,28800.0
2021-12-13,104.91999816894531,105.12999725341797,104.83999633789062,104.9000015258789,22600.0
2021-12-14,105.02999877929688,105.12000274658203,104.62999725341797,104.63999938964844,52900.0
2021-12-15,104.69000244140625,105.0199966430664,104.4000015258789,104.97000122070312,33600.0
2021-12-16,105.33000183105469,105.4800033569336,105.08999633789062,105.4000015258789,29400.0
2021-12-17,105.16000366210938,105.16000366210938,104.45999908447266,104.5,85900.0
2021-12-20,104.88999938964844,105.0999984741211,104.80999755859375,104.87999725341797,41700.0
2021-12-21,104.81999969482422,104.93000030517578,104.72000122070312,104.93000030517578,45400.0
2021-12-22,105.2300033569336,105.45999908447266,104.97000122070312,105.44000244140625,49600.0
2021-12-23,105.05000305175781,105.4000015258789,105.0199966430664,105.38999938964844,44700.0
2021-12-27,105.20999908447266,105.33999633789062,105.20999908447266,105.30999755859375,27900.0
2021-12-28,105.1500015258789,105.2300033569336,104.95999908447266,105.18000030517578,21400.0
2021-12-29,105.30999755859375,105.61000061035156,105.30999755859375,105.5,38700.0
2021-12-30,105.19999694824219,105.33999633789062,105.12999725341797,105.22000122070312,42300.0
2021-12-31,105.44999694824219,105.83000183105469,105.4000015258789,105.76000213623047,32100.0
2022-01-03,105.22000122070312,105.29000091552734,104.83999633789062,104.98999786376953,45700.0
2022-01-04,104.87999725341797,105.22000122070312,104.8499984741211,104.87999725341797,11600.0
2022-01-05,105.33000183105469,105.44999694824219,105.06999969482422,105.12999725341797,18000.0
2022-01-06,105.08000183105469,105.30000305175781,104.88999938964844,104.93000030517578,78500.0
2022-01-07,105.19999694824219,105.62000274658203,105.19999694824219,105.61000061035156,51800.0
2022-01-10,104.9800033569336,105.3499984741211,104.94000244140625,105.30000305175781,24100.0
2022-01-11,105.2300033569336,105.72000122070312,105.16999816894531,105.6500015258789,16800.0
2022-01-12,106.01000213623047,106.43000030517578,106.01000213623047,106.43000030517578,50900.0
2022-01-13,106.62999725341797,106.69000244140625,106.41000366210938,106.41999816894531,35400.0
2022-01-14,106.33000183105469,106.33000183105469,105.94999694824219,106.08999633789062,113700.0
2022-01-18,105.55000305175781,105.62999725341797,105.12000274658203,105.13999938964844,121500.0
2022-01-19,105.44999694824219,105.5199966430664,105.36000061035156,105.47000122070312,73600.0
2022-01-20,105.41999816894531,105.4800033569336,105.02999877929688,105.02999877929688,34000.0
2022-01-21,105.45999908447266,105.5,105.36000061035156,105.41000366210938,48500.0
2022-01-24,105.0,105.29000091552734,104.91000366210938,105.18000030517578,89400.0
2022-01-25,104.68000030517578,105.02999877929688,104.56999969482422,105.0199966430664,86100.0
2022-01-26,104.91999816894531,104.91999816894531,104.36000061035156,104.37999725341797,114800.0
2022-01-27,103.62000274658203,103.66999816894531,103.4000015258789,103.5,104400.0
2022-01-28,103.54000091552734,103.72000122070312,103.43000030517578,103.58999633789062,392700.0
2022-01-31,103.91999816894531,104.44999694824219,103.83999633789062,104.38999938964844,206800.0
2022-02-01,104.55000305175781,104.7300033569336,104.37999725341797,104.66999816894531,28500.0
2022-02-02,105.08000183105469,105.16999816894531,104.87000274658203,105.02999877929688,120400.0
2022-02-03,105.68000030517578,106.38999938964844,105.68000030517578,106.16000366210938,226900.0
2022-02-04,106.25,106.45999908447266,106.0199966430664,106.41999816894531,191100.0
2022-02-07,106.13999938964844,106.33000183105469,106.05000305175781,106.26000213623047,29700.0
2022-02-08,106.05000305175781,106.08999633789062,105.91999816894531,106.08000183105469,38800.0
2022-02-09,106.12000274658203,106.2699966430664,106.05000305175781,106.11000061035156,30100.0
2022-02-10,105.73999786376953,106.75,105.73999786376953,106.18000030517578,43600.0
2022-02-11,105.7300033569336,105.91000366210938,105.22000122070312,105.30000305175781,124000.0
2022-02-14,105.04000091552734,105.08999633789062,104.7699966430664,104.8499984741211,97900.0
2022-02-15,105.38999938964844,105.56999969482422,105.1500015258789,105.48999786376953,23700.0
2022-02-16,105.48999786376953,105.79000091552734,105.48999786376953,105.72000122070312,36300.0
2022-02-17,105.54000091552734,105.62999725341797,105.43000030517578,105.43000030517578,35100.0
2022-02-18,105.38999938964844,105.4000015258789,105.06999969482422,105.1500015258789,93300.0
2022-02-22,105.20999908447266,105.3499984741211,105.12000274658203,105.16999816894531,23700.0
2022-02-23,105.31999969482422,105.31999969482422,104.87000274658203,104.88999938964844,23700.0
2022-02-24,103.44000244140625,104.12000274658203,103.12000274658203,103.9800033569336,211500.0
2022-02-25,104.11000061035156,104.62000274658203,103.9800033569336,104.58000183105469,78900.0
2022-02-28,104.04000091552734,104.37000274658203,103.93000030517578,104.05999755859375,165700.0
2022-03-01,103.54000091552734,103.55999755859375,102.94000244140625,103.38999938964844,166900.0
2022-03-02,103.0,103.38999938964844,102.66999816894531,103.25,61900.0
2022-03-03,102.94000244140625,102.94000244140625,102.43000030517578,102.69000244140625,89700.0
2022-03-04,101.30000305175781,101.4800033569336,101.12999725341797,101.44999694824219,177000.0
2022-03-07,101.37999725341797,101.37999725341797,100.66999816894531,100.8499984741211,132400.0
2022-03-08,101.2300033569336,101.6500015258789,100.87999725341797,101.22000122070312,148000.0
2022-03-09,102.52999877929688,102.93000030517578,102.23999786376953,102.72000122070312,94800.0
2022-03-10,102.23999786376953,102.26000213623047,101.75,101.80000305175781,63900.0
2022-03-11,101.93000030517578,101.94000244140625,101.13999938964844,101.19999694824219,76800.0
2022-03-14,101.58000183105469,101.97000122070312,101.45999908447266,101.54000091552734,72100.0
2022-03-15,101.95999908447266,102.12999725341797,101.37000274658203,101.63999938964844,26700.0
2022-03-16,101.91000366210938,102.5999984741211,101.61000061035156,102.58000183105469,156800.0
2022-03-17,102.62000274658203,103.30000305175781,102.5999984741211,102.95999908447266,63700.0
2022-03-18,102.13999938964844,102.69999694824219,102.08999633789062,102.55000305175781,122200.0
2022-03-21,102.45999908447266,102.61000061035156,102.1500015258789,102.16000366210938,34200.0
2022-03-22,102.2699966430664,102.37999725341797,102.16000366210938,102.37000274658203,13600.0
2022-03-23,101.83000183105469,102.13999938964844,101.70999908447266,102.06999969482422,98900.0
2022-03-24,101.81999969482422,102.13999938964844,101.7300033569336,102.0,41600.0
2022-03-25,102.11000061035156,102.20999908447266,101.86000061035156,101.87999725341797,37800.0
2022-03-28,101.62000274658203,101.98999786376953,101.62000274658203,101.87999725341797,32900.0
2022-03-29,103.18000030517578,103.27999877929688,102.66999816894531,102.87999725341797,147800.0
2022-03-30,103.27999877929688,103.56999969482422,103.2300033569336,103.43000030517578,111700.0
2022-03-31,102.83000183105469,103.08999633789062,102.58000183105469,102.58999633789062,56100.0
2022-04-01,102.36000061035156,102.48999786376953,102.2699966430664,102.48999786376953,67900.0
2022-04-04,101.91000366210938,102.01000213623047,101.6500015258789,101.73999786376953,117200.0
2022-04-05,101.58000183105469,101.76000213623047,101.02999877929688,101.02999877929688,98900.0
2022-04-06,101.2699966430664,101.30999755859375,100.86000061035156,101.04000091552734,69100.0
2022-04-07,101.20999908447266,101.37000274658203,100.75,100.7699966430664,23600.0
2022-04-08,100.51000213623047,100.86000061035156,100.44000244140625,100.83999633789062,92600.0
2022-04-11,100.88999938964844,101.01000213623047,100.77999877929688,100.86000061035156,41300.0
2022-04-12,100.83000183105469,100.91000366210938,100.2699966430664,100.3499984741211,122300.0
2022-04-13,100.2699966430664,100.9000015258789,100.19000244140625,100.9000015258789,49500.0
2022-04-14,100.3499984741211,100.41000366210938,99.69999694824219,100.29000091552734,299300.0
2022-04-18,100.05000305175781,100.12999725341797,99.80000305175781,99.91000366210938,37300.0
2022-04-19,100.01000213623047,100.13999938964844,99.91999816894531,99.97000122070312,110200.0
2022-04-20,100.41000366210938,100.66999816894531,100.37000274658203,100.58000183105469,56300.0
2022-04-21,100.91999816894531,100.94000244140625,100.36000061035156,100.41000366210938,43500.0
2022-04-22,100.31999969482422,100.31999969482422,99.81999969482422,100.01000213623047,149300.0
2022-04-25,99.37000274658203,99.38999938964844,99.13999938964844,99.29000091552734,537800.0
2022-04-26,98.97000122070312,99.0199966430664,98.58000183105469,98.6500015258789,117200.0
2022-04-27,97.66999816894531,97.97000122070312,97.44999694824219,97.8499984741211,174400.0
2022-04-28,97.33999633789062,97.56999969482422,97.13999938964844,97.38999938964844,133300.0
2022-04-29,97.52999877929688,98.02999877929688,97.47000122070312,97.75,97500.0
2022-05-02,97.30000305175781,97.66000366210938,97.19999694824219,97.31999969482422,50000.0
2022-05-03,97.83000183105469,97.87000274658203,97.4000015258789,97.5199966430664,35800.0
2022-05-04,97.73999786376953,98.41000366210938,97.38999938964844,98.30000305175781,211300.0
2022-05-05,97.83999633789062,97.83999633789062,97.22000122070312,97.7300033569336,90200.0
2022-05-06,98.04000091552734,98.12999725341797,97.62999725341797,97.69000244140625,85900.0
2022-05-09,97.66000366210938,98.18000030517578,97.41000366210938,97.80999755859375,310300.0
2022-05-10,97.81999969482422,97.83000183105469,97.51000213623047,97.58999633789062,71400.0
2022-05-11,97.75,97.9000015258789,97.38999938964844,97.4000015258789,142900.0
2022-05-12,96.51000213623047,96.55000305175781,95.91999816894531,96.06999969482422,176400.0
2022-05-13,95.94999694824219,96.47000122070312,95.94000244140625,96.3499984741211,71800.0
2022-05-16,96.51000213623047,96.72000122070312,96.25,96.62999725341797,40800.0
2022-05-17,97.55000305175781,97.70999908447266,97.44000244140625,97.62999725341797,219700.0
2022-05-18,97.4000015258789,97.55999755859375,96.87000274658203,96.87999725341797,67400.0
2022-05-19,97.63999938964844,98.20999908447266,97.62000274658203,98.08000183105469,159800.0
2022-05-20,97.7699966430664,97.80999755859375,97.5199966430664,97.75,117000.0
2022-05-23,98.58999633789062,99.02999877929688,98.55000305175781,98.94999694824219,188200.0
2022-05-24,99.13999938964844,99.5,99.12000274658203,99.36000061035156,128300.0
2022-05-25,98.75,98.98999786376953,98.62999725341797,98.86000061035156,67800.0
2022-05-26,99.05999755859375,99.33000183105469,99.04000091552734,99.2699966430664,81800.0
2022-05-27,99.26000213623047,99.51000213623047,99.06999969482422,99.45999908447266,75200.0
2022-05-31,99.1500015258789,99.45999908447266,98.97000122070312,99.3499984741211,33300.0
2022-06-01,99.27999877929688,99.29000091552734,98.4000015258789,98.5999984741211,66300.0
2022-06-02,99.0999984741211,99.5,98.98999786376953,99.47000122070312,32700.0
2022-06-03,99.30999755859375,99.5,99.18000030517578,99.2300033569336,29700.0
2022-06-06,99.13999938964844,99.19999694824219,98.93000030517578,99.0,24300.0
2022-06-07,98.72000122070312,99.12000274658203,98.72000122070312,99.11000061035156,99000.0
2022-06-08,99.3499984741211,99.44000244140625,99.13999938964844,99.13999938964844,22900.0
2022-06-09,98.97000122070312,99.05999755859375,98.19999694824219,98.22000122070312,162400.0
2022-06-10,97.55000305175781,97.55000305175781,97.22000122070312,97.33999633789062,279100.0
2022-06-13,96.7699966430664,96.83999633789062,96.30000305175781,96.33999633789062,229600.0
2022-06-14,96.6500015258789,96.73999786376953,96.2699966430664,96.37000274658203,98400.0
2022-06-15,96.41999816894531,96.75,95.87000274658203,96.70999908447266,295000.0
2022-06-16,96.79000091552734,98.06999969482422,96.5999984741211,97.68000030517578,361300.0
2022-06-17,97.05000305175781,97.16999816894531,96.66999816894531,97.08999633789062,136100.0
2022-06-21,97.55000305175781,97.70999908447266,97.29000091552734,97.4000015258789,100100.0
2022-06-22,97.52999877929688,98.05000305175781,97.4800033569336,97.73999786376953,182300.0
2022-06-23,97.33999633789062,97.4800033569336,97.0999984741211,97.4000015258789,26800.0
2022-06-24,97.5,97.83999633789062,97.44000244140625,97.62999725341797,374900.0
2022-06-27,97.87999725341797,98.18000030517578,97.76000213623047,97.86000061035156,164400.0
2022-06-28,97.41999816894531,97.4800033569336,97.2300033569336,97.36000061035156,89700.0
2022-06-29,97.12000274658203,97.12000274658203,96.55000305175781,96.58999633789062,102100.0
2022-06-30,96.3499984741211,97.0,96.29000091552734,96.91000366210938,184800.0
2022-07-01,96.19999694824219,96.48999786376953,95.91999816894531,96.45999908447266,303700.0
2022-07-05,94.91000366210938,95.0199966430664,94.69000244140625,94.95999908447266,673800.0
2022-07-06,94.2699966430664,94.30000305175781,94.0,94.22000122070312,127400.0
2022-07-07,94.08000183105469,94.2300033569336,93.81999969482422,94.0199966430664,106200.0
2022-07-08,94.01000213623047,94.20999908447266,93.7300033569336,94.11000061035156,93900.0
2022-07-11,93.02999877929688,93.30000305175781,92.77999877929688,92.87000274658203,141900.0
2022-07-12,92.91000366210938,93.13999938964844,92.76000213623047,92.77999877929688,179500.0
2022-07-13,92.69000244140625,93.56999969482422,92.55999755859375,93.0,199100.0
2022-07-14,92.20999908447266,92.91000366210938,92.02999877929688,92.5999984741211,267000.0
2022-07-15,93.02999877929688,93.33999633789062,92.83999633789062,93.20999908447266,133600.0
2022-07-18,93.7699966430664,94.29000091552734,93.75,93.7699966430664,191900.0
2022-07-19,94.66000366210938,94.87000274658203,94.4800033569336,94.5,232400.0
2022-07-20,94.55000305175781,94.58000183105469,93.87000274658203,94.04000091552734,115500.0
2022-07-21,94.01000213623047,94.4000015258789,93.93000030517578,94.36000061035156,209400.0
2022-07-22,94.12999725341797,94.73999786376953,94.11000061035156,94.38999938964844,167200.0
2022-07-25,94.73999786376953,94.73999786376953,94.33000183105469,94.5,100300.0
2022-07-26,93.77999877929688,93.8499984741211,93.44000244140625,93.4800033569336,200200.0
2022-07-27,93.7300033569336,94.45999908447266,93.3499984741211,94.3499984741211,133300.0
2022-07-28,93.98999786376953,94.1500015258789,93.5999984741211,94.12999725341797,80200.0
2022-07-29,93.88999938964844,94.4800033569336,93.79000091552734,94.44000244140625,77400.0
2022-08-01,94.72000122070312,94.94999694824219,94.62999725341797,94.80000305175781,172700.0
2022-08-02,94.5,94.58000183105469,93.95999908447266,93.95999908447266,103700.0
2022-08-03,94.0199966430664,94.0199966430664,93.56999969482422,93.97000122070312,143900.0
2022-08-04,94.11000061035156,94.72000122070312,94.05000305175781,94.66999816894531,38000.0
2022-08-05,93.8499984741211,94.16999816894531,93.80000305175781,94.05999755859375,97500.0
2022-08-08,94.20999908447266,94.44000244140625,94.12999725341797,94.16000366210938,66100.0
2022-08-09,94.63999938964844,94.6500015258789,94.29000091552734,94.29000091552734,54700.0
2022-08-10,95.33999633789062,95.77999877929688,95.0999984741211,95.18000030517578,239400.0
2022-08-11,95.56999969482422,95.70999908447266,95.23999786376953,95.30999755859375,56300.0
2022-08-12,94.93000030517578,94.98999786376953,94.5999984741211,94.80999755859375,201400.0
2022-08-15,94.44999694824219,94.44999694824219,93.81999969482422,93.88999938964844,72100.0
2022-08-16,93.83000183105469,94.16000366210938,93.83000183105469,93.94000244140625,115700.0
2022-08-17,93.9000015258789,94.19999694824219,93.83000183105469,94.05999755859375,61900.0
2022-08-18,93.83000183105469,93.83000183105469,93.12999725341797,93.2300033569336,133000.0
2022-08-19,92.86000061035156,92.88999938964844,92.68000030517578,92.7300033569336,93000.0
2022-08-22,92.41999816894531,92.41999816894531,91.69999694824219,91.83999633789062,625000.0
2022-08-23,91.83000183105469,92.52999877929688,91.80999755859375,92.06999969482422,552400.0
2022-08-24,91.6500015258789,92.33000183105469,91.52999877929688,92.08000183105469,73700.0
2022-08-25,92.05999755859375,92.31999969482422,91.91999816894531,92.12999725341797,114900.0
2022-08-26,92.94999694824219,93.11000061035156,91.95999908447266,92.01000213623047,233000.0
2022-08-29,92.3499984741211,92.58000183105469,92.18000030517578,92.30999755859375,80300.0
2022-08-30,92.5999984741211,92.69999694824219,92.22000122070312,92.5199966430664,70300.0
2022-08-31,92.36000061035156,93.05000305175781,92.33000183105469,92.77999877929688,205500.0
2022-09-01,92.20999908447266,92.20999908447266,91.54000091552734,91.83999633789062,412700.0
2022-09-02,92.43000030517578,92.62999725341797,91.83000183105469,91.9000015258789,73100.0
2022-09-06,91.36000061035156,91.62999725341797,91.08000183105469,91.44000244140625,249800.0
2022-09-07,91.51000213623047,92.44999694824219,91.44000244140625,92.44000244140625,318600.0
2022-09-08,92.01000213623047,92.3499984741211,91.83999633789062,92.33999633789062,136000.0
2022-09-09,92.7699966430664,92.9000015258789,92.63999938964844,92.73999786376953,169400.0
2022-09-12,93.43000030517578,93.6500015258789,93.30999755859375,93.4000015258789,154100.0
2022-09-13,92.54000091552734,92.69999694824219,92.02999877929688,92.05999755859375,132900.0
2022-09-14,92.2300033569336,92.33999633789062,92.0199966430664,92.11000061035156,191800.0
2022-09-15,92.19000244140625,92.44999694824219,92.16000366210938,92.25,227300.0
2022-09-16,92.04000091552734,92.62999725341797,91.98999786376953,92.43000030517578,368500.0
2022-09-19,92.12000274658203,92.55000305175781,92.0999984741211,92.5199966430664,172200.0
2022-09-20,92.0,92.29000091552734,91.95999908447266,92.08999633789062,69300.0
2022-09-21,91.5199966430664,91.5199966430664,90.62999725341797,90.95999908447266,224700.0
2022-09-22,91.0199966430664,91.08000183105469,90.61000061035156,90.8499984741211,345800.0
2022-09-23,90.19999694824219,90.19999694824219,89.2699966430664,89.4800033569336,375200.0
2022-09-26,89.13999938964844,89.33000183105469,88.63999938964844,88.69999694824219,249000.0
2022-09-27,88.80000305175781,89.01000213623047,88.37000274658203,88.58999633789062,278200.0
2022-09-28,88.48999786376953,90.0199966430664,88.44999694824219,89.81999969482422,418000.0
2022-09-29,89.83000183105469,90.51000213623047,89.69999694824219,90.44000244140625,254800.0
2022-09-30,89.94999694824219,90.58999633789062,89.91999816894531,90.44000244140625,102100.0
2022-10-03,90.20999908447266,90.83000183105469,90.08999633789062,90.7300033569336,156300.0
2022-10-04,91.48999786376953,92.29000091552734,91.48999786376953,92.22000122070312,678300.0
2022-10-05,91.2300033569336,91.33000183105469,90.76000213623047,91.2300033569336,149600.0
2022-10-06,90.80999755859375,90.8499984741211,90.33999633789062,90.43000030517578,385000.0
2022-10-07,90.16000366210938,90.38999938964844,89.8499984741211,89.9000015258789,330500.0
2022-10-10,89.5199966430664,89.94999694824219,89.4000015258789,89.63999938964844,100900.0
2022-10-11,89.75,90.23999786376953,89.44999694824219,89.66999816894531,366500.0
2022-10-12,89.62000274658203,89.63999938964844,89.2300033569336,89.5,87900.0
2022-10-13,89.11000061035156,90.4800033569336,89.11000061035156,90.18000030517578,294000.0
2022-10-14,89.91000366210938,90.08999633789062,89.62000274658203,89.8499984741211,79000.0
2022-10-17,90.33000183105469,90.94999694824219,90.27999877929688,90.7300033569336,466200.0
2022-10-18,91.02999877929688,91.11000061035156,90.62999725341797,90.97000122070312,68300.0
2022-10-19,90.33000183105469,90.44999694824219,90.0999984741211,90.23999786376953,486200.0
2022-10-20,90.33999633789062,90.86000061035156,90.19000244140625,90.29000091552734,48300.0
2022-10-21,90.13999938964844,91.04000091552734,90.13999938964844,90.9800033569336,213400.0
2022-10-24,90.83999633789062,91.27999877929688,90.73999786376953,91.08999633789062,146800.0
2022-10-25,91.66000366210938,92.0199966430664,91.58999633789062,91.94999694824219,104000.0
2022-10-26,92.38999938964844,93.08999633789062,92.33000183105469,93.0,370200.0
2022-10-27,92.19000244140625,92.66999816894531,91.9000015258789,92.01000213623047,751800.0
2022-10-28,92.0,92.12000274658203,91.62000274658203,91.94999694824219,104800.0
2022-10-31,91.41000366210938,91.43000030517578,91.12999725341797,91.23999786376953,116300.0
2022-11-01,91.58999633789062,91.77999877929688,90.97000122070312,91.19000244140625,41200.0
2022-11-02,91.44999694824219,92.05000305175781,90.68000030517578,90.75,50600.0
2022-11-03,90.0199966430664,90.38999938964844,89.91999816894531,89.97000122070312,105900.0
2022-11-04,91.05999755859375,91.95999908447266,90.83999633789062,91.87999725341797,165400.0
2022-11-07,92.23999786376953,92.56999969482422,92.06999969482422,92.43000030517578,108700.0
2022-11-08,92.3499984741211,93.12999725341797,92.26000213623047,92.88999938964844,550900.0
2022-11-09,92.48999786376953,93.02999877929688,92.19999694824219,92.37000274658203,133600.0
2022-11-10,93.55999755859375,94.08999633789062,93.4800033569336,94.05000305175781,243700.0
2022-11-11,94.97000122070312,95.61000061035156,94.75,95.56999969482422,656600.0
2022-11-14,95.12999725341797,95.54000091552734,95.04000091552734,95.27999877929688,176000.0
2022-11-15,96.08000183105469,96.16999816894531,94.9000015258789,95.51000213623047,224400.0
2022-11-16,95.9800033569336,96.05999755859375,95.52999877929688,95.91999816894531,228900.0
2022-11-17,95.2699966430664,95.68000030517578,95.22000122070312,95.68000030517578,127400.0
2022-11-18,95.61000061035156,95.68000030517578,95.22000122070312,95.30000305175781,83000.0
2022-11-21,94.58000183105469,94.66000366210938,94.3499984741211,94.4800033569336,471400.0
2022-11-22,94.68000030517578,95.06999969482422,94.66999816894531,95.02999877929688,138500.0
2022-11-23,95.29000091552734,96.0199966430664,95.29000091552734,95.98999786376953,534200.0
2022-11-25,95.58999633789062,96.05999755859375,95.58999633789062,96.0199966430664,165000.0
2022-11-28,96.26000213623047,96.4000015258789,95.31999969482422,95.3499984741211,156500.0
2022-11-29,95.2699966430664,95.6500015258789,95.25,95.29000091552734,26800.0
2022-11-30,95.72000122070312,96.20999908447266,94.95999908447266,96.0199966430664,68100.0
2022-12-01,96.87999725341797,97.16999816894531,96.5999984741211,97.0999984741211,274900.0
2022-12-02,96.72000122070312,97.25,96.43000030517578,97.19999694824219,319900.0
2022-12-05,97.41000366210938,97.48999786376953,96.70999908447266,96.7300033569336,159300.0
2022-12-06,96.94999694824219,97.12999725341797,96.51000213623047,96.58999633789062,131300.0
2022-12-07,97.11000061035156,97.16999816894531,96.80000305175781,96.97000122070312,319300.0
2022-12-08,97.12999725341797,97.47000122070312,97.08000183105469,97.4000015258789,63400.0
2022-12-09,97.26000213623047,97.41000366210938,97.06999969482422,97.1500015258789,55100.0
2022-12-12,97.41999816894531,97.63999938964844,97.0199966430664,97.19000244140625,58400.0
2022-12-13,98.33000183105469,98.3499984741211,97.9000015258789,98.05999755859375,235900.0
2022-12-14,98.19000244140625,98.6500015258789,97.95999908447266,98.54000091552734,435600.0
2022-12-15,98.7300033569336,98.80000305175781,97.7300033569336,98.05999755859375,321300.0
2022-12-16,98.04000091552734,98.19999694824219,97.7300033569336,97.7300033569336,195000.0
2022-12-19,97.87000274658203,98.08000183105469,97.62999725341797,97.87999725341797,60400.0
2022-12-20,98.01000213623047,98.43000030517578,97.81999969482422,97.93000030517578,68500.0
2022-12-21,97.91999816894531,98.08000183105469,97.75,97.94999694824219,119400.0
2022-12-22,97.81999969482422,97.88999938964844,97.55999755859375,97.80999755859375,83300.0
2022-12-23,97.8499984741211,98.05000305175781,97.77999877929688,97.97000122070312,34700.0
2022-12-27,97.9800033569336,98.38999938964844,97.97000122070312,98.19000244140625,103000.0
2022-12-28,98.30000305175781,98.5199966430664,97.88999938964844,97.91000366210938,76100.0
2022-12-29,98.33999633789062,98.63999938964844,98.19000244140625,98.45999908447266,99500.0
2022-12-30,98.48999786376953,98.86000061035156,98.4000015258789,98.80000305175781,120200.0
2023-01-03,97.55999755859375,97.76000213623047,97.26000213623047,97.38999938964844,232800.0
2023-01-04,97.91999816894531,98.04000091552734,97.66000366210938,97.80999755859375,124700.0
2023-01-05,97.37999725341797,97.44999694824219,97.05999755859375,97.11000061035156,144700.0
2023-01-06,97.12000274658203,98.27999877929688,96.91999816894531,98.25,114700.0
2023-01-09,98.93000030517578,99.30000305175781,98.87999725341797,99.05999755859375,94500.0
2023-01-10,99.18000030517578,99.26000213623047,98.97000122070312,99.08999633789062,86700.0
2023-01-11,99.3499984741211,99.44000244140625,99.06999969482422,99.26000213623047,97200.0
2023-01-12,99.79000091552734,100.25,99.2300033569336,100.12999725341797,187700.0
2023-01-13,99.69999694824219,100.01000213623047,99.6500015258789,99.95999908447266,86600.0
2023-01-17,100.26000213623047,100.30000305175781,99.43000030517578,99.58000183105469,135800.0
2023-01-18,100.36000061035156,100.41000366210938,99.51000213623047,99.52999877929688,198400.0
2023-01-19,99.87000274658203,100.0199966430664,99.55000305175781,99.94000244140625,65400.0
2023-01-20,99.80999755859375,100.20999908447266,99.7300033569336,100.19999694824219,181300.0
2023-01-23,100.16000366210938,100.37000274658203,100.12000274658203,100.33000183105469,228200.0
2023-01-24,100.30000305175781,100.51000213623047,100.02999877929688,100.45999908447266,126100.0
2023-01-25,100.41999816894531,100.79000091552734,100.38999938964844,100.73999786376953,99400.0
2023-01-26,100.66999816894531,100.66999816894531,100.20999908447266,100.54000091552734,70400.0
2023-01-27,100.19000244140625,100.41000366210938,100.05999755859375,100.27999877929688,44300.0
2023-01-30,100.47000122070312,100.61000061035156,100.08000183105469,100.11000061035156,101400.0
2023-01-31,100.23999786376953,100.37999725341797,100.0999984741211,100.33999633789062,51500.0
2023-02-01,100.62000274658203,101.5199966430664,100.48999786376953,101.4000015258789,279800.0
2023-02-02,101.01000213623047,101.05000305175781,100.45999908447266,100.69000244140625,79700.0
2023-02-03,100.08000183105469,100.3499984741211,99.58000183105469,99.58000183105469,128300.0
2023-02-06,99.20999908447266,99.3499984741211,98.80999755859375,98.98999786376953,160800.0
2023-02-07,98.66999816894531,99.31999969482422,98.44999694824219,98.98999786376953,166600.0
2023-02-08,99.01000213623047,99.11000061035156,98.8499984741211,98.87999725341797,89500.0
2023-02-09,99.52999877929688,99.55999755859375,99.0199966430664,99.06999969482422,35000.0
2023-02-10,98.73999786376953,98.80000305175781,98.44999694824219,98.54000091552734,64400.0
2023-02-13,98.58000183105469,99.0199966430664,98.58000183105469,98.94000244140625,51500.0
2023-02-14,98.97000122070312,99.36000061035156,98.86000061035156,99.08000183105469,51100.0
2023-02-15,98.5199966430664,98.66000366210938,98.38999938964844,98.62999725341797,144200.0
2023-02-16,98.47000122070312,98.70999908447266,98.31999969482422,98.5199966430664,100300.0
2023-02-17,98.30000305175781,98.75,98.19000244140625,98.69999694824219,154600.0
2023-02-21,98.30000305175781,98.6500015258789,98.20999908447266,98.22000122070312,47000.0
2023-02-22,98.26000213623047,98.37000274658203,97.83999633789062,97.8499984741211,113700.0
2023-02-23,97.91999816894531,97.97000122070312,97.6500015258789,97.87000274658203,89200.0
2023-02-24,97.30999755859375,97.4800033569336,97.27999877929688,97.36000061035156,148800.0
2023-02-27,97.73999786376953,98.0199966430664,97.69000244140625,97.94000244140625,79800.0
2023-02-28,98.04000091552734,98.20999908447266,97.63999938964844,97.63999938964844,57500.0
2023-03-01,98.44999694824219,98.5199966430664,98.22000122070312,98.37999725341797,135500.0
2023-03-02,97.79000091552734,97.91000366210938,97.56999969482422,97.79000091552734,69300.0
2023-03-03,97.91999816894531,98.1500015258789,97.70999908447266,98.0999984741211,58400.0
2023-03-06,98.37000274658203,98.68000030517578,98.33999633789062,98.5,77300.0
2023-03-07,98.25,98.27999877929688,97.31999969482422,97.37000274658203,106400.0
2023-03-08,97.33000183105469,97.51000213623047,97.16999816894531,97.31999969482422,83500.0
2023-03-09,97.5199966430664,97.7300033569336,97.5,97.62000274658203,24300.0
2023-03-10,98.27999877929688,98.72000122070312,98.1500015258789,98.16000366210938,107700.0
2023-03-13,98.80000305175781,99.19000244140625,98.7300033569336,99.04000091552734,148000.0
2023-03-14,99.05000305175781,99.16999816894531,98.79000091552734,99.12999725341797,34800.0
2023-03-15,97.1500015258789,97.77999877929688,97.08999633789062,97.6500015258789,233000.0
2023-03-16,97.5999984741211,98.05000305175781,97.55000305175781,97.9800033569336,109100.0
2023-03-17,98.0999984741211,98.62000274658203,98.0199966430664,98.41000366210938,112900.0
2023-03-20,98.98999786376953,99.02999877929688,98.8499984741211,98.98999786376953,57100.0
2023-03-21,99.5199966430664,99.55999755859375,99.33999633789062,99.41999816894531,57500.0
2023-03-22,99.55000305175781,100.72000122070312,99.5,100.30999755859375,114900.0
2023-03-23,100.51000213623047,100.69000244140625,99.94999694824219,100.08000183105469,80900.0
2023-03-24,99.36000061035156,99.41000366210938,99.19000244140625,99.3499984741211,101700.0
2023-03-27,99.66000366210938,99.72000122070312,99.5199966430664,99.70999908447266,27100.0
2023-03-28,100.0,100.19000244140625,99.94999694824219,100.19000244140625,55200.0
2023-03-29,100.0999984741211,100.2300033569336,99.97000122070312,100.11000061035156,21000.0
2023-03-30,100.86000061035156,100.86000061035156,100.62999725341797,100.75,51700.0
2023-03-31,100.5199966430664,100.68000030517578,100.13999938964844,100.19000244140625,46700.0
2023-04-03,100.3499984741211,100.7300033569336,100.31999969482422,100.63999938964844,165200.0
2023-04-04,100.58000183105469,101.2300033569336,100.55999755859375,101.12000274658203,102300.0
2023-04-05,100.9800033569336,101.19000244140625,100.5199966430664,100.62000274658203,38100.0
2023-04-06,100.5199966430664,100.94000244140625,100.5,100.83000183105469,77300.0
2023-04-10,100.1500015258789,100.27999877929688,99.98999786376953,100.27999877929688,30900.0
2023-04-11,100.80999755859375,100.86000061035156,100.56999969482422,100.7300033569336,90200.0
2023-04-12,101.31999969482422,101.52999877929688,101.22000122070312,101.41000366210938,84400.0
2023-04-13,102.0199966430664,102.16000366210938,101.95999908447266,101.9800033569336,83400.0
2023-04-14,101.80000305175781,101.83000183105469,101.3499984741211,101.55000305175781,119600.0
2023-04-17,101.04000091552734,101.11000061035156,100.73999786376953,100.91999816894531,73400.0
2023-04-18,101.12000274658203,101.33000183105469,101.11000061035156,101.30999755859375,28700.0
2023-04-19,101.18000030517578,101.33999633789062,101.11000061035156,101.20999908447266,49200.0
2023-04-20,101.2699966430664,101.44999694824219,101.18000030517578,101.23999786376953,24600.0
2023-04-21,101.44999694824219,101.5,101.16999816894531,101.47000122070312,27100.0
2023-04-24,101.7300033569336,102.05000305175781,101.72000122070312,102.01000213623047,49600.0
2023-04-25,101.70999908447266,101.70999908447266,101.2699966430664,101.30999755859375,45100.0
2023-04-26,102.38999938964844,102.44000244140625,101.87999725341797,101.9000015258789,131700.0
2023-04-27,101.5999984741211,101.8499984741211,101.52999877929688,101.83999633789062,33600.0
2023-04-28,101.62999725341797,102.01000213623047,101.58000183105469,101.80999755859375,100900.0
2023-05-01,101.79000091552734,101.79000091552734,101.19000244140625,101.23999786376953,39600.0
2023-05-02,101.05999755859375,101.58999633789062,101.02999877929688,101.55000305175781,132400.0
2023-05-03,101.83999633789062,102.3499984741211,101.80999755859375,102.01000213623047,156700.0
2023-05-04,101.83999633789062,101.91000366210938,101.4000015258789,101.69999694824219,115000.0
2023-05-05,101.37000274658203,101.8499984741211,101.36000061035156,101.70999908447266,41700.0
2023-05-08,101.87000274658203,101.94000244140625,101.54000091552734,101.56999969482422,41700.0
2023-05-09,101.02999877929688,101.27999877929688,101.02999877929688,101.19000244140625,79400.0
2023-05-10,101.4000015258789,101.58000183105469,101.2300033569336,101.37999725341797,156800.0
2023-05-11,100.76000213623047,100.87999725341797,100.62000274658203,100.77999877929688,69000.0
2023-05-12,100.54000091552734,100.58999633789062,100.1500015258789,100.16999816894531,43700.0
2023-05-15,100.41000366210938,100.44000244140625,100.30999755859375,100.3499984741211,23400.0
2023-05-16,100.41000366210938,100.4800033569336,100.23999786376953,100.2699966430664,27100.0
2023-05-17,100.08000183105469,100.16000366210938,99.80999755859375,100.06999969482422,59300.0
2023-05-18,99.61000061035156,99.61000061035156,99.37000274658203,99.47000122070312,51000.0
2023-05-19,99.66000366210938,99.94000244140625,99.58999633789062,99.80999755859375,46500.0
2023-05-22,99.83999633789062,99.91999816894531,99.72000122070312,99.86000061035156,39700.0
2023-05-23,99.52999877929688,99.6500015258789,99.37000274658203,99.44999694824219,28500.0
2023-05-24,99.58999633789062,99.58999633789062,99.27999877929688,99.27999877929688,39700.0
2023-05-25,99.01000213623047,99.0999984741211,98.9000015258789,98.98999786376953,47300.0
2023-05-26,99.11000061035156,99.16999816894531,98.86000061035156,99.0999984741211,23800.0
2023-05-30,99.16000366210938,99.19999694824219,98.95999908447266,99.11000061035156,66800.0
2023-05-31,98.70999908447266,98.87000274658203,98.25,98.70999908447266,199200.0
2023-06-01,98.81999969482422,99.3499984741211,98.81999969482422,99.29000091552734,120800.0
2023-06-02,99.36000061035156,99.37000274658203,98.77999877929688,98.79000091552734,293600.0
2023-06-05,98.58000183105469,98.91999816894531,98.55999755859375,98.83000183105469,43400.0
2023-06-06,98.52999877929688,98.69999694824219,98.45999908447266,98.66000366210938,33700.0
2023-06-07,98.80000305175781,99.08000183105469,98.66999816894531,98.68000030517578,104800.0
2023-06-08,99.12000274658203,99.55000305175781,99.12000274658203,99.47000122070312,89700.0
2023-06-09,99.38999938964844,99.44000244140625,99.1500015258789,99.16000366210938,50000.0
2023-06-12,99.41000366210938,99.41000366210938,99.18000030517578,99.33000183105469,34900.0
2023-06-13,99.73999786376953,99.7699966430664,99.5199966430664,99.55999755859375,42500.0
2023-06-14,100.0199966430664,100.2699966430664,99.7300033569336,99.94000244140625,155100.0
2023-06-15,100.47000122070312,101.0999984741211,100.41999816894531,101.06999969482422,125800.0
2023-06-16,101.0999984741211,101.25,100.83000183105469,100.9800033569336,184500.0
2023-06-20,100.7699966430664,100.86000061035156,100.58999633789062,100.73999786376953,207400.0
2023-06-21,100.73999786376953,101.5,100.73999786376953,101.5,107900.0
2023-06-22,101.38999938964844,101.4800033569336,101.12000274658203,101.26000213623047,160300.0
2023-06-23,100.68000030517578,100.68000030517578,100.5199966430664,100.5999984741211,55200.0
2023-06-26,100.80999755859375,100.83999633789062,100.69999694824219,100.75,17200.0
2023-06-27,101.36000061035156,101.4000015258789,101.12999725341797,101.2699966430664,67900.0
2023-06-28,101.04000091552734,101.0999984741211,100.69999694824219,100.81999969482422,24900.0
2023-06-29,100.44000244140625,100.62999725341797,100.3499984741211,100.41999816894531,31300.0
2023-06-30,100.77999877929688,100.9800033569336,100.77999877929688,100.80999755859375,58400.0
2023-07-03,100.66999816894531,100.80000305175781,100.61000061035156,100.73999786376953,20800.0
2023-07-05,100.55999755859375,100.55999755859375,100.1500015258789,100.16000366210938,32400.0
2023-07-06,100.44000244140625,100.45999908447266,99.9800033569336,100.45999908447266,19500.0
2023-07-07,100.68000030517578,101.25,100.66000366210938,101.20999908447266,13700.0
2023-07-10,101.13999938964844,101.5199966430664,101.13999938964844,101.51000213623047,34900.0
2023-07-11,101.44999694824219,101.5999984741211,101.33999633789062,101.58999633789062,47200.0
2023-07-12,102.2699966430664,102.83000183105469,102.2699966430664,102.81999969482422,98500.0
2023-07-13,103.20999908447266,103.63999938964844,103.19000244140625,103.63999938964844,102300.0
2023-07-14,103.6500015258789,103.80000305175781,103.58999633789062,103.62000274658203,34700.0
2023-07-17,103.51000213623047,103.83999633789062,103.5,103.77999877929688,79500.0
2023-07-18,103.70999908447266,103.83000183105469,103.5,103.68000030517578,31300.0
2023-07-19,103.55000305175781,103.62000274658203,103.19999694824219,103.44999694824219,38100.0
2023-07-20,103.19000244140625,103.37999725341797,102.69000244140625,102.77999877929688,92900.0
2023-07-21,102.70999908447266,102.79000091552734,102.62000274658203,102.76000213623047,74900.0
2023-07-24,102.25,102.5199966430664,102.1500015258789,102.16999816894531,66200.0
2023-07-25,101.83999633789062,102.11000061035156,101.80999755859375,102.0999984741211,70300.0
2023-07-26,102.26000213623047,102.5199966430664,102.1500015258789,102.5199966430664,87300.0
2023-07-27,101.81999969482422,101.81999969482422,101.29000091552734,101.29000091552734,70800.0
2023-07-28,101.58999633789062,102.05000305175781,101.58000183105469,101.8499984741211,32600.0
2023-07-31,101.83000183105469,102.02999877929688,101.56999969482422,101.5999984741211,38500.0
2023-08-01,101.25,101.37999725341797,101.16000366210938,101.30000305175781,45000.0
2023-08-02,101.1500015258789,101.16999816894531,100.76000213623047,100.91999816894531,26200.0
2023-08-03,100.81999969482422,101.12999725341797,100.73999786376953,100.98999786376953,33700.0
2023-08-04,101.66999816894531,101.88999938964844,101.55000305175781,101.56999969482422,40100.0
2023-08-07,101.5199966430664,101.61000061035156,101.43000030517578,101.55999755859375,19600.0
2023-08-08,101.05000305175781,101.16000366210938,100.93000030517578,101.12999725341797,23500.0
2023-08-09,101.37000274658203,101.44999694824219,101.29000091552734,101.30999755859375,24000.0
2023-08-10,101.68000030517578,101.9000015258789,101.33999633789062,101.36000061035156,27100.0
2023-08-11,101.26000213623047,101.45999908447266,101.0,101.0,34200.0
2023-08-14,100.5,100.95999908447266,100.41999816894531,100.66000366210938,34400.0
2023-08-15,101.0199966430664,101.06999969482422,100.6500015258789,100.69000244140625,35600.0
2023-08-16,100.70999908447266,100.86000061035156,100.4000015258789,100.44000244140625,27800.0
2023-08-17,100.72000122070312,100.77999877929688,100.26000213623047,100.38999938964844,48300.0
2023-08-18,100.30999755859375,100.48999786376953,100.27999877929688,100.43000030517578,28800.0
2023-08-21,100.5999984741211,100.70999908447266,100.4800033569336,100.6500015258789,36400.0
2023-08-22,100.31999969482422,100.31999969482422,100.05999755859375,100.19000244140625,66400.0
2023-08-23,100.04000091552734,100.41000366210938,100.0199966430664,100.37000274658203,156600.0
2023-08-24,99.94999694824219,100.19000244140625,99.83999633789062,99.8499984741211,59800.0
2023-08-25,99.9000015258789,100.1500015258789,99.4800033569336,99.83999633789062,60600.0
2023-08-28,99.86000061035156,99.98999786376953,99.79000091552734,99.97000122070312,59100.0
2023-08-29,99.66999816894531,100.66000366210938,99.66999816894531,100.62000274658203,295500.0
2023-08-30,100.91000366210938,101.23999786376953,100.91000366210938,100.94999694824219,64700.0
2023-08-31,100.44999694824219,100.44999694824219,100.16000366210938,100.25,36000.0
2023-09-01,100.26000213623047,100.41999816894531,99.41000366210938,99.44999694824219,385700.0
2023-09-05,99.0999984741211,99.16999816894531,98.79000091552734,98.91000366210938,137400.0
2023-09-06,98.98999786376953,99.08999633789062,98.77999877929688,98.9800033569336,50500.0
2023-09-07,98.80999755859375,98.83000183105469,98.66000366210938,98.69999694824219,26600.0
2023-09-08,98.80999755859375,99.1500015258789,98.7300033569336,98.77999877929688,55600.0
2023-09-11,99.11000061035156,99.30999755859375,98.98999786376953,99.2300033569336,88800.0
2023-09-12,98.91999816894531,99.12000274658203,98.88999938964844,99.05000305175781,68800.0
2023-09-13,99.22000122070312,99.29000091552734,99.05000305175781,99.08999633789062,43400.0
2023-09-14,98.56999969482422,98.61000061035156,98.16000366210938,98.25,104400.0
2023-09-15,98.48999786376953,98.6500015258789,98.41000366210938,98.41999816894531,38600.0
2023-09-18,98.55000305175781,98.79000091552734,98.45999908447266,98.7300033569336,34900.0
2023-09-19,98.7300033569336,98.83999633789062,98.5999984741211,98.5999984741211,50100.0
2023-09-20,98.86000061035156,99.16000366210938,98.44000244140625,98.44000244140625,32400.0
2023-09-21,98.37999725341797,98.55999755859375,98.2699966430664,98.4800033569336,140600.0
2023-09-22,98.37000274658203,98.56999969482422,98.29000091552734,98.29000091552734,26200.0
2023-09-25,98.08999633789062,98.08999633789062,97.7300033569336,97.87999725341797,38900.0
2023-09-26,97.8499984741211,97.87000274658203,97.58000183105469,97.66999816894531,48400.0
2023-09-27,97.33999633789062,97.33999633789062,96.94999694824219,97.06999969482422,31600.0
2023-09-28,97.43000030517578,97.75,97.37999725341797,97.61000061035156,35100.0
2023-09-29,97.87000274658203,98.04000091552734,97.63999938964844,97.69999694824219,103500.0
2023-10-02,97.02999877929688,97.0999984741211,96.70999908447266,96.73999786376953,43800.0
2023-10-03,96.5999984741211,96.7300033569336,96.41999816894531,96.62000274658203,70300.0
2023-10-04,97.02999877929688,97.08999633789062,96.77999877929688,97.08999633789062,16600.0
2023-10-05,97.0999984741211,97.36000061035156,97.02999877929688,97.36000061035156,22500.0
2023-10-06,96.95999908447266,97.83999633789062,96.94999694824219,97.75,324700.0
2023-10-09,97.36000061035156,97.58000183105469,97.27999877929688,97.56999969482422,43200.0
2023-10-10,97.80000305175781,98.02999877929688,97.7699966430664,97.87999725341797,52700.0
2023-10-11,98.01000213623047,98.16000366210938,97.7300033569336,97.97000122070312,36900.0
2023-10-12,97.66000366210938,97.66000366210938,97.19000244140625,97.19999694824219,37000.0
2023-10-13,97.13999938964844,97.19000244140625,96.94000244140625,97.05000305175781,295500.0
2023-10-16,97.30999755859375,97.52999877929688,97.26000213623047,97.52999877929688,24600.0
2023-10-17,97.44999694824219,97.8499984741211,97.44999694824219,97.75,54100.0
2023-10-18,97.45999908447266,97.5,97.20999908447266,97.30000305175781,13500.0
2023-10-19,97.5999984741211,98.05000305175781,97.55999755859375,97.81999969482422,117200.0
2023-10-20,97.81999969482422,97.91000366210938,97.70999908447266,97.86000061035156,10500.0
2023-10-23,97.91999816894531,98.63999938964844,97.86000061035156,98.55999755859375,73800.0
2023-10-24,98.12999725341797,98.1500015258789,97.80000305175781,97.91000366210938,52500.0
2023-10-25,97.69999694824219,97.87000274658203,97.63999938964844,97.63999938964844,16200.0
2023-10-26,97.48999786376953,97.58000183105469,97.29000091552734,97.58000183105469,154200.0
2023-10-27,97.76000213623047,97.94000244140625,97.62999725341797,97.68000030517578,27500.0
2023-10-30,97.94999694824219,98.19999694824219,97.91000366210938,98.12000274658203,22000.0
2023-10-31,98.05999755859375,98.05999755859375,97.5999984741211,97.80999755859375,11400.0
2023-11-01,97.16000366210938,97.61000061035156,97.04000091552734,97.4800033569336,133900.0
2023-11-02,98.33000183105469,98.36000061035156,97.91999816894531,97.9800033569336,51700.0
2023-11-03,98.9000015258789,99.13999938964844,98.73999786376953,98.98999786376953,31900.0
2023-11-06,99.12000274658203,99.19000244140625,98.91000366210938,98.93000030517578,46500.0
2023-11-07,98.51000213623047,98.80000305175781,98.44999694824219,98.69999694824219,34200.0
2023-11-08,98.55000305175781,98.88999938964844,98.55000305175781,98.83999633789062,25800.0
2023-11-09,98.80000305175781,98.98999786376953,98.41000366210938,98.44000244140625,67600.0
2023-11-10,98.58999633789062,98.6500015258789,98.43000030517578,98.61000061035156,26400.0
2023-11-13,98.54000091552734,98.81999969482422,98.4800033569336,98.7699966430664,44900.0
2023-11-14,99.80999755859375,100.5199966430664,99.80999755859375,100.47000122070312,92700.0
2023-11-15,100.19000244140625,100.30999755859375,100.02999877929688,100.12999725341797,32400.0
2023-11-16,100.27999877929688,100.55999755859375,100.16999816894531,100.18000030517578,18100.0
2023-11-17,100.37000274658203,100.76000213623047,100.31999969482422,100.76000213623047,20700.0
2023-11-20,100.8499984741211,101.16000366210938,100.8499984741211,101.08999633789062,32500.0
2023-11-21,101.2300033569336,101.2300033569336,100.6500015258789,100.77999877929688,44300.0
2023-11-22,100.5,100.58999633789062,100.26000213623047,100.58000183105469,18700.0
2023-11-24,100.93000030517578,101.12000274658203,100.91000366210938,101.06999969482422,6500.0
2023-11-27,100.98999786376953,101.29000091552734,100.98999786376953,101.29000091552734,13300.0
2023-11-28,101.44999694824219,101.72000122070312,101.43000030517578,101.55999755859375,34000.0
2023-11-29,101.47000122070312,101.61000061035156,101.30999755859375,101.41999816894531,16900.0
2023-11-30,100.83999633789062,100.87999725341797,100.55999755859375,100.62000274658203,57900.0
2023-12-01,100.2300033569336,100.4800033569336,99.91000366210938,100.36000061035156,145700.0
2023-12-04,99.8499984741211,100.0199966430664,99.69000244140625,99.9800033569336,31800.0
2023-12-05,99.80999755859375,99.94000244140625,99.5,99.5999984741211,41200.0
2023-12-06,99.66000366210938,99.66000366210938,99.30000305175781,99.33999633789062,17700.0
2023-12-07,99.47000122070312,99.83000183105469,99.47000122070312,99.6500015258789,18200.0
2023-12-08,99.1500015258789,99.5199966430664,99.13999938964844,99.33999633789062,42700.0
2023-12-11,99.19999694824219,99.41000366210938,99.16999816894531,99.38999938964844,19600.0
2023-12-12,99.51000213623047,99.69000244140625,99.41000366210938,99.69000244140625,15300.0
2023-12-13,99.68000030517578,100.58000183105469,99.55000305175781,100.5199966430664,36100.0
2023-12-14,101.19999694824219,101.62999725341797,101.19999694824219,101.5199966430664,91200.0
2023-12-15,100.81999969482422,100.83000183105469,100.56999969482422,100.58999633789062,44600.0
2023-12-18,100.87000274658203,100.94000244140625,100.79000091552734,100.86000061035156,53800.0
2023-12-19,101.27999877929688,101.47000122070312,101.26000213623047,101.38999938964844,34100.0
2023-12-20,101.26000213623047,101.37999725341797,100.9800033569336,100.98999786376953,18100.0
2023-12-21,101.52999877929688,101.66000366210938,101.43000030517578,101.66000366210938,21900.0
2023-12-22,101.86000061035156,101.98999786376953,101.6500015258789,101.75,41100.0
2023-12-26,101.80999755859375,102.05999755859375,101.80999755859375,102.02999877929688,22100.0
2023-12-27,102.37999725341797,102.7699966430664,102.36000061035156,102.6500015258789,55300.0
2023-12-28,102.51000213623047,102.7300033569336,102.19000244140625,102.2699966430664,94400.0
2023-12-29,102.18000030517578,102.3499984741211,102.04000091552734,102.04000091552734,15600.0
2024-01-02,101.02999877929688,101.16999816894531,100.97000122070312,100.97000122070312,58600.0
2024-01-03,100.72000122070312,100.91000366210938,100.58999633789062,100.7699966430664,45000.0
2024-01-04,100.97000122070312,101.16999816894531,100.94999694824219,101.05999755859375,21800.0
2024-01-05,101.01000213623047,101.41999816894531,100.91999816894531,100.95999908447266,55000.0
2024-01-08,101.05999755859375,101.33000183105469,101.05999755859375,101.12999725341797,17400.0
2024-01-09,100.98999786376953,101.02999877929688,100.72000122070312,100.87000274658203,7200.0
2024-01-10,100.95999908447266,101.29000091552734,100.95999908447266,101.23999786376953,11900.0
2024-01-11,101.26000213623047,101.36000061035156,101.01000213623047,101.27999877929688,16100.0
2024-01-12,101.30000305175781,101.4000015258789,101.11000061035156,101.11000061035156,9900.0
2024-01-16,100.44999694824219,100.5999984741211,100.33000183105469,100.41000366210938,45300.0
2024-01-17,100.31999969482422,100.48999786376953,100.18000030517578,100.4800033569336,44000.0
2024-01-18,100.3499984741211,100.37999725341797,100.19000244140625,100.37000274658203,12600.0
2024-01-19,100.45999908447266,100.6500015258789,100.37999725341797,100.6500015258789,46900.0
2024-01-22,100.5999984741211,100.69999694824219,100.54000091552734,100.61000061035156,60500.0
2024-01-23,100.41000366210938,100.41000366210938,100.02999877929688,100.2300033569336,30200.0
2024-01-24,101.0,101.02999877929688,100.5199966430664,100.52999877929688,33600.0
2024-01-25,100.41000366210938,100.4800033569336,100.04000091552734,100.16999816894531,50100.0
2024-01-26,100.38999938964844,100.4800033569336,100.30000305175781,100.30000305175781,108600.0
2024-01-29,99.8499984741211,100.12999725341797,99.80999755859375,100.0999984741211,80300.0
2024-01-30,100.30000305175781,100.33999633789062,100.11000061035156,100.22000122070312,12300.0
2024-01-31,100.41999816894531,100.62999725341797,99.80000305175781,99.87999725341797,23300.0
2024-02-01,99.87000274658203,100.31999969482422,99.58999633789062,100.29000091552734,20500.0
2024-02-02,99.68000030517578,99.7699966430664,99.4800033569336,99.58000183105469,24300.0
2024-02-05,99.12000274658203,99.19000244140625,98.97000122070312,99.16000366210938,62800.0
2024-02-06,99.08999633789062,99.29000091552734,99.08999633789062,99.29000091552734,11900.0
2024-02-07,99.4000015258789,99.45999908447266,99.3499984741211,99.44000244140625,37000.0
2024-02-08,99.30000305175781,99.5,99.2699966430664,99.48999786376953,9700.0
2024-02-09,99.44999694824219,99.5999984741211,99.44999694824219,99.56999969482422,6700.0
2024-02-12,99.38999938964844,99.5999984741211,99.33999633789062,99.48999786376953,11400.0
2024-02-13,99.05000305175781,99.05000305175781,98.83000183105469,98.87999725341797,13200.0
2024-02-14,98.91000366210938,99.0999984741211,98.91000366210938,99.06999969482422,11900.0
2024-02-15,99.4800033569336,99.56999969482422,99.36000061035156,99.45999908447266,16700.0
2024-02-16,99.23999786376953,99.61000061035156,99.23999786376953,99.52999877929688,13500.0
2024-02-20,100.05999755859375,100.12000274658203,99.81999969482422,99.8499984741211,30800.0
2024-02-21,99.8499984741211,99.97000122070312,99.79000091552734,99.94000244140625,17400.0
2024-02-22,99.87999725341797,100.01000213623047,99.86000061035156,99.98999786376953,20500.0
2024-02-23,100.11000061035156,100.11000061035156,99.93000030517578,99.98999786376953,25000.0
2024-02-26,100.25,100.30999755859375,100.18000030517578,100.2699966430664,14800.0
2024-02-27,100.22000122070312,100.33999633789062,100.13999938964844,100.2300033569336,35500.0
2024-02-28,100.08000183105469,100.23999786376953,100.08000183105469,100.18000030517578,9400.0
2024-02-29,100.2300033569336,100.33000183105469,99.79000091552734,99.86000061035156,70900.0
2024-03-01,99.80000305175781,100.12000274658203,99.69999694824219,100.01000213623047,97500.0
2024-03-04,100.18000030517578,100.26000213623047,100.16000366210938,100.20999908447266,18600.0
2024-03-05,100.13999938964844,100.37999725341797,100.0999984741211,100.2300033569336,25800.0
2024-03-06,100.4800033569336,100.73999786376953,100.45999908447266,100.62000274658203,15900.0
2024-03-07,100.62000274658203,101.08000183105469,100.62000274658203,101.08000183105469,24100.0
2024-03-08,101.13999938964844,101.19000244140625,100.94000244140625,100.98999786376953,18500.0
2024-03-11,100.87999725341797,100.97000122070312,100.80000305175781,100.88999938964844,13600.0
2024-03-12,100.7300033569336,100.88999938964844,100.69000244140625,100.88999938964844,11400.0
2024-03-13,101.0,101.22000122070312,100.9800033569336,101.08999633789062,11200.0
2024-03-14,100.83000183105469,100.8499984741211,100.51000213623047,100.5999984741211,52500.0
2024-03-15,100.51000213623047,100.62999725341797,100.51000213623047,100.56999969482422,29900.0
2024-03-18,100.58000183105469,100.61000061035156,100.37999725341797,100.41000366210938,32100.0
2024-03-19,100.26000213623047,100.37999725341797,100.23999786376953,100.36000061035156,19200.0
2024-03-20,100.13999938964844,100.91000366210938,100.13999938964844,100.91000366210938,43500.0
2024-03-21,100.69000244140625,100.69999694824219,100.30000305175781,100.30999755859375,41100.0
2024-03-22,100.04000091552734,100.05999755859375,99.80999755859375,99.86000061035156,21200.0
2024-03-25,100.05999755859375,100.18000030517578,100.05999755859375,100.16999816894531,13900.0
2024-03-26,100.29000091552734,100.30000305175781,100.06999969482422,100.06999969482422,9500.0
2024-03-27,99.93000030517578,100.05999755859375,99.91000366210938,100.05000305175781,21100.0
2024-03-28,99.83000183105469,99.9000015258789,99.68000030517578,99.70999908447266,15700.0
2024-04-01,99.44000244140625,99.47000122070312,99.01000213623047,99.11000061035156,69400.0
2024-04-02,99.2699966430664,99.44000244140625,99.23999786376953,99.37000274658203,10900.0
2024-04-03,99.52999877929688,100.0199966430664,99.52999877929688,100.0199966430664,201600.0
2024-04-04,100.29000091552734,100.37000274658203,100.0199966430664,100.02999877929688,66000.0
2024-04-05,99.68000030517578,100.08999633789062,99.6500015258789,100.0199966430664,12700.0
2024-04-08,100.05999755859375,100.25,100.05999755859375,100.23999786376953,12000.0
2024-04-09,100.45999908447266,100.45999908447266,100.16999816894531,100.23999786376953,11500.0
2024-04-10,99.45999908447266,99.48999786376953,99.06999969482422,99.20999908447266,31200.0
2024-04-11,99.30000305175781,99.30000305175781,98.83000183105469,99.04000091552734,405800.0
2024-04-12,98.19999694824219,98.30999755859375,98.08000183105469,98.2300033569336,73600.0
2024-04-15,98.30999755859375,98.33000183105469,98.08999633789062,98.13999938964844,28200.0
2024-04-16,98.19000244140625,98.29000091552734,97.88999938964844,98.0999984741211,37400.0
2024-04-17,98.31999969482422,98.63999938964844,98.25,98.58000183105469,38000.0
2024-04-18,98.4800033569336,98.48999786376953,98.33000183105469,98.33999633789062,19000.0
2024-04-19,98.56999969482422,98.5999984741211,98.30000305175781,98.41999816894531,24200.0
2024-04-22,98.18000030517578,98.48999786376953,98.18000030517578,98.41999816894531,24800.0
2024-04-23,98.56999969482422,98.94000244140625,98.56999969482422,98.88999938964844,18800.0
2024-04-24,98.79000091552734,98.94000244140625,98.72000122070312,98.87999725341797,42900.0
2024-04-25,98.75,99.2300033569336,98.75,99.1500015258789,40300.0
2024-04-26,99.0199966430664,99.0199966430664,98.66999816894531,98.9000015258789,19000.0
2024-04-29,98.91000366210938,99.1500015258789,98.83999633789062,99.11000061035156,21000.0
2024-04-30,98.94999694824219,99.05000305175781,98.63999938964844,98.63999938964844,43400.0
2024-05-01,98.5199966430664,99.0,98.45999908447266,98.63999938964844,38600.0
2024-05-02,98.55999755859375,99.0,98.52999877929688,98.9800033569336,7100.0
2024-05-03,99.54000091552734,99.54000091552734,99.25,99.33000183105469,21300.0
2024-05-06,99.5,99.55999755859375,99.37000274658203,99.37000274658203,23100.0
2024-05-07,99.48999786376953,99.55999755859375,99.20999908447266,99.26000213623047,6500.0
2024-05-08,99.25,99.26000213623047,99.16000366210938,99.19000244140625,30800.0
2024-05-09,99.30000305175781,99.54000091552734,99.30000305175781,99.52999877929688,49600.0
2024-05-10,99.4800033569336,99.5999984741211,99.37999725341797,99.45999908447266,21100.0
2024-05-13,99.7300033569336,99.7699966430664,99.58999633789062,99.62999725341797,15900.0
2024-05-14,99.88999938964844,99.95999908447266,99.83999633789062,99.87000274658203,15700.0
2024-05-15,100.23999786376953,100.48999786376953,100.08000183105469,100.48999786376953,26500.0
2024-05-16,100.33000183105469,100.44000244140625,100.26000213623047,100.36000061035156,36300.0
2024-05-17,100.2300033569336,100.44999694824219,100.19000244140625,100.43000030517578,11500.0
2024-05-20,100.4000015258789,100.41000366210938,100.30000305175781,100.30000305175781,33500.0
2024-05-21,100.30000305175781,100.33000183105469,100.2300033569336,100.29000091552734,10100.0
2024-05-22,100.12999725341797,100.18000030517578,99.93000030517578,99.94999694824219,14300.0
2024-05-23,100.3499984741211,100.3499984741211,99.83999633789062,99.87999725341797,12300.0
2024-05-24,100.25,100.30000305175781,100.22000122070312,100.26000213623047,11300.0
2024-05-28,100.52999877929688,100.54000091552734,100.30999755859375,100.37000274658203,9100.0
2024-05-29,100.19000244140625,100.19000244140625,99.81999969482422,99.81999969482422,17000.0
2024-05-30,100.06999969482422,100.20999908447266,100.05999755859375,100.08999633789062,11400.0
2024-05-31,100.45999908447266,100.51000213623047,100.20999908447266,100.29000091552734,21800.0
2024-06-03,100.44999694824219,100.56999969482422,100.4000015258789,100.55999755859375,10200.0
2024-06-04,100.29000091552734,100.44999694824219,100.26000213623047,100.4000015258789,40500.0
2024-06-05,100.47000122070312,100.47000122070312,100.22000122070312,100.30999755859375,34600.0
2024-06-06,100.47000122070312,100.5199966430664,100.33000183105469,100.45999908447266,15000.0
2024-06-07,99.88999938964844,99.9800033569336,99.68000030517578,99.69000244140625,47200.0
2024-06-10,99.11000061035156,99.37000274658203,99.0999984741211,99.36000061035156,22500.0
2024-06-11,99.0,99.20999908447266,98.9800033569336,99.16000366210938,25500.0
2024-06-12,100.01000213623047,100.1500015258789,99.76000213623047,99.76000213623047,34200.0
2024-06-13,99.69999694824219,99.69999694824219,99.0999984741211,99.16999816894531,58600.0
2024-06-14,98.5999984741211,98.86000061035156,98.51000213623047,98.86000061035156,20600.0
2024-06-17,98.94999694824219,99.16000366210938,98.94999694824219,99.11000061035156,29600.0
2024-06-18,99.11000061035156,99.38999938964844,99.11000061035156,99.18000030517578,12500.0
2024-06-20,99.02999877929688,99.0999984741211,98.87000274658203,98.87999725341797,23800.0
2024-06-21,98.80000305175781,98.81999969482422,98.66999816894531,98.7699966430664,53200.0
2024-06-24,99.16999816894531,99.2699966430664,99.05999755859375,99.19000244140625,72500.0
2024-06-25,98.87999725341797,99.04000091552734,98.77999877929688,99.01000213623047,18300.0
2024-06-26,98.61000061035156,98.7699966430664,98.58999633789062,98.66999816894531,21800.0
2024-06-27,99.0999984741211,99.0999984741211,98.87999725341797,98.87999725341797,9300.0
2024-06-28,98.87000274658203,99.04000091552734,98.8499984741211,98.95999908447266,10000.0
2024-07-01,99.19000244140625,99.2699966430664,98.93000030517578,99.06999969482422,37100.0
2024-07-02,99.04000091552734,99.13999938964844,99.01000213623047,99.12999725341797,8300.0
2024-07-03,99.47000122070312,99.80999755859375,99.47000122070312,99.61000061035156,45300.0
2024-07-05,99.91000366210938,100.08000183105469,99.7699966430664,100.05000305175781,23400.0
2024-07-08,100.0999984741211,100.0999984741211,99.87999725341797,99.9000015258789,58600.0
2024-07-09,99.8499984741211,99.9000015258789,99.76000213623047,99.83000183105469,37000.0
2024-07-10,99.9000015258789,99.97000122070312,99.87999725341797,99.97000122070312,16300.0
2024-07-11,100.43000030517578,100.51000213623047,100.26000213623047,100.27999877929688,31800.0
2024-07-12,100.58000183105469,100.7300033569336,100.58000183105469,100.66999816894531,15500.0
2024-07-15,100.81999969482422,100.83000183105469,100.61000061035156,100.66000366210938,40700.0
2024-07-16,100.48999786376953,100.68000030517578,100.44999694824219,100.68000030517578,14400.0
2024-07-17,101.05999755859375,101.08000183105469,100.88999938964844,101.0199966430664,20200.0
2024-07-18,100.83999633789062,100.83999633789062,100.61000061035156,100.62999725341797,7700.0
2024-07-19,100.52999877929688,100.58999633789062,100.4800033569336,100.5,14300.0
2024-07-22,100.52999877929688,100.5999984741211,100.4800033569336,100.56999969482422,13200.0
2024-07-23,100.27999877929688,100.31999969482422,100.19999694824219,100.27999877929688,84400.0
2024-07-24,100.30999755859375,100.37000274658203,100.13999938964844,100.1500015258789,51800.0
2024-07-25,100.12000274658203,100.37999725341797,100.12000274658203,100.29000091552734,9200.0
2024-07-26,100.37999725341797,100.41999816894531,100.30000305175781,100.31999969482422,26500.0
2024-07-29,100.04000091552734,100.05000305175781,99.8499984741211,100.02999877929688,31300.0
2024-07-30,99.91999816894531,99.97000122070312,99.81999969482422,99.9000015258789,64500.0
2024-07-31,100.22000122070312,100.26000213623047,99.88999938964844,100.0199966430664,31200.0
2024-08-01,99.55999755859375,99.79000091552734,99.4800033569336,99.54000091552734,20600.0
2024-08-02,100.62000274658203,100.77999877929688,100.45999908447266,100.69999694824219,46000.0
2024-08-05,101.43000030517578,101.52999877929688,101.05999755859375,101.12999725341797,45000.0
2024-08-06,100.66000366210938,100.91000366210938,100.66000366210938,100.87000274658203,16000.0
2024-08-07,100.86000061035156,100.91000366210938,100.73999786376953,100.83999633789062,38800.0
2024-08-08,100.58000183105469,100.7699966430664,100.44999694824219,100.7699966430664,12000.0
2024-08-09,100.83000183105469,100.91000366210938,100.79000091552734,100.79000091552734,8400.0
2024-08-12,100.91000366210938,100.9800033569336,100.80000305175781,100.93000030517578,30700.0
2024-08-13,101.13999938964844,101.55000305175781,101.12000274658203,101.55000305175781,10700.0
2024-08-14,101.73999786376953,102.0,101.69999694824219,101.7300033569336,10900.0
2024-08-15,101.19000244140625,101.4800033569336,101.19000244140625,101.33000183105469,39300.0
2024-08-16,101.51000213623047,101.83000183105469,101.4800033569336,101.83000183105469,19400.0
2024-08-19,101.86000061035156,102.4000015258789,101.86000061035156,102.4000015258789,16100.0
2024-08-20,102.51000213623047,102.79000091552734,102.5,102.73999786376953,113600.0
2024-08-21,102.66000366210938,103.20999908447266,102.5999984741211,103.01000213623047,49400.0
2024-08-22,102.88999938964844,102.88999938964844,102.51000213623047,102.58999633789062,26700.0
2024-08-23,102.5999984741211,103.45999908447266,102.5999984741211,103.41000366210938,55300.0
2024-08-26,103.13999938964844,103.29000091552734,103.06999969482422,103.11000061035156,79800.0
2024-08-27,103.08999633789062,103.4000015258789,103.08999633789062,103.37000274658203,11200.0
2024-08-28,102.7699966430664,102.86000061035156,102.6500015258789,102.69999694824219,14800.0
2024-08-29,102.45999908447266,102.45999908447266,102.19999694824219,102.3499984741211,15600.0
2024-08-30,102.16999816894531,102.37000274658203,102.08999633789062,102.19000244140625,46400.0
2024-09-03,102.0199966430664,102.0999984741211,101.77999877929688,101.91999816894531,69900.0
2024-09-04,101.9800033569336,102.37000274658203,101.9800033569336,102.2699966430664,30300.0
2024-09-05,102.45999908447266,102.55999755859375,102.23999786376953,102.48999786376953,23900.0
2024-09-06,102.37000274658203,102.73999786376953,102.18000030517578,102.36000061035156,21200.0
2024-09-09,102.05000305175781,102.05000305175781,101.87999725341797,101.91999816894531,42000.0
2024-09-10,101.83000183105469,101.86000061035156,101.70999908447266,101.80999755859375,63100.0
2024-09-11,101.76000213623047,101.77999877929688,101.62000274658203,101.75,28800.0
2024-09-12,101.93000030517578,102.20999908447266,101.87000274658203,102.20999908447266,35700.0
2024-09-13,102.41000366210938,102.44999694824219,102.27999877929688,102.27999877929688,29500.0
2024-09-16,102.73999786376953,102.8499984741211,102.68000030517578,102.83999633789062,42900.0
2024-09-17,102.70999908447266,102.76000213623047,102.62000274658203,102.63999938964844,18700.0
2024-09-18,102.83000183105469,103.2699966430664,102.52999877929688,102.56999969482422,48900.0
2024-09-19,102.80000305175781,103.13999938964844,102.66999816894531,103.11000061035156,16200.0
2024-09-20,103.11000061035156,103.2300033569336,102.87999725341797,103.11000061035156,44800.0
2024-09-23,102.77999877929688,102.9000015258789,102.66999816894531,102.66999816894531,18400.0
2024-09-24,102.87000274658203,103.27999877929688,102.86000061035156,103.27999877929688,56100.0
2024-09-25,103.47000122070312,103.54000091552734,102.7699966430664,102.80999755859375,23000.0
2024-09-26,102.91000366210938,103.36000061035156,102.80999755859375,103.2699966430664,18800.0
2024-09-27,103.41999816894531,103.41999816894531,103.04000091552734,103.1500015258789,8200.0
2024-09-30,103.20999908447266,103.27999877929688,102.7300033569336,102.87000274658203,30200.0
2024-10-01,102.22000122070312,102.2300033569336,101.91000366210938,102.05999755859375,79800.0
2024-10-02,102.0,102.01000213623047,101.80000305175781,101.97000122070312,23600.0
2024-10-03,101.83999633789062,101.86000061035156,101.58999633789062,101.7300033569336,38600.0
2024-10-04,101.12999725341797,101.30000305175781,101.05999755859375,101.29000091552734,29600.0
2024-10-07,101.23999786376953,101.3499984741211,101.20999908447266,101.2300033569336,20100.0
2024-10-08,101.29000091552734,101.33000183105469,101.19000244140625,101.30000305175781,6400.0
2024-10-09,101.08999633789062,101.13999938964844,100.93000030517578,100.94000244140625,9100.0
2024-10-10,100.9800033569336,100.9800033569336,100.5999984741211,100.91000366210938,39800.0
2024-10-11,100.95999908447266,101.08999633789062,100.93000030517578,100.93000030517578,12100.0
2024-10-14,100.76000213623047,100.83000183105469,100.52999877929688,100.68000030517578,49800.0
2024-10-15,100.70999908447266,100.7300033569336,100.4800033569336,100.5,12300.0
2024-10-16,100.52999877929688,100.56999969482422,100.22000122070312,100.26000213623047,30000.0
2024-10-17,99.80999755859375,100.06999969482422,99.80999755859375,99.9800033569336,34500.0
2024-10-18,100.23999786376953,100.33000183105469,100.19999694824219,100.31999969482422,46900.0
2024-10-21,100.18000030517578,100.23999786376953,99.8499984741211,99.87999725341797,32200.0
2024-10-22,99.87000274658203,99.87000274658203,99.68000030517578,99.68000030517578,11400.0
2024-10-23,99.55999755859375,99.62999725341797,99.44999694824219,99.62000274658203,29800.0
2024-10-24,99.86000061035156,100.01000213623047,99.70999908447266,100.0,45100.0
2024-10-25,100.01000213623047,100.11000061035156,99.69999694824219,99.72000122070312,7400.0
2024-10-28,99.97000122070312,100.01000213623047,99.87999725341797,99.9000015258789,29300.0
2024-10-29,99.5999984741211,99.91999816894531,99.56999969482422,99.91999816894531,23600.0
2024-10-30,100.02999877929688,100.44000244140625,99.97000122070312,100.33999633789062,18800.0
2024-10-31,100.54000091552734,100.58000183105469,100.25,100.51000213623047,18600.0
2024-11-01,100.25,100.29000091552734,99.95999908447266,99.9800033569336,15600.0
2024-11-04,100.62999725341797,100.63999938964844,100.36000061035156,100.36000061035156,15000.0
2024-11-05,100.6500015258789,100.91999816894531,100.44999694824219,100.83999633789062,40200.0
2024-11-06,98.87000274658203,99.27999877929688,98.73999786376953,99.06999969482422,61600.0
2024-11-07,99.5999984741211,99.83999633789062,99.41000366210938,99.68000030517578,22900.0
2024-11-08,99.30999755859375,99.33999633789062,98.69999694824219,98.87999725341797,69100.0
2024-11-11,98.4000015258789,98.4000015258789,98.1500015258789,98.31999969482422,81600.0
2024-11-12,98.05000305175781,98.05000305175781,97.80000305175781,98.02999877929688,36000.0
2024-11-13,98.01000213623047,98.05000305175781,97.47000122070312,97.48999786376953,29900.0
2024-11-14,97.37999725341797,97.6500015258789,97.05000305175781,97.0999984741211,41900.0
2024-11-15,97.30999755859375,97.44999694824219,97.0999984741211,97.18000030517578,35500.0
2024-11-18,97.48999786376953,97.94000244140625,97.48999786376953,97.81999969482422,60600.0
2024-11-19,97.76000213623047,97.8499984741211,97.58999633789062,97.80999755859375,14400.0
2024-11-20,97.3499984741211,97.37999725341797,97.05000305175781,97.33000183105469,24600.0
2024-11-21,97.20999908447266,97.30999755859375,96.66000366210938,96.76000213623047,32400.0
2024-11-22,96.19999694824219,96.27999877929688,96.0,96.18000030517578,70700.0
2024-11-25,97.19999694824219,97.19999694824219,96.68000030517578,96.93000030517578,34800.0
2024-11-26,97.0,97.04000091552734,96.58999633789062,96.80000305175781,15000.0
2024-11-27,97.56999969482422,97.77999877929688,97.37000274658203,97.58999633789062,17500.0
2024-11-29,97.51000213623047,97.62000274658203,97.37999725341797,97.61000061035156,7700.0
2024-12-02,96.86000061035156,96.9800033569336,96.52999877929688,96.87999725341797,31800.0
2024-12-03,97.11000061035156,97.19999694824219,96.83999633789062,96.95999908447266,33200.0
2024-12-04,96.75,97.2699966430664,96.75,97.0,35300.0
2024-12-05,97.58999633789062,97.69999694824219,97.36000061035156,97.63999938964844,26400.0
2024-12-06,97.6500015258789,97.6500015258789,97.2699966430664,97.48999786376953,18500.0
2024-12-09,97.69000244140625,97.72000122070312,97.33999633789062,97.36000061035156,8900.0
2024-12-10,97.16000366210938,97.16000366210938,96.91999816894531,97.13999938964844,10100.0
2024-12-11,96.91999816894531,96.98999786376953,96.73999786376953,96.86000061035156,13800.0
2024-12-12,96.7300033569336,96.94000244140625,96.56999969482422,96.56999969482422,18000.0
2024-12-13,96.86000061035156,96.91999816894531,96.75,96.87000274658203,9300.0
2024-12-16,96.80000305175781,97.13999938964844,96.79000091552734,97.0,37300.0
2024-12-17,97.01000213623047,97.01000213623047,96.80999755859375,96.83999633789062,10100.0
2024-12-18,96.73999786376953,96.9000015258789,95.52999877929688,95.66999816894531,54800.0
2024-12-19,95.9800033569336,96.05000305175781,95.66000366210938,95.70999908447266,25500.0
2024-12-20,95.91999816894531,96.44000244140625,95.91999816894531,96.30999755859375,32400.0
2024-12-23,96.18000030517578,96.18000030517578,95.9000015258789,96.08000183105469,38700.0
2024-12-24,96.13999938964844,96.13999938964844,95.91000366210938,95.93000030517578,12700.0
2024-12-26,96.01000213623047,96.2699966430664,96.01000213623047,96.23999786376953,15900.0
2024-12-27,96.47000122070312,96.47000122070312,96.20999908447266,96.29000091552734,17200.0
2024-12-30,96.05000305175781,96.12999725341797,95.83000183105469,96.04000091552734,26400.0
2024-12-31,96.01000213623047,96.01000213623047,95.55999755859375,95.66000366210938,30100.0
2025-01-02,95.25,95.25,94.33000183105469,94.66999816894531,260100.0
2025-01-03,94.93000030517578,95.08999633789062,94.80000305175781,95.08000183105469,19400.0
2025-01-06,95.73999786376953,95.94999694824219,95.69999694824219,95.87000274658203,57600.0
2025-01-07,95.97000122070312,95.97000122070312,95.45999908447266,95.45999908447266,101300.0
2025-01-08,95.11000061035156,95.26000213623047,94.9800033569336,95.22000122070312,78100.0
2025-01-10,94.81999969482422,94.87000274658203,94.41000366210938,94.54000091552734,107200.0
2025-01-13,94.36000061035156,94.36000061035156,94.08000183105469,94.31999969482422,106800.0
2025-01-14,94.6500015258789,95.1500015258789,94.6500015258789,95.11000061035156,79500.0
2025-01-15,95.44999694824219,95.44999694824219,94.7300033569336,95.02999877929688,69300.0
2025-01-16,94.81999969482422,95.20999908447266,94.79000091552734,95.05999755859375,56400.0
2025-01-17,94.91999816894531,95.33000183105469,94.83999633789062,94.87999725341797,100100.0
2025-01-21,95.93000030517578,96.3499984741211,95.86000061035156,96.22000122070312,103200.0
2025-01-22,96.26000213623047,96.27999877929688,96.12999725341797,96.12999725341797,25000.0
2025-01-23,96.1500015258789,96.37000274658203,95.77999877929688,96.19999694824219,41200.0
2025-01-24,96.70999908447266,97.1500015258789,96.70999908447266,96.93000030517578,77300.0
2025-01-27,97.23999786376953,97.23999786376953,96.80999755859375,96.87999725341797,90900.0
2025-01-28,96.38999938964844,96.41999816894531,96.25,96.36000061035156,75700.0
2025-01-29,96.05000305175781,96.31999969482422,95.98999786376953,96.18000030517578,40700.0
2025-01-30,96.44000244140625,96.44000244140625,95.95999908447266,96.1500015258789,29200.0
2025-01-31,95.8499984741211,96.37000274658203,95.73999786376953,95.83000183105469,47400.0
2025-02-03,94.77999877929688,95.37000274658203,94.52999877929688,95.01000213623047,131400.0
2025-02-04,95.5,95.83999633789062,95.47000122070312,95.83999633789062,28600.0
2025-02-05,96.16999816894531,96.37999725341797,95.98999786376953,96.0,130100.0
2025-02-06,95.69000244140625,95.91999816894531,95.62000274658203,95.87999725341797,64800.0
2025-02-07,95.79000091552734,95.86000061035156,95.12000274658203,95.31999969482422,71800.0
2025-02-10,95.0999984741211,95.25,95.0999984741211,95.13999938964844,31600.0
2025-02-11,95.33999633789062,95.69999694824219,95.33999633789062,95.66000366210938,30000.0
2025-02-12,95.51000213623047,96.26000213623047,95.44999694824219,95.93000030517578,75400.0
2025-02-13,95.86000061035156,96.5999984741211,95.75,96.58000183105469,100200.0
2025-02-14,96.94999694824219,97.05000305175781,96.87000274658203,96.87000274658203,36300.0
2025-02-18,96.54000091552734,96.63999938964844,96.38999938964844,96.4800033569336,25900.0
2025-02-19,96.30999755859375,96.4000015258789,96.05999755859375,96.2699966430664,60800.0
2025-02-20,96.55000305175781,96.9800033569336,96.47000122070312,96.95999908447266,82200.0
2025-02-21,96.86000061035156,96.87999725341797,96.48999786376953,96.58000183105469,51400.0
2025-02-24,96.66999816894531,96.81999969482422,96.58000183105469,96.66000366210938,70100.0
2025-02-25,97.04000091552734,97.12999725341797,96.86000061035156,97.12999725341797,52300.0
2025-02-26,96.9000015258789,97.12999725341797,96.80000305175781,96.86000061035156,39800.0
2025-02-27,96.37000274658203,96.37999725341797,96.05999755859375,96.0999984741211,77700.0
2025-02-28,96.16000366210938,96.20999908447266,95.72000122070312,95.83999633789062,67000.0
2025-03-03,96.6500015258789,96.91999816894531,96.62000274658203,96.7300033569336,66200.0
2025-03-04,97.16000366210938,98.05000305175781,96.88999938964844,97.93000030517578,141100.0
2025-03-05,99.19999694824219,99.6500015258789,99.19000244140625,99.58999633789062,174700.0
2025-03-06,99.91999816894531,100.16000366210938,99.44000244140625,99.55999755859375,158200.0
2025-03-07,100.26000213623047,100.47000122070312,99.94000244140625,100.0999984741211,130900.0
2025-03-10,100.16999816894531,100.16999816894531,99.86000061035156,100.01000213623047,291300.0
2025-03-11,100.88999938964844,101.05999755859375,100.61000061035156,100.83000183105469,284700.0
2025-03-12,100.58000183105469,100.87999725341797,100.41999816894531,100.55000305175781,118900.0
2025-03-13,100.0199966430664,100.38999938964844,100.0199966430664,100.1500015258789,85100.0
2025-03-14,100.55000305175781,100.58999633789062,100.3499984741211,100.48999786376953,52200.0
2025-03-17,100.66999816894531,100.91000366210938,100.63999938964844,100.8499984741211,86900.0
2025-03-18,100.81999969482422,101.11000061035156,100.6500015258789,101.08999633789062,119900.0
2025-03-19,100.63999938964844,100.7699966430664,100.26000213623047,100.62999725341797,75400.0
2025-03-20,99.94999694824219,100.22000122070312,99.81999969482422,100.22000122070312,117900.0
2025-03-21,99.98999786376953,100.05000305175781,99.76000213623047,99.9000015258789,114200.0
2025-03-24,99.95999908447266,100.0,99.58000183105469,99.77999877929688,163400.0
2025-03-25,99.94000244140625,99.97000122070312,99.68000030517578,99.72000122070312,52500.0
2025-03-26,99.48999786376953,99.69999694824219,99.25,99.31999969482422,56100.0
2025-03-27,99.52999877929688,99.91999816894531,99.52999877929688,99.69999694824219,60200.0
2025-03-28,99.9000015258789,100.1500015258789,99.75,99.97000122070312,71400.0
2025-03-31,99.98999786376953,100.01000213623047,99.62999725341797,99.9000015258789,123200.0
2025-04-01,99.72000122070312,99.7699966430664,99.52999877929688,99.55999755859375,56400.0
2025-04-02,99.87999725341797,100.33000183105469,99.80999755859375,100.12999725341797,72200.0
2025-04-03,102.25,102.66999816894531,101.48999786376953,101.48999786376953,889100.0
2025-04-04,101.76000213623047,101.88999938964844,100.80999755859375,100.97000122070312,284600.0
2025-04-07,101.20999908447266,101.2699966430664,100.58000183105469,100.69000244140625,171000.0
2025-04-08,101.05999755859375,101.31999969482422,100.5,101.11000061035156,302800.0
2025-04-09,102.30999755859375,102.30999755859375,100.75,100.95999908447266,500300.0
2025-04-10,102.6500015258789,103.77999877929688,102.55000305175781,103.47000122070312,506600.0
2025-04-11,105.27999877929688,105.30000305175781,104.1500015258789,104.7300033569336,871600.0
2025-04-14,104.48999786376953,105.08000183105469,104.38999938964844,104.83999633789062,607500.0
2025-04-15,104.56999969482422,104.58000183105469,104.01000213623047,104.18000030517578,468000.0
2025-04-16,104.98999786376953,105.36000061035156,104.83999633789062,105.13999938964844,454500.0
2025-04-17,105.0,105.12000274658203,104.70999908447266,105.0199966430664,399800.0
2025-04-21,106.4000015258789,106.45999908447266,106.05999755859375,106.36000061035156,964800.0
2025-04-22,106.04000091552734,106.1500015258789,105.45999908447266,105.48999786376953,726400.0
2025-04-23,105.18000030517578,105.33000183105469,104.4800033569336,104.62000274658203,430900.0
2025-04-24,105.02999877929688,105.2300033569336,104.80000305175781,105.12999725341797,211200.0
2025-04-25,104.68000030517578,105.16999816894531,104.66000366210938,104.91000366210938,145100.0
2025-04-28,104.87000274658203,105.52999877929688,104.87000274658203,105.51000213623047,248100.0
2025-04-29,105.38999938964844,105.45999908447266,105.05999755859375,105.12000274658203,124900.0
2025-04-30,104.94999694824219,105.05999755859375,104.56999969482422,104.62999725341797,160500.0
2025-05-01,104.44999694824219,104.4800033569336,103.94000244140625,104.16999816894531,221100.0
2025-05-02,104.69999694824219,105.0199966430664,104.22000122070312,104.30999755859375,150900.0
2025-05-05,104.86000061035156,104.87999725341797,104.2699966430664,104.43000030517578,153200.0
2025-05-06,104.68000030517578,105.04000091552734,104.58000183105469,104.97000122070312,177700.0
2025-05-07,104.87999725341797,104.94999694824219,104.3499984741211,104.37999725341797,226900.0
2025-05-08,104.30999755859375,104.41000366210938,103.48999786376953,103.62999725341797,302100.0
2025-05-09,103.93000030517578,104.20999908447266,103.83000183105469,103.91000366210938,109200.0
2025-05-12,102.63999938964844,102.76000213623047,102.12000274658203,102.3499984741211,474100.0
2025-05-13,102.83000183105469,103.2699966430664,102.72000122070312,103.25,154600.0
2025-05-14,103.51000213623047,103.66000366210938,103.02999877929688,103.04000091552734,229300.0
2025-05-15,103.4000015258789,103.41999816894531,103.06999969482422,103.18000030517578,191100.0
2025-05-16,103.30000305175781,103.38999938964844,102.73999786376953,102.87000274658203,177600.0
2025-05-19,103.88999938964844,103.9000015258789,103.5999984741211,103.76000213623047,135000.0
2025-05-20,103.70999908447266,104.13999938964844,103.66999816894531,104.12999725341797,117000.0
2025-05-21,104.56999969482422,104.8499984741211,104.4800033569336,104.48999786376953,184600.0
2025-05-22,104.30999755859375,104.30999755859375,103.88999938964844,104.08000183105469,111200.0
2025-05-23,104.55000305175781,104.94999694824219,104.44000244140625,104.88999938964844,141200.0
2025-05-27,104.94000244140625,105.02999877929688,104.55999755859375,104.63999938964844,128200.0
2025-05-28,104.2699966430664,104.55000305175781,104.18000030517578,104.23999786376953,107500.0
2025-05-29,104.80999755859375,105.0999984741211,104.69999694824219,104.94999694824219,132400.0
2025-05-30,104.66999816894531,104.97000122070312,104.45999908447266,104.87000274658203,174100.0
2025-06-02,105.26000213623047,105.63999938964844,105.23999786376953,105.58999633789062,272200.0
2025-06-03,105.06999969482422,105.13999938964844,104.86000061035156,104.91999816894531,130100.0
2025-06-04,105.19999694824219,105.51000213623047,105.1500015258789,105.30000305175781,116200.0
2025-06-05,106.01000213623047,106.05999755859375,105.5,105.55000305175781,104100.0
2025-06-06,105.0,105.33999633789062,104.98999786376953,105.18000030517578,100800.0
2025-06-09,105.16000366210938,105.5,105.16000366210938,105.43000030517578,82000.0
2025-06-10,105.62000274658203,105.62999725341797,105.37000274658203,105.48999786376953,153700.0
2025-06-11,105.77999877929688,106.12999725341797,105.73999786376953,105.95999908447266,197400.0
2025-06-12,106.94999694824219,107.08999633789062,106.72000122070312,106.83000183105469,191900.0
2025-06-13,106.19999694824219,106.76000213623047,106.16999816894531,106.62000274658203,161100.0
2025-06-16,107.0199966430664,107.19999694824219,106.66000366210938,106.68000030517578,157100.0
2025-06-17,106.73999786376953,106.75,105.93000030517578,106.0199966430664,133200.0
2025-06-18,106.16000366210938,106.43000030517578,105.80999755859375,105.9000015258789,201600.0
2025-06-20,106.3499984741211,106.55999755859375,106.12000274658203,106.30000305175781,171000.0
2025-06-23,105.88999938964844,106.88999938964844,105.86000061035156,106.88999938964844,218700.0
2025-06-24,106.93000030517578,107.44000244140625,106.91999816894531,107.20999908447266,226200.0
2025-06-25,107.11000061035156,107.68000030517578,107.08999633789062,107.63999938964844,96700.0
2025-06-26,108.18000030517578,108.36000061035156,107.94999694824219,108.06999969482422,238900.0
2025-06-27,108.26000213623047,108.33999633789062,107.91999816894531,108.0999984741211,120400.0
2025-06-30,108.16999816894531,108.79000091552734,108.1500015258789,108.79000091552734,195600.0
2025-07-01,108.87999725341797,108.97000122070312,108.54000091552734,108.80000305175781,262800.0
2025-07-02,108.58000183105469,108.91000366210938,108.41999816894531,108.91000366210938,207600.0
2025-07-03,108.58999633789062,108.7300033569336,108.3499984741211,108.48999786376953,158600.0
2025-07-07,108.3499984741211,108.38999938964844,107.87999725341797,108.1500015258789,240400.0
2025-07-08,108.0,108.25,107.83000183105469,108.20999908447266,121500.0
2025-07-09,108.0999984741211,108.19999694824219,108.0,108.16999816894531,171800.0
2025-07-10,107.9800033569336,108.0,107.6500015258789,107.91000366210938,228300.0
2025-07-11,107.93000030517578,108.0999984741211,107.75,107.8499984741211,143500.0
2025-07-14,107.79000091552734,107.93000030517578,107.61000061035156,107.69000244140625,151500.0
2025-07-15,107.66999816894531,107.66999816894531,106.98999786376953,107.05000305175781,161200.0
2025-07-16,106.9000015258789,108.18000030517578,106.70999908447266,107.38999938964844,1012400.0
2025-07-17,106.94000244140625,107.04000091552734,106.83000183105469,107.0199966430664,329500.0
2025-07-18,107.58999633789062,107.66999816894531,107.19000244140625,107.22000122070312,141300.0
2025-07-21,107.61000061035156,108.0999984741211,107.56999969482422,107.88999938964844,357500.0
2025-07-22,107.86000061035156,108.5199966430664,107.86000061035156,108.4800033569336,220500.0
2025-07-23,108.18000030517578,108.68000030517578,108.11000061035156,108.66000366210938,127800.0
2025-07-24,108.63999938964844,108.7699966430664,108.51000213623047,108.52999877929688,85200.0
2025-07-25,108.22000122070312,108.44000244140625,108.05999755859375,108.41999816894531,91100.0
2025-07-28,107.45999908447266,107.52999877929688,106.94999694824219,106.98999786376953,215200.0
2025-07-29,106.41000366210938,106.70999908447266,106.33999633789062,106.58999633789062,297500.0
2025-07-30,105.80999755859375,106.12999725341797,105.37000274658203,105.43000030517578,315800.0
2025-07-31,105.29000091552734,105.66000366210938,105.27999877929688,105.30999755859375,258000.0
2025-08-01,106.70999908447266,106.88999938964844,106.26000213623047,106.69000244140625,786700.0
2025-08-04,106.87000274658203,106.87999725341797,106.62000274658203,106.7300033569336,105400.0
2025-08-05,106.5999984741211,106.87999725341797,106.41000366210938,106.75,201200.0
2025-08-06,107.2699966430664,107.63999938964844,107.19000244140625,107.54000091552734,142800.0
2025-08-07,107.5199966430664,107.5199966430664,107.12999725341797,107.5,97700.0
2025-08-08,107.5,107.63999938964844,107.37000274658203,107.41999816894531,86500.0
2025-08-11,107.27999877929688,107.27999877929688,106.94000244140625,107.05999755859375,76000.0
2025-08-12,107.25,107.9000015258789,107.19000244140625,107.7300033569336,224400.0
2025-08-13,107.98999786376953,108.16000366210938,107.91000366210938,107.94999694824219,81600.0
2025-08-14,107.5199966430664,107.62999725341797,107.30999755859375,107.47000122070312,58500.0
2025-08-15,107.86000061035156,108.0999984741211,107.8499984741211,107.95999908447266,80700.0
2025-08-18,107.72000122070312,107.80000305175781,107.58000183105469,107.6500015258789,62000.0
2025-08-19,107.70999908447266,107.76000213623047,107.44000244140625,107.45999908447266,99600.0
2025-08-20,107.61000061035156,107.68000030517578,107.5,107.5199966430664,46700.0
2025-08-21,107.48999786376953,107.48999786376953,107.05000305175781,107.05999755859375,79700.0
2025-08-22,107.12000274658203,108.36000061035156,107.0199966430664,108.19000244140625,250900.0
2025-08-25,107.95999908447266,108.08999633789062,107.12000274658203,107.16000366210938,102800.0
2025-08-26,107.4800033569336,107.66000366210938,107.4000015258789,107.47000122070312,72000.0
2025-08-27,107.05999755859375,107.45999908447266,106.93000030517578,107.4000015258789,55200.0
2025-08-28,107.61000061035156,107.94000244140625,107.61000061035156,107.80000305175781,46200.0
2025-08-29,107.68000030517578,108.08000183105469,107.62999725341797,108.0,47200.0
2025-09-02,107.38999938964844,107.7699966430664,107.30999755859375,107.41999816894531,136300.0
2025-09-03,107.44999694824219,107.77999877929688,107.41000366210938,107.58999633789062,104900.0
2025-09-04,107.51000213623047,107.51000213623047,107.31999969482422,107.4800033569336,67100.0
2025-09-05,108.12000274658203,108.48999786376953,108.08999633789062,108.13999938964844,128100.0
2025-09-08,108.41000366210938,108.56999969482422,108.29000091552734,108.52999877929688,85500.0
2025-09-09,108.41999816894531,108.44999694824219,108.0,108.0199966430664,72600.0
2025-09-10,108.08999633789062,108.2300033569336,107.91999816894531,107.95999908447266,89000.0
2025-09-11,108.18000030517578,108.37000274658203,108.18000030517578,108.29000091552734,127200.0
2025-09-12,108.11000061035156,108.36000061035156,108.0199966430664,108.31999969482422,65800.0
2025-09-15,108.5199966430664,108.66000366210938,108.45999908447266,108.5999984741211,92200.0
2025-09-16,109.08999633789062,109.63999938964844,109.05000305175781,109.48999786376953,195700.0
2025-09-17,109.38999938964844,110.01000213623047,109.08000183105469,109.12000274658203,261400.0
2025-09-18,108.80000305175781,108.83000183105469,108.44000244140625,108.7300033569336,101200.0
2025-09-19,108.37000274658203,108.58999633789062,108.31999969482422,108.4000015258789,175800.0
2025-09-22,108.72000122070312,108.91000366210938,108.55999755859375,108.88999938964844,150700.0
2025-09-23,108.87000274658203,109.06999969482422,108.7699966430664,109.05000305175781,120500.0
2025-09-24,108.33999633789062,108.4000015258789,108.26000213623047,108.33000183105469,92500.0
2025-09-25,107.9800033569336,107.98999786376953,107.47000122070312,107.58999633789062,99800.0
2025-09-26,107.77999877929688,108.02999877929688,107.77999877929688,108.0199966430664,60000.0
2025-09-29,108.36000061035156,108.47000122070312,108.16999816894531,108.22000122070312,130100.0
2025-09-30,108.19999694824219,108.51000213623047,108.18000030517578,108.37000274658203,47900.0
2025-10-01,108.41000366210938,108.48999786376953,108.06999969482422,108.20999908447266,150300.0
2025-10-02,108.30999755859375,108.30999755859375,107.77999877929688,108.06999969482422,126600.0
2025-10-03,108.30000305175781,108.37000274658203,108.18000030517578,108.27999877929688,93900.0
2025-10-06,107.80000305175781,108.11000061035156,107.79000091552734,108.0,117700.0
2025-10-07,107.61000061035156,107.73999786376953,107.44999694824219,107.45999908447266,98100.0
2025-10-08,107.33000183105469,107.37000274658203,107.0,107.25,150200.0
2025-10-09,107.11000061035156,107.12000274658203,106.47000122070312,106.62000274658203,188700.0
2025-10-10,106.70999908447266,107.30000305175781,106.69000244140625,107.16000366210938,126300.0
2025-10-13,106.77999877929688,106.83999633789062,106.6500015258789,106.72000122070312,106700.0
2025-10-14,106.83999633789062,107.16999816894531,106.76000213623047,107.06999969482422,141400.0
2025-10-15,107.19999694824219,107.44999694824219,107.19999694824219,107.43000030517578,86100.0
2025-10-16,107.5199966430664,107.87999725341797,107.5,107.86000061035156,69300.0
2025-10-17,107.7699966430664,107.7699966430664,107.58999633789062,107.69999694824219,65700.0
2025-10-20,107.58999633789062,107.63999938964844,107.41000366210938,107.41999816894531,67000.0
2025-10-21,107.16999816894531,107.26000213623047,107.02999877929688,107.04000091552734,86800.0
2025-10-22,106.9800033569336,107.2699966430664,106.9800033569336,107.12000274658203,152000.0
2025-10-23,107.0999984741211,107.22000122070312,107.0999984741211,107.20999908447266,55300.0
2025-10-24,107.38999938964844,107.41000366210938,107.25,107.36000061035156,47500.0
2025-10-27,107.41000366210938,107.55000305175781,107.37999725341797,107.5199966430664,65300.0
2025-10-28,107.33000183105469,107.69000244140625,107.33000183105469,107.54000091552734,76300.0
2025-10-29,107.44999694824219,107.68000030517578,106.87000274658203,107.05000305175781,149400.0
2025-10-30,106.72000122070312,106.91000366210938,106.68000030517578,106.72000122070312,99700.0
2025-10-31,106.5999984741211,106.5999984741211,106.33999633789062,106.37000274658203,64700.0
2025-11-03,106.16000366210938,106.41999816894531,106.12999725341797,106.25,208600.0
2025-11-04,105.91000366210938,106.04000091552734,105.8499984741211,105.9000015258789,90300.0
2025-11-05,105.91000366210938,106.0,105.81999969482422,105.95999908447266,105600.0
2025-11-06,106.27999877929688,106.54000091552734,106.27999877929688,106.5,63600.0
2025-11-07,106.75,106.88999938964844,106.5999984741211,106.66999816894531,82500.0
2025-11-10,106.72000122070312,106.7300033569336,106.48999786376953,106.69000244140625,51900.0
2025-11-11,106.94000244140625,107.05999755859375,106.87000274658203,106.87000274658203,45600.0
2025-11-12,106.68000030517578,107.0,106.68000030517578,106.91999816894531,45800.0
2025-11-13,107.22000122070312,107.52999877929688,107.19000244140625,107.33999633789062,86400.0
2025-11-14,107.3499984741211,107.38999938964844,107.11000061035156,107.19999694824219,70100.0
2025-11-17,106.94999694824219,107.04000091552734,106.87999725341797,106.93000030517578,53000.0
2025-11-18,106.98999786376953,107.11000061035156,106.77999877929688,106.86000061035156,40400.0
2025-11-19,106.69000244140625,106.69999694824219,106.29000091552734,106.36000061035156,95200.0
2025-11-20,106.5,106.56999969482422,106.30999755859375,106.33000183105469,80200.0
2025-11-21,106.08999633789062,106.30999755859375,106.05000305175781,106.27999877929688,81900.0
2025-11-24,106.4000015258789,106.44999694824219,106.23999786376953,106.36000061035156,84600.0
2025-11-25,106.62000274658203,106.91000366210938,106.5999984741211,106.69999694824219,220300.0
2025-11-26,106.69999694824219,107.05999755859375,106.69999694824219,106.98999786376953,66200.0
2025-11-28,106.81999969482422,107.0999984741211,106.80000305175781,107.08999633789062,48700.0
2025-12-01,107.45999908447266,107.45999908447266,107.05999755859375,107.06999969482422,99700.0
2025-12-02,107.19999694824219,107.25,106.94999694824219,107.25,107300.0
2025-12-03,107.54000091552734,107.7300033569336,107.5199966430664,107.62000274658203,97700.0
2025-12-04,107.68000030517578,107.69999694824219,107.38999938964844,107.44999694824219,281900.0
2025-12-05,107.52999877929688,107.58000183105469,107.33000183105469,107.41999816894531,142600.0
2025-12-08,107.5,107.5,107.19000244140625,107.38999938964844,43800.0
2025-12-09,107.33999633789062,107.41000366210938,107.19999694824219,107.2699966430664,177600.0
2025-12-10,107.37000274658203,107.93000030517578,107.3499984741211,107.87000274658203,139400.0
2025-12-11,108.33999633789062,108.51000213623047,108.23999786376953,108.31999969482422,91000.0
2025-12-12,108.2300033569336,108.41000366210938,108.22000122070312,108.30000305175781,68700.0
2025-12-15,108.4000015258789,108.58999633789062,108.30999755859375,108.44000244140625,48500.0
2025-12-16,108.7300033569336,108.88999938964844,108.30000305175781,108.38999938964844,88600.0
2025-12-17,108.25,108.4800033569336,108.25,108.33000183105469,36400.0
2025-12-18,108.33000183105469,108.37999725341797,108.11000061035156,108.1500015258789,85500.0
2025-12-19,108.25,108.29000091552734,108.02999877929688,108.05000305175781,48900.0
2025-12-22,108.51000213623047,108.58999633789062,108.43000030517578,108.45999908447266,177400.0
2025-12-23,108.62000274658203,108.80000305175781,108.55999755859375,108.7699966430664,59700.0
2025-12-24,108.75,108.75,108.63999938964844,108.66999816894531,55900.0
2025-12-26,108.9000015258789,108.9000015258789,108.55999755859375,108.69000244140625,45600.0
2025-12-29,108.69000244140625,108.79000091552734,108.44999694824219,108.6500015258789,98100.0
2025-12-30,108.55999755859375,108.58000183105469,108.37000274658203,108.4000015258789,64300.0
2025-12-31,108.31999969482422,108.45999908447266,108.16999816894531,108.45999908447266,52700.0
2026-01-02,108.19000244140625,108.41000366210938,108.06999969482422,108.08999633789062,50200.0
2026-01-05,107.76000213623047,108.18000030517578,107.69999694824219,108.16000366210938,76100.0
2026-01-06,107.95999908447266,108.04000091552734,107.79000091552734,107.83000183105469,74900.0
2026-01-07,107.83000183105469,107.91999816894531,107.73999786376953,107.76000213623047,58400.0
2026-01-08,107.56999969482422,107.68000030517578,107.4000015258789,107.4800033569336,79200.0
2026-01-09,107.37999725341797,107.43000030517578,107.22000122070312,107.36000061035156,90600.0
2026-01-12,107.70999908447266,107.81999969482422,107.62000274658203,107.62000274658203,147900.0
2026-01-13,107.69999694824219,107.69999694824219,107.37999725341797,107.47000122070312,132100.0
2026-01-14,107.52999877929688,107.61000061035156,107.37000274658203,107.43000030517578,74600.0
2026-01-15,107.12999725341797,107.16999816894531,106.97000122070312,107.01000213623047,108600.0
2026-01-16,107.16000366210938,107.26000213623047,106.91999816894531,107.04000091552734,129700.0
2026-01-20,108.16000366210938,108.37000274658203,108.08999633789062,108.18000030517578,318300.0
2026-01-21,108.2300033569336,108.2699966430664,107.77999877929688,107.88999938964844,200500.0
2026-01-22,108.11000061035156,108.48999786376953,108.11000061035156,108.44000244140625,167400.0
2026-01-23,108.44000244140625,109.16999816894531,108.4000015258789,109.13999938964844,164700.0
2026-01-26,109.58999633789062,109.91000366210938,109.55999755859375,109.7300033569336,306400.0
2026-01-27,110.19000244140625,111.54000091552734,110.13999938964844,111.08999633789062,471100.0
2026-01-28,110.51000213623047,110.58999633789062,109.9000015258789,110.30000305175781,373700.0
2026-01-29,110.48999786376953,110.5199966430664,109.94999694824219,110.47000122070312,179500.0
2026-01-30,109.9800033569336,110.0199966430664,109.44000244140625,109.47000122070312,251400.0
2026-02-02,108.98999786376953,109.16000366210938,108.66999816894531,108.80000305175781,153200.0
2026-02-03,108.7699966430664,109.13999938964844,108.76000213623047,109.06999969482422,127200.0
2026-02-04,108.97000122070312,109.08000183105469,108.80999755859375,108.94000244140625,93200.0
2026-02-05,108.95999908447266,109.0,108.66000366210938,108.66000366210938,147500.0
2026-02-06,109.0199966430664,109.12000274658203,108.94999694824219,109.0999984741211,95500.0
2026-02-09,109.97000122070312,110.02999877929688,109.76000213623047,109.97000122070312,99400.0
2026-02-10,110.05000305175781,110.08999633789062,109.72000122070312,109.80000305175781,132000.0
2026-02-11,109.5199966430664,109.76000213623047,109.37999725341797,109.56999969482422,89100.0
2026-02-12,109.63999938964844,109.72000122070312,109.41000366210938,109.51000213623047,125600.0
2026-02-13,109.5,109.66000366210938,109.33999633789062,109.58000183105469,140700.0
2026-02-17,109.11000061035156,109.37000274658203,108.94999694824219,109.37000274658203,220100.0
2026-02-18,109.04000091552734,109.12000274658203,108.72000122070312,108.7300033569336,224300.0
2026-02-19,108.43000030517578,108.6500015258789,108.37999725341797,108.5999984741211,72100.0
2026-02-20,108.55999755859375,108.94000244140625,108.48999786376953,108.77999877929688,177000.0
2026-02-23,108.83999633789062,109.0,108.81999969482422,108.81999969482422,349200.0
2026-02-24,108.7300033569336,108.83000183105469,108.62999725341797,108.69000244140625,65400.0
2026-02-25,108.75,109.05000305175781,108.75,108.9800033569336,103200.0
2026-02-26,109.0,109.04000091552734,108.6500015258789,108.91000366210938,346200.0
2026-02-27,108.91999816894531,109.16999816894531,108.87999725341797,109.08000183105469,239900.0
2026-03-02,108.01000213623047,108.16000366210938,107.69999694824219,107.86000061035156,229700.0
2026-03-03,106.80999755859375,107.26000213623047,106.41000366210938,107.19999694824219,401300.0
2026-03-04,107.33000183105469,107.44000244140625,107.19999694824219,107.4000015258789,114500.0
2026-03-05,107.01000213623047,107.11000061035156,106.63999938964844,107.06999969482422,230400.0
2026-03-06,106.61000061035156,107.22000122070312,106.61000061035156,107.06999969482422,267600.0
2026-03-09,106.81999969482422,107.31999969482422,106.55999755859375,107.11000061035156,385600.0
2026-03-10,107.43000030517578,107.66000366210938,107.12000274658203,107.18000030517578,252200.0
2026-03-11,106.91999816894531,107.16000366210938,106.69000244140625,106.79000091552734,260100.0
2026-03-12,106.44000244140625,106.47000122070312,106.20999908447266,106.23999786376953,353600.0
2026-03-13,105.9000015258789,106.02999877929688,105.37000274658203,105.38999938964844,279000.0
2026-03-16,105.93000030517578,106.3499984741211,105.93000030517578,106.18000030517578,201800.0
2026-03-17,106.5,106.55000305175781,106.27999877929688,106.43000030517578,227500.0
2026-03-18,106.16000366210938,106.38999938964844,105.81999969482422,105.83000183105469,222200.0
2026-03-19,105.93000030517578,107.16000366210938,105.86000061035156,106.87000274658203,234100.0
2026-03-20,106.63999938964844,106.77999877929688,106.33999633789062,106.66000366210938,360800.0
2026-03-23,106.93000030517578,107.4000015258789,106.8499984741211,107.16999816894531,171000.0
2026-03-24,106.83000183105469,107.11000061035156,106.69999694824219,106.95999908447266,375800.0
2026-03-25,106.88999938964844,106.97000122070312,106.66999816894531,106.72000122070312,195500.0
2026-03-26,106.51000213623047,106.62999725341797,106.30000305175781,106.30000305175781,553500.0
2026-03-27,106.36000061035156,106.58000183105469,106.25,106.30999755859375,482700.0
2026-03-30,105.95999908447266,105.9800033569336,105.63999938964844,105.79000091552734,241200.0
2026-03-31,106.25,106.69999694824219,106.25,106.69000244140625,244000.0
2026-04-01,107.01000213623047,107.22000122070312,106.7699966430664,106.80999755859375,232100.0
2026-04-02,106.3499984741211,106.63999938964844,106.27999877929688,106.37999725341797,210200.0
2026-04-06,106.5999984741211,106.73999786376953,106.44000244140625,106.55999755859375,642200.0
2026-04-07,106.70999908447266,107.05999755859375,106.68000030517578,107.01000213623047,117300.0
2026-04-08,108.02999877929688,108.02999877929688,107.5,107.69000244140625,265300.0
2026-04-09,107.83999633789062,108.1500015258789,107.75,107.95999908447266,344000.0
2026-04-10,108.23999786376953,108.3499984741211,108.12000274658203,108.26000213623047,247300.0
2026-04-13,108.0,108.58000183105469,107.9800033569336,108.54000091552734,304000.0
2026-04-14,108.9000015258789,109.0199966430664,108.81999969482422,108.81999969482422,68000.0
2026-04-15,108.91999816894531,108.98999786376953,108.7699966430664,108.93000030517578,91600.0
2026-04-16,108.70999908447266,108.77999877929688,108.63999938964844,108.7300033569336,45900.0
2026-04-17,109.22000122070312,109.30000305175781,108.62000274658203,108.6500015258789,118200.0
2026-04-20,108.66999816894531,108.83000183105469,108.58000183105469,108.79000091552734,72800.0
2026-04-21,108.56999969482422,108.63999938964844,108.12999725341797,108.22000122070312,582000.0
2026-04-22,108.19999694824219,108.3499984741211,108.0,108.0,49700.0
2026-04-23,107.8499984741211,108.13999938964844,107.76000213623047,107.83000183105469,452500.0
2026-04-24,107.9800033569336,108.16999816894531,107.97000122070312,108.16999816894531,207500.0
2026-04-27,108.41999816894531,108.47000122070312,108.05000305175781,108.08000183105469,312500.0
2026-04-28,107.91999816894531,108.12999725341797,107.9000015258789,108.05000305175781,340200.0
2026-04-29,107.94000244140625,108.02999877929688,107.6500015258789,107.73999786376953,307800.0
2026-04-30,107.91999816894531,108.36000061035156,107.86000061035156,108.27999877929688,67900.0
2026-05-01,108.43000030517578,108.72000122070312,108.0999984741211,108.11000061035156,64800.0
2026-05-04,108.0,108.12000274658203,107.7699966430664,107.9000015258789,99000.0
2026-05-05,107.9800033569336,108.06999969482422,107.87999725341797,107.87999725341797,39300.0
2026-05-06,108.38999938964844,108.48999786376953,108.37000274658203,108.4000015258789,59100.0
2026-05-07,108.6500015258789,108.6500015258789,108.25,108.2699966430664,100300.0
2026-05-08,108.6500015258789,108.75,108.55999755859375,108.70999908447266,53300.0
2026-05-11,108.75,108.7699966430664,108.63999938964844,108.68000030517578,49700.0
2026-05-12,108.22000122070312,108.37000274658203,108.16999816894531,108.33999633789062,115500.0
2026-05-13,108.0,108.12000274658203,107.98999786376953,108.04000091552734,47500.0
2026-05-14,107.9000015258789,107.91999816894531,107.66000366210938,107.69999694824219,31700.0
2026-05-15,107.31999969482422,107.38999938964844,107.20999908447266,107.25,34700.0
2026-05-18,107.48999786376953,107.55999755859375,107.30999755859375,107.51000213623047,68500.0
2026-05-19,107.05999755859375,107.18000030517578,106.9800033569336,107.08000183105469,48000.0
2026-05-20,106.9800033569336,107.38999938964844,106.95999908447266,107.30999755859375,58200.0
2026-05-21,106.93000030517578,107.30000305175781,106.83000183105469,107.2300033569336,459800.0
2026-05-22,107.11000061035156,107.2300033569336,106.94999694824219,107.0999984741211,114300.0
2026-05-26,107.2699966430664,107.37000274658203,107.22000122070312,107.3499984741211,416500.0
2026-05-27,107.44999694824219,107.52999877929688,107.2699966430664,107.30999755859375,42800.0
2026-05-28,107.41999816894531,107.5999984741211,107.30999755859375,107.5,62600.0
2026-05-29,107.55000305175781,107.87000274658203,107.48999786376953,107.69999694824219,306200.0
2026-06-01,107.27999877929688,107.36000061035156,107.13999938964844,107.33000183105469,356800.0
2026-06-02,107.44000244140625,107.45999908447266,107.12999725341797,107.26000213623047,334600.0
2026-06-03,107.08000183105469,107.08999633789062,106.91000366210938,106.94999694824219,640700.0
2026-06-04,107.3499984741211,107.4000015258789,107.05999755859375,107.1500015258789,549700.0
2026-06-05,106.91000366210938,106.91000366210938,106.26000213623047,106.29000091552734,546100.0
2026-06-08,106.51000213623047,106.55999755859375,106.37000274658203,106.41999816894531,210600.0
2026-06-09,106.7699966430664,106.80000305175781,106.38999938964844,106.52999877929688,766200.0
2026-06-10,106.6500015258789,106.83999633789062,106.54000091552734,106.55000305175781,741900.0
2026-06-11,106.4000015258789,106.94999694824219,106.16999816894531,106.87999725341797,85600.0
2026-06-12,106.83000183105469,106.91000366210938,106.73999786376953,106.83000183105469,107400.0
2026-06-15,107.18000030517578,107.25,106.88999938964844,106.88999938964844,73300.0
2026-06-16,107.04000091552734,107.23999786376953,106.94999694824219,107.12000274658203,76500.0
2026-06-17,107.05000305175781,107.05000305175781,105.91999816894531,106.05000305175781,102100.0
2026-06-18,105.83000183105469,106.02999877929688,105.69999694824219,105.7699966430664,55500.0
2026-06-22,105.55000305175781,105.66999816894531,105.38999938964844,105.43000030517578,108800.0
2026-06-23,105.19000244140625,105.19999694824219,104.9800033569336,105.02999877929688,65400.0
2026-06-24,104.62999725341797,104.91000366210938,104.5999984741211,104.7699966430664,150200.0
2026-06-25,104.93000030517578,105.0999984741211,104.86000061035156,104.94000244140625,57300.0
2026-06-26,105.4000015258789,105.44999694824219,105.04000091552734,105.08999633789062,38600.0
2026-06-29,105.23999786376953,105.51000213623047,105.23999786376953,105.44999694824219,51000.0
2026-06-30,105.26000213623047,105.55000305175781,105.18000030517578,105.44000244140625,113600.0
2026-07-01,105.05999755859375,105.18000030517578,104.93000030517578,104.94999694824219,30900.0
2026-07-02,105.55000305175781,105.68000030517578,105.4000015258789,105.47000122070312,120500.0
2026-07-06,105.3499984741211,105.58999633789062,105.2699966430664,105.56999969482422,351800.0
2026-07-07,105.52999877929688,105.52999877929688,105.23999786376953,105.30999755859375,58800.0
2026-07-08,105.18000030517578,105.45999908447266,105.13999938964844,105.44999694824219,64500.0
2026-07-09,105.4800033569336,105.61000061035156,105.41000366210938,105.41999816894531,116600.0
2026-07-10,105.33999633789062,105.55999755859375,105.29000091552734,105.30000305175781,56800.0
2026-07-13,105.44000244140625,105.44000244140625,105.01000213623047,105.01000213623047,51400.0
2026-07-14,105.62999725341797,105.72000122070312,105.3499984741211,105.38999938964844,115900.0
2026-07-15,105.41000366210938,105.95999908447266,105.41000366210938,105.80999755859375,53800.0
2026-07-16,105.75,105.75,105.48999786376953,105.56999969482422,69800.0
2026-07-17,105.5,105.62000274658203,105.5,105.61000061035156,59200.0
2026-07-20,105.4000015258789,105.4000015258789,105.26000213623047,105.37000274658203,66000.0
2026-07-21,105.30999755859375,105.38999938964844,105.20999908447266,105.2300033569336,50700.0
2026-07-22,105.38999938964844,105.38999938964844,105.30000305175781,105.33000183105469,15900.0
2026-07-23,105.01000213623047,105.05000305175781,104.91000366210938,105.02999877929688,23600.0
2026-07-24,104.94000244140625,105.12999725341797,104.93000030517578,104.94999694824219,35900.0
2026-07-27,105.0199966430664,105.08999633789062,104.93000030517578,104.94999694824219,55000.0
2026-07-28,104.91999816894531,105.2699966430664,104.91999816894531,105.11000061035156,36000.0
2026-07-29,105.08999633789062,105.8499984741211,105.04000091552734,105.69999694824219,91900.0
2026-07-30,105.98999786376953,106.48999786376953,105.98999786376953,106.47000122070312,84600.0
2026-07-31,106.16999816894531,106.5199966430664,105.80999755859375,106.48999786376953,62300.0
2026-08-03,106.37999725341797,106.38999938964844,106.12999725341797,106.19000244140625,48100.0
2026-08-04,106.23999786376953,106.4000015258789,106.23999786376953,106.37000274658203,107600.0
2026-08-05,106.56999969482422,106.66000366210938,106.4800033569336,106.58999633789062,66400.0
2026-08-06,106.44999694824219,106.5,106.23999786376953,106.30000305175781,34900.0
2026-08-07,106.7699966430664,106.80000305175781,106.58999633789062,106.68000030517578,150900.0
2026-08-10,106.5999984741211,106.63999938964844,106.5,106.51000213623047,93900.0
2026-08-11,106.51000213623047,106.56999969482422,106.45999908447266,106.5199966430664,51800.0
2026-08-12,106.62999725341797,106.6500015258789,106.30999755859375,106.33999633789062,62400.0
2026-08-13,106.44000244140625,106.54000091552734,106.37000274658203,106.4000015258789,47300.0
2026-08-14,106.75,106.93000030517578,106.7300033569336,106.79000091552734,109200.0
2026-08-17,107.0199966430664,107.06999969482422,106.80000305175781,106.86000061035156,59000.0
2026-08-18,106.83999633789062,106.97000122070312,106.83999633789062,106.83999633789062,94200.0
2026-08-19,107.55999755859375,107.80999755859375,107.55000305175781,107.77999877929688,163300.0
2026-08-20,107.9000015258789,107.9000015258789,107.7300033569336,107.80000305175781,40300.0
2026-08-21,107.86000061035156,107.88999938964844,107.73999786376953,107.80000305175781,103500.0
2026-08-24,107.76000213623047,107.76000213623047,107.62000274658203,107.6500015258789,53200.0
2026-08-25,107.7699966430664,107.80999755859375,107.72000122070312,107.80000305175781,55100.0
2026-08-26,107.62999725341797,107.62999725341797,107.51000213623047,107.5999984741211,49900.0
2026-08-27,107.6500015258789,107.6500015258789,107.52999877929688,107.54000091552734,52500.0
2026-08-31,107.12999725341797,107.30000305175781,107.08999633789062,107.25,71100.0
2026-09-01,106.9800033569336,107.05000305175781,106.91000366210938,106.93000030517578,72100.0
2026-09-02,106.98999786376953,107.0199966430664,106.87999725341797,106.9000015258789,24800.0
