date,open,high,low,close,volume
2010-01-04,42.75,43.16999816894531,42.7400016784668,43.13999938964844,16220300.0
2010-01-05,43.81999969482422,44.04999923706055,43.65999984741211,44.029998779296875,16484500.0
2010-01-06,44.439998626708984,44.58000183105469,44.33000183105469,44.560001373291016,11460900.0
2010-01-07,43.939998626708984,44.040000915527344,43.630001068115234,43.869998931884766,23195800.0
2010-01-08,43.77000045776367,44.0099983215332,43.5099983215332,44.0,12764700.0
2010-01-11,44.29999923706055,44.33000183105469,43.75,44.06999969482422,17206100.0
2010-01-12,43.38999938964844,43.38999938964844,42.720001220703125,43.0,32969400.0
2010-01-13,42.56999969482422,42.599998474121094,42.15999984741211,42.47999954223633,33873600.0
2010-01-14,42.06999969482422,42.15999984741211,41.86000061035156,42.130001068115234,25716800.0
2010-01-15,41.849998474121094,41.900001525878906,41.349998474121094,41.45000076293945,23505900.0
2010-01-19,42.130001068115234,42.79999923706055,42.06999969482422,42.77000045776367,22103900.0
2010-01-20,41.349998474121094,41.36000061035156,40.75,41.13999938964844,35039700.0
2010-01-21,40.5,40.68000030517578,39.52000045776367,39.61000061035156,44647400.0
2010-01-22,39.90999984741211,40.0099983215332,39.02000045776367,39.06999969482422,46879900.0
2010-01-25,39.79999923706055,39.90999984741211,39.38999938964844,39.689998626708984,31769700.0
2010-01-26,38.59000015258789,39.0099983215332,38.2599983215332,38.54999923706055,41631500.0
2010-01-27,38.09000015258789,38.47999954223633,37.709999084472656,38.33000183105469,40082200.0
2010-01-28,38.88999938964844,39.060001373291016,38.119998931884766,38.5099983215332,44465100.0
2010-01-29,39.0099983215332,39.11000061035156,38.189998626708984,38.36000061035156,31291600.0
2010-02-01,38.939998626708984,39.630001068115234,38.900001525878906,39.560001373291016,36448300.0
2010-02-02,39.31999969482422,39.900001525878906,39.18000030517578,39.84000015258789,25331900.0
2010-02-03,39.939998626708984,40.15999984741211,39.63999938964844,39.84000015258789,22594100.0
2010-02-04,39.04999923706055,39.060001373291016,37.88999938964844,38.02000045776367,47873300.0
2010-02-05,37.439998626708984,37.709999084472656,36.650001525878906,37.56999969482422,50052600.0
2010-02-08,37.5,37.810001373291016,37.16999816894531,37.16999816894531,30623700.0
2010-02-09,38.099998474121094,38.880001068115234,37.86000061035156,38.459999084472656,50062000.0
2010-02-10,38.66999816894531,39.029998779296875,38.15999984741211,38.630001068115234,27446700.0
2010-02-11,39.06999969482422,39.68000030517578,38.77000045776367,39.68000030517578,33671200.0
2010-02-12,38.86000061035156,39.04999923706055,38.43000030517578,38.90999984741211,30534000.0
2010-02-16,39.38999938964844,39.68000030517578,38.9900016784668,39.560001373291016,20269000.0
2010-02-17,39.900001525878906,39.959999084472656,39.47999954223633,39.70000076293945,17882800.0
2010-02-18,39.369998931884766,39.84000015258789,39.34000015258789,39.709999084472656,19703600.0
2010-02-19,38.84000015258789,39.27000045776367,38.779998779296875,39.029998779296875,32833300.0
2010-02-22,39.40999984741211,39.52000045776367,39.099998474121094,39.15999984741211,16459600.0
2010-02-23,39.27000045776367,39.470001220703125,38.540000915527344,38.650001525878906,30146700.0
2010-02-24,39.0099983215332,39.43000030517578,38.90999984741211,39.31999969482422,22332200.0
2010-02-25,38.5,39.099998474121094,38.2599983215332,38.9900016784668,25704500.0
2010-02-26,39.38999938964844,39.720001220703125,39.08000183105469,39.59000015258789,24827600.0
2010-03-01,40.369998931884766,40.720001220703125,40.34000015258789,40.59000015258789,35196600.0
2010-03-02,41.060001373291016,41.25,40.79999923706055,40.900001525878906,24022200.0
2010-03-03,40.939998626708984,41.279998779296875,40.7400016784668,40.779998779296875,16941600.0
2010-03-04,40.349998474121094,40.439998626708984,39.9900016784668,40.15999984741211,21633500.0
2010-03-05,40.790000915527344,41.189998626708984,40.619998931884766,41.18000030517578,23460100.0
2010-03-08,41.2400016784668,41.47999954223633,41.20000076293945,41.31999969482422,15842400.0
2010-03-09,41.15999984741211,41.70000076293945,41.150001525878906,41.40999984741211,16451800.0
2010-03-10,41.349998474121094,41.7400016784668,41.310001373291016,41.5099983215332,18060400.0
2010-03-11,41.130001068115234,41.43000030517578,40.86000061035156,41.349998474121094,17823000.0
2010-03-12,41.439998626708984,41.470001220703125,41.06999969482422,41.2400016784668,16882100.0
2010-03-15,40.81999969482422,40.90999984741211,40.470001220703125,40.75,18052600.0
2010-03-16,40.7599983215332,41.06999969482422,40.540000915527344,40.959999084472656,21027700.0
2010-03-17,41.540000915527344,41.86000061035156,41.40999984741211,41.619998931884766,26675100.0
2010-03-18,41.54999923706055,41.619998931884766,41.220001220703125,41.41999816894531,19388700.0
2010-03-19,41.08000183105469,41.5,40.880001068115234,41.08000183105469,22805300.0
2010-03-22,40.61000061035156,41.189998626708984,40.560001373291016,41.11000061035156,14578600.0
2010-03-23,41.04999923706055,41.34000015258789,40.869998931884766,41.2400016784668,14956700.0
2010-03-24,40.84000015258789,40.93000030517578,40.529998779296875,40.7599983215332,22774300.0
2010-03-25,40.59000015258789,40.689998626708984,39.90999984741211,40.02000045776367,35350900.0
2010-03-26,40.810001373291016,41.130001068115234,40.439998626708984,40.83000183105469,31171500.0
2010-03-29,41.150001525878906,41.650001525878906,41.13999938964844,41.619998931884766,34014000.0
2010-03-30,42.02000045776367,42.400001525878906,42.0,42.2599983215332,39410400.0
2010-03-31,41.959999084472656,42.369998931884766,41.93000030517578,42.099998474121094,35564600.0
2010-04-01,42.90999984741211,43.310001373291016,42.900001525878906,43.27000045776367,35268300.0
2010-04-05,43.4900016784668,43.849998474121094,43.400001525878906,43.790000915527344,18865500.0
2010-04-06,43.5099983215332,43.939998626708984,43.5099983215332,43.84000015258789,17900100.0
2010-04-07,43.779998779296875,43.84000015258789,43.22999954223633,43.560001373291016,27957700.0
2010-04-08,43.41999816894531,43.95000076293945,43.150001525878906,43.77000045776367,24205000.0
2010-04-09,44.16999816894531,44.599998474121094,44.13999938964844,44.59000015258789,26834300.0
2010-04-12,44.02000045776367,44.209999084472656,43.93000030517578,43.9900016784668,14566800.0
2010-04-13,43.7400016784668,43.84000015258789,43.36000061035156,43.84000015258789,19503000.0
2010-04-14,43.95000076293945,44.349998474121094,43.849998474121094,44.279998779296875,17681700.0
2010-04-15,43.90999984741211,44.11000061035156,43.790000915527344,43.900001525878906,21228300.0
2010-04-16,42.959999084472656,43.040000915527344,42.0,42.310001373291016,50801900.0
2010-04-19,41.77000045776367,42.09000015258789,41.40999984741211,41.90999984741211,32417700.0
2010-04-20,42.61000061035156,42.68000030517578,42.2400016784668,42.59000015258789,30914400.0
2010-04-21,42.209999084472656,42.2400016784668,41.59000015258789,41.9900016784668,24476200.0
2010-04-22,41.709999084472656,42.189998626708984,41.380001068115234,42.18000030517578,19400400.0
2010-04-23,41.75,42.08000183105469,41.560001373291016,42.04999923706055,16453900.0
2010-04-26,42.25,42.349998474121094,42.029998779296875,42.06999969482422,15112600.0
2010-04-27,41.369998931884766,41.47999954223633,40.369998931884766,40.459999084472656,54711300.0
2010-04-28,40.97999954223633,41.06999969482422,40.41999816894531,40.900001525878906,39982000.0
2010-04-29,40.75,41.189998626708984,40.630001068115234,40.97999954223633,28817300.0
2010-04-30,41.459999084472656,41.4900016784668,40.75,40.84000015258789,31437100.0
2010-05-03,40.880001068115234,41.279998779296875,40.709999084472656,41.209999084472656,22717400.0
2010-05-04,40.22999954223633,40.27000045776367,39.380001068115234,39.689998626708984,52984900.0
2010-05-05,39.119998931884766,39.86000061035156,38.849998474121094,39.060001373291016,47897700.0
2010-05-06,38.9900016784668,39.290000915527344,36.2400016784668,37.75,79103300.0
2010-05-07,38.31999969482422,38.880001068115234,37.439998626708984,38.2400016784668,65553900.0
2010-05-10,39.97999954223633,40.43000030517578,39.72999954223633,40.349998474121094,82040200.0
2010-05-11,39.18000030517578,40.20000076293945,39.11000061035156,39.619998931884766,46910300.0
2010-05-12,39.66999816894531,39.90999984741211,39.470001220703125,39.81999969482422,28814700.0
2010-05-13,39.86000061035156,40.040000915527344,39.5099983215332,39.61000061035156,30141800.0
2010-05-14,39.150001525878906,39.22999954223633,38.33000183105469,38.880001068115234,46920800.0
2010-05-17,38.599998474121094,39.68000030517578,37.849998474121094,38.68000030517578,34403200.0
2010-05-18,39.279998779296875,39.43000030517578,38.189998626708984,38.439998626708984,33210100.0
2010-05-19,38.099998474121094,38.619998931884766,37.779998779296875,38.369998931884766,43048600.0
2010-05-20,37.34000015258789,37.77000045776367,36.81999969482422,37.02000045776367,57934300.0
2010-05-21,36.529998779296875,38.400001525878906,36.36000061035156,38.209999084472656,68370300.0
2010-05-24,38.529998779296875,38.939998626708984,38.29999923706055,38.43000030517578,29816800.0
2010-05-25,36.84000015258789,38.08000183105469,36.619998931884766,37.970001220703125,50750700.0
2010-05-26,38.16999816894531,38.88999938964844,37.779998779296875,37.91999816894531,36011000.0
2010-05-27,38.970001220703125,39.7599983215332,38.79999923706055,39.72999954223633,42977100.0
2010-05-28,39.7400016784668,39.77000045776367,38.90999984741211,39.380001068115234,42300400.0
2010-06-01,38.869998931884766,39.56999969482422,38.400001525878906,38.47999954223633,34107300.0
2010-06-02,38.810001373291016,39.63999938964844,38.619998931884766,39.529998779296875,35209300.0
2010-06-03,39.59000015258789,39.650001525878906,38.83000183105469,39.310001373291016,28060600.0
2010-06-04,38.59000015258789,39.02000045776367,38.11000061035156,38.369998931884766,29471400.0
2010-06-07,38.54999923706055,38.70000076293945,37.970001220703125,38.0,20056900.0
2010-06-08,38.25,38.84000015258789,37.849998474121094,38.81999969482422,37256200.0
2010-06-09,39.2400016784668,39.81999969482422,38.79999923706055,39.099998474121094,34069600.0
2010-06-10,39.65999984741211,40.2400016784668,39.56999969482422,40.040000915527344,30468500.0
2010-06-11,39.400001525878906,40.400001525878906,39.38999938964844,40.27000045776367,21519200.0
2010-06-14,40.529998779296875,40.79999923706055,39.90999984741211,40.11000061035156,26320500.0
2010-06-15,40.5,41.06999969482422,40.380001068115234,41.029998779296875,26462700.0
2010-06-16,40.7599983215332,41.25,40.68000030517578,41.099998474121094,15695900.0
2010-06-17,40.81999969482422,40.83000183105469,40.2599983215332,40.619998931884766,32816900.0
2010-06-18,40.630001068115234,40.849998474121094,40.4900016784668,40.65999984741211,22142800.0
2010-06-21,41.90999984741211,42.06999969482422,41.18000030517578,41.599998474121094,37057900.0
2010-06-22,41.369998931884766,41.72999954223633,40.90999984741211,40.95000076293945,20265700.0
2010-06-23,41.45000076293945,41.599998474121094,40.970001220703125,41.2599983215332,25517200.0
2010-06-24,41.150001525878906,41.16999816894531,40.61000061035156,40.77000045776367,24436400.0
2010-06-25,41.0099983215332,41.36000061035156,40.68000030517578,41.18000030517578,19889700.0
2010-06-28,41.209999084472656,41.279998779296875,40.79999923706055,40.959999084472656,14812200.0
2010-06-29,39.779998779296875,39.88999938964844,39.25,39.310001373291016,35505500.0
2010-06-30,39.529998779296875,39.880001068115234,39.099998474121094,39.130001068115234,21510900.0
2010-07-01,39.13999938964844,39.439998626708984,38.59000015258789,39.380001068115234,27372600.0
2010-07-02,39.22999954223633,39.40999984741211,38.75,39.02000045776367,17803100.0
2010-07-06,40.0,40.380001068115234,39.41999816894531,39.7599983215332,26557200.0
2010-07-07,39.36000061035156,40.16999816894531,39.310001373291016,40.040000915527344,23236500.0
2010-07-08,39.83000183105469,40.04999923706055,39.599998474121094,39.95000076293945,15685600.0
2010-07-09,40.22999954223633,40.72999954223633,40.099998474121094,40.68000030517578,21814400.0
2010-07-12,40.75,40.86000061035156,40.290000915527344,40.470001220703125,18480300.0
2010-07-13,40.7400016784668,40.959999084472656,40.599998474121094,40.86000061035156,19086300.0
2010-07-14,40.380001068115234,40.599998474121094,40.15999984741211,40.47999954223633,17517100.0
2010-07-15,39.810001373291016,39.88999938964844,39.189998626708984,39.86000061035156,29438400.0
2010-07-16,39.2599983215332,39.33000183105469,38.650001525878906,38.7400016784668,30229800.0
2010-07-19,39.060001373291016,39.13999938964844,38.709999084472656,39.06999969482422,19101700.0
2010-07-20,39.18000030517578,40.18000030517578,39.150001525878906,40.13999938964844,31334800.0
2010-07-21,40.45000076293945,40.5,39.7599983215332,40.02000045776367,17497400.0
2010-07-22,40.72999954223633,41.36000061035156,40.720001220703125,41.119998931884766,26014300.0
2010-07-23,41.09000015258789,41.5099983215332,40.7599983215332,41.459999084472656,26039700.0
2010-07-26,41.029998779296875,41.4900016784668,40.93000030517578,41.369998931884766,15717400.0
2010-07-27,41.369998931884766,41.439998626708984,40.880001068115234,41.16999816894531,16382700.0
2010-07-28,41.130001068115234,41.369998931884766,40.970001220703125,41.18000030517578,15814500.0
2010-07-29,41.25,41.43000030517578,40.63999938964844,41.09000015258789,17226500.0
2010-07-30,40.70000076293945,41.43000030517578,40.560001373291016,41.2400016784668,20895300.0
2010-08-02,42.029998779296875,42.529998779296875,42.0,42.38999938964844,27118000.0
2010-08-03,41.939998626708984,42.060001373291016,41.630001068115234,41.97999954223633,19584600.0
2010-08-04,42.04999923706055,42.27000045776367,41.77000045776367,42.13999938964844,20912700.0
2010-08-05,41.75,42.04999923706055,41.630001068115234,42.029998779296875,15295800.0
2010-08-06,41.63999938964844,41.9900016784668,41.459999084472656,41.95000076293945,16067700.0
2010-08-09,42.209999084472656,42.29999923706055,42.06999969482422,42.220001220703125,15286800.0
2010-08-10,41.290000915527344,41.470001220703125,41.02000045776367,41.29999923706055,26469200.0
2010-08-11,40.45000076293945,40.459999084472656,39.9900016784668,40.150001525878906,24955400.0
2010-08-12,39.689998626708984,40.150001525878906,39.59000015258789,40.0099983215332,16552300.0
2010-08-13,40.060001373291016,40.209999084472656,39.91999816894531,40.04999923706055,14967800.0
2010-08-16,40.290000915527344,40.619998931884766,40.209999084472656,40.5,17279800.0
2010-08-17,41.0,41.130001068115234,40.68000030517578,40.84000015258789,16622500.0
2010-08-18,40.650001525878906,40.93000030517578,40.41999816894531,40.709999084472656,13889000.0
2010-08-19,40.790000915527344,40.86000061035156,40.150001525878906,40.439998626708984,23710600.0
2010-08-20,40.529998779296875,40.59000015258789,40.11000061035156,40.540000915527344,18025000.0
2010-08-23,40.380001068115234,40.47999954223633,39.95000076293945,39.97999954223633,14167100.0
2010-08-24,39.66999816894531,39.81999969482422,39.310001373291016,39.58000183105469,20283400.0
2010-08-25,39.31999969482422,39.689998626708984,39.029998779296875,39.54999923706055,18576800.0
2010-08-26,39.58000183105469,39.689998626708984,39.130001068115234,39.220001220703125,15396300.0
2010-08-27,39.650001525878906,40.029998779296875,39.11000061035156,39.970001220703125,21273900.0
2010-08-30,39.61000061035156,39.77000045776367,39.34000015258789,39.36000061035156,11222900.0
2010-08-31,39.34000015258789,39.619998931884766,39.11000061035156,39.290000915527344,14184900.0
2010-09-01,39.880001068115234,40.40999984741211,39.79999923706055,40.29999923706055,22159800.0
2010-09-02,40.41999816894531,40.709999084472656,40.33000183105469,40.709999084472656,14474500.0
2010-09-03,41.060001373291016,41.150001525878906,40.75,40.95000076293945,15647300.0
2010-09-07,41.150001525878906,41.18000030517578,40.4900016784668,40.540000915527344,28342800.0
2010-09-08,40.599998474121094,40.939998626708984,40.529998779296875,40.720001220703125,15596300.0
2010-09-09,41.04999923706055,41.08000183105469,40.75,40.90999984741211,12195300.0
2010-09-10,40.810001373291016,40.97999954223633,40.7400016784668,40.790000915527344,10151900.0
2010-09-13,41.849998474121094,41.97999954223633,41.689998626708984,41.93000030517578,23224900.0
2010-09-14,41.86000061035156,42.33000183105469,41.720001220703125,42.099998474121094,26960300.0
2010-09-15,41.61000061035156,41.900001525878906,41.459999084472656,41.83000183105469,17536300.0
2010-09-16,41.41999816894531,41.70000076293945,41.40999984741211,41.59000015258789,14658800.0
2010-09-17,41.900001525878906,41.97999954223633,41.65999984741211,41.959999084472656,14311900.0
2010-09-20,42.119998931884766,42.540000915527344,42.0099983215332,42.47999954223633,15299100.0
2010-09-21,42.369998931884766,42.65999984741211,42.189998626708984,42.45000076293945,19256700.0
2010-09-22,42.25,42.47999954223633,42.11000061035156,42.209999084472656,13130800.0
2010-09-23,41.869998931884766,42.2599983215332,41.79999923706055,41.88999938964844,12177400.0
2010-09-24,42.5,42.939998626708984,42.439998626708984,42.849998474121094,22783000.0
2010-09-27,42.619998931884766,42.77000045776367,42.5,42.630001068115234,12905100.0
2010-09-28,42.36000061035156,42.599998474121094,42.130001068115234,42.4900016784668,16627000.0
2010-09-29,42.779998779296875,42.869998931884766,42.56999969482422,42.720001220703125,19616300.0
2010-09-30,42.93000030517578,43.220001220703125,42.56999969482422,42.81999969482422,16755700.0
2010-10-01,43.0099983215332,43.290000915527344,42.97999954223633,43.099998474121094,15093100.0
2010-10-04,43.40999984741211,43.58000183105469,42.9900016784668,43.349998474121094,20845800.0
2010-10-05,43.790000915527344,44.349998474121094,43.7599983215332,44.27000045776367,21930400.0
2010-10-06,43.93000030517578,44.2599983215332,43.869998931884766,44.2400016784668,13224200.0
2010-10-07,44.13999938964844,44.13999938964844,43.58000183105469,43.86000061035156,13674800.0
2010-10-08,43.93000030517578,44.58000183105469,43.81999969482422,44.400001525878906,21388500.0
2010-10-11,44.68000030517578,44.84000015258789,44.59000015258789,44.81999969482422,10766600.0
2010-10-12,44.63999938964844,44.84000015258789,44.349998474121094,44.68000030517578,15563700.0
2010-10-13,45.43000030517578,46.18000030517578,45.43000030517578,45.7400016784668,29151200.0
2010-10-14,46.150001525878906,46.220001220703125,45.5099983215332,45.880001068115234,30222100.0
2010-10-15,46.38999938964844,46.41999816894531,45.540000915527344,46.20000076293945,27549500.0
2010-10-18,45.88999938964844,46.54999923706055,45.849998474121094,46.33000183105469,20501600.0
2010-10-19,45.7400016784668,45.86000061035156,45.150001525878906,45.2400016784668,29260200.0
2010-10-20,45.7599983215332,46.5,45.709999084472656,46.18000030517578,21289400.0
2010-10-21,46.349998474121094,46.439998626708984,45.52000045776367,46.13999938964844,16812600.0
2010-10-22,45.95000076293945,46.0099983215332,45.540000915527344,45.66999816894531,14355900.0
2010-10-25,46.16999816894531,46.560001373291016,46.150001525878906,46.220001220703125,14363000.0
2010-10-26,46.08000183105469,46.29999923706055,45.7599983215332,46.16999816894531,13769300.0
2010-10-27,44.9900016784668,45.13999938964844,44.38999938964844,45.08000183105469,28841300.0
2010-10-28,45.31999969482422,45.45000076293945,45.0099983215332,45.11000061035156,10192700.0
2010-10-29,44.630001068115234,45.0,44.59000015258789,44.970001220703125,9945700.0
2010-11-01,45.619998931884766,45.869998931884766,45.279998779296875,45.43000030517578,14999700.0
2010-11-02,46.029998779296875,46.119998931884766,45.86000061035156,46.0099983215332,11337200.0
2010-11-03,46.63999938964844,47.029998779296875,46.09000015258789,46.9900016784668,30709800.0
2010-11-04,47.58000183105469,47.939998626708984,47.540000915527344,47.880001068115234,23943400.0
2010-11-05,47.72999954223633,47.939998626708984,47.56999969482422,47.83000183105469,12235200.0
2010-11-08,47.90999984741211,47.9900016784668,47.68000030517578,47.93000030517578,14190000.0
2010-11-09,47.7599983215332,47.779998779296875,46.66999816894531,46.90999984741211,30898500.0
2010-11-10,46.90999984741211,47.33000183105469,46.400001525878906,47.2400016784668,25520400.0
2010-11-11,47.369998931884766,47.470001220703125,47.0,47.45000076293945,18494900.0
2010-11-12,46.400001525878906,46.63999938964844,45.68000030517578,46.02000045776367,24530200.0
2010-11-15,45.650001525878906,46.02000045776367,45.310001373291016,45.41999816894531,16478600.0
2010-11-16,44.720001220703125,44.79999923706055,43.959999084472656,44.11000061035156,27395900.0
2010-11-17,43.88999938964844,44.439998626708984,43.849998474121094,44.15999984741211,20049000.0
2010-11-18,44.97999954223633,45.34000015258789,44.959999084472656,45.099998474121094,21400600.0
2010-11-19,44.65999984741211,44.7599983215332,44.040000915527344,44.65999984741211,20450800.0
2010-11-22,44.619998931884766,44.880001068115234,43.95000076293945,44.47999954223633,20046900.0
2010-11-23,43.560001373291016,43.630001068115234,43.20000076293945,43.470001220703125,16853400.0
2010-11-24,43.959999084472656,44.29999923706055,43.86000061035156,44.20000076293945,13119700.0
2010-11-26,43.34000015258789,43.5,43.16999816894531,43.20000076293945,9028700.0
2010-11-29,43.56999969482422,43.970001220703125,43.25,43.84000015258789,15418700.0
2010-11-30,43.189998626708984,43.68000030517578,43.13999938964844,43.34000015258789,12069100.0
2010-12-01,44.29999923706055,44.61000061035156,44.15999984741211,44.45000076293945,19699200.0
2010-12-02,44.45000076293945,45.18000030517578,44.400001525878906,45.060001373291016,17955900.0
2010-12-03,43.90999984741211,44.58000183105469,43.88999938964844,44.41999816894531,14299900.0
2010-12-06,43.810001373291016,43.970001220703125,43.66999816894531,43.84000015258789,12850000.0
2010-12-07,44.40999984741211,44.52000045776367,43.939998626708984,43.9900016784668,14026400.0
2010-12-08,43.689998626708984,43.810001373291016,43.130001068115234,43.29999923706055,22338300.0
2010-12-09,43.5099983215332,43.56999969482422,43.119998931884766,43.36000061035156,10113300.0
2010-12-10,43.43000030517578,43.59000015258789,43.349998474121094,43.43000030517578,15274200.0
2010-12-13,43.86000061035156,44.15999984741211,43.7400016784668,43.869998931884766,18292600.0
2010-12-14,43.900001525878906,44.0,43.56999969482422,43.779998779296875,11920200.0
2010-12-15,43.209999084472656,43.25,42.650001525878906,42.7599983215332,18194100.0
2010-12-16,42.540000915527344,42.720001220703125,42.380001068115234,42.599998474121094,12367400.0
2010-12-17,42.52000045776367,42.65999984741211,42.380001068115234,42.59000015258789,12072300.0
2010-12-20,42.4900016784668,42.529998779296875,42.209999084472656,42.380001068115234,10129600.0
2010-12-21,42.970001220703125,43.33000183105469,42.88999938964844,43.27000045776367,19474500.0
2010-12-22,43.11000061035156,43.2400016784668,43.09000015258789,43.150001525878906,11939100.0
2010-12-23,42.63999938964844,42.709999084472656,42.52000045776367,42.599998474121094,12892600.0
2010-12-27,42.279998779296875,42.709999084472656,42.22999954223633,42.54999923706055,9806100.0
2010-12-28,42.150001525878906,42.29999923706055,41.90999984741211,42.189998626708984,12287100.0
2010-12-29,42.66999816894531,42.900001525878906,42.650001525878906,42.779998779296875,9595200.0
2010-12-30,42.790000915527344,43.0,42.619998931884766,42.66999816894531,7980100.0
2010-12-31,42.93000030517578,43.119998931884766,42.869998931884766,43.09000015258789,6275700.0
2011-01-03,43.79999923706055,43.91999816894531,43.630001068115234,43.72999954223633,15317200.0
2011-01-04,44.220001220703125,44.31999969482422,43.779998779296875,44.279998779296875,15487600.0
2011-01-05,44.0,44.41999816894531,43.9900016784668,44.31999969482422,13247900.0
2011-01-06,44.06999969482422,44.130001068115234,43.7400016784668,43.970001220703125,9788500.0
2011-01-07,43.90999984741211,44.02000045776367,43.290000915527344,43.650001525878906,12219400.0
2011-01-10,43.29999923706055,43.40999984741211,43.06999969482422,43.310001373291016,8000100.0
2011-01-11,43.790000915527344,43.900001525878906,43.650001525878906,43.79999923706055,10040900.0
2011-01-12,44.7400016784668,44.849998474121094,44.459999084472656,44.689998626708984,18877800.0
2011-01-13,44.709999084472656,44.7400016784668,44.380001068115234,44.560001373291016,10316900.0
2011-01-14,44.41999816894531,44.599998474121094,44.369998931884766,44.54999923706055,7850400.0
2011-01-18,44.09000015258789,44.27000045776367,43.959999084472656,44.220001220703125,10130500.0
2011-01-19,44.529998779296875,44.61000061035156,44.119998931884766,44.34000015258789,18032800.0
2011-01-20,43.84000015258789,43.849998474121094,43.11000061035156,43.61000061035156,22490600.0
2011-01-21,43.689998626708984,43.83000183105469,43.18000030517578,43.22999954223633,16010000.0
2011-01-24,42.93000030517578,43.15999984741211,42.93000030517578,43.06999969482422,10906000.0
2011-01-25,42.7599983215332,42.93000030517578,42.439998626708984,42.83000183105469,15953600.0
2011-01-26,43.15999984741211,43.220001220703125,42.91999816894531,43.09000015258789,15161300.0
2011-01-27,43.209999084472656,43.349998474121094,43.02000045776367,43.13999938964844,11325900.0
2011-01-28,42.95000076293945,43.0,41.88999938964844,42.029998779296875,25557800.0
2011-01-31,42.540000915527344,42.90999984741211,42.400001525878906,42.54999923706055,22314200.0
2011-02-01,42.709999084472656,43.029998779296875,42.619998931884766,42.84000015258789,18007400.0
2011-02-02,42.959999084472656,43.08000183105469,42.7400016784668,42.790000915527344,8566900.0
2011-02-03,42.93000030517578,42.95000076293945,42.58000183105469,42.68000030517578,10378200.0
2011-02-04,42.779998779296875,42.88999938964844,42.41999816894531,42.869998931884766,10429400.0
2011-02-07,42.41999816894531,42.68000030517578,42.38999938964844,42.470001220703125,11147600.0
2011-02-08,42.43000030517578,42.619998931884766,42.310001373291016,42.58000183105469,12503700.0
2011-02-09,41.79999923706055,41.869998931884766,41.20000076293945,41.5,31562000.0
2011-02-10,40.849998474121094,41.540000915527344,40.79999923706055,41.369998931884766,21848300.0
2011-02-11,41.15999984741211,41.86000061035156,41.11000061035156,41.68000030517578,16001100.0
2011-02-14,41.95000076293945,42.13999938964844,41.84000015258789,41.91999816894531,13718800.0
2011-02-15,41.630001068115234,41.86000061035156,41.4900016784668,41.79999923706055,11364200.0
2011-02-16,41.939998626708984,42.54999923706055,41.93000030517578,42.310001373291016,18437200.0
2011-02-17,42.36000061035156,42.7400016784668,42.099998474121094,42.65999984741211,9968100.0
2011-02-18,42.97999954223633,43.02000045776367,42.58000183105469,42.72999954223633,16789300.0
2011-02-22,41.779998779296875,41.86000061035156,41.0,41.20000076293945,24546100.0
2011-02-23,41.2599983215332,41.43000030517578,40.84000015258789,41.2400016784668,19238500.0
2011-02-24,41.11000061035156,41.36000061035156,40.83000183105469,41.15999984741211,11708300.0
2011-02-25,41.68000030517578,41.849998474121094,41.5099983215332,41.84000015258789,10951100.0
2011-02-28,42.36000061035156,42.5099983215332,42.150001525878906,42.45000076293945,11632200.0
2011-03-01,42.630001068115234,42.68000030517578,42.02000045776367,42.16999816894531,17069700.0
2011-03-02,42.290000915527344,42.779998779296875,42.279998779296875,42.560001373291016,14715400.0
2011-03-03,42.88999938964844,43.36000061035156,42.88999938964844,43.31999969482422,15363200.0
2011-03-04,43.43000030517578,43.52000045776367,42.970001220703125,43.439998626708984,16840800.0
2011-03-07,43.540000915527344,43.849998474121094,43.0099983215332,43.099998474121094,14764900.0
2011-03-08,43.86000061035156,44.36000061035156,43.5,44.13999938964844,34981500.0
2011-03-09,44.22999954223633,44.52000045776367,44.040000915527344,44.43000030517578,18514000.0
2011-03-10,43.97999954223633,44.0099983215332,43.54999923706055,43.63999938964844,31140900.0
2011-03-11,43.20000076293945,43.650001525878906,43.09000015258789,43.529998779296875,19997700.0
2011-03-14,43.27000045776367,43.650001525878906,43.2599983215332,43.56999969482422,23084000.0
2011-03-15,41.93000030517578,43.11000061035156,41.86000061035156,42.810001373291016,31036500.0
2011-03-16,42.45000076293945,42.72999954223633,41.5099983215332,41.75,32774700.0
2011-03-17,42.209999084472656,42.290000915527344,41.75,41.97999954223633,17175400.0
2011-03-18,41.970001220703125,42.04999923706055,41.65999984741211,41.68000030517578,12589500.0
2011-03-21,42.47999954223633,42.86000061035156,42.47999954223633,42.75,15459300.0
2011-03-22,42.88999938964844,43.04999923706055,42.720001220703125,42.83000183105469,11043100.0
2011-03-23,42.95000076293945,43.31999969482422,42.7400016784668,43.189998626708984,17074100.0
2011-03-24,43.45000076293945,43.77000045776367,43.099998474121094,43.630001068115234,17826300.0
2011-03-25,43.619998931884766,43.90999984741211,43.54999923706055,43.66999816894531,8034100.0
2011-03-28,43.34000015258789,43.540000915527344,43.279998779296875,43.33000183105469,11812400.0
2011-03-29,43.5099983215332,43.849998474121094,43.38999938964844,43.720001220703125,13052500.0
2011-03-30,44.220001220703125,44.52000045776367,44.15999984741211,44.400001525878906,13184400.0
2011-03-31,44.4900016784668,45.0,44.4900016784668,44.90999984741211,18912300.0
2011-04-01,45.54999923706055,45.709999084472656,45.36000061035156,45.4900016784668,17661900.0
2011-04-04,45.93000030517578,46.36000061035156,45.79999923706055,46.349998474121094,18991700.0
2011-04-05,46.0,46.25,45.959999084472656,46.0,19728200.0
2011-04-06,46.22999954223633,46.380001068115234,46.040000915527344,46.06999969482422,11322100.0
2011-04-07,46.060001373291016,46.310001373291016,45.75,45.9900016784668,15016500.0
2011-04-08,46.209999084472656,46.369998931884766,45.779998779296875,46.02000045776367,9029100.0
2011-04-11,46.2400016784668,46.290000915527344,45.43000030517578,45.56999969482422,16528400.0
2011-04-12,45.29999923706055,45.470001220703125,44.83000183105469,45.040000915527344,13921200.0
2011-04-13,45.86000061035156,45.91999816894531,45.220001220703125,45.47999954223633,14566700.0
2011-04-14,45.29999923706055,45.63999938964844,45.25,45.54999923706055,13361800.0
2011-04-15,45.79999923706055,45.88999938964844,45.5,45.790000915527344,10753900.0
2011-04-18,44.810001373291016,45.060001373291016,44.52000045776367,44.88999938964844,13672400.0
2011-04-19,44.79999923706055,45.02000045776367,44.77000045776367,44.84000015258789,8458700.0
2011-04-20,45.84000015258789,46.08000183105469,45.650001525878906,45.9900016784668,16551500.0
2011-04-21,46.279998779296875,46.400001525878906,46.119998931884766,46.369998931884766,6750700.0
2011-04-25,46.209999084472656,46.27000045776367,45.790000915527344,45.869998931884766,7589200.0
2011-04-26,45.97999954223633,46.189998626708984,45.709999084472656,46.0099983215332,11095400.0
2011-04-27,45.65999984741211,45.68000030517578,44.97999954223633,45.56999969482422,17904800.0
2011-04-28,45.22999954223633,45.29999923706055,45.0,45.220001220703125,10824500.0
2011-04-29,45.0099983215332,45.25,44.81999969482422,45.209999084472656,12300000.0
2011-05-02,45.31999969482422,45.5099983215332,45.0099983215332,45.06999969482422,9416700.0
2011-05-03,44.630001068115234,44.720001220703125,44.209999084472656,44.5099983215332,18166500.0
2011-05-04,43.95000076293945,43.95000076293945,43.400001525878906,43.709999084472656,17565100.0
2011-05-05,43.459999084472656,43.91999816894531,43.20000076293945,43.349998474121094,21473700.0
2011-05-06,44.029998779296875,44.45000076293945,43.540000915527344,43.779998779296875,20754000.0
2011-05-09,43.86000061035156,44.099998474121094,43.59000015258789,43.86000061035156,11588800.0
2011-05-10,44.06999969482422,44.40999984741211,44.029998779296875,44.290000915527344,13518500.0
2011-05-11,44.0,44.119998931884766,43.25,43.630001068115234,18846000.0
2011-05-12,43.529998779296875,43.880001068115234,43.099998474121094,43.709999084472656,11372100.0
2011-05-13,43.79999923706055,43.810001373291016,43.0,43.20000076293945,20093600.0
2011-05-16,42.95000076293945,43.47999954223633,42.869998931884766,43.099998474121094,12765100.0
2011-05-17,42.86000061035156,43.29999923706055,42.810001373291016,43.150001525878906,21480300.0
2011-05-18,43.5,44.16999816894531,43.36000061035156,44.13999938964844,25296200.0
2011-05-19,44.15999984741211,44.189998626708984,43.84000015258789,44.119998931884766,9920600.0
2011-05-20,44.0,44.16999816894531,43.75,44.02000045776367,19303800.0
2011-05-23,42.9900016784668,43.060001373291016,42.68000030517578,42.939998626708984,17524600.0
2011-05-24,43.29999923706055,43.43000030517578,43.04999923706055,43.279998779296875,8272200.0
2011-05-25,43.279998779296875,43.68000030517578,43.20000076293945,43.4900016784668,8900800.0
2011-05-26,43.459999084472656,43.7599983215332,43.36000061035156,43.72999954223633,8672300.0
2011-05-27,44.150001525878906,44.34000015258789,44.04999923706055,44.18000030517578,9877700.0
2011-05-31,45.150001525878906,45.369998931884766,44.97999954223633,45.369998931884766,16719500.0
2011-06-01,45.119998931884766,45.130001068115234,44.380001068115234,44.47999954223633,20132000.0
2011-06-02,44.540000915527344,44.70000076293945,44.20000076293945,44.59000015258789,11695300.0
2011-06-03,43.599998474121094,44.0099983215332,43.54999923706055,43.709999084472656,12947500.0
2011-06-06,43.58000183105469,43.720001220703125,43.27000045776367,43.279998779296875,12712000.0
2011-06-07,43.75,44.0099983215332,43.529998779296875,43.54999923706055,17277000.0
2011-06-08,43.36000061035156,43.59000015258789,43.119998931884766,43.31999969482422,14901100.0
2011-06-09,43.060001373291016,43.5099983215332,42.869998931884766,43.38999938964844,14594000.0
2011-06-10,42.7599983215332,42.88999938964844,42.189998626708984,42.31999969482422,25540900.0
2011-06-13,42.95000076293945,42.97999954223633,42.369998931884766,42.619998931884766,17450300.0
2011-06-14,43.189998626708984,43.36000061035156,43.060001373291016,43.130001068115234,13967800.0
2011-06-15,42.59000015258789,42.77000045776367,42.099998474121094,42.34000015258789,17647600.0
2011-06-16,41.959999084472656,42.40999984741211,41.779998779296875,42.08000183105469,24620300.0
2011-06-17,42.11000061035156,42.25,41.93000030517578,42.08000183105469,18934700.0
2011-06-20,41.790000915527344,42.040000915527344,41.7599983215332,41.95000076293945,11319300.0
2011-06-21,41.45000076293945,41.939998626708984,41.41999816894531,41.900001525878906,16809600.0
2011-06-22,41.29999923706055,41.58000183105469,41.029998779296875,41.11000061035156,17452300.0
2011-06-23,40.68000030517578,41.279998779296875,40.349998474121094,41.27000045776367,18033900.0
2011-06-24,42.099998474121094,42.150001525878906,41.529998779296875,41.63999938964844,20324000.0
2011-06-27,42.0099983215332,42.4900016784668,41.880001068115234,42.349998474121094,18112300.0
2011-06-28,42.20000076293945,42.630001068115234,42.040000915527344,42.599998474121094,11590900.0
2011-06-29,42.25,42.560001373291016,42.0099983215332,42.45000076293945,21087300.0
2011-06-30,42.70000076293945,43.0,42.56999969482422,42.95000076293945,12340100.0
2011-07-01,42.970001220703125,43.40999984741211,42.84000015258789,43.29999923706055,12557200.0
2011-07-05,43.16999816894531,43.20000076293945,42.790000915527344,42.970001220703125,14262900.0
2011-07-06,42.36000061035156,42.439998626708984,41.939998626708984,42.41999816894531,19269500.0
2011-07-07,42.709999084472656,42.95000076293945,42.630001068115234,42.79999923706055,13297800.0
2011-07-08,42.5099983215332,42.630001068115234,42.11000061035156,42.27000045776367,20186400.0
2011-07-11,41.79999923706055,41.79999923706055,41.130001068115234,41.279998779296875,22336300.0
2011-07-12,40.959999084472656,41.16999816894531,40.720001220703125,40.88999938964844,16113700.0
2011-07-13,41.290000915527344,41.849998474121094,41.25,41.5,16927700.0
2011-07-14,41.529998779296875,41.68000030517578,41.09000015258789,41.20000076293945,20518300.0
2011-07-15,41.5099983215332,41.58000183105469,41.15999984741211,41.33000183105469,8279800.0
2011-07-18,41.25,41.279998779296875,40.869998931884766,41.209999084472656,11412800.0
2011-07-19,41.459999084472656,41.77000045776367,41.43000030517578,41.77000045776367,13023000.0
2011-07-20,41.7599983215332,42.09000015258789,41.7400016784668,41.939998626708984,11975000.0
2011-07-21,41.900001525878906,42.279998779296875,41.79999923706055,42.18000030517578,19199600.0
2011-07-22,42.34000015258789,42.52000045776367,42.16999816894531,42.439998626708984,8580700.0
2011-07-25,42.060001373291016,42.279998779296875,41.97999954223633,42.18000030517578,9810000.0
2011-07-26,42.58000183105469,42.779998779296875,42.38999938964844,42.65999984741211,11227800.0
2011-07-27,42.52000045776367,42.56999969482422,41.900001525878906,42.060001373291016,20290600.0
2011-07-28,42.41999816894531,42.619998931884766,42.18000030517578,42.36000061035156,15532700.0
2011-07-29,41.86000061035156,42.540000915527344,41.84000015258789,42.36000061035156,12415400.0
2011-08-01,42.689998626708984,42.7400016784668,41.779998779296875,42.220001220703125,21634400.0
2011-08-02,41.779998779296875,41.880001068115234,41.060001373291016,41.150001525878906,17990700.0
2011-08-03,40.869998931884766,41.02000045776367,40.06999969482422,40.93000030517578,24115100.0
2011-08-04,39.95000076293945,40.130001068115234,39.15999984741211,39.2400016784668,30171700.0
2011-08-05,39.16999816894531,39.38999938964844,37.540000915527344,38.7599983215332,35295400.0
2011-08-08,37.29999923706055,38.189998626708984,35.81999969482422,35.9900016784668,46831800.0
2011-08-09,36.130001068115234,37.47999954223633,35.459999084472656,37.459999084472656,54818600.0
2011-08-10,35.939998626708984,36.380001068115234,35.02000045776367,35.119998931884766,44624400.0
2011-08-11,35.72999954223633,37.150001525878906,35.689998626708984,37.02000045776367,29461400.0
2011-08-12,36.939998626708984,37.09000015258789,36.400001525878906,36.709999084472656,16606500.0
2011-08-15,37.7400016784668,38.08000183105469,37.349998474121094,38.08000183105469,21221700.0
2011-08-16,37.68000030517578,38.060001373291016,37.40999984741211,37.81999969482422,16069600.0
2011-08-17,37.95000076293945,38.22999954223633,37.470001220703125,37.66999816894531,19447100.0
2011-08-18,36.54999923706055,36.630001068115234,35.7400016784668,36.20000076293945,27812000.0
2011-08-19,35.79999923706055,36.65999984741211,35.75,35.880001068115234,18856700.0
2011-08-22,36.189998626708984,36.25,35.4900016784668,35.66999816894531,16279000.0
2011-08-23,36.36000061035156,37.38999938964844,36.029998779296875,37.310001373291016,26091600.0
2011-08-24,36.540000915527344,37.0099983215332,36.40999984741211,36.880001068115234,15922200.0
2011-08-25,37.11000061035156,37.290000915527344,36.369998931884766,36.630001068115234,15365100.0
2011-08-26,36.25,36.9900016784668,35.66999816894531,36.959999084472656,25135200.0
2011-08-29,37.220001220703125,37.9900016784668,37.189998626708984,37.970001220703125,22637500.0
2011-08-30,37.7400016784668,38.20000076293945,37.529998779296875,37.939998626708984,19809100.0
2011-08-31,38.540000915527344,38.720001220703125,38.220001220703125,38.630001068115234,19416100.0
2011-09-01,38.5099983215332,38.75,38.060001373291016,38.09000015258789,13124000.0
2011-09-02,37.279998779296875,37.540000915527344,37.029998779296875,37.119998931884766,13933400.0
2011-09-06,36.2400016784668,37.189998626708984,36.220001220703125,37.16999816894531,16935000.0
2011-09-07,37.630001068115234,37.95000076293945,37.459999084472656,37.849998474121094,14226100.0
2011-09-08,37.15999984741211,37.58000183105469,36.880001068115234,36.95000076293945,18435900.0
2011-09-09,36.63999938964844,36.75,35.86000061035156,35.95000076293945,20690700.0
2011-09-12,35.470001220703125,35.939998626708984,35.130001068115234,35.790000915527344,16146000.0
2011-09-13,35.7400016784668,35.959999084472656,35.529998779296875,35.880001068115234,14088200.0
2011-09-14,35.79999923706055,36.189998626708984,35.209999084472656,35.970001220703125,17561700.0
2011-09-15,36.15999984741211,36.43000030517578,35.720001220703125,36.36000061035156,11724100.0
2011-09-16,36.68000030517578,36.849998474121094,36.27000045776367,36.619998931884766,10771700.0
2011-09-19,35.27000045776367,35.61000061035156,34.88999938964844,35.40999984741211,17980700.0
2011-09-20,35.540000915527344,35.810001373291016,35.11000061035156,35.220001220703125,12768300.0
2011-09-21,34.86000061035156,35.0099983215332,33.61000061035156,33.66999816894531,31720800.0
2011-09-22,32.25,32.599998474121094,31.34000015258789,31.530000686645508,46935500.0
2011-09-23,31.799999237060547,32.470001220703125,31.65999984741211,32.27000045776367,28182000.0
2011-09-26,31.6200008392334,32.47999954223633,31.31999969482422,32.130001068115234,31762500.0
2011-09-27,33.5099983215332,34.2400016784668,33.349998474121094,33.7599983215332,28140900.0
2011-09-28,33.15999984741211,33.38999938964844,32.439998626708984,32.4900016784668,26360100.0
2011-09-29,33.220001220703125,33.290000915527344,32.56999969482422,32.90999984741211,43310600.0
2011-09-30,31.610000610351562,32.04999923706055,30.81999969482422,30.829999923706055,30462200.0
2011-10-03,30.18000030517578,30.799999237060547,29.709999084472656,29.75,29614100.0
2011-10-04,28.899999618530273,29.889999389648438,28.610000610351562,29.790000915527344,36200000.0
2011-10-05,29.75,31.049999237060547,29.700000762939453,31.0,45868300.0
2011-10-06,30.809999465942383,31.479999542236328,30.479999542236328,31.440000534057617,39946100.0
2011-10-07,31.709999084472656,31.799999237060547,30.950000762939453,31.040000915527344,18803700.0
2011-10-10,31.780000686645508,32.72999954223633,31.75,32.689998626708984,30010100.0
2011-10-11,32.720001220703125,33.790000915527344,32.61000061035156,33.400001525878906,26079200.0
2011-10-12,34.099998474121094,35.11000061035156,34.08000183105469,34.720001220703125,42240800.0
2011-10-13,34.43000030517578,34.529998779296875,33.720001220703125,34.310001373291016,26364800.0
2011-10-14,34.29999923706055,34.66999816894531,34.16999816894531,34.66999816894531,21432800.0
2011-10-17,34.36000061035156,34.47999954223633,33.5099983215332,33.56999969482422,31592800.0
2011-10-18,33.349998474121094,34.279998779296875,32.709999084472656,34.13999938964844,27977500.0
2011-10-19,33.619998931884766,33.900001525878906,33.08000183105469,33.119998931884766,22058100.0
2011-10-20,32.849998474121094,32.849998474121094,31.959999084472656,32.56999969482422,29927600.0
2011-10-21,32.9900016784668,33.560001373291016,32.970001220703125,33.459999084472656,18215100.0
2011-10-24,34.33000183105469,35.58000183105469,34.220001220703125,35.279998779296875,31857500.0
2011-10-25,35.060001373291016,35.20000076293945,34.630001068115234,34.72999954223633,21868600.0
2011-10-26,35.880001068115234,36.2400016784668,35.15999984741211,36.130001068115234,39225800.0
2011-10-27,37.720001220703125,38.77000045776367,37.15999984741211,38.209999084472656,56195800.0
2011-10-28,37.59000015258789,38.16999816894531,37.5099983215332,37.790000915527344,24394300.0
2011-10-31,36.90999984741211,37.02000045776367,35.959999084472656,36.060001373291016,28003300.0
2011-11-01,34.959999084472656,35.86000061035156,34.630001068115234,35.5099983215332,35688000.0
2011-11-02,36.84000015258789,37.4900016784668,36.560001373291016,37.439998626708984,31807200.0
2011-11-03,37.529998779296875,38.380001068115234,37.150001525878906,38.06999969482422,38236700.0
2011-11-04,37.77000045776367,37.869998931884766,36.91999816894531,37.720001220703125,40755900.0
2011-11-07,37.84000015258789,38.25,37.470001220703125,38.209999084472656,19454400.0
2011-11-08,38.43000030517578,39.0099983215332,37.81999969482422,38.95000076293945,38439000.0
2011-11-09,37.47999954223633,37.689998626708984,36.470001220703125,36.84000015258789,51857200.0
2011-11-10,37.29999923706055,37.45000076293945,36.7400016784668,36.9900016784668,16643800.0
2011-11-11,37.43000030517578,38.029998779296875,37.369998931884766,37.79999923706055,16204000.0
2011-11-14,37.61000061035156,37.689998626708984,36.90999984741211,37.310001373291016,19730800.0
2011-11-15,37.38999938964844,38.02000045776367,37.33000183105469,37.790000915527344,15367800.0
2011-11-16,36.599998474121094,37.02000045776367,36.150001525878906,36.189998626708984,37267000.0
2011-11-17,36.34000015258789,36.529998779296875,35.09000015258789,35.279998779296875,34233800.0
2011-11-18,35.599998474121094,35.65999984741211,35.18000030517578,35.31999969482422,17728200.0
2011-11-21,34.47999954223633,34.5099983215332,33.790000915527344,34.2400016784668,23538100.0
2011-11-22,34.34000015258789,34.619998931884766,33.869998931884766,34.31999969482422,22765700.0
2011-11-23,33.81999969482422,33.90999984741211,33.31999969482422,33.380001068115234,17868200.0
2011-11-25,33.400001525878906,33.84000015258789,33.33000183105469,33.33000183105469,11878400.0
2011-11-28,34.66999816894531,34.869998931884766,34.290000915527344,34.61000061035156,22355200.0
2011-11-29,34.4900016784668,34.84000015258789,34.2400016784668,34.290000915527344,17960300.0
2011-11-30,35.959999084472656,36.5,35.20000076293945,36.220001220703125,43696900.0
2011-12-01,36.58000183105469,36.93000030517578,36.47999954223633,36.619998931884766,17913700.0
2011-12-02,36.93000030517578,37.060001373291016,36.279998779296875,36.400001525878906,16856000.0
2011-12-05,37.09000015258789,37.2599983215332,36.68000030517578,36.869998931884766,19170800.0
2011-12-06,36.66999816894531,36.880001068115234,36.31999969482422,36.560001373291016,14751600.0
2011-12-07,36.52000045776367,36.939998626708984,36.27000045776367,36.81999969482422,17043200.0
2011-12-08,36.380001068115234,36.529998779296875,35.61000061035156,35.70000076293945,20960200.0
2011-12-09,35.939998626708984,36.52000045776367,35.34000015258789,36.29999923706055,23329300.0
2011-12-12,35.29999923706055,35.36000061035156,34.650001525878906,34.939998626708984,26176600.0
2011-12-13,35.2599983215332,35.459999084472656,34.54999923706055,34.7400016784668,29125600.0
2011-12-14,34.58000183105469,34.720001220703125,34.20000076293945,34.380001068115234,23081400.0
2011-12-15,34.47999954223633,34.56999969482422,34.0,34.09000015258789,21881500.0
2011-12-16,34.66999816894531,35.040000915527344,34.369998931884766,34.529998779296875,27367600.0
2011-12-19,34.36000061035156,34.439998626708984,33.540000915527344,33.61000061035156,19485600.0
2011-12-20,34.209999084472656,35.11000061035156,34.209999084472656,35.040000915527344,29201300.0
2011-12-21,34.349998474121094,34.77000045776367,34.029998779296875,34.7599983215332,21733300.0
2011-12-22,34.84000015258789,35.43000030517578,34.75,35.310001373291016,23555300.0
2011-12-23,35.2400016784668,35.36000061035156,35.060001373291016,35.310001373291016,8997100.0
2011-12-27,35.18000030517578,35.349998474121094,35.0,35.18000030517578,7558300.0
2011-12-28,34.83000183105469,34.849998474121094,34.380001068115234,34.529998779296875,15225400.0
2011-12-29,34.70000076293945,34.939998626708984,34.650001525878906,34.849998474121094,12622100.0
2011-12-30,34.79999923706055,34.970001220703125,34.68000030517578,34.869998931884766,7556100.0
2012-01-03,35.810001373291016,36.15999984741211,35.779998779296875,35.97999954223633,18495200.0
2012-01-04,35.349998474121094,35.52000045776367,35.220001220703125,35.45000076293945,14547100.0
2012-01-05,35.439998626708984,35.79999923706055,35.15999984741211,35.689998626708984,14266300.0
2012-01-06,35.40999984741211,35.41999816894531,34.9900016784668,35.16999816894531,14557700.0
2012-01-09,35.810001373291016,36.0,35.66999816894531,35.91999816894531,15488700.0
2012-01-10,36.66999816894531,37.09000015258789,36.66999816894531,36.72999954223633,25924300.0
2012-01-11,36.66999816894531,36.810001373291016,36.540000915527344,36.7400016784668,14682600.0
2012-01-12,36.81999969482422,36.939998626708984,36.5,36.84000015258789,10986100.0
2012-01-13,36.4900016784668,36.83000183105469,36.279998779296875,36.7400016784668,15733300.0
2012-01-17,37.709999084472656,37.7599983215332,37.439998626708984,37.619998931884766,26287400.0
2012-01-18,37.650001525878906,38.33000183105469,37.56999969482422,38.31999969482422,24602000.0
2012-01-19,38.63999938964844,38.790000915527344,38.369998931884766,38.599998474121094,20312700.0
2012-01-20,38.400001525878906,38.70000076293945,38.20000076293945,38.66999816894531,18070100.0
2012-01-23,38.72999954223633,39.33000183105469,38.689998626708984,38.83000183105469,14357200.0
2012-01-24,38.560001373291016,39.060001373291016,38.459999084472656,38.970001220703125,16331100.0
2012-01-25,38.84000015258789,39.5099983215332,38.68000030517578,39.40999984741211,16081100.0
2012-01-26,39.65999984741211,39.79999923706055,39.06999969482422,39.18000030517578,17002100.0
2012-01-27,39.310001373291016,39.66999816894531,39.220001220703125,39.599998474121094,12218500.0
2012-01-30,38.34000015258789,38.709999084472656,38.06999969482422,38.470001220703125,19828900.0
2012-01-31,38.939998626708984,38.95000076293945,38.470001220703125,38.83000183105469,15555900.0
2012-02-01,39.29999923706055,39.7400016784668,39.189998626708984,39.41999816894531,19449600.0
2012-02-02,39.880001068115234,40.220001220703125,39.790000915527344,39.93000030517578,15714600.0
2012-02-03,40.439998626708984,40.66999816894531,40.29999923706055,40.4900016784668,23063000.0
2012-02-06,39.79999923706055,39.959999084472656,39.72999954223633,39.869998931884766,14441400.0
2012-02-07,39.59000015258789,39.84000015258789,39.33000183105469,39.720001220703125,12675300.0
2012-02-08,40.06999969482422,40.40999984741211,40.029998779296875,40.400001525878906,18507600.0
2012-02-09,40.2599983215332,40.34000015258789,39.77000045776367,40.09000015258789,11689600.0
2012-02-10,39.08000183105469,39.08000183105469,38.65999984741211,38.93000030517578,24124900.0
2012-02-13,39.470001220703125,39.59000015258789,39.2400016784668,39.41999816894531,12511200.0
2012-02-14,39.31999969482422,39.41999816894531,39.11000061035156,39.38999938964844,12704800.0
2012-02-15,40.150001525878906,40.189998626708984,39.709999084472656,39.810001373291016,16814500.0
2012-02-16,39.880001068115234,40.33000183105469,39.70000076293945,40.310001373291016,15959100.0
2012-02-17,40.439998626708984,40.45000076293945,40.09000015258789,40.2599983215332,12047000.0
2012-02-21,40.099998474121094,40.25,39.79999923706055,39.93000030517578,13156200.0
2012-02-22,40.18000030517578,40.36000061035156,40.08000183105469,40.31999969482422,10439000.0
2012-02-23,40.16999816894531,40.25,39.90999984741211,40.13999938964844,10411900.0
2012-02-24,40.09000015258789,40.470001220703125,40.060001373291016,40.15999984741211,11184300.0
2012-02-27,39.45000076293945,39.84000015258789,39.29999923706055,39.709999084472656,10734300.0
2012-02-28,40.13999938964844,40.380001068115234,40.02000045776367,40.290000915527344,15067400.0
2012-02-29,40.5,40.7400016784668,40.15999984741211,40.290000915527344,17373000.0
2012-03-01,40.099998474121094,40.43000030517578,40.040000915527344,40.31999969482422,17677600.0
2012-03-02,40.15999984741211,40.369998931884766,40.0,40.27000045776367,9517500.0
2012-03-05,39.52000045776367,39.58000183105469,39.04999923706055,39.16999816894531,15822200.0
2012-03-06,37.970001220703125,37.970001220703125,37.54999923706055,37.75,22380700.0
2012-03-07,37.869998931884766,38.040000915527344,37.7400016784668,37.91999816894531,13942100.0
2012-03-08,38.65999984741211,38.900001525878906,38.470001220703125,38.810001373291016,14418500.0
2012-03-09,39.0,39.209999084472656,38.91999816894531,39.029998779296875,17131700.0
2012-03-12,38.939998626708984,39.029998779296875,38.72999954223633,38.83000183105469,13082400.0
2012-03-13,39.209999084472656,39.9900016784668,39.130001068115234,39.959999084472656,19397700.0
2012-03-14,39.31999969482422,39.52000045776367,38.560001373291016,38.66999816894531,39645900.0
2012-03-15,38.75,38.90999984741211,38.56999969482422,38.86000061035156,11477600.0
2012-03-16,38.869998931884766,38.970001220703125,38.59000015258789,38.7599983215332,10866100.0
2012-03-19,37.939998626708984,38.29999923706055,37.88999938964844,37.970001220703125,26127900.0
2012-03-20,37.310001373291016,37.33000183105469,36.939998626708984,37.27000045776367,17734800.0
2012-03-21,37.220001220703125,37.5,37.06999969482422,37.41999816894531,14448400.0
2012-03-22,37.040000915527344,37.06999969482422,36.63999938964844,36.88999938964844,21221000.0
2012-03-23,36.77000045776367,36.97999954223633,36.56999969482422,36.91999816894531,12273600.0
2012-03-26,37.06999969482422,37.380001068115234,37.040000915527344,37.310001373291016,15284500.0
2012-03-27,37.380001068115234,37.47999954223633,37.16999816894531,37.25,11241700.0
2012-03-28,37.04999923706055,37.099998474121094,36.5,36.70000076293945,24043000.0
2012-03-29,36.060001373291016,36.400001525878906,35.689998626708984,36.29999923706055,26270500.0
2012-03-30,36.84000015258789,36.880001068115234,36.5099983215332,36.66999816894531,16671200.0
2012-04-02,36.5099983215332,37.27000045776367,36.43000030517578,37.09000015258789,24756300.0
2012-04-03,37.25,37.310001373291016,36.77000045776367,37.20000076293945,25645400.0
2012-04-04,36.59000015258789,36.70000076293945,36.290000915527344,36.630001068115234,17310800.0
2012-04-05,36.619998931884766,37.08000183105469,36.61000061035156,37.0,19995400.0
2012-04-09,36.38999938964844,36.52000045776367,36.290000915527344,36.349998474121094,15544700.0
2012-04-10,36.34000015258789,36.41999816894531,35.54999923706055,35.75,19568000.0
2012-04-11,36.279998779296875,36.34000015258789,36.060001373291016,36.16999816894531,14519200.0
2012-04-12,36.56999969482422,37.540000915527344,36.56999969482422,37.45000076293945,34550500.0
2012-04-13,37.4900016784668,37.599998474121094,37.040000915527344,37.41999816894531,31383400.0
2012-04-16,37.59000015258789,37.720001220703125,36.90999984741211,37.08000183105469,23975300.0
2012-04-17,37.31999969482422,37.630001068115234,37.099998474121094,37.5,17750400.0
2012-04-18,37.369998931884766,37.630001068115234,37.290000915527344,37.540000915527344,8341600.0
2012-04-19,37.810001373291016,38.130001068115234,37.38999938964844,37.77000045776367,18902500.0
2012-04-20,38.09000015258789,38.36000061035156,37.97999954223633,38.0,17463000.0
2012-04-23,37.040000915527344,37.119998931884766,36.599998474121094,37.0,23768700.0
2012-04-24,37.150001525878906,37.5,37.06999969482422,37.189998626708984,14764100.0
2012-04-25,37.400001525878906,37.560001373291016,37.22999954223633,37.529998779296875,12254200.0
2012-04-26,37.47999954223633,37.880001068115234,37.400001525878906,37.7400016784668,10696900.0
2012-04-27,37.7400016784668,37.970001220703125,37.52000045776367,37.869998931884766,13480200.0
2012-04-30,37.97999954223633,38.13999938964844,37.66999816894531,37.93000030517578,14940700.0
2012-05-01,37.900001525878906,38.58000183105469,37.88999938964844,38.349998474121094,18564500.0
2012-05-02,38.130001068115234,38.33000183105469,37.869998931884766,38.310001373291016,25031200.0
2012-05-03,38.18000030517578,38.220001220703125,37.810001373291016,37.91999816894531,13327800.0
2012-05-04,37.720001220703125,37.72999954223633,37.209999084472656,37.369998931884766,15285100.0
2012-05-07,37.08000183105469,37.380001068115234,37.08000183105469,37.18000030517578,10858100.0
2012-05-08,36.75,36.779998779296875,35.9900016784668,36.43000030517578,23524600.0
2012-05-09,35.86000061035156,36.11000061035156,35.58000183105469,35.93000030517578,25154900.0
2012-05-10,36.040000915527344,36.09000015258789,35.709999084472656,35.810001373291016,22573400.0
2012-05-11,35.400001525878906,35.75,35.20000076293945,35.33000183105469,19818100.0
2012-05-14,34.810001373291016,34.959999084472656,34.560001373291016,34.7400016784668,15901200.0
2012-05-15,34.83000183105469,35.0,34.54999923706055,34.720001220703125,16452300.0
2012-05-16,34.220001220703125,34.540000915527344,33.90999984741211,33.93000030517578,26271700.0
2012-05-17,33.7400016784668,33.84000015258789,33.16999816894531,33.189998626708984,25073200.0
2012-05-18,33.34000015258789,33.47999954223633,32.959999084472656,33.0,15687700.0
2012-05-21,33.25,33.880001068115234,33.20000076293945,33.86000061035156,17566100.0
2012-05-22,33.77000045776367,34.0,33.25,33.630001068115234,28275200.0
2012-05-23,33.13999938964844,33.310001373291016,32.72999954223633,33.25,28348300.0
2012-05-24,33.279998779296875,33.369998931884766,32.4900016784668,32.7400016784668,32867700.0
2012-05-25,32.560001373291016,32.66999816894531,32.43000030517578,32.58000183105469,11446600.0
2012-05-29,33.849998474121094,33.93000030517578,33.56999969482422,33.880001068115234,25318000.0
2012-05-30,33.220001220703125,33.34000015258789,33.02000045776367,33.290000915527344,14158900.0
2012-05-31,33.45000076293945,33.709999084472656,33.150001525878906,33.4900016784668,17265300.0
2012-06-01,32.810001373291016,32.970001220703125,32.63999938964844,32.689998626708984,17924700.0
2012-06-04,32.5099983215332,32.75,32.31999969482422,32.59000015258789,19190800.0
2012-06-05,32.4900016784668,32.75,32.38999938964844,32.619998931884766,12818400.0
2012-06-06,33.029998779296875,33.58000183105469,32.970001220703125,33.4900016784668,15750000.0
2012-06-07,34.58000183105469,34.63999938964844,33.650001525878906,33.77000045776367,30194500.0
2012-06-08,32.9900016784668,33.029998779296875,32.68000030517578,32.810001373291016,22985000.0
2012-06-11,33.4900016784668,33.5,32.7400016784668,32.790000915527344,14600100.0
2012-06-12,33.349998474121094,33.599998474121094,33.119998931884766,33.52000045776367,17284700.0
2012-06-13,33.630001068115234,34.0099983215332,33.54999923706055,33.66999816894531,16193500.0
2012-06-14,33.540000915527344,34.0099983215332,33.279998779296875,33.7400016784668,18063600.0
2012-06-15,34.209999084472656,34.4900016784668,34.150001525878906,34.459999084472656,21865400.0
2012-06-18,34.45000076293945,34.66999816894531,34.27000045776367,34.56999969482422,21277600.0
2012-06-19,34.7400016784668,35.18000030517578,34.720001220703125,34.900001525878906,19013400.0
2012-06-20,34.02000045776367,34.06999969482422,33.56999969482422,33.939998626708984,14210000.0
2012-06-21,33.43000030517578,33.459999084472656,32.45000076293945,32.52000045776367,23497600.0
2012-06-22,32.720001220703125,32.72999954223633,32.34000015258789,32.529998779296875,13908900.0
2012-06-25,32.09000015258789,32.099998474121094,31.6200008392334,31.829999923706055,21337800.0
2012-06-26,32.310001373291016,32.31999969482422,32.0099983215332,32.189998626708984,18338400.0
2012-06-27,32.63999938964844,32.779998779296875,32.5099983215332,32.630001068115234,15458200.0
2012-06-28,32.220001220703125,32.5,32.060001373291016,32.4900016784668,10955700.0
2012-06-29,33.22999954223633,33.75,33.20000076293945,33.66999816894531,20575500.0
2012-07-02,33.63999938964844,33.7599983215332,33.40999984741211,33.650001525878906,11526100.0
2012-07-03,33.86000061035156,34.279998779296875,33.79999923706055,34.20000076293945,12159600.0
2012-07-05,34.029998779296875,34.25,33.709999084472656,34.09000015258789,12721600.0
2012-07-06,33.56999969482422,33.65999984741211,33.209999084472656,33.45000076293945,14329800.0
2012-07-09,33.13999938964844,33.15999984741211,32.81999969482422,33.04999923706055,11610900.0
2012-07-10,33.029998779296875,33.130001068115234,32.25,32.43000030517578,20201800.0
2012-07-11,32.709999084472656,32.900001525878906,32.470001220703125,32.689998626708984,18089000.0
2012-07-12,32.06999969482422,32.22999954223633,31.809999465942383,32.09000015258789,24616600.0
2012-07-13,32.2599983215332,32.70000076293945,32.2599983215332,32.58000183105469,13405800.0
2012-07-16,32.310001373291016,32.47999954223633,32.130001068115234,32.459999084472656,9962400.0
2012-07-17,32.84000015258789,33.2599983215332,32.529998779296875,33.189998626708984,22084100.0
2012-07-18,32.59000015258789,33.06999969482422,32.54999923706055,32.970001220703125,12978600.0
2012-07-19,33.439998626708984,33.83000183105469,33.400001525878906,33.709999084472656,19684900.0
2012-07-20,33.58000183105469,33.599998474121094,33.04999923706055,33.2599983215332,18871800.0
2012-07-23,32.369998931884766,32.720001220703125,32.150001525878906,32.599998474121094,19886000.0
2012-07-24,32.599998474121094,32.68000030517578,32.2400016784668,32.47999954223633,10525600.0
2012-07-25,32.83000183105469,32.95000076293945,32.54999923706055,32.68000030517578,8374600.0
2012-07-26,33.16999816894531,33.33000183105469,33.0,33.2400016784668,14338600.0
2012-07-27,33.56999969482422,34.34000015258789,33.45000076293945,34.119998931884766,23598900.0
2012-07-30,33.959999084472656,34.220001220703125,33.959999084472656,34.060001373291016,9541700.0
2012-07-31,34.310001373291016,34.470001220703125,34.16999816894531,34.209999084472656,9232600.0
2012-08-01,34.54999923706055,34.59000015258789,34.189998626708984,34.29999923706055,13143600.0
2012-08-02,33.970001220703125,34.25,33.720001220703125,33.959999084472656,12639100.0
2012-08-03,34.529998779296875,34.90999984741211,34.52000045776367,34.79999923706055,17606400.0
2012-08-06,34.869998931884766,35.2400016784668,34.81999969482422,34.9900016784668,8910000.0
2012-08-07,35.13999938964844,35.40999984741211,35.130001068115234,35.189998626708984,10525400.0
2012-08-08,35.130001068115234,35.439998626708984,35.119998931884766,35.25,10323100.0
2012-08-09,35.34000015258789,35.68000030517578,35.25,35.290000915527344,14547700.0
2012-08-10,35.08000183105469,35.290000915527344,34.9900016784668,35.22999954223633,9121900.0
2012-08-13,34.959999084472656,35.119998931884766,34.790000915527344,34.91999816894531,11739300.0
2012-08-14,35.279998779296875,35.33000183105469,35.130001068115234,35.20000076293945,8606000.0
2012-08-15,34.88999938964844,35.040000915527344,34.81999969482422,34.93000030517578,7367600.0
2012-08-16,34.63999938964844,34.75,34.43000030517578,34.619998931884766,11857700.0
2012-08-17,34.689998626708984,34.689998626708984,34.400001525878906,34.5,9346300.0
2012-08-20,34.290000915527344,34.4900016784668,34.189998626708984,34.459999084472656,9634700.0
2012-08-21,34.4900016784668,34.63999938964844,34.220001220703125,34.290000915527344,7664000.0
2012-08-22,34.060001373291016,34.349998474121094,33.95000076293945,34.279998779296875,10805700.0
2012-08-23,34.459999084472656,34.47999954223633,34.16999816894531,34.20000076293945,7736600.0
2012-08-24,34.0,34.13999938964844,33.65999984741211,34.0099983215332,15035900.0
2012-08-27,33.810001373291016,33.810001373291016,33.41999816894531,33.5099983215332,15302400.0
2012-08-28,33.56999969482422,33.689998626708984,33.400001525878906,33.61000061035156,9661900.0
2012-08-29,33.59000015258789,33.630001068115234,33.31999969482422,33.5,7464200.0
2012-08-30,33.119998931884766,33.13999938964844,32.91999816894531,32.95000076293945,9297700.0
2012-08-31,33.06999969482422,33.25,32.849998474121094,33.06999969482422,8924900.0
2012-09-04,32.619998931884766,32.650001525878906,32.36000061035156,32.459999084472656,13550900.0
2012-09-05,32.119998931884766,32.22999954223633,32.0,32.16999816894531,16058900.0
2012-09-06,32.29999923706055,32.83000183105469,32.2599983215332,32.72999954223633,16429400.0
2012-09-07,33.56999969482422,33.7599983215332,33.529998779296875,33.65999984741211,30853800.0
2012-09-10,33.31999969482422,33.400001525878906,32.9900016784668,33.060001373291016,14463900.0
2012-09-11,33.22999954223633,33.5099983215332,33.20000076293945,33.400001525878906,11787800.0
2012-09-12,33.70000076293945,33.84000015258789,33.560001373291016,33.779998779296875,15481100.0
2012-09-13,33.70000076293945,34.869998931884766,33.58000183105469,34.58000183105469,29625400.0
2012-09-14,35.20000076293945,35.59000015258789,34.95000076293945,35.189998626708984,25864400.0
2012-09-17,34.97999954223633,35.0099983215332,34.689998626708984,34.7400016784668,12583300.0
2012-09-18,34.58000183105469,34.650001525878906,34.380001068115234,34.52000045776367,12624600.0
2012-09-19,34.90999984741211,35.150001525878906,34.83000183105469,35.08000183105469,12035500.0
2012-09-20,34.540000915527344,34.59000015258789,34.29999923706055,34.52000045776367,12252000.0
2012-09-21,34.86000061035156,34.970001220703125,34.720001220703125,34.7400016784668,12058400.0
2012-09-24,34.599998474121094,34.77000045776367,34.4900016784668,34.650001525878906,6967300.0
2012-09-25,34.65999984741211,34.81999969482422,34.18000030517578,34.20000076293945,12784800.0
2012-09-26,34.08000183105469,34.150001525878906,33.790000915527344,33.880001068115234,10822500.0
2012-09-27,34.63999938964844,34.84000015258789,34.43000030517578,34.7400016784668,14833600.0
2012-09-28,34.7400016784668,34.790000915527344,34.5099983215332,34.599998474121094,13305200.0
2012-10-01,34.86000061035156,35.2599983215332,34.790000915527344,34.939998626708984,13019300.0
2012-10-02,35.15999984741211,35.15999984741211,34.75,34.91999816894531,8807000.0
2012-10-03,34.95000076293945,35.02000045776367,34.709999084472656,34.90999984741211,8887300.0
2012-10-04,34.95000076293945,35.2400016784668,34.86000061035156,35.150001525878906,9061300.0
2012-10-05,35.540000915527344,35.72999954223633,35.290000915527344,35.369998931884766,11665100.0
2012-10-08,34.880001068115234,35.040000915527344,34.81999969482422,34.9900016784668,13996200.0
2012-10-09,35.38999938964844,35.38999938964844,34.959999084472656,35.02000045776367,10357100.0
2012-10-10,35.38999938964844,35.41999816894531,35.16999816894531,35.2599983215332,11895200.0
2012-10-11,36.06999969482422,36.29999923706055,36.040000915527344,36.09000015258789,20682200.0
2012-10-12,36.27000045776367,36.54999923706055,36.2400016784668,36.380001068115234,18488700.0
2012-10-15,36.529998779296875,36.709999084472656,36.349998474121094,36.650001525878906,14776300.0
2012-10-16,36.709999084472656,36.9900016784668,36.66999816894531,36.849998474121094,13941000.0
2012-10-17,36.95000076293945,37.47999954223633,36.75,37.349998474121094,23588600.0
2012-10-18,37.43000030517578,37.66999816894531,37.310001373291016,37.45000076293945,18995400.0
2012-10-19,37.45000076293945,37.5,37.029998779296875,37.130001068115234,29508000.0
2012-10-22,37.70000076293945,37.81999969482422,37.380001068115234,37.66999816894531,15947300.0
2012-10-23,37.189998626708984,37.22999954223633,36.79999923706055,36.97999954223633,19238100.0
2012-10-24,37.540000915527344,37.560001373291016,37.18000030517578,37.20000076293945,12044000.0
2012-10-25,37.54999923706055,37.619998931884766,37.279998779296875,37.529998779296875,14549100.0
2012-10-26,37.029998779296875,37.09000015258789,36.77000045776367,36.93000030517578,12104100.0
2012-10-31,37.099998474121094,37.18000030517578,36.70000076293945,36.790000915527344,12950400.0
2012-11-01,37.689998626708984,37.959999084472656,37.599998474121094,37.75,18761400.0
2012-11-02,38.130001068115234,38.13999938964844,37.439998626708984,37.459999084472656,18970200.0
2012-11-05,37.68000030517578,37.849998474121094,37.5099983215332,37.790000915527344,9155500.0
2012-11-06,37.66999816894531,38.150001525878906,37.63999938964844,38.11000061035156,18129800.0
2012-11-07,37.599998474121094,37.599998474121094,37.0099983215332,37.279998779296875,23596500.0
2012-11-08,36.93000030517578,37.209999084472656,36.369998931884766,36.52000045776367,36818200.0
2012-11-09,36.27000045776367,36.70000076293945,36.209999084472656,36.459999084472656,15441600.0
2012-11-12,36.540000915527344,36.7400016784668,36.52000045776367,36.54999923706055,10265700.0
2012-11-13,35.880001068115234,36.150001525878906,35.650001525878906,35.97999954223633,25466300.0
2012-11-14,36.290000915527344,36.310001373291016,35.689998626708984,35.7400016784668,25643700.0
2012-11-15,35.59000015258789,35.779998779296875,35.45000076293945,35.709999084472656,14659300.0
2012-11-16,35.81999969482422,35.880001068115234,35.459999084472656,35.77000045776367,18757600.0
2012-11-19,36.36000061035156,36.650001525878906,36.29999923706055,36.54999923706055,16839800.0
2012-11-20,36.09000015258789,36.189998626708984,35.79999923706055,36.189998626708984,15633500.0
2012-11-21,36.619998931884766,36.72999954223633,36.400001525878906,36.58000183105469,14944900.0
2012-11-23,37.31999969482422,37.540000915527344,37.189998626708984,37.459999084472656,16708100.0
2012-11-26,37.2400016784668,37.349998474121094,37.09000015258789,37.33000183105469,8753900.0
2012-11-27,37.04999923706055,37.15999984741211,36.86000061035156,36.86000061035156,15178000.0
2012-11-28,36.45000076293945,36.880001068115234,36.25,36.84000015258789,16700100.0
2012-11-29,37.04999923706055,37.150001525878906,36.7599983215332,36.849998474121094,16987200.0
2012-11-30,37.27000045776367,37.29999923706055,37.060001373291016,37.150001525878906,15682100.0
2012-12-03,37.0,37.0,36.720001220703125,36.79999923706055,14473000.0
2012-12-04,37.02000045776367,37.29999923706055,36.97999954223633,37.0099983215332,18045300.0
2012-12-05,37.9900016784668,38.45000076293945,37.880001068115234,38.119998931884766,35707100.0
2012-12-06,38.029998779296875,38.29999923706055,37.91999816894531,38.27000045776367,18555500.0
2012-12-07,38.43000030517578,38.52000045776367,38.29999923706055,38.40999984741211,15514600.0
2012-12-10,38.630001068115234,38.970001220703125,38.56999969482422,38.77000045776367,22102400.0
2012-12-11,38.65999984741211,39.0099983215332,38.650001525878906,38.79999923706055,18674500.0
2012-12-12,39.209999084472656,39.349998474121094,38.9900016784668,39.0,16431300.0
2012-12-13,38.83000183105469,38.900001525878906,38.540000915527344,38.65999984741211,17744200.0
2012-12-14,39.2599983215332,39.470001220703125,39.189998626708984,39.34000015258789,18204300.0
2012-12-17,39.31999969482422,39.38999938964844,39.209999084472656,39.36000061035156,12398500.0
2012-12-18,39.15999984741211,39.619998931884766,39.040000915527344,39.540000915527344,16027500.0
2012-12-19,39.540000915527344,39.68000030517578,39.439998626708984,39.47999954223633,12427000.0
2012-12-20,39.61000061035156,39.79999923706055,39.45000076293945,39.75,9139100.0
2012-12-21,38.93000030517578,39.2400016784668,38.880001068115234,39.2400016784668,13898000.0
2012-12-24,39.16999816894531,39.22999954223633,39.0099983215332,39.13999938964844,5766500.0
2012-12-26,39.529998779296875,39.709999084472656,39.40999984741211,39.470001220703125,9822400.0
2012-12-27,39.540000915527344,39.65999984741211,39.22999954223633,39.540000915527344,10579000.0
2012-12-28,39.349998474121094,39.70000076293945,39.27000045776367,39.54999923706055,11836700.0
2012-12-31,39.869998931884766,40.4900016784668,39.79999923706055,40.45000076293945,15625800.0
2013-01-02,41.45000076293945,41.91999816894531,41.380001068115234,41.849998474121094,26975800.0
2013-01-03,41.75,41.970001220703125,41.52000045776367,41.59000015258789,19685100.0
2013-01-04,41.369998931884766,41.66999816894531,41.33000183105469,41.619998931884766,11909100.0
2013-01-07,41.29999923706055,41.34000015258789,41.189998626708984,41.290000915527344,14531900.0
2013-01-08,40.650001525878906,40.689998626708984,40.310001373291016,40.560001373291016,18435400.0
2013-01-09,40.95000076293945,41.16999816894531,40.93000030517578,41.0,16973500.0
2013-01-10,41.400001525878906,41.65999984741211,41.2400016784668,41.52000045776367,18700000.0
2013-01-11,41.029998779296875,41.099998474121094,40.849998474121094,41.09000015258789,14571300.0
2013-01-14,41.439998626708984,41.470001220703125,41.189998626708984,41.310001373291016,13262000.0
2013-01-15,41.2599983215332,41.31999969482422,41.150001525878906,41.279998779296875,14032200.0
2013-01-16,40.900001525878906,41.25,40.869998931884766,41.209999084472656,10137700.0
2013-01-17,41.16999816894531,41.540000915527344,41.16999816894531,41.36000061035156,16632600.0
2013-01-18,41.68000030517578,41.880001068115234,41.54999923706055,41.70000076293945,19993100.0
2013-01-22,41.88999938964844,41.93000030517578,41.63999938964844,41.7400016784668,14186000.0
2013-01-23,41.66999816894531,41.709999084472656,41.45000076293945,41.529998779296875,11452000.0
2013-01-24,41.63999938964844,41.810001373291016,41.47999954223633,41.529998779296875,11275000.0
2013-01-25,41.290000915527344,41.29999923706055,40.849998474121094,41.099998474121094,13319700.0
2013-01-28,41.25,41.31999969482422,40.939998626708984,40.959999084472656,19910900.0
2013-01-29,41.11000061035156,41.61000061035156,41.060001373291016,41.54999923706055,23151200.0
2013-01-30,41.650001525878906,41.720001220703125,41.52000045776367,41.59000015258789,13411400.0
2013-01-31,41.5,41.58000183105469,41.349998474121094,41.470001220703125,11225000.0
2013-02-01,41.790000915527344,41.93000030517578,41.65999984741211,41.81999969482422,13351300.0
2013-02-04,41.279998779296875,41.29999923706055,40.560001373291016,40.630001068115234,32493600.0
2013-02-05,40.619998931884766,40.7599983215332,40.43000030517578,40.619998931884766,22704100.0
2013-02-06,40.33000183105469,40.5,40.18000030517578,40.459999084472656,15766400.0
2013-02-07,39.779998779296875,39.779998779296875,39.33000183105469,39.52000045776367,28622800.0
2013-02-08,39.61000061035156,39.93000030517578,39.599998474121094,39.849998474121094,23819300.0
2013-02-11,39.810001373291016,39.86000061035156,39.59000015258789,39.77000045776367,13123200.0
2013-02-12,39.880001068115234,40.0099983215332,39.709999084472656,39.83000183105469,7439900.0
2013-02-13,40.0099983215332,40.13999938964844,39.9900016784668,40.04999923706055,11992500.0
2013-02-14,40.209999084472656,40.310001373291016,40.13999938964844,40.220001220703125,11974600.0
2013-02-15,40.439998626708984,40.459999084472656,40.13999938964844,40.31999969482422,18369100.0
2013-02-19,39.45000076293945,39.56999969482422,39.38999938964844,39.439998626708984,17227400.0
2013-02-20,39.52000045776367,39.529998779296875,38.970001220703125,39.040000915527344,20843400.0
2013-02-21,38.63999938964844,38.66999816894531,38.2599983215332,38.5099983215332,25471500.0
2013-02-22,38.560001373291016,38.63999938964844,38.38999938964844,38.540000915527344,17088700.0
2013-02-25,38.790000915527344,39.0099983215332,38.029998779296875,38.040000915527344,17361500.0
2013-02-26,38.06999969482422,38.22999954223633,37.72999954223633,38.119998931884766,17655600.0
2013-02-27,38.06999969482422,38.630001068115234,38.0099983215332,38.470001220703125,15805700.0
2013-02-28,39.0,39.279998779296875,38.900001525878906,38.95000076293945,27269400.0
2013-03-01,38.52000045776367,38.75,38.34000015258789,38.599998474121094,20369400.0
2013-03-04,37.779998779296875,37.939998626708984,37.619998931884766,37.93000030517578,18764900.0
2013-03-05,38.029998779296875,38.369998931884766,38.02000045776367,38.220001220703125,13790200.0
2013-03-06,38.56999969482422,38.599998474121094,38.33000183105469,38.5,13143500.0
2013-03-07,38.47999954223633,38.61000061035156,38.349998474121094,38.56999969482422,7799300.0
2013-03-08,39.25,39.25,38.90999984741211,39.08000183105469,13025000.0
2013-03-11,38.77000045776367,38.95000076293945,38.560001373291016,38.630001068115234,22780200.0
2013-03-12,38.349998474121094,38.349998474121094,37.81999969482422,37.97999954223633,24411000.0
2013-03-13,37.5,37.529998779296875,37.279998779296875,37.34000015258789,24696500.0
2013-03-14,37.61000061035156,37.869998931884766,37.61000061035156,37.7599983215332,15082800.0
2013-03-15,37.27000045776367,37.58000183105469,37.209999084472656,37.439998626708984,17791900.0
2013-03-18,36.83000183105469,36.95000076293945,36.65999984741211,36.790000915527344,16563900.0
2013-03-19,36.380001068115234,36.47999954223633,35.95000076293945,36.34000015258789,19443500.0
2013-03-20,37.2400016784668,37.40999984741211,37.04999923706055,37.25,22207100.0
2013-03-21,36.93000030517578,37.119998931884766,36.7400016784668,36.84000015258789,14361600.0
2013-03-22,36.849998474121094,37.029998779296875,36.810001373291016,36.939998626708984,10269500.0
2013-03-25,37.040000915527344,37.22999954223633,36.650001525878906,36.81999969482422,14334800.0
2013-03-26,37.029998779296875,37.400001525878906,37.029998779296875,37.310001373291016,12288700.0
2013-03-27,37.150001525878906,37.349998474121094,36.93000030517578,37.349998474121094,13726200.0
2013-03-28,36.77000045776367,37.0099983215332,36.65999984741211,36.93000030517578,11665900.0
2013-04-01,36.84000015258789,36.869998931884766,36.33000183105469,36.47999954223633,13207400.0
2013-04-02,36.65999984741211,36.720001220703125,36.41999816894531,36.4900016784668,12856200.0
2013-04-03,36.36000061035156,36.439998626708984,35.7599983215332,35.869998931884766,17433900.0
2013-04-04,35.90999984741211,35.9900016784668,35.59000015258789,35.970001220703125,16669000.0
2013-04-05,35.0099983215332,35.7400016784668,34.86000061035156,35.63999938964844,29146700.0
2013-04-08,35.310001373291016,35.77000045776367,35.310001373291016,35.630001068115234,12911100.0
2013-04-09,35.959999084472656,36.4900016784668,35.83000183105469,36.2400016784668,23803800.0
2013-04-10,36.34000015258789,36.63999938964844,36.29999923706055,36.41999816894531,11561600.0
2013-04-11,36.33000183105469,36.459999084472656,36.189998626708984,36.27000045776367,8005500.0
2013-04-12,36.040000915527344,36.08000183105469,35.65999984741211,36.0,11897800.0
2013-04-15,35.400001525878906,35.459999084472656,34.91999816894531,34.91999816894531,22577500.0
2013-04-16,35.52000045776367,35.599998474121094,35.27000045776367,35.560001373291016,12817900.0
2013-04-17,34.9900016784668,35.040000915527344,34.5,34.83000183105469,27896900.0
2013-04-18,35.15999984741211,35.18000030517578,34.75,34.93000030517578,11155900.0
2013-04-19,35.959999084472656,36.189998626708984,35.83000183105469,36.04999923706055,23433600.0
2013-04-22,36.15999984741211,36.25,35.90999984741211,36.220001220703125,9967900.0
2013-04-23,35.709999084472656,36.15999984741211,35.65999984741211,36.02000045776367,14588100.0
2013-04-24,36.060001373291016,36.630001068115234,36.029998779296875,36.47999954223633,18554700.0
2013-04-25,36.86000061035156,37.2599983215332,36.810001373291016,37.04999923706055,17708800.0
2013-04-26,37.029998779296875,37.09000015258789,36.689998626708984,36.939998626708984,11117700.0
2013-04-29,37.08000183105469,37.5099983215332,36.97999954223633,37.41999816894531,15652800.0
2013-04-30,37.45000076293945,37.77000045776367,37.290000915527344,37.7400016784668,11800800.0
2013-05-01,37.61000061035156,37.61000061035156,37.09000015258789,37.189998626708984,14069900.0
2013-05-02,37.189998626708984,37.41999816894531,37.11000061035156,37.380001068115234,9022900.0
2013-05-03,37.599998474121094,38.02000045776367,37.59000015258789,37.709999084472656,12002900.0
2013-05-06,37.7400016784668,37.939998626708984,37.70000076293945,37.88999938964844,8918900.0
2013-05-07,38.25,38.380001068115234,38.130001068115234,38.310001373291016,8455300.0
2013-05-08,38.38999938964844,38.65999984741211,38.33000183105469,38.619998931884766,14076200.0
2013-05-09,38.349998474121094,38.40999984741211,38.04999923706055,38.220001220703125,18425600.0
2013-05-10,38.5,38.5,38.2400016784668,38.41999816894531,11334400.0
2013-05-13,37.81999969482422,37.83000183105469,37.65999984741211,37.72999954223633,12969300.0
2013-05-14,37.630001068115234,37.90999984741211,37.619998931884766,37.75,11017100.0
2013-05-15,37.650001525878906,37.849998474121094,37.59000015258789,37.75,11390800.0
2013-05-16,37.630001068115234,37.75,37.4900016784668,37.540000915527344,9266400.0
2013-05-17,37.810001373291016,37.959999084472656,37.7599983215332,37.90999984741211,9276400.0
2013-05-20,38.130001068115234,38.38999938964844,38.130001068115234,38.369998931884766,11918600.0
2013-05-21,37.95000076293945,38.27000045776367,37.810001373291016,38.119998931884766,10585000.0
2013-05-22,37.95000076293945,38.33000183105469,37.349998474121094,37.540000915527344,16828000.0
2013-05-23,36.599998474121094,37.25,36.310001373291016,37.18000030517578,28755300.0
2013-05-24,36.61000061035156,36.61000061035156,36.279998779296875,36.560001373291016,14467200.0
2013-05-28,37.33000183105469,37.459999084472656,37.119998931884766,37.15999984741211,17441900.0
2013-05-29,36.66999816894531,36.720001220703125,36.380001068115234,36.58000183105469,12112000.0
2013-05-30,36.619998931884766,36.9900016784668,36.619998931884766,36.7400016784668,14828100.0
2013-05-31,36.56999969482422,36.58000183105469,35.939998626708984,36.0099983215332,24769300.0
2013-06-03,36.290000915527344,36.619998931884766,36.16999816894531,36.540000915527344,21468400.0
2013-06-04,36.56999969482422,36.56999969482422,35.970001220703125,36.18000030517578,18161100.0
2013-06-05,36.0,36.099998474121094,35.63999938964844,35.689998626708984,19076200.0
2013-06-06,35.41999816894531,35.970001220703125,35.40999984741211,35.91999816894531,19898600.0
2013-06-07,35.619998931884766,35.91999816894531,35.369998931884766,35.66999816894531,17576800.0
2013-06-10,35.45000076293945,35.470001220703125,35.119998931884766,35.349998474121094,17128500.0
2013-06-11,34.65999984741211,35.040000915527344,34.54999923706055,34.81999969482422,22748800.0
2013-06-12,34.849998474121094,34.900001525878906,34.380001068115234,34.59000015258789,21630200.0
2013-06-13,34.29999923706055,35.060001373291016,34.220001220703125,34.939998626708984,25341700.0
2013-06-14,34.33000183105469,34.439998626708984,33.79999923706055,33.97999954223633,29592100.0
2013-06-17,34.47999954223633,34.779998779296875,34.34000015258789,34.47999954223633,18916000.0
2013-06-18,34.470001220703125,34.619998931884766,34.380001068115234,34.560001373291016,18671400.0
2013-06-19,34.16999816894531,34.40999984741211,33.529998779296875,33.61000061035156,30935300.0
2013-06-20,32.970001220703125,33.0,31.829999923706055,32.209999084472656,50501400.0
2013-06-21,32.83000183105469,33.189998626708984,32.22999954223633,32.7400016784668,30648800.0
2013-06-24,31.809999465942383,32.20000076293945,31.440000534057617,31.940000534057617,37349000.0
2013-06-25,31.6299991607666,31.899999618530273,31.350000381469727,31.700000762939453,30859600.0
2013-06-26,32.2599983215332,32.38999938964844,32.0,32.2599983215332,29440200.0
2013-06-27,32.31999969482422,32.689998626708984,32.31999969482422,32.4900016784668,22896000.0
2013-06-28,32.310001373291016,32.77000045776367,32.27000045776367,32.52000045776367,23878400.0
2013-07-01,32.560001373291016,32.810001373291016,32.310001373291016,32.47999954223633,21181000.0
2013-07-02,32.41999816894531,32.56999969482422,31.799999237060547,32.02000045776367,22636100.0
2013-07-03,31.579999923706055,31.989999771118164,31.440000534057617,31.729999542236328,14303100.0
2013-07-05,32.220001220703125,32.2400016784668,31.760000228881836,32.06999969482422,17128000.0
2013-07-08,32.13999938964844,32.5099983215332,32.130001068115234,32.209999084472656,16185000.0
2013-07-09,32.36000061035156,32.54999923706055,32.2400016784668,32.36000061035156,17909300.0
2013-07-10,32.540000915527344,32.650001525878906,32.29999923706055,32.45000076293945,19046800.0
2013-07-11,33.630001068115234,34.209999084472656,33.61000061035156,34.150001525878906,34965600.0
2013-07-12,33.349998474121094,33.45000076293945,33.130001068115234,33.209999084472656,16134800.0
2013-07-15,33.349998474121094,33.63999938964844,33.2599983215332,33.54999923706055,8531000.0
2013-07-16,33.540000915527344,33.63999938964844,33.349998474121094,33.619998931884766,9427900.0
2013-07-17,33.939998626708984,34.11000061035156,33.7599983215332,33.83000183105469,12282000.0
2013-07-18,33.72999954223633,33.869998931884766,33.54999923706055,33.630001068115234,10415900.0
2013-07-19,33.619998931884766,33.849998474121094,33.5099983215332,33.72999954223633,19480600.0
2013-07-22,33.5099983215332,33.84000015258789,33.45000076293945,33.77000045776367,11204500.0
2013-07-23,34.599998474121094,34.91999816894531,34.43000030517578,34.70000076293945,23013900.0
2013-07-24,34.540000915527344,34.619998931884766,34.02000045776367,34.34000015258789,17800000.0
2013-07-25,34.310001373291016,34.66999816894531,34.290000915527344,34.63999938964844,13120300.0
2013-07-26,34.459999084472656,34.790000915527344,34.18000030517578,34.720001220703125,16234300.0
2013-07-29,34.36000061035156,34.47999954223633,34.209999084472656,34.310001373291016,11456800.0
2013-07-30,34.650001525878906,34.65999984741211,34.279998779296875,34.400001525878906,14109500.0
2013-07-31,34.36000061035156,34.650001525878906,34.06999969482422,34.2599983215332,18245200.0
2013-08-01,34.61000061035156,35.119998931884766,34.599998474121094,34.90999984741211,19759300.0
2013-08-02,34.77000045776367,35.040000915527344,34.77000045776367,34.970001220703125,8303300.0
2013-08-05,34.720001220703125,34.7400016784668,34.459999084472656,34.66999816894531,15003100.0
2013-08-06,34.52000045776367,34.58000183105469,34.209999084472656,34.43000030517578,11303100.0
2013-08-07,33.93000030517578,34.04999923706055,33.720001220703125,33.779998779296875,18117300.0
2013-08-08,34.11000061035156,34.529998779296875,33.880001068115234,34.400001525878906,26359500.0
2013-08-09,34.369998931884766,34.709999084472656,34.31999969482422,34.529998779296875,21826500.0
2013-08-12,35.27000045776367,35.709999084472656,35.25,35.650001525878906,32501300.0
2013-08-13,36.31999969482422,36.599998474121094,36.13999938964844,36.380001068115234,30621300.0
2013-08-14,36.41999816894531,36.54999923706055,36.31999969482422,36.40999984741211,20396600.0
2013-08-15,36.2400016784668,36.33000183105469,35.90999984741211,36.150001525878906,21316000.0
2013-08-16,36.5,36.52000045776367,36.11000061035156,36.15999984741211,14636000.0
2013-08-19,36.36000061035156,36.40999984741211,36.0,36.060001373291016,14370300.0
2013-08-20,35.47999954223633,35.790000915527344,35.45000076293945,35.56999969482422,17018700.0
2013-08-21,35.11000061035156,35.18000030517578,34.619998931884766,34.849998474121094,25896800.0
2013-08-22,35.4900016784668,35.900001525878906,35.4900016784668,35.790000915527344,21559700.0
2013-08-23,35.54999923706055,36.11000061035156,35.310001373291016,35.65999984741211,18471500.0
2013-08-26,35.970001220703125,36.04999923706055,35.529998779296875,35.68000030517578,16249300.0
2013-08-27,35.369998931884766,35.400001525878906,34.95000076293945,35.08000183105469,29000000.0
2013-08-28,34.86000061035156,35.27000045776367,34.720001220703125,34.9900016784668,14134200.0
2013-08-29,35.130001068115234,35.45000076293945,35.029998779296875,35.11000061035156,16055800.0
2013-08-30,35.099998474121094,35.220001220703125,34.79999923706055,35.130001068115234,16881900.0
2013-09-03,36.52000045776367,36.689998626708984,36.189998626708984,36.22999954223633,24665500.0
2013-09-04,36.630001068115234,36.939998626708984,36.5099983215332,36.849998474121094,16965500.0
2013-09-05,37.04999923706055,37.33000183105469,36.9900016784668,37.22999954223633,21163100.0
2013-09-06,37.4900016784668,37.630001068115234,37.09000015258789,37.380001068115234,18706200.0
2013-09-09,37.810001373291016,38.349998474121094,37.779998779296875,38.27000045776367,31644600.0
2013-09-10,38.599998474121094,38.880001068115234,38.4900016784668,38.790000915527344,34218100.0
2013-09-11,38.380001068115234,38.59000015258789,38.27000045776367,38.5,17250100.0
2013-09-12,38.45000076293945,38.47999954223633,37.9900016784668,38.06999969482422,21430600.0
2013-09-13,37.959999084472656,38.25,37.91999816894531,38.20000076293945,11173100.0
2013-09-16,38.7599983215332,38.81999969482422,38.400001525878906,38.59000015258789,18312300.0
2013-09-17,38.439998626708984,38.5,38.29999923706055,38.40999984741211,13282800.0
2013-09-18,38.20000076293945,39.22999954223633,38.0099983215332,39.15999984741211,31236800.0
2013-09-19,38.88999938964844,39.04999923706055,38.61000061035156,38.880001068115234,24052700.0
2013-09-20,39.0099983215332,39.04999923706055,38.400001525878906,38.43000030517578,17006200.0
2013-09-23,38.41999816894531,38.790000915527344,38.41999816894531,38.650001525878906,14310100.0
2013-09-24,38.11000061035156,38.349998474121094,37.970001220703125,38.11000061035156,16539500.0
2013-09-25,38.11000061035156,38.189998626708984,37.79999923706055,37.90999984741211,16207900.0
2013-09-26,37.90999984741211,38.06999969482422,37.66999816894531,37.900001525878906,15470900.0
2013-09-27,37.619998931884766,37.720001220703125,37.4900016784668,37.650001525878906,12183400.0
2013-09-30,36.970001220703125,37.130001068115234,36.810001373291016,37.08000183105469,20104100.0
2013-10-01,37.220001220703125,37.61000061035156,37.20000076293945,37.599998474121094,22964300.0
2013-10-02,37.29999923706055,37.61000061035156,37.220001220703125,37.56999969482422,15815900.0
2013-10-03,38.0,38.0099983215332,37.310001373291016,37.5099983215332,17391100.0
2013-10-04,37.849998474121094,38.189998626708984,37.83000183105469,38.0099983215332,13460600.0
2013-10-07,37.380001068115234,37.779998779296875,37.380001068115234,37.599998474121094,12268800.0
2013-10-08,37.91999816894531,38.0099983215332,37.47999954223633,37.529998779296875,14223300.0
2013-10-09,37.709999084472656,37.869998931884766,37.380001068115234,37.72999954223633,24561400.0
2013-10-10,37.720001220703125,38.18000030517578,37.720001220703125,38.13999938964844,18297600.0
2013-10-11,37.97999954223633,38.41999816894531,37.95000076293945,38.349998474121094,11452300.0
2013-10-14,38.060001373291016,38.650001525878906,37.9900016784668,38.5,14179200.0
2013-10-15,38.380001068115234,38.47999954223633,38.02000045776367,38.119998931884766,17492800.0
2013-10-16,38.13999938964844,38.38999938964844,38.099998474121094,38.209999084472656,16302900.0
2013-10-17,37.84000015258789,38.18000030517578,37.779998779296875,38.11000061035156,15691300.0
2013-10-18,38.290000915527344,38.38999938964844,38.13999938964844,38.150001525878906,14116500.0
2013-10-21,38.25,38.290000915527344,38.09000015258789,38.16999816894531,16102100.0
2013-10-22,38.16999816894531,38.4900016784668,38.13999938964844,38.16999816894531,18693900.0
2013-10-23,37.099998474121094,37.099998474121094,36.83000183105469,36.900001525878906,36846500.0
2013-10-24,36.720001220703125,36.75,36.369998931884766,36.47999954223633,28788800.0
2013-10-25,36.41999816894531,36.4900016784668,36.29999923706055,36.43000030517578,16402600.0
2013-10-28,36.58000183105469,36.779998779296875,36.470001220703125,36.54999923706055,15197100.0
2013-10-29,37.0,37.130001068115234,36.9900016784668,37.029998779296875,11144200.0
2013-10-30,37.720001220703125,37.77000045776367,37.36000061035156,37.540000915527344,25428400.0
2013-10-31,37.779998779296875,37.880001068115234,37.5099983215332,37.56999969482422,19445600.0
2013-11-01,37.779998779296875,38.02000045776367,37.529998779296875,37.83000183105469,14993900.0
2013-11-04,37.7599983215332,38.02000045776367,37.7599983215332,37.88999938964844,14794800.0
2013-11-05,37.290000915527344,37.439998626708984,37.18000030517578,37.279998779296875,26312700.0
2013-11-06,37.41999816894531,37.5,37.20000076293945,37.2400016784668,11074800.0
2013-11-07,37.18000030517578,37.18000030517578,36.56999969482422,36.63999938964844,30352100.0
2013-11-08,36.61000061035156,36.869998931884766,36.439998626708984,36.84000015258789,20700500.0
2013-11-11,37.279998779296875,37.380001068115234,37.15999984741211,37.22999954223633,16558700.0
2013-11-12,37.130001068115234,37.16999816894531,36.72999954223633,36.900001525878906,35118900.0
2013-11-13,36.119998931884766,36.529998779296875,36.09000015258789,36.4900016784668,15659400.0
2013-11-14,36.45000076293945,36.91999816894531,36.31999969482422,36.83000183105469,22095000.0
2013-11-15,38.060001373291016,38.959999084472656,38.029998779296875,38.439998626708984,55822200.0
2013-11-18,39.81999969482422,40.20000076293945,39.72999954223633,39.81999969482422,49617500.0
2013-11-19,39.81999969482422,40.130001068115234,39.790000915527344,39.880001068115234,31801200.0
2013-11-20,39.81999969482422,39.91999816894531,39.5099983215332,39.56999969482422,19959700.0
2013-11-21,39.36000061035156,39.72999954223633,39.2599983215332,39.720001220703125,26149600.0
2013-11-22,39.70000076293945,40.0,39.630001068115234,39.959999084472656,22523700.0
2013-11-25,39.709999084472656,39.720001220703125,39.099998474121094,39.16999816894531,20847300.0
2013-11-26,39.189998626708984,39.47999954223633,39.099998474121094,39.380001068115234,13342700.0
2013-11-27,39.81999969482422,40.22999954223633,39.630001068115234,40.189998626708984,27897200.0
2013-11-29,40.04999923706055,40.2400016784668,39.970001220703125,40.130001068115234,17381000.0
2013-12-02,40.209999084472656,40.31999969482422,39.70000076293945,39.790000915527344,17295900.0
2013-12-03,39.599998474121094,39.70000076293945,39.15999984741211,39.43000030517578,23681800.0
2013-12-04,39.380001068115234,39.84000015258789,39.18000030517578,39.63999938964844,18746300.0
2013-12-05,39.630001068115234,39.720001220703125,39.36000061035156,39.400001525878906,14164700.0
2013-12-06,40.02000045776367,40.2400016784668,39.83000183105469,40.150001525878906,21926200.0
2013-12-09,39.939998626708984,40.060001373291016,39.86000061035156,39.880001068115234,11856200.0
2013-12-10,39.56999969482422,39.849998474121094,39.5,39.83000183105469,16597800.0
2013-12-11,38.9900016784668,39.029998779296875,38.31999969482422,38.529998779296875,45736400.0
2013-12-12,38.25,38.27000045776367,38.0,38.11000061035156,18010200.0
2013-12-13,38.560001373291016,38.560001373291016,38.220001220703125,38.380001068115234,16250100.0
2013-12-16,38.43000030517578,38.7599983215332,38.349998474121094,38.369998931884766,16095300.0
2013-12-17,37.95000076293945,37.95000076293945,37.650001525878906,37.720001220703125,16404900.0
2013-12-18,38.189998626708984,38.779998779296875,37.52000045776367,38.470001220703125,31305900.0
2013-12-19,37.529998779296875,37.779998779296875,37.2400016784668,37.59000015258789,21440500.0
2013-12-20,37.369998931884766,37.560001373291016,37.25,37.31999969482422,21053600.0
2013-12-23,37.290000915527344,37.5,37.13999938964844,37.27000045776367,17427700.0
2013-12-24,37.779998779296875,38.060001373291016,37.709999084472656,37.95000076293945,10098200.0
2013-12-26,37.66999816894531,37.7400016784668,37.54999923706055,37.63999938964844,6184800.0
2013-12-27,38.029998779296875,38.220001220703125,37.91999816894531,38.20000076293945,10263700.0
2013-12-30,37.95000076293945,38.099998474121094,37.849998474121094,37.970001220703125,9568600.0
2013-12-31,38.08000183105469,38.369998931884766,37.9900016784668,38.369998931884766,12453200.0
2014-01-02,37.779998779296875,37.790000915527344,37.11000061035156,37.119998931884766,31346500.0
2014-01-03,36.939998626708984,36.959999084472656,36.529998779296875,36.65999984741211,23690200.0
2014-01-06,36.2400016784668,36.27000045776367,36.0,36.0099983215332,30648900.0
2014-01-07,35.900001525878906,36.130001068115234,35.849998474121094,36.02000045776367,17569100.0
2014-01-08,36.279998779296875,36.5099983215332,36.27000045776367,36.45000076293945,26382200.0
2014-01-09,36.119998931884766,36.130001068115234,35.58000183105469,35.779998779296875,26185700.0
2014-01-10,36.09000015258789,36.52000045776367,36.040000915527344,36.43000030517578,22893300.0
2014-01-13,36.060001373291016,36.130001068115234,35.65999984741211,35.709999084472656,22225600.0
2014-01-14,35.97999954223633,36.29999923706055,35.75,36.2599983215332,20908900.0
2014-01-15,36.13999938964844,36.29999923706055,36.04999923706055,36.189998626708984,14289100.0
2014-01-16,36.029998779296875,36.11000061035156,35.79999923706055,35.86000061035156,23924100.0
2014-01-17,35.93000030517578,35.970001220703125,35.650001525878906,35.79999923706055,25082100.0
2014-01-21,36.02000045776367,36.06999969482422,35.560001373291016,35.79999923706055,20398200.0
2014-01-22,36.310001373291016,36.66999816894531,36.18000030517578,36.65999984741211,23985000.0
2014-01-23,35.61000061035156,35.630001068115234,34.97999954223633,35.02000045776367,41137600.0
2014-01-24,34.72999954223633,34.75,34.18000030517578,34.220001220703125,46276300.0
2014-01-27,34.31999969482422,35.25,33.95000076293945,34.15999984741211,33460900.0
2014-01-28,34.439998626708984,34.70000076293945,34.36000061035156,34.54999923706055,25119800.0
2014-01-29,34.34000015258789,34.709999084472656,34.15999984741211,34.5,38343200.0
2014-01-30,34.86000061035156,35.060001373291016,34.630001068115234,34.65999984741211,26070400.0
2014-01-31,34.36000061035156,34.72999954223633,34.099998474121094,34.58000183105469,27627100.0
2014-02-03,34.40999984741211,34.40999984741211,33.65999984741211,33.75,28185900.0
2014-02-04,33.849998474121094,34.31999969482422,33.83000183105469,34.13999938964844,20066400.0
2014-02-05,33.75,33.959999084472656,33.459999084472656,33.709999084472656,25493500.0
2014-02-06,33.869998931884766,34.290000915527344,33.849998474121094,34.27000045776367,21326800.0
2014-02-07,34.459999084472656,34.59000015258789,34.2400016784668,34.400001525878906,20699000.0
2014-02-10,34.349998474121094,34.36000061035156,33.88999938964844,34.099998474121094,23214500.0
2014-02-11,34.900001525878906,35.439998626708984,34.88999938964844,35.400001525878906,38158500.0
2014-02-12,35.79999923706055,35.95000076293945,35.36000061035156,35.380001068115234,26200900.0
2014-02-13,35.040000915527344,35.529998779296875,35.0,35.470001220703125,18798800.0
2014-02-14,35.58000183105469,35.93000030517578,35.560001373291016,35.779998779296875,16837600.0
2014-02-18,35.91999816894531,36.040000915527344,35.68000030517578,35.79999923706055,17329900.0
2014-02-19,35.7599983215332,36.20000076293945,35.72999954223633,35.97999954223633,30223100.0
2014-02-20,36.06999969482422,36.06999969482422,35.290000915527344,35.68000030517578,19624600.0
2014-02-21,35.52000045776367,35.79999923706055,35.5099983215332,35.7400016784668,26359500.0
2014-02-24,35.22999954223633,35.54999923706055,35.220001220703125,35.310001373291016,19903500.0
2014-02-25,34.959999084472656,35.060001373291016,34.58000183105469,34.70000076293945,31732100.0
2014-02-26,35.02000045776367,35.119998931884766,34.77000045776367,34.81999969482422,24034700.0
2014-02-27,35.630001068115234,35.849998474121094,35.4900016784668,35.779998779296875,29809000.0
2014-02-28,35.709999084472656,35.790000915527344,35.2599983215332,35.38999938964844,23754500.0
2014-03-03,34.77000045776367,35.04999923706055,34.630001068115234,34.959999084472656,28626300.0
2014-03-04,35.40999984741211,35.5,35.209999084472656,35.36000061035156,18353100.0
2014-03-05,34.91999816894531,35.08000183105469,34.75,35.0099983215332,22035500.0
2014-03-06,35.13999938964844,35.560001373291016,35.130001068115234,35.380001068115234,21977500.0
2014-03-07,35.209999084472656,35.279998779296875,33.810001373291016,34.9900016784668,23786100.0
2014-03-10,34.369998931884766,34.470001220703125,34.150001525878906,34.439998626708984,24492400.0
2014-03-11,34.43000030517578,34.5099983215332,33.77000045776367,33.900001525878906,39123000.0
2014-03-12,33.61000061035156,33.880001068115234,33.45000076293945,33.810001373291016,26377800.0
2014-03-13,33.66999816894531,33.70000076293945,32.779998779296875,32.97999954223633,57494700.0
2014-03-14,33.02000045776367,33.369998931884766,32.93000030517578,33.029998779296875,27583000.0
2014-03-17,33.20000076293945,33.38999938964844,33.040000915527344,33.06999969482422,21409000.0
2014-03-18,33.400001525878906,33.72999954223633,33.380001068115234,33.630001068115234,28181000.0
2014-03-19,33.27000045776367,33.529998779296875,32.900001525878906,33.099998474121094,27188000.0
2014-03-20,32.72999954223633,33.08000183105469,32.58000183105469,33.0,27224600.0
2014-03-21,33.790000915527344,34.41999816894531,33.7599983215332,33.95000076293945,63422300.0
2014-03-24,34.540000915527344,34.61000061035156,34.33000183105469,34.4900016784668,38774600.0
2014-03-25,34.68000030517578,34.939998626708984,34.59000015258789,34.77000045776367,33786600.0
2014-03-26,35.06999969482422,35.22999954223633,34.790000915527344,34.849998474121094,23549100.0
2014-03-27,34.93000030517578,35.220001220703125,34.93000030517578,35.099998474121094,23550900.0
2014-03-28,35.689998626708984,36.099998474121094,35.66999816894531,35.83000183105469,55760600.0
2014-03-31,35.83000183105469,35.97999954223633,35.7400016784668,35.779998779296875,19811700.0
2014-04-01,35.900001525878906,36.0,35.720001220703125,35.900001525878906,15495700.0
2014-04-02,35.66999816894531,35.88999938964844,35.599998474121094,35.84000015258789,12897300.0
2014-04-03,35.65999984741211,35.81999969482422,35.400001525878906,35.75,20324900.0
2014-04-04,36.09000015258789,36.38999938964844,35.540000915527344,35.630001068115234,32788900.0
2014-04-07,35.83000183105469,35.95000076293945,35.599998474121094,35.810001373291016,20673200.0
2014-04-08,36.459999084472656,36.79999923706055,36.310001373291016,36.380001068115234,36823500.0
2014-04-09,36.72999954223633,36.970001220703125,36.369998931884766,36.81999969482422,24704500.0
2014-04-10,37.099998474121094,37.400001525878906,36.59000015258789,36.68000030517578,38884500.0
2014-04-11,36.029998779296875,36.2400016784668,35.970001220703125,36.13999938964844,24866800.0
2014-04-14,36.380001068115234,36.439998626708984,36.040000915527344,36.20000076293945,17662400.0
2014-04-15,35.459999084472656,35.54999923706055,34.97999954223633,35.290000915527344,46258100.0
2014-04-16,35.61000061035156,35.849998474121094,35.529998779296875,35.72999954223633,23561500.0
2014-04-17,35.720001220703125,36.0,35.560001373291016,35.81999969482422,17621500.0
2014-04-21,35.63999938964844,35.689998626708984,35.40999984741211,35.59000015258789,11066700.0
2014-04-22,35.529998779296875,35.599998474121094,35.38999938964844,35.40999984741211,13713700.0
2014-04-23,34.95000076293945,34.97999954223633,34.709999084472656,34.93000030517578,20341900.0
2014-04-24,35.13999938964844,35.13999938964844,34.7400016784668,34.97999954223633,22643100.0
2014-04-25,34.5,34.72999954223633,34.27000045776367,34.70000076293945,23974300.0
2014-04-28,34.599998474121094,34.720001220703125,34.40999984741211,34.61000061035156,18633700.0
2014-04-29,35.15999984741211,35.380001068115234,35.06999969482422,35.06999969482422,21193900.0
2014-04-30,34.86000061035156,34.959999084472656,34.72999954223633,34.93000030517578,15378600.0
2014-05-01,34.900001525878906,35.16999816894531,34.849998474121094,34.9900016784668,11683800.0
2014-05-02,34.90999984741211,35.119998931884766,34.790000915527344,35.0,14100200.0
2014-05-05,34.599998474121094,34.75,34.52000045776367,34.70000076293945,12820300.0
2014-05-06,34.709999084472656,34.959999084472656,34.61000061035156,34.7599983215332,15716000.0
2014-05-07,34.41999816894531,34.689998626708984,34.41999816894531,34.61000061035156,15218600.0
2014-05-08,34.790000915527344,34.939998626708984,34.63999938964844,34.720001220703125,17206900.0
2014-05-09,34.52000045776367,34.72999954223633,34.5,34.58000183105469,15322700.0
2014-05-12,35.2400016784668,35.380001068115234,35.150001525878906,35.31999969482422,23108100.0
2014-05-13,35.22999954223633,35.52000045776367,35.209999084472656,35.41999816894531,14033300.0
2014-05-14,35.849998474121094,35.939998626708984,35.75,35.81999969482422,21792000.0
2014-05-15,35.709999084472656,35.709999084472656,35.349998474121094,35.56999969482422,19380700.0
2014-05-16,35.65999984741211,36.02000045776367,35.599998474121094,35.970001220703125,22689400.0
2014-05-19,35.630001068115234,35.790000915527344,35.61000061035156,35.7599983215332,13611200.0
2014-05-20,35.560001373291016,35.709999084472656,35.400001525878906,35.54999923706055,13361600.0
2014-05-21,36.06999969482422,36.099998474121094,35.95000076293945,36.040000915527344,14428800.0
2014-05-22,36.349998474121094,36.40999984741211,36.27000045776367,36.349998474121094,12761000.0
2014-05-23,36.43000030517578,36.439998626708984,36.290000915527344,36.34000015258789,12148500.0
2014-05-27,36.33000183105469,36.349998474121094,36.0099983215332,36.150001525878906,14600100.0
2014-05-28,36.650001525878906,36.68000030517578,36.439998626708984,36.59000015258789,14548700.0
2014-05-29,36.599998474121094,36.709999084472656,36.540000915527344,36.65999984741211,10608000.0
2014-05-30,36.970001220703125,37.04999923706055,36.7599983215332,36.849998474121094,20205500.0
2014-06-02,37.06999969482422,37.22999954223633,37.029998779296875,37.119998931884766,15580400.0
2014-06-03,37.06999969482422,37.52000045776367,37.06999969482422,37.45000076293945,24951700.0
2014-06-04,37.02000045776367,37.15999984741211,36.9900016784668,37.13999938964844,15660700.0
2014-06-05,37.349998474121094,37.5099983215332,37.2400016784668,37.439998626708984,16129700.0
2014-06-06,37.279998779296875,37.349998474121094,37.189998626708984,37.2400016784668,21029500.0
2014-06-09,37.380001068115234,37.619998931884766,37.369998931884766,37.61000061035156,16177100.0
2014-06-10,37.83000183105469,37.83000183105469,37.68000030517578,37.779998779296875,12270000.0
2014-06-11,37.599998474121094,37.70000076293945,37.5,37.619998931884766,13081200.0
2014-06-12,37.7400016784668,37.779998779296875,37.400001525878906,37.52000045776367,12277300.0
2014-06-13,37.83000183105469,38.13999938964844,37.810001373291016,38.09000015258789,16907500.0
2014-06-16,38.09000015258789,38.09000015258789,37.88999938964844,38.02000045776367,14627600.0
2014-06-17,37.79999923706055,38.040000915527344,37.790000915527344,37.9900016784668,13542400.0
2014-06-18,37.9900016784668,38.31999969482422,37.7599983215332,38.279998779296875,17690000.0
2014-06-19,37.869998931884766,37.9900016784668,37.810001373291016,37.93000030517578,14319000.0
2014-06-20,37.939998626708984,37.959999084472656,37.810001373291016,37.83000183105469,19667000.0
2014-06-23,37.400001525878906,37.45000076293945,37.27000045776367,37.36000061035156,16594200.0
2014-06-24,36.939998626708984,37.06999969482422,36.63999938964844,36.70000076293945,12854700.0
2014-06-25,36.619998931884766,36.84000015258789,36.619998931884766,36.77000045776367,10187000.0
2014-06-26,37.16999816894531,37.220001220703125,37.04999923706055,37.130001068115234,9801900.0
2014-06-27,37.119998931884766,37.220001220703125,36.959999084472656,37.209999084472656,6016300.0
2014-06-30,37.15999984741211,37.220001220703125,37.02000045776367,37.040000915527344,7748000.0
2014-07-01,37.279998779296875,37.47999954223633,37.279998779296875,37.31999969482422,9964800.0
2014-07-02,38.06999969482422,38.06999969482422,37.93000030517578,38.02000045776367,11637200.0
2014-07-03,38.220001220703125,38.45000076293945,38.150001525878906,38.43000030517578,11992400.0
2014-07-07,38.25,38.369998931884766,38.16999816894531,38.349998474121094,8103300.0
2014-07-08,38.220001220703125,38.27000045776367,37.95000076293945,38.150001525878906,12520000.0
2014-07-09,37.720001220703125,38.029998779296875,37.70000076293945,37.970001220703125,10578100.0
2014-07-10,37.29999923706055,37.7599983215332,37.18000030517578,37.7400016784668,13699800.0
2014-07-11,37.77000045776367,37.939998626708984,37.65999984741211,37.900001525878906,8868000.0
2014-07-14,38.29999923706055,38.41999816894531,38.2599983215332,38.400001525878906,20783800.0
2014-07-15,38.369998931884766,38.4900016784668,38.150001525878906,38.400001525878906,15011500.0
2014-07-16,38.459999084472656,38.56999969482422,38.400001525878906,38.52000045776367,9806500.0
2014-07-17,38.220001220703125,38.29999923706055,37.90999984741211,37.970001220703125,18780900.0
2014-07-18,38.2400016784668,38.40999984741211,38.189998626708984,38.2400016784668,10583600.0
2014-07-21,37.880001068115234,38.25,37.84000015258789,38.209999084472656,14099000.0
2014-07-22,39.060001373291016,39.130001068115234,38.97999954223633,39.06999969482422,18549100.0
2014-07-23,39.619998931884766,39.650001525878906,39.4900016784668,39.59000015258789,19624500.0
2014-07-24,40.029998779296875,40.279998779296875,39.9900016784668,40.119998931884766,27133200.0
2014-07-25,40.15999984741211,40.27000045776367,40.04999923706055,40.189998626708984,18073900.0
2014-07-28,40.63999938964844,41.08000183105469,40.599998474121094,41.04999923706055,26434700.0
2014-07-29,41.22999954223633,41.29999923706055,40.95000076293945,40.95000076293945,17685700.0
2014-07-30,41.06999969482422,41.18000030517578,40.529998779296875,40.709999084472656,18024700.0
2014-07-31,40.810001373291016,40.90999984741211,40.36000061035156,40.470001220703125,56941300.0
2014-08-01,40.5,40.86000061035156,40.41999816894531,40.720001220703125,21808000.0
2014-08-04,41.029998779296875,41.130001068115234,40.79999923706055,41.06999969482422,16481000.0
2014-08-05,40.65999984741211,40.79999923706055,40.380001068115234,40.470001220703125,18463000.0
2014-08-06,40.2400016784668,40.38999938964844,40.13999938964844,40.209999084472656,19461200.0
2014-08-07,40.11000061035156,40.16999816894531,39.720001220703125,39.86000061035156,22052300.0
2014-08-08,40.220001220703125,40.56999969482422,40.09000015258789,40.4900016784668,20319100.0
2014-08-11,40.81999969482422,41.119998931884766,40.810001373291016,41.040000915527344,17555200.0
2014-08-12,40.849998474121094,40.9900016784668,40.7400016784668,40.970001220703125,12737300.0
2014-08-13,41.38999938964844,41.58000183105469,41.310001373291016,41.470001220703125,15352500.0
2014-08-14,41.029998779296875,41.099998474121094,40.959999084472656,41.02000045776367,12213300.0
2014-08-15,41.290000915527344,41.29999923706055,40.86000061035156,41.06999969482422,16492500.0
2014-08-18,41.31999969482422,41.43000030517578,41.209999084472656,41.400001525878906,16742700.0
2014-08-19,41.369998931884766,41.439998626708984,41.31999969482422,41.43000030517578,10314200.0
2014-08-20,41.16999816894531,41.36000061035156,41.119998931884766,41.209999084472656,11131000.0
2014-08-21,40.95000076293945,40.970001220703125,40.650001525878906,40.66999816894531,14615300.0
2014-08-22,41.02000045776367,41.06999969482422,40.79999923706055,40.88999938964844,15072400.0
2014-08-25,41.2400016784668,41.25,41.09000015258789,41.25,10006100.0
2014-08-26,41.150001525878906,41.369998931884766,41.150001525878906,41.310001373291016,7660000.0
2014-08-27,41.040000915527344,41.04999923706055,40.939998626708984,41.02000045776367,7562400.0
2014-08-28,40.470001220703125,40.540000915527344,40.349998474121094,40.52000045776367,15588500.0
2014-08-29,40.72999954223633,40.84000015258789,40.45000076293945,40.470001220703125,15742400.0
2014-09-02,40.77000045776367,40.86000061035156,40.68000030517578,40.709999084472656,14530400.0
2014-09-03,42.150001525878906,42.25,41.90999984741211,42.060001373291016,21300600.0
2014-09-04,42.41999816894531,42.560001373291016,42.09000015258789,42.189998626708984,13873400.0
2014-09-05,42.25,42.540000915527344,42.13999938964844,42.52000045776367,13531500.0
2014-09-08,42.38999938964844,42.4900016784668,42.15999984741211,42.290000915527344,8804500.0
2014-09-09,42.209999084472656,42.27000045776367,41.86000061035156,41.9900016784668,15416500.0
2014-09-10,41.029998779296875,41.349998474121094,40.959999084472656,41.25,22866100.0
2014-09-11,40.90999984741211,41.16999816894531,40.88999938964844,41.11000061035156,17574100.0
2014-09-12,40.95000076293945,41.04999923706055,40.720001220703125,40.95000076293945,24857400.0
2014-09-15,40.650001525878906,40.66999816894531,40.29999923706055,40.369998931884766,15170500.0
2014-09-16,39.88999938964844,41.119998931884766,39.88999938964844,40.630001068115234,40882900.0
2014-09-17,40.630001068115234,40.689998626708984,40.209999084472656,40.34000015258789,22206100.0
2014-09-18,40.29999923706055,40.380001068115234,40.20000076293945,40.279998779296875,17461100.0
2014-09-19,40.25,40.279998779296875,39.709999084472656,39.869998931884766,27467700.0
2014-09-22,39.529998779296875,39.56999969482422,39.02000045776367,39.119998931884766,28739700.0
2014-09-23,39.16999816894531,39.40999984741211,39.029998779296875,39.08000183105469,28487300.0
2014-09-24,39.630001068115234,40.0,39.459999084472656,39.84000015258789,28033400.0
2014-09-25,39.22999954223633,39.279998779296875,38.86000061035156,39.0,23506600.0
2014-09-26,39.06999969482422,39.400001525878906,39.06999969482422,39.189998626708984,16690900.0
2014-09-29,38.31999969482422,38.400001525878906,38.18000030517578,38.27000045776367,25085800.0
2014-09-30,38.060001373291016,38.36000061035156,38.0099983215332,38.279998779296875,26128400.0
2014-10-01,38.0099983215332,38.040000915527344,37.439998626708984,37.459999084472656,27048100.0
2014-10-02,37.40999984741211,37.630001068115234,36.720001220703125,37.470001220703125,39844300.0
2014-10-03,38.2599983215332,38.279998779296875,37.970001220703125,38.08000183105469,30819000.0
2014-10-06,38.79999923706055,38.91999816894531,38.61000061035156,38.630001068115234,22011500.0
2014-10-07,38.63999938964844,38.68000030517578,38.279998779296875,38.29999923706055,25796900.0
2014-10-08,38.470001220703125,39.130001068115234,38.2599983215332,39.02000045776367,30045000.0
2014-10-09,38.779998779296875,38.810001373291016,38.25,38.380001068115234,29182300.0
2014-10-10,38.0,38.09000015258789,37.63999938964844,37.709999084472656,27888800.0
2014-10-13,38.34000015258789,38.59000015258789,38.02000045776367,38.04999923706055,24153400.0
2014-10-14,38.08000183105469,38.33000183105469,37.79999923706055,38.11000061035156,22156400.0
2014-10-15,37.689998626708984,38.0099983215332,37.04999923706055,37.95000076293945,30654300.0
2014-10-16,37.209999084472656,38.119998931884766,37.189998626708984,37.79999923706055,30121500.0
2014-10-17,38.349998474121094,38.61000061035156,38.13999938964844,38.2400016784668,26070600.0
2014-10-20,38.04999923706055,38.33000183105469,37.97999954223633,38.2599983215332,14661700.0
2014-10-21,38.34000015258789,38.66999816894531,38.2599983215332,38.40999984741211,17297400.0
2014-10-22,38.54999923706055,38.599998474121094,38.209999084472656,38.2599983215332,16679300.0
2014-10-23,38.54999923706055,38.7599983215332,38.45000076293945,38.5,13798200.0
2014-10-24,38.540000915527344,38.779998779296875,38.47999954223633,38.63999938964844,11277100.0
2014-10-27,38.060001373291016,38.25,37.95000076293945,38.099998474121094,14337900.0
2014-10-28,39.0,39.36000061035156,38.9900016784668,39.27000045776367,21764200.0
2014-10-29,39.68000030517578,39.810001373291016,39.25,39.40999984741211,18557900.0
2014-10-30,39.189998626708984,39.630001068115234,39.189998626708984,39.45000076293945,13813800.0
2014-10-31,39.9900016784668,40.11000061035156,39.779998779296875,39.93000030517578,25933900.0
2014-11-03,39.56999969482422,39.650001525878906,39.310001373291016,39.54999923706055,19670700.0
2014-11-04,39.790000915527344,39.81999969482422,39.52000045776367,39.77000045776367,15493400.0
2014-11-05,39.5099983215332,39.59000015258789,39.290000915527344,39.459999084472656,12962700.0
2014-11-06,39.43000030517578,39.4900016784668,39.209999084472656,39.349998474121094,10179100.0
2014-11-07,39.04999923706055,39.310001373291016,39.029998779296875,39.279998779296875,12294700.0
2014-11-10,39.59000015258789,39.630001068115234,39.279998779296875,39.29999923706055,15190000.0
2014-11-11,39.40999984741211,39.529998779296875,39.310001373291016,39.4900016784668,8409400.0
2014-11-12,39.58000183105469,39.7599983215332,39.40999984741211,39.45000076293945,14198000.0
2014-11-13,39.79999923706055,39.79999923706055,39.529998779296875,39.68000030517578,12987600.0
2014-11-14,40.20000076293945,40.470001220703125,40.09000015258789,40.45000076293945,25581300.0
2014-11-17,39.279998779296875,39.33000183105469,39.13999938964844,39.25,17179900.0
2014-11-18,38.7599983215332,38.869998931884766,38.709999084472656,38.81999969482422,13196000.0
2014-11-19,38.52000045776367,38.720001220703125,38.41999816894531,38.63999938964844,15247900.0
2014-11-20,38.369998931884766,38.54999923706055,38.31999969482422,38.4900016784668,12716500.0
2014-11-21,40.0,40.20000076293945,39.810001373291016,39.90999984741211,42953200.0
2014-11-24,40.150001525878906,40.16999816894531,39.970001220703125,40.02000045776367,17464200.0
2014-11-25,40.02000045776367,40.09000015258789,39.68000030517578,39.689998626708984,12083700.0
2014-11-26,40.650001525878906,40.97999954223633,40.63999938964844,40.93000030517578,23047700.0
2014-11-28,40.79999923706055,40.79999923706055,40.439998626708984,40.599998474121094,14748000.0
2014-12-01,39.529998779296875,39.59000015258789,39.34000015258789,39.540000915527344,21391000.0
2014-12-02,40.349998474121094,40.630001068115234,40.290000915527344,40.5099983215332,18472100.0
2014-12-03,40.06999969482422,40.38999938964844,40.02000045776367,40.29999923706055,14686500.0
2014-12-04,41.40999984741211,41.650001525878906,41.279998779296875,41.5099983215332,23865400.0
2014-12-05,41.7599983215332,42.0,41.54999923706055,41.97999954223633,18449500.0
2014-12-08,42.09000015258789,42.31999969482422,41.66999816894531,41.68000030517578,20026800.0
2014-12-09,40.22999954223633,40.349998474121094,39.959999084472656,40.290000915527344,33763600.0
2014-12-10,40.459999084472656,40.470001220703125,39.849998474121094,39.900001525878906,21493500.0
2014-12-11,40.060001373291016,40.45000076293945,39.97999954223633,40.060001373291016,18523600.0
2014-12-12,39.86000061035156,39.959999084472656,39.45000076293945,39.560001373291016,17569000.0
2014-12-15,39.790000915527344,39.84000015258789,39.0099983215332,39.45000076293945,22974800.0
2014-12-16,39.0,40.0,38.83000183105469,39.36000061035156,30085700.0
2014-12-17,39.650001525878906,40.790000915527344,39.650001525878906,40.34000015258789,29763800.0
2014-12-18,40.61000061035156,40.720001220703125,40.189998626708984,40.529998779296875,20473600.0
2014-12-19,39.9900016784668,40.459999084472656,39.95000076293945,40.2599983215332,16562800.0
2014-12-22,40.97999954223633,41.290000915527344,40.91999816894531,41.25,16287000.0
2014-12-23,40.90999984741211,40.90999984741211,40.540000915527344,40.65999984741211,18213500.0
2014-12-24,40.349998474121094,40.439998626708984,40.220001220703125,40.33000183105469,5392900.0
2014-12-26,41.66999816894531,41.91999816894531,41.56999969482422,41.68000030517578,14472400.0
2014-12-29,41.66999816894531,41.790000915527344,41.560001373291016,41.59000015258789,11797200.0
2014-12-30,41.0,41.16999816894531,40.91999816894531,40.95000076293945,12876900.0
2014-12-31,41.81999969482422,41.849998474121094,41.54999923706055,41.619998931884766,11848300.0
2015-01-02,42.119998931884766,42.150001525878906,41.630001068115234,41.68000030517578,15879100.0
2015-01-05,41.970001220703125,41.9900016784668,41.41999816894531,41.529998779296875,19953500.0
2015-01-06,41.5,41.61000061035156,40.81999969482422,41.02000045776367,23651100.0
2015-01-07,41.959999084472656,42.15999984741211,41.7400016784668,42.099998474121094,21729100.0
2015-01-08,42.36000061035156,42.61000061035156,42.31999969482422,42.439998626708984,14266300.0
2015-01-09,42.59000015258789,42.630001068115234,42.15999984741211,42.279998779296875,17966100.0
2015-01-12,42.33000183105469,42.369998931884766,41.849998474121094,41.900001525878906,11738800.0
2015-01-13,42.65999984741211,42.849998474121094,41.97999954223633,42.5,21635400.0
2015-01-14,42.08000183105469,42.29999923706055,41.790000915527344,42.04999923706055,17435200.0
2015-01-15,42.91999816894531,43.02000045776367,42.43000030517578,42.470001220703125,15123900.0
2015-01-16,41.779998779296875,42.25,41.72999954223633,42.220001220703125,22975600.0
2015-01-20,41.75,41.81999969482422,41.599998474121094,41.7599983215332,18603600.0
2015-01-21,42.54999923706055,43.15999984741211,42.5099983215332,43.09000015258789,19692600.0
2015-01-22,43.29999923706055,43.880001068115234,43.099998474121094,43.86000061035156,20535600.0
2015-01-23,43.68000030517578,43.88999938964844,43.68000030517578,43.75,11296200.0
2015-01-26,43.599998474121094,43.849998474121094,43.52000045776367,43.72999954223633,9732300.0
2015-01-27,42.630001068115234,43.0099983215332,42.56999969482422,42.88999938964844,16362600.0
2015-01-28,42.599998474121094,42.619998931884766,42.060001373291016,42.11000061035156,16560700.0
2015-01-29,42.369998931884766,42.470001220703125,41.869998931884766,42.38999938964844,11986300.0
2015-01-30,41.83000183105469,41.959999084472656,41.20000076293945,41.2400016784668,29188900.0
2015-02-02,41.709999084472656,42.04999923706055,41.599998474121094,41.939998626708984,19250100.0
2015-02-03,42.369998931884766,42.88999938964844,42.369998931884766,42.790000915527344,22931600.0
2015-02-04,43.560001373291016,43.77000045776367,43.119998931884766,43.150001525878906,24330200.0
2015-02-05,42.77000045776367,43.099998474121094,42.66999816894531,43.0099983215332,10307400.0
2015-02-06,42.189998626708984,42.369998931884766,42.0,42.040000915527344,13684800.0
2015-02-09,41.970001220703125,42.189998626708984,41.869998931884766,41.939998626708984,9099600.0
2015-02-10,42.2400016784668,42.29999923706055,42.0,42.130001068115234,8972900.0
2015-02-11,41.93000030517578,42.18000030517578,41.79999923706055,42.11000061035156,12236800.0
2015-02-12,42.54999923706055,42.79999923706055,42.47999954223633,42.709999084472656,11386300.0
2015-02-13,42.900001525878906,43.09000015258789,42.900001525878906,42.97999954223633,11989000.0
2015-02-17,43.20000076293945,43.279998779296875,42.970001220703125,43.13999938964844,9907700.0
2015-02-18,43.11000061035156,43.2400016784668,42.91999816894531,43.099998474121094,6969800.0
2015-02-19,42.95000076293945,43.22999954223633,42.88999938964844,43.060001373291016,5328200.0
2015-02-20,43.02000045776367,43.36000061035156,42.88999938964844,43.33000183105469,14538400.0
2015-02-23,43.189998626708984,43.25,42.880001068115234,42.970001220703125,13025000.0
2015-02-24,43.220001220703125,43.68000030517578,43.13999938964844,43.5,14411700.0
2015-02-25,43.29999923706055,43.400001525878906,43.189998626708984,43.2400016784668,10458900.0
2015-02-26,43.75,43.83000183105469,43.65999984741211,43.77000045776367,11653900.0
2015-02-27,43.810001373291016,43.959999084472656,43.720001220703125,43.7599983215332,10250300.0
2015-03-02,43.61000061035156,43.900001525878906,43.540000915527344,43.849998474121094,11829300.0
2015-03-03,42.79999923706055,42.83000183105469,42.54999923706055,42.70000076293945,15854900.0
2015-03-04,42.08000183105469,42.09000015258789,41.77000045776367,42.02000045776367,16799300.0
2015-03-05,41.810001373291016,41.900001525878906,41.59000015258789,41.70000076293945,14699400.0
2015-03-06,41.529998779296875,41.56999969482422,41.099998474121094,41.2599983215332,21035000.0
2015-03-09,41.689998626708984,41.91999816894531,41.650001525878906,41.7400016784668,14518000.0
2015-03-10,40.939998626708984,40.939998626708984,40.63999938964844,40.77000045776367,30339600.0
2015-03-11,40.86000061035156,40.97999954223633,40.720001220703125,40.869998931884766,16060100.0
2015-03-12,41.52000045776367,41.56999969482422,41.189998626708984,41.279998779296875,23642600.0
2015-03-13,41.529998779296875,41.58000183105469,41.27000045776367,41.4900016784668,10544200.0
2015-03-16,42.16999816894531,42.290000915527344,42.08000183105469,42.2400016784668,16845900.0
2015-03-17,41.959999084472656,42.5099983215332,41.91999816894531,42.41999816894531,14418400.0
2015-03-18,42.59000015258789,43.38999938964844,42.33000183105469,43.15999984741211,24165100.0
2015-03-19,43.22999954223633,43.310001373291016,42.91999816894531,43.150001525878906,14920200.0
2015-03-20,43.25,43.529998779296875,43.16999816894531,43.34000015258789,17869100.0
2015-03-23,43.2400016784668,43.369998931884766,43.09000015258789,43.20000076293945,11829500.0
2015-03-24,42.869998931884766,43.060001373291016,42.84000015258789,43.0,9433400.0
2015-03-25,42.86000061035156,42.970001220703125,42.470001220703125,42.5099983215332,20655000.0
2015-03-26,42.5,42.58000183105469,42.310001373291016,42.470001220703125,13964300.0
2015-03-27,43.099998474121094,43.27000045776367,43.0,43.099998474121094,18856500.0
2015-03-30,44.11000061035156,44.93000030517578,44.11000061035156,44.7400016784668,30507300.0
2015-03-31,44.119998931884766,44.779998779296875,44.060001373291016,44.400001525878906,18767300.0
2015-04-01,45.060001373291016,45.25,44.959999084472656,45.20000076293945,22064000.0
2015-04-02,45.439998626708984,45.77000045776367,45.34000015258789,45.65999984741211,16495000.0
2015-04-06,45.79999923706055,46.470001220703125,45.79999923706055,46.220001220703125,14086400.0
2015-04-07,46.5,46.70000076293945,46.34000015258789,46.369998931884766,17824900.0
2015-04-08,49.04999923706055,49.41999816894531,48.70000076293945,49.220001220703125,50991300.0
2015-04-09,50.09000015258789,51.2400016784668,50.029998779296875,51.119998931884766,50465300.0
2015-04-10,50.22999954223633,50.91999816894531,50.06999969482422,50.790000915527344,34120800.0
2015-04-13,51.83000183105469,52.0099983215332,51.2599983215332,51.34000015258789,29955400.0
2015-04-14,50.529998779296875,51.18000030517578,50.380001068115234,50.9900016784668,20236200.0
2015-04-15,51.099998474121094,51.38999938964844,50.959999084472656,51.34000015258789,13862200.0
2015-04-16,51.86000061035156,52.560001373291016,51.709999084472656,52.22999954223633,20500400.0
2015-04-17,49.619998931884766,50.220001220703125,49.470001220703125,50.029998779296875,42017500.0
2015-04-20,50.130001068115234,50.59000015258789,50.06999969482422,50.40999984741211,20385700.0
2015-04-21,51.7400016784668,51.81999969482422,51.38999938964844,51.5,18211500.0
2015-04-22,52.16999816894531,52.40999984741211,52.06999969482422,52.38999938964844,17978600.0
2015-04-23,51.61000061035156,52.040000915527344,51.560001373291016,51.849998474121094,13636300.0
2015-04-24,51.97999954223633,52.060001373291016,51.810001373291016,51.91999816894531,12633000.0
2015-04-27,52.68000030517578,52.849998474121094,52.41999816894531,52.709999084472656,22333500.0
2015-04-28,52.63999938964844,52.77000045776367,52.380001068115234,52.709999084472656,14032600.0
2015-04-29,52.06999969482422,52.22999954223633,51.68000030517578,51.97999954223633,23909200.0
2015-04-30,51.56999969482422,51.65999984741211,51.27000045776367,51.33000183105469,23051000.0
2015-05-01,51.5,51.959999084472656,51.41999816894531,51.79999923706055,15258300.0
2015-05-04,51.63999938964844,52.369998931884766,51.58000183105469,52.209999084472656,26654300.0
2015-05-05,50.75,50.900001525878906,50.25,50.33000183105469,26758400.0
2015-05-06,50.36000061035156,50.45000076293945,49.22999954223633,49.310001373291016,27444500.0
2015-05-07,49.0,49.31999969482422,48.880001068115234,49.290000915527344,20368200.0
2015-05-08,50.38999938964844,50.720001220703125,50.27000045776367,50.5099983215332,19112000.0
2015-05-11,50.75,50.790000915527344,50.029998779296875,50.06999969482422,17317400.0
2015-05-12,49.380001068115234,49.86000061035156,49.34000015258789,49.790000915527344,17242400.0
2015-05-13,49.400001525878906,49.66999816894531,49.15999984741211,49.209999084472656,14524900.0
2015-05-14,49.45000076293945,49.72999954223633,49.400001525878906,49.65999984741211,15614400.0
2015-05-15,50.279998779296875,50.65999984741211,50.220001220703125,50.599998474121094,25626500.0
2015-05-18,49.790000915527344,49.9900016784668,49.650001525878906,49.849998474121094,17328700.0
2015-05-19,50.529998779296875,50.599998474121094,50.33000183105469,50.529998779296875,16438500.0
2015-05-20,49.9900016784668,50.18000030517578,49.7599983215332,50.040000915527344,14641500.0
2015-05-21,49.7599983215332,49.90999984741211,49.650001525878906,49.84000015258789,11031400.0
2015-05-22,51.130001068115234,51.58000183105469,50.97999954223633,51.34000015258789,28090400.0
2015-05-26,52.060001373291016,52.08000183105469,51.40999984741211,51.599998474121094,21122300.0
2015-05-27,51.2599983215332,51.630001068115234,51.130001068115234,51.54999923706055,16960000.0
2015-05-28,49.61000061035156,49.849998474121094,49.34000015258789,49.68000030517578,31854900.0
2015-05-29,49.47999954223633,49.54999923706055,48.709999084472656,48.7599983215332,26244200.0
2015-06-01,49.540000915527344,49.58000183105469,49.150001525878906,49.29999923706055,18702900.0
2015-06-02,49.220001220703125,49.560001373291016,49.15999984741211,49.310001373291016,10837900.0
2015-06-03,49.459999084472656,49.790000915527344,49.36000061035156,49.650001525878906,12611600.0
2015-06-04,49.61000061035156,49.650001525878906,49.2400016784668,49.34000015258789,11922300.0
2015-06-05,48.720001220703125,49.04999923706055,48.5099983215332,48.959999084472656,15388700.0
2015-06-08,49.34000015258789,49.540000915527344,49.29999923706055,49.40999984741211,18824900.0
2015-06-09,48.400001525878906,48.7599983215332,48.36000061035156,48.72999954223633,27628500.0
2015-06-10,47.869998931884766,48.38999938964844,47.849998474121094,48.27000045776367,27533900.0
2015-06-11,48.619998931884766,48.849998474121094,48.470001220703125,48.689998626708984,34152800.0
2015-06-12,49.060001373291016,49.209999084472656,48.97999954223633,49.099998474121094,16774800.0
2015-06-15,47.72999954223633,47.77000045776367,47.5,47.61000061035156,20337200.0
2015-06-16,46.72999954223633,47.060001373291016,46.63999938964844,46.9900016784668,19794200.0
2015-06-17,47.15999984741211,47.38999938964844,46.810001373291016,47.130001068115234,16086100.0
2015-06-18,46.849998474121094,47.29999923706055,46.810001373291016,47.220001220703125,16668700.0
2015-06-19,46.720001220703125,46.9900016784668,46.68000030517578,46.790000915527344,22600500.0
2015-06-22,47.439998626708984,47.650001525878906,47.2400016784668,47.400001525878906,18500900.0
2015-06-23,48.439998626708984,48.59000015258789,48.38999938964844,48.5,19015900.0
2015-06-24,48.59000015258789,48.77000045776367,48.279998779296875,48.36000061035156,16291100.0
2015-06-25,47.900001525878906,47.90999984741211,47.529998779296875,47.560001373291016,14403600.0
2015-06-26,46.540000915527344,46.810001373291016,46.15999984741211,46.209999084472656,28083800.0
2015-06-29,45.439998626708984,45.66999816894531,44.97999954223633,45.0,25666500.0
2015-06-30,46.220001220703125,46.25,45.75,46.099998474121094,24952800.0
2015-07-01,45.70000076293945,46.060001373291016,45.5,45.72999954223633,18253900.0
2015-07-02,46.02000045776367,46.34000015258789,45.72999954223633,45.810001373291016,15883800.0
2015-07-06,43.93000030517578,44.33000183105469,43.599998474121094,43.84000015258789,35982700.0
2015-07-07,41.52000045776367,42.06999969482422,40.709999084472656,41.959999084472656,86396300.0
2015-07-08,39.66999816894531,40.16999816894531,38.880001068115234,38.95000076293945,100572600.0
2015-07-09,41.349998474121094,41.470001220703125,40.79999923706055,40.900001525878906,50659300.0
2015-07-10,42.79999923706055,42.83000183105469,42.15999984741211,42.7599983215332,52810700.0
2015-07-13,43.15999984741211,43.209999084472656,42.79999923706055,42.90999984741211,28490800.0
2015-07-14,42.40999984741211,42.779998779296875,42.34000015258789,42.720001220703125,17177200.0
2015-07-15,42.16999816894531,42.25,41.70000076293945,41.72999954223633,32861700.0
2015-07-16,42.310001373291016,42.560001373291016,42.209999084472656,42.540000915527344,18382200.0
2015-07-17,42.93000030517578,42.970001220703125,42.68000030517578,42.84000015258789,15003100.0
2015-07-20,42.56999969482422,42.75,42.349998474121094,42.56999969482422,12497600.0
2015-07-21,42.95000076293945,43.06999969482422,42.709999084472656,42.75,16989000.0
2015-07-22,42.349998474121094,42.4900016784668,42.25,42.310001373291016,16497300.0
2015-07-23,42.630001068115234,42.68000030517578,42.22999954223633,42.29999923706055,17193900.0
2015-07-24,42.150001525878906,42.16999816894531,41.470001220703125,41.7400016784668,25727100.0
2015-07-27,40.040000915527344,40.470001220703125,39.790000915527344,40.130001068115234,52248400.0
2015-07-28,40.5,40.79999923706055,40.15999984741211,40.790000915527344,26739000.0
2015-07-29,40.720001220703125,41.40999984741211,40.599998474121094,41.27000045776367,39144600.0
2015-07-30,40.529998779296875,40.72999954223633,40.36000061035156,40.63999938964844,17014700.0
2015-07-31,40.720001220703125,40.900001525878906,40.34000015258789,40.47999954223633,24221500.0
2015-08-03,40.08000183105469,40.119998931884766,39.66999816894531,39.88999938964844,19597400.0
2015-08-04,40.15999984741211,40.41999816894531,39.9900016784668,40.16999816894531,18230900.0
2015-08-05,40.650001525878906,40.81999969482422,40.290000915527344,40.45000076293945,16616100.0
2015-08-06,40.36000061035156,40.43000030517578,39.959999084472656,40.11000061035156,14786400.0
2015-08-07,40.689998626708984,40.75,40.369998931884766,40.529998779296875,13365200.0
2015-08-10,41.119998931884766,41.54999923706055,41.09000015258789,41.439998626708984,23333900.0
2015-08-11,40.650001525878906,40.939998626708984,40.45000076293945,40.900001525878906,25276400.0
2015-08-12,39.779998779296875,40.13999938964844,39.650001525878906,40.0099983215332,43454300.0
2015-08-13,40.40999984741211,40.63999938964844,40.25,40.310001373291016,21946800.0
2015-08-14,40.310001373291016,40.459999084472656,40.2599983215332,40.43000030517578,10136300.0
2015-08-17,39.83000183105469,40.189998626708984,39.7400016784668,40.16999816894531,14383400.0
2015-08-18,39.29999923706055,39.529998779296875,39.220001220703125,39.33000183105469,19742900.0
2015-08-19,38.90999984741211,38.95000076293945,38.11000061035156,38.45000076293945,42859100.0
2015-08-20,37.779998779296875,37.959999084472656,37.45000076293945,37.5,37234600.0
2015-08-21,37.2400016784668,37.5,36.43000030517578,36.560001373291016,53147500.0
2015-08-24,33.41999816894531,35.689998626708984,32.79999923706055,34.22999954223633,59939700.0
2015-08-25,36.599998474121094,36.68000030517578,34.970001220703125,35.0099983215332,44722000.0
2015-08-26,35.439998626708984,35.84000015258789,34.459999084472656,35.790000915527344,59189300.0
2015-08-27,36.650001525878906,37.65999984741211,36.54999923706055,37.470001220703125,57232700.0
2015-08-28,36.43000030517578,36.68000030517578,36.15999984741211,36.36000061035156,34281700.0
2015-08-31,36.09000015258789,36.34000015258789,35.7400016784668,35.90999984741211,33115000.0
2015-09-01,34.61000061035156,34.79999923706055,34.0,34.279998779296875,52602000.0
2015-09-02,34.59000015258789,34.68000030517578,34.099998474121094,34.66999816894531,24583700.0
2015-09-03,34.91999816894531,35.52000045776367,34.77000045776367,34.869998931884766,25361900.0
2015-09-04,33.83000183105469,33.9900016784668,33.349998474121094,33.58000183105469,40894400.0
2015-09-08,35.869998931884766,36.02000045776367,35.560001373291016,35.95000076293945,43645800.0
2015-09-09,36.810001373291016,36.97999954223633,35.95000076293945,35.9900016784668,28563700.0
2015-09-10,35.880001068115234,36.40999984741211,35.83000183105469,36.060001373291016,23118300.0
2015-09-11,35.86000061035156,36.349998474121094,35.75,36.34000015258789,23290000.0
2015-09-14,35.91999816894531,36.0099983215332,35.630001068115234,35.97999954223633,18000100.0
2015-09-15,36.029998779296875,36.56999969482422,35.95000076293945,36.45000076293945,14773300.0
2015-09-16,37.15999984741211,37.650001525878906,37.09000015258789,37.540000915527344,30082900.0
2015-09-17,36.7599983215332,37.939998626708984,36.65999984741211,37.11000061035156,28673100.0
2015-09-18,36.68000030517578,36.91999816894531,36.189998626708984,36.290000915527344,32334000.0
2015-09-21,36.75,36.9900016784668,36.560001373291016,36.810001373291016,20131100.0
2015-09-22,36.08000183105469,36.22999954223633,35.869998931884766,36.16999816894531,19401700.0
2015-09-23,35.91999816894531,35.970001220703125,35.54999923706055,35.65999984741211,16769100.0
2015-09-24,35.040000915527344,35.529998779296875,34.81999969482422,35.380001068115234,25846700.0
2015-09-25,35.91999816894531,36.029998779296875,35.189998626708984,35.2599983215332,22034900.0
2015-09-28,34.97999954223633,35.02000045776367,34.459999084472656,34.619998931884766,27227100.0
2015-09-29,34.439998626708984,34.84000015258789,34.31999969482422,34.59000015258789,26933000.0
2015-09-30,35.349998474121094,35.540000915527344,35.029998779296875,35.470001220703125,29258700.0
2015-10-01,35.75,35.849998474121094,35.33000183105469,35.709999084472656,22329100.0
2015-10-02,35.93000030517578,37.099998474121094,35.849998474121094,37.0099983215332,37439700.0
2015-10-05,37.36000061035156,37.709999084472656,37.2599983215332,37.66999816894531,30755900.0
2015-10-06,37.15999984741211,37.349998474121094,37.02000045776367,37.11000061035156,21137300.0
2015-10-07,38.54999923706055,38.90999984741211,38.220001220703125,38.65999984741211,44174800.0
2015-10-08,38.22999954223633,38.90999984741211,38.18000030517578,38.84000015258789,22443400.0
2015-10-09,38.849998474121094,38.9900016784668,38.41999816894531,38.65999984741211,17034900.0
2015-10-12,38.9900016784668,39.02000045776367,38.63999938964844,38.689998626708984,13102500.0
2015-10-13,38.369998931884766,38.720001220703125,38.189998626708984,38.189998626708984,18004100.0
2015-10-14,38.47999954223633,38.75,38.290000915527344,38.349998474121094,19676800.0
2015-10-15,39.279998779296875,39.630001068115234,39.02000045776367,39.619998931884766,26958600.0
2015-10-16,39.4900016784668,39.7599983215332,39.369998931884766,39.7599983215332,21400000.0
2015-10-19,39.5,39.5,39.20000076293945,39.380001068115234,12624000.0
2015-10-20,39.33000183105469,39.5099983215332,39.22999954223633,39.43000030517578,14078000.0
2015-10-21,39.2400016784668,39.34000015258789,38.75,38.849998474121094,18496300.0
2015-10-22,39.20000076293945,39.810001373291016,39.20000076293945,39.70000076293945,23494400.0
2015-10-23,40.349998474121094,40.59000015258789,40.060001373291016,40.369998931884766,30023300.0
2015-10-26,39.5099983215332,39.61000061035156,39.33000183105469,39.4900016784668,17161900.0
2015-10-27,39.150001525878906,39.27000045776367,38.9900016784668,39.18000030517578,17036000.0
2015-10-28,39.06999969482422,39.25,38.349998474121094,38.7599983215332,28035200.0
2015-10-29,38.310001373291016,38.4900016784668,38.2599983215332,38.380001068115234,17093400.0
2015-10-30,38.470001220703125,38.470001220703125,38.2400016784668,38.27000045776367,14129200.0
2015-11-02,38.20000076293945,38.630001068115234,38.20000076293945,38.59000015258789,14607500.0
2015-11-03,38.2599983215332,38.83000183105469,38.2400016784668,38.630001068115234,19874800.0
2015-11-04,39.560001373291016,39.61000061035156,38.95000076293945,39.119998931884766,21260900.0
2015-11-05,39.33000183105469,39.540000915527344,39.15999984741211,39.310001373291016,16002200.0
2015-11-06,38.7400016784668,39.029998779296875,38.4900016784668,38.95000076293945,19827900.0
2015-11-09,38.619998931884766,38.689998626708984,38.02000045776367,38.16999816894531,29714200.0
2015-11-10,38.060001373291016,38.060001373291016,37.7599983215332,37.90999984741211,19470400.0
2015-11-11,38.150001525878906,38.220001220703125,37.83000183105469,37.91999816894531,11782700.0
2015-11-12,38.22999954223633,38.34000015258789,37.84000015258789,37.88999938964844,22009800.0
2015-11-13,37.33000183105469,37.34000015258789,36.88999938964844,37.130001068115234,36818500.0
2015-11-16,37.13999938964844,37.7599983215332,37.099998474121094,37.689998626708984,24116900.0
2015-11-17,37.68000030517578,37.779998779296875,37.40999984741211,37.52000045776367,21096000.0
2015-11-18,37.400001525878906,37.790000915527344,37.36000061035156,37.779998779296875,19410000.0
2015-11-19,37.86000061035156,38.04999923706055,37.7400016784668,37.83000183105469,15604900.0
2015-11-20,38.29999923706055,38.59000015258789,38.29999923706055,38.470001220703125,26159700.0
2015-11-23,38.189998626708984,38.2599983215332,37.959999084472656,38.04999923706055,16540300.0
2015-11-24,37.52000045776367,38.209999084472656,37.5,38.060001373291016,21228700.0
2015-11-25,37.970001220703125,38.060001373291016,37.79999923706055,37.970001220703125,12736900.0
2015-11-27,37.0,37.099998474121094,36.810001373291016,36.93000030517578,20427000.0
2015-11-30,36.849998474121094,37.45000076293945,36.79999923706055,37.45000076293945,46579500.0
2015-12-01,37.4900016784668,37.66999816894531,37.45000076293945,37.630001068115234,17602400.0
2015-12-02,37.70000076293945,37.709999084472656,37.189998626708984,37.310001373291016,19466600.0
2015-12-03,37.43000030517578,37.459999084472656,36.849998474121094,37.040000915527344,20279800.0
2015-12-04,36.880001068115234,37.47999954223633,36.880001068115234,37.36000061035156,20273000.0
2015-12-07,36.959999084472656,37.0099983215332,36.58000183105469,36.79999923706055,23032000.0
2015-12-08,35.88999938964844,36.27000045776367,35.7599983215332,36.2400016784668,28172000.0
2015-12-09,35.939998626708984,36.38999938964844,35.7400016784668,35.86000061035156,27165800.0
2015-12-10,35.61000061035156,35.81999969482422,35.369998931884766,35.52000045776367,28942900.0
2015-12-11,34.77000045776367,34.88999938964844,34.47999954223633,34.529998779296875,34884300.0
2015-12-14,34.900001525878906,35.09000015258789,34.5099983215332,35.040000915527344,31213000.0
2015-12-15,35.56999969482422,35.86000061035156,35.560001373291016,35.63999938964844,34955300.0
2015-12-16,36.16999816894531,36.4900016784668,35.68000030517578,36.27000045776367,27147600.0
2015-12-17,36.38999938964844,36.38999938964844,35.779998779296875,35.83000183105469,30273700.0
2015-12-18,36.06999969482422,36.38999938964844,35.880001068115234,36.16999816894531,46169200.0
2015-12-21,35.810001373291016,35.869998931884766,35.43000030517578,35.77000045776367,32516100.0
2015-12-22,35.56999969482422,35.90999984741211,35.470001220703125,35.83000183105469,18334200.0
2015-12-23,36.2599983215332,36.560001373291016,36.22999954223633,36.54999923706055,22386700.0
2015-12-24,36.380001068115234,36.560001373291016,36.34000015258789,36.459999084472656,6707000.0
2015-12-28,35.7400016784668,35.970001220703125,35.68000030517578,35.869998931884766,17170200.0
2015-12-29,36.11000061035156,36.13999938964844,35.880001068115234,35.9900016784668,12677100.0
2015-12-30,35.560001373291016,35.66999816894531,35.380001068115234,35.40999984741211,13678900.0
2015-12-31,35.290000915527344,35.560001373291016,35.22999954223633,35.290000915527344,13825600.0
2016-01-04,34.13999938964844,34.220001220703125,33.75,34.150001525878906,39069600.0
2016-01-05,33.9900016784668,34.04999923706055,33.779998779296875,33.959999084472656,25363400.0
2016-01-06,33.189998626708984,33.45000076293945,33.06999969482422,33.220001220703125,26243000.0
2016-01-07,32.15999984741211,32.79999923706055,31.940000534057617,31.950000762939453,54680500.0
2016-01-08,32.2599983215332,32.29999923706055,31.600000381469727,31.6200008392334,48245500.0
2016-01-11,31.68000030517578,31.799999237060547,31.110000610351562,31.450000762939453,40023300.0
2016-01-12,31.579999923706055,31.760000228881836,31.170000076293945,31.399999618530273,30022600.0
2016-01-13,31.520000457763672,31.6200008392334,30.670000076293945,30.81999969482422,33632500.0
2016-01-14,30.790000915527344,31.360000610351562,30.5,31.260000228881836,36762100.0
2016-01-15,29.639999389648438,29.940000534057617,29.299999237060547,29.799999237060547,64109400.0
2016-01-19,30.860000610351562,30.8700008392334,30.229999542236328,30.540000915527344,38807400.0
2016-01-20,29.3700008392334,29.809999465942383,28.809999465942383,29.459999084472656,49567700.0
2016-01-21,29.440000534057617,30.049999237060547,29.25,29.65999984741211,38496500.0
2016-01-22,30.579999923706055,30.739999771118164,30.3799991607666,30.729999542236328,35756300.0
2016-01-25,30.350000381469727,30.43000030517578,29.979999542236328,29.989999771118164,30113900.0
2016-01-26,29.860000610351562,30.280000686645508,29.850000381469727,30.200000762939453,23553100.0
2016-01-27,29.899999618530273,30.350000381469727,29.649999618530273,29.780000686645508,36029200.0
2016-01-28,30.3799991607666,30.489999771118164,29.959999084472656,30.219999313354492,31031200.0
2016-01-29,30.8700008392334,31.229999542236328,30.780000686645508,31.200000762939453,31307700.0
2016-02-01,30.43000030517578,30.6200008392334,30.290000915527344,30.530000686645508,29167800.0
2016-02-02,30.530000686645508,30.530000686645508,29.6200008392334,29.75,29701700.0
2016-02-03,29.8700008392334,30.25,29.309999465942383,30.229999542236328,39952800.0
2016-02-04,30.139999389648438,30.40999984741211,29.770000457763672,29.950000762939453,40683400.0
2016-02-05,30.229999542236328,30.239999771118164,29.59000015258789,29.729999542236328,24039500.0
2016-02-08,29.31999969482422,29.3799991607666,28.700000762939453,29.139999389648438,35694000.0
2016-02-09,28.6299991607666,29.1299991607666,28.559999465942383,28.8700008392334,33982600.0
2016-02-10,29.260000228881836,29.649999618530273,28.989999771118164,29.06999969482422,42771800.0
2016-02-11,28.1299991607666,28.65999984741211,28.100000381469727,28.440000534057617,38735300.0
2016-02-12,28.610000610351562,29.100000381469727,28.459999084472656,29.06999969482422,39419100.0
2016-02-16,30.1299991607666,30.290000915527344,29.969999313354492,30.290000915527344,37917300.0
2016-02-17,30.350000381469727,30.81999969482422,30.31999969482422,30.760000228881836,36462600.0
2016-02-18,30.90999984741211,30.969999313354492,30.399999618530273,30.469999313354492,25834900.0
2016-02-19,30.469999313354492,30.639999389648438,30.290000915527344,30.459999084472656,19641400.0
2016-02-22,30.979999542236328,31.3700008392334,30.969999313354492,31.31999969482422,21172100.0
2016-02-23,30.899999618530273,30.979999542236328,30.520000457763672,30.540000915527344,19199300.0
2016-02-24,29.950000762939453,30.559999465942383,29.770000457763672,30.450000762939453,28184600.0
2016-02-25,29.989999771118164,30.3799991607666,29.809999465942383,30.350000381469727,20348600.0
2016-02-26,30.75,30.760000228881836,30.389999389648438,30.420000076293945,21069100.0
2016-02-29,30.3700008392334,30.649999618530273,30.280000686645508,30.280000686645508,17145900.0
2016-03-01,30.850000381469727,31.420000076293945,30.81999969482422,31.3700008392334,33924700.0
2016-03-02,31.690000534057617,32.060001373291016,31.59000015258789,32.04999923706055,27629800.0
2016-03-03,31.760000228881836,32.119998931884766,31.690000534057617,32.08000183105469,24973000.0
2016-03-04,32.38999938964844,33.099998474121094,32.29999923706055,32.9900016784668,42537700.0
2016-03-07,32.33000183105469,32.790000915527344,32.33000183105469,32.61000061035156,24886500.0
2016-03-08,32.11000061035156,32.16999816894531,31.81999969482422,31.860000610351562,25288100.0
2016-03-09,31.979999542236328,32.20000076293945,31.889999389648438,31.979999542236328,14383700.0
2016-03-10,32.099998474121094,32.220001220703125,31.3799991607666,31.729999542236328,29486800.0
2016-03-11,32.45000076293945,32.869998931884766,32.43000030517578,32.86000061035156,28791500.0
2016-03-14,32.869998931884766,33.06999969482422,32.72999954223633,32.900001525878906,17724900.0
2016-03-15,32.4900016784668,32.7400016784668,32.36000061035156,32.70000076293945,15012900.0
2016-03-16,32.34000015258789,33.13999938964844,32.27000045776367,33.06999969482422,28137700.0
2016-03-17,33.0,33.52000045776367,32.959999084472656,33.459999084472656,28887800.0
2016-03-18,33.689998626708984,33.880001068115234,33.619998931884766,33.68000030517578,25481300.0
2016-03-21,33.72999954223633,33.90999984741211,33.630001068115234,33.709999084472656,15135700.0
2016-03-22,33.38999938964844,33.63999938964844,33.29999923706055,33.439998626708984,15095000.0
2016-03-23,33.36000061035156,33.369998931884766,32.90999984741211,32.970001220703125,25832600.0
2016-03-24,32.47999954223633,32.7400016784668,32.349998474121094,32.7400016784668,17791300.0
2016-03-28,32.70000076293945,33.040000915527344,32.689998626708984,33.0099983215332,16103100.0
2016-03-29,32.77000045776367,33.369998931884766,32.63999938964844,33.34000015258789,18632800.0
2016-03-30,33.939998626708984,34.119998931884766,33.810001373291016,33.84000015258789,23327000.0
2016-03-31,33.88999938964844,34.029998779296875,33.689998626708984,33.77000045776367,17008400.0
2016-04-01,33.02000045776367,33.709999084472656,32.84000015258789,33.58000183105469,19325000.0
2016-04-04,33.58000183105469,33.68000030517578,33.130001068115234,33.16999816894531,14553900.0
2016-04-05,32.650001525878906,32.7599983215332,32.369998931884766,32.41999816894531,22566600.0
2016-04-06,32.56999969482422,33.040000915527344,32.470001220703125,33.029998779296875,17888100.0
2016-04-07,32.650001525878906,32.689998626708984,32.25,32.400001525878906,20313800.0
2016-04-08,32.400001525878906,33.119998931884766,32.400001525878906,32.81999969482422,18606500.0
2016-04-11,33.400001525878906,33.58000183105469,33.18000030517578,33.209999084472656,18483800.0
2016-04-12,33.380001068115234,33.869998931884766,33.189998626708984,33.66999816894531,19348300.0
2016-04-13,34.900001525878906,35.029998779296875,34.7599983215332,34.9900016784668,37869200.0
2016-04-14,34.939998626708984,35.040000915527344,34.849998474121094,34.91999816894531,14575600.0
2016-04-15,34.68000030517578,34.72999954223633,34.459999084472656,34.47999954223633,21139800.0
2016-04-18,34.43000030517578,34.88999938964844,34.36000061035156,34.70000076293945,18276400.0
2016-04-19,34.83000183105469,35.189998626708984,34.79999923706055,35.119998931884766,18449300.0
2016-04-20,34.58000183105469,35.0,34.45000076293945,34.720001220703125,27289700.0
2016-04-21,34.7400016784668,34.810001373291016,34.40999984741211,34.47999954223633,20198100.0
2016-04-22,34.38999938964844,34.709999084472656,34.22999954223633,34.349998474121094,24133800.0
2016-04-25,34.0099983215332,34.06999969482422,33.79999923706055,33.939998626708984,21699000.0
2016-04-26,34.029998779296875,34.16999816894531,33.91999816894531,34.13999938964844,16571200.0
2016-04-27,33.939998626708984,34.4900016784668,33.939998626708984,34.38999938964844,17151000.0
2016-04-28,34.13999938964844,34.41999816894531,34.0099983215332,34.06999969482422,18527900.0
2016-04-29,33.66999816894531,33.779998779296875,33.29999923706055,33.529998779296875,22389400.0
2016-05-02,33.68000030517578,33.68000030517578,33.310001373291016,33.470001220703125,16295700.0
2016-05-03,32.959999084472656,33.0099983215332,32.61000061035156,32.65999984741211,31468500.0
2016-05-04,32.439998626708984,32.56999969482422,32.130001068115234,32.25,28157100.0
2016-05-05,32.540000915527344,32.599998474121094,32.20000076293945,32.29999923706055,32501100.0
2016-05-06,31.959999084472656,32.290000915527344,31.940000534057617,32.11000061035156,22910300.0
2016-05-09,31.969999313354492,32.029998779296875,31.6200008392334,31.6200008392334,31106200.0
2016-05-10,31.860000610351562,32.349998474121094,31.860000610351562,32.349998474121094,24520000.0
2016-05-11,31.93000030517578,32.13999938964844,31.809999465942383,31.809999465942383,23343200.0
2016-05-12,32.060001373291016,32.130001068115234,31.670000076293945,31.75,21212200.0
2016-05-13,31.520000457763672,31.6299991607666,31.049999237060547,31.239999771118164,32731500.0
2016-05-16,31.649999618530273,31.989999771118164,31.639999389648438,31.850000381469727,22117800.0
2016-05-17,31.790000915527344,31.920000076293945,31.549999237060547,31.65999984741211,23888100.0
2016-05-18,31.5,31.8799991607666,31.270000457763672,31.40999984741211,28817500.0
2016-05-19,31.260000228881836,31.329999923706055,31.040000915527344,31.239999771118164,27337400.0
2016-05-20,31.579999923706055,31.770000457763672,31.549999237060547,31.639999389648438,16973700.0
2016-05-23,31.610000610351562,31.780000686645508,31.530000686645508,31.56999969482422,15279900.0
2016-05-24,31.780000686645508,32.25,31.75,32.18000030517578,29074100.0
2016-05-25,32.529998779296875,32.81999969482422,32.47999954223633,32.77000045776367,24661200.0
2016-05-26,32.66999816894531,32.72999954223633,32.529998779296875,32.650001525878906,15589200.0
2016-05-27,32.90999984741211,32.9900016784668,32.63999938964844,32.84000015258789,20918800.0
2016-05-31,33.27000045776367,33.72999954223633,33.119998931884766,33.650001525878906,63588000.0
2016-06-01,33.650001525878906,33.650001525878906,33.220001220703125,33.439998626708984,22796100.0
2016-06-02,33.40999984741211,33.779998779296875,33.380001068115234,33.72999954223633,20820900.0
2016-06-03,33.689998626708984,33.88999938964844,33.470001220703125,33.77000045776367,23421800.0
2016-06-06,33.77000045776367,34.33000183105469,33.77000045776367,34.20000076293945,26465100.0
2016-06-07,34.599998474121094,34.779998779296875,34.59000015258789,34.63999938964844,29459400.0
2016-06-08,34.65999984741211,34.810001373291016,34.63999938964844,34.7400016784668,15660800.0
2016-06-09,34.38999938964844,34.58000183105469,34.369998931884766,34.540000915527344,17728300.0
2016-06-10,33.599998474121094,33.79999923706055,33.459999084472656,33.61000061035156,35795300.0
2016-06-13,33.0,33.279998779296875,32.86000061035156,32.900001525878906,29852000.0
2016-06-14,32.83000183105469,33.060001373291016,32.58000183105469,32.9900016784668,28219200.0
2016-06-15,33.18000030517578,33.459999084472656,33.02000045776367,33.040000915527344,27387300.0
2016-06-16,32.45000076293945,33.04999923706055,32.2400016784668,32.95000076293945,33594000.0
2016-06-17,32.79999923706055,32.900001525878906,32.599998474121094,32.810001373291016,17527800.0
2016-06-20,33.52000045776367,33.650001525878906,33.349998474121094,33.38999938964844,24452000.0
2016-06-21,33.400001525878906,33.59000015258789,33.20000076293945,33.47999954223633,17153400.0
2016-06-22,33.88999938964844,34.040000915527344,33.720001220703125,33.7599983215332,23886100.0
2016-06-23,34.25,34.599998474121094,34.189998626708984,34.58000183105469,21953600.0
2016-06-24,32.72999954223633,33.38999938964844,32.41999816894531,32.4900016784668,56230400.0
2016-06-27,32.61000061035156,32.63999938964844,31.959999084472656,32.380001068115234,35963800.0
2016-06-28,33.040000915527344,33.22999954223633,32.84000015258789,33.15999984741211,27207300.0
2016-06-29,33.72999954223633,33.81999969482422,33.66999816894531,33.7599983215332,28029400.0
2016-06-30,34.040000915527344,34.439998626708984,33.880001068115234,34.220001220703125,36217700.0
2016-07-01,34.400001525878906,34.619998931884766,34.380001068115234,34.47999954223633,18797600.0
2016-07-05,33.88999938964844,33.93000030517578,33.599998474121094,33.70000076293945,19009200.0
2016-07-06,33.20000076293945,33.66999816894531,33.09000015258789,33.619998931884766,19984800.0
2016-07-07,33.7400016784668,33.849998474121094,33.36000061035156,33.459999084472656,18078000.0
2016-07-08,33.790000915527344,34.2400016784668,33.77000045776367,34.18000030517578,24660800.0
2016-07-11,34.349998474121094,34.599998474121094,34.25,34.439998626708984,21573900.0
2016-07-12,35.0099983215332,35.20000076293945,34.90999984741211,35.13999938964844,27755400.0
2016-07-13,35.060001373291016,35.06999969482422,34.81999969482422,34.9900016784668,16901600.0
2016-07-14,35.400001525878906,35.61000061035156,35.349998474121094,35.560001373291016,21607800.0
2016-07-15,35.540000915527344,35.56999969482422,35.369998931884766,35.459999084472656,16609700.0
2016-07-18,35.369998931884766,35.7599983215332,35.31999969482422,35.75,13153100.0
2016-07-19,35.310001373291016,35.34000015258789,35.040000915527344,35.08000183105469,20070400.0
2016-07-20,35.459999084472656,35.529998779296875,35.31999969482422,35.5,15869500.0
2016-07-21,35.5,35.61000061035156,35.33000183105469,35.470001220703125,12719300.0
2016-07-22,35.54999923706055,35.689998626708984,35.4900016784668,35.65999984741211,9232400.0
2016-07-25,35.58000183105469,35.58000183105469,35.36000061035156,35.369998931884766,12890900.0
2016-07-26,35.650001525878906,35.81999969482422,35.599998474121094,35.790000915527344,13396600.0
2016-07-27,35.70000076293945,35.810001373291016,35.41999816894531,35.650001525878906,15743200.0
2016-07-28,35.5,35.529998779296875,35.349998474121094,35.459999084472656,11246400.0
2016-07-29,35.189998626708984,35.540000915527344,35.150001525878906,35.43000030517578,21214600.0
2016-08-01,35.58000183105469,35.65999984741211,35.27000045776367,35.310001373291016,13899600.0
2016-08-02,35.189998626708984,35.36000061035156,34.939998626708984,35.20000076293945,20209200.0
2016-08-03,34.970001220703125,35.34000015258789,34.959999084472656,35.31999969482422,14587600.0
2016-08-04,35.31999969482422,35.5099983215332,35.220001220703125,35.400001525878906,11143700.0
2016-08-05,35.75,35.97999954223633,35.720001220703125,35.939998626708984,15792500.0
2016-08-08,36.15999984741211,36.27000045776367,36.130001068115234,36.13999938964844,8370000.0
2016-08-09,36.38999938964844,36.63999938964844,36.38999938964844,36.47999954223633,15257700.0
2016-08-10,36.47999954223633,36.4900016784668,36.209999084472656,36.27000045776367,13354400.0
2016-08-11,36.779998779296875,37.09000015258789,36.7599983215332,37.040000915527344,20711900.0
2016-08-12,37.09000015258789,37.220001220703125,37.040000915527344,37.119998931884766,15700500.0
2016-08-15,37.72999954223633,37.9900016784668,37.70000076293945,37.959999084472656,26370200.0
2016-08-16,37.84000015258789,37.900001525878906,37.66999816894531,37.790000915527344,17991200.0
2016-08-17,37.47999954223633,37.58000183105469,37.150001525878906,37.529998779296875,23072000.0
2016-08-18,37.7400016784668,37.880001068115234,37.68000030517578,37.86000061035156,12335200.0
2016-08-19,37.59000015258789,37.70000076293945,37.400001525878906,37.650001525878906,13772000.0
2016-08-22,37.45000076293945,37.5,37.2400016784668,37.310001373291016,17897100.0
2016-08-23,37.5099983215332,37.65999984741211,37.25,37.29999923706055,15723600.0
2016-08-24,37.11000061035156,37.2400016784668,37.02000045776367,37.119998931884766,19764800.0
2016-08-25,36.97999954223633,37.13999938964844,36.93000030517578,37.09000015258789,12871500.0
2016-08-26,37.2400016784668,37.66999816894531,36.66999816894531,36.93000030517578,34069400.0
2016-08-29,37.029998779296875,37.29999923706055,37.0,37.209999084472656,12999700.0
2016-08-30,37.47999954223633,37.61000061035156,37.34000015258789,37.45000076293945,12718700.0
2016-08-31,37.209999084472656,37.209999084472656,36.84000015258789,37.04999923706055,22296800.0
2016-09-01,37.349998474121094,37.459999084472656,37.09000015258789,37.33000183105469,16027300.0
2016-09-02,37.97999954223633,38.2400016784668,37.869998931884766,38.08000183105469,24376400.0
2016-09-06,38.650001525878906,38.75,38.439998626708984,38.65999984741211,22588900.0
2016-09-07,38.61000061035156,38.709999084472656,38.560001373291016,38.650001525878906,13427600.0
2016-09-08,38.83000183105469,39.130001068115234,38.810001373291016,39.02000045776367,37204200.0
2016-09-09,38.91999816894531,38.91999816894531,38.20000076293945,38.22999954223633,33444600.0
2016-09-12,37.5,38.38999938964844,37.470001220703125,38.279998779296875,29013400.0
2016-09-13,37.4900016784668,37.599998474121094,36.90999984741211,37.2599983215332,40524700.0
2016-09-14,37.45000076293945,37.68000030517578,37.25,37.2599983215332,24486900.0
2016-09-15,37.61000061035156,38.06999969482422,37.47999954223633,37.95000076293945,24609800.0
2016-09-16,37.68000030517578,37.810001373291016,37.439998626708984,37.72999954223633,21740900.0
2016-09-19,37.97999954223633,38.099998474121094,37.75,37.810001373291016,16969800.0
2016-09-20,38.11000061035156,38.16999816894531,37.88999938964844,37.88999938964844,13309700.0
2016-09-21,38.349998474121094,38.86000061035156,38.130001068115234,38.81999969482422,29226100.0
2016-09-22,38.93000030517578,39.06999969482422,38.849998474121094,38.959999084472656,19453800.0
2016-09-23,38.38999938964844,38.540000915527344,38.279998779296875,38.310001373291016,16589500.0
2016-09-26,37.7400016784668,37.810001373291016,37.52000045776367,37.52000045776367,21302700.0
2016-09-27,37.900001525878906,38.029998779296875,37.72999954223633,38.0,17987300.0
2016-09-28,38.15999984741211,38.34000015258789,37.77000045776367,38.31999969482422,16664700.0
2016-09-29,38.27000045776367,38.43000030517578,37.77000045776367,37.91999816894531,21940300.0
2016-09-30,37.83000183105469,38.189998626708984,37.75,38.0099983215332,19211000.0
2016-10-03,37.83000183105469,38.06999969482422,37.72999954223633,38.04999923706055,13187500.0
2016-10-04,38.209999084472656,38.2400016784668,37.65999984741211,37.7400016784668,17799300.0
2016-10-05,38.41999816894531,38.689998626708984,38.33000183105469,38.65999984741211,23221800.0
2016-10-06,38.58000183105469,38.86000061035156,38.52000045776367,38.79999923706055,12108400.0
2016-10-07,38.619998931884766,38.7400016784668,38.2400016784668,38.4900016784668,18520100.0
2016-10-10,38.72999954223633,39.16999816894531,38.68000030517578,39.040000915527344,20312600.0
2016-10-11,38.13999938964844,38.189998626708984,37.72999954223633,37.880001068115234,26881200.0
2016-10-12,37.709999084472656,37.88999938964844,37.61000061035156,37.83000183105469,16034100.0
2016-10-13,37.04999923706055,37.380001068115234,36.810001373291016,37.22999954223633,26440800.0
2016-10-14,37.66999816894531,37.779998779296875,37.47999954223633,37.59000015258789,20872300.0
2016-10-17,37.290000915527344,37.400001525878906,37.189998626708984,37.25,13330800.0
2016-10-18,37.97999954223633,38.0,37.790000915527344,37.86000061035156,15693700.0
2016-10-19,37.84000015258789,38.0099983215332,37.70000076293945,37.900001525878906,9950900.0
2016-10-20,37.77000045776367,37.970001220703125,37.709999084472656,37.849998474121094,8927100.0
2016-10-21,37.650001525878906,37.88999938964844,37.61000061035156,37.83000183105469,9429000.0
2016-10-24,38.22999954223633,38.29999923706055,38.029998779296875,38.11000061035156,9859700.0
2016-10-25,38.11000061035156,38.150001525878906,37.91999816894531,37.970001220703125,10771200.0
2016-10-26,37.59000015258789,37.7599983215332,37.45000076293945,37.59000015258789,13053800.0
2016-10-27,37.40999984741211,37.45000076293945,37.18000030517578,37.2599983215332,14736900.0
2016-10-28,36.959999084472656,37.150001525878906,36.650001525878906,36.849998474121094,24366200.0
2016-10-31,36.869998931884766,37.04999923706055,36.84000015258789,36.86000061035156,11429600.0
2016-11-01,37.470001220703125,37.5099983215332,36.779998779296875,37.099998474121094,24502700.0
2016-11-02,36.81999969482422,36.90999984741211,36.34000015258789,36.619998931884766,24420300.0
2016-11-03,36.7599983215332,36.810001373291016,36.45000076293945,36.560001373291016,15621500.0
2016-11-04,36.31999969482422,36.40999984741211,36.13999938964844,36.2400016784668,19415800.0
2016-11-07,37.13999938964844,37.5099983215332,37.119998931884766,37.36000061035156,24788400.0
2016-11-08,37.13999938964844,37.900001525878906,37.09000015258789,37.630001068115234,23078100.0
2016-11-09,36.599998474121094,37.130001068115234,36.560001373291016,36.7400016784668,48911500.0
2016-11-10,36.7400016784668,36.79999923706055,36.02000045776367,36.38999938964844,46039500.0
2016-11-11,35.7400016784668,36.09000015258789,35.529998779296875,35.97999954223633,28500300.0
2016-11-14,35.7400016784668,35.97999954223633,35.47999954223633,35.7599983215332,26510200.0
2016-11-15,35.970001220703125,36.400001525878906,35.93000030517578,36.2599983215332,24991400.0
2016-11-16,35.77000045776367,35.939998626708984,35.65999984741211,35.83000183105469,19616400.0
2016-11-17,35.86000061035156,36.11000061035156,35.84000015258789,35.970001220703125,14095000.0
2016-11-18,35.970001220703125,36.02000045776367,35.790000915527344,35.939998626708984,13194400.0
2016-11-21,36.220001220703125,36.33000183105469,36.15999984741211,36.2400016784668,11379100.0
2016-11-22,36.88999938964844,36.93000030517578,36.72999954223633,36.880001068115234,15085100.0
2016-11-23,36.63999938964844,36.810001373291016,36.599998474121094,36.7400016784668,12015100.0
2016-11-25,37.16999816894531,37.22999954223633,37.06999969482422,37.09000015258789,8110100.0
2016-11-28,37.38999938964844,37.470001220703125,37.220001220703125,37.22999954223633,15895200.0
2016-11-29,37.349998474121094,37.59000015258789,37.25,37.459999084472656,16069000.0
2016-11-30,37.529998779296875,37.72999954223633,37.470001220703125,37.59000015258789,16379900.0
2016-12-01,37.599998474121094,37.7599983215332,37.470001220703125,37.59000015258789,14747700.0
2016-12-02,37.2400016784668,37.5,37.22999954223633,37.310001373291016,12232200.0
2016-12-05,37.099998474121094,37.279998779296875,37.06999969482422,37.2599983215332,11648900.0
2016-12-06,37.2599983215332,37.29999923706055,37.09000015258789,37.2599983215332,13160200.0
2016-12-07,37.369998931884766,37.81999969482422,37.34000015258789,37.689998626708984,16420200.0
2016-12-08,37.4900016784668,37.77000045776367,37.400001525878906,37.689998626708984,17728800.0
2016-12-09,37.380001068115234,37.5,37.279998779296875,37.470001220703125,12202900.0
2016-12-12,36.68000030517578,36.81999969482422,36.43000030517578,36.61000061035156,28688000.0
2016-12-13,36.900001525878906,37.11000061035156,36.84000015258789,37.0099983215332,23956400.0
2016-12-14,36.66999816894531,36.90999984741211,36.060001373291016,36.20000076293945,32818500.0
2016-12-15,35.869998931884766,36.029998779296875,35.79999923706055,35.880001068115234,26737200.0
2016-12-16,35.75,35.810001373291016,35.400001525878906,35.5,30509800.0
2016-12-19,35.380001068115234,35.470001220703125,35.290000915527344,35.36000061035156,20622700.0
2016-12-20,35.27000045776367,35.349998474121094,35.20000076293945,35.22999954223633,14651600.0
2016-12-21,35.310001373291016,35.33000183105469,35.11000061035156,35.11000061035156,19888000.0
2016-12-22,34.11000061035156,34.130001068115234,33.939998626708984,34.060001373291016,22593200.0
2016-12-23,33.959999084472656,34.04999923706055,33.90999984741211,33.970001220703125,14397900.0
2016-12-27,34.02000045776367,34.099998474121094,34.0099983215332,34.04999923706055,11928500.0
2016-12-28,34.470001220703125,34.5099983215332,34.29999923706055,34.36000061035156,16054700.0
2016-12-29,34.66999816894531,34.939998626708984,34.630001068115234,34.810001373291016,17278600.0
2016-12-30,35.0,35.029998779296875,34.63999938964844,34.709999084472656,12115800.0
2017-01-03,35.099998474121094,35.34000015258789,35.040000915527344,35.150001525878906,19776300.0
2017-01-04,35.25,35.66999816894531,35.220001220703125,35.5099983215332,42559900.0
2017-01-05,35.88999938964844,36.11000061035156,35.869998931884766,36.02000045776367,24724200.0
2017-01-06,35.900001525878906,35.900001525878906,35.68000030517578,35.75,17907200.0
2017-01-09,35.84000015258789,35.91999816894531,35.75,35.79999923706055,9544300.0
2017-01-10,36.09000015258789,36.52000045776367,36.06999969482422,36.27000045776367,30402500.0
2017-01-11,36.400001525878906,36.63999938964844,36.22999954223633,36.529998779296875,22706700.0
2017-01-12,36.400001525878906,36.4900016784668,36.2400016784668,36.4900016784668,12241900.0
2017-01-13,36.540000915527344,36.689998626708984,36.52000045776367,36.56999969482422,11254300.0
2017-01-17,36.38999938964844,36.41999816894531,36.27000045776367,36.400001525878906,11490500.0
2017-01-18,36.720001220703125,36.7400016784668,36.540000915527344,36.58000183105469,16500300.0
2017-01-19,36.540000915527344,36.560001373291016,36.2599983215332,36.43000030517578,15784000.0
2017-01-20,36.380001068115234,36.470001220703125,36.13999938964844,36.290000915527344,19101900.0
2017-01-23,36.34000015258789,36.52000045776367,36.290000915527344,36.470001220703125,16244600.0
2017-01-24,36.459999084472656,36.72999954223633,36.45000076293945,36.619998931884766,11148200.0
2017-01-25,36.619998931884766,36.79999923706055,36.61000061035156,36.779998779296875,12805200.0
2017-01-26,36.90999984741211,37.02000045776367,36.79999923706055,36.849998474121094,19169400.0
2017-01-27,36.83000183105469,36.93000030517578,36.66999816894531,36.81999969482422,11190700.0
2017-01-30,36.619998931884766,36.689998626708984,36.45000076293945,36.68000030517578,8761500.0
2017-01-31,36.619998931884766,36.75,36.56999969482422,36.689998626708984,13731200.0
2017-02-01,36.880001068115234,36.91999816894531,36.59000015258789,36.66999816894531,11752800.0
2017-02-02,36.56999969482422,36.720001220703125,36.529998779296875,36.68000030517578,10052200.0
2017-02-03,36.630001068115234,36.709999084472656,36.52000045776367,36.630001068115234,16406400.0
2017-02-06,36.869998931884766,36.93000030517578,36.7400016784668,36.790000915527344,17276900.0
2017-02-07,36.939998626708984,36.97999954223633,36.689998626708984,36.77000045776367,15372300.0
2017-02-08,37.20000076293945,37.43000030517578,37.13999938964844,37.310001373291016,23490600.0
2017-02-09,37.310001373291016,37.869998931884766,37.310001373291016,37.810001373291016,21950100.0
2017-02-10,37.790000915527344,38.04999923706055,37.7599983215332,38.0099983215332,14297500.0
2017-02-13,38.189998626708984,38.43000030517578,38.15999984741211,38.25,27954600.0
2017-02-14,38.119998931884766,38.29999923706055,37.900001525878906,38.2400016784668,16624500.0
2017-02-15,38.56999969482422,38.849998474121094,38.540000915527344,38.81999969482422,19608600.0
2017-02-16,38.810001373291016,38.83000183105469,38.63999938964844,38.7400016784668,10092900.0
2017-02-17,38.2400016784668,38.4900016784668,38.2400016784668,38.459999084472656,10637300.0
2017-02-21,38.63999938964844,38.83000183105469,38.619998931884766,38.81999969482422,11980700.0
2017-02-22,38.959999084472656,39.029998779296875,38.900001525878906,39.029998779296875,11006100.0
2017-02-23,39.11000061035156,39.150001525878906,38.849998474121094,38.959999084472656,16339200.0
2017-02-24,38.439998626708984,38.58000183105469,38.380001068115234,38.540000915527344,15526600.0
2017-02-27,38.220001220703125,38.349998474121094,38.18000030517578,38.29999923706055,11431800.0
2017-02-28,38.15999984741211,38.33000183105469,38.09000015258789,38.20000076293945,16582200.0
2017-03-01,38.369998931884766,38.68000030517578,38.34000015258789,38.599998474121094,14116200.0
2017-03-02,37.90999984741211,37.97999954223633,37.77000045776367,37.77000045776367,20424700.0
2017-03-03,37.880001068115234,37.959999084472656,37.77000045776367,37.869998931884766,13350000.0
2017-03-06,37.84000015258789,37.86000061035156,37.689998626708984,37.84000015258789,6366800.0
2017-03-07,38.04999923706055,38.08000183105469,37.88999938964844,37.959999084472656,12533800.0
2017-03-08,38.16999816894531,38.20000076293945,37.869998931884766,37.90999984741211,13544700.0
2017-03-09,37.470001220703125,37.56999969482422,37.220001220703125,37.470001220703125,17461600.0
2017-03-10,37.61000061035156,37.70000076293945,37.52000045776367,37.650001525878906,8777900.0
2017-03-13,38.2400016784668,38.369998931884766,38.209999084472656,38.2599983215332,14386500.0
2017-03-14,38.209999084472656,38.25,38.04999923706055,38.13999938964844,10282900.0
2017-03-15,38.2400016784668,38.970001220703125,38.189998626708984,38.790000915527344,30616900.0
2017-03-16,39.31999969482422,39.400001525878906,39.2400016784668,39.34000015258789,25060200.0
2017-03-17,39.2599983215332,39.2599983215332,39.08000183105469,39.13999938964844,14698800.0
2017-03-20,39.52000045776367,39.68000030517578,39.470001220703125,39.599998474121094,19981400.0
2017-03-21,39.810001373291016,39.849998474121094,39.08000183105469,39.16999816894531,27086500.0
2017-03-22,38.959999084472656,39.45000076293945,38.959999084472656,39.290000915527344,20418500.0
2017-03-23,39.060001373291016,39.369998931884766,39.029998779296875,39.2400016784668,11176300.0
2017-03-24,39.15999984741211,39.310001373291016,39.130001068115234,39.25,10557200.0
2017-03-27,38.77000045776367,39.099998474121094,38.689998626708984,39.060001373291016,14420100.0
2017-03-28,38.9900016784668,39.34000015258789,38.95000076293945,39.22999954223633,13559400.0
2017-03-29,39.0099983215332,39.150001525878906,38.939998626708984,39.09000015258789,11737800.0
2017-03-30,38.709999084472656,38.869998931884766,38.65999984741211,38.79999923706055,17012500.0
2017-03-31,38.52000045776367,38.61000061035156,38.459999084472656,38.4900016784668,14144400.0
2017-04-03,38.65999984741211,38.7599983215332,38.470001220703125,38.720001220703125,19490000.0
2017-04-04,38.72999954223633,38.959999084472656,38.689998626708984,38.81999969482422,9468900.0
2017-04-05,38.9900016784668,39.11000061035156,38.79999923706055,38.900001525878906,18791300.0
2017-04-06,38.77000045776367,38.779998779296875,38.619998931884766,38.720001220703125,12316600.0
2017-04-07,38.66999816894531,38.880001068115234,38.66999816894531,38.7400016784668,12322200.0
2017-04-10,38.5099983215332,38.59000015258789,38.439998626708984,38.5099983215332,11114000.0
2017-04-11,38.33000183105469,38.380001068115234,38.099998474121094,38.31999969482422,12959700.0
2017-04-12,38.459999084472656,38.470001220703125,38.25,38.36000061035156,10996900.0
2017-04-13,38.5,38.61000061035156,38.25,38.2599983215332,9644200.0
2017-04-17,38.290000915527344,38.4900016784668,38.2400016784668,38.459999084472656,9882700.0
2017-04-18,37.77000045776367,37.880001068115234,37.66999816894531,37.79999923706055,21900300.0
2017-04-19,37.779998779296875,37.83000183105469,37.5099983215332,37.58000183105469,16345900.0
2017-04-20,38.0099983215332,38.130001068115234,37.91999816894531,38.08000183105469,17474600.0
2017-04-21,37.869998931884766,38.0099983215332,37.81999969482422,37.959999084472656,12352100.0
2017-04-24,38.25,38.310001373291016,38.150001525878906,38.16999816894531,16190900.0
2017-04-25,38.689998626708984,38.77000045776367,38.63999938964844,38.68000030517578,19602500.0
2017-04-26,38.68000030517578,38.84000015258789,38.65999984741211,38.70000076293945,12783900.0
2017-04-27,38.540000915527344,38.56999969482422,38.400001525878906,38.540000915527344,10982900.0
2017-04-28,38.5,38.54999923706055,38.43000030517578,38.529998779296875,9084000.0
2017-05-01,38.66999816894531,38.77000045776367,38.540000915527344,38.599998474121094,8406000.0
2017-05-02,38.439998626708984,38.529998779296875,38.34000015258789,38.470001220703125,14208100.0
2017-05-03,38.36000061035156,38.43000030517578,38.209999084472656,38.290000915527344,13641200.0
2017-05-04,37.9900016784668,37.9900016784668,37.619998931884766,37.75,31288000.0
2017-05-05,37.52000045776367,37.77000045776367,37.5099983215332,37.77000045776367,17211400.0
2017-05-08,37.779998779296875,37.849998474121094,37.61000061035156,37.650001525878906,10631500.0
2017-05-09,38.279998779296875,38.459999084472656,38.2599983215332,38.29999923706055,26547500.0
2017-05-10,38.630001068115234,38.75,38.540000915527344,38.68000030517578,14480000.0
2017-05-11,38.599998474121094,38.65999984741211,38.41999816894531,38.650001525878906,12279700.0
2017-05-12,38.84000015258789,39.06999969482422,38.83000183105469,39.060001373291016,21065800.0
2017-05-15,39.290000915527344,39.650001525878906,39.27000045776367,39.56999969482422,25140700.0
2017-05-16,39.40999984741211,39.5099983215332,39.290000915527344,39.47999954223633,18317100.0
2017-05-17,39.189998626708984,39.27000045776367,38.81999969482422,38.91999816894531,24698500.0
2017-05-18,38.720001220703125,39.16999816894531,38.65999984741211,39.040000915527344,16276700.0
2017-05-19,39.189998626708984,39.4900016784668,39.18000030517578,39.439998626708984,17488400.0
2017-05-22,39.58000183105469,39.70000076293945,39.540000915527344,39.630001068115234,11969000.0
2017-05-23,39.650001525878906,39.66999816894531,39.529998779296875,39.58000183105469,10345300.0
2017-05-24,39.58000183105469,39.68000030517578,39.560001373291016,39.59000015258789,10143000.0
2017-05-25,40.15999984741211,40.290000915527344,40.130001068115234,40.2400016784668,16892800.0
2017-05-26,40.09000015258789,40.27000045776367,40.09000015258789,40.22999954223633,8001900.0
2017-05-30,40.13999938964844,40.380001068115234,40.119998931884766,40.349998474121094,7431200.0
2017-05-31,40.22999954223633,40.279998779296875,40.060001373291016,40.13999938964844,12266700.0
2017-06-01,40.29999923706055,40.52000045776367,40.189998626708984,40.5,12789100.0
2017-06-02,40.400001525878906,40.560001373291016,40.34000015258789,40.52000045776367,8567300.0
2017-06-05,40.29999923706055,40.400001525878906,40.279998779296875,40.290000915527344,8676200.0
2017-06-06,40.400001525878906,40.619998931884766,40.38999938964844,40.54999923706055,9516500.0
2017-06-07,40.47999954223633,40.529998779296875,40.290000915527344,40.41999816894531,12541300.0
2017-06-08,40.56999969482422,40.70000076293945,40.5099983215332,40.599998474121094,14290400.0
2017-06-09,40.40999984741211,40.5,40.04999923706055,40.2400016784668,18812700.0
2017-06-12,39.86000061035156,39.95000076293945,39.70000076293945,39.880001068115234,19774400.0
2017-06-13,40.099998474121094,40.189998626708984,40.08000183105469,40.11000061035156,13999500.0
2017-06-14,40.16999816894531,40.220001220703125,39.83000183105469,39.93000030517578,16006200.0
2017-06-15,39.38999938964844,39.5099983215332,39.369998931884766,39.470001220703125,19571300.0
2017-06-16,39.56999969482422,39.61000061035156,39.40999984741211,39.58000183105469,15349400.0
2017-06-19,40.060001373291016,40.20000076293945,40.0099983215332,40.13999938964844,22387700.0
2017-06-20,39.650001525878906,39.65999984741211,39.4900016784668,39.52000045776367,14856200.0
2017-06-21,39.61000061035156,39.66999816894531,39.43000030517578,39.47999954223633,15594600.0
2017-06-22,39.880001068115234,39.91999816894531,39.7400016784668,39.7400016784668,12203700.0
2017-06-23,39.720001220703125,39.86000061035156,39.65999984741211,39.77000045776367,11980400.0
2017-06-26,40.189998626708984,40.290000915527344,40.11000061035156,40.22999954223633,14790400.0
2017-06-27,40.02000045776367,40.130001068115234,39.83000183105469,39.83000183105469,13550900.0
2017-06-28,39.880001068115234,40.099998474121094,39.849998474121094,40.029998779296875,10066700.0
2017-06-29,39.88999938964844,39.90999984741211,39.369998931884766,39.619998931884766,20701900.0
2017-06-30,39.83000183105469,39.900001525878906,39.65999984741211,39.709999084472656,14919900.0
2017-07-03,40.15999984741211,40.25,40.06999969482422,40.119998931884766,9279900.0
2017-07-05,39.849998474121094,39.9900016784668,39.66999816894531,39.959999084472656,13577100.0
2017-07-06,39.68000030517578,39.72999954223633,39.45000076293945,39.5,14944200.0
2017-07-07,39.4900016784668,39.56999969482422,39.31999969482422,39.47999954223633,9304300.0
2017-07-10,39.380001068115234,39.599998474121094,39.349998474121094,39.54999923706055,6867500.0
2017-07-11,40.31999969482422,40.380001068115234,40.15999984741211,40.29999923706055,19779100.0
2017-07-12,40.939998626708984,41.189998626708984,40.869998931884766,41.150001525878906,26412300.0
2017-07-13,41.04999923706055,41.27000045776367,41.04999923706055,41.25,11607800.0
2017-07-14,41.52000045776367,41.91999816894531,41.5,41.88999938964844,19829700.0
2017-07-17,41.61000061035156,41.72999954223633,41.59000015258789,41.720001220703125,13113900.0
2017-07-18,41.4900016784668,41.66999816894531,41.41999816894531,41.65999984741211,11065300.0
2017-07-19,42.11000061035156,42.220001220703125,42.08000183105469,42.16999816894531,9424000.0
2017-07-20,42.16999816894531,42.189998626708984,42.040000915527344,42.08000183105469,9289300.0
2017-07-21,42.0,42.04999923706055,41.90999984741211,42.040000915527344,5945000.0
2017-07-24,42.13999938964844,42.20000076293945,42.06999969482422,42.189998626708984,9356000.0
2017-07-25,42.25,42.279998779296875,42.099998474121094,42.099998474121094,8493100.0
2017-07-26,42.27000045776367,42.56999969482422,42.220001220703125,42.52000045776367,15950700.0
2017-07-27,42.66999816894531,42.68000030517578,42.08000183105469,42.369998931884766,12416400.0
2017-07-28,42.290000915527344,42.43000030517578,42.189998626708984,42.41999816894531,10639200.0
2017-07-31,42.619998931884766,42.650001525878906,42.470001220703125,42.540000915527344,9103600.0
2017-08-01,43.18000030517578,43.18000030517578,43.029998779296875,43.029998779296875,13283800.0
2017-08-02,43.11000061035156,43.13999938964844,42.79999923706055,42.91999816894531,15039300.0
2017-08-03,42.84000015258789,42.880001068115234,42.709999084472656,42.849998474121094,9678300.0
2017-08-04,42.7599983215332,42.880001068115234,42.68000030517578,42.84000015258789,6915100.0
2017-08-07,42.93000030517578,43.0,42.880001068115234,43.0,5443100.0
2017-08-08,43.25,43.5,43.20000076293945,43.310001373291016,9746700.0
2017-08-09,42.95000076293945,42.9900016784668,42.79999923706055,42.970001220703125,8046700.0
2017-08-10,42.38999938964844,42.41999816894531,41.689998626708984,41.7400016784668,27962200.0
2017-08-11,41.79999923706055,41.939998626708984,41.650001525878906,41.810001373291016,14693100.0
2017-08-14,42.15999984741211,42.31999969482422,42.06999969482422,42.18000030517578,12472200.0
2017-08-15,42.060001373291016,42.099998474121094,41.93000030517578,42.08000183105469,7723000.0
2017-08-16,42.619998931884766,42.779998779296875,42.56999969482422,42.720001220703125,14537800.0
2017-08-17,42.290000915527344,42.38999938964844,41.880001068115234,41.91999816894531,18729000.0
2017-08-18,41.97999954223633,42.20000076293945,41.810001373291016,42.0099983215332,17464500.0
2017-08-21,42.439998626708984,42.56999969482422,42.31999969482422,42.47999954223633,12946900.0
2017-08-22,42.939998626708984,43.27000045776367,42.939998626708984,43.130001068115234,16046500.0
2017-08-23,43.060001373291016,43.40999984741211,43.04999923706055,43.349998474121094,11180500.0
2017-08-24,43.47999954223633,43.65999984741211,43.40999984741211,43.5099983215332,9634100.0
2017-08-25,44.290000915527344,44.369998931884766,44.18000030517578,44.209999084472656,12501100.0
2017-08-28,44.34000015258789,44.380001068115234,44.189998626708984,44.22999954223633,7999800.0
2017-08-29,43.95000076293945,44.29999923706055,43.88999938964844,44.27000045776367,9511900.0
2017-08-30,44.27000045776367,44.33000183105469,44.189998626708984,44.27000045776367,6990400.0
2017-08-31,44.189998626708984,44.29999923706055,44.150001525878906,44.2400016784668,8921000.0
2017-09-01,44.16999816894531,44.31999969482422,44.150001525878906,44.2599983215332,8502700.0
2017-09-05,43.79999923706055,43.93000030517578,43.43000030517578,43.650001525878906,12808000.0
2017-09-06,43.779998779296875,43.90999984741211,43.709999084472656,43.83000183105469,8349800.0
2017-09-07,43.95000076293945,44.0099983215332,43.849998474121094,43.970001220703125,7032600.0
2017-09-08,44.04999923706055,44.04999923706055,43.72999954223633,43.790000915527344,8018600.0
2017-09-11,44.290000915527344,44.56999969482422,44.290000915527344,44.529998779296875,10591300.0
2017-09-12,44.459999084472656,44.4900016784668,44.349998474121094,44.38999938964844,8050600.0
2017-09-13,44.16999816894531,44.209999084472656,44.0,44.08000183105469,12223700.0
2017-09-14,43.849998474121094,44.02000045776367,43.81999969482422,44.0099983215332,8464700.0
2017-09-15,44.060001373291016,44.459999084472656,44.0,44.34000015258789,15142000.0
2017-09-18,44.810001373291016,44.88999938964844,44.720001220703125,44.81999969482422,10424800.0
2017-09-19,44.75,44.88999938964844,44.689998626708984,44.880001068115234,10579000.0
2017-09-20,45.0,45.11000061035156,44.470001220703125,44.959999084472656,14036100.0
2017-09-21,45.18000030517578,45.189998626708984,44.970001220703125,45.06999969482422,9855700.0
2017-09-22,44.619998931884766,44.650001525878906,44.470001220703125,44.58000183105469,9639300.0
2017-09-25,43.650001525878906,43.70000076293945,43.20000076293945,43.38999938964844,22702400.0
2017-09-26,43.88999938964844,43.970001220703125,43.689998626708984,43.7400016784668,13819100.0
2017-09-27,43.959999084472656,44.040000915527344,43.630001068115234,43.900001525878906,13425900.0
2017-09-28,43.369998931884766,43.61000061035156,43.349998474121094,43.529998779296875,11649400.0
2017-09-29,43.689998626708984,44.18000030517578,43.650001525878906,44.040000915527344,14519500.0
2017-10-02,44.220001220703125,44.41999816894531,44.15999984741211,44.18000030517578,14422200.0
2017-10-03,45.22999954223633,45.529998779296875,45.15999984741211,45.529998779296875,20223900.0
2017-10-04,45.529998779296875,45.72999954223633,45.529998779296875,45.63999938964844,9561900.0
2017-10-05,45.75,46.41999816894531,45.75,46.369998931884766,15722000.0
2017-10-06,45.75,45.900001525878906,45.65999984741211,45.81999969482422,13133300.0
2017-10-09,45.650001525878906,45.70000076293945,45.54999923706055,45.630001068115234,8151600.0
2017-10-10,45.84000015258789,46.029998779296875,45.79999923706055,46.029998779296875,11875500.0
2017-10-11,45.58000183105469,45.88999938964844,45.56999969482422,45.849998474121094,11028500.0
2017-10-12,45.880001068115234,45.970001220703125,45.79999923706055,45.869998931884766,9086100.0
2017-10-13,46.150001525878906,46.34000015258789,46.119998931884766,46.22999954223633,10270300.0
2017-10-16,46.29999923706055,46.38999938964844,46.25,46.29999923706055,9567200.0
2017-10-17,46.16999816894531,46.22999954223633,45.9900016784668,46.02000045776367,8633700.0
2017-10-18,46.40999984741211,46.599998474121094,46.31999969482422,46.470001220703125,9757500.0
2017-10-19,45.560001373291016,45.61000061035156,45.38999938964844,45.560001373291016,14566900.0
2017-10-20,46.060001373291016,46.13999938964844,45.91999816894531,46.13999938964844,20456100.0
2017-10-23,45.81999969482422,45.869998931884766,45.58000183105469,45.61000061035156,8990800.0
2017-10-24,45.63999938964844,45.900001525878906,45.59000015258789,45.630001068115234,6841000.0
2017-10-25,45.939998626708984,46.02000045776367,45.31999969482422,45.70000076293945,16762100.0
2017-10-26,45.849998474121094,45.9900016784668,45.66999816894531,45.66999816894531,13029900.0
2017-10-27,46.15999984741211,46.540000915527344,46.040000915527344,46.4900016784668,18430100.0
2017-10-30,46.15999984741211,46.15999984741211,45.619998931884766,45.77000045776367,10827100.0
2017-10-31,45.81999969482422,45.939998626708984,45.720001220703125,45.93000030517578,9119700.0
2017-11-01,46.41999816894531,46.4900016784668,46.20000076293945,46.22999954223633,11075000.0
2017-11-02,46.279998779296875,46.470001220703125,46.189998626708984,46.45000076293945,10012900.0
2017-11-03,46.349998474121094,46.439998626708984,46.04999923706055,46.279998779296875,7551400.0
2017-11-06,46.189998626708984,46.5,46.13999938964844,46.45000076293945,6754000.0
2017-11-07,46.880001068115234,46.91999816894531,46.63999938964844,46.720001220703125,8287900.0
2017-11-08,46.709999084472656,46.83000183105469,46.61000061035156,46.790000915527344,6695800.0
2017-11-09,46.869998931884766,47.0,46.439998626708984,46.84000015258789,17162000.0
2017-11-10,47.0,47.13999938964844,46.88999938964844,47.119998931884766,11132200.0
2017-11-13,46.849998474121094,47.0,46.779998779296875,46.959999084472656,5657800.0
2017-11-14,46.650001525878906,46.70000076293945,46.279998779296875,46.41999816894531,11236500.0
2017-11-15,45.939998626708984,46.06999969482422,45.7599983215332,45.849998474121094,15793100.0
2017-11-16,46.59000015258789,46.90999984741211,46.529998779296875,46.709999084472656,14690600.0
2017-11-17,46.560001373291016,46.630001068115234,46.470001220703125,46.4900016784668,16068000.0
2017-11-20,46.599998474121094,47.08000183105469,46.599998474121094,46.970001220703125,15238400.0
2017-11-21,48.130001068115234,48.33000183105469,48.11000061035156,48.22999954223633,15622300.0
2017-11-22,48.2599983215332,48.36000061035156,48.099998474121094,48.31999969482422,11919600.0
2017-11-24,47.970001220703125,48.11000061035156,47.86000061035156,47.939998626708984,8620300.0
2017-11-27,47.459999084472656,47.47999954223633,47.13999938964844,47.16999816894531,16619500.0
2017-11-28,47.29999923706055,47.61000061035156,47.130001068115234,47.560001373291016,18360200.0
2017-11-29,47.040000915527344,47.04999923706055,46.45000076293945,46.630001068115234,19229700.0
2017-11-30,46.40999984741211,46.470001220703125,46.15999984741211,46.16999816894531,16466800.0
2017-12-01,45.93000030517578,46.029998779296875,45.38999938964844,45.810001373291016,19688300.0
2017-12-04,46.310001373291016,46.41999816894531,45.83000183105469,45.849998474121094,11231100.0
2017-12-05,45.849998474121094,46.2400016784668,45.83000183105469,45.880001068115234,13160300.0
2017-12-06,44.650001525878906,44.93000030517578,44.5099983215332,44.86000061035156,20421700.0
2017-12-07,44.560001373291016,44.90999984741211,44.47999954223633,44.790000915527344,11554400.0
2017-12-08,45.529998779296875,45.599998474121094,45.38999938964844,45.540000915527344,17972700.0
2017-12-11,45.88999938964844,46.02000045776367,45.779998779296875,45.93000030517578,9184800.0
2017-12-12,45.459999084472656,45.529998779296875,45.33000183105469,45.45000076293945,13611800.0
2017-12-13,46.20000076293945,46.61000061035156,46.18000030517578,46.439998626708984,19507700.0
2017-12-14,46.15999984741211,46.290000915527344,46.0,46.0099983215332,14408500.0
2017-12-15,45.599998474121094,45.83000183105469,45.459999084472656,45.75,19573700.0
2017-12-18,45.849998474121094,46.150001525878906,45.83000183105469,45.97999954223633,10465300.0
2017-12-19,46.09000015258789,46.119998931884766,45.810001373291016,45.880001068115234,12220200.0
2017-12-20,45.88999938964844,45.959999084472656,45.709999084472656,45.7599983215332,8882900.0
2017-12-21,45.4900016784668,45.790000915527344,45.459999084472656,45.709999084472656,14701600.0
2017-12-22,45.75,45.9900016784668,45.66999816894531,45.97999954223633,6126900.0
2017-12-26,45.95000076293945,46.040000915527344,45.90999984741211,45.97999954223633,6279200.0
2017-12-27,45.81999969482422,45.86000061035156,45.63999938964844,45.689998626708984,6717700.0
2017-12-28,46.20000076293945,46.220001220703125,45.93000030517578,46.06999969482422,8987800.0
2017-12-29,46.33000183105469,46.36000061035156,46.130001068115234,46.16999816894531,7854300.0
2018-01-02,47.58000183105469,47.779998779296875,47.43000030517578,47.77000045776367,14290900.0
2018-01-03,47.849998474121094,48.18000030517578,47.810001373291016,48.18000030517578,13556300.0
2018-01-04,48.349998474121094,48.5,48.25,48.34000015258789,11832300.0
2018-01-05,48.349998474121094,48.54999923706055,48.27000045776367,48.540000915527344,8112400.0
2018-01-08,48.459999084472656,48.77000045776367,48.459999084472656,48.709999084472656,7095100.0
2018-01-09,48.689998626708984,48.70000076293945,48.470001220703125,48.56999969482422,13166600.0
2018-01-10,48.61000061035156,48.720001220703125,48.459999084472656,48.619998931884766,13534400.0
2018-01-11,48.59000015258789,48.959999084472656,48.56999969482422,48.959999084472656,8336300.0
2018-01-12,49.27000045776367,49.810001373291016,49.119998931884766,49.790000915527344,17121000.0
2018-01-16,50.13999938964844,50.36000061035156,49.66999816894531,49.79999923706055,16052700.0
2018-01-17,50.36000061035156,50.84000015258789,50.33000183105469,50.720001220703125,16127900.0
2018-01-18,50.900001525878906,51.13999938964844,50.79999923706055,51.06999969482422,13353200.0
2018-01-19,51.52000045776367,51.93000030517578,51.45000076293945,51.91999816894531,17866200.0
2018-01-22,51.810001373291016,52.209999084472656,51.77000045776367,52.209999084472656,12913700.0
2018-01-23,52.77000045776367,53.040000915527344,52.63999938964844,53.029998779296875,21382800.0
2018-01-24,53.40999984741211,53.689998626708984,53.06999969482422,53.349998474121094,21686400.0
2018-01-25,52.619998931884766,52.97999954223633,52.31999969482422,52.63999938964844,19170800.0
2018-01-26,53.689998626708984,54.0,53.58000183105469,54.0,22540100.0
2018-01-29,52.93000030517578,53.08000183105469,52.77000045776367,52.849998474121094,21337700.0
2018-01-30,52.220001220703125,52.349998474121094,51.79999923706055,51.97999954223633,22685800.0
2018-01-31,52.939998626708984,53.02000045776367,52.2599983215332,52.66999816894531,19683000.0
2018-02-01,52.060001373291016,52.31999969482422,51.779998779296875,51.90999984741211,20077800.0
2018-02-02,52.029998779296875,52.06999969482422,51.029998779296875,51.06999969482422,31571700.0
2018-02-05,51.65999984741211,52.0099983215332,49.630001068115234,49.880001068115234,59647100.0
2018-02-06,48.86000061035156,51.40999984741211,48.79999923706055,50.77000045776367,75745400.0
2018-02-07,48.599998474121094,49.279998779296875,48.02000045776367,48.060001373291016,52692900.0
2018-02-08,47.9900016784668,48.0,46.04999923706055,46.04999923706055,56718900.0
2018-02-09,45.91999816894531,46.47999954223633,44.599998474121094,46.119998931884766,50911800.0
2018-02-12,46.369998931884766,47.040000915527344,46.0,46.689998626708984,29448100.0
2018-02-13,46.27000045776367,46.81999969482422,46.15999984741211,46.689998626708984,18771700.0
2018-02-14,46.75,48.150001525878906,46.75,48.11000061035156,33366300.0
2018-02-15,49.13999938964844,49.66999816894531,48.630001068115234,49.36000061035156,30228000.0
2018-02-16,49.279998779296875,49.95000076293945,49.15999984741211,49.369998931884766,22746800.0
2018-02-20,48.29999923706055,48.63999938964844,48.2400016784668,48.369998931884766,26476800.0
2018-02-21,49.540000915527344,50.18000030517578,49.0099983215332,49.08000183105469,24299600.0
2018-02-22,48.970001220703125,49.38999938964844,48.75,48.779998779296875,19719200.0
2018-02-23,49.529998779296875,49.75,49.25,49.70000076293945,12658800.0
2018-02-26,49.849998474121094,50.36000061035156,49.630001068115234,50.34000015258789,14402200.0
2018-02-27,49.099998474121094,49.290000915527344,48.20000076293945,48.20000076293945,33989100.0
2018-02-28,48.099998474121094,48.11000061035156,47.20000076293945,47.220001220703125,28171000.0
2018-03-01,47.959999084472656,48.2400016784668,46.7599983215332,47.2599983215332,40822800.0
2018-03-02,46.41999816894531,47.38999938964844,46.150001525878906,47.2599983215332,25770000.0
2018-03-05,46.43000030517578,47.38999938964844,46.43000030517578,47.25,27696300.0
2018-03-06,48.0,48.060001373291016,47.400001525878906,47.619998931884766,18763800.0
2018-03-07,47.25,47.560001373291016,46.88999938964844,47.5,21611800.0
2018-03-08,47.88999938964844,47.93000030517578,47.470001220703125,47.68000030517578,17840400.0
2018-03-09,48.33000183105469,49.04999923706055,48.2400016784668,49.0099983215332,21872000.0
2018-03-12,49.119998931884766,49.290000915527344,48.84000015258789,49.119998931884766,17269800.0
2018-03-13,49.38999938964844,49.439998626708984,48.31999969482422,48.43000030517578,25050500.0
2018-03-14,49.06999969482422,49.16999816894531,48.349998474121094,48.709999084472656,22768200.0
2018-03-15,49.13999938964844,49.349998474121094,48.7599983215332,49.0099983215332,21361000.0
2018-03-16,48.900001525878906,49.2400016784668,48.880001068115234,49.189998626708984,19484400.0
2018-03-19,48.84000015258789,48.90999984741211,48.29999923706055,48.56999969482422,23984700.0
2018-03-20,49.099998474121094,49.41999816894531,49.029998779296875,49.22999954223633,20329000.0
2018-03-21,48.66999816894531,49.279998779296875,48.56999969482422,49.0,23878200.0
2018-03-22,47.59000015258789,47.90999984741211,47.09000015258789,47.119998931884766,43079000.0
2018-03-23,46.90999984741211,47.02000045776367,45.939998626708984,45.970001220703125,45993000.0
2018-03-26,47.29999923706055,47.81999969482422,46.70000076293945,47.7400016784668,37099800.0
2018-03-27,47.83000183105469,47.970001220703125,46.79999923706055,47.060001373291016,29273500.0
2018-03-28,46.61000061035156,46.90999984741211,46.16999816894531,46.650001525878906,27992100.0
2018-03-29,46.72999954223633,47.470001220703125,46.70000076293945,47.2400016784668,24670000.0
2018-04-02,46.81999969482422,47.13999938964844,45.720001220703125,46.209999084472656,30455100.0
2018-04-03,46.900001525878906,47.0099983215332,46.4900016784668,46.93000030517578,25914100.0
2018-04-04,45.5099983215332,46.95000076293945,45.459999084472656,46.88999938964844,29038000.0
2018-04-05,47.04999923706055,47.310001373291016,46.86000061035156,46.9900016784668,18442200.0
2018-04-06,46.33000183105469,46.84000015258789,45.63999938964844,45.970001220703125,32534000.0
2018-04-09,46.619998931884766,47.099998474121094,46.27000045776367,46.529998779296875,27123200.0
2018-04-10,47.7599983215332,48.11000061035156,47.58000183105469,48.0,28169700.0
2018-04-11,47.84000015258789,48.29999923706055,47.810001373291016,48.060001373291016,20761300.0
2018-04-12,47.9900016784668,48.36000061035156,47.880001068115234,48.2400016784668,15856300.0
2018-04-13,48.060001373291016,48.06999969482422,47.43000030517578,47.599998474121094,20740700.0
2018-04-16,46.7599983215332,47.029998779296875,46.61000061035156,47.0099983215332,19320700.0
2018-04-17,46.70000076293945,47.150001525878906,46.650001525878906,47.029998779296875,20758400.0
2018-04-18,46.650001525878906,47.130001068115234,46.59000015258789,46.91999816894531,25368600.0
2018-04-19,47.459999084472656,47.459999084472656,46.900001525878906,47.08000183105469,30350200.0
2018-04-20,46.66999816894531,46.7400016784668,46.2400016784668,46.41999816894531,22290800.0
2018-04-23,46.41999816894531,46.65999984741211,46.22999954223633,46.38999938964844,12030000.0
2018-04-24,47.45000076293945,47.619998931884766,46.720001220703125,46.970001220703125,38221100.0
2018-04-25,46.650001525878906,46.72999954223633,46.349998474121094,46.58000183105469,26896600.0
2018-04-26,46.380001068115234,46.880001068115234,46.279998779296875,46.790000915527344,22187600.0
2018-04-27,46.709999084472656,46.95000076293945,46.540000915527344,46.869998931884766,13886000.0
2018-04-30,47.52000045776367,47.54999923706055,46.900001525878906,46.93000030517578,21743900.0
2018-05-01,46.779998779296875,46.970001220703125,46.2400016784668,46.880001068115234,25586500.0
2018-05-02,47.119998931884766,47.130001068115234,46.65999984741211,46.75,17749600.0
2018-05-03,46.279998779296875,46.630001068115234,45.650001525878906,46.45000076293945,33630500.0
2018-05-04,45.849998474121094,46.77000045776367,45.779998779296875,46.540000915527344,21877000.0
2018-05-07,46.2400016784668,46.52000045776367,46.209999084472656,46.290000915527344,13757300.0
2018-05-08,47.0,47.02000045776367,46.599998474121094,46.970001220703125,20170600.0
2018-05-09,47.36000061035156,47.47999954223633,47.060001373291016,47.41999816894531,25218500.0
2018-05-10,47.61000061035156,48.15999984741211,47.58000183105469,48.02000045776367,28428200.0
2018-05-11,48.2400016784668,48.279998779296875,47.97999954223633,48.15999984741211,24765300.0
2018-05-14,48.790000915527344,48.93000030517578,48.560001373291016,48.630001068115234,17785500.0
2018-05-15,47.849998474121094,47.93000030517578,47.59000015258789,47.810001373291016,21923100.0
2018-05-16,48.2599983215332,48.70000076293945,48.220001220703125,48.599998474121094,18166900.0
2018-05-17,48.060001373291016,48.22999954223633,47.689998626708984,47.790000915527344,17962000.0
2018-05-18,47.970001220703125,48.0,47.7400016784668,47.88999938964844,12264800.0
2018-05-21,48.27000045776367,48.41999816894531,48.09000015258789,48.279998779296875,11223700.0
2018-05-22,48.25,48.54999923706055,47.9900016784668,48.029998779296875,15770100.0
2018-05-23,47.119998931884766,47.58000183105469,47.029998779296875,47.5099983215332,18342300.0
2018-05-24,47.29999923706055,47.369998931884766,46.77000045776367,47.220001220703125,14216600.0
2018-05-25,46.9900016784668,47.15999984741211,46.869998931884766,47.119998931884766,10649900.0
2018-05-29,46.66999816894531,46.7400016784668,45.900001525878906,46.11000061035156,30148600.0
2018-05-30,46.029998779296875,46.470001220703125,45.88999938964844,46.31999969482422,17373700.0
2018-05-31,46.61000061035156,46.97999954223633,46.459999084472656,46.70000076293945,19915800.0
2018-06-01,46.9900016784668,47.40999984741211,46.9900016784668,47.279998779296875,23839200.0
2018-06-04,47.83000183105469,48.040000915527344,47.790000915527344,47.970001220703125,13899900.0
2018-06-05,48.06999969482422,48.150001525878906,47.88999938964844,48.060001373291016,10884200.0
2018-06-06,48.31999969482422,48.77000045776367,48.189998626708984,48.77000045776367,15472200.0
2018-06-07,48.90999984741211,48.93000030517578,48.220001220703125,48.470001220703125,21809100.0
2018-06-08,47.97999954223633,48.290000915527344,47.86000061035156,48.209999084472656,15994300.0
2018-06-11,47.97999954223633,48.130001068115234,47.939998626708984,48.02000045776367,13100400.0
2018-06-12,48.09000015258789,48.099998474121094,47.70000076293945,47.959999084472656,15549300.0
2018-06-13,47.63999938964844,47.7599983215332,47.11000061035156,47.220001220703125,26708700.0
2018-06-14,47.27000045776367,47.36000061035156,47.02000045776367,47.06999969482422,17693100.0
2018-06-15,46.52000045776367,46.81999969482422,46.25,46.810001373291016,26379400.0
2018-06-18,46.099998474121094,46.369998931884766,45.779998779296875,46.25,27192300.0
2018-06-19,44.68000030517578,45.02000045776367,44.459999084472656,44.970001220703125,30211300.0
2018-06-20,44.869998931884766,44.90999984741211,44.54999923706055,44.720001220703125,16730500.0
2018-06-21,44.16999816894531,44.20000076293945,43.63999938964844,43.65999984741211,34309900.0
2018-06-22,44.25,44.2599983215332,43.9900016784668,44.20000076293945,18928400.0
2018-06-25,43.40999984741211,43.470001220703125,42.869998931884766,43.25,39162100.0
2018-06-26,43.209999084472656,43.43000030517578,43.029998779296875,43.20000076293945,23681100.0
2018-06-27,42.72999954223633,42.849998474121094,41.900001525878906,41.9900016784668,35819400.0
2018-06-28,41.90999984741211,42.369998931884766,41.84000015258789,42.36000061035156,26722800.0
2018-06-29,42.970001220703125,43.15999984741211,42.79999923706055,42.970001220703125,29799300.0
2018-07-02,42.13999938964844,42.290000915527344,41.810001373291016,42.09000015258789,29289100.0
2018-07-03,42.560001373291016,42.56999969482422,42.060001373291016,42.08000183105469,12393500.0
2018-07-05,42.119998931884766,42.16999816894531,41.66999816894531,41.95000076293945,22029500.0
2018-07-06,41.83000183105469,42.52000045776367,41.779998779296875,42.34000015258789,22655300.0
2018-07-09,42.900001525878906,43.25,42.83000183105469,43.22999954223633,20980500.0
2018-07-10,42.900001525878906,43.04999923706055,42.68000030517578,43.029998779296875,20659700.0
2018-07-11,42.25,42.4900016784668,41.91999816894531,42.15999984741211,21451600.0
2018-07-12,42.869998931884766,43.029998779296875,42.7400016784668,42.939998626708984,23003100.0
2018-07-13,42.63999938964844,42.939998626708984,42.56999969482422,42.900001525878906,16474200.0
2018-07-16,42.470001220703125,42.54999923706055,42.33000183105469,42.40999984741211,14458700.0
2018-07-17,41.91999816894531,42.439998626708984,41.880001068115234,42.34000015258789,14437600.0
2018-07-18,41.95000076293945,42.189998626708984,41.75,42.15999984741211,19164800.0
2018-07-19,41.52000045776367,41.779998779296875,41.22999954223633,41.400001525878906,33097800.0
2018-07-20,41.93000030517578,42.400001525878906,41.900001525878906,42.38999938964844,29879700.0
2018-07-23,42.27000045776367,42.34000015258789,42.18000030517578,42.290000915527344,13400900.0
2018-07-24,43.52000045776367,43.83000183105469,43.52000045776367,43.66999816894531,43350200.0
2018-07-25,43.83000183105469,44.31999969482422,43.720001220703125,44.290000915527344,25671200.0
2018-07-26,43.5099983215332,43.650001525878906,43.34000015258789,43.439998626708984,22324400.0
2018-07-27,43.4900016784668,43.65999984741211,43.18000030517578,43.43000030517578,15788700.0
2018-07-30,43.5,43.599998474121094,43.209999084472656,43.310001373291016,9826500.0
2018-07-31,43.33000183105469,43.79999923706055,43.150001525878906,43.619998931884766,30969900.0
2018-08-01,42.779998779296875,42.900001525878906,42.43000030517578,42.650001525878906,28691400.0
2018-08-02,41.630001068115234,42.18000030517578,41.56999969482422,42.11000061035156,30635100.0
2018-08-03,42.0,42.2400016784668,41.93000030517578,42.13999938964844,18099300.0
2018-08-06,41.790000915527344,41.9900016784668,41.689998626708984,41.90999984741211,13923500.0
2018-08-07,42.79999923706055,42.9900016784668,42.75,42.84000015258789,22857000.0
2018-08-08,42.5,42.709999084472656,42.2599983215332,42.66999816894531,15574800.0
2018-08-09,43.36000061035156,43.61000061035156,43.2400016784668,43.290000915527344,22012900.0
2018-08-10,42.709999084472656,42.869998931884766,42.4900016784668,42.77000045776367,29327000.0
2018-08-13,42.439998626708984,42.58000183105469,42.06999969482422,42.150001525878906,20513200.0
2018-08-14,41.72999954223633,42.13999938964844,41.689998626708984,42.060001373291016,27870100.0
2018-08-15,40.33000183105469,40.65999984741211,40.040000915527344,40.59000015258789,54101500.0
2018-08-16,41.0099983215332,41.33000183105469,40.90999984741211,40.97999954223633,33838700.0
2018-08-17,40.619998931884766,41.650001525878906,40.52000045776367,41.52000045776367,51126700.0
2018-08-20,41.5,41.689998626708984,41.41999816894531,41.66999816894531,22424400.0
2018-08-21,42.189998626708984,42.5099983215332,42.16999816894531,42.41999816894531,29165800.0
2018-08-22,42.68000030517578,42.88999938964844,42.599998474121094,42.720001220703125,18041000.0
2018-08-23,42.34000015258789,42.45000076293945,41.880001068115234,41.97999954223633,37892100.0
2018-08-24,42.45000076293945,42.72999954223633,42.36000061035156,42.599998474121094,24170700.0
2018-08-27,43.41999816894531,43.75,43.310001373291016,43.349998474121094,28313800.0
2018-08-28,43.45000076293945,43.459999084472656,43.040000915527344,43.13999938964844,20369200.0
2018-08-29,43.150001525878906,43.58000183105469,43.02000045776367,43.560001373291016,17135700.0
2018-08-30,42.689998626708984,42.709999084472656,42.09000015258789,42.29999923706055,43466600.0
2018-08-31,42.2400016784668,42.540000915527344,41.970001220703125,42.38999938964844,29493900.0
2018-09-04,42.220001220703125,42.220001220703125,41.88999938964844,42.09000015258789,22628300.0
2018-09-05,41.349998474121094,41.459999084472656,41.06999969482422,41.290000915527344,26749500.0
2018-09-06,41.459999084472656,41.560001373291016,41.04999923706055,41.380001068115234,20572600.0
2018-09-07,40.79999923706055,41.27000045776367,40.66999816894531,40.90999984741211,25440500.0
2018-09-10,40.83000183105469,40.84000015258789,40.439998626708984,40.529998779296875,15888700.0
2018-09-11,39.91999816894531,40.40999984741211,39.81999969482422,40.38999938964844,31613500.0
2018-09-12,40.02000045776367,41.02000045776367,39.970001220703125,40.75,60841000.0
2018-09-13,41.70000076293945,41.97999954223633,41.41999816894531,41.68000030517578,55438900.0
2018-09-14,41.540000915527344,41.65999984741211,41.02000045776367,41.22999954223633,45780500.0
2018-09-17,41.06999969482422,41.349998474121094,40.9900016784668,41.08000183105469,32388700.0
2018-09-18,41.459999084472656,41.900001525878906,41.459999084472656,41.810001373291016,22287900.0
2018-09-19,42.38999938964844,42.68000030517578,42.369998931884766,42.540000915527344,27435500.0
2018-09-20,42.779998779296875,42.869998931884766,42.52000045776367,42.790000915527344,31091900.0
2018-09-21,43.400001525878906,43.45000076293945,43.11000061035156,43.119998931884766,51637800.0
2018-09-24,42.65999984741211,42.709999084472656,42.36000061035156,42.63999938964844,24839700.0
2018-09-25,42.849998474121094,42.93000030517578,42.709999084472656,42.84000015258789,19372500.0
2018-09-26,43.11000061035156,43.630001068115234,43.02000045776367,43.029998779296875,24249200.0
2018-09-27,43.0099983215332,43.27000045776367,42.93000030517578,43.040000915527344,26354500.0
2018-09-28,42.91999816894531,43.11000061035156,42.66999816894531,42.81999969482422,20767200.0
2018-10-01,43.09000015258789,43.22999954223633,42.88999938964844,43.02000045776367,18814200.0
2018-10-02,41.939998626708984,42.22999954223633,41.900001525878906,41.97999954223633,35665700.0
2018-10-03,42.22999954223633,42.2599983215332,41.61000061035156,41.7400016784668,20062900.0
2018-10-04,41.209999084472656,41.209999084472656,40.47999954223633,40.720001220703125,53172700.0
2018-10-05,41.0,41.029998779296875,40.459999084472656,40.88999938964844,26649000.0
2018-10-08,40.2400016784668,40.709999084472656,40.16999816894531,40.59000015258789,23282400.0
2018-10-09,40.41999816894531,40.66999816894531,40.22999954223633,40.52000045776367,23741100.0
2018-10-10,40.4900016784668,40.52000045776367,39.43000030517578,39.43000030517578,45927900.0
2018-10-11,39.27000045776367,39.810001373291016,38.63999938964844,39.08000183105469,77242900.0
2018-10-12,39.9900016784668,40.15999984741211,39.529998779296875,40.09000015258789,48716500.0
2018-10-15,39.47999954223633,39.790000915527344,39.310001373291016,39.5099983215332,24447000.0
2018-10-16,39.65999984741211,40.27000045776367,39.63999938964844,40.2400016784668,30376800.0
2018-10-17,39.9900016784668,40.04999923706055,39.58000183105469,39.75,24026000.0
2018-10-18,39.220001220703125,39.2599983215332,38.4900016784668,38.63999938964844,42239500.0
2018-10-19,39.470001220703125,39.810001373291016,39.310001373291016,39.47999954223633,38725900.0
2018-10-22,40.599998474121094,40.709999084472656,40.279998779296875,40.540000915527344,32968400.0
2018-10-23,39.279998779296875,40.20000076293945,39.13999938964844,39.88999938964844,51149000.0
2018-10-24,39.689998626708984,39.79999923706055,38.72999954223633,38.72999954223633,31928000.0
2018-10-25,39.15999984741211,39.869998931884766,39.130001068115234,39.619998931884766,33292100.0
2018-10-26,38.810001373291016,39.40999984741211,38.630001068115234,38.97999954223633,51478700.0
2018-10-29,39.04999923706055,39.119998931884766,37.849998474121094,38.2599983215332,36120400.0
2018-10-30,38.43000030517578,38.849998474121094,38.349998474121094,38.810001373291016,33135700.0
2018-10-31,39.18000030517578,39.560001373291016,39.11000061035156,39.290000915527344,27443300.0
2018-11-01,39.97999954223633,41.02000045776367,39.83000183105469,40.939998626708984,68068500.0
2018-11-02,41.650001525878906,41.95000076293945,40.540000915527344,41.08000183105469,49165900.0
2018-11-05,40.95000076293945,41.2599983215332,40.900001525878906,41.130001068115234,23627500.0
2018-11-06,41.02000045776367,41.220001220703125,40.90999984741211,41.130001068115234,18042800.0
2018-11-07,41.650001525878906,42.029998779296875,41.36000061035156,41.970001220703125,38296400.0
2018-11-08,41.380001068115234,41.58000183105469,40.75,41.0,36277900.0
2018-11-09,39.9900016784668,40.09000015258789,39.58000183105469,39.88999938964844,47290600.0
2018-11-12,39.900001525878906,39.959999084472656,39.439998626708984,39.540000915527344,22649600.0
2018-11-13,40.2599983215332,40.84000015258789,40.060001373291016,40.34000015258789,48354100.0
2018-11-14,40.75,40.869998931884766,40.16999816894531,40.529998779296875,40206300.0
2018-11-15,40.619998931884766,41.70000076293945,40.5099983215332,41.279998779296875,62021000.0
2018-11-16,41.040000915527344,41.81999969482422,40.93000030517578,41.459999084472656,47186200.0
2018-11-19,41.15999984741211,41.2599983215332,40.56999969482422,40.779998779296875,32064200.0
2018-11-20,40.25,40.52000045776367,39.95000076293945,40.150001525878906,31192000.0
2018-11-21,41.040000915527344,41.25,40.77000045776367,40.900001525878906,32956100.0
2018-11-23,40.209999084472656,40.58000183105469,40.209999084472656,40.310001373291016,23611900.0
2018-11-26,41.040000915527344,41.25,40.939998626708984,41.130001068115234,32289100.0
2018-11-27,40.79999923706055,41.220001220703125,40.68000030517578,41.189998626708984,23974700.0
2018-11-28,41.47999954223633,42.20000076293945,41.290000915527344,42.11000061035156,58090600.0
2018-11-29,41.54999923706055,41.779998779296875,41.25,41.439998626708984,51899100.0
2018-11-30,41.619998931884766,42.11000061035156,41.41999816894531,42.02000045776367,45521300.0
2018-12-03,43.029998779296875,43.060001373291016,42.439998626708984,42.650001525878906,62609100.0
2018-12-04,42.779998779296875,42.84000015258789,41.83000183105469,42.0,51088700.0
2018-12-06,40.83000183105469,41.45000076293945,40.59000015258789,41.45000076293945,60013400.0
2018-12-07,41.22999954223633,41.4900016784668,40.41999816894531,40.58000183105469,51981600.0
2018-12-10,40.369998931884766,40.61000061035156,39.79999923706055,40.41999816894531,41488500.0
2018-12-11,40.84000015258789,40.880001068115234,40.31999969482422,40.66999816894531,33732400.0
2018-12-12,41.5099983215332,41.810001373291016,41.220001220703125,41.2599983215332,43596100.0
2018-12-13,41.709999084472656,41.79999923706055,41.5,41.59000015258789,31964100.0
2018-12-14,41.060001373291016,41.380001068115234,40.97999954223633,41.130001068115234,39195100.0
2018-12-17,40.810001373291016,41.099998474121094,40.36000061035156,40.54999923706055,48713100.0
2018-12-18,40.130001068115234,40.369998931884766,39.869998931884766,39.970001220703125,32287600.0
2018-12-19,39.95000076293945,40.22999954223633,38.790000915527344,39.310001373291016,60141400.0
2018-12-20,39.34000015258789,39.5099983215332,38.959999084472656,39.27000045776367,54806800.0
2018-12-21,39.189998626708984,39.529998779296875,38.81999969482422,38.97999954223633,36337600.0
2018-12-24,38.900001525878906,39.22999954223633,38.599998474121094,38.66999816894531,17081200.0
2018-12-26,38.91999816894531,39.47999954223633,38.40999984741211,39.459999084472656,32870100.0
2018-12-27,38.61000061035156,39.119998931884766,38.380001068115234,39.09000015258789,35999800.0
2018-12-28,39.119998931884766,39.33000183105469,38.91999816894531,39.06999969482422,24800300.0
2018-12-31,39.540000915527344,39.56999969482422,38.95000076293945,39.08000183105469,18322700.0
2019-01-02,38.27000045776367,38.779998779296875,38.2400016784668,38.7599983215332,30521500.0
2019-01-03,38.279998779296875,38.369998931884766,38.0,38.09000015258789,30627000.0
2019-01-04,38.959999084472656,39.650001525878906,38.86000061035156,39.380001068115234,45264800.0
2019-01-07,39.189998626708984,39.59000015258789,39.099998474121094,39.470001220703125,28189800.0
2019-01-08,39.58000183105469,39.790000915527344,39.36000061035156,39.650001525878906,32023400.0
2019-01-09,40.13999938964844,40.65999984741211,40.09000015258789,40.33000183105469,40136400.0
2019-01-10,40.130001068115234,40.61000061035156,40.099998474121094,40.56999969482422,25310200.0
2019-01-11,40.279998779296875,40.47999954223633,40.20000076293945,40.38999938964844,18580500.0
2019-01-14,39.75,40.11000061035156,39.70000076293945,39.90999984741211,18481900.0
2019-01-15,40.33000183105469,40.529998779296875,40.16999816894531,40.29999923706055,26199300.0
2019-01-16,40.66999816894531,41.06999969482422,40.65999984741211,40.84000015258789,28645700.0
2019-01-17,40.54999923706055,41.2400016784668,40.540000915527344,40.970001220703125,34536700.0
2019-01-18,41.29999923706055,41.599998474121094,41.189998626708984,41.369998931884766,33319800.0
2019-01-22,40.7599983215332,40.810001373291016,40.2599983215332,40.52000045776367,32566100.0
2019-01-23,41.029998779296875,41.040000915527344,40.650001525878906,40.97999954223633,19691900.0
2019-01-24,41.09000015258789,41.470001220703125,41.06999969482422,41.40999984741211,26067900.0
2019-01-25,42.0,42.369998931884766,42.0,42.189998626708984,33704900.0
2019-01-28,41.72999954223633,41.869998931884766,41.54999923706055,41.84000015258789,22483700.0
2019-01-29,41.95000076293945,42.02000045776367,41.75,41.84000015258789,16812400.0
2019-01-30,42.099998474121094,42.66999816894531,41.959999084472656,42.58000183105469,37140400.0
2019-01-31,42.65999984741211,43.16999816894531,42.650001525878906,43.13999938964844,48172500.0
2019-02-01,42.689998626708984,42.880001068115234,42.529998779296875,42.7400016784668,30566400.0
2019-02-04,42.63999938964844,42.939998626708984,42.56999969482422,42.790000915527344,24325800.0
2019-02-05,43.0099983215332,43.54999923706055,42.88999938964844,43.40999984741211,29621900.0
2019-02-06,43.400001525878906,43.4900016784668,42.790000915527344,42.880001068115234,25501600.0
2019-02-07,42.61000061035156,42.869998931884766,41.959999084472656,42.40999984741211,33289500.0
2019-02-08,42.380001068115234,42.68000030517578,42.04999923706055,42.41999816894531,23090000.0
2019-02-11,42.709999084472656,42.790000915527344,42.4900016784668,42.540000915527344,20631300.0
2019-02-12,42.720001220703125,42.790000915527344,42.560001373291016,42.619998931884766,19397600.0
2019-02-13,43.279998779296875,43.31999969482422,42.869998931884766,43.02000045776367,25797500.0
2019-02-14,42.720001220703125,43.040000915527344,42.56999969482422,42.86000061035156,25409200.0
2019-02-15,42.56999969482422,42.72999954223633,42.470001220703125,42.630001068115234,34904600.0
2019-02-19,42.70000076293945,43.349998474121094,42.70000076293945,43.25,28315600.0
2019-02-20,43.40999984741211,43.7400016784668,43.380001068115234,43.5,23291200.0
2019-02-21,43.61000061035156,43.630001068115234,43.349998474121094,43.400001525878906,25068500.0
2019-02-22,44.06999969482422,44.22999954223633,43.95000076293945,44.13999938964844,34023600.0
2019-02-25,44.959999084472656,45.25,44.90999984741211,45.02000045776367,40374900.0
2019-02-26,44.47999954223633,44.75,44.400001525878906,44.650001525878906,33462400.0
2019-02-27,44.130001068115234,44.20000076293945,43.869998931884766,43.93000030517578,29161200.0
2019-02-28,43.849998474121094,43.880001068115234,43.59000015258789,43.630001068115234,24482700.0
2019-03-01,44.349998474121094,44.38999938964844,44.0,44.16999816894531,33528500.0
2019-03-04,44.7400016784668,44.7400016784668,44.0,44.41999816894531,37436500.0
2019-03-05,44.66999816894531,45.02000045776367,44.529998779296875,44.970001220703125,28049100.0
2019-03-06,44.86000061035156,44.880001068115234,44.5099983215332,44.52000045776367,34864000.0
2019-03-07,44.08000183105469,44.08000183105469,43.45000076293945,43.529998779296875,47114400.0
2019-03-08,42.68000030517578,42.86000061035156,42.5099983215332,42.75,41134500.0
2019-03-11,43.2400016784668,43.70000076293945,43.2400016784668,43.599998474121094,26769200.0
2019-03-12,44.02000045776367,44.15999984741211,43.880001068115234,44.11000061035156,28194500.0
2019-03-13,44.02000045776367,44.130001068115234,43.91999816894531,43.9900016784668,17247100.0
2019-03-14,43.900001525878906,43.93000030517578,43.66999816894531,43.849998474121094,19441300.0
2019-03-15,44.2599983215332,44.540000915527344,44.2400016784668,44.459999084472656,28235900.0
2019-03-18,45.0,45.099998474121094,44.83000183105469,44.9900016784668,31178300.0
2019-03-19,45.189998626708984,45.310001373291016,44.9900016784668,45.16999816894531,28020500.0
2019-03-20,44.720001220703125,45.380001068115234,44.459999084472656,44.900001525878906,41491100.0
2019-03-21,44.369998931884766,44.88999938964844,44.36000061035156,44.88999938964844,30397700.0
2019-03-22,44.130001068115234,44.209999084472656,43.58000183105469,43.59000015258789,41672200.0
2019-03-25,43.34000015258789,43.619998931884766,43.310001373291016,43.5,20566200.0
2019-03-26,43.56999969482422,43.66999816894531,43.380001068115234,43.56999969482422,25424700.0
2019-03-27,43.61000061035156,43.66999816894531,43.29999923706055,43.4900016784668,21763300.0
2019-03-28,43.630001068115234,43.849998474121094,43.52000045776367,43.83000183105469,25520900.0
2019-03-29,44.22999954223633,44.38999938964844,44.029998779296875,44.27000045776367,36710700.0
2019-04-01,44.84000015258789,44.9900016784668,44.720001220703125,44.97999954223633,28289300.0
2019-04-02,44.849998474121094,44.86000061035156,44.560001373291016,44.7400016784668,21593400.0
2019-04-03,45.20000076293945,45.5099983215332,44.939998626708984,45.060001373291016,40989600.0
2019-04-04,45.2599983215332,45.54999923706055,45.220001220703125,45.529998779296875,46986000.0
2019-04-05,45.7400016784668,45.959999084472656,45.650001525878906,45.849998474121094,29393800.0
2019-04-08,45.68000030517578,45.810001373291016,45.529998779296875,45.709999084472656,27106300.0
2019-04-09,45.66999816894531,45.70000076293945,45.529998779296875,45.61000061035156,14427900.0
2019-04-10,45.470001220703125,45.59000015258789,45.349998474121094,45.52000045776367,18675500.0
2019-04-11,45.0,45.029998779296875,44.7599983215332,44.88999938964844,25167200.0
2019-04-12,45.5,45.560001373291016,45.38999938964844,45.439998626708984,22395100.0
2019-04-15,45.18000030517578,45.189998626708984,44.83000183105469,44.93000030517578,28410000.0
2019-04-16,45.599998474121094,45.619998931884766,45.43000030517578,45.599998474121094,29140900.0
2019-04-17,45.900001525878906,45.95000076293945,45.61000061035156,45.65999984741211,26867000.0
2019-04-18,45.58000183105469,45.83000183105469,45.470001220703125,45.72999954223633,29563800.0
2019-04-22,45.09000015258789,45.369998931884766,45.029998779296875,45.310001373291016,21838600.0
2019-04-23,45.2400016784668,45.43000030517578,45.18000030517578,45.29999923706055,18240100.0
2019-04-24,45.029998779296875,45.029998779296875,44.52000045776367,44.619998931884766,33678400.0
2019-04-25,44.25,44.34000015258789,44.04999923706055,44.34000015258789,25357700.0
2019-04-26,44.540000915527344,44.619998931884766,44.369998931884766,44.599998474121094,19653900.0
2019-04-29,44.75,44.810001373291016,44.68000030517578,44.7599983215332,15550900.0
2019-04-30,44.52000045776367,44.65999984741211,44.279998779296875,44.4900016784668,23224800.0
2019-05-01,44.68000030517578,44.97999954223633,44.25,44.279998779296875,30447700.0
2019-05-02,44.33000183105469,44.439998626708984,44.02000045776367,44.119998931884766,22893500.0
2019-05-03,44.68000030517578,44.959999084472656,44.650001525878906,44.90999984741211,24973100.0
2019-05-06,43.189998626708984,43.86000061035156,43.13999938964844,43.7400016784668,47513900.0
2019-05-07,42.97999954223633,43.040000915527344,42.290000915527344,42.560001373291016,50557800.0
2019-05-08,42.45000076293945,42.7400016784668,42.27000045776367,42.41999816894531,40245500.0
2019-05-09,41.459999084472656,42.02000045776367,41.08000183105469,41.70000076293945,52472200.0
2019-05-10,41.7599983215332,42.16999816894531,41.27000045776367,41.970001220703125,42922800.0
2019-05-13,40.70000076293945,40.810001373291016,40.31999969482422,40.619998931884766,69409600.0
2019-05-14,41.290000915527344,41.470001220703125,41.13999938964844,41.27000045776367,42386100.0
2019-05-15,41.25,41.56999969482422,41.220001220703125,41.470001220703125,35234600.0
2019-05-16,41.65999984741211,41.97999954223633,41.63999938964844,41.65999984741211,28764600.0
2019-05-17,40.84000015258789,41.220001220703125,40.79999923706055,40.970001220703125,49660700.0
2019-05-20,40.43000030517578,40.630001068115234,40.290000915527344,40.40999984741211,27478600.0
2019-05-21,40.790000915527344,40.880001068115234,40.630001068115234,40.849998474121094,24565400.0
2019-05-22,40.58000183105469,40.720001220703125,40.470001220703125,40.619998931884766,21527300.0
2019-05-23,40.02000045776367,40.18000030517578,39.90999984741211,40.119998931884766,34501700.0
2019-05-24,40.220001220703125,40.2599983215332,39.900001525878906,39.93000030517578,20955200.0
2019-05-28,40.38999938964844,40.5,40.11000061035156,40.130001068115234,20314100.0
2019-05-29,40.13999938964844,40.5,40.099998474121094,40.47999954223633,27176400.0
2019-05-30,40.38999938964844,40.56999969482422,40.33000183105469,40.4900016784668,17860400.0
2019-05-31,40.119998931884766,40.459999084472656,40.04999923706055,40.369998931884766,21758300.0
2019-06-03,40.4900016784668,40.689998626708984,40.400001525878906,40.540000915527344,21418800.0
2019-06-04,40.189998626708984,40.439998626708984,40.099998474121094,40.38999938964844,25653400.0
2019-06-05,40.2400016784668,40.27000045776367,39.939998626708984,40.130001068115234,23303000.0
2019-06-06,40.029998779296875,40.279998779296875,39.9900016784668,40.150001525878906,17135300.0
2019-06-07,40.59000015258789,40.970001220703125,40.4900016784668,40.52000045776367,27213800.0
2019-06-10,40.939998626708984,41.189998626708984,40.83000183105469,40.95000076293945,23519300.0
2019-06-11,41.54999923706055,41.619998931884766,41.279998779296875,41.40999984741211,30216800.0
2019-06-12,40.81999969482422,40.869998931884766,40.560001373291016,40.65999984741211,26626800.0
2019-06-13,40.97999954223633,41.0099983215332,40.720001220703125,40.880001068115234,12770400.0
2019-06-14,40.68000030517578,40.70000076293945,40.4900016784668,40.4900016784668,15674800.0
2019-06-17,40.36000061035156,40.52000045776367,40.29999923706055,40.41999816894531,15054800.0
2019-06-18,40.93000030517578,41.68000030517578,40.90999984741211,41.599998474121094,50380900.0
2019-06-19,41.7599983215332,42.150001525878906,41.650001525878906,41.91999816894531,29200500.0
2019-06-20,42.83000183105469,42.900001525878906,42.5099983215332,42.709999084472656,32829700.0
2019-06-21,42.5099983215332,42.709999084472656,42.47999954223633,42.5,22462600.0
2019-06-24,42.54999923706055,42.68000030517578,42.5,42.529998779296875,16782600.0
2019-06-25,42.040000915527344,42.04999923706055,41.79999923706055,41.81999969482422,20895500.0
2019-06-26,42.27000045776367,42.45000076293945,42.22999954223633,42.31999969482422,16910100.0
2019-06-27,42.630001068115234,42.790000915527344,42.529998779296875,42.790000915527344,16984200.0
2019-06-28,42.7599983215332,42.779998779296875,42.599998474121094,42.77000045776367,16461200.0
2019-07-01,43.88999938964844,44.02000045776367,43.22999954223633,43.400001525878906,39612400.0
2019-07-02,43.33000183105469,43.41999816894531,43.20000076293945,43.290000915527344,25164200.0
2019-07-03,43.060001373291016,43.16999816894531,43.0,43.130001068115234,9901700.0
2019-07-05,42.689998626708984,42.7599983215332,42.529998779296875,42.630001068115234,20530700.0
2019-07-08,42.279998779296875,42.41999816894531,42.209999084472656,42.310001373291016,15809300.0
2019-07-09,41.84000015258789,42.130001068115234,41.84000015258789,42.060001373291016,15903600.0
2019-07-10,42.29999923706055,42.41999816894531,42.130001068115234,42.18000030517578,14595000.0
2019-07-11,42.15999984741211,42.189998626708984,41.869998931884766,41.970001220703125,15358900.0
2019-07-12,42.20000076293945,42.220001220703125,42.040000915527344,42.130001068115234,12679000.0
2019-07-15,42.220001220703125,42.310001373291016,42.18000030517578,42.25,12611500.0
2019-07-16,42.36000061035156,42.43000030517578,42.16999816894531,42.18000030517578,9220300.0
2019-07-17,42.29999923706055,42.34000015258789,42.11000061035156,42.130001068115234,9761000.0
2019-07-18,42.119998931884766,42.34000015258789,42.060001373291016,42.2400016784668,24543200.0
2019-07-19,42.709999084472656,42.7400016784668,42.38999938964844,42.470001220703125,18948200.0
2019-07-22,42.220001220703125,42.290000915527344,42.08000183105469,42.08000183105469,16661300.0
2019-07-23,42.189998626708984,42.33000183105469,42.06999969482422,42.31999969482422,21277300.0
2019-07-24,42.29999923706055,42.4900016784668,42.29999923706055,42.459999084472656,12970900.0
2019-07-25,42.4900016784668,42.4900016784668,42.150001525878906,42.16999816894531,18571200.0
2019-07-26,42.31999969482422,42.33000183105469,42.15999984741211,42.22999954223633,9446300.0
2019-07-29,42.0099983215332,42.029998779296875,41.84000015258789,41.91999816894531,11395400.0
2019-07-30,41.68000030517578,41.72999954223633,41.54999923706055,41.65999984741211,15269400.0
2019-07-31,41.540000915527344,41.540000915527344,40.709999084472656,41.099998474121094,29673900.0
2019-08-01,41.2599983215332,41.5099983215332,40.060001373291016,40.16999816894531,65438400.0
2019-08-02,40.099998474121094,40.20000076293945,39.7599983215332,39.86000061035156,34907400.0
2019-08-05,38.84000015258789,38.90999984741211,38.08000183105469,38.29999923706055,61676600.0
2019-08-06,38.959999084472656,39.02000045776367,38.459999084472656,38.65999984741211,36838500.0
2019-08-07,38.34000015258789,38.849998474121094,38.15999984741211,38.849998474121094,30388700.0
2019-08-08,38.939998626708984,39.18000030517578,38.84000015258789,39.18000030517578,21648200.0
2019-08-09,38.83000183105469,38.90999984741211,38.4900016784668,38.7400016784668,26814300.0
2019-08-12,38.20000076293945,38.380001068115234,38.119998931884766,38.2599983215332,25082300.0
2019-08-13,38.09000015258789,39.189998626708984,38.0099983215332,38.869998931884766,48402500.0
2019-08-14,37.88999938964844,38.02000045776367,37.65999984741211,37.66999816894531,52108500.0
2019-08-15,38.209999084472656,38.33000183105469,37.959999084472656,38.189998626708984,34699000.0
2019-08-16,38.470001220703125,38.70000076293945,38.470001220703125,38.599998474121094,26003900.0
2019-08-19,39.43000030517578,39.470001220703125,39.040000915527344,39.150001525878906,27115300.0
2019-08-20,39.20000076293945,39.209999084472656,38.970001220703125,39.0099983215332,15842500.0
2019-08-21,39.47999954223633,39.47999954223633,39.16999816894531,39.349998474121094,21895700.0
2019-08-22,39.119998931884766,39.20000076293945,38.900001525878906,39.04999923706055,16315700.0
2019-08-23,38.880001068115234,39.220001220703125,38.279998779296875,38.34000015258789,43687500.0
2019-08-26,38.91999816894531,38.959999084472656,38.720001220703125,38.88999938964844,22760600.0
2019-08-27,39.040000915527344,39.15999984741211,38.849998474121094,38.900001525878906,18018100.0
2019-08-28,38.689998626708984,38.91999816894531,38.599998474121094,38.849998474121094,14281900.0
2019-08-29,39.060001373291016,39.20000076293945,38.90999984741211,39.130001068115234,21518000.0
2019-08-30,39.22999954223633,39.22999954223633,38.9900016784668,39.119998931884766,15521100.0
2019-09-03,39.0,39.130001068115234,38.90999984741211,39.130001068115234,16931700.0
2019-09-04,39.939998626708984,40.060001373291016,39.84000015258789,40.04999923706055,30073900.0
2019-09-05,40.52000045776367,40.68000030517578,40.47999954223633,40.529998779296875,27680200.0
2019-09-06,40.68000030517578,40.709999084472656,40.59000015258789,40.61000061035156,16063300.0
2019-09-09,40.66999816894531,40.779998779296875,40.58000183105469,40.689998626708984,13899500.0
2019-09-10,40.72999954223633,40.86000061035156,40.630001068115234,40.709999084472656,15215100.0
2019-09-11,41.20000076293945,41.380001068115234,41.119998931884766,41.33000183105469,27800500.0
2019-09-12,41.45000076293945,41.790000915527344,41.310001373291016,41.47999954223633,24678300.0
2019-09-13,41.849998474121094,41.970001220703125,41.79999923706055,41.900001525878906,19035000.0
2019-09-16,41.52000045776367,41.619998931884766,41.369998931884766,41.459999084472656,31500600.0
2019-09-17,40.970001220703125,41.290000915527344,40.90999984741211,41.2599983215332,14354700.0
2019-09-18,41.09000015258789,41.13999938964844,40.70000076293945,40.97999954223633,20237400.0
2019-09-19,40.84000015258789,40.93000030517578,40.65999984741211,40.689998626708984,18116400.0
2019-09-20,40.72999954223633,40.79999923706055,40.38999938964844,40.540000915527344,31171100.0
2019-09-23,40.279998779296875,40.540000915527344,40.27000045776367,40.529998779296875,14254800.0
2019-09-24,40.33000183105469,40.34000015258789,39.97999954223633,40.040000915527344,25221300.0
2019-09-25,40.060001373291016,40.22999954223633,39.849998474121094,40.18000030517578,18516200.0
2019-09-26,40.02000045776367,40.06999969482422,39.79999923706055,39.90999984741211,25691000.0
2019-09-27,39.900001525878906,40.040000915527344,39.25,39.45000076293945,55202700.0
2019-09-30,39.88999938964844,40.029998779296875,39.779998779296875,39.79999923706055,20914600.0
2019-10-01,39.900001525878906,39.93000030517578,39.5,39.630001068115234,25507600.0
2019-10-02,39.689998626708984,39.75,39.5,39.66999816894531,23096600.0
2019-10-03,40.119998931884766,40.33000183105469,39.939998626708984,40.310001373291016,23918500.0
2019-10-04,40.0099983215332,40.27000045776367,39.880001068115234,40.2400016784668,22922600.0
2019-10-07,39.9900016784668,40.2400016784668,39.91999816894531,39.959999084472656,22609800.0
2019-10-08,39.939998626708984,40.029998779296875,39.68000030517578,39.689998626708984,29351300.0
2019-10-09,40.29999923706055,40.41999816894531,40.189998626708984,40.25,27639400.0
2019-10-10,40.439998626708984,40.849998474121094,40.41999816894531,40.75,33355400.0
2019-10-11,41.5,41.689998626708984,41.220001220703125,41.33000183105469,48627500.0
2019-10-14,41.34000015258789,41.380001068115234,41.150001525878906,41.150001525878906,12156600.0
2019-10-15,41.349998474121094,41.70000076293945,41.33000183105469,41.540000915527344,21666000.0
2019-10-16,41.459999084472656,41.61000061035156,41.400001525878906,41.52000045776367,15713800.0
2019-10-17,41.77000045776367,41.79999923706055,41.630001068115234,41.689998626708984,16158500.0
2019-10-18,41.459999084472656,41.59000015258789,41.2400016784668,41.2400016784668,25353200.0
2019-10-21,41.650001525878906,41.720001220703125,41.52000045776367,41.720001220703125,18633300.0
2019-10-22,41.40999984741211,41.5,41.36000061035156,41.380001068115234,15966400.0
2019-10-23,41.130001068115234,41.29999923706055,41.060001373291016,41.2599983215332,16021700.0
2019-10-24,41.36000061035156,41.369998931884766,41.18000030517578,41.22999954223633,14110000.0
2019-10-25,41.20000076293945,41.54999923706055,41.189998626708984,41.4900016784668,18287800.0
2019-10-28,41.869998931884766,41.97999954223633,41.86000061035156,41.880001068115234,22893700.0
2019-10-29,41.380001068115234,41.560001373291016,41.369998931884766,41.459999084472656,16516700.0
2019-10-30,41.18000030517578,41.400001525878906,41.0,41.33000183105469,22948500.0
2019-10-31,41.29999923706055,41.310001373291016,40.959999084472656,41.150001525878906,24679500.0
2019-11-01,41.83000183105469,42.04999923706055,41.79999923706055,42.0,31607900.0
2019-11-04,42.650001525878906,42.709999084472656,42.45000076293945,42.5099983215332,30078400.0
2019-11-05,42.77000045776367,42.83000183105469,42.63999938964844,42.77000045776367,22267100.0
2019-11-06,42.900001525878906,42.95000076293945,42.650001525878906,42.689998626708984,22244500.0
2019-11-07,43.06999969482422,43.27000045776367,42.959999084472656,43.04999923706055,32368200.0
2019-11-08,42.79999923706055,42.880001068115234,42.59000015258789,42.7400016784668,33877000.0
2019-11-11,41.779998779296875,42.09000015258789,41.77000045776367,42.08000183105469,22985500.0
2019-11-12,41.88999938964844,41.95000076293945,41.630001068115234,41.709999084472656,26734500.0
2019-11-13,41.04999923706055,41.279998779296875,41.02000045776367,41.150001525878906,29682600.0
2019-11-14,40.97999954223633,41.08000183105469,40.81999969482422,41.040000915527344,25866000.0
2019-11-15,41.060001373291016,41.18000030517578,41.0,41.130001068115234,23753900.0
2019-11-18,41.349998474121094,41.40999984741211,41.25,41.2599983215332,14649400.0
2019-11-19,41.83000183105469,41.86000061035156,41.58000183105469,41.68000030517578,27542600.0
2019-11-20,41.56999969482422,41.68000030517578,41.290000915527344,41.45000076293945,24386100.0
2019-11-21,41.220001220703125,41.38999938964844,41.11000061035156,41.38999938964844,20579800.0
2019-11-22,41.43000030517578,41.439998626708984,41.20000076293945,41.31999969482422,14729600.0
2019-11-25,41.79999923706055,42.060001373291016,41.720001220703125,42.0099983215332,26550000.0
2019-11-26,41.959999084472656,42.15999984741211,41.810001373291016,42.11000061035156,21044700.0
2019-11-27,42.0099983215332,42.119998931884766,41.939998626708984,42.06999969482422,12302000.0
2019-11-29,40.959999084472656,41.029998779296875,40.849998474121094,40.939998626708984,26282400.0
2019-12-02,41.11000061035156,41.130001068115234,40.869998931884766,40.95000076293945,27332400.0
2019-12-03,40.58000183105469,40.709999084472656,40.36000061035156,40.709999084472656,30119700.0
2019-12-04,40.90999984741211,40.970001220703125,40.849998474121094,40.880001068115234,14378100.0
2019-12-05,40.93000030517578,41.0099983215332,40.84000015258789,40.900001525878906,16240300.0
2019-12-06,41.349998474121094,41.38999938964844,41.220001220703125,41.2400016784668,17498500.0
2019-12-09,41.27000045776367,41.34000015258789,41.04999923706055,41.04999923706055,15160000.0
2019-12-10,41.209999084472656,41.290000915527344,41.13999938964844,41.209999084472656,11648000.0
2019-12-11,41.709999084472656,42.06999969482422,41.68000030517578,41.97999954223633,38229300.0
2019-12-12,41.97999954223633,42.83000183105469,41.959999084472656,42.779998779296875,62280200.0
2019-12-13,42.939998626708984,43.38999938964844,42.59000015258789,42.599998474121094,55179100.0
2019-12-16,42.349998474121094,42.41999816894531,42.2599983215332,42.34000015258789,26704900.0
2019-12-17,42.779998779296875,42.97999954223633,42.72999954223633,42.880001068115234,27125300.0
2019-12-18,43.029998779296875,43.060001373291016,42.95000076293945,43.0,11471800.0
2019-12-19,42.77000045776367,42.93000030517578,42.7599983215332,42.90999984741211,10954900.0
2019-12-20,43.060001373291016,43.209999084472656,43.040000915527344,43.08000183105469,26124800.0
2019-12-23,43.0,43.119998931884766,42.939998626708984,43.040000915527344,8697800.0
2019-12-24,43.099998474121094,43.16999816894531,43.029998779296875,43.119998931884766,4769900.0
2019-12-26,43.29999923706055,43.56999969482422,43.2599983215332,43.54999923706055,10652800.0
2019-12-27,43.75,43.86000061035156,43.61000061035156,43.709999084472656,20219100.0
2019-12-30,43.90999984741211,43.91999816894531,43.459999084472656,43.4900016784668,13119600.0
2019-12-31,43.56999969482422,43.70000076293945,43.400001525878906,43.630001068115234,13648100.0
2020-01-02,44.400001525878906,44.880001068115234,44.36000061035156,44.880001068115234,25552300.0
2020-01-03,43.9900016784668,44.25,43.900001525878906,43.90999984741211,20949400.0
2020-01-06,43.91999816894531,44.130001068115234,43.88999938964844,44.119998931884766,12687700.0
2020-01-07,44.02000045776367,44.099998474121094,43.900001525878906,44.0099983215332,16114600.0
2020-01-08,43.70000076293945,44.209999084472656,43.63999938964844,43.97999954223633,27640100.0
2020-01-09,44.349998474121094,44.40999984741211,44.2400016784668,44.380001068115234,24049100.0
2020-01-10,44.45000076293945,44.619998931884766,44.36000061035156,44.52000045776367,21284000.0
2020-01-13,44.79999923706055,45.290000915527344,44.75,45.279998779296875,30778500.0
2020-01-14,44.72999954223633,44.880001068115234,44.650001525878906,44.81999969482422,40042300.0
2020-01-15,44.61000061035156,44.70000076293945,44.54999923706055,44.56999969482422,19116400.0
2020-01-16,44.720001220703125,44.900001525878906,44.66999816894531,44.900001525878906,18411900.0
2020-01-17,45.040000915527344,45.11000061035156,44.90999984741211,45.11000061035156,18061600.0
2020-01-21,43.2400016784668,43.36000061035156,42.97999954223633,42.9900016784668,61518300.0
2020-01-22,43.7400016784668,43.7400016784668,43.310001373291016,43.470001220703125,42871500.0
2020-01-23,42.52000045776367,43.02000045776367,42.34000015258789,42.90999984741211,60680300.0
2020-01-24,42.81999969482422,42.849998474121094,42.099998474121094,42.349998474121094,49822700.0
2020-01-27,40.04999923706055,40.95000076293945,39.810001373291016,40.66999816894531,101480800.0
2020-01-28,40.709999084472656,41.09000015258789,40.4900016784668,40.95000076293945,45049200.0
2020-01-29,41.43000030517578,41.5099983215332,41.13999938964844,41.20000076293945,34216700.0
2020-01-30,40.290000915527344,40.79999923706055,40.060001373291016,40.689998626708984,52579300.0
2020-01-31,39.91999816894531,39.95000076293945,39.52000045776367,39.7400016784668,49332700.0
2020-02-03,40.0099983215332,40.36000061035156,40.0,40.130001068115234,31424200.0
2020-02-04,41.18000030517578,41.400001525878906,41.11000061035156,41.209999084472656,40812700.0
2020-02-05,41.849998474121094,41.869998931884766,41.27000045776367,41.349998474121094,29440600.0
2020-02-06,41.959999084472656,41.959999084472656,41.54999923706055,41.630001068115234,32571500.0
2020-02-07,41.5,41.52000045776367,41.150001525878906,41.2599983215332,27022800.0
2020-02-10,41.290000915527344,41.529998779296875,41.290000915527344,41.5,19858200.0
2020-02-11,42.20000076293945,42.459999084472656,42.15999984741211,42.29999923706055,30499200.0
2020-02-12,42.650001525878906,42.95000076293945,42.540000915527344,42.869998931884766,23667400.0
2020-02-13,42.33000183105469,42.5,42.2400016784668,42.310001373291016,28958100.0
2020-02-14,42.470001220703125,42.5,42.13999938964844,42.27000045776367,20948600.0
2020-02-18,42.13999938964844,42.290000915527344,42.11000061035156,42.18000030517578,18917200.0
2020-02-19,42.540000915527344,42.56999969482422,42.40999984741211,42.470001220703125,16643500.0
2020-02-20,42.29999923706055,42.369998931884766,41.970001220703125,42.02000045776367,33181100.0
2020-02-21,42.15999984741211,42.189998626708984,41.939998626708984,42.02000045776367,36464900.0
2020-02-24,40.33000183105469,40.83000183105469,40.279998779296875,40.529998779296875,54703500.0
2020-02-25,40.91999816894531,40.959999084472656,40.099998474121094,40.13999938964844,54366400.0
2020-02-26,40.880001068115234,41.119998931884766,40.689998626708984,40.720001220703125,45905500.0
2020-02-27,40.84000015258789,40.97999954223633,40.209999084472656,40.40999984741211,49675900.0
2020-02-28,39.7400016784668,40.70000076293945,39.349998474121094,40.65999984741211,59172700.0
2020-03-02,40.650001525878906,41.08000183105469,40.470001220703125,41.08000183105469,48122500.0
2020-03-03,40.97999954223633,41.59000015258789,40.58000183105469,40.81999969482422,60878800.0
2020-03-04,41.15999984741211,41.310001373291016,41.0,41.2599983215332,30524200.0
2020-03-05,41.40999984741211,41.540000915527344,40.970001220703125,41.08000183105469,40896600.0
2020-03-06,40.2599983215332,40.41999816894531,39.880001068115234,40.2599983215332,46723400.0
2020-03-09,38.2400016784668,39.08000183105469,38.0099983215332,38.63999938964844,57639400.0
2020-03-10,39.97999954223633,40.22999954223633,39.31999969482422,40.16999816894531,46744500.0
2020-03-11,39.09000015258789,39.310001373291016,38.66999816894531,38.79999923706055,49439900.0
2020-03-12,36.150001525878906,36.52000045776367,35.29999923706055,35.79999923706055,78653600.0
2020-03-13,38.5,38.529998779296875,36.29999923706055,37.79999923706055,66179500.0
2020-03-16,33.880001068115234,35.540000915527344,33.650001525878906,33.90999984741211,48274800.0
2020-03-17,34.900001525878906,36.119998931884766,34.40999984741211,36.0099983215332,41580100.0
2020-03-18,33.59000015258789,34.560001373291016,33.220001220703125,33.970001220703125,56158300.0
2020-03-19,33.599998474121094,34.56999969482422,33.099998474121094,34.0,39366100.0
2020-03-20,35.54999923706055,35.65999984741211,34.15999984741211,34.459999084472656,51232800.0
2020-03-23,34.86000061035156,34.93000030517578,33.939998626708984,34.439998626708984,37971800.0
2020-03-24,36.380001068115234,36.790000915527344,36.029998779296875,36.77000045776367,39464800.0
2020-03-25,36.880001068115234,37.7400016784668,36.56999969482422,37.33000183105469,33129400.0
2020-03-26,37.0099983215332,38.400001525878906,36.93000030517578,38.349998474121094,34047500.0
2020-03-27,36.2599983215332,36.689998626708984,36.02000045776367,36.099998474121094,39483000.0
2020-03-30,36.709999084472656,37.41999816894531,36.5099983215332,37.400001525878906,22500100.0
2020-03-31,37.5099983215332,37.900001525878906,37.31999969482422,37.540000915527344,17072800.0
2020-04-01,36.88999938964844,37.0099983215332,35.9900016784668,36.0099983215332,28408000.0
2020-04-02,36.93000030517578,37.459999084472656,36.81999969482422,37.38999938964844,33081500.0
2020-04-03,37.310001373291016,37.439998626708984,36.77000045776367,36.88999938964844,18891300.0
2020-04-06,37.81999969482422,38.290000915527344,37.720001220703125,38.209999084472656,23613500.0
2020-04-07,39.029998779296875,39.099998474121094,37.91999816894531,38.09000015258789,28960800.0
2020-04-08,37.900001525878906,38.22999954223633,37.66999816894531,38.119998931884766,14731500.0
2020-04-09,38.2599983215332,38.5099983215332,37.84000015258789,37.869998931884766,21931400.0
2020-04-13,37.86000061035156,37.9900016784668,37.5099983215332,37.900001525878906,21073000.0
2020-04-14,38.52000045776367,38.650001525878906,38.38999938964844,38.5,35863600.0
2020-04-15,37.689998626708984,37.83000183105469,37.470001220703125,37.61000061035156,25453800.0
2020-04-16,37.81999969482422,37.84000015258789,37.540000915527344,37.7599983215332,20821300.0
2020-04-17,38.41999816894531,38.470001220703125,38.09000015258789,38.40999984741211,29405600.0
2020-04-20,38.119998931884766,38.47999954223633,38.029998779296875,38.09000015258789,18007300.0
2020-04-21,37.34000015258789,37.47999954223633,37.060001373291016,37.06999969482422,25719000.0
2020-04-22,37.9900016784668,38.02000045776367,37.869998931884766,37.970001220703125,16924500.0
2020-04-23,38.119998931884766,38.47999954223633,37.79999923706055,37.810001373291016,19569100.0
2020-04-24,38.150001525878906,38.189998626708984,37.88999938964844,38.189998626708984,12783200.0
2020-04-27,38.689998626708984,38.9900016784668,38.630001068115234,38.959999084472656,16911700.0
2020-04-28,39.630001068115234,39.63999938964844,39.0,39.0,23640100.0
2020-04-29,39.599998474121094,39.79999923706055,39.5,39.630001068115234,20305900.0
2020-04-30,39.5099983215332,39.7400016784668,38.47999954223633,38.59000015258789,45489100.0
2020-05-01,37.83000183105469,37.880001068115234,37.20000076293945,37.27000045776367,54503300.0
2020-05-04,37.34000015258789,37.630001068115234,37.220001220703125,37.619998931884766,28110200.0
2020-05-05,38.0,38.16999816894531,37.93000030517578,38.0,25316400.0
2020-05-06,38.41999816894531,38.47999954223633,38.060001373291016,38.099998474121094,17373600.0
2020-05-07,38.31999969482422,38.38999938964844,38.099998474121094,38.20000076293945,16027000.0
2020-05-08,38.810001373291016,39.16999816894531,38.779998779296875,39.06999969482422,27801600.0
2020-05-11,38.869998931884766,39.029998779296875,38.779998779296875,38.88999938964844,16171700.0
2020-05-12,38.90999984741211,39.13999938964844,38.54999923706055,38.54999923706055,39072800.0
2020-05-13,39.06999969482422,39.119998931884766,38.380001068115234,38.66999816894531,42658000.0
2020-05-14,38.0099983215332,38.599998474121094,37.90999984741211,38.5099983215332,33644600.0
2020-05-15,37.849998474121094,38.06999969482422,37.79999923706055,37.95000076293945,25440300.0
2020-05-18,39.0,39.540000915527344,38.97999954223633,39.459999084472656,27716900.0
2020-05-19,39.290000915527344,39.47999954223633,39.040000915527344,39.04999923706055,21572400.0
2020-05-20,39.65999984741211,39.84000015258789,39.380001068115234,39.619998931884766,23698400.0
2020-05-21,38.81999969482422,38.97999954223633,38.45000076293945,38.540000915527344,33185600.0
2020-05-22,37.689998626708984,37.709999084472656,37.34000015258789,37.5,40136900.0
2020-05-26,38.630001068115234,38.75,38.189998626708984,38.34000015258789,40417300.0
2020-05-27,38.31999969482422,38.33000183105469,37.79999923706055,38.130001068115234,28403500.0
2020-05-28,38.4900016784668,38.75,38.189998626708984,38.25,28223200.0
2020-05-29,38.720001220703125,39.099998474121094,38.31999969482422,39.04999923706055,49138300.0
2020-06-01,39.33000183105469,39.79999923706055,39.22999954223633,39.77000045776367,22559300.0
2020-06-02,40.08000183105469,40.599998474121094,40.0,40.47999954223633,25647000.0
2020-06-03,40.869998931884766,41.2400016784668,40.81999969482422,41.16999816894531,23526000.0
2020-06-04,40.619998931884766,40.849998474121094,40.439998626708984,40.56999969482422,18989400.0
2020-06-05,41.45000076293945,41.63999938964844,41.31999969482422,41.47999954223633,19373700.0
2020-06-08,40.97999954223633,41.290000915527344,40.86000061035156,41.27000045776367,16914400.0
2020-06-09,40.869998931884766,41.209999084472656,40.72999954223633,41.06999969482422,17031200.0
2020-06-10,41.349998474121094,41.650001525878906,41.029998779296875,41.560001373291016,16102100.0
2020-06-11,40.40999984741211,40.63999938964844,39.83000183105469,39.84000015258789,32089200.0
2020-06-12,40.459999084472656,40.4900016784668,39.84000015258789,40.34000015258789,24896800.0
2020-06-15,39.13999938964844,39.849998474121094,39.099998474121094,39.650001525878906,25936600.0
2020-06-16,40.61000061035156,40.66999816894531,39.790000915527344,39.959999084472656,26454500.0
2020-06-17,40.08000183105469,40.29999923706055,40.0099983215332,40.119998931884766,11592100.0
2020-06-18,40.11000061035156,40.31999969482422,40.060001373291016,40.2599983215332,11701000.0
2020-06-19,40.849998474121094,40.849998474121094,40.11000061035156,40.31999969482422,25652900.0
2020-06-22,40.18000030517578,40.630001068115234,40.13999938964844,40.619998931884766,13539500.0
2020-06-23,41.029998779296875,41.150001525878906,40.86000061035156,40.88999938964844,12502700.0
2020-06-24,40.689998626708984,40.79999923706055,40.18000030517578,40.470001220703125,17669400.0
2020-06-25,40.2599983215332,40.65999984741211,40.2400016784668,40.56999969482422,13560800.0
2020-06-26,40.380001068115234,40.40999984741211,40.02000045776367,40.189998626708984,13594800.0
2020-06-29,39.95000076293945,40.11000061035156,39.79999923706055,40.04999923706055,12826500.0
2020-06-30,39.849998474121094,39.91999816894531,39.4900016784668,39.70000076293945,17857800.0
2020-07-01,39.97999954223633,40.459999084472656,39.959999084472656,40.15999984741211,22455400.0
2020-07-02,41.369998931884766,41.650001525878906,41.279998779296875,41.459999084472656,28379800.0
2020-07-06,44.529998779296875,45.43000030517578,44.5099983215332,45.400001525878906,67366900.0
2020-07-07,44.18000030517578,44.599998474121094,44.11000061035156,44.11000061035156,24840700.0
2020-07-08,44.939998626708984,45.54999923706055,44.849998474121094,45.529998779296875,30425200.0
2020-07-09,45.79999923706055,45.93000030517578,44.970001220703125,45.220001220703125,33856300.0
2020-07-10,44.65999984741211,44.72999954223633,44.349998474121094,44.54999923706055,18271000.0
2020-07-13,44.5,44.849998474121094,43.97999954223633,44.040000915527344,22275000.0
2020-07-14,43.27000045776367,43.880001068115234,43.22999954223633,43.70000076293945,25200700.0
2020-07-15,43.68000030517578,43.72999954223633,43.400001525878906,43.470001220703125,22362500.0
2020-07-16,42.16999816894531,42.54999923706055,42.13999938964844,42.47999954223633,22561000.0
2020-07-17,42.61000061035156,42.709999084472656,42.40999984741211,42.560001373291016,14745400.0
2020-07-20,42.95000076293945,43.22999954223633,42.810001373291016,43.11000061035156,17641000.0
2020-07-21,43.720001220703125,43.7400016784668,43.290000915527344,43.33000183105469,20675400.0
2020-07-22,42.939998626708984,43.0099983215332,42.5099983215332,42.720001220703125,24486000.0
2020-07-23,42.70000076293945,42.84000015258789,42.349998474121094,42.400001525878906,21651700.0
2020-07-24,41.79999923706055,42.09000015258789,41.709999084472656,42.04999923706055,20134500.0
2020-07-27,41.810001373291016,42.060001373291016,41.65999984741211,41.959999084472656,17328500.0
2020-07-28,41.869998931884766,41.939998626708984,41.56999969482422,41.59000015258789,12109100.0
2020-07-29,42.119998931884766,42.310001373291016,42.0,42.220001220703125,14436900.0
2020-07-30,41.70000076293945,41.849998474121094,41.380001068115234,41.779998779296875,14497800.0
2020-07-31,41.61000061035156,41.650001525878906,41.09000015258789,41.369998931884766,21669900.0
2020-08-03,41.86000061035156,42.029998779296875,41.779998779296875,41.869998931884766,18647500.0
2020-08-04,42.630001068115234,42.84000015258789,42.560001373291016,42.81999969482422,24913500.0
2020-08-05,42.90999984741211,43.130001068115234,42.77000045776367,42.81999969482422,11875400.0
2020-08-06,42.7400016784668,42.90999984741211,42.56999969482422,42.849998474121094,17584500.0
2020-08-07,42.08000183105469,42.209999084472656,41.75,42.0099983215332,29968900.0
2020-08-10,42.209999084472656,42.34000015258789,41.9900016784668,42.310001373291016,14891400.0
2020-08-11,42.599998474121094,42.689998626708984,42.22999954223633,42.27000045776367,21032500.0
2020-08-12,42.77000045776367,43.0,42.709999084472656,42.88999938964844,25269800.0
2020-08-13,42.83000183105469,42.83000183105469,42.58000183105469,42.810001373291016,16505600.0
2020-08-14,42.95000076293945,43.060001373291016,42.90999984741211,43.040000915527344,13330100.0
2020-08-17,43.560001373291016,43.880001068115234,43.529998779296875,43.84000015258789,21376900.0
2020-08-18,44.099998474121094,44.15999984741211,43.79999923706055,44.0099983215332,23645800.0
2020-08-19,43.869998931884766,43.869998931884766,43.5099983215332,43.54999923706055,23971000.0
2020-08-20,43.2400016784668,43.7599983215332,43.130001068115234,43.75,17726200.0
2020-08-21,43.77000045776367,44.209999084472656,43.709999084472656,44.13999938964844,17511900.0
2020-08-24,44.77000045776367,44.83000183105469,44.4900016784668,44.619998931884766,15717500.0
2020-08-25,44.38999938964844,44.83000183105469,44.31999969482422,44.79999923706055,24043400.0
2020-08-26,44.599998474121094,44.810001373291016,44.59000015258789,44.720001220703125,13407300.0
2020-08-27,44.849998474121094,44.849998474121094,44.380001068115234,44.630001068115234,17841100.0
2020-08-28,44.7400016784668,45.0099983215332,44.650001525878906,44.9900016784668,10933600.0
2020-08-31,44.04999923706055,44.119998931884766,43.650001525878906,43.959999084472656,18271000.0
2020-09-01,44.13999938964844,44.529998779296875,44.099998474121094,44.529998779296875,17160200.0
2020-09-02,44.5099983215332,44.54999923706055,43.959999084472656,44.349998474121094,16435300.0
2020-09-03,43.79999923706055,43.84000015258789,43.099998474121094,43.439998626708984,35560600.0
2020-09-04,43.58000183105469,43.779998779296875,42.880001068115234,43.599998474121094,30022200.0
2020-09-08,42.4900016784668,42.91999816894531,42.459999084472656,42.70000076293945,24690300.0
2020-09-09,42.72999954223633,43.06999969482422,42.630001068115234,42.9900016784668,15489100.0
2020-09-10,42.720001220703125,42.779998779296875,42.099998474121094,42.13999938964844,25750000.0
2020-09-11,42.7400016784668,42.83000183105469,42.38999938964844,42.54999923706055,18697700.0
2020-09-14,42.880001068115234,42.91999816894531,42.7400016784668,42.84000015258789,11420600.0
2020-09-15,43.29999923706055,43.36000061035156,43.11000061035156,43.220001220703125,9936100.0
2020-09-16,43.2400016784668,43.36000061035156,43.09000015258789,43.09000015258789,17583200.0
2020-09-17,42.599998474121094,42.88999938964844,42.54999923706055,42.72999954223633,16547100.0
2020-09-18,43.029998779296875,43.029998779296875,42.77000045776367,42.81999969482422,18297900.0
2020-09-21,42.08000183105469,42.45000076293945,41.81999969482422,42.41999816894531,19798400.0
2020-09-22,42.279998779296875,42.279998779296875,41.86000061035156,42.09000015258789,14688600.0
2020-09-23,42.0,42.040000915527344,41.61000061035156,41.630001068115234,18059300.0
2020-09-24,40.959999084472656,41.310001373291016,40.900001525878906,41.11000061035156,20126600.0
2020-09-25,40.45000076293945,40.7599983215332,40.22999954223633,40.70000076293945,23398400.0
2020-09-28,41.31999969482422,41.349998474121094,41.150001525878906,41.33000183105469,16436800.0
2020-09-29,41.0099983215332,41.27000045776367,40.97999954223633,41.16999816894531,10397900.0
2020-09-30,41.650001525878906,42.060001373291016,41.61000061035156,42.0,20422000.0
2020-10-01,42.380001068115234,42.58000183105469,42.189998626708984,42.5099983215332,19912800.0
2020-10-02,41.880001068115234,42.4900016784668,41.849998474121094,42.029998779296875,20352900.0
2020-10-05,41.91999816894531,42.209999084472656,41.88999938964844,42.189998626708984,16323500.0
2020-10-06,42.5,42.720001220703125,42.36000061035156,42.470001220703125,24759500.0
2020-10-07,42.88999938964844,43.02000045776367,42.709999084472656,42.91999816894531,19884400.0
2020-10-08,42.93000030517578,43.189998626708984,42.88999938964844,43.130001068115234,11784100.0
2020-10-09,42.970001220703125,43.34000015258789,42.970001220703125,43.2400016784668,12990400.0
2020-10-12,44.2599983215332,44.439998626708984,44.13999938964844,44.400001525878906,19034700.0
2020-10-13,44.31999969482422,44.43000030517578,44.15999984741211,44.34000015258789,16626500.0
2020-10-14,44.209999084472656,44.209999084472656,43.7599983215332,43.779998779296875,12553600.0
2020-10-15,43.279998779296875,43.52000045776367,43.209999084472656,43.45000076293945,14441200.0
2020-10-16,44.15999984741211,44.189998626708984,43.970001220703125,44.11000061035156,21462300.0
2020-10-19,44.220001220703125,44.369998931884766,43.9900016784668,44.09000015258789,13715900.0
2020-10-20,44.18000030517578,44.45000076293945,44.130001068115234,44.279998779296875,13314600.0
2020-10-21,44.7599983215332,44.959999084472656,44.630001068115234,44.68000030517578,16028700.0
2020-10-22,45.09000015258789,45.119998931884766,44.83000183105469,45.02000045776367,11330400.0
2020-10-23,44.95000076293945,45.150001525878906,44.77000045776367,45.130001068115234,11240500.0
2020-10-26,44.619998931884766,45.0,44.33000183105469,44.70000076293945,19928900.0
2020-10-27,44.529998779296875,44.83000183105469,44.400001525878906,44.790000915527344,13677000.0
2020-10-28,44.22999954223633,44.279998779296875,43.81999969482422,43.88999938964844,15870700.0
2020-10-29,44.5,44.720001220703125,44.34000015258789,44.54999923706055,12835900.0
2020-10-30,44.22999954223633,44.25,43.88999938964844,44.099998474121094,15536800.0
2020-11-02,44.88999938964844,45.0,44.65999984741211,44.97999954223633,13727800.0
2020-11-03,45.029998779296875,45.33000183105469,44.849998474121094,45.08000183105469,20154000.0
2020-11-04,46.220001220703125,47.04999923706055,46.04999923706055,46.959999084472656,37695100.0
2020-11-05,47.959999084472656,47.9900016784668,47.31999969482422,47.70000076293945,25797700.0
2020-11-06,47.5099983215332,47.959999084472656,47.38999938964844,47.72999954223633,16735900.0
2020-11-09,49.36000061035156,49.439998626708984,48.150001525878906,48.22999954223633,25851100.0
2020-11-10,47.529998779296875,47.689998626708984,47.0099983215332,47.119998931884766,21437400.0
2020-11-11,46.88999938964844,47.720001220703125,46.880001068115234,47.599998474121094,19918400.0
2020-11-12,47.41999816894531,47.70000076293945,46.93000030517578,47.099998474121094,18036200.0
2020-11-13,47.369998931884766,47.56999969482422,47.16999816894531,47.470001220703125,14790100.0
2020-11-16,47.63999938964844,47.849998474121094,47.439998626708984,47.68000030517578,9051900.0
2020-11-17,47.209999084472656,47.529998779296875,47.09000015258789,47.36000061035156,10876500.0
2020-11-18,47.43000030517578,47.439998626708984,47.150001525878906,47.150001525878906,7891900.0
2020-11-19,46.970001220703125,47.189998626708984,46.90999984741211,47.119998931884766,10081300.0
2020-11-20,47.189998626708984,47.540000915527344,47.150001525878906,47.439998626708984,16892800.0
2020-11-23,47.68000030517578,47.68000030517578,46.84000015258789,47.25,10194600.0
2020-11-24,47.33000183105469,47.529998779296875,47.09000015258789,47.5099983215332,13026900.0
2020-11-25,47.130001068115234,47.29999923706055,47.0,47.22999954223633,8510000.0
2020-11-27,48.27000045776367,48.709999084472656,48.27000045776367,48.619998931884766,12164400.0
2020-11-30,47.650001525878906,47.65999984741211,46.970001220703125,47.0,16723600.0
2020-12-01,47.61000061035156,47.70000076293945,47.369998931884766,47.47999954223633,14410400.0
2020-12-02,47.11000061035156,47.290000915527344,46.97999954223633,47.150001525878906,9374800.0
2020-12-03,47.09000015258789,47.31999969482422,47.0099983215332,47.130001068115234,9781500.0
2020-12-04,47.220001220703125,47.31999969482422,47.06999969482422,47.189998626708984,9731300.0
2020-12-07,46.599998474121094,46.790000915527344,46.54999923706055,46.72999954223633,10088300.0
2020-12-08,46.47999954223633,46.61000061035156,46.349998474121094,46.58000183105469,10093300.0
2020-12-09,46.47999954223633,46.4900016784668,45.849998474121094,46.0,16174500.0
2020-12-10,46.06999969482422,46.70000076293945,46.04999923706055,46.56999969482422,12962400.0
2020-12-11,46.31999969482422,46.34000015258789,46.119998931884766,46.150001525878906,13570500.0
2020-12-14,45.66999816894531,45.68000030517578,45.38999938964844,45.41999816894531,11261400.0
2020-12-15,45.5,45.52000045776367,45.279998779296875,45.4900016784668,10793100.0
2020-12-16,45.650001525878906,45.75,45.5,45.540000915527344,10821900.0
2020-12-17,46.0,46.0,45.7400016784668,45.83000183105469,10497900.0
2020-12-18,45.7400016784668,45.79999923706055,45.56999969482422,45.75,12230700.0
2020-12-21,45.2400016784668,45.59000015258789,45.150001525878906,45.380001068115234,16399300.0
2020-12-22,45.40999984741211,45.40999984741211,45.18000030517578,45.22999954223633,10515300.0
2020-12-23,45.72999954223633,45.72999954223633,45.560001373291016,45.61000061035156,7815700.0
2020-12-24,45.18000030517578,45.2400016784668,44.650001525878906,44.849998474121094,12799400.0
2020-12-28,44.900001525878906,45.0,44.709999084472656,44.91999816894531,10736200.0
2020-12-29,45.36000061035156,45.68000030517578,45.29999923706055,45.5,16663400.0
2020-12-30,46.38999938964844,46.459999084472656,46.209999084472656,46.25,13806400.0
2020-12-31,46.81999969482422,46.81999969482422,46.04999923706055,46.43000030517578,13164300.0
2021-01-04,46.72999954223633,46.880001068115234,46.16999816894531,46.29999923706055,18623700.0
2021-01-05,46.7599983215332,47.56999969482422,46.72999954223633,47.560001373291016,30140700.0
2021-01-06,47.47999954223633,47.63999938964844,46.72999954223633,47.0099983215332,21916100.0
2021-01-07,47.13999938964844,47.369998931884766,46.849998474121094,47.34000015258789,18565200.0
2021-01-08,47.68000030517578,48.380001068115234,47.45000076293945,48.31999969482422,25334500.0
2021-01-11,47.84000015258789,47.970001220703125,47.66999816894531,47.66999816894531,9596200.0
2021-01-12,48.2400016784668,48.43000030517578,48.150001525878906,48.290000915527344,14361900.0
2021-01-13,48.18000030517578,48.66999816894531,48.119998931884766,48.43000030517578,12447400.0
2021-01-14,49.16999816894531,49.220001220703125,48.630001068115234,48.650001525878906,12323000.0
2021-01-15,48.83000183105469,48.90999984741211,48.540000915527344,48.619998931884766,11997600.0
2021-01-19,50.720001220703125,50.83000183105469,50.52000045776367,50.709999084472656,25097400.0
2021-01-20,51.9900016784668,52.31999969482422,51.79999923706055,52.27000045776367,18731700.0
2021-01-21,52.0099983215332,52.06999969482422,51.7599983215332,51.970001220703125,11494000.0
2021-01-22,51.34000015258789,51.91999816894531,51.310001373291016,51.709999084472656,14328100.0
2021-01-25,53.02000045776367,53.13999938964844,52.40999984741211,52.900001525878906,18919200.0
2021-01-26,52.2599983215332,52.380001068115234,52.060001373291016,52.349998474121094,13241300.0
2021-01-27,50.83000183105469,51.060001373291016,50.400001525878906,50.43000030517578,21406300.0
2021-01-28,49.900001525878906,50.59000015258789,49.81999969482422,50.529998779296875,17207400.0
2021-01-29,49.689998626708984,49.83000183105469,49.150001525878906,49.36000061035156,20255100.0
2021-02-01,50.349998474121094,50.7400016784668,50.2400016784668,50.709999084472656,18430500.0
2021-02-02,51.40999984741211,51.5099983215332,51.119998931884766,51.43000030517578,14469800.0
2021-02-03,51.709999084472656,51.779998779296875,51.40999984741211,51.54999923706055,10872200.0
2021-02-04,51.2400016784668,51.369998931884766,50.970001220703125,51.29999923706055,15567300.0
2021-02-05,51.54999923706055,51.72999954223633,51.34000015258789,51.689998626708984,11038200.0
2021-02-08,51.5,51.63999938964844,51.34000015258789,51.52000045776367,7221000.0
2021-02-09,51.75,52.29999923706055,51.72999954223633,52.20000076293945,11856300.0
2021-02-10,53.08000183105469,53.18000030517578,52.369998931884766,52.709999084472656,12619900.0
2021-02-11,53.43000030517578,53.810001373291016,53.349998474121094,53.630001068115234,21151900.0
2021-02-12,53.400001525878906,53.7599983215332,53.22999954223633,53.58000183105469,10001800.0
2021-02-16,53.880001068115234,53.970001220703125,53.560001373291016,53.61000061035156,9689100.0
2021-02-17,54.31999969482422,54.529998779296875,54.06999969482422,54.470001220703125,13661600.0
2021-02-18,53.060001373291016,53.29999923706055,52.619998931884766,53.29999923706055,17577100.0
2021-02-19,53.72999954223633,53.880001068115234,53.5,53.61000061035156,8680700.0
2021-02-22,52.06999969482422,52.189998626708984,51.630001068115234,51.63999938964844,21013600.0
2021-02-23,51.279998779296875,52.13999938964844,50.66999816894531,51.810001373291016,17886200.0
2021-02-24,50.31999969482422,50.77000045776367,49.869998931884766,50.689998626708984,25505700.0
2021-02-25,50.83000183105469,51.040000915527344,49.880001068115234,49.91999816894531,18494100.0
2021-02-26,49.15999984741211,49.439998626708984,48.66999816894531,49.06999969482422,22292800.0
2021-03-01,49.900001525878906,50.439998626708984,49.75,50.369998931884766,14926100.0
2021-03-02,49.79999923706055,49.86000061035156,49.369998931884766,49.400001525878906,14810000.0
2021-03-03,50.369998931884766,50.5,49.689998626708984,49.779998779296875,18773000.0
2021-03-04,49.13999938964844,49.290000915527344,48.150001525878906,48.349998474121094,27292500.0
2021-03-05,49.04999923706055,49.189998626708984,47.95000076293945,48.849998474121094,21488900.0
2021-03-08,47.63999938964844,47.7400016784668,47.099998474121094,47.130001068115234,24025800.0
2021-03-09,47.779998779296875,48.5099983215332,47.70000076293945,48.150001525878906,22518600.0
2021-03-10,48.380001068115234,48.470001220703125,47.630001068115234,47.77000045776367,15503400.0
2021-03-11,49.119998931884766,49.52000045776367,48.77000045776367,49.4900016784668,28000800.0
2021-03-12,47.959999084472656,48.16999816894531,47.65999984741211,48.099998474121094,26286300.0
2021-03-15,47.66999816894531,48.08000183105469,47.52000045776367,48.0099983215332,11332800.0
2021-03-16,48.2599983215332,48.650001525878906,48.20000076293945,48.439998626708984,19448600.0
2021-03-17,47.91999816894531,48.63999938964844,47.779998779296875,48.40999984741211,18425700.0
2021-03-18,48.290000915527344,48.470001220703125,47.97999954223633,47.97999954223633,19674400.0
2021-03-19,47.47999954223633,48.02000045776367,47.439998626708984,47.9900016784668,14442800.0
2021-03-22,47.91999816894531,48.09000015258789,47.689998626708984,47.91999816894531,14117800.0
2021-03-23,47.0099983215332,47.22999954223633,46.79999923706055,46.84000015258789,18525000.0
2021-03-24,46.02000045776367,46.029998779296875,45.09000015258789,45.11000061035156,37134400.0
2021-03-25,45.130001068115234,45.54999923706055,45.09000015258789,45.34000015258789,20548800.0
2021-03-26,45.880001068115234,46.7400016784668,45.689998626708984,46.66999816894531,39379200.0
2021-03-29,46.209999084472656,46.54999923706055,46.150001525878906,46.41999816894531,20909000.0
2021-03-30,46.33000183105469,46.70000076293945,46.13999938964844,46.61000061035156,15552900.0
2021-03-31,46.25,46.810001373291016,46.25,46.65999984741211,18459800.0
2021-04-01,47.70000076293945,47.790000915527344,47.33000183105469,47.45000076293945,19981500.0
2021-04-05,47.81999969482422,47.81999969482422,47.38999938964844,47.4900016784668,10611300.0
2021-04-06,47.43000030517578,47.970001220703125,47.209999084472656,47.58000183105469,20383300.0
2021-04-07,46.38999938964844,46.56999969482422,46.16999816894531,46.5,27399000.0
2021-04-08,47.279998779296875,47.38999938964844,47.099998474121094,47.11000061035156,20173200.0
2021-04-09,46.5099983215332,46.560001373291016,46.349998474121094,46.529998779296875,24017200.0
2021-04-12,46.36000061035156,46.560001373291016,46.15999984741211,46.470001220703125,16844700.0
2021-04-13,46.279998779296875,46.61000061035156,46.209999084472656,46.439998626708984,19135300.0
2021-04-14,46.93000030517578,47.02000045776367,46.529998779296875,46.59000015258789,17805100.0
2021-04-15,46.63999938964844,46.86000061035156,46.560001373291016,46.650001525878906,16239700.0
2021-04-16,47.06999969482422,47.06999969482422,46.810001373291016,46.90999984741211,16294500.0
2021-04-19,46.849998474121094,46.97999954223633,46.66999816894531,46.900001525878906,13209900.0
2021-04-20,46.97999954223633,47.16999816894531,46.61000061035156,46.77000045776367,11086900.0
2021-04-21,46.36000061035156,46.84000015258789,46.189998626708984,46.83000183105469,16469800.0
2021-04-22,46.83000183105469,47.119998931884766,46.709999084472656,46.970001220703125,23509300.0
2021-04-23,47.41999816894531,47.70000076293945,47.349998474121094,47.59000015258789,14121700.0
2021-04-26,46.709999084472656,46.900001525878906,46.61000061035156,46.869998931884766,19239100.0
2021-04-27,46.900001525878906,47.13999938964844,46.900001525878906,47.060001373291016,14398300.0
2021-04-28,47.189998626708984,47.540000915527344,47.09000015258789,47.279998779296875,11296000.0
2021-04-29,47.459999084472656,47.470001220703125,46.849998474121094,47.2400016784668,19172300.0
2021-04-30,46.380001068115234,46.5,46.13999938964844,46.279998779296875,27070000.0
2021-05-03,46.060001373291016,46.31999969482422,45.91999816894531,46.029998779296875,10627400.0
2021-05-04,45.88999938964844,46.0099983215332,45.36000061035156,45.56999969482422,20673300.0
2021-05-05,45.86000061035156,46.0,45.70000076293945,45.79999923706055,10551300.0
2021-05-06,45.779998779296875,45.97999954223633,45.630001068115234,45.93000030517578,13465000.0
2021-05-07,45.97999954223633,46.27000045776367,45.939998626708984,46.04999923706055,17933500.0
2021-05-10,45.400001525878906,45.43000030517578,44.70000076293945,44.7400016784668,28302700.0
2021-05-11,43.97999954223633,44.81999969482422,43.91999816894531,44.72999954223633,17486200.0
2021-05-12,44.630001068115234,44.70000076293945,44.11000061035156,44.18000030517578,17073700.0
2021-05-13,44.150001525878906,44.290000915527344,43.40999984741211,43.54999923706055,24901700.0
2021-05-14,43.900001525878906,44.31999969482422,43.75,44.209999084472656,19724200.0
2021-05-17,44.41999816894531,44.63999938964844,44.31999969482422,44.63999938964844,16472700.0
2021-05-18,44.95000076293945,45.2400016784668,44.849998474121094,45.0,18898200.0
2021-05-19,44.5,45.220001220703125,44.43000030517578,45.130001068115234,20449200.0
2021-05-20,45.310001373291016,45.68000030517578,45.290000915527344,45.58000183105469,19089400.0
2021-05-21,45.630001068115234,45.630001068115234,45.099998474121094,45.13999938964844,15642200.0
2021-05-24,45.13999938964844,45.22999954223633,44.970001220703125,45.08000183105469,12100900.0
2021-05-25,46.099998474121094,46.2400016784668,45.97999954223633,46.150001525878906,20917200.0
2021-05-26,46.43000030517578,46.47999954223633,46.34000015258789,46.43000030517578,13140200.0
2021-05-27,46.310001373291016,46.439998626708984,46.08000183105469,46.400001525878906,14877200.0
2021-05-28,46.08000183105469,46.349998474121094,46.08000183105469,46.2400016784668,13713700.0
2021-06-01,47.56999969482422,47.59000015258789,47.22999954223633,47.45000076293945,24186000.0
2021-06-02,47.36000061035156,47.36000061035156,47.119998931884766,47.2599983215332,13856700.0
2021-06-03,46.540000915527344,46.59000015258789,46.279998779296875,46.31999969482422,20710000.0
2021-06-04,46.709999084472656,46.81999969482422,46.65999984741211,46.79999923706055,9955000.0
2021-06-07,46.34000015258789,46.349998474121094,46.060001373291016,46.29999923706055,11943900.0
2021-06-08,46.209999084472656,46.290000915527344,45.95000076293945,46.08000183105469,11244500.0
2021-06-09,46.119998931884766,46.310001373291016,46.0,46.08000183105469,12670100.0
2021-06-10,46.040000915527344,46.22999954223633,45.93000030517578,46.18000030517578,13073500.0
2021-06-11,46.16999816894531,46.220001220703125,45.95000076293945,46.06999969482422,10257000.0
2021-06-14,46.08000183105469,46.290000915527344,45.959999084472656,46.209999084472656,14797700.0
2021-06-15,45.79999923706055,45.84000015258789,45.529998779296875,45.58000183105469,17225200.0
2021-06-16,45.2599983215332,45.36000061035156,44.720001220703125,44.880001068115234,24688500.0
2021-06-17,45.220001220703125,45.56999969482422,45.13999938964844,45.5099983215332,21106400.0
2021-06-18,45.650001525878906,45.75,45.459999084472656,45.560001373291016,16942900.0
2021-06-21,45.380001068115234,45.560001373291016,45.150001525878906,45.54999923706055,12181400.0
2021-06-22,45.060001373291016,45.2599983215332,45.040000915527344,45.18000030517578,12445900.0
2021-06-23,45.75,46.029998779296875,45.720001220703125,45.75,13061600.0
2021-06-24,46.0,46.22999954223633,45.970001220703125,46.22999954223633,11515600.0
2021-06-25,46.95000076293945,47.119998931884766,46.79999923706055,47.11000061035156,21358400.0
2021-06-28,47.130001068115234,47.310001373291016,47.09000015258789,47.220001220703125,9699400.0
2021-06-29,46.61000061035156,46.900001525878906,46.47999954223633,46.869998931884766,16193000.0
2021-06-30,46.2599983215332,46.439998626708984,46.20000076293945,46.33000183105469,13995700.0
2021-07-01,46.380001068115234,46.45000076293945,45.81999969482422,46.09000015258789,17653400.0
2021-07-02,45.41999816894531,45.560001373291016,45.34000015258789,45.4900016784668,16276500.0
2021-07-06,44.54999923706055,44.599998474121094,44.150001525878906,44.220001220703125,27165200.0
2021-07-07,44.619998931884766,44.68000030517578,44.15999984741211,44.29999923706055,17880100.0
2021-07-08,42.86000061035156,43.08000183105469,42.720001220703125,42.91999816894531,35008900.0
2021-07-09,43.77000045776367,44.25,43.619998931884766,44.150001525878906,20892100.0
2021-07-12,43.95000076293945,44.060001373291016,43.84000015258789,44.0,11539700.0
2021-07-13,44.310001373291016,44.72999954223633,44.29999923706055,44.5,17991300.0
2021-07-14,44.66999816894531,44.689998626708984,44.310001373291016,44.310001373291016,13427200.0
2021-07-15,44.68000030517578,44.869998931884766,44.54999923706055,44.7400016784668,13922200.0
2021-07-16,44.86000061035156,44.88999938964844,44.369998931884766,44.400001525878906,13862100.0
2021-07-19,43.83000183105469,43.869998931884766,43.52000045776367,43.810001373291016,19439900.0
2021-07-20,43.349998474121094,43.720001220703125,43.220001220703125,43.59000015258789,15981700.0
2021-07-21,43.27000045776367,43.7599983215332,43.209999084472656,43.720001220703125,11914100.0
2021-07-22,43.900001525878906,43.97999954223633,43.7400016784668,43.900001525878906,10301700.0
2021-07-23,43.04999923706055,43.06999969482422,42.56999969482422,42.779998779296875,23712400.0
2021-07-26,41.0,41.20000076293945,40.40999984741211,40.4900016784668,54676500.0
2021-07-27,38.709999084472656,39.2599983215332,38.2400016784668,39.15999984741211,71721000.0
2021-07-28,40.33000183105469,41.619998931884766,40.310001373291016,41.52000045776367,67904000.0
2021-07-29,41.34000015258789,41.34000015258789,40.709999084472656,40.939998626708984,31993600.0
2021-07-30,40.25,40.720001220703125,40.220001220703125,40.540000915527344,23611300.0
2021-08-02,40.9900016784668,41.290000915527344,40.90999984741211,41.119998931884766,18268600.0
2021-08-03,40.7599983215332,40.81999969482422,40.560001373291016,40.810001373291016,17385700.0
2021-08-04,41.209999084472656,41.54999923706055,41.18000030517578,41.36000061035156,25099600.0
2021-08-05,40.90999984741211,41.060001373291016,40.779998779296875,40.900001525878906,14741700.0
2021-08-06,40.79999923706055,40.86000061035156,40.31999969482422,40.41999816894531,17649400.0
2021-08-09,40.90999984741211,41.25,40.869998931884766,41.16999816894531,21931800.0
2021-08-10,41.84000015258789,41.86000061035156,41.5,41.619998931884766,19495000.0
2021-08-11,42.189998626708984,42.189998626708984,41.720001220703125,41.970001220703125,16984400.0
2021-08-12,41.5,41.5099983215332,41.2400016784668,41.33000183105469,19496300.0
2021-08-13,41.33000183105469,41.38999938964844,41.11000061035156,41.349998474121094,13864100.0
2021-08-16,40.72999954223633,40.7400016784668,40.41999816894531,40.65999984741211,20813900.0
2021-08-17,39.52000045776367,39.90999984741211,39.45000076293945,39.52000045776367,38465800.0
2021-08-18,40.0,40.189998626708984,39.79999923706055,39.84000015258789,29694400.0
2021-08-19,39.029998779296875,39.279998779296875,38.93000030517578,39.040000915527344,32988800.0
2021-08-20,38.459999084472656,38.9900016784668,38.439998626708984,38.66999816894531,33103600.0
2021-08-23,39.040000915527344,39.439998626708984,38.90999984741211,39.41999816894531,30171400.0
2021-08-24,40.2599983215332,40.83000183105469,40.2599983215332,40.79999923706055,37310300.0
2021-08-25,40.5,40.540000915527344,40.27000045776367,40.459999084472656,20181900.0
2021-08-26,40.0099983215332,40.13999938964844,39.810001373291016,39.81999969482422,29059100.0
2021-08-27,40.11000061035156,40.25,39.939998626708984,40.13999938964844,16713100.0
2021-08-30,39.97999954223633,40.290000915527344,39.720001220703125,40.20000076293945,15599500.0
2021-08-31,40.810001373291016,41.02000045776367,40.72999954223633,40.939998626708984,30038800.0
2021-09-01,41.459999084472656,41.959999084472656,41.45000076293945,41.849998474121094,29113000.0
2021-09-02,41.75,41.75,41.36000061035156,41.400001525878906,16794000.0
2021-09-03,41.33000183105469,41.54999923706055,41.279998779296875,41.470001220703125,10362700.0
2021-09-07,42.13999938964844,42.54999923706055,42.11000061035156,42.45000076293945,29194600.0
2021-09-08,42.38999938964844,42.40999984741211,41.880001068115234,41.9900016784668,21434300.0
2021-09-09,41.34000015258789,41.709999084472656,41.220001220703125,41.599998474121094,23933600.0
2021-09-10,42.08000183105469,42.150001525878906,41.540000915527344,41.56999969482422,18903800.0
2021-09-13,41.47999954223633,41.63999938964844,41.20000076293945,41.47999954223633,18022800.0
2021-09-14,40.849998474121094,40.880001068115234,40.5,40.540000915527344,28698800.0
2021-09-15,40.060001373291016,40.29999923706055,39.84000015258789,40.2599983215332,25411800.0
2021-09-16,39.540000915527344,39.77000045776367,39.349998474121094,39.66999816894531,25555500.0
2021-09-17,39.9900016784668,40.08000183105469,39.72999954223633,39.91999816894531,23903400.0
2021-09-20,38.59000015258789,38.7599983215332,37.86000061035156,38.18000030517578,52657800.0
2021-09-21,38.560001373291016,38.72999954223633,38.41999816894531,38.650001525878906,30514400.0
2021-09-22,39.09000015258789,39.779998779296875,39.09000015258789,39.38999938964844,42656000.0
2021-09-23,39.0,39.11000061035156,38.849998474121094,39.060001373291016,28138000.0
2021-09-24,38.470001220703125,38.52000045776367,38.209999084472656,38.2400016784668,25009800.0
2021-09-27,38.43000030517578,38.86000061035156,38.189998626708984,38.790000915527344,21780800.0
2021-09-28,39.029998779296875,39.15999984741211,38.63999938964844,38.84000015258789,22064800.0
2021-09-29,38.970001220703125,39.11000061035156,38.540000915527344,38.560001373291016,15947200.0
2021-09-30,38.869998931884766,39.209999084472656,38.869998931884766,38.93000030517578,23070000.0
2021-10-01,38.84000015258789,39.02000045776367,38.279998779296875,38.619998931884766,27433500.0
2021-10-04,38.04999923706055,38.04999923706055,37.459999084472656,37.65999984741211,29372500.0
2021-10-05,37.900001525878906,38.34000015258789,37.880001068115234,38.189998626708984,24316000.0
2021-10-06,37.560001373291016,38.06999969482422,37.47999954223633,38.02000045776367,19991300.0
2021-10-07,39.0,39.709999084472656,38.95000076293945,39.56999969482422,41061300.0
2021-10-08,39.689998626708984,40.04999923706055,39.58000183105469,39.95000076293945,22003400.0
2021-10-11,40.560001373291016,40.619998931884766,39.900001525878906,39.91999816894531,24026700.0
2021-10-12,40.02000045776367,40.18000030517578,39.65999984741211,39.70000076293945,22369000.0
2021-10-13,40.130001068115234,40.560001373291016,40.130001068115234,40.5,26702500.0
2021-10-14,40.40999984741211,40.54999923706055,40.0099983215332,40.310001373291016,26950800.0
2021-10-15,40.4900016784668,40.880001068115234,40.36000061035156,40.70000076293945,25678800.0
2021-10-18,40.70000076293945,41.09000015258789,40.65999984741211,40.939998626708984,17808000.0
2021-10-19,41.54999923706055,42.13999938964844,41.470001220703125,42.11000061035156,34020800.0
2021-10-20,42.41999816894531,42.45000076293945,41.9900016784668,42.189998626708984,20715800.0
2021-10-21,42.029998779296875,42.25,41.939998626708984,42.150001525878906,16639300.0
2021-10-22,42.38999938964844,42.70000076293945,42.04999923706055,42.20000076293945,16139000.0
2021-10-25,42.349998474121094,42.38999938964844,42.06999969482422,42.33000183105469,15178900.0
2021-10-26,42.119998931884766,42.119998931884766,41.400001525878906,41.47999954223633,30385600.0
2021-10-27,41.0099983215332,41.43000030517578,40.97999954223633,41.0099983215332,26347200.0
2021-10-28,40.88999938964844,41.130001068115234,40.630001068115234,41.099998474121094,23245600.0
2021-10-29,40.650001525878906,40.72999954223633,40.16999816894531,40.33000183105469,28991000.0
2021-11-01,40.2400016784668,41.08000183105469,40.220001220703125,41.060001373291016,26074900.0
2021-11-02,40.27000045776367,40.279998779296875,39.88999938964844,39.939998626708984,33320300.0
2021-11-03,40.08000183105469,40.33000183105469,39.880001068115234,40.279998779296875,24156900.0
2021-11-04,40.52000045776367,40.540000915527344,39.97999954223633,40.040000915527344,21496100.0
2021-11-05,39.93000030517578,39.970001220703125,39.2599983215332,39.34000015258789,27004600.0
2021-11-08,39.68000030517578,39.81999969482422,39.52000045776367,39.779998779296875,26559700.0
2021-11-09,39.58000183105469,39.84000015258789,39.349998474121094,39.459999084472656,29751900.0
2021-11-10,39.83000183105469,40.15999984741211,39.58000183105469,39.81999969482422,29855600.0
2021-11-11,40.83000183105469,41.40999984741211,40.7400016784668,41.400001525878906,56716600.0
2021-11-12,41.119998931884766,41.470001220703125,41.040000915527344,41.41999816894531,26606400.0
2021-11-15,41.459999084472656,41.470001220703125,41.11000061035156,41.11000061035156,24685600.0
2021-11-16,41.68000030517578,41.79999923706055,41.380001068115234,41.630001068115234,27896300.0
2021-11-17,41.77000045776367,41.77000045776367,41.08000183105469,41.15999984741211,23236700.0
2021-11-18,40.5099983215332,40.56999969482422,40.06999969482422,40.27000045776367,35991200.0
2021-11-19,40.5,40.810001373291016,40.439998626708984,40.5099983215332,18672800.0
2021-11-22,40.36000061035156,40.45000076293945,39.790000915527344,39.9900016784668,23948900.0
2021-11-23,39.959999084472656,40.18000030517578,39.650001525878906,39.779998779296875,22079600.0
2021-11-24,39.61000061035156,39.93000030517578,39.45000076293945,39.88999938964844,19579600.0
2021-11-26,38.939998626708984,39.02000045776367,38.5,38.77000045776367,33937200.0
2021-11-29,38.84000015258789,38.849998474121094,38.279998779296875,38.400001525878906,25197300.0
2021-11-30,38.290000915527344,38.54999923706055,37.83000183105469,38.189998626708984,39205300.0
2021-12-01,38.61000061035156,38.97999954223633,38.099998474121094,38.099998474121094,36357400.0
2021-12-02,38.58000183105469,38.880001068115234,38.04999923706055,38.36000061035156,49075500.0
2021-12-03,38.290000915527344,38.33000183105469,37.130001068115234,37.470001220703125,50425800.0
2021-12-06,37.33000183105469,38.20000076293945,37.189998626708984,38.18000030517578,40765000.0
2021-12-07,38.79999923706055,38.88999938964844,38.58000183105469,38.689998626708984,33573900.0
2021-12-08,38.61000061035156,39.04999923706055,38.470001220703125,38.86000061035156,30989100.0
2021-12-09,38.790000915527344,39.16999816894531,38.72999954223633,38.869998931884766,25096100.0
2021-12-10,38.83000183105469,39.02000045776367,38.689998626708984,38.86000061035156,20489700.0
2021-12-13,38.189998626708984,38.189998626708984,37.59000015258789,37.77000045776367,29845400.0
2021-12-14,37.22999954223633,37.720001220703125,37.20000076293945,37.68000030517578,30267000.0
2021-12-15,36.900001525878906,36.900001525878906,36.11000061035156,36.59000015258789,60296100.0
2021-12-16,37.15999984741211,37.41999816894531,36.720001220703125,36.779998779296875,37298800.0
2021-12-17,36.22999954223633,36.56999969482422,36.029998779296875,36.34000015258789,33069100.0
2021-12-20,35.7599983215332,35.79999923706055,35.380001068115234,35.56999969482422,35018200.0
2021-12-21,35.900001525878906,36.65999984741211,35.900001525878906,36.619998931884766,30001200.0
2021-12-22,36.25,36.56999969482422,36.09000015258789,36.540000915527344,20008300.0
2021-12-23,36.31999969482422,36.68000030517578,36.16999816894531,36.630001068115234,14961100.0
2021-12-27,36.439998626708984,36.869998931884766,36.439998626708984,36.529998779296875,22306500.0
2021-12-28,36.380001068115234,36.380001068115234,36.060001373291016,36.11000061035156,21858800.0
2021-12-29,35.86000061035156,35.90999984741211,35.41999816894531,35.689998626708984,23265500.0
2021-12-30,35.79999923706055,37.18000030517578,35.790000915527344,36.9900016784668,48073500.0
2021-12-31,36.72999954223633,37.08000183105469,36.560001373291016,36.58000183105469,23098000.0
2022-01-03,36.459999084472656,36.599998474121094,36.029998779296875,36.54999923706055,24485200.0
2022-01-04,36.290000915527344,36.290000915527344,35.75,35.88999938964844,35152700.0
2022-01-05,35.45000076293945,35.9900016784668,35.22999954223633,35.2400016784668,39640800.0
2022-01-06,35.59000015258789,36.06999969482422,35.41999816894531,35.86000061035156,40368500.0
2022-01-07,36.41999816894531,36.81999969482422,36.31999969482422,36.630001068115234,37717600.0
2022-01-10,36.75,36.93000030517578,36.369998931884766,36.650001525878906,35178200.0
2022-01-11,36.93000030517578,37.84000015258789,36.7599983215332,37.81999969482422,44663100.0
2022-01-12,38.54999923706055,38.81999969482422,38.290000915527344,38.65999984741211,44415400.0
2022-01-13,38.349998474121094,38.349998474121094,37.70000076293945,37.7400016784668,36251300.0
2022-01-14,38.0,38.20000076293945,37.81999969482422,38.119998931884766,33318000.0
2022-01-18,37.34000015258789,37.869998931884766,37.22999954223633,37.70000076293945,42130000.0
2022-01-19,37.880001068115234,38.08000183105469,37.720001220703125,37.86000061035156,31720000.0
2022-01-20,39.380001068115234,39.779998779296875,38.91999816894531,39.029998779296875,52575000.0
2022-01-21,39.02000045776367,39.060001373291016,38.209999084472656,38.2599983215332,39613300.0
2022-01-24,37.810001373291016,37.81999969482422,36.900001525878906,37.650001525878906,49727800.0
2022-01-25,37.5,37.95000076293945,37.380001068115234,37.689998626708984,37831000.0
2022-01-26,37.86000061035156,37.880001068115234,36.90999984741211,36.970001220703125,39073600.0
2022-01-27,36.75,36.77000045776367,36.27000045776367,36.310001373291016,37942900.0
2022-01-28,36.04999923706055,36.20000076293945,35.61000061035156,36.20000076293945,32211300.0
2022-01-31,36.91999816894531,37.959999084472656,36.810001373291016,37.939998626708984,45325300.0
2022-02-01,38.040000915527344,38.20000076293945,37.65999984741211,38.189998626708984,27685700.0
2022-02-02,38.349998474121094,38.369998931884766,37.560001373291016,37.86000061035156,24978000.0
2022-02-03,37.599998474121094,37.939998626708984,37.43000030517578,37.630001068115234,29765000.0
2022-02-04,37.59000015258789,38.099998474121094,37.529998779296875,37.97999954223633,34561500.0
2022-02-07,37.790000915527344,37.95000076293945,37.599998474121094,37.75,26002800.0
2022-02-08,37.45000076293945,38.119998931884766,37.43000030517578,38.119998931884766,28352700.0
2022-02-09,38.41999816894531,38.790000915527344,38.2599983215332,38.77000045776367,35321900.0
2022-02-10,38.18000030517578,38.900001525878906,38.119998931884766,38.29999923706055,29612300.0
2022-02-11,38.31999969482422,38.4900016784668,37.54999923706055,37.650001525878906,41388700.0
2022-02-14,37.439998626708984,37.4900016784668,37.08000183105469,37.290000915527344,32253900.0
2022-02-15,37.4900016784668,37.880001068115234,37.41999816894531,37.86000061035156,32642700.0
2022-02-16,37.81999969482422,38.2599983215332,37.720001220703125,38.099998474121094,26391300.0
2022-02-17,38.02000045776367,38.34000015258789,37.689998626708984,37.790000915527344,32792200.0
2022-02-18,37.18000030517578,37.189998626708984,36.61000061035156,36.709999084472656,43084400.0
2022-02-22,35.900001525878906,36.099998474121094,35.59000015258789,35.72999954223633,43295100.0
2022-02-23,36.02000045776367,36.060001373291016,35.290000915527344,35.310001373291016,28959300.0
2022-02-24,33.900001525878906,35.119998931884766,33.869998931884766,35.04999923706055,47219600.0
2022-02-25,34.81999969482422,35.2599983215332,34.5099983215332,35.220001220703125,37215400.0
2022-02-28,34.65999984741211,35.0099983215332,34.599998474121094,34.900001525878906,42867400.0
2022-03-01,34.810001373291016,35.25,34.630001068115234,34.83000183105469,38538900.0
2022-03-02,34.83000183105469,34.86000061035156,34.220001220703125,34.56999969482422,32643800.0
2022-03-03,34.380001068115234,34.470001220703125,33.63999938964844,33.689998626708984,37919400.0
2022-03-04,33.16999816894531,33.4900016784668,32.849998474121094,32.970001220703125,38165000.0
2022-03-07,32.220001220703125,32.58000183105469,31.719999313354492,31.719999313354492,52304600.0
2022-03-08,31.59000015258789,31.829999923706055,31.0,31.270000457763672,62576800.0
2022-03-09,31.520000457763672,31.84000015258789,31.270000457763672,31.790000915527344,40442000.0
2022-03-10,30.809999465942383,30.809999465942383,30.260000228881836,30.350000381469727,59032900.0
2022-03-11,30.559999465942383,30.6299991607666,29.049999237060547,29.06999969482422,54458400.0
2022-03-14,27.770000457763672,28.15999984741211,27.059999465942383,27.1200008392334,88118800.0
2022-03-15,26.440000534057617,27.469999313354492,26.1299991607666,27.06999969482422,116703800.0
2022-03-16,30.239999771118164,32.970001220703125,29.860000610351562,32.81999969482422,165327100.0
2022-03-17,31.729999542236328,31.739999771118164,30.850000381469727,31.610000610351562,80360700.0
2022-03-18,31.639999389648438,33.4900016784668,31.520000457763672,33.16999816894531,91834000.0
2022-03-21,31.84000015258789,32.20000076293945,31.229999542236328,31.780000686645508,79505500.0
2022-03-22,32.959999084472656,33.43000030517578,32.779998779296875,33.18000030517578,50885700.0
2022-03-23,32.68000030517578,33.66999816894531,32.369998931884766,32.970001220703125,46903400.0
2022-03-24,32.5,32.720001220703125,32.11000061035156,32.61000061035156,53219500.0
2022-03-25,31.829999923706055,32.22999954223633,31.690000534057617,32.119998931884766,34425100.0
2022-03-28,32.40999984741211,32.720001220703125,32.189998626708984,32.619998931884766,35459300.0
2022-03-29,33.45000076293945,33.72999954223633,33.20000076293945,33.31999969482422,44333700.0
2022-03-30,33.11000061035156,33.619998931884766,33.060001373291016,33.13999938964844,44718800.0
2022-03-31,32.7400016784668,32.77000045776367,31.959999084472656,31.969999313354492,42766000.0
2022-04-01,33.4900016784668,33.779998779296875,32.959999084472656,33.20000076293945,53655700.0
2022-04-04,33.970001220703125,34.38999938964844,33.779998779296875,34.33000183105469,40553900.0
2022-04-05,34.150001525878906,34.15999984741211,33.36000061035156,33.38999938964844,40696000.0
2022-04-06,32.97999954223633,33.04999923706055,32.459999084472656,32.7400016784668,43614200.0
2022-04-07,32.540000915527344,32.63999938964844,32.029998779296875,32.25,34133700.0
2022-04-08,32.310001373291016,32.599998474121094,32.189998626708984,32.279998779296875,26536000.0
2022-04-11,31.700000762939453,31.959999084472656,31.420000076293945,31.510000228881836,49128500.0
2022-04-12,31.940000534057617,31.969999313354492,31.34000015258789,31.389999389648438,41435800.0
2022-04-13,31.59000015258789,32.08000183105469,31.489999771118164,32.0,32892200.0
2022-04-14,31.93000030517578,32.0,31.6200008392334,31.639999389648438,24839600.0
2022-04-18,31.290000915527344,31.510000228881836,30.979999542236328,31.350000381469727,33395600.0
2022-04-19,30.860000610351562,31.09000015258789,30.530000686645508,31.040000915527344,29185400.0
2022-04-20,30.8799991607666,30.90999984741211,30.1299991607666,30.1299991607666,44591000.0
2022-04-21,30.06999969482422,30.18000030517578,29.190000534057617,29.239999771118164,51838700.0
2022-04-22,29.729999542236328,30.329999923706055,29.469999313354492,29.510000228881836,47891500.0
2022-04-25,28.6299991607666,29.229999542236328,28.520000457763672,29.18000030517578,54395300.0
2022-04-26,29.020000457763672,29.040000915527344,28.549999237060547,28.559999465942383,37826400.0
2022-04-27,29.110000610351562,29.700000762939453,29.110000610351562,29.469999313354492,61489600.0
2022-04-28,29.75,29.850000381469727,29.239999771118164,29.700000762939453,38035800.0
2022-04-29,31.59000015258789,31.790000915527344,30.8799991607666,30.940000534057617,66729000.0
2022-05-02,30.809999465942383,31.18000030517578,30.479999542236328,31.06999969482422,48913900.0
2022-05-03,31.489999771118164,31.690000534057617,31.25,31.520000457763672,37495400.0
2022-05-04,30.850000381469727,31.690000534057617,30.68000030517578,31.65999984741211,42018300.0
2022-05-05,30.6299991607666,30.760000228881836,29.719999313354492,30.0,52242800.0
2022-05-06,29.559999465942383,29.65999984741211,29.0,29.06999969482422,52125000.0
2022-05-09,28.440000534057617,28.709999084472656,27.889999389648438,28.010000228881836,57234900.0
2022-05-10,28.68000030517578,28.739999771118164,27.989999771118164,28.329999923706055,46312300.0
2022-05-11,28.93000030517578,29.260000228881836,28.280000686645508,28.34000015258789,42376600.0
2022-05-12,28.25,28.719999313354492,27.829999923706055,28.34000015258789,47234600.0
2022-05-13,28.959999084472656,29.6299991607666,28.940000534057617,29.610000610351562,39524800.0
2022-05-16,29.469999313354492,29.780000686645508,29.34000015258789,29.56999969482422,17894400.0
2022-05-17,30.670000076293945,30.829999923706055,30.100000381469727,30.469999313354492,38858300.0
2022-05-18,30.110000610351562,30.31999969482422,29.59000015258789,29.6200008392334,29222100.0
2022-05-19,29.75,30.450000762939453,29.739999771118164,30.299999237060547,31645700.0
2022-05-20,30.700000762939453,30.889999389648438,29.959999084472656,30.420000076293945,31331700.0
2022-05-23,30.389999389648438,30.43000030517578,30.110000610351562,30.350000381469727,23514100.0
2022-05-24,29.670000076293945,29.690000534057617,29.06999969482422,29.190000534057617,44341600.0
2022-05-25,29.459999084472656,29.68000030517578,29.31999969482422,29.559999465942383,28305100.0
2022-05-26,29.719999313354492,30.799999237060547,29.700000762939453,30.719999313354492,45761600.0
2022-05-27,30.81999969482422,30.940000534057617,30.489999771118164,30.940000534057617,20686100.0
2022-05-31,32.31999969482422,32.400001525878906,31.81999969482422,31.860000610351562,49882400.0
2022-06-01,32.040000915527344,32.119998931884766,31.299999237060547,31.530000686645508,36496000.0
2022-06-02,31.65999984741211,32.470001220703125,31.639999389648438,32.439998626708984,31535600.0
2022-06-03,32.13999938964844,32.22999954223633,31.81999969482422,31.8700008392334,32678700.0
2022-06-06,33.0,33.220001220703125,32.56999969482422,32.75,42953600.0
2022-06-07,32.68000030517578,33.279998779296875,32.560001373291016,33.25,30512100.0
2022-06-08,33.7400016784668,34.29999923706055,33.619998931884766,34.15999984741211,56216100.0
2022-06-09,33.369998931884766,33.560001373291016,32.70000076293945,32.720001220703125,49351400.0
2022-06-10,33.11000061035156,33.31999969482422,32.5,32.7400016784668,32614700.0
2022-06-13,31.8700008392334,32.119998931884766,31.1299991607666,31.309999465942383,48884100.0
2022-06-14,31.90999984741211,32.41999816894531,31.790000915527344,32.279998779296875,42078600.0
2022-06-15,32.75,33.130001068115234,32.38999938964844,32.91999816894531,47354200.0
2022-06-16,31.75,31.959999084472656,31.43000030517578,31.649999618530273,47397200.0
2022-06-17,32.880001068115234,32.9900016784668,31.969999313354492,32.22999954223633,52803400.0
2022-06-21,32.93000030517578,33.15999984741211,32.7400016784668,33.029998779296875,42013600.0
2022-06-22,32.380001068115234,32.77000045776367,32.33000183105469,32.439998626708984,33056300.0
2022-06-23,32.90999984741211,33.279998779296875,32.529998779296875,32.939998626708984,42129100.0
2022-06-24,33.5,33.88999938964844,33.41999816894531,33.84000015258789,44152600.0
2022-06-27,34.43000030517578,34.5099983215332,34.0099983215332,34.119998931884766,33253600.0
2022-06-28,34.54999923706055,34.83000183105469,34.029998779296875,34.130001068115234,28928700.0
2022-06-29,33.810001373291016,33.959999084472656,33.66999816894531,33.939998626708984,26596600.0
2022-06-30,33.599998474121094,33.91999816894531,33.2400016784668,33.90999984741211,42275600.0
2022-07-01,33.72999954223633,34.119998931884766,33.47999954223633,33.939998626708984,40276600.0
2022-07-05,33.290000915527344,33.83000183105469,33.08000183105469,33.779998779296875,44097000.0
2022-07-06,33.5,33.54999923706055,32.970001220703125,33.349998474121094,38022800.0
2022-07-07,33.77000045776367,34.2599983215332,33.70000076293945,34.06999969482422,35909200.0
2022-07-08,33.66999816894531,33.91999816894531,33.45000076293945,33.619998931884766,31902400.0
2022-07-11,32.4900016784668,32.540000915527344,32.060001373291016,32.16999816894531,49526000.0
2022-07-12,32.04999923706055,32.16999816894531,31.75,31.979999542236328,29610000.0
2022-07-13,31.360000610351562,32.029998779296875,31.309999465942383,31.739999771118164,33039500.0
2022-07-14,31.489999771118164,31.510000228881836,31.09000015258789,31.290000915527344,36673500.0
2022-07-15,30.959999084472656,31.040000915527344,30.420000076293945,31.030000686645508,35448500.0
2022-07-18,31.860000610351562,32.150001525878906,31.559999465942383,31.6299991607666,33670000.0
2022-07-19,31.81999969482422,32.0,31.6200008392334,31.950000762939453,26265400.0
2022-07-20,31.8700008392334,32.0099983215332,31.56999969482422,31.75,26856500.0
2022-07-21,31.6299991607666,32.0099983215332,31.6299991607666,32.0099983215332,23871100.0
2022-07-22,31.770000457763672,31.809999465942383,31.209999084472656,31.299999237060547,24651300.0
2022-07-25,31.479999542236328,31.579999923706055,31.290000915527344,31.559999465942383,25447100.0
2022-07-26,31.8799991607666,31.989999771118164,31.3799991607666,31.450000762939453,18563700.0
2022-07-27,31.559999465942383,31.860000610351562,31.280000686645508,31.809999465942383,24480000.0
2022-07-28,31.549999237060547,31.639999389648438,30.920000076293945,31.399999618530273,25356800.0
2022-07-29,30.239999771118164,30.440000534057617,30.06999969482422,30.3799991607666,42773700.0
2022-08-01,29.950000762939453,30.15999984741211,29.6200008392334,29.969999313354492,33022000.0
2022-08-02,29.3799991607666,30.209999084472656,29.280000686645508,29.760000228881836,54806900.0
2022-08-03,29.719999313354492,30.079999923706055,29.520000457763672,30.010000228881836,27209200.0
2022-08-04,30.639999389648438,30.850000381469727,30.290000915527344,30.479999542236328,30154000.0
2022-08-05,29.93000030517578,30.190000534057617,29.860000610351562,30.139999389648438,21419300.0
2022-08-08,29.989999771118164,30.139999389648438,29.809999465942383,29.8700008392334,18352500.0
2022-08-09,29.81999969482422,29.959999084472656,29.6299991607666,29.68000030517578,16900200.0
2022-08-10,29.350000381469727,29.579999923706055,29.1200008392334,29.530000686645508,23083700.0
2022-08-11,29.989999771118164,30.610000610351562,29.969999313354492,30.06999969482422,35109500.0
2022-08-12,29.719999313354492,30.239999771118164,29.709999084472656,30.239999771118164,19525000.0
2022-08-15,29.8799991607666,30.15999984741211,29.829999923706055,30.079999923706055,18439300.0
2022-08-16,29.649999618530273,29.84000015258789,29.600000381469727,29.729999542236328,20140400.0
2022-08-17,29.690000534057617,29.899999618530273,29.6200008392334,29.670000076293945,27302100.0
2022-08-18,29.520000457763672,29.540000915527344,29.15999984741211,29.350000381469727,25479100.0
2022-08-19,29.280000686645508,29.440000534057617,29.110000610351562,29.18000030517578,25977900.0
2022-08-22,29.329999923706055,29.559999465942383,29.329999923706055,29.399999618530273,25185800.0
2022-08-23,29.270000457763672,29.440000534057617,28.959999084472656,29.350000381469727,22461600.0
2022-08-24,28.93000030517578,29.809999465942383,28.860000610351562,29.479999542236328,30344400.0
2022-08-25,30.299999237060547,30.959999084472656,30.15999984741211,30.959999084472656,77117600.0
2022-08-26,31.649999618530273,31.719999313354492,30.65999984741211,30.700000762939453,39041400.0
2022-08-29,30.6299991607666,30.950000762939453,30.399999618530273,30.420000076293945,24128500.0
2022-08-30,30.170000076293945,30.239999771118164,29.489999771118164,29.600000381469727,50495600.0
2022-08-31,30.399999618530273,30.649999618530273,30.139999389648438,30.209999084472656,33956700.0
2022-09-01,29.81999969482422,29.969999313354492,29.549999237060547,29.8700008392334,31903100.0
2022-09-02,29.56999969482422,29.65999984741211,29.209999084472656,29.260000228881836,32560400.0
2022-09-06,28.959999084472656,28.989999771118164,28.65999984741211,28.68000030517578,28090700.0
2022-09-07,28.719999313354492,29.09000015258789,28.600000381469727,29.030000686645508,23371300.0
2022-09-08,28.540000915527344,28.770000457763672,28.420000076293945,28.65999984741211,29173500.0
2022-09-09,29.280000686645508,29.520000457763672,29.229999542236328,29.3700008392334,27717800.0
2022-09-12,29.559999465942383,29.770000457763672,29.3799991607666,29.75,25003300.0
2022-09-13,28.790000915527344,29.059999465942383,28.459999084472656,28.5,44055700.0
2022-09-14,28.520000457763672,28.56999969482422,28.31999969482422,28.530000686645508,26794500.0
2022-09-15,28.43000030517578,28.719999313354492,28.31999969482422,28.420000076293945,25181000.0
2022-09-16,28.1200008392334,28.139999389648438,27.860000610351562,27.989999771118164,28082200.0
2022-09-19,27.760000228881836,28.09000015258789,27.739999771118164,28.09000015258789,22361600.0
2022-09-20,27.959999084472656,28.110000610351562,27.780000686645508,27.8700008392334,23566800.0
2022-09-21,27.559999465942383,27.59000015258789,27.110000610351562,27.1299991607666,33565700.0
2022-09-22,27.209999084472656,27.329999923706055,26.959999084472656,26.969999313354492,19166200.0
2022-09-23,26.56999969482422,26.690000534057617,26.420000076293945,26.610000610351562,53997900.0
2022-09-26,26.860000610351562,27.06999969482422,26.729999542236328,26.770000457763672,34716700.0
2022-09-27,26.8700008392334,27.1299991607666,26.3700008392334,26.530000686645508,57383500.0
2022-09-28,26.219999313354492,26.8700008392334,26.15999984741211,26.81999969482422,28951300.0
2022-09-29,26.059999465942383,26.09000015258789,25.719999313354492,25.950000762939453,35587900.0
2022-09-30,25.75,26.149999618530273,25.739999771118164,25.860000610351562,30430900.0
2022-10-03,25.809999465942383,26.049999237060547,25.649999618530273,25.969999313354492,24684200.0
2022-10-04,26.579999923706055,27.270000457763672,26.540000915527344,27.020000457763672,62108200.0
2022-10-05,27.170000076293945,27.389999389648438,26.969999313354492,27.219999313354492,36720500.0
2022-10-06,27.020000457763672,27.229999542236328,26.93000030517578,27.010000228881836,23202100.0
2022-10-07,26.6299991607666,26.75,26.329999923706055,26.3700008392334,34014800.0
2022-10-10,25.90999984741211,25.920000076293945,25.479999542236328,25.56999969482422,32658300.0
2022-10-11,25.06999969482422,25.18000030517578,24.700000762939453,24.8700008392334,38691800.0
2022-10-12,24.75,25.040000915527344,24.65999984741211,24.709999084472656,26592400.0
2022-10-13,23.940000534057617,24.700000762939453,23.780000686645508,24.5,42197100.0
2022-10-14,24.829999923706055,24.850000381469727,24.139999389648438,24.15999984741211,28036100.0
2022-10-17,24.729999542236328,25.059999465942383,24.700000762939453,24.899999618530273,29210200.0
2022-10-18,25.170000076293945,25.229999542236328,24.540000915527344,24.700000762939453,30537000.0
2022-10-19,24.09000015258789,24.18000030517578,23.59000015258789,23.65999984741211,39803300.0
2022-10-20,23.739999771118164,24.260000228881836,23.709999084472656,23.770000457763672,30604700.0
2022-10-21,23.610000610351562,23.93000030517578,23.43000030517578,23.920000076293945,31666500.0
2022-10-24,21.75,21.760000228881836,20.940000534057617,21.530000686645508,101762200.0
2022-10-25,22.010000228881836,22.18000030517578,21.850000381469727,21.940000534057617,39349500.0
2022-10-26,21.969999313354492,22.959999084472656,21.940000534057617,22.760000228881836,65959400.0
2022-10-27,22.260000228881836,22.59000015258789,22.139999389648438,22.15999984741211,52382400.0
2022-10-28,21.389999389648438,21.549999237060547,21.229999542236328,21.540000915527344,35759000.0
2022-10-31,20.920000076293945,21.15999984741211,20.8700008392334,20.950000762939453,36103700.0
2022-11-01,22.149999618530273,22.270000457763672,21.809999465942383,21.84000015258789,52793400.0
2022-11-02,22.030000686645508,22.40999984741211,21.8799991607666,21.940000534057617,62052300.0
2022-11-03,21.600000381469727,22.280000686645508,21.59000015258789,22.15999984741211,45230100.0
2022-11-04,23.75,23.850000381469727,23.209999084472656,23.84000015258789,82292500.0
2022-11-07,24.170000076293945,24.3700008392334,23.84000015258789,23.959999084472656,37483900.0
2022-11-08,23.790000915527344,24.079999923706055,23.559999465942383,23.940000534057617,28763700.0
2022-11-09,23.34000015258789,23.40999984741211,22.950000762939453,22.959999084472656,49711100.0
2022-11-10,24.06999969482422,24.40999984741211,23.969999313354492,24.360000610351562,53806200.0
2022-11-11,25.299999237060547,25.610000610351562,25.15999984741211,25.450000762939453,66301300.0
2022-11-14,25.700000762939453,25.829999923706055,25.450000762939453,25.59000015258789,39972200.0
2022-11-15,26.93000030517578,27.1299991607666,26.600000381469727,26.90999984741211,65263900.0
2022-11-16,26.649999618530273,26.700000762939453,26.219999313354492,26.309999465942383,33901700.0
2022-11-17,25.739999771118164,26.979999542236328,25.719999313354492,26.93000030517578,51788600.0
2022-11-18,26.3799991607666,26.389999389648438,26.010000228881836,26.09000015258789,50705300.0
2022-11-21,25.760000228881836,25.940000534057617,25.59000015258789,25.690000534057617,42197100.0
2022-11-22,25.280000686645508,25.510000228881836,25.170000076293945,25.440000534057617,27663300.0
2022-11-23,25.68000030517578,25.860000610351562,25.600000381469727,25.770000457763672,23211100.0
2022-11-25,25.459999084472656,25.540000915527344,25.31999969482422,25.329999923706055,18347200.0
2022-11-28,25.190000534057617,25.8700008392334,25.170000076293945,25.549999237060547,31337800.0
2022-11-29,26.739999771118164,26.979999542236328,26.670000076293945,26.850000381469727,57973200.0
2022-11-30,27.739999771118164,28.3700008392334,27.68000030517578,28.15999984741211,85043200.0
2022-12-01,27.809999465942383,28.020000457763672,27.59000015258789,27.739999771118164,52796700.0
2022-12-02,27.489999771118164,28.700000762939453,27.43000030517578,28.530000686645508,63439100.0
2022-12-05,28.969999313354492,29.0,28.309999465942383,28.440000534057617,34671300.0
2022-12-06,28.899999618530273,29.059999465942383,28.579999923706055,28.799999237060547,42318600.0
2022-12-07,28.040000915527344,28.3700008392334,27.8799991607666,28.18000030517578,45339100.0
2022-12-08,28.979999542236328,29.209999084472656,28.81999969482422,29.100000381469727,58069000.0
2022-12-09,29.3799991607666,29.479999542236328,28.93000030517578,28.950000762939453,40721300.0
2022-12-12,28.760000228881836,28.780000686645508,28.299999237060547,28.610000610351562,43727900.0
2022-12-13,28.90999984741211,29.1299991607666,28.209999084472656,28.360000610351562,52967700.0
2022-12-14,28.440000534057617,28.690000534057617,28.299999237060547,28.540000915527344,43071400.0
2022-12-15,28.6299991607666,28.8799991607666,27.75,27.860000610351562,57039200.0
2022-12-16,28.06999969482422,28.299999237060547,27.93000030517578,27.940000534057617,31091900.0
2022-12-19,28.100000381469727,28.139999389648438,27.75,27.780000686645508,21400800.0
2022-12-20,27.3700008392334,27.719999313354492,27.34000015258789,27.360000610351562,29347600.0
2022-12-21,27.600000381469727,28.149999618530273,27.440000534057617,28.1299991607666,32659000.0
2022-12-22,28.219999313354492,28.360000610351562,27.739999771118164,27.959999084472656,25586100.0
2022-12-23,28.110000610351562,28.18000030517578,27.770000457763672,27.799999237060547,17315100.0
2022-12-27,28.399999618530273,29.309999465942383,28.299999237060547,29.1200008392334,59256500.0
2022-12-28,28.809999465942383,28.899999618530273,28.15999984741211,28.15999984741211,46898800.0
2022-12-29,28.59000015258789,29.020000457763672,28.479999542236328,29.010000228881836,44262100.0
2022-12-30,28.5,28.75,28.239999771118164,28.299999237060547,32770400.0
2023-01-03,29.059999465942383,29.540000915527344,29.040000915527344,29.31999969482422,41414500.0
2023-01-04,30.350000381469727,31.190000534057617,30.200000762939453,31.190000534057617,70109100.0
2023-01-05,30.690000534057617,31.229999542236328,30.610000610351562,31.1200008392334,37011500.0
2023-01-06,30.850000381469727,31.25,30.59000015258789,31.200000762939453,39044800.0
2023-01-09,31.559999465942383,31.610000610351562,31.15999984741211,31.200000762939453,36571700.0
2023-01-10,31.34000015258789,31.6200008392334,31.149999618530273,31.59000015258789,35854800.0
2023-01-11,31.690000534057617,32.029998779296875,31.540000915527344,31.90999984741211,40911100.0
2023-01-12,31.75,31.75,31.329999923706055,31.639999389648438,52925100.0
2023-01-13,31.760000228881836,32.13999938964844,31.75,32.09000015258789,51831500.0
2023-01-17,31.639999389648438,31.670000076293945,31.329999923706055,31.389999389648438,48179600.0
2023-01-18,31.719999313354492,31.799999237060547,31.06999969482422,31.079999923706055,33976600.0
2023-01-19,31.40999984741211,31.799999237060547,31.389999389648438,31.700000762939453,48123500.0
2023-01-20,32.13999938964844,32.5099983215332,32.029998779296875,32.4900016784668,59463200.0
2023-01-23,32.75,33.040000915527344,32.560001373291016,32.849998474121094,32347300.0
2023-01-24,32.630001068115234,32.869998931884766,32.54999923706055,32.790000915527344,24177600.0
2023-01-25,32.70000076293945,32.880001068115234,32.38999938964844,32.86000061035156,22232000.0
2023-01-26,33.220001220703125,33.34000015258789,33.0099983215332,33.290000915527344,34186800.0
2023-01-27,33.36000061035156,33.380001068115234,33.04999923706055,33.22999954223633,30644900.0
2023-01-30,32.209999084472656,32.34000015258789,31.8799991607666,32.0,60027600.0
2023-01-31,31.780000686645508,31.969999313354492,31.579999923706055,31.799999237060547,39135900.0
2023-02-01,32.25,32.68000030517578,32.029998779296875,32.5099983215332,43140700.0
2023-02-02,32.279998779296875,32.290000915527344,31.739999771118164,31.8700008392334,46926200.0
2023-02-03,31.43000030517578,31.59000015258789,31.040000915527344,31.09000015258789,45202600.0
2023-02-06,30.399999618530273,30.690000534057617,30.229999542236328,30.6200008392334,38468200.0
2023-02-07,30.8799991607666,30.989999771118164,30.5,30.8799991607666,26173500.0
2023-02-08,30.639999389648438,30.690000534057617,30.299999237060547,30.450000762939453,21434700.0
2023-02-09,31.25,31.350000381469727,30.920000076293945,31.020000457763672,42052600.0
2023-02-10,30.440000534057617,30.489999771118164,29.969999313354492,30.139999389648438,42700100.0
2023-02-13,30.559999465942383,30.770000457763672,30.40999984741211,30.639999389648438,25953400.0
2023-02-14,30.149999618530273,30.450000762939453,30.020000457763672,30.360000610351562,23639900.0
2023-02-15,29.899999618530273,30.1200008392334,29.81999969482422,30.1200008392334,29624100.0
2023-02-16,29.899999618530273,30.34000015258789,29.829999923706055,30.139999389648438,26926900.0
2023-02-17,29.610000610351562,29.690000534057617,29.34000015258789,29.530000686645508,35919100.0
2023-02-21,29.290000915527344,29.520000457763672,29.15999984741211,29.190000534057617,29086200.0
2023-02-22,29.149999618530273,29.25,28.81999969482422,28.940000534057617,28235900.0
2023-02-23,29.3799991607666,29.440000534057617,28.579999923706055,28.780000686645508,32680800.0
2023-02-24,28.0,28.190000534057617,27.75,27.90999984741211,47134000.0
2023-02-27,28.309999465942383,28.34000015258789,28.1299991607666,28.280000686645508,29314700.0
2023-02-28,28.020000457763672,28.219999313354492,27.8799991607666,27.959999084472656,29855600.0
2023-03-01,29.260000228881836,29.31999969482422,28.989999771118164,29.1200008392334,52401000.0
2023-03-02,29.079999923706055,29.68000030517578,29.020000457763672,29.649999618530273,33063200.0
2023-03-03,29.56999969482422,29.68000030517578,29.489999771118164,29.610000610351562,19891200.0
2023-03-06,29.420000076293945,29.59000015258789,29.25,29.280000686645508,22389700.0
2023-03-07,29.110000610351562,29.1299991607666,28.709999084472656,28.75,36243400.0
2023-03-08,28.40999984741211,28.559999465942383,28.34000015258789,28.440000534057617,22861200.0
2023-03-09,27.989999771118164,27.989999771118164,27.309999465942383,27.389999389648438,51528000.0
2023-03-10,27.34000015258789,27.59000015258789,27.200000762939453,27.3700008392334,36041000.0
2023-03-13,27.40999984741211,27.75,27.34000015258789,27.540000915527344,45574600.0
2023-03-14,27.469999313354492,27.770000457763672,27.3700008392334,27.719999313354492,24365000.0
2023-03-15,27.260000228881836,27.3799991607666,26.989999771118164,27.329999923706055,45984600.0
2023-03-16,27.170000076293945,27.719999313354492,27.149999618530273,27.68000030517578,30243900.0
2023-03-17,27.81999969482422,27.889999389648438,27.40999984741211,27.610000610351562,27744000.0
2023-03-20,27.3799991607666,27.829999923706055,27.280000686645508,27.59000015258789,25374700.0
2023-03-21,27.850000381469727,28.049999237060547,27.760000228881836,27.979999542236328,30148500.0
2023-03-22,28.239999771118164,28.479999542236328,28.049999237060547,28.06999969482422,21821700.0
2023-03-23,29.010000228881836,29.309999465942383,28.709999084472656,28.950000762939453,42660300.0
2023-03-24,28.6200008392334,28.93000030517578,28.6200008392334,28.829999923706055,19786700.0
2023-03-27,28.280000686645508,28.360000610351562,28.09000015258789,28.239999771118164,28465400.0
2023-03-28,29.06999969482422,29.420000076293945,28.950000762939453,29.399999618530273,45880000.0
2023-03-29,29.290000915527344,29.540000915527344,29.09000015258789,29.40999984741211,31586300.0
2023-03-30,29.709999084472656,30.010000228881836,29.6200008392334,29.90999984741211,38117000.0
2023-03-31,29.68000030517578,29.780000686645508,29.450000762939453,29.530000686645508,27696400.0
2023-04-03,29.5,29.56999969482422,29.299999237060547,29.399999618530273,27890700.0
2023-04-04,29.1299991607666,29.350000381469727,29.010000228881836,29.270000457763672,39701900.0
2023-04-05,29.200000762939453,29.200000762939453,28.75,28.93000030517578,34422400.0
2023-04-06,28.959999084472656,29.40999984741211,28.889999389648438,29.290000915527344,29216900.0
2023-04-10,29.059999465942383,29.200000762939453,28.959999084472656,29.190000534057617,23139700.0
2023-04-11,29.459999084472656,29.530000686645508,29.18000030517578,29.209999084472656,31524000.0
2023-04-12,29.040000915527344,29.079999923706055,28.329999923706055,28.40999984741211,44014100.0
2023-04-13,29.0,29.1299991607666,28.920000076293945,29.06999969482422,29611900.0
2023-04-14,28.93000030517578,28.979999542236328,28.610000610351562,28.709999084472656,21020200.0
2023-04-17,29.389999389648438,29.5,29.25,29.489999771118164,30774900.0
2023-04-18,29.610000610351562,29.65999984741211,29.299999237060547,29.3700008392334,17830500.0
2023-04-19,28.969999313354492,29.09000015258789,28.8799991607666,29.010000228881836,19982800.0
2023-04-20,29.020000457763672,29.209999084472656,28.729999542236328,28.81999969482422,23301800.0
2023-04-21,28.43000030517578,28.5,28.25,28.399999618530273,27016700.0
2023-04-24,28.239999771118164,28.260000228881836,28.020000457763672,28.110000610351562,24197800.0
2023-04-25,27.600000381469727,27.639999389648438,27.280000686645508,27.350000381469727,42267400.0
2023-04-26,28.030000686645508,28.079999923706055,27.739999771118164,27.799999237060547,30506600.0
2023-04-27,27.889999389648438,28.270000457763672,27.850000381469727,28.190000534057617,23274900.0
2023-04-28,28.149999618530273,28.350000381469727,28.079999923706055,28.329999923706055,20474700.0
2023-05-01,28.239999771118164,28.459999084472656,28.190000534057617,28.219999313354492,20397600.0
2023-05-02,27.920000076293945,27.93000030517578,27.469999313354492,27.690000534057617,32574500.0
2023-05-03,27.610000610351562,27.75,27.489999771118164,27.559999465942383,23905400.0
2023-05-04,28.110000610351562,28.389999389648438,28.100000381469727,28.299999237060547,32223000.0
2023-05-05,28.479999542236328,28.719999313354492,28.350000381469727,28.670000076293945,19259500.0
2023-05-08,29.0,29.010000228881836,28.780000686645508,28.889999389648438,21775100.0
2023-05-09,28.190000534057617,28.469999313354492,28.139999389648438,28.440000534057617,22820100.0
2023-05-10,28.139999389648438,28.350000381469727,28.040000915527344,28.239999771118164,22425600.0
2023-05-11,28.219999313354492,28.56999969482422,28.170000076293945,28.540000915527344,27595000.0
2023-05-12,28.1200008392334,28.1299991607666,27.729999542236328,27.790000915527344,30844600.0
2023-05-15,28.559999465942383,29.059999465942383,28.420000076293945,29.040000915527344,48130400.0
2023-05-16,28.5,28.81999969482422,28.489999771118164,28.739999771118164,26522600.0
2023-05-17,28.25,28.479999542236328,28.15999984741211,28.440000534057617,26237600.0
2023-05-18,28.399999618530273,28.43000030517578,27.899999618530273,28.049999237060547,34716900.0
2023-05-19,27.889999389648438,27.969999313354492,27.799999237060547,27.899999618530273,22347100.0
2023-05-22,28.31999969482422,28.6200008392334,28.309999465942383,28.350000381469727,23553200.0
2023-05-23,27.81999969482422,27.899999618530273,27.479999542236328,27.489999771118164,36146200.0
2023-05-24,27.200000762939453,27.260000228881836,26.889999389648438,26.940000534057617,37998100.0
2023-05-25,26.719999313354492,26.729999542236328,26.34000015258789,26.389999389648438,35351900.0
2023-05-26,26.530000686645508,26.920000076293945,26.43000030517578,26.829999923706055,25118900.0
2023-05-30,26.40999984741211,26.479999542236328,25.90999984741211,26.040000915527344,41485900.0
2023-05-31,25.8700008392334,25.979999542236328,25.510000228881836,25.969999313354492,37719400.0
2023-06-01,25.969999313354492,26.739999771118164,25.959999084472656,26.6299991607666,43154100.0
2023-06-02,27.329999923706055,27.6200008392334,27.329999923706055,27.43000030517578,58101800.0
2023-06-05,27.260000228881836,27.440000534057617,27.149999618530273,27.389999389648438,20666900.0
2023-06-06,27.3700008392334,28.059999465942383,27.309999465942383,27.989999771118164,39715000.0
2023-06-07,27.690000534057617,27.959999084472656,27.489999771118164,27.5,30327200.0
2023-06-08,27.670000076293945,27.920000076293945,27.649999618530273,27.790000915527344,31269800.0
2023-06-09,27.920000076293945,28.020000457763672,27.780000686645508,27.81999969482422,20194300.0
2023-06-12,27.81999969482422,27.889999389648438,27.739999771118164,27.75,18288700.0
2023-06-13,28.09000015258789,28.309999465942383,28.0,28.06999969482422,22651900.0
2023-06-14,28.06999969482422,28.56999969482422,28.030000686645508,28.450000762939453,35568800.0
2023-06-15,28.93000030517578,29.079999923706055,28.760000228881836,29.079999923706055,39549400.0
2023-06-16,29.239999771118164,29.25,28.790000915527344,28.90999984741211,31172900.0
2023-06-20,28.09000015258789,28.170000076293945,27.610000610351562,27.670000076293945,52582900.0
2023-06-21,27.520000457763672,27.729999542236328,27.43000030517578,27.5,21544700.0
2023-06-22,27.40999984741211,27.510000228881836,27.229999542236328,27.440000534057617,15063200.0
2023-06-23,27.030000686645508,27.049999237060547,26.760000228881836,26.8700008392334,28700500.0
2023-06-26,27.0,27.209999084472656,26.959999084472656,27.010000228881836,18872600.0
2023-06-27,27.469999313354492,27.610000610351562,27.399999618530273,27.600000381469727,26468300.0
2023-06-28,27.3799991607666,27.389999389648438,27.190000534057617,27.3700008392334,16775600.0
2023-06-29,26.920000076293945,27.030000686645508,26.8799991607666,26.940000534057617,24342100.0
2023-06-30,27.170000076293945,27.31999969482422,27.09000015258789,27.190000534057617,19670600.0
2023-07-03,27.760000228881836,27.969999313354492,27.649999618530273,27.709999084472656,26578800.0
2023-07-05,27.440000534057617,27.450000762939453,27.280000686645508,27.389999389648438,21147100.0
2023-07-06,26.719999313354492,26.84000015258789,26.5,26.600000381469727,36824200.0
2023-07-07,26.739999771118164,27.34000015258789,26.739999771118164,27.18000030517578,41733500.0
2023-07-10,26.8700008392334,27.229999542236328,26.84000015258789,27.15999984741211,16661500.0
2023-07-11,27.18000030517578,27.350000381469727,26.969999313354492,27.34000015258789,22158100.0
2023-07-12,27.8799991607666,28.219999313354492,27.780000686645508,28.15999984741211,47207200.0
2023-07-13,28.489999771118164,28.81999969482422,28.469999313354492,28.799999237060547,33461500.0
2023-07-14,28.440000534057617,28.440000534057617,28.209999084472656,28.290000915527344,28189200.0
2023-07-17,27.950000762939453,28.209999084472656,27.780000686645508,28.149999618530273,26913300.0
2023-07-18,27.729999542236328,27.809999465942383,27.329999923706055,27.520000457763672,33862400.0
2023-07-19,27.8799991607666,28.06999969482422,27.690000534057617,27.700000762939453,30152300.0
2023-07-20,27.56999969482422,27.709999084472656,27.459999084472656,27.600000381469727,16840400.0
2023-07-21,27.81999969482422,27.8799991607666,27.549999237060547,27.6200008392334,13657600.0
2023-07-24,27.3799991607666,28.450000762939453,27.309999465942383,28.209999084472656,43746400.0
2023-07-25,28.969999313354492,29.049999237060547,28.520000457763672,28.559999465942383,30971600.0
2023-07-26,28.469999313354492,29.030000686645508,28.459999084472656,28.969999313354492,27951900.0
2023-07-27,28.969999313354492,29.010000228881836,28.440000534057617,28.5,30760100.0
2023-07-28,29.649999618530273,30.079999923706055,29.6200008392334,30.079999923706055,61381000.0
2023-07-31,30.09000015258789,30.540000915527344,29.979999542236328,30.420000076293945,41714600.0
2023-08-01,29.8799991607666,29.940000534057617,29.6200008392334,29.68000030517578,34340600.0
2023-08-02,29.149999618530273,29.15999984741211,28.729999542236328,28.770000457763672,42678300.0
2023-08-03,29.31999969482422,29.65999984741211,29.280000686645508,29.549999237060547,40630500.0
2023-08-04,29.43000030517578,29.56999969482422,29.110000610351562,29.1299991607666,34826700.0
2023-08-07,29.329999923706055,29.329999923706055,28.790000915527344,29.020000457763672,20298900.0
2023-08-08,28.350000381469727,28.510000228881836,28.139999389648438,28.479999542236328,28574500.0
2023-08-09,28.75,28.799999237060547,28.350000381469727,28.600000381469727,23902600.0
2023-08-10,28.940000534057617,29.34000015258789,28.709999084472656,28.829999923706055,28872800.0
2023-08-11,28.079999923706055,28.09000015258789,27.719999313354492,27.920000076293945,55058200.0
2023-08-14,27.5,27.790000915527344,27.350000381469727,27.65999984741211,31447000.0
2023-08-15,27.5,27.5,27.1299991607666,27.209999084472656,32245600.0
2023-08-16,26.729999542236328,26.899999618530273,26.600000381469727,26.649999618530273,38493600.0
2023-08-17,27.229999542236328,27.229999542236328,26.809999465942383,26.850000381469727,32698300.0
2023-08-18,26.200000762939453,26.360000610351562,26.079999923706055,26.190000534057617,57397500.0
2023-08-21,25.950000762939453,26.15999984741211,25.850000381469727,26.149999618530273,32839200.0
2023-08-22,26.350000381469727,26.399999618530273,26.040000915527344,26.139999389648438,26940400.0
2023-08-23,26.3700008392334,26.790000915527344,26.350000381469727,26.700000762939453,42683100.0
2023-08-24,26.959999084472656,27.049999237060547,26.709999084472656,26.81999969482422,30726200.0
2023-08-25,26.799999237060547,26.829999923706055,26.459999084472656,26.770000457763672,36757700.0
2023-08-28,27.209999084472656,27.530000686645508,27.1200008392334,27.40999984741211,36505900.0
2023-08-29,27.739999771118164,28.040000915527344,27.600000381469727,27.950000762939453,55139700.0
2023-08-30,27.579999923706055,27.84000015258789,27.56999969482422,27.760000228881836,34461400.0
2023-08-31,27.510000228881836,27.549999237060547,27.270000457763672,27.399999618530273,38649400.0
2023-09-01,27.8700008392334,28.450000762939453,27.860000610351562,28.040000915527344,52021000.0
2023-09-05,27.760000228881836,27.81999969482422,27.520000457763672,27.6299991607666,44260000.0
2023-09-06,27.68000030517578,27.969999313354492,27.610000610351562,27.709999084472656,22802100.0
2023-09-07,27.059999465942383,27.06999969482422,26.81999969482422,26.920000076293945,41747200.0
2023-09-08,26.899999618530273,26.979999542236328,26.690000534057617,26.8799991607666,31705700.0
2023-09-11,27.299999237060547,27.40999984741211,27.1200008392334,27.239999771118164,27084000.0
2023-09-12,27.110000610351562,27.389999389648438,27.100000381469727,27.299999237060547,17904900.0
2023-09-13,27.059999465942383,27.190000534057617,27.0,27.06999969482422,23061800.0
2023-09-14,27.25,27.40999984741211,27.139999389648438,27.299999237060547,27622500.0
2023-09-15,27.260000228881836,27.31999969482422,27.100000381469727,27.18000030517578,28634700.0
2023-09-18,26.959999084472656,27.079999923706055,26.809999465942383,27.049999237060547,24987800.0
2023-09-19,27.030000686645508,27.149999618530273,26.920000076293945,26.979999542236328,16978200.0
2023-09-20,26.969999313354492,27.110000610351562,26.790000915527344,26.790000915527344,17849700.0
2023-09-21,26.260000228881836,26.3700008392334,26.209999084472656,26.209999084472656,32333000.0
2023-09-22,27.280000686645508,27.280000686645508,27.079999923706055,27.139999389648438,53787100.0
2023-09-25,26.540000915527344,26.760000228881836,26.540000915527344,26.719999313354492,29073300.0
2023-09-26,26.389999389648438,26.540000915527344,26.280000686645508,26.350000381469727,31122200.0
2023-09-27,26.459999084472656,26.479999542236328,26.219999313354492,26.40999984741211,23269800.0
2023-09-28,26.100000381469727,26.299999237060547,26.030000686645508,26.260000228881836,26391200.0
2023-09-29,26.760000228881836,26.770000457763672,26.40999984741211,26.530000686645508,25147100.0
2023-10-02,26.459999084472656,26.549999237060547,26.270000457763672,26.3700008392334,21818700.0
2023-10-03,25.75,25.829999923706055,25.670000076293945,25.75,34779900.0
2023-10-04,25.670000076293945,26.8700008392334,25.5,25.530000686645508,23401300.0
2023-10-05,25.520000457763672,25.700000762939453,25.479999542236328,25.690000534057617,22023600.0
2023-10-06,25.81999969482422,26.31999969482422,25.790000915527344,26.229999542236328,37514900.0
2023-10-09,25.989999771118164,26.25,25.959999084472656,26.219999313354492,14270000.0
2023-10-10,26.559999465942383,26.920000076293945,26.540000915527344,26.889999389648438,39316500.0
2023-10-11,27.1299991607666,27.280000686645508,26.989999771118164,27.149999618530273,33401000.0
2023-10-12,27.239999771118164,27.270000457763672,26.600000381469727,26.68000030517578,43058600.0
2023-10-13,26.479999542236328,26.68000030517578,26.389999389648438,26.479999542236328,23602800.0
2023-10-16,26.360000610351562,26.75,26.239999771118164,26.649999618530273,23863400.0
2023-10-17,26.309999465942383,26.559999465942383,26.280000686645508,26.450000762939453,22490300.0
2023-10-18,26.190000534057617,26.229999542236328,25.93000030517578,26.010000228881836,34008800.0
2023-10-19,25.690000534057617,25.809999465942383,25.530000686645508,25.559999465942383,36031400.0
2023-10-20,25.25,25.3700008392334,25.030000686645508,25.030000686645508,49214100.0
2023-10-23,25.049999237060547,25.31999969482422,24.850000381469727,25.25,25976600.0
2023-10-24,25.31999969482422,26.1299991607666,25.309999465942383,26.059999465942383,67500500.0
2023-10-25,25.489999771118164,25.68000030517578,25.350000381469727,25.530000686645508,37831600.0
2023-10-26,25.489999771118164,25.700000762939453,25.40999984741211,25.579999923706055,24399300.0
2023-10-27,25.969999313354492,26.059999465942383,25.59000015258789,25.670000076293945,28660400.0
2023-10-30,26.06999969482422,26.1200008392334,25.770000457763672,25.940000534057617,34728900.0
2023-10-31,25.479999542236328,25.549999237060547,25.170000076293945,25.520000457763672,50281100.0
2023-11-01,25.350000381469727,25.479999542236328,25.229999542236328,25.479999542236328,27122500.0
2023-11-02,25.709999084472656,25.829999923706055,25.600000381469727,25.75,38056400.0
2023-11-03,26.139999389648438,26.420000076293945,26.139999389648438,26.350000381469727,53456100.0
2023-11-06,26.600000381469727,26.639999389648438,26.3700008392334,26.43000030517578,24230400.0
2023-11-07,26.229999542236328,26.399999618530273,26.049999237060547,26.309999465942383,20525900.0
2023-11-08,26.15999984741211,26.329999923706055,26.059999465942383,26.1200008392334,25290600.0
2023-11-09,26.079999923706055,26.190000534057617,25.690000534057617,25.760000228881836,42983200.0
2023-11-10,25.600000381469727,25.719999313354492,25.479999542236328,25.68000030517578,28761800.0
2023-11-13,25.899999618530273,26.200000762939453,25.809999465942383,26.020000457763672,28339800.0
2023-11-14,26.239999771118164,26.65999984741211,26.209999084472656,26.579999923706055,52626700.0
2023-11-15,27.010000228881836,27.420000076293945,26.940000534057617,27.209999084472656,58100300.0
2023-11-16,26.1299991607666,26.479999542236328,25.959999084472656,26.100000381469727,77727600.0
2023-11-17,26.110000610351562,26.31999969482422,25.979999542236328,26.1200008392334,50450400.0
2023-11-20,26.40999984741211,26.729999542236328,26.360000610351562,26.690000534057617,38809300.0
2023-11-21,26.270000457763672,26.450000762939453,26.110000610351562,26.15999984741211,28713200.0
2023-11-22,26.329999923706055,26.399999618530273,26.1200008392334,26.290000915527344,23136600.0
2023-11-24,26.139999389648438,26.3799991607666,26.1299991607666,26.360000610351562,16130200.0
2023-11-27,26.020000457763672,26.09000015258789,25.950000762939453,26.020000457763672,24845900.0
2023-11-28,25.81999969482422,25.829999923706055,25.59000015258789,25.709999084472656,32291400.0
2023-11-29,25.149999618530273,25.290000915527344,25.040000915527344,25.059999465942383,43465200.0
2023-11-30,25.149999618530273,25.219999313354492,24.889999389648438,25.15999984741211,34792900.0
2023-12-01,24.75,24.920000076293945,24.59000015258789,24.889999389648438,49155300.0
2023-12-04,24.420000076293945,24.530000686645508,24.290000915527344,24.309999465942383,39855900.0
2023-12-05,23.829999923706055,23.989999771118164,23.770000457763672,23.940000534057617,39972900.0
2023-12-06,24.1299991607666,24.190000534057617,23.940000534057617,23.950000762939453,37869100.0
2023-12-07,23.969999313354492,24.049999237060547,23.90999984741211,24.030000686645508,21679500.0
2023-12-08,23.799999237060547,23.8700008392334,23.670000076293945,23.700000762939453,31181000.0
2023-12-11,23.59000015258789,23.81999969482422,23.549999237060547,23.790000915527344,28928500.0
2023-12-12,23.81999969482422,23.959999084472656,23.670000076293945,23.950000762939453,33847600.0
2023-12-13,23.700000762939453,23.8700008392334,23.3799991607666,23.8700008392334,37522600.0
2023-12-14,23.81999969482422,24.200000762939453,23.809999465942383,24.18000030517578,43377600.0
2023-12-15,24.299999237060547,24.440000534057617,24.1299991607666,24.1299991607666,37643600.0
2023-12-18,24.040000915527344,24.040000915527344,23.780000686645508,23.8799991607666,39194300.0
2023-12-19,24.010000228881836,24.25,23.969999313354492,24.200000762939453,35574000.0
2023-12-20,23.25,23.31999969482422,22.90999984741211,22.90999984741211,50314600.0
2023-12-21,23.40999984741211,23.719999313354492,23.34000015258789,23.709999084472656,49913000.0
2023-12-22,22.8799991607666,23.15999984741211,22.81999969482422,23.049999237060547,53062300.0
2023-12-26,23.229999542236328,23.3700008392334,23.079999923706055,23.219999313354492,26351200.0
2023-12-27,23.25,23.350000381469727,23.15999984741211,23.25,36421800.0
2023-12-28,23.729999542236328,23.969999313354492,23.719999313354492,23.8799991607666,45978300.0
2023-12-29,23.829999923706055,24.06999969482422,23.81999969482422,24.030000686645508,29996300.0
2024-01-02,23.440000534057617,23.469999313354492,23.219999313354492,23.239999771118164,45905700.0
2024-01-03,23.280000686645508,23.690000534057617,23.260000228881836,23.670000076293945,38481300.0
2024-01-04,23.440000534057617,23.56999969482422,23.350000381469727,23.360000610351562,40730000.0
2024-01-05,23.399999618530273,23.450000762939453,23.219999313354492,23.229999542236328,38718600.0
2024-01-08,22.719999313354492,22.969999313354492,22.639999389648438,22.940000534057617,45391400.0
2024-01-09,22.510000228881836,22.559999465942383,22.440000534057617,22.479999542236328,43389100.0
2024-01-10,22.559999465942383,22.59000015258789,22.43000030517578,22.489999771118164,35950600.0
2024-01-11,22.799999237060547,22.860000610351562,22.6200008392334,22.829999923706055,36648800.0
2024-01-12,22.899999618530273,23.040000915527344,22.729999542236328,22.729999542236328,35115400.0
2024-01-16,22.290000915527344,22.290000915527344,21.989999771118164,22.020000457763672,63424100.0
2024-01-17,21.239999771118164,21.510000228881836,21.209999084472656,21.450000762939453,58520900.0
2024-01-18,21.59000015258789,21.649999618530273,21.459999084472656,21.530000686645508,42409800.0
2024-01-19,21.309999465942383,21.760000228881836,21.200000762939453,21.68000030517578,54982200.0
2024-01-22,20.93000030517578,21.200000762939453,20.860000610351562,21.139999389648438,53020800.0
2024-01-23,21.850000381469727,22.15999984741211,21.84000015258789,22.110000610351562,104313600.0
2024-01-24,22.989999771118164,23.030000686645508,22.670000076293945,22.770000457763672,90702500.0
2024-01-25,22.969999313354492,23.100000381469727,22.639999389648438,22.75,49794700.0
2024-01-26,22.489999771118164,22.690000534057617,22.440000534057617,22.600000381469727,27056400.0
2024-01-29,22.559999465942383,22.59000015258789,22.110000610351562,22.290000915527344,57037700.0
2024-01-30,21.889999389648438,22.010000228881836,21.799999237060547,21.93000030517578,44870000.0
2024-01-31,21.639999389648438,22.059999465942383,21.6299991607666,21.760000228881836,45460100.0
2024-02-01,21.899999618530273,22.010000228881836,21.729999542236328,21.860000610351562,37141300.0
2024-02-02,21.450000762939453,21.540000915527344,21.329999923706055,21.40999984741211,46787000.0
2024-02-05,21.610000610351562,21.93000030517578,21.540000915527344,21.8799991607666,46742500.0
2024-02-06,22.719999313354492,23.15999984741211,22.559999465942383,23.1299991607666,120725700.0
2024-02-07,22.579999923706055,22.829999923706055,22.520000457763672,22.6200008392334,60542700.0
2024-02-08,22.290000915527344,22.350000381469727,22.100000381469727,22.100000381469727,57766100.0
2024-02-09,22.149999618530273,22.3799991607666,21.93000030517578,22.360000610351562,35134500.0
2024-02-12,22.469999313354492,22.989999771118164,22.43000030517578,22.719999313354492,55858200.0
2024-02-13,22.43000030517578,22.639999389648438,22.100000381469727,22.200000762939453,55166600.0
2024-02-14,22.549999237060547,22.68000030517578,22.450000762939453,22.670000076293945,57004800.0
2024-02-15,22.6299991607666,22.799999237060547,22.6200008392334,22.760000228881836,39066000.0
2024-02-16,23.200000762939453,23.309999465942383,23.06999969482422,23.06999969482422,70395800.0
2024-02-20,23.079999923706055,23.190000534057617,22.829999923706055,22.920000076293945,35470100.0
2024-02-21,23.540000915527344,23.729999542236328,23.450000762939453,23.59000015258789,52357600.0
2024-02-22,23.899999618530273,23.979999542236328,23.700000762939453,23.950000762939453,45473200.0
2024-02-23,24.18000030517578,24.239999771118164,23.959999084472656,24.1200008392334,32646200.0
2024-02-26,23.959999084472656,24.1299991607666,23.889999389648438,23.90999984741211,34789900.0
2024-02-27,24.290000915527344,24.350000381469727,24.219999313354492,24.31999969482422,40397500.0
2024-02-28,23.760000228881836,23.770000457763672,23.459999084472656,23.459999084472656,62236000.0
2024-02-29,23.610000610351562,23.65999984741211,23.350000381469727,23.420000076293945,31134000.0
2024-03-01,23.799999237060547,23.959999084472656,23.75,23.920000076293945,42913600.0
2024-03-04,23.709999084472656,23.709999084472656,23.329999923706055,23.389999389648438,51821200.0
2024-03-05,23.1200008392334,23.25,23.020000457763672,23.030000686645508,54550900.0
2024-03-06,23.68000030517578,23.770000457763672,23.489999771118164,23.530000686645508,54439600.0
2024-03-07,23.280000686645508,23.3700008392334,23.190000534057617,23.329999923706055,36302100.0
2024-03-08,23.40999984741211,23.549999237060547,23.329999923706055,23.469999313354492,41080300.0
2024-03-11,23.850000381469727,24.170000076293945,23.850000381469727,24.040000915527344,57837100.0
2024-03-12,24.469999313354492,24.600000381469727,24.389999389648438,24.559999465942383,47341300.0
2024-03-13,24.65999984741211,24.889999389648438,24.600000381469727,24.639999389648438,43978700.0
2024-03-14,24.389999389648438,24.420000076293945,24.059999465942383,24.139999389648438,56861000.0
2024-03-15,24.100000381469727,24.15999984741211,23.979999542236328,23.989999771118164,35398800.0
2024-03-18,24.1299991607666,24.170000076293945,23.969999313354492,24.030000686645508,25822800.0
2024-03-19,23.8799991607666,23.969999313354492,23.709999084472656,23.90999984741211,23460700.0
2024-03-20,23.940000534057617,24.149999618530273,23.8799991607666,24.1299991607666,33523100.0
2024-03-21,24.18000030517578,24.219999313354492,24.020000457763672,24.020000457763672,35387700.0
2024-03-22,23.690000534057617,23.760000228881836,23.610000610351562,23.68000030517578,38799800.0
2024-03-25,23.68000030517578,23.81999969482422,23.670000076293945,23.709999084472656,19439600.0
2024-03-26,23.93000030517578,23.959999084472656,23.829999923706055,23.84000015258789,21299100.0
2024-03-27,23.639999389648438,23.829999923706055,23.579999923706055,23.809999465942383,20691900.0
2024-03-28,23.950000762939453,24.190000534057617,23.950000762939453,24.06999969482422,33129900.0
2024-04-01,24.440000534057617,24.59000015258789,24.270000457763672,24.399999618530273,38572800.0
2024-04-02,24.549999237060547,24.780000686645508,24.510000228881836,24.600000381469727,36013000.0
2024-04-03,24.329999923706055,24.489999771118164,24.260000228881836,24.450000762939453,29445200.0
2024-04-04,24.65999984741211,24.690000534057617,24.280000686645508,24.31999969482422,41163300.0
2024-04-05,24.190000534057617,24.280000686645508,24.149999618530273,24.190000534057617,32450900.0
2024-04-08,24.3799991607666,24.5,24.34000015258789,24.360000610351562,24846600.0
2024-04-09,24.469999313354492,24.600000381469727,24.450000762939453,24.59000015258789,25836100.0
2024-04-10,24.520000457763672,24.6200008392334,24.360000610351562,24.469999313354492,36946100.0
2024-04-11,24.790000915527344,24.81999969482422,24.530000686645508,24.700000762939453,33454600.0
2024-04-12,24.219999313354492,24.219999313354492,23.790000915527344,23.84000015258789,73616000.0
2024-04-15,24.219999313354492,24.229999542236328,23.860000610351562,23.920000076293945,47202300.0
2024-04-16,23.739999771118164,23.850000381469727,23.6200008392334,23.670000076293945,47788300.0
2024-04-17,23.809999465942383,23.829999923706055,23.6200008392334,23.649999618530273,36308700.0
2024-04-18,23.969999313354492,24.149999618530273,23.950000762939453,24.079999923706055,40749000.0
2024-04-19,23.950000762939453,24.049999237060547,23.899999618530273,24.010000228881836,32792100.0
2024-04-22,24.110000610351562,24.43000030517578,24.040000915527344,24.420000076293945,42035500.0
2024-04-23,24.600000381469727,24.809999465942383,24.56999969482422,24.799999237060547,32627200.0
2024-04-24,25.219999313354492,25.290000915527344,25.110000610351562,25.270000457763672,44860500.0
2024-04-25,25.110000610351562,25.459999084472656,25.110000610351562,25.440000534057617,43059100.0
2024-04-26,25.920000076293945,26.030000686645508,25.760000228881836,25.8700008392334,47815200.0
2024-04-29,25.889999389648438,26.1200008392334,25.829999923706055,26.110000610351562,36479100.0
2024-04-30,25.729999542236328,25.790000915527344,25.489999771118164,25.489999771118164,51947300.0
2024-05-01,25.6200008392334,25.920000076293945,25.530000686645508,25.68000030517578,46174700.0
2024-05-02,26.459999084472656,27.280000686645508,26.450000762939453,27.149999618530273,98520800.0
2024-05-03,27.260000228881836,27.350000381469727,27.059999465942383,27.329999923706055,55429900.0
2024-05-06,27.399999618530273,27.469999313354492,27.190000534057617,27.309999465942383,39772500.0
2024-05-07,27.0,27.030000686645508,26.899999618530273,26.920000076293945,40352200.0
2024-05-08,26.59000015258789,26.829999923706055,26.559999465942383,26.81999969482422,27739900.0
2024-05-09,27.329999923706055,27.40999984741211,27.170000076293945,27.399999618530273,43598200.0
2024-05-10,27.920000076293945,27.989999771118164,27.670000076293945,27.770000457763672,46321500.0
2024-05-13,28.1299991607666,28.459999084472656,28.1200008392334,28.360000610351562,48230800.0
2024-05-14,28.030000686645508,28.149999618530273,27.969999313354492,28.010000228881836,42197500.0
2024-05-15,28.290000915527344,28.350000381469727,28.059999465942383,28.329999923706055,35736500.0
2024-05-16,28.709999084472656,29.200000762939453,28.56999969482422,29.15999984741211,65472500.0
2024-05-17,29.170000076293945,29.530000686645508,29.049999237060547,29.329999923706055,46272600.0
2024-05-20,29.020000457763672,29.190000534057617,28.959999084472656,29.010000228881836,30494200.0
2024-05-21,28.579999923706055,28.700000762939453,28.440000534057617,28.559999465942383,43743600.0
2024-05-22,28.450000762939453,28.510000228881836,28.18000030517578,28.200000762939453,41732700.0
2024-05-23,28.0,28.100000381469727,27.559999465942383,27.6299991607666,49548000.0
2024-05-24,27.479999542236328,27.68000030517578,27.420000076293945,27.579999923706055,24413800.0
2024-05-28,27.649999618530273,27.75,27.479999542236328,27.559999465942383,25480400.0
2024-05-29,27.049999237060547,27.18000030517578,27.010000228881836,27.1200008392334,38699400.0
2024-05-30,26.809999465942383,27.18000030517578,26.780000686645508,27.149999618530273,25910800.0
2024-05-31,26.549999237060547,26.68000030517578,26.420000076293945,26.6299991607666,43801200.0
2024-06-03,26.969999313354492,27.059999465942383,26.600000381469727,26.760000228881836,28674300.0
2024-06-04,27.010000228881836,27.100000381469727,26.81999969482422,26.969999313354492,25226600.0
2024-06-05,27.079999923706055,27.200000762939453,26.979999542236328,27.200000762939453,26237000.0
2024-06-06,27.200000762939453,27.229999542236328,26.989999771118164,27.190000534057617,20872800.0
2024-06-07,26.809999465942383,26.860000610351562,26.5,26.5,44844400.0
2024-06-10,26.610000610351562,26.809999465942383,26.5,26.75,26281600.0
2024-06-11,26.610000610351562,26.6200008392334,26.3700008392334,26.469999313354492,23488300.0
2024-06-12,26.56999969482422,26.639999389648438,26.3799991607666,26.40999984741211,29442200.0
2024-06-13,26.549999237060547,26.649999618530273,26.290000915527344,26.389999389648438,22070100.0
2024-06-14,26.219999313354492,26.280000686645508,26.110000610351562,26.170000076293945,27515600.0
2024-06-17,26.3700008392334,26.520000457763672,26.299999237060547,26.5,25548900.0
2024-06-18,26.420000076293945,26.6200008392334,26.350000381469727,26.559999465942383,21648100.0
2024-06-20,26.940000534057617,26.989999771118164,26.739999771118164,26.8799991607666,36649700.0
2024-06-21,26.610000610351562,26.670000076293945,26.420000076293945,26.420000076293945,33434400.0
2024-06-24,26.6299991607666,26.950000762939453,26.6299991607666,26.719999313354492,31018900.0
2024-06-25,26.56999969482422,26.600000381469727,26.440000534057617,26.510000228881836,25099700.0
2024-06-26,26.530000686645508,26.579999923706055,26.43000030517578,26.520000457763672,15806500.0
2024-06-27,26.170000076293945,26.190000534057617,25.8700008392334,25.889999389648438,41320500.0
2024-06-28,26.1200008392334,26.1200008392334,25.93000030517578,25.989999771118164,22894100.0
2024-07-01,26.190000534057617,26.270000457763672,26.06999969482422,26.079999923706055,24294500.0
2024-07-02,26.260000228881836,26.440000534057617,26.190000534057617,26.43000030517578,23659500.0
2024-07-03,26.6299991607666,26.940000534057617,26.6299991607666,26.899999618530273,29692800.0
2024-07-05,26.43000030517578,26.479999542236328,26.219999313354492,26.440000534057617,41917200.0
2024-07-08,26.229999542236328,26.25,26.139999389648438,26.229999542236328,23113200.0
2024-07-09,26.139999389648438,26.530000686645508,26.1299991607666,26.5,33067300.0
2024-07-10,26.40999984741211,26.489999771118164,26.299999237060547,26.3799991607666,21396400.0
2024-07-11,26.799999237060547,27.049999237060547,26.780000686645508,26.940000534057617,45860300.0
2024-07-12,27.459999084472656,27.600000381469727,27.200000762939453,27.219999313354492,41053600.0
2024-07-15,26.889999389648438,26.899999618530273,26.600000381469727,26.610000610351562,50976700.0
2024-07-16,26.360000610351562,26.639999389648438,26.309999465942383,26.610000610351562,28322000.0
2024-07-17,26.399999618530273,26.440000534057617,26.190000534057617,26.25,33746200.0
2024-07-18,26.290000915527344,26.43000030517578,26.010000228881836,26.010000228881836,31336900.0
2024-07-19,25.90999984741211,25.950000762939453,25.809999465942383,25.81999969482422,24608500.0
2024-07-22,26.290000915527344,26.43000030517578,26.219999313354492,26.360000610351562,35178400.0
2024-07-23,25.959999084472656,26.010000228881836,25.860000610351562,25.989999771118164,40600000.0
2024-07-24,25.860000610351562,26.020000457763672,25.68000030517578,25.700000762939453,36117700.0
2024-07-25,25.450000762939453,25.56999969482422,25.3799991607666,25.389999389648438,31514000.0
2024-07-26,25.350000381469727,25.600000381469727,25.280000686645508,25.520000457763672,24671800.0
2024-07-29,25.549999237060547,25.6200008392334,25.469999313354492,25.559999465942383,23127600.0
2024-07-30,25.3700008392334,25.3700008392334,25.260000228881836,25.329999923706055,27485400.0
2024-07-31,25.8700008392334,25.969999313354492,25.639999389648438,25.68000030517578,30820700.0
2024-08-01,25.690000534057617,25.719999313354492,25.270000457763672,25.31999969482422,34544900.0
2024-08-02,25.15999984741211,25.219999313354492,25.010000228881836,25.200000762939453,34152200.0
2024-08-05,24.6299991607666,25.100000381469727,24.59000015258789,25.030000686645508,37464500.0
2024-08-06,24.6200008392334,24.93000030517578,24.600000381469727,24.780000686645508,29317600.0
2024-08-07,25.229999542236328,25.260000228881836,24.84000015258789,24.889999389648438,30574800.0
2024-08-08,25.219999313354492,25.530000686645508,25.170000076293945,25.489999771118164,41361900.0
2024-08-09,25.399999618530273,25.459999084472656,25.280000686645508,25.450000762939453,18962400.0
2024-08-12,25.56999969482422,25.760000228881836,25.540000915527344,25.649999618530273,34283800.0
2024-08-13,25.719999313354492,25.81999969482422,25.670000076293945,25.799999237060547,24569200.0
2024-08-14,25.610000610351562,25.6299991607666,25.15999984741211,25.31999969482422,41761500.0
2024-08-15,25.610000610351562,25.940000534057617,25.610000610351562,25.84000015258789,40019200.0
2024-08-16,26.06999969482422,26.40999984741211,26.06999969482422,26.360000610351562,38538000.0
2024-08-19,26.489999771118164,26.739999771118164,26.489999771118164,26.600000381469727,33115000.0
2024-08-20,26.34000015258789,26.34000015258789,25.969999313354492,26.0,42300900.0
2024-08-21,26.010000228881836,26.290000915527344,26.010000228881836,26.270000457763672,25547000.0
2024-08-22,26.360000610351562,26.360000610351562,25.959999084472656,26.06999969482422,34897800.0
2024-08-23,26.309999465942383,26.56999969482422,26.239999771118164,26.479999542236328,29293900.0
2024-08-26,26.229999542236328,26.3700008392334,26.149999618530273,26.270000457763672,29550200.0
2024-08-27,26.6200008392334,26.68000030517578,26.489999771118164,26.559999465942383,24453700.0
2024-08-28,26.309999465942383,26.43000030517578,26.06999969482422,26.139999389648438,40469200.0
2024-08-29,26.299999237060547,26.389999389648438,26.270000457763672,26.329999923706055,22188800.0
2024-08-30,26.6200008392334,26.6299991607666,26.299999237060547,26.459999084472656,27286500.0
2024-09-03,26.040000915527344,26.110000610351562,25.920000076293945,26.0,36863500.0
2024-09-04,26.0,26.1299991607666,25.959999084472656,25.979999542236328,19391600.0
2024-09-05,25.889999389648438,26.030000686645508,25.81999969482422,25.850000381469727,22749800.0
2024-09-06,25.81999969482422,25.860000610351562,25.459999084472656,25.5,32987000.0
2024-09-09,25.40999984741211,25.610000610351562,25.3700008392334,25.520000457763672,23499200.0
2024-09-10,25.530000686645508,25.540000915527344,25.290000915527344,25.459999084472656,20723200.0
2024-09-11,25.510000228881836,25.739999771118164,25.40999984741211,25.719999313354492,31299700.0
2024-09-12,25.68000030517578,25.780000686645508,25.549999237060547,25.709999084472656,19723200.0
2024-09-13,25.93000030517578,25.940000534057617,25.760000228881836,25.860000610351562,20127700.0
2024-09-16,26.030000686645508,26.09000015258789,25.959999084472656,26.010000228881836,18257900.0
2024-09-17,26.329999923706055,26.520000457763672,26.299999237060547,26.34000015258789,29938500.0
2024-09-18,26.450000762939453,26.469999313354492,26.15999984741211,26.190000534057617,24625600.0
2024-09-19,26.969999313354492,27.170000076293945,26.770000457763672,27.1299991607666,55028200.0
2024-09-20,27.280000686645508,27.3700008392334,27.110000610351562,27.149999618530273,29824600.0
2024-09-23,27.5,27.889999389648438,27.469999313354492,27.68000030517578,44176400.0
2024-09-24,29.399999618530273,30.5,29.280000686645508,30.399999618530273,167712300.0
2024-09-25,29.440000534057617,29.889999389648438,29.420000076293945,29.559999465942383,77309300.0
2024-09-26,31.860000610351562,32.09000015258789,31.260000228881836,31.920000076293945,165220600.0
2024-09-27,31.739999771118164,32.439998626708984,31.700000762939453,32.16999816894531,100738300.0
2024-09-30,32.779998779296875,32.810001373291016,31.75,31.780000686645508,98506800.0
2024-10-01,32.0,33.130001068115234,31.799999237060547,33.099998474121094,96803000.0
2024-10-02,35.11000061035156,35.54999923706055,34.45000076293945,35.47999954223633,222092500.0
2024-10-03,34.15999984741211,34.95000076293945,34.099998474121094,34.5,113214100.0
2024-10-04,35.59000015258789,35.81999969482422,35.31999969482422,35.709999084472656,107027700.0
2024-10-07,36.540000915527344,37.5,36.02000045776367,36.689998626708984,218993700.0
2024-10-08,33.38999938964844,33.81999969482422,32.27000045776367,33.33000183105469,322806900.0
2024-10-09,32.220001220703125,33.130001068115234,32.18000030517578,32.790000915527344,100519700.0
2024-10-10,33.40999984741211,33.56999969482422,32.72999954223633,33.220001220703125,101466300.0
2024-10-11,32.66999816894531,33.650001525878906,32.5,33.369998931884766,80108800.0
2024-10-14,32.900001525878906,33.619998931884766,32.61000061035156,32.7400016784668,94628100.0
2024-10-15,31.920000076293945,31.989999771118164,30.969999313354492,31.100000381469727,130081500.0
2024-10-16,31.559999465942383,31.93000030517578,31.489999771118164,31.649999618530273,54401700.0
2024-10-17,31.030000686645508,31.049999237060547,30.649999618530273,30.850000381469727,68374500.0
2024-10-18,32.45000076293945,32.470001220703125,32.060001373291016,32.16999816894531,95862500.0
2024-10-21,31.68000030517578,31.899999618530273,31.489999771118164,31.739999771118164,42006300.0
2024-10-22,31.780000686645508,32.2599983215332,31.760000228881836,31.989999771118164,48538400.0
2024-10-23,32.349998474121094,32.369998931884766,31.84000015258789,31.920000076293945,33813200.0
2024-10-24,31.799999237060547,31.920000076293945,31.459999084472656,31.729999542236328,39802900.0
2024-10-25,32.02000045776367,32.099998474121094,31.719999313354492,31.719999313354492,29534300.0
2024-10-28,31.8799991607666,32.380001068115234,31.850000381469727,32.27000045776367,41390700.0
2024-10-29,32.4900016784668,32.5,31.979999542236328,32.040000915527344,42026100.0
2024-10-30,31.40999984741211,31.780000686645508,31.34000015258789,31.6299991607666,29217600.0
2024-10-31,31.559999465942383,31.600000381469727,31.219999313354492,31.559999465942383,28257800.0
2024-11-01,31.8799991607666,31.989999771118164,31.6299991607666,31.68000030517578,26861800.0
2024-11-04,31.979999542236328,32.29999923706055,31.860000610351562,31.8700008392334,49254600.0
2024-11-05,32.650001525878906,32.779998779296875,32.439998626708984,32.63999938964844,49509800.0
2024-11-06,31.549999237060547,31.940000534057617,31.25,31.68000030517578,89205700.0
2024-11-07,33.09000015258789,33.619998931884766,32.959999084472656,33.41999816894531,120391100.0
2024-11-08,31.950000762939453,32.13999938964844,31.329999923706055,31.469999313354492,154495900.0
2024-11-11,31.649999618530273,31.670000076293945,31.40999984741211,31.469999313354492,28330000.0
2024-11-12,30.59000015258789,30.719999313354492,30.200000762939453,30.309999465942383,91688500.0
2024-11-13,30.56999969482422,30.610000610351562,30.219999313354492,30.270000457763672,35393100.0
2024-11-14,30.18000030517578,30.229999542236328,29.850000381469727,29.950000762939453,42048600.0
2024-11-15,30.15999984741211,30.200000762939453,29.979999542236328,30.149999618530273,32416100.0
2024-11-18,30.510000228881836,30.729999542236328,30.450000762939453,30.719999313354492,38681500.0
2024-11-19,30.43000030517578,30.489999771118164,30.350000381469727,30.389999389648438,22523600.0
2024-11-20,30.5,30.59000015258789,30.420000076293945,30.530000686645508,35646500.0
2024-11-21,30.329999923706055,30.420000076293945,30.239999771118164,30.350000381469727,22478000.0
2024-11-22,29.670000076293945,29.739999771118164,29.579999923706055,29.690000534057617,53262300.0
2024-11-25,29.579999923706055,29.760000228881836,29.510000228881836,29.700000762939453,24744100.0
2024-11-26,29.700000762939453,29.729999542236328,29.360000610351562,29.520000457763672,22186000.0
2024-11-27,30.309999465942383,30.43000030517578,30.200000762939453,30.309999465942383,43782000.0
2024-11-29,30.049999237060547,30.31999969482422,29.899999618530273,30.309999465942383,23104600.0
2024-12-02,30.329999923706055,30.40999984741211,30.1200008392334,30.3700008392334,25058400.0
2024-12-03,30.450000762939453,30.670000076293945,30.43000030517578,30.5,34867900.0
2024-12-04,30.579999923706055,30.579999923706055,30.209999084472656,30.280000686645508,46481600.0
2024-12-05,30.350000381469727,30.510000228881836,30.329999923706055,30.3700008392334,27663000.0
2024-12-06,30.899999618530273,30.979999542236328,30.75,30.770000457763672,27635500.0
2024-12-09,32.93000030517578,33.75,32.86000061035156,33.29999923706055,181398000.0
2024-12-10,31.969999313354492,32.09000015258789,31.75,31.780000686645508,93050100.0
2024-12-11,31.459999084472656,31.520000457763672,31.270000457763672,31.479999542236328,36810600.0
2024-12-12,31.489999771118164,31.729999542236328,31.360000610351562,31.5,28552400.0
2024-12-13,31.139999389648438,31.149999618530273,30.860000610351562,31.100000381469727,45698900.0
2024-12-16,30.670000076293945,30.8799991607666,30.59000015258789,30.59000015258789,38044500.0
2024-12-17,30.329999923706055,30.709999084472656,30.270000457763672,30.670000076293945,45801800.0
2024-12-18,30.520000457763672,30.6299991607666,30.0,30.049999237060547,35935300.0
2024-12-19,30.360000610351562,30.43000030517578,30.200000762939453,30.239999771118164,24070600.0
2024-12-20,30.18000030517578,30.549999237060547,30.1299991607666,30.420000076293945,28389000.0
2024-12-23,30.5,30.770000457763672,30.420000076293945,30.700000762939453,24155100.0
2024-12-24,31.010000228881836,31.1299991607666,30.93000030517578,31.09000015258789,20218100.0
2024-12-26,30.979999542236328,31.360000610351562,30.950000762939453,31.1200008392334,23393200.0
2024-12-27,30.850000381469727,30.920000076293945,30.739999771118164,30.850000381469727,23765500.0
2024-12-30,30.729999542236328,30.770000457763672,30.459999084472656,30.489999771118164,26100700.0
2024-12-31,30.510000228881836,30.59000015258789,30.360000610351562,30.440000534057617,22893300.0
2025-01-02,30.049999237060547,30.1299991607666,29.8700008392334,29.889999389648438,40394200.0
2025-01-03,30.260000228881836,30.389999389648438,30.170000076293945,30.389999389648438,28060800.0
2025-01-06,30.489999771118164,30.6299991607666,29.90999984741211,29.989999771118164,48937300.0
2025-01-07,29.799999237060547,29.899999618530273,29.59000015258789,29.6200008392334,33611300.0
2025-01-08,29.360000610351562,29.530000686645508,29.239999771118164,29.510000228881836,27248500.0
2025-01-10,29.020000457763672,29.030000686645508,28.6299991607666,28.649999618530273,58206400.0
2025-01-13,28.690000534057617,28.8799991607666,28.649999618530273,28.790000915527344,28062300.0
2025-01-14,29.489999771118164,29.56999969482422,29.350000381469727,29.420000076293945,46306600.0
2025-01-15,29.809999465942383,29.860000610351562,29.6299991607666,29.81999969482422,31613300.0
2025-01-16,29.84000015258789,29.889999389648438,29.739999771118164,29.829999923706055,20134000.0
2025-01-17,30.040000915527344,30.709999084472656,29.979999542236328,30.40999984741211,59696000.0
2025-01-21,30.8700008392334,30.93000030517578,30.530000686645508,30.75,35805700.0
2025-01-22,30.530000686645508,30.600000381469727,28.40999984741211,30.530000686645508,27859600.0
2025-01-23,30.43000030517578,30.600000381469727,30.31999969482422,30.559999465942383,22683400.0
2025-01-24,31.0,31.360000610351562,30.899999618530273,31.31999969482422,54730900.0
2025-01-27,31.649999618530273,31.75,31.399999618530273,31.600000381469727,54333200.0
2025-01-28,31.549999237060547,31.959999084472656,31.209999084472656,31.959999084472656,48279000.0
2025-01-29,32.189998626708984,32.349998474121094,31.770000457763672,31.829999923706055,49031500.0
2025-01-30,31.920000076293945,32.84000015258789,31.31999969482422,32.59000015258789,77522000.0
2025-01-31,32.540000915527344,32.58000183105469,31.809999465942383,31.889999389648438,80091000.0
2025-02-03,31.329999923706055,32.09000015258789,31.209999084472656,31.719999313354492,50166400.0
2025-02-04,32.36000061035156,32.7400016784668,32.22999954223633,32.470001220703125,57845400.0
2025-02-05,32.04999923706055,32.150001525878906,31.90999984741211,31.93000030517578,43692700.0
2025-02-06,32.400001525878906,32.470001220703125,32.20000076293945,32.279998779296875,35769800.0
2025-02-07,32.91999816894531,33.22999954223633,32.61000061035156,32.72999954223633,85505200.0
2025-02-10,33.45000076293945,33.9900016784668,33.27000045776367,33.619998931884766,56515200.0
2025-02-11,33.290000915527344,33.58000183105469,33.130001068115234,33.34000015258789,44741600.0
2025-02-12,33.75,34.36000061035156,33.61000061035156,34.16999816894531,60657100.0
2025-02-13,33.52000045776367,34.18000030517578,33.439998626708984,34.15999984741211,40709500.0
2025-02-14,35.220001220703125,35.279998779296875,34.81999969482422,35.040000915527344,76123800.0
2025-02-18,35.56999969482422,35.56999969482422,35.06999969482422,35.29999923706055,85086500.0
2025-02-19,35.209999084472656,35.2599983215332,34.90999984741211,35.04999923706055,45952200.0
2025-02-20,35.619998931884766,36.2599983215332,35.2599983215332,35.72999954223633,79891700.0
2025-02-21,36.349998474121094,36.79999923706055,36.040000915527344,36.2400016784668,81843200.0
2025-02-24,35.79999923706055,35.83000183105469,34.9900016784668,35.029998779296875,83975400.0
2025-02-25,35.470001220703125,35.5099983215332,35.130001068115234,35.380001068115234,39151500.0
2025-02-26,36.59000015258789,36.81999969482422,36.279998779296875,36.439998626708984,72783000.0
2025-02-27,36.16999816894531,36.45000076293945,35.84000015258789,36.04999923706055,58708500.0
2025-02-28,35.09000015258789,35.29999923706055,34.900001525878906,35.22999954223633,60759700.0
2025-03-03,35.189998626708984,35.27000045776367,34.380001068115234,34.5099983215332,55795100.0
2025-03-04,34.779998779296875,35.36000061035156,34.52000045776367,35.040000915527344,66689400.0
2025-03-05,35.970001220703125,36.900001525878906,35.83000183105469,36.790000915527344,102267400.0
2025-03-06,37.310001373291016,37.4900016784668,36.779998779296875,36.970001220703125,64613500.0
2025-03-07,37.060001373291016,37.38999938964844,36.72999954223633,36.959999084472656,37635400.0
2025-03-10,36.20000076293945,36.43000030517578,35.70000076293945,35.970001220703125,80384700.0
2025-03-11,36.619998931884766,36.86000061035156,36.15999984741211,36.38999938964844,64643800.0
2025-03-12,36.369998931884766,36.43000030517578,35.95000076293945,36.349998474121094,33583300.0
2025-03-13,36.060001373291016,36.7599983215332,36.040000915527344,36.59000015258789,37666000.0
2025-03-14,37.599998474121094,37.72999954223633,37.38999938964844,37.65999984741211,51075900.0
2025-03-17,37.599998474121094,38.599998474121094,37.58000183105469,38.54999923706055,55266100.0
2025-03-18,38.709999084472656,38.72999954223633,38.310001373291016,38.4900016784668,42261700.0
2025-03-19,38.720001220703125,38.72999954223633,38.220001220703125,38.33000183105469,33290200.0
2025-03-20,37.2599983215332,37.5,37.15999984741211,37.22999954223633,67297600.0
2025-03-21,36.47999954223633,36.70000076293945,36.36000061035156,36.560001373291016,51625400.0
2025-03-24,36.900001525878906,36.939998626708984,36.61000061035156,36.66999816894531,38216100.0
2025-03-25,36.459999084472656,36.720001220703125,36.25,36.29999923706055,32355000.0
2025-03-26,36.27000045776367,36.529998779296875,36.040000915527344,36.27000045776367,31562800.0
2025-03-27,36.369998931884766,36.84000015258789,36.33000183105469,36.68000030517578,36416800.0
2025-03-28,36.11000061035156,36.130001068115234,35.7400016784668,35.84000015258789,52060200.0
2025-03-31,35.540000915527344,35.900001525878906,35.369998931884766,35.84000015258789,29370400.0
2025-04-01,35.689998626708984,35.88999938964844,35.4900016784668,35.7599983215332,28414000.0
2025-04-02,35.709999084472656,35.7599983215332,35.43000030517578,35.540000915527344,33888400.0
2025-04-03,34.91999816894531,35.33000183105469,34.91999816894531,35.220001220703125,41958000.0
2025-04-04,33.279998779296875,33.540000915527344,32.099998474121094,32.7400016784668,161349400.0
2025-04-07,30.59000015258789,32.060001373291016,29.6299991607666,30.0,210512100.0
2025-04-08,31.3700008392334,31.399999618530273,29.209999084472656,29.59000015258789,121952800.0
2025-04-09,30.68000030517578,31.93000030517578,30.15999984741211,31.68000030517578,158085000.0
2025-04-10,31.84000015258789,32.06999969482422,31.020000457763672,31.559999465942383,95454000.0
2025-04-11,32.33000183105469,32.9900016784668,32.029998779296875,32.939998626708984,84183900.0
2025-04-14,33.29999923706055,33.7400016784668,33.20000076293945,33.369998931884766,51602300.0
2025-04-15,33.25,33.369998931884766,33.09000015258789,33.18000030517578,33180000.0
2025-04-16,32.54999923706055,32.79999923706055,32.220001220703125,32.41999816894531,50834000.0
2025-04-17,32.869998931884766,32.9900016784668,32.400001525878906,32.400001525878906,42802600.0
2025-04-21,32.54999923706055,32.599998474121094,32.119998931884766,32.43000030517578,39561500.0
2025-04-22,33.25,33.75,33.16999816894531,33.459999084472656,64714600.0
2025-04-23,34.04999923706055,34.45000076293945,33.83000183105469,33.83000183105469,52320200.0
2025-04-24,33.849998474121094,34.20000076293945,33.7400016784668,34.11000061035156,36441900.0
2025-04-25,33.90999984741211,34.060001373291016,33.810001373291016,33.97999954223633,23063200.0
2025-04-28,33.95000076293945,34.09000015258789,33.84000015258789,34.0,17030000.0
2025-04-29,33.849998474121094,33.95000076293945,33.79999923706055,33.79999923706055,19920800.0
2025-04-30,33.88999938964844,33.939998626708984,33.59000015258789,33.86000061035156,29034700.0
2025-05-01,33.880001068115234,33.939998626708984,33.70000076293945,33.790000915527344,22206300.0
2025-05-02,34.959999084472656,34.9900016784668,34.619998931884766,34.90999984741211,59597600.0
2025-05-05,34.779998779296875,35.029998779296875,34.7599983215332,34.869998931884766,24651700.0
2025-05-06,35.189998626708984,35.470001220703125,35.15999984741211,35.27000045776367,36558800.0
2025-05-07,34.7400016784668,34.7599983215332,34.470001220703125,34.470001220703125,44470200.0
2025-05-08,35.0099983215332,35.150001525878906,34.72999954223633,35.0,37731300.0
2025-05-09,35.130001068115234,35.189998626708984,34.83000183105469,34.83000183105469,30396700.0
2025-05-12,36.06999969482422,36.119998931884766,35.7599983215332,36.040000915527344,55941100.0
2025-05-13,35.61000061035156,35.95000076293945,35.4900016784668,35.7400016784668,34713600.0
2025-05-14,36.38999938964844,36.459999084472656,36.150001525878906,36.310001373291016,35247800.0
2025-05-15,35.84000015258789,35.880001068115234,35.56999969482422,35.75,43594800.0
2025-05-16,35.720001220703125,35.7599983215332,35.560001373291016,35.63999938964844,26772900.0
2025-05-19,35.5,35.869998931884766,35.459999084472656,35.86000061035156,19353800.0
2025-05-20,36.150001525878906,36.2599983215332,36.04999923706055,36.2599983215332,26034500.0
2025-05-21,36.43000030517578,36.54999923706055,36.0,36.09000015258789,40126800.0
2025-05-22,35.90999984741211,36.0099983215332,35.81999969482422,35.90999984741211,24597700.0
2025-05-23,35.790000915527344,36.029998779296875,35.7599983215332,35.970001220703125,27095300.0
2025-05-27,35.61000061035156,35.68000030517578,35.52000045776367,35.599998474121094,32810800.0
2025-05-28,35.41999816894531,35.41999816894531,35.2400016784668,35.2400016784668,27161900.0
2025-05-29,35.83000183105469,35.86000061035156,35.52000045776367,35.619998931884766,34182200.0
2025-05-30,35.150001525878906,35.16999816894531,34.790000915527344,35.0,62721000.0
2025-06-02,35.13999938964844,35.36000061035156,35.02000045776367,35.349998474121094,33125300.0
2025-06-03,35.779998779296875,35.83000183105469,35.619998931884766,35.70000076293945,32666200.0
2025-06-04,36.04999923706055,36.38999938964844,36.0099983215332,36.369998931884766,41079500.0
2025-06-05,36.709999084472656,36.83000183105469,36.43000030517578,36.630001068115234,43461600.0
2025-06-06,36.33000183105469,36.599998474121094,36.220001220703125,36.59000015258789,32956700.0
2025-06-09,36.88999938964844,37.119998931884766,36.849998474121094,37.060001373291016,30061700.0
2025-06-10,37.150001525878906,37.22999954223633,36.90999984741211,37.220001220703125,37896300.0
2025-06-11,37.54999923706055,37.619998931884766,37.36000061035156,37.40999984741211,31361700.0
2025-06-12,37.27000045776367,37.34000015258789,37.18000030517578,37.2599983215332,36102200.0
2025-06-13,36.619998931884766,36.779998779296875,36.4900016784668,36.58000183105469,41925400.0
2025-06-16,36.66999816894531,36.95000076293945,36.61000061035156,36.66999816894531,35202000.0
2025-06-17,36.5,36.54999923706055,36.2400016784668,36.2400016784668,29832200.0
2025-06-18,35.939998626708984,35.97999954223633,35.720001220703125,35.75,28424300.0
2025-06-20,35.84000015258789,35.849998474121094,35.5099983215332,35.52000045776367,26191700.0
2025-06-23,35.849998474121094,36.09000015258789,35.7400016784668,36.08000183105469,33957600.0
2025-06-24,36.630001068115234,37.099998474121094,36.560001373291016,37.099998474121094,46304900.0
2025-06-25,37.13999938964844,37.16999816894531,36.9900016784668,37.060001373291016,18018400.0
2025-06-26,37.029998779296875,37.290000915527344,36.93000030517578,37.15999984741211,24517700.0
2025-06-27,36.83000183105469,36.939998626708984,36.689998626708984,36.810001373291016,27903600.0
2025-06-30,36.5099983215332,36.779998779296875,36.38999938964844,36.7599983215332,20096900.0
2025-07-01,36.689998626708984,36.91999816894531,36.68000030517578,36.83000183105469,22972800.0
2025-07-02,36.619998931884766,36.70000076293945,36.4900016784668,36.689998626708984,27680900.0
2025-07-03,36.29999923706055,36.41999816894531,36.220001220703125,36.27000045776367,19394200.0
2025-07-07,36.279998779296875,36.58000183105469,36.25,36.310001373291016,20175200.0
2025-07-08,36.66999816894531,36.790000915527344,36.529998779296875,36.689998626708984,25176800.0
2025-07-09,36.349998474121094,36.349998474121094,36.08000183105469,36.18000030517578,29920500.0
2025-07-10,36.439998626708984,36.529998779296875,36.2599983215332,36.52000045776367,17221100.0
2025-07-11,36.58000183105469,36.650001525878906,36.439998626708984,36.47999954223633,15148300.0
2025-07-14,36.709999084472656,36.91999816894531,36.650001525878906,36.90999984741211,23708600.0
2025-07-15,37.349998474121094,37.68000030517578,37.11000061035156,37.63999938964844,45494200.0
2025-07-16,37.310001373291016,37.47999954223633,37.15999984741211,37.470001220703125,22401600.0
2025-07-17,37.20000076293945,37.599998474121094,37.16999816894531,37.59000015258789,18014900.0
2025-07-18,38.09000015258789,38.36000061035156,38.029998779296875,38.060001373291016,43043500.0
2025-07-21,38.20000076293945,38.41999816894531,38.040000915527344,38.209999084472656,25259500.0
2025-07-22,38.439998626708984,38.77000045776367,38.31999969482422,38.7400016784668,26390500.0
2025-07-23,39.02000045776367,39.130001068115234,38.939998626708984,39.08000183105469,31806200.0
2025-07-24,39.06999969482422,39.13999938964844,38.849998474121094,38.900001525878906,17800200.0
2025-07-25,38.54999923706055,38.66999816894531,38.43000030517578,38.650001525878906,21767800.0
2025-07-28,38.65999984741211,38.709999084472656,38.38999938964844,38.47999954223633,15764600.0
2025-07-29,38.630001068115234,38.63999938964844,38.20000076293945,38.220001220703125,26410800.0
2025-07-30,37.970001220703125,38.099998474121094,37.709999084472656,37.779998779296875,37056800.0
2025-07-31,37.33000183105469,37.59000015258789,37.2400016784668,37.439998626708984,36901900.0
2025-08-01,36.97999954223633,37.029998779296875,36.65999984741211,36.83000183105469,33791100.0
2025-08-04,37.54999923706055,37.630001068115234,37.33000183105469,37.470001220703125,30243000.0
2025-08-05,37.779998779296875,37.84000015258789,37.61000061035156,37.63999938964844,16471100.0
2025-08-06,37.70000076293945,37.810001373291016,37.47999954223633,37.790000915527344,26247400.0
2025-08-07,37.880001068115234,37.970001220703125,37.619998931884766,37.7400016784668,16210100.0
2025-08-08,37.59000015258789,37.68000030517578,37.52000045776367,37.66999816894531,12053000.0
2025-08-11,37.47999954223633,37.59000015258789,37.20000076293945,37.33000183105469,27626800.0
2025-08-12,37.540000915527344,38.0,37.52000045776367,37.939998626708984,34365900.0
2025-08-13,38.880001068115234,39.09000015258789,38.869998931884766,39.09000015258789,60160700.0
2025-08-14,38.41999816894531,38.54999923706055,38.2400016784668,38.34000015258789,44954600.0
2025-08-15,38.38999938964844,38.47999954223633,38.290000915527344,38.34000015258789,27930600.0
2025-08-18,38.58000183105469,38.689998626708984,38.5099983215332,38.58000183105469,21745000.0
2025-08-19,38.5,38.56999969482422,38.13999938964844,38.220001220703125,28185100.0
2025-08-20,38.38999938964844,38.47999954223633,38.20000076293945,38.43000030517578,18023300.0
2025-08-21,38.25,38.439998626708984,38.2400016784668,38.369998931884766,17821400.0
2025-08-22,38.709999084472656,39.29999923706055,38.650001525878906,39.2400016784668,39558400.0
2025-08-25,39.310001373291016,39.58000183105469,39.130001068115234,39.13999938964844,31399800.0
2025-08-26,39.33000183105469,39.41999816894531,39.18000030517578,39.220001220703125,22671700.0
2025-08-27,38.2400016784668,38.2599983215332,38.040000915527344,38.220001220703125,51266700.0
2025-08-28,38.209999084472656,38.599998474121094,38.150001525878906,38.560001373291016,30254300.0
2025-08-29,38.68000030517578,39.02000045776367,38.61000061035156,38.90999984741211,43494000.0
2025-09-02,38.720001220703125,39.2599983215332,38.630001068115234,39.2599983215332,27069300.0
2025-09-03,38.88999938964844,39.0099983215332,38.75,38.90999984741211,25419300.0
2025-09-04,38.34000015258789,38.40999984741211,38.08000183105469,38.33000183105469,31584300.0
2025-09-05,38.95000076293945,38.9900016784668,38.650001525878906,38.900001525878906,26098800.0
2025-09-08,39.2400016784668,39.439998626708984,39.130001068115234,39.439998626708984,32508400.0
2025-09-09,39.79999923706055,40.06999969482422,39.7599983215332,39.970001220703125,37238800.0
2025-09-10,40.08000183105469,40.099998474121094,39.709999084472656,39.720001220703125,26132300.0
2025-09-11,40.13999938964844,40.7400016784668,40.119998931884766,40.7400016784668,45104200.0
2025-09-12,40.599998474121094,40.65999984741211,40.400001525878906,40.4900016784668,19860500.0
2025-09-15,40.880001068115234,40.900001525878906,40.689998626708984,40.779998779296875,31004200.0
2025-09-16,40.65999984741211,41.099998474121094,40.54999923706055,41.04999923706055,23170800.0
2025-09-17,41.63999938964844,41.72999954223633,41.34000015258789,41.619998931884766,34303200.0
2025-09-18,40.95000076293945,41.209999084472656,40.880001068115234,41.08000183105469,36182900.0
2025-09-19,41.18000030517578,41.369998931884766,40.93000030517578,40.93000030517578,33890200.0
2025-09-22,40.70000076293945,40.79999923706055,40.54999923706055,40.650001525878906,25541100.0
2025-09-23,40.29999923706055,40.439998626708984,40.099998474121094,40.099998474121094,23445400.0
2025-09-24,40.560001373291016,40.83000183105469,40.4900016784668,40.56999969482422,35307500.0
2025-09-25,40.66999816894531,40.7599983215332,40.459999084472656,40.66999816894531,21546900.0
2025-09-26,40.2599983215332,40.40999984741211,40.099998474121094,40.33000183105469,21841300.0
2025-09-29,40.97999954223633,41.09000015258789,40.86000061035156,40.97999954223633,24254300.0
2025-09-30,41.36000061035156,41.40999984741211,41.029998779296875,41.13999938964844,29827500.0
2025-10-01,41.20000076293945,41.43000030517578,41.150001525878906,41.380001068115234,26764900.0
2025-10-02,41.93000030517578,42.0,41.65999984741211,41.75,32022400.0
2025-10-03,41.56999969482422,41.630001068115234,41.33000183105469,41.41999816894531,24482200.0
2025-10-06,41.20000076293945,41.54999923706055,41.16999816894531,41.400001525878906,16610900.0
2025-10-07,41.470001220703125,41.4900016784668,40.849998474121094,40.93000030517578,26990100.0
2025-10-08,40.93000030517578,41.06999969482422,40.7400016784668,41.04999923706055,25431600.0
2025-10-09,41.130001068115234,41.150001525878906,40.40999984741211,40.5099983215332,45824800.0
2025-10-10,40.43000030517578,40.70000076293945,38.119998931884766,38.33000183105469,146013600.0
2025-10-13,39.75,39.79999923706055,39.41999816894531,39.529998779296875,71314400.0
2025-10-14,39.08000183105469,39.77000045776367,39.02000045776367,39.400001525878906,41027800.0
2025-10-15,39.86000061035156,40.029998779296875,39.529998779296875,39.79999923706055,29502800.0
2025-10-16,40.04999923706055,40.2599983215332,39.869998931884766,39.9900016784668,25051400.0
2025-10-17,39.40999984741211,40.060001373291016,39.380001068115234,40.0,43076800.0
2025-10-20,39.90999984741211,40.560001373291016,39.84000015258789,40.4900016784668,40080900.0
2025-10-21,40.11000061035156,40.119998931884766,39.880001068115234,39.939998626708984,35064300.0
2025-10-22,39.779998779296875,40.0099983215332,39.38999938964844,39.7400016784668,25768600.0
2025-10-23,40.20000076293945,40.59000015258789,40.150001525878906,40.40999984741211,30021800.0
2025-10-24,40.65999984741211,40.70000076293945,40.5099983215332,40.54999923706055,20969600.0
2025-10-27,41.119998931884766,41.18000030517578,41.0099983215332,41.08000183105469,27399000.0
2025-10-28,40.66999816894531,40.90999984741211,40.560001373291016,40.86000061035156,28787100.0
2025-10-29,41.13999938964844,41.2400016784668,40.7400016784668,40.970001220703125,32970500.0
2025-10-30,40.18000030517578,40.400001525878906,40.06999969482422,40.150001525878906,35664700.0
2025-10-31,39.529998779296875,39.79999923706055,39.36000061035156,39.709999084472656,32012200.0
2025-11-03,39.880001068115234,39.900001525878906,39.63999938964844,39.83000183105469,21839200.0
2025-11-04,39.380001068115234,39.66999816894531,39.279998779296875,39.369998931884766,23252400.0
2025-11-05,39.54999923706055,39.869998931884766,39.5,39.77000045776367,19156100.0
2025-11-06,40.290000915527344,40.47999954223633,39.9900016784668,40.13999938964844,31541500.0
2025-11-07,39.65999984741211,39.959999084472656,39.47999954223633,39.939998626708984,28679700.0
2025-11-10,40.59000015258789,40.79999923706055,40.43000030517578,40.7599983215332,35660200.0
2025-11-11,40.83000183105469,40.939998626708984,40.720001220703125,40.7599983215332,21097200.0
2025-11-12,40.95000076293945,40.959999084472656,40.70000076293945,40.90999984741211,20611900.0
2025-11-13,41.189998626708984,41.220001220703125,40.5,40.650001525878906,30309900.0
2025-11-14,40.13999938964844,40.56999969482422,39.88999938964844,40.119998931884766,44898700.0
2025-11-17,39.84000015258789,40.04999923706055,39.529998779296875,39.66999816894531,33870400.0
2025-11-18,39.220001220703125,39.630001068115234,39.18000030517578,39.5099983215332,32116600.0
2025-11-19,39.25,39.31999969482422,39.0099983215332,39.11000061035156,32477700.0
2025-11-20,39.290000915527344,39.45000076293945,38.560001373291016,38.58000183105469,38244300.0
2025-11-21,38.29999923706055,38.90999984741211,38.150001525878906,38.720001220703125,38856600.0
2025-11-24,39.11000061035156,39.38999938964844,39.08000183105469,39.349998474121094,34365500.0
2025-11-25,39.68000030517578,39.72999954223633,39.439998626708984,39.599998474121094,30123900.0
2025-11-26,39.45000076293945,39.61000061035156,38.88999938964844,39.369998931884766,30425300.0
2025-11-28,39.43000030517578,39.619998931884766,39.40999984741211,39.529998779296875,11699800.0
2025-12-01,39.4900016784668,39.81999969482422,39.47999954223633,39.63999938964844,20355200.0
2025-12-02,39.529998779296875,39.540000915527344,39.27000045776367,39.4900016784668,16635200.0
2025-12-03,38.970001220703125,39.220001220703125,38.939998626708984,39.209999084472656,27072600.0
2025-12-04,39.369998931884766,39.400001525878906,39.209999084472656,39.310001373291016,17482200.0
2025-12-05,39.90999984741211,40.0099983215332,39.790000915527344,39.88999938964844,30296800.0
2025-12-08,39.52000045776367,39.529998779296875,39.290000915527344,39.470001220703125,27835900.0
2025-12-09,38.720001220703125,38.880001068115234,38.650001525878906,38.81999969482422,40304100.0
2025-12-10,38.970001220703125,39.2400016784668,38.88999938964844,39.09000015258789,26145600.0
2025-12-11,39.0,39.25,38.86000061035156,39.189998626708984,17964700.0
2025-12-12,39.43000030517578,39.52000045776367,38.900001525878906,39.08000183105469,29147000.0
2025-12-15,39.0099983215332,39.029998779296875,38.709999084472656,38.7400016784668,39067000.0
2025-12-16,37.86000061035156,37.97999954223633,37.68000030517578,37.959999084472656,42610700.0
2025-12-17,38.31999969482422,38.400001525878906,37.849998474121094,37.849998474121094,36203400.0
2025-12-18,38.34000015258789,38.4900016784668,38.18000030517578,38.209999084472656,31528300.0
2025-12-19,38.439998626708984,38.709999084472656,38.400001525878906,38.599998474121094,30036600.0
2025-12-22,38.54999923706055,38.720001220703125,38.47999954223633,38.630001068115234,15893200.0
2025-12-23,38.380001068115234,38.540000915527344,38.220001220703125,38.529998779296875,19173600.0
2025-12-24,38.52000045776367,38.630001068115234,38.4900016784668,38.54999923706055,7330700.0
2025-12-26,38.689998626708984,38.95000076293945,38.630001068115234,38.93000030517578,19516000.0
2025-12-29,38.2400016784668,38.5,38.220001220703125,38.470001220703125,27921200.0
2025-12-30,38.77000045776367,38.81999969482422,38.599998474121094,38.66999816894531,18122600.0
2025-12-31,38.400001525878906,38.41999816894531,38.189998626708984,38.290000915527344,15517700.0
2026-01-02,39.45000076293945,39.86000061035156,39.439998626708984,39.81999969482422,64269400.0
2026-01-05,39.369998931884766,39.93000030517578,39.25,39.93000030517578,32499800.0
2026-01-06,40.06999969482422,40.220001220703125,39.88999938964844,39.90999984741211,25182600.0
2026-01-07,39.45000076293945,39.47999954223633,39.2400016784668,39.279998779296875,36413500.0
2026-01-08,38.970001220703125,39.400001525878906,38.93000030517578,39.400001525878906,21986800.0
2026-01-09,39.25,39.38999938964844,39.04999923706055,39.349998474121094,28497000.0
2026-01-12,39.810001373291016,40.65999984741211,39.79999923706055,40.63999938964844,58687900.0
2026-01-13,40.36000061035156,40.47999954223633,40.040000915527344,40.25,36883600.0
2026-01-14,39.880001068115234,40.08000183105469,39.810001373291016,40.040000915527344,40171100.0
2026-01-15,39.880001068115234,40.209999084472656,39.68000030517578,40.0,22815500.0
2026-01-16,39.529998779296875,39.540000915527344,39.099998474121094,39.29999923706055,50220700.0
2026-01-20,39.04999923706055,39.279998779296875,38.84000015258789,38.869998931884766,33561800.0
2026-01-21,39.290000915527344,39.529998779296875,39.060001373291016,39.34000015258789,39539100.0
2026-01-22,39.4900016784668,39.68000030517578,39.40999984741211,39.47999954223633,31618700.0
2026-01-23,39.310001373291016,39.459999084472656,39.15999984741211,39.439998626708984,25427400.0
2026-01-26,39.31999969482422,39.59000015258789,39.27000045776367,39.45000076293945,24628300.0
2026-01-27,39.93000030517578,40.02000045776367,39.779998779296875,39.939998626708984,30575700.0
2026-01-28,40.619998931884766,40.650001525878906,40.290000915527344,40.5,35977700.0
2026-01-29,41.0,41.16999816894531,40.20000076293945,40.779998779296875,39203000.0
2026-01-30,40.06999969482422,40.189998626708984,39.36000061035156,39.61000061035156,52440200.0
2026-02-02,39.150001525878906,39.33000183105469,39.04999923706055,39.16999816894531,35834100.0
2026-02-03,38.720001220703125,38.900001525878906,38.38999938964844,38.720001220703125,40741400.0
2026-02-04,38.720001220703125,38.720001220703125,38.08000183105469,38.27000045776367,45696200.0
2026-02-05,38.599998474121094,38.7599983215332,38.16999816894531,38.20000076293945,33002300.0
2026-02-06,38.810001373291016,39.2400016784668,38.790000915527344,39.220001220703125,37414900.0
2026-02-09,39.15999984741211,39.45000076293945,39.040000915527344,39.400001525878906,26572400.0
2026-02-10,39.40999984741211,39.66999816894531,39.27000045776367,39.529998779296875,24916700.0
2026-02-11,39.29999923706055,39.52000045776367,39.04999923706055,39.470001220703125,28709500.0
2026-02-12,39.20000076293945,39.20000076293945,38.459999084472656,38.65999984741211,52002200.0
2026-02-13,38.13999938964844,38.4900016784668,38.09000015258789,38.33000183105469,36467000.0
2026-02-17,38.47999954223633,38.66999816894531,38.20000076293945,38.52000045776367,26534500.0
2026-02-18,38.7599983215332,38.90999984741211,38.650001525878906,38.720001220703125,23168700.0
2026-02-19,38.59000015258789,38.65999984741211,38.380001068115234,38.61000061035156,25484200.0
2026-02-20,37.939998626708984,38.810001373291016,37.93000030517578,38.810001373291016,42075300.0
2026-02-23,38.970001220703125,39.11000061035156,38.599998474121094,38.68000030517578,23351200.0
2026-02-24,38.13999938964844,38.4900016784668,38.08000183105469,38.369998931884766,34974900.0
2026-02-25,38.40999984741211,38.47999954223633,38.119998931884766,38.41999816894531,27342200.0
2026-02-26,37.45000076293945,37.59000015258789,37.119998931884766,37.38999938964844,51883100.0
2026-02-27,37.310001373291016,37.439998626708984,37.20000076293945,37.279998779296875,28610400.0
2026-03-02,36.459999084472656,37.0099983215332,36.439998626708984,36.900001525878906,35557000.0
2026-03-03,35.77000045776367,36.20000076293945,35.33000183105469,36.060001373291016,65873200.0
2026-03-04,36.130001068115234,36.310001373291016,35.84000015258789,36.209999084472656,35218800.0
2026-03-05,35.529998779296875,35.810001373291016,35.349998474121094,35.58000183105469,44713700.0
2026-03-06,35.65999984741211,36.02000045776367,35.54999923706055,35.81999969482422,42539500.0
2026-03-09,36.0099983215332,36.560001373291016,35.810001373291016,36.47999954223633,43347700.0
2026-03-10,36.540000915527344,37.08000183105469,36.38999938964844,36.59000015258789,39777200.0
2026-03-11,36.43000030517578,36.5,36.189998626708984,36.400001525878906,24779800.0
2026-03-12,36.31999969482422,36.43000030517578,36.04999923706055,36.15999984741211,26035000.0
2026-03-13,36.540000915527344,36.709999084472656,36.189998626708984,36.2400016784668,23224200.0
2026-03-16,36.90999984741211,37.040000915527344,36.790000915527344,36.880001068115234,34940000.0
2026-03-17,37.06999969482422,37.11000061035156,36.83000183105469,36.88999938964844,20265300.0
2026-03-18,36.630001068115234,36.720001220703125,36.20000076293945,36.20000076293945,38436300.0
2026-03-19,35.88999938964844,36.400001525878906,35.790000915527344,36.189998626708984,47868200.0
2026-03-20,35.66999816894531,35.70000076293945,35.09000015258789,35.15999984741211,63492200.0
2026-03-23,35.36000061035156,35.7599983215332,35.209999084472656,35.380001068115234,46218500.0
2026-03-24,35.18000030517578,35.5,35.119998931884766,35.34000015258789,29614200.0
2026-03-25,35.939998626708984,36.099998474121094,35.779998779296875,36.0,35923900.0
2026-03-26,35.099998474121094,35.36000061035156,34.93000030517578,34.93000030517578,40289900.0
2026-03-27,34.97999954223633,35.09000015258789,34.77000045776367,34.849998474121094,26314200.0
2026-03-30,35.150001525878906,35.2599983215332,34.900001525878906,35.0,30870600.0
2026-03-31,35.150001525878906,35.939998626708984,35.09000015258789,35.900001525878906,45100500.0
2026-04-01,35.599998474121094,35.810001373291016,35.5099983215332,35.560001373291016,34947200.0
2026-04-02,35.119998931884766,35.65999984741211,35.06999969482422,35.560001373291016,21719300.0
2026-04-06,35.34000015258789,35.709999084472656,35.29999923706055,35.54999923706055,18163100.0
2026-04-07,35.36000061035156,35.4900016784668,35.04999923706055,35.47999954223633,29016400.0
2026-04-08,36.54999923706055,36.650001525878906,36.209999084472656,36.349998474121094,43485900.0
2026-04-09,36.04999923706055,36.31999969482422,35.86000061035156,36.290000915527344,22576200.0
2026-04-10,36.45000076293945,36.47999954223633,36.18000030517578,36.25,15711300.0
2026-04-13,36.0099983215332,36.470001220703125,35.959999084472656,36.459999084472656,17382700.0
2026-04-14,36.529998779296875,36.90999984741211,36.529998779296875,36.88999938964844,33562500.0
2026-04-15,36.68000030517578,36.95000076293945,36.599998474121094,36.880001068115234,20380900.0
2026-04-16,37.36000061035156,37.45000076293945,37.13999938964844,37.22999954223633,25838200.0
2026-04-17,37.619998931884766,37.880001068115234,37.529998779296875,37.599998474121094,31336100.0
2026-04-20,37.58000183105469,37.689998626708984,37.45000076293945,37.65999984741211,14775600.0
2026-04-21,37.529998779296875,37.560001373291016,37.04999923706055,37.11000061035156,24087000.0
2026-04-22,37.0099983215332,37.130001068115234,36.91999816894531,36.970001220703125,16026300.0
2026-04-23,36.75,36.810001373291016,36.25,36.4900016784668,24743900.0
2026-04-24,36.68000030517578,36.91999816894531,36.61000061035156,36.86000061035156,20077700.0
2026-04-27,36.4900016784668,36.63999938964844,36.41999816894531,36.45000076293945,23911900.0
2026-04-28,36.150001525878906,36.33000183105469,36.119998931884766,36.25,19974500.0
2026-04-29,36.58000183105469,36.59000015258789,36.25,36.34000015258789,23295600.0
2026-04-30,36.33000183105469,36.83000183105469,36.25,36.790000915527344,23690600.0
2026-05-01,36.66999816894531,37.09000015258789,36.66999816894531,36.810001373291016,17967000.0
2026-05-04,36.540000915527344,36.810001373291016,36.47999954223633,36.54999923706055,22292000.0
2026-05-05,36.650001525878906,36.68000030517578,36.470001220703125,36.4900016784668,12978700.0
2026-05-06,37.0099983215332,37.5099983215332,36.93000030517578,37.4900016784668,42236400.0
2026-05-07,37.560001373291016,37.59000015258789,37.130001068115234,37.189998626708984,36112300.0
2026-05-08,37.5,37.630001068115234,37.16999816894531,37.2400016784668,19520900.0
2026-05-11,37.5099983215332,37.63999938964844,37.439998626708984,37.470001220703125,19442100.0
2026-05-12,37.439998626708984,37.5099983215332,37.06999969482422,37.33000183105469,32104800.0
2026-05-13,37.119998931884766,38.349998474121094,37.11000061035156,38.2599983215332,72843700.0
2026-05-14,37.36000061035156,37.400001525878906,37.060001373291016,37.2400016784668,54300300.0
2026-05-15,36.599998474121094,36.630001068115234,36.20000076293945,36.20000076293945,51576900.0
2026-05-18,36.34000015258789,36.380001068115234,36.09000015258789,36.15999984741211,23318300.0
2026-05-19,36.18000030517578,36.38999938964844,36.15999984741211,36.279998779296875,25947500.0
2026-05-20,36.220001220703125,36.310001373291016,35.939998626708984,36.2400016784668,26394300.0
2026-05-21,35.61000061035156,35.95000076293945,35.45000076293945,35.88999938964844,32272900.0
2026-05-22,35.189998626708984,35.61000061035156,35.150001525878906,35.52000045776367,31702200.0
2026-05-26,35.619998931884766,35.7599983215332,35.560001373291016,35.75,19857800.0
2026-05-27,35.130001068115234,35.459999084472656,35.119998931884766,35.31999969482422,21946200.0
2026-05-28,34.709999084472656,35.04999923706055,34.630001068115234,34.9900016784668,30874300.0
2026-05-29,35.02000045776367,35.290000915527344,34.88999938964844,35.04999923706055,24162300.0
2026-06-01,35.22999954223633,35.45000076293945,35.0,35.34000015258789,26340900.0
2026-06-02,36.43000030517578,36.630001068115234,36.2599983215332,36.36000061035156,42943400.0
2026-06-03,35.77000045776367,35.790000915527344,35.5,35.540000915527344,30134400.0
2026-06-04,35.68000030517578,35.84000015258789,35.470001220703125,35.470001220703125,23108500.0
2026-06-05,35.290000915527344,35.31999969482422,34.599998474121094,34.75,39108900.0
2026-06-08,35.0,35.06999969482422,34.68000030517578,34.68000030517578,21810000.0
2026-06-09,34.970001220703125,35.029998779296875,34.38999938964844,34.689998626708984,25563000.0
2026-06-10,34.86000061035156,35.06999969482422,34.72999954223633,34.75,21329100.0
2026-06-11,34.41999816894531,34.93000030517578,34.31999969482422,34.90999984741211,27589700.0
2026-06-12,35.34000015258789,35.349998474121094,35.11000061035156,35.290000915527344,18805800.0
2026-06-15,35.20000076293945,35.25,35.04999923706055,35.11000061035156,20308600.0
2026-06-16,34.4900016784668,34.61000061035156,34.41999816894531,34.560001373291016,29820500.0
2026-06-17,34.130001068115234,34.36000061035156,33.599998474121094,33.650001525878906,52604600.0
2026-06-18,33.400001525878906,33.41999816894531,33.220001220703125,33.29999923706055,28462700.0
2026-06-22,33.43000030517578,33.619998931884766,33.279998779296875,33.43000030517578,26206600.0
2026-06-23,32.7599983215332,33.0099983215332,32.7599983215332,32.83000183105469,24410100.0
2026-06-24,32.400001525878906,32.58000183105469,32.33000183105469,32.36000061035156,24731100.0
2026-06-25,31.84000015258789,31.920000076293945,31.489999771118164,31.68000030517578,44140300.0
2026-06-26,31.200000762939453,31.65999984741211,31.190000534057617,31.59000015258789,21088400.0
2026-06-29,31.709999084472656,31.860000610351562,31.639999389648438,31.709999084472656,30606500.0
2026-06-30,31.59000015258789,31.739999771118164,31.40999984741211,31.59000015258789,24012600.0
2026-07-01,31.440000534057617,32.22999954223633,31.389999389648438,31.969999313354492,39553400.0
2026-07-02,31.950000762939453,32.13999938964844,31.65999984741211,31.90999984741211,32308200.0
2026-07-06,32.380001068115234,32.529998779296875,32.310001373291016,32.4900016784668,30918600.0
2026-07-07,32.4900016784668,32.72999954223633,32.33000183105469,32.4900016784668,19931100.0
2026-07-08,33.470001220703125,33.63999938964844,33.369998931884766,33.439998626708984,41229800.0
2026-07-09,33.220001220703125,33.41999816894531,33.16999816894531,33.40999984741211,21375600.0
2026-07-10,33.439998626708984,33.61000061035156,33.38999938964844,33.47999954223633,14875600.0
2026-07-13,33.599998474121094,33.720001220703125,33.349998474121094,33.439998626708984,12580800.0
2026-07-14,33.959999084472656,34.040000915527344,33.720001220703125,33.77000045776367,22146000.0
2026-07-15,34.16999816894531,34.54999923706055,34.150001525878906,34.279998779296875,30130500.0
2026-07-16,34.630001068115234,34.7400016784668,34.47999954223633,34.529998779296875,20684300.0
2026-07-17,33.95000076293945,34.150001525878906,33.880001068115234,34.130001068115234,24493200.0
2026-07-20,35.0099983215332,35.290000915527344,34.91999816894531,35.040000915527344,32981100.0
2026-07-21,34.84000015258789,34.86000061035156,34.56999969482422,34.630001068115234,22488000.0
2026-07-22,34.54999923706055,34.56999969482422,34.38999938964844,34.43000030517578,15704200.0
2026-07-23,34.63999938964844,34.7400016784668,34.380001068115234,34.459999084472656,19708900.0
2026-07-24,34.52000045776367,34.7599983215332,34.439998626708984,34.58000183105469,11418000.0
2026-07-27,35.08000183105469,35.33000183105469,34.97999954223633,35.279998779296875,21448000.0
2026-07-28,35.40999984741211,35.720001220703125,35.33000183105469,35.650001525878906,23244500.0
2026-07-29,35.91999816894531,36.4900016784668,35.91999816894531,36.119998931884766,27091100.0
2026-07-30,36.33000183105469,36.54999923706055,36.20000076293945,36.52000045776367,21680100.0
2026-07-31,36.279998779296875,36.540000915527344,36.189998626708984,36.5,23602700.0
2026-08-03,36.400001525878906,36.54999923706055,36.36000061035156,36.459999084472656,13943600.0
2026-08-04,36.0099983215332,36.31999969482422,35.90999984741211,36.310001373291016,18978300.0
2026-08-05,36.369998931884766,36.38999938964844,36.02000045776367,36.08000183105469,19597500.0
2026-08-06,35.90999984741211,36.0099983215332,35.7400016784668,35.95000076293945,12234000.0
2026-08-07,36.060001373291016,36.22999954223633,36.029998779296875,36.16999816894531,11950600.0
2026-08-10,36.22999954223633,36.52000045776367,36.150001525878906,36.4900016784668,13000700.0
2026-08-11,35.810001373291016,35.810001373291016,35.599998474121094,35.65999984741211,23100900.0
2026-08-12,35.349998474121094,35.349998474121094,35.15999984741211,35.22999954223633,20482900.0
2026-08-13,35.06999969482422,35.15999984741211,34.79999923706055,34.86000061035156,20171500.0
2026-08-14,34.81999969482422,35.0,34.790000915527344,34.88999938964844,11076700.0
2026-08-17,35.150001525878906,35.25,35.060001373291016,35.099998474121094,17101600.0
2026-08-18,35.18000030517578,35.34000015258789,35.0,35.060001373291016,13956800.0
2026-08-19,35.540000915527344,35.75,35.529998779296875,35.68000030517578,22795400.0
2026-08-20,35.45000076293945,35.66999816894531,35.34000015258789,35.66999816894531,17608700.0
2026-08-21,36.08000183105469,36.119998931884766,35.81999969482422,35.86000061035156,13747000.0
2026-08-24,35.369998931884766,35.61000061035156,35.36000061035156,35.54999923706055,16508200.0
2026-08-25,35.38999938964844,35.58000183105469,35.33000183105469,35.560001373291016,10668300.0
2026-08-26,35.63999938964844,35.720001220703125,35.529998779296875,35.54999923706055,7523200.0
2026-08-27,35.33000183105469,35.36000061035156,35.189998626708984,35.2400016784668,12484400.0
2026-08-31,35.65999984741211,35.70000076293945,35.349998474121094,35.369998931884766,11402100.0
2026-09-01,35.36000061035156,35.63999938964844,35.279998779296875,35.34000015258789,15098200.0
2026-09-02,35.5099983215332,35.65999984741211,35.470001220703125,35.540000915527344,10329700.0
