date,open,high,low,close,volume
2010-01-04,88.0,88.52999877929688,88.0,88.52999877929688,1316800.0
2010-01-05,88.75,89.08000183105469,88.41999816894531,88.94999694824219,733000.0
2010-01-06,89.04000091552734,89.26000213623047,89.0,89.18000030517578,715700.0
2010-01-07,89.37999725341797,89.62999725341797,89.11000061035156,89.54000091552734,956000.0
2010-01-08,89.55999755859375,89.80999755859375,89.51000213623047,89.68000030517578,711400.0
2010-01-11,89.5,89.70999908447266,89.4800033569336,89.5999984741211,895800.0
2010-01-12,89.5,90.29000091552734,89.05000305175781,89.13999938964844,1133900.0
2010-01-13,89.0999984741211,89.41999816894531,89.0999984741211,89.33999633789062,868900.0
2010-01-14,89.44000244140625,89.4800033569336,89.20999908447266,89.44000244140625,394600.0
2010-01-15,89.5199966430664,89.5199966430664,88.98999786376953,89.08000183105469,835300.0
2010-01-19,89.0,89.19999694824219,88.97000122070312,89.12000274658203,796900.0
2010-01-20,89.1500015258789,89.20999908447266,88.86000061035156,88.98999786376953,588500.0
2010-01-21,89.16000366210938,89.16000366210938,87.5999984741211,87.5999984741211,1416800.0
2010-01-22,87.98999786376953,88.04000091552734,86.61000061035156,86.7699966430664,1394400.0
2010-01-25,87.23999786376953,87.44000244140625,86.75,86.9000015258789,711300.0
2010-01-26,87.19999694824219,87.43000030517578,86.9000015258789,87.01000213623047,576000.0
2010-01-27,86.95999908447266,87.41999816894531,86.91999816894531,87.04000091552734,876500.0
2010-01-28,87.11000061035156,87.23999786376953,86.55000305175781,86.66999816894531,833700.0
2010-01-29,87.2699966430664,87.2699966430664,86.22000122070312,86.2300033569336,1357000.0
2010-02-01,85.94999694824219,86.27999877929688,85.6500015258789,85.9800033569336,924700.0
2010-02-02,86.2699966430664,86.61000061035156,86.0,86.23999786376953,1238500.0
2010-02-03,86.4000015258789,86.70999908447266,86.22000122070312,86.68000030517578,641200.0
2010-02-04,86.30000305175781,86.3499984741211,85.37999725341797,85.44999694824219,1762600.0
2010-02-05,85.33000183105469,85.33000183105469,83.44999694824219,84.94999694824219,3261500.0
2010-02-08,84.80000305175781,85.12999725341797,84.38999938964844,84.58000183105469,1202400.0
2010-02-09,84.86000061035156,85.05000305175781,84.45999908447266,84.75,853800.0
2010-02-10,84.69999694824219,84.91999816894531,83.5999984741211,83.61000061035156,1463200.0
2010-02-11,83.91000366210938,84.41999816894531,83.38999938964844,83.94999694824219,1157700.0
2010-02-12,83.95999908447266,84.16999816894531,83.37999725341797,83.9000015258789,743100.0
2010-02-16,83.66999816894531,85.0199966430664,83.66999816894531,84.7300033569336,1061300.0
2010-02-17,85.16999816894531,85.47000122070312,85.12999725341797,85.37999725341797,1400200.0
2010-02-18,85.48999786376953,86.38999938964844,85.48999786376953,86.19000244140625,1153400.0
2010-02-19,86.37000274658203,86.77999877929688,86.30000305175781,86.7699966430664,1485600.0
2010-02-22,86.88999938964844,87.05999755859375,86.70999908447266,86.87999725341797,1596200.0
2010-02-23,87.0199966430664,87.0999984741211,85.94999694824219,86.25,1014900.0
2010-02-24,86.56999969482422,86.9800033569336,86.3499984741211,86.58000183105469,1047000.0
2010-02-25,86.27999877929688,86.6500015258789,86.0,86.58999633789062,503400.0
2010-02-26,86.75,87.22000122070312,86.66000366210938,87.16999816894531,697900.0
2010-03-01,86.69000244140625,86.77999877929688,86.5,86.58999633789062,1468800.0
2010-03-02,86.87999725341797,87.19999694824219,86.69000244140625,87.1500015258789,1291800.0
2010-03-03,87.27999877929688,87.37999725341797,87.08999633789062,87.23999786376953,986800.0
2010-03-04,87.43000030517578,87.43000030517578,87.08000183105469,87.30999755859375,641100.0
2010-03-05,87.58999633789062,87.83999633789062,87.29000091552734,87.83000183105469,975800.0
2010-03-08,87.97000122070312,88.0999984741211,87.79000091552734,87.8499984741211,937900.0
2010-03-09,87.81999969482422,88.2300033569336,87.80000305175781,88.2300033569336,630800.0
2010-03-10,88.0199966430664,88.30000305175781,88.0,88.26000213623047,640200.0
2010-03-11,88.16999816894531,88.25,88.0199966430664,88.18000030517578,488500.0
2010-03-12,88.19000244140625,88.37000274658203,88.1500015258789,88.19999694824219,636700.0
2010-03-15,88.20999908447266,88.25,87.93000030517578,88.0999984741211,471400.0
2010-03-16,88.22000122070312,88.4800033569336,87.98999786376953,88.4000015258789,923300.0
2010-03-17,88.47000122070312,88.63999938964844,88.33999633789062,88.4000015258789,918300.0
2010-03-18,88.4800033569336,88.63999938964844,88.41000366210938,88.52999877929688,637200.0
2010-03-19,88.08999633789062,88.5999984741211,87.97000122070312,88.08999633789062,674600.0
2010-03-22,87.94999694824219,88.5199966430664,87.80999755859375,88.51000213623047,759000.0
2010-03-23,88.5199966430664,88.5999984741211,88.33000183105469,88.5,699200.0
2010-03-24,88.4800033569336,88.58999633789062,88.3499984741211,88.44999694824219,430800.0
2010-03-25,88.63999938964844,88.80999755859375,88.51000213623047,88.66000366210938,1005200.0
2010-03-26,88.62000274658203,88.69999694824219,88.5,88.62999725341797,1312500.0
2010-03-29,88.73999786376953,88.76000213623047,88.69999694824219,88.73999786376953,546200.0
2010-03-30,88.75,88.87000274658203,88.55999755859375,88.6500015258789,605600.0
2010-03-31,88.56999969482422,88.5999984741211,87.80999755859375,88.37000274658203,1255400.0
2010-04-01,87.83999633789062,88.0,87.5,87.5,773100.0
2010-04-05,87.6500015258789,87.9800033569336,87.41000366210938,87.45999908447266,930200.0
2010-04-06,87.51000213623047,88.08000183105469,87.44999694824219,88.02999877929688,679100.0
2010-04-07,87.91000366210938,88.23999786376953,87.9000015258789,88.16000366210938,859000.0
2010-04-08,88.0999984741211,88.3499984741211,88.01000213623047,88.30999755859375,736100.0
2010-04-09,88.30000305175781,88.56999969482422,88.26000213623047,88.44000244140625,679800.0
2010-04-12,88.55000305175781,88.66000366210938,88.44000244140625,88.45999908447266,443300.0
2010-04-13,88.63999938964844,88.81999969482422,88.63999938964844,88.69999694824219,1162900.0
2010-04-14,88.9000015258789,89.0199966430664,88.80000305175781,88.94000244140625,857700.0
2010-04-15,89.0199966430664,89.47000122070312,88.91999816894531,89.18000030517578,1251000.0
2010-04-16,89.1500015258789,89.3499984741211,88.0999984741211,88.45999908447266,1334100.0
2010-04-19,88.26000213623047,88.48999786376953,88.05000305175781,88.29000091552734,757200.0
2010-04-20,88.66000366210938,90.33000183105469,88.51000213623047,89.23999786376953,1299400.0
2010-04-21,89.33999633789062,89.41000366210938,89.08999633789062,89.25,553100.0
2010-04-22,89.22000122070312,89.22000122070312,88.77999877929688,88.98999786376953,250700.0
2010-04-23,89.0,89.5999984741211,88.87000274658203,89.56999969482422,676000.0
2010-04-26,89.4000015258789,89.69999694824219,89.4000015258789,89.56999969482422,440100.0
2010-04-27,89.56999969482422,89.7300033569336,88.37000274658203,88.44000244140625,1220700.0
2010-04-28,88.80000305175781,88.91999816894531,88.5,88.5,988000.0
2010-04-29,88.91000366210938,89.2300033569336,88.88999938964844,89.11000061035156,812200.0
2010-04-30,88.95999908447266,89.5199966430664,88.95999908447266,89.4000015258789,809800.0
2010-05-03,88.80000305175781,89.08999633789062,88.75,88.75,639000.0
2010-05-04,88.55999755859375,88.62999725341797,87.80999755859375,87.83999633789062,786100.0
2010-05-05,87.25,87.3499984741211,86.0999984741211,86.63999938964844,2567500.0
2010-05-06,86.27999877929688,86.51000213623047,78.95999908447266,84.48999786376953,6587300.0
2010-05-07,84.44999694824219,85.12000274658203,82.51000213623047,84.4800033569336,2584000.0
2010-05-10,86.88999938964844,87.4000015258789,85.61000061035156,86.05999755859375,1670100.0
2010-05-11,85.66999816894531,86.87999725341797,85.58000183105469,85.95999908447266,1524400.0
2010-05-12,86.5,87.02999877929688,86.43000030517578,87.01000213623047,1031200.0
2010-05-13,87.08999633789062,87.25,86.47000122070312,86.47000122070312,1151600.0
2010-05-14,86.20999908447266,86.45999908447266,85.36000061035156,85.97000122070312,1050700.0
2010-05-17,85.94999694824219,86.19000244140625,85.12000274658203,85.86000061035156,1120800.0
2010-05-18,86.31999969482422,86.45999908447266,85.41000366210938,85.68000030517578,1067400.0
2010-05-19,85.41000366210938,85.6500015258789,84.26000213623047,85.18000030517578,1565100.0
2010-05-20,83.88999938964844,83.88999938964844,81.33000183105469,82.63999938964844,3092800.0
2010-05-21,81.48999786376953,84.4000015258789,81.43000030517578,84.30000305175781,1815000.0
2010-05-24,84.0999984741211,85.19999694824219,83.98999786376953,84.43000030517578,1266200.0
2010-05-25,83.19999694824219,84.33000183105469,82.01000213623047,84.33000183105469,1507500.0
2010-05-26,84.63999938964844,85.05000305175781,83.19000244140625,83.31999969482422,1738300.0
2010-05-27,84.13999938964844,84.87999725341797,84.13999938964844,84.47000122070312,828500.0
2010-05-28,84.79000091552734,84.83999633789062,84.31999969482422,84.61000061035156,1253900.0
2010-06-01,83.61000061035156,84.3499984741211,83.37000274658203,83.56999969482422,770300.0
2010-06-02,83.93000030517578,84.13999938964844,83.69999694824219,84.0,1414500.0
2010-06-03,84.22000122070312,84.4000015258789,83.70999908447266,84.02999877929688,877200.0
2010-06-04,83.51000213623047,84.1500015258789,83.33000183105469,83.55999755859375,1439000.0
2010-06-07,83.47000122070312,84.2699966430664,82.9800033569336,82.9800033569336,992900.0
2010-06-08,83.5199966430664,83.5199966430664,82.55000305175781,83.11000061035156,1085200.0
2010-06-09,83.30000305175781,83.44999694824219,83.01000213623047,83.29000091552734,1081900.0
2010-06-10,83.61000061035156,84.13999938964844,83.37000274658203,84.13999938964844,588200.0
2010-06-11,83.69000244140625,84.27999877929688,83.58999633789062,84.26000213623047,468300.0
2010-06-14,84.3499984741211,84.69999694824219,84.25,84.37000274658203,843100.0
2010-06-15,84.6500015258789,85.43000030517578,84.55999755859375,85.19000244140625,1387200.0
2010-06-16,84.98999786376953,85.31999969482422,84.80000305175781,85.26000213623047,1877200.0
2010-06-17,85.5,85.94000244140625,85.36000061035156,85.9000015258789,1097000.0
2010-06-18,85.9800033569336,86.33000183105469,85.93000030517578,86.2699966430664,734300.0
2010-06-21,86.7699966430664,86.81999969482422,86.47000122070312,86.58000183105469,1094400.0
2010-06-22,86.5,86.5999984741211,85.62000274658203,85.95999908447266,1011000.0
2010-06-23,86.02999877929688,86.08999633789062,85.29000091552734,85.9000015258789,882300.0
2010-06-24,85.72000122070312,85.7699966430664,85.19999694824219,85.30999755859375,613600.0
2010-06-25,85.62999725341797,85.73999786376953,85.25,85.69999694824219,536500.0
2010-06-28,85.81999969482422,86.19999694824219,85.66999816894531,85.88999938964844,682200.0
2010-06-29,85.56999969482422,85.58000183105469,84.52999877929688,85.02999877929688,1354400.0
2010-06-30,84.8499984741211,85.12000274658203,84.51000213623047,84.9000015258789,1111300.0
2010-07-01,84.45999908447266,84.72000122070312,83.45999908447266,84.68000030517578,2044000.0
2010-07-02,84.55999755859375,85.1500015258789,84.5,84.69999694824219,880400.0
2010-07-06,85.20999908447266,85.41000366210938,84.86000061035156,85.37000274658203,1176600.0
2010-07-07,85.37999725341797,86.4800033569336,85.19999694824219,86.4000015258789,1173900.0
2010-07-08,86.66000366210938,86.83999633789062,86.12000274658203,86.80000305175781,1525200.0
2010-07-09,86.80000305175781,86.80000305175781,86.47000122070312,86.5999984741211,778800.0
2010-07-12,86.70999908447266,86.72000122070312,85.86000061035156,86.52999877929688,786500.0
2010-07-13,86.75,87.3499984741211,86.5199966430664,87.19999694824219,1464900.0
2010-07-14,87.05000305175781,87.26000213623047,86.87999725341797,87.12000274658203,640400.0
2010-07-15,86.95999908447266,87.30000305175781,86.91999816894531,87.25,565900.0
2010-07-16,87.19000244140625,87.20999908447266,86.4800033569336,86.72000122070312,1215300.0
2010-07-19,86.9800033569336,87.22000122070312,86.7300033569336,87.01000213623047,556000.0
2010-07-20,87.0,88.16000366210938,86.86000061035156,87.70999908447266,2442800.0
2010-07-21,88.08000183105469,88.44000244140625,87.37000274658203,87.66999816894531,1376100.0
2010-07-22,87.94999694824219,88.45999908447266,87.94999694824219,88.44999694824219,809300.0
2010-07-23,88.38999938964844,88.8499984741211,88.04000091552734,88.8499984741211,985400.0
2010-07-26,88.80000305175781,88.95999908447266,88.47000122070312,88.88999938964844,887200.0
2010-07-27,88.98999786376953,89.0999984741211,88.4800033569336,88.7699966430664,887100.0
2010-07-28,88.87999725341797,88.94999694824219,88.5199966430664,88.58000183105469,603100.0
2010-07-29,88.87999725341797,88.93000030517578,88.58000183105469,88.8499984741211,628800.0
2010-07-30,88.5999984741211,88.87000274658203,88.3499984741211,88.62000274658203,1038700.0
2010-08-02,88.38999938964844,88.55000305175781,88.19999694824219,88.4800033569336,1021600.0
2010-08-03,88.16999816894531,88.62999725341797,88.08999633789062,88.4800033569336,1705900.0
2010-08-04,88.58000183105469,88.58999633789062,88.29000091552734,88.43000030517578,1844200.0
2010-08-05,88.33999633789062,88.41000366210938,88.1500015258789,88.38999938964844,708100.0
2010-08-06,88.33999633789062,88.38999938964844,87.87000274658203,88.37000274658203,830300.0
2010-08-09,88.58999633789062,88.58999633789062,88.08999633789062,88.20999908447266,1266200.0
2010-08-10,88.2300033569336,88.30000305175781,87.94999694824219,88.18000030517578,1271500.0
2010-08-11,87.58999633789062,87.69999694824219,86.9000015258789,87.02999877929688,1558600.0
2010-08-12,86.6500015258789,87.13999938964844,86.19999694824219,86.7300033569336,1261600.0
2010-08-13,86.97000122070312,87.33000183105469,86.6500015258789,87.11000061035156,776300.0
2010-08-16,86.98999786376953,87.47000122070312,86.9800033569336,87.22000122070312,1087600.0
2010-08-17,87.55000305175781,87.77999877929688,87.47000122070312,87.55000305175781,860800.0
2010-08-18,87.5999984741211,87.76000213623047,87.5,87.69999694824219,717000.0
2010-08-19,87.69999694824219,87.80999755859375,87.27999877929688,87.5199966430664,882800.0
2010-08-20,87.5199966430664,87.7699966430664,87.45999908447266,87.7300033569336,557700.0
2010-08-23,87.80000305175781,87.80999755859375,87.56999969482422,87.7300033569336,633300.0
2010-08-24,87.51000213623047,87.56999969482422,87.25,87.2699966430664,1000800.0
2010-08-25,87.19999694824219,87.31999969482422,86.79000091552734,87.1500015258789,788400.0
2010-08-26,87.22000122070312,87.44000244140625,86.80000305175781,87.02999877929688,1012400.0
2010-08-27,87.19999694824219,87.43000030517578,86.91000366210938,87.0199966430664,1302000.0
2010-08-30,87.02999877929688,87.43000030517578,87.02999877929688,87.18000030517578,620800.0
2010-08-31,87.19999694824219,87.37999725341797,87.0999984741211,87.1500015258789,1154800.0
2010-09-01,86.91000366210938,87.45999908447266,86.88999938964844,87.45999908447266,1697900.0
2010-09-02,87.5199966430664,87.61000061035156,87.33999633789062,87.5999984741211,603900.0
2010-09-03,87.7300033569336,87.86000061035156,87.4800033569336,87.86000061035156,999600.0
2010-09-07,87.68000030517578,87.73999786376953,87.3499984741211,87.7300033569336,883500.0
2010-09-08,87.7300033569336,87.86000061035156,87.66000366210938,87.75,835500.0
2010-09-09,88.12999725341797,88.12999725341797,87.83000183105469,88.0999984741211,789300.0
2010-09-10,88.2300033569336,88.37000274658203,88.0199966430664,88.33000183105469,957600.0
2010-09-13,88.58000183105469,88.81999969482422,88.44999694824219,88.79000091552734,1103500.0
2010-09-14,88.77999877929688,88.77999877929688,88.5199966430664,88.7699966430664,658700.0
2010-09-15,88.47000122070312,88.73999786376953,88.47000122070312,88.69000244140625,570800.0
2010-09-16,88.73999786376953,88.9000015258789,88.6500015258789,88.83999633789062,751400.0
2010-09-17,89.05000305175781,89.05000305175781,88.9000015258789,89.0,922800.0
2010-09-20,89.0999984741211,89.22000122070312,89.05000305175781,89.13999938964844,631900.0
2010-09-21,89.2300033569336,89.2300033569336,88.87000274658203,88.98999786376953,810900.0
2010-09-22,89.0999984741211,89.0999984741211,88.62000274658203,88.62999725341797,832700.0
2010-09-23,88.5,88.5199966430664,88.25,88.4000015258789,758800.0
2010-09-24,88.52999877929688,88.88999938964844,88.52999877929688,88.75,917200.0
2010-09-27,88.93000030517578,89.08000183105469,88.83999633789062,88.9000015258789,615900.0
2010-09-28,89.16000366210938,89.16000366210938,88.80000305175781,89.02999877929688,1038800.0
2010-09-29,89.19999694824219,89.41000366210938,89.11000061035156,89.23999786376953,826600.0
2010-09-30,89.4800033569336,89.73999786376953,89.2300033569336,89.69000244140625,2290800.0
2010-10-01,89.20999908447266,89.33000183105469,88.98999786376953,89.22000122070312,837800.0
2010-10-04,89.27999877929688,89.27999877929688,88.88999938964844,88.91000366210938,2490600.0
2010-10-05,89.25,89.31999969482422,89.05999755859375,89.2300033569336,993500.0
2010-10-06,89.22000122070312,89.33000183105469,89.05000305175781,89.1500015258789,1990200.0
2010-10-07,89.3499984741211,89.5,89.12999725341797,89.33000183105469,1371700.0
2010-10-08,89.45999908447266,89.68000030517578,89.36000061035156,89.62999725341797,1524800.0
2010-10-11,89.66000366210938,89.88999938964844,89.62999725341797,89.81999969482422,644900.0
2010-10-12,89.7699966430664,89.94999694824219,89.66999816894531,89.73999786376953,855200.0
2010-10-13,89.93000030517578,90.25,89.81999969482422,90.04000091552734,880300.0
2010-10-14,90.12000274658203,90.12999725341797,89.55000305175781,89.61000061035156,994400.0
2010-10-15,89.79000091552734,90.0,89.73999786376953,89.83999633789062,524200.0
2010-10-18,89.94999694824219,90.0999984741211,89.72000122070312,89.72000122070312,516300.0
2010-10-19,89.79000091552734,89.94999694824219,89.68000030517578,89.70999908447266,601800.0
2010-10-20,89.81999969482422,90.0199966430664,89.63999938964844,89.98999786376953,965600.0
2010-10-21,90.08999633789062,90.12000274658203,89.8499984741211,89.8499984741211,521000.0
2010-10-22,90.06999969482422,90.27999877929688,90.01000213623047,90.26000213623047,418000.0
2010-10-25,90.47000122070312,90.7699966430664,90.44999694824219,90.61000061035156,1051500.0
2010-10-26,90.58999633789062,90.7699966430664,90.55000305175781,90.75,568100.0
2010-10-27,90.69999694824219,90.80000305175781,90.52999877929688,90.6500015258789,910700.0
2010-10-28,90.88999938964844,90.9000015258789,90.55000305175781,90.69999694824219,1078600.0
2010-10-29,90.80999755859375,90.9000015258789,90.66000366210938,90.73999786376953,898000.0
2010-11-01,90.30000305175781,90.4000015258789,89.94999694824219,89.97000122070312,921400.0
2010-11-02,90.19999694824219,90.41999816894531,90.06999969482422,90.41000366210938,859800.0
2010-11-03,90.44999694824219,90.80000305175781,90.33999633789062,90.70999908447266,1301600.0
2010-11-04,91.06999969482422,91.97000122070312,91.05999755859375,91.88999938964844,1495800.0
2010-11-05,91.77999877929688,91.88999938964844,91.5199966430664,91.79000091552734,1281500.0
2010-11-08,91.69999694824219,91.79000091552734,91.44999694824219,91.5199966430664,1178800.0
2010-11-09,91.69000244140625,91.69000244140625,91.0999984741211,91.26000213623047,705400.0
2010-11-10,91.25,91.25,90.4800033569336,90.51000213623047,1250800.0
2010-11-11,90.44000244140625,90.52999877929688,89.80999755859375,90.1500015258789,1051000.0
2010-11-12,90.13999938964844,90.25,89.81999969482422,89.81999969482422,1088500.0
2010-11-15,90.16999816894531,90.19999694824219,89.58999633789062,89.6500015258789,1071300.0
2010-11-16,89.58000183105469,89.69999694824219,88.48999786376953,88.66000366210938,1674100.0
2010-11-17,89.25,89.37000274658203,89.0,89.11000061035156,1827000.0
2010-11-18,89.81999969482422,90.23999786376953,89.58000183105469,90.23999786376953,1197000.0
2010-11-19,90.0,90.20999908447266,89.83999633789062,90.20999908447266,592000.0
2010-11-22,89.76000213623047,89.94999694824219,89.54000091552734,89.58000183105469,424600.0
2010-11-23,89.37999725341797,89.37999725341797,88.31999969482422,88.3499984741211,1975700.0
2010-11-24,88.56999969482422,89.0199966430664,88.56999969482422,88.87999725341797,690700.0
2010-11-26,88.7699966430664,88.87000274658203,88.51000213623047,88.55999755859375,365000.0
2010-11-29,88.51000213623047,89.0199966430664,88.4800033569336,88.79000091552734,598300.0
2010-11-30,88.58999633789062,89.12000274658203,88.41999816894531,88.98999786376953,1459300.0
2010-12-01,88.9800033569336,89.25,88.79000091552734,89.22000122070312,1710800.0
2010-12-02,89.26000213623047,89.31999969482422,89.0,89.2699966430664,775600.0
2010-12-03,89.19999694824219,89.44999694824219,89.16000366210938,89.41999816894531,1621000.0
2010-12-06,89.41999816894531,89.41999816894531,89.2300033569336,89.37000274658203,776300.0
2010-12-07,89.81999969482422,89.91000366210938,89.66999816894531,89.83000183105469,946300.0
2010-12-08,89.7300033569336,90.0,89.41000366210938,89.54000091552734,1216200.0
2010-12-09,89.66999816894531,89.66999816894531,89.33999633789062,89.3499984741211,457200.0
2010-12-10,89.5,89.61000061035156,89.30999755859375,89.38999938964844,613100.0
2010-12-13,89.4000015258789,89.56999969482422,88.81999969482422,88.94000244140625,1176600.0
2010-12-14,89.4000015258789,89.4000015258789,88.87999725341797,89.37999725341797,1366900.0
2010-12-15,89.4000015258789,89.4000015258789,88.91000366210938,89.02999877929688,566500.0
2010-12-16,88.9000015258789,89.36000061035156,88.77999877929688,89.36000061035156,498600.0
2010-12-17,89.3499984741211,89.52999877929688,89.2300033569336,89.48999786376953,989700.0
2010-12-20,89.62999725341797,89.6500015258789,89.5,89.6500015258789,587700.0
2010-12-21,89.80999755859375,89.88999938964844,89.66000366210938,89.83999633789062,785400.0
2010-12-22,89.8499984741211,90.13999938964844,89.7699966430664,90.08999633789062,803000.0
2010-12-23,90.1500015258789,90.25,90.12000274658203,90.18000030517578,560500.0
2010-12-27,90.31999969482422,90.36000061035156,90.12000274658203,90.25,590800.0
2010-12-28,89.87000274658203,89.9000015258789,89.54000091552734,89.7300033569336,575100.0
2010-12-29,89.83999633789062,90.05999755859375,89.72000122070312,90.02999877929688,535700.0
2010-12-30,90.13999938964844,90.13999938964844,89.95999908447266,90.12999725341797,335400.0
2010-12-31,90.12999725341797,90.30999755859375,90.05000305175781,90.29000091552734,715700.0
2011-01-03,90.29000091552734,90.70999908447266,90.2699966430664,90.36000061035156,1448800.0
2011-01-04,90.55999755859375,90.77999877929688,90.4800033569336,90.7699966430664,1077800.0
2011-01-05,90.63999938964844,91.01000213623047,90.62999725341797,91.0,2537800.0
2011-01-06,91.04000091552734,91.12000274658203,90.69000244140625,91.11000061035156,2046600.0
2011-01-07,91.12000274658203,91.12000274658203,90.69999694824219,90.76000213623047,917900.0
2011-01-10,90.61000061035156,90.7300033569336,90.56999969482422,90.69000244140625,517400.0
2011-01-11,90.91000366210938,91.08999633789062,90.8499984741211,91.04000091552734,493300.0
2011-01-12,91.05000305175781,91.33000183105469,91.05000305175781,91.2300033569336,609600.0
2011-01-13,91.23999786376953,91.44999694824219,91.16999816894531,91.20999908447266,1563900.0
2011-01-14,91.3499984741211,91.4000015258789,91.23999786376953,91.36000061035156,912500.0
2011-01-18,91.5,91.5,91.25,91.3499984741211,1186800.0
2011-01-19,91.2699966430664,91.38999938964844,91.05999755859375,91.06999969482422,1073200.0
2011-01-20,91.06999969482422,91.12999725341797,90.76000213623047,90.88999938964844,766000.0
2011-01-21,90.9800033569336,91.33999633789062,90.9800033569336,91.26000213623047,681100.0
2011-01-24,91.29000091552734,91.44999694824219,91.29000091552734,91.38999938964844,697300.0
2011-01-25,91.43000030517578,91.52999877929688,91.33000183105469,91.52999877929688,686400.0
2011-01-26,91.63999938964844,91.72000122070312,91.52999877929688,91.72000122070312,985500.0
2011-01-27,91.7699966430664,91.8499984741211,91.69000244140625,91.83999633789062,679400.0
2011-01-28,91.87999725341797,91.88999938964844,91.2699966430664,91.29000091552734,2015100.0
2011-01-31,91.52999877929688,91.77999877929688,91.36000061035156,91.77999877929688,1183200.0
2011-02-01,91.30999755859375,91.44999694824219,91.20999908447266,91.37000274658203,944600.0
2011-02-02,91.48999786376953,91.51000213623047,91.37000274658203,91.47000122070312,550400.0
2011-02-03,91.4800033569336,91.55999755859375,91.2699966430664,91.47000122070312,1240800.0
2011-02-04,91.69999694824219,91.88999938964844,91.5199966430664,91.87000274658203,1667600.0
2011-02-07,92.01000213623047,92.05000305175781,91.79000091552734,92.04000091552734,2260600.0
2011-02-08,92.12000274658203,92.16000366210938,92.0,92.13999938964844,2632400.0
2011-02-09,92.13999938964844,92.13999938964844,91.62000274658203,91.62000274658203,936900.0
2011-02-10,91.5999984741211,91.91000366210938,91.5,91.72000122070312,801800.0
2011-02-11,91.87000274658203,91.94999694824219,91.62999725341797,91.94999694824219,586700.0
2011-02-14,91.86000061035156,92.0199966430664,91.86000061035156,92.0199966430664,660000.0
2011-02-15,92.05999755859375,92.05999755859375,91.7699966430664,91.83999633789062,1109100.0
2011-02-16,92.01000213623047,92.08999633789062,91.87000274658203,91.87000274658203,1378100.0
2011-02-17,92.0,92.0999984741211,91.95999908447266,92.08000183105469,658800.0
2011-02-18,92.18000030517578,92.37000274658203,92.11000061035156,92.36000061035156,870300.0
2011-02-22,92.19000244140625,92.23999786376953,91.58999633789062,91.5999984741211,1305600.0
2011-02-23,91.62999725341797,91.83000183105469,91.58999633789062,91.69000244140625,1062700.0
2011-02-24,91.8499984741211,91.91000366210938,91.70999908447266,91.76000213623047,857300.0
2011-02-25,91.80999755859375,92.08000183105469,91.77999877929688,92.04000091552734,1907800.0
2011-02-28,92.13999938964844,92.52999877929688,91.9800033569336,92.5,4044100.0
2011-03-01,91.97000122070312,91.9800033569336,91.68000030517578,91.77999877929688,1692100.0
2011-03-02,91.75,91.87999725341797,91.69999694824219,91.86000061035156,1271400.0
2011-03-03,91.91000366210938,92.22000122070312,91.91000366210938,92.19000244140625,1615300.0
2011-03-04,92.19000244140625,92.20999908447266,91.93000030517578,92.0,1057200.0
2011-03-07,92.12999725341797,92.13999938964844,91.91999816894531,92.0199966430664,1086800.0
2011-03-08,92.0,92.05999755859375,91.91000366210938,91.94000244140625,971400.0
2011-03-09,91.95999908447266,92.01000213623047,91.6500015258789,91.68000030517578,1241700.0
2011-03-10,91.73999786376953,91.80000305175781,91.16999816894531,91.19999694824219,1098400.0
2011-03-11,91.11000061035156,91.3499984741211,91.05999755859375,91.18000030517578,1023500.0
2011-03-14,91.08999633789062,91.26000213623047,90.76000213623047,90.80999755859375,1643400.0
2011-03-15,89.9000015258789,90.48999786376953,89.5,90.33999633789062,1598300.0
2011-03-16,90.36000061035156,90.62000274658203,89.72000122070312,89.77999877929688,2882900.0
2011-03-17,90.22000122070312,90.76000213623047,90.22000122070312,90.75,1634200.0
2011-03-18,91.13999938964844,91.47000122070312,91.0199966430664,91.18000030517578,1300400.0
2011-03-21,91.48999786376953,91.77999877929688,91.41000366210938,91.73999786376953,943800.0
2011-03-22,91.62000274658203,91.83000183105469,91.52999877929688,91.79000091552734,2285400.0
2011-03-23,91.69000244140625,91.81999969482422,91.52999877929688,91.68000030517578,749400.0
2011-03-24,91.76000213623047,91.8499984741211,91.6500015258789,91.76000213623047,923100.0
2011-03-25,91.83999633789062,91.86000061035156,91.76000213623047,91.79000091552734,478500.0
2011-03-28,91.9000015258789,91.9000015258789,91.69000244140625,91.81999969482422,844000.0
2011-03-29,91.69999694824219,91.91000366210938,91.68000030517578,91.87000274658203,1010700.0
2011-03-30,91.94999694824219,92.05999755859375,91.75,92.01000213623047,1868800.0
2011-03-31,92.02999877929688,92.02999877929688,91.87000274658203,91.95999908447266,924100.0
2011-04-01,91.38999938964844,91.52999877929688,91.27999877929688,91.27999877929688,1322400.0
2011-04-04,91.44000244140625,91.86000061035156,91.3499984741211,91.83999633789062,3254100.0
2011-04-05,91.63999938964844,91.91000366210938,91.63999938964844,91.73999786376953,1338100.0
2011-04-06,91.91000366210938,91.9800033569336,91.83999633789062,91.94000244140625,835300.0
2011-04-07,91.93000030517578,92.06999969482422,91.91999816894531,92.02999877929688,1156700.0
2011-04-08,92.08999633789062,92.12000274658203,91.91000366210938,92.02999877929688,1168900.0
2011-04-11,92.08000183105469,92.16999816894531,91.93000030517578,91.94000244140625,1045900.0
2011-04-12,91.9800033569336,91.9800033569336,91.62000274658203,91.6500015258789,940100.0
2011-04-13,91.87000274658203,92.08999633789062,91.83000183105469,92.08999633789062,1128100.0
2011-04-14,92.0,92.0199966430664,91.63999938964844,91.72000122070312,1538700.0
2011-04-15,91.8499984741211,91.9000015258789,91.76000213623047,91.83999633789062,658300.0
2011-04-18,91.69999694824219,91.69999694824219,91.41999816894531,91.5199966430664,1736400.0
2011-04-19,91.63999938964844,91.86000061035156,91.61000061035156,91.83999633789062,1020800.0
2011-04-20,92.0,92.2300033569336,91.91000366210938,92.19000244140625,716400.0
2011-04-21,92.31999969482422,92.43000030517578,92.11000061035156,92.41000366210938,632000.0
2011-04-25,92.44999694824219,92.44999694824219,92.30000305175781,92.30999755859375,978700.0
2011-04-26,92.44999694824219,92.5199966430664,92.33000183105469,92.5199966430664,575400.0
2011-04-27,92.48999786376953,92.58000183105469,92.4800033569336,92.58000183105469,738800.0
2011-04-28,92.58000183105469,92.66000366210938,92.55000305175781,92.62999725341797,697600.0
2011-04-29,92.76000213623047,92.8499984741211,92.68000030517578,92.8499984741211,799000.0
2011-05-02,92.30999755859375,92.41999816894531,92.20999908447266,92.2300033569336,848700.0
2011-05-03,92.41999816894531,92.43000030517578,92.0999984741211,92.25,977700.0
2011-05-04,92.37999725341797,92.37999725341797,92.12000274658203,92.22000122070312,959400.0
2011-05-05,92.22000122070312,92.22000122070312,91.79000091552734,91.83999633789062,1300000.0
2011-05-06,92.11000061035156,92.44999694824219,92.11000061035156,92.30999755859375,968900.0
2011-05-09,92.38999938964844,92.51000213623047,92.29000091552734,92.43000030517578,620500.0
2011-05-10,92.33000183105469,92.62999725341797,92.33000183105469,92.62999725341797,723600.0
2011-05-11,92.69000244140625,92.7300033569336,92.37000274658203,92.48999786376953,595200.0
2011-05-12,92.47000122070312,92.58000183105469,92.26000213623047,92.58000183105469,1129800.0
2011-05-13,92.5999984741211,92.5999984741211,92.19999694824219,92.19999694824219,1053400.0
2011-05-16,92.26000213623047,92.47000122070312,92.26000213623047,92.37999725341797,540400.0
2011-05-17,92.37000274658203,92.58999633789062,92.11000061035156,92.54000091552734,1674000.0
2011-05-18,92.4800033569336,92.66000366210938,92.43000030517578,92.6500015258789,813000.0
2011-05-19,92.66999816894531,92.66999816894531,92.51000213623047,92.61000061035156,715900.0
2011-05-20,92.61000061035156,92.61000061035156,92.41000366210938,92.54000091552734,538900.0
2011-05-23,92.26000213623047,92.3499984741211,92.08000183105469,92.0999984741211,1204800.0
2011-05-24,92.30999755859375,92.37000274658203,91.93000030517578,91.94999694824219,808100.0
2011-05-25,92.02999877929688,92.05000305175781,91.9000015258789,91.94999694824219,1407900.0
2011-05-26,91.97000122070312,92.0,91.87000274658203,91.87000274658203,787900.0
2011-05-27,91.94999694824219,92.26000213623047,91.9000015258789,92.1500015258789,1225700.0
2011-05-31,92.4000015258789,92.45999908447266,92.26000213623047,92.4000015258789,1848000.0
2011-06-01,91.76000213623047,91.88999938964844,91.1500015258789,91.30000305175781,2091600.0
2011-06-02,91.36000061035156,91.4000015258789,91.19999694824219,91.23999786376953,1177000.0
2011-06-03,90.95999908447266,91.08000183105469,90.81999969482422,90.87999725341797,1141100.0
2011-06-06,90.94000244140625,91.01000213623047,90.56999969482422,90.66000366210938,1660100.0
2011-06-07,90.9000015258789,90.93000030517578,90.54000091552734,90.58999633789062,995500.0
2011-06-08,90.55999755859375,90.58000183105469,90.13999938964844,90.16000366210938,1642600.0
2011-06-09,90.20999908447266,90.44000244140625,90.12000274658203,90.22000122070312,1480700.0
2011-06-10,90.2699966430664,90.3499984741211,89.44000244140625,89.62999725341797,3870000.0
2011-06-13,89.75,89.98999786376953,89.29000091552734,89.29000091552734,2015400.0
2011-06-14,89.97000122070312,90.0199966430664,89.80000305175781,89.8499984741211,1253000.0
2011-06-15,89.58000183105469,89.8499984741211,89.37000274658203,89.47000122070312,1319400.0
2011-06-16,89.41000366210938,89.69999694824219,87.62999725341797,87.87999725341797,7149900.0
2011-06-17,88.88999938964844,89.18000030517578,88.30000305175781,88.8499984741211,3486900.0
2011-06-20,88.94999694824219,89.56999969482422,88.94000244140625,89.47000122070312,1555600.0
2011-06-21,89.62000274658203,90.08000183105469,89.55999755859375,90.06999969482422,2212000.0
2011-06-22,89.9000015258789,90.04000091552734,89.41000366210938,89.41999816894531,1667400.0
2011-06-23,89.25,90.0,88.83000183105469,89.9000015258789,2999800.0
2011-06-24,90.05000305175781,90.05000305175781,89.33000183105469,89.47000122070312,1416400.0
2011-06-27,89.51000213623047,89.5999984741211,89.36000061035156,89.44999694824219,1137600.0
2011-06-28,89.69999694824219,89.80999755859375,89.62000274658203,89.80999755859375,1477500.0
2011-06-29,90.0999984741211,90.75,89.94999694824219,90.69999694824219,1752700.0
2011-06-30,90.69999694824219,91.5999984741211,90.69999694824219,91.30999755859375,2514300.0
2011-07-01,91.38999938964844,91.44999694824219,90.83999633789062,91.20999908447266,1749800.0
2011-07-05,91.05999755859375,91.33999633789062,90.91000366210938,91.33000183105469,2253200.0
2011-07-06,90.98999786376953,91.37999725341797,90.91999816894531,91.37000274658203,1969400.0
2011-07-07,91.58000183105469,91.7300033569336,91.30999755859375,91.7300033569336,2662100.0
2011-07-08,91.16000366210938,91.5199966430664,91.13999938964844,91.4800033569336,1771000.0
2011-07-11,91.01000213623047,91.12999725341797,90.55000305175781,90.58000183105469,1967100.0
2011-07-12,90.5199966430664,90.66000366210938,90.31999969482422,90.33000183105469,1407200.0
2011-07-13,90.5999984741211,91.06999969482422,90.54000091552734,91.02999877929688,1056800.0
2011-07-14,90.87000274658203,91.5,90.80999755859375,90.9800033569336,823300.0
2011-07-15,91.16999816894531,91.16999816894531,90.88999938964844,90.94999694824219,688800.0
2011-07-18,90.75,91.0,90.51000213623047,90.79000091552734,2103500.0
2011-07-19,90.77999877929688,91.2300033569336,90.70999908447266,91.19999694824219,894100.0
2011-07-20,91.41000366210938,91.41000366210938,91.19999694824219,91.27999877929688,878500.0
2011-07-21,91.44999694824219,91.7699966430664,91.3499984741211,91.72000122070312,936300.0
2011-07-22,91.5999984741211,91.86000061035156,91.54000091552734,91.83999633789062,670000.0
2011-07-25,91.55000305175781,91.73999786376953,91.33999633789062,91.3499984741211,1050600.0
2011-07-26,91.44000244140625,91.63999938964844,91.33000183105469,91.54000091552734,570200.0
2011-07-27,91.5199966430664,91.58000183105469,90.81999969482422,90.81999969482422,1158100.0
2011-07-28,90.91999816894531,91.18000030517578,90.83000183105469,90.95999908447266,689700.0
2011-07-29,90.4800033569336,91.08000183105469,90.41000366210938,91.05000305175781,1199100.0
2011-08-01,90.79000091552734,91.01000213623047,90.25,90.69999694824219,907000.0
2011-08-02,90.48999786376953,90.5,89.56999969482422,89.58000183105469,1286700.0
2011-08-03,89.61000061035156,89.95999908447266,88.80999755859375,89.52999877929688,2361600.0
2011-08-04,89.0,89.3499984741211,86.91000366210938,86.94999694824219,3396500.0
2011-08-05,87.44000244140625,88.12999725341797,84.61000061035156,86.86000061035156,4671900.0
2011-08-08,83.87000274658203,85.86000061035156,82.33000183105469,83.16000366210938,6491600.0
2011-08-09,84.25,85.69999694824219,83.05000305175781,85.69999694824219,5124100.0
2011-08-10,85.1500015258789,85.29000091552734,83.88999938964844,84.25,3395000.0
2011-08-11,83.66000366210938,85.91000366210938,83.66000366210938,85.77999877929688,2916900.0
2011-08-12,85.9800033569336,86.20999908447266,85.02999877929688,85.37999725341797,2273600.0
2011-08-15,85.97000122070312,86.88999938964844,85.68000030517578,86.7699966430664,3280700.0
2011-08-16,86.52999877929688,86.77999877929688,86.12000274658203,86.22000122070312,2712000.0
2011-08-17,86.62999725341797,87.18000030517578,86.5999984741211,87.16999816894531,1668900.0
2011-08-18,86.18000030517578,86.2300033569336,85.11000061035156,86.11000061035156,2342700.0
2011-08-19,85.2699966430664,86.58000183105469,85.08999633789062,85.36000061035156,1879400.0
2011-08-22,86.0,86.36000061035156,85.3499984741211,85.45999908447266,1681100.0
2011-08-23,85.27999877929688,86.23999786376953,84.69999694824219,86.0999984741211,2588800.0
2011-08-24,85.5,86.05999755859375,85.19000244140625,85.70999908447266,2550900.0
2011-08-25,86.22000122070312,86.45999908447266,85.0,85.0199966430664,1678800.0
2011-08-26,85.05000305175781,86.05000305175781,84.30000305175781,85.87999725341797,1629000.0
2011-08-29,86.47000122070312,86.8499984741211,86.18000030517578,86.75,2082100.0
2011-08-30,86.61000061035156,86.95999908447266,86.48999786376953,86.91000366210938,1774500.0
2011-08-31,87.79000091552734,88.37999725341797,87.56999969482422,88.02999877929688,3213700.0
2011-09-01,87.48999786376953,87.61000061035156,87.2300033569336,87.41000366210938,1624000.0
2011-09-02,86.56999969482422,87.55999755859375,86.56999969482422,87.0,1814600.0
2011-09-06,85.76000213623047,86.30000305175781,85.5199966430664,85.97000122070312,3004100.0
2011-09-07,86.58999633789062,86.76000213623047,86.11000061035156,86.38999938964844,916900.0
2011-09-08,86.55999755859375,86.8499984741211,86.38999938964844,86.66000366210938,1533100.0
2011-09-09,86.55000305175781,86.80000305175781,85.62999725341797,85.87999725341797,1978400.0
2011-09-12,85.30999755859375,85.45999908447266,84.80999755859375,85.13999938964844,2110000.0
2011-09-13,85.33999633789062,86.0,85.13999938964844,85.79000091552734,2331900.0
2011-09-14,86.06999969482422,86.55999755859375,85.66000366210938,86.36000061035156,1648300.0
2011-09-15,86.55999755859375,86.95999908447266,86.37000274658203,86.94000244140625,1534000.0
2011-09-16,87.1500015258789,87.1500015258789,86.5999984741211,86.88999938964844,1217200.0
2011-09-19,86.73999786376953,86.93000030517578,86.37999725341797,86.76000213623047,1251000.0
2011-09-20,86.91999816894531,87.08000183105469,86.56999969482422,86.9000015258789,1509100.0
2011-09-21,86.9000015258789,87.08000183105469,86.13999938964844,86.1500015258789,2524900.0
2011-09-22,85.16999816894531,85.5199966430664,84.77999877929688,84.9800033569336,2295700.0
2011-09-23,84.7300033569336,85.62000274658203,84.69999694824219,85.20999908447266,2251300.0
2011-09-26,85.38999938964844,86.37999725341797,85.01000213623047,85.52999877929688,2451400.0
2011-09-27,86.04000091552734,86.04000091552734,85.5,85.62999725341797,3481300.0
2011-09-28,85.58000183105469,85.5999984741211,84.51000213623047,84.66999816894531,2696800.0
2011-09-29,85.0,85.27999877929688,84.36000061035156,84.51000213623047,1643100.0
2011-09-30,83.9800033569336,83.9800033569336,82.7300033569336,82.83000183105469,2510700.0
2011-10-03,81.91999816894531,82.45999908447266,81.30000305175781,81.30000305175781,2560600.0
2011-10-04,80.61000061035156,81.18000030517578,77.9000015258789,81.05000305175781,4870500.0
2011-10-05,81.43000030517578,82.11000061035156,80.7300033569336,82.04000091552734,2563800.0
2011-10-06,82.29000091552734,83.31999969482422,81.9000015258789,83.30999755859375,2317200.0
2011-10-07,83.77999877929688,83.80000305175781,82.66999816894531,83.37999725341797,2686900.0
2011-10-10,84.37999725341797,85.18000030517578,83.87000274658203,85.16999816894531,2014300.0
2011-10-11,85.02999877929688,85.02999877929688,84.18000030517578,84.2300033569336,2278800.0
2011-10-12,84.7699966430664,86.27999877929688,84.41999816894531,86.19000244140625,4223000.0
2011-10-13,85.83999633789062,86.0199966430664,85.11000061035156,85.83000183105469,3361300.0
2011-10-14,86.30999755859375,86.45999908447266,86.0,86.43000030517578,2760400.0
2011-10-17,86.0199966430664,86.06999969482422,85.7300033569336,85.93000030517578,1904100.0
2011-10-18,85.91999816894531,86.58000183105469,85.43000030517578,86.38999938964844,2890000.0
2011-10-19,86.55000305175781,87.22000122070312,86.05999755859375,86.11000061035156,3574500.0
2011-10-20,86.4000015258789,86.87999725341797,86.19999694824219,86.87000274658203,1759800.0
2011-10-21,87.44999694824219,87.94000244140625,87.25,87.91999816894531,2405600.0
2011-10-24,88.0,90.4800033569336,87.8499984741211,90.30000305175781,5630300.0
2011-10-25,89.41000366210938,89.83000183105469,88.66000366210938,88.69999694824219,4506500.0
2011-10-26,89.5,89.5,88.44999694824219,89.08000183105469,2839500.0
2011-10-27,90.73999786376953,91.41999816894531,90.0,90.38999938964844,5132100.0
2011-10-28,90.16000366210938,90.19999694824219,89.83999633789062,90.12000274658203,2820700.0
2011-10-31,89.66000366210938,89.66999816894531,89.19999694824219,89.27999877929688,2972600.0
2011-11-01,87.52999877929688,88.12000274658203,86.75,87.16999816894531,3132800.0
2011-11-02,87.62999725341797,88.18000030517578,87.45999908447266,88.0,1812500.0
2011-11-03,88.69000244140625,88.98999786376953,88.12000274658203,88.87000274658203,1409900.0
2011-11-04,88.37999725341797,88.86000061035156,88.06999969482422,88.77999877929688,3759500.0
2011-11-07,88.7300033569336,88.79000091552734,88.0199966430664,88.4800033569336,1756000.0
2011-11-08,88.75,88.81999969482422,88.33000183105469,88.68000030517578,1823800.0
2011-11-09,87.70999908447266,87.97000122070312,86.80000305175781,86.80000305175781,2151500.0
2011-11-10,87.56999969482422,87.70999908447266,86.87000274658203,86.88999938964844,2487700.0
2011-11-11,87.4000015258789,88.11000061035156,87.33000183105469,88.04000091552734,1270200.0
2011-11-14,87.87999725341797,87.87999725341797,87.0,87.44999694824219,1603100.0
2011-11-15,87.30999755859375,87.4000015258789,86.9000015258789,87.22000122070312,1450000.0
2011-11-16,86.97000122070312,87.12000274658203,86.3499984741211,86.37000274658203,1788500.0
2011-11-17,86.51000213623047,86.7699966430664,85.52999877929688,85.94999694824219,2131700.0
2011-11-18,86.27999877929688,86.30999755859375,85.79000091552734,85.88999938964844,2226100.0
2011-11-21,85.79000091552734,85.91999816894531,84.81999969482422,84.91999816894531,3219000.0
2011-11-22,84.9000015258789,85.13999938964844,84.19000244140625,84.2699966430664,4123400.0
2011-11-23,84.01000213623047,84.19999694824219,82.62999725341797,82.75,4483000.0
2011-11-25,82.98999786376953,83.69000244140625,82.52999877929688,82.75,1476200.0
2011-11-28,84.52999877929688,84.91999816894531,84.0199966430664,84.5999984741211,2455000.0
2011-11-29,84.91999816894531,85.1500015258789,84.62000274658203,85.1500015258789,2010300.0
2011-11-30,86.30000305175781,86.68000030517578,86.06999969482422,86.5999984741211,2944100.0
2011-12-01,86.0,86.5199966430664,85.83999633789062,86.43000030517578,2442000.0
2011-12-02,86.69000244140625,87.0,86.43000030517578,86.91999816894531,2664700.0
2011-12-05,87.44000244140625,87.63999938964844,87.12000274658203,87.41000366210938,2719200.0
2011-12-06,87.37000274658203,87.86000061035156,87.12999725341797,87.80000305175781,2355600.0
2011-12-07,87.58000183105469,87.68000030517578,87.19000244140625,87.5199966430664,1740600.0
2011-12-08,87.38999938964844,87.5199966430664,86.94000244140625,86.94999694824219,1994200.0
2011-12-09,87.0999984741211,87.75,87.0,87.69999694824219,1355900.0
2011-12-12,87.37999725341797,87.37999725341797,87.05000305175781,87.2300033569336,1772000.0
2011-12-13,87.51000213623047,87.70999908447266,86.87000274658203,86.9000015258789,1742400.0
2011-12-14,86.93000030517578,86.9800033569336,86.47000122070312,86.75,1317700.0
2011-12-15,87.33999633789062,87.3499984741211,86.93000030517578,87.05999755859375,1562200.0
2011-12-16,87.25,87.51000213623047,87.0,87.47000122070312,1383900.0
2011-12-19,87.54000091552734,87.94999694824219,87.3499984741211,87.36000061035156,2268000.0
2011-12-20,87.94000244140625,88.5199966430664,87.86000061035156,88.44999694824219,1957100.0
2011-12-21,88.20999908447266,88.69999694824219,88.0999984741211,88.69999694824219,1792300.0
2011-12-22,88.62999725341797,89.16000366210938,88.45999908447266,89.04000091552734,1885800.0
2011-12-23,88.98999786376953,89.51000213623047,88.87000274658203,89.44999694824219,1255200.0
2011-12-27,89.02999877929688,89.30000305175781,88.80000305175781,89.2699966430664,2282000.0
2011-12-28,89.41000366210938,89.48999786376953,88.76000213623047,88.8499984741211,1899200.0
2011-12-29,89.0999984741211,89.44000244140625,88.86000061035156,89.37999725341797,1558600.0
2011-12-30,89.37000274658203,89.6500015258789,89.26000213623047,89.43000030517578,1553400.0
2012-01-03,89.81999969482422,89.98999786376953,89.44999694824219,89.72000122070312,3118800.0
2012-01-04,89.69999694824219,89.70999908447266,89.11000061035156,89.56999969482422,3010000.0
2012-01-05,89.54000091552734,89.58000183105469,88.98999786376953,89.18000030517578,2579700.0
2012-01-06,89.38999938964844,89.38999938964844,88.75,88.9000015258789,1916400.0
2012-01-09,88.91000366210938,89.2300033569336,88.91000366210938,89.0199966430664,2157800.0
2012-01-10,89.4000015258789,89.4800033569336,89.19999694824219,89.33000183105469,2318000.0
2012-01-11,89.2699966430664,89.33000183105469,89.04000091552734,89.23999786376953,1191100.0
2012-01-12,89.23999786376953,89.44000244140625,89.04000091552734,89.12000274658203,1558100.0
2012-01-13,89.06999969482422,89.12999725341797,88.55000305175781,89.0199966430664,1929400.0
2012-01-17,89.37999725341797,89.37999725341797,89.05999755859375,89.19999694824219,4144200.0
2012-01-18,89.20999908447266,89.45999908447266,88.94999694824219,89.44999694824219,2725800.0
2012-01-19,89.72000122070312,89.8499984741211,89.45999908447266,89.58000183105469,2953000.0
2012-01-20,89.61000061035156,89.73999786376953,89.54000091552734,89.58000183105469,2037500.0
2012-01-23,89.7699966430664,90.0199966430664,89.66000366210938,89.88999938964844,1680100.0
2012-01-24,89.88999938964844,90.16999816894531,89.72000122070312,90.12000274658203,2863800.0
2012-01-25,90.30000305175781,91.0,89.91999816894531,90.91000366210938,3882800.0
2012-01-26,91.30000305175781,91.4800033569336,90.91999816894531,91.12999725341797,6487500.0
2012-01-27,91.01000213623047,91.18000030517578,90.80000305175781,90.80000305175781,2431100.0
2012-01-30,90.45999908447266,90.7300033569336,90.3499984741211,90.51000213623047,2553000.0
2012-01-31,90.75,90.87000274658203,90.52999877929688,90.73999786376953,2864400.0
2012-02-01,90.27999877929688,90.72000122070312,90.27999877929688,90.4000015258789,4284200.0
2012-02-02,90.58999633789062,90.62000274658203,90.41000366210938,90.45999908447266,2079600.0
2012-02-03,91.22000122070312,91.23999786376953,90.58000183105469,90.72000122070312,2312900.0
2012-02-06,90.63999938964844,90.76000213623047,90.5,90.73999786376953,2270500.0
2012-02-07,90.79000091552734,90.98999786376953,90.66999816894531,90.91999816894531,2467000.0
2012-02-08,91.04000091552734,91.08999633789062,90.80999755859375,91.0,3336000.0
2012-02-09,91.05999755859375,91.08999633789062,90.66999816894531,91.04000091552734,3258700.0
2012-02-10,90.58000183105469,90.62000274658203,90.25,90.25,2909600.0
2012-02-13,90.5,90.72000122070312,90.33000183105469,90.51000213623047,2193100.0
2012-02-14,90.45999908447266,90.6500015258789,90.38999938964844,90.51000213623047,3000100.0
2012-02-15,90.52999877929688,90.7699966430664,90.19999694824219,90.22000122070312,1986600.0
2012-02-16,90.22000122070312,90.62000274658203,89.98999786376953,90.5999984741211,2514100.0
2012-02-17,90.83999633789062,90.86000061035156,90.44999694824219,90.56999969482422,2402700.0
2012-02-21,90.68000030517578,91.08999633789062,90.6500015258789,90.91000366210938,2265100.0
2012-02-22,91.02999877929688,91.25,90.97000122070312,91.19999694824219,3570600.0
2012-02-23,91.26000213623047,91.73999786376953,91.19999694824219,91.52999877929688,3212300.0
2012-02-24,91.55000305175781,91.8499984741211,91.4800033569336,91.80999755859375,1795500.0
2012-02-27,91.58999633789062,91.94999694824219,91.58999633789062,91.83000183105469,1608100.0
2012-02-28,91.9000015258789,92.12000274658203,91.8499984741211,92.01000213623047,2813200.0
2012-02-29,92.0999984741211,92.26000213623047,91.7699966430664,92.12999725341797,3085800.0
2012-03-01,91.6500015258789,91.83999633789062,91.5,91.75,3802800.0
2012-03-02,91.7300033569336,91.7300033569336,91.33999633789062,91.37000274658203,1709000.0
2012-03-05,91.44999694824219,91.4800033569336,90.8499984741211,90.86000061035156,2333700.0
2012-03-06,90.54000091552734,90.73999786376953,89.6500015258789,89.6500015258789,5792700.0
2012-03-07,89.93000030517578,90.01000213623047,89.63999938964844,89.9000015258789,5840700.0
2012-03-08,90.25,90.62000274658203,90.04000091552734,90.5999984741211,2249700.0
2012-03-09,90.69000244140625,90.94000244140625,90.62999725341797,90.69999694824219,2531300.0
2012-03-12,90.62000274658203,90.72000122070312,90.5,90.69999694824219,2153000.0
2012-03-13,90.9800033569336,91.36000061035156,90.76000213623047,91.36000061035156,2890700.0
2012-03-14,91.30999755859375,91.3499984741211,90.66999816894531,91.12999725341797,2928800.0
2012-03-15,91.19999694824219,91.19999694824219,90.73999786376953,90.81999969482422,1726800.0
2012-03-16,90.91000366210938,91.0,90.30000305175781,90.48999786376953,3570300.0
2012-03-19,90.48999786376953,90.86000061035156,90.33000183105469,90.83000183105469,2283900.0
2012-03-20,90.76000213623047,90.91999816894531,90.61000061035156,90.76000213623047,2756600.0
2012-03-21,90.93000030517578,90.93000030517578,90.44999694824219,90.47000122070312,3280100.0
2012-03-22,90.44999694824219,90.77999877929688,90.43000030517578,90.69000244140625,3500900.0
2012-03-23,90.66000366210938,90.75,90.4000015258789,90.5,3465200.0
2012-03-26,90.62000274658203,91.05999755859375,90.56999969482422,91.05000305175781,2081200.0
2012-03-27,91.01000213623047,91.30999755859375,90.94000244140625,91.20999908447266,4196700.0
2012-03-28,91.25,91.25,90.7699966430664,90.91000366210938,2803700.0
2012-03-29,90.81999969482422,90.94999694824219,90.5999984741211,90.9000015258789,2158600.0
2012-03-30,90.97000122070312,91.06999969482422,90.58999633789062,90.72000122070312,4020300.0
2012-04-02,90.36000061035156,90.47000122070312,90.19999694824219,90.33000183105469,5883800.0
2012-04-03,90.30999755859375,90.5199966430664,90.23999786376953,90.25,4099700.0
2012-04-04,89.97000122070312,90.0999984741211,89.79000091552734,89.91999816894531,2297600.0
2012-04-05,89.87000274658203,89.9000015258789,89.58999633789062,89.69999694824219,3658900.0
2012-04-09,89.52999877929688,89.56999969482422,89.13999938964844,89.23999786376953,2692500.0
2012-04-10,89.2699966430664,89.43000030517578,88.72000122070312,88.80000305175781,4471100.0
2012-04-11,89.23999786376953,89.38999938964844,89.06999969482422,89.33999633789062,2003700.0
2012-04-12,89.41999816894531,90.20999908447266,89.33999633789062,90.13999938964844,2753500.0
2012-04-13,90.11000061035156,90.19999694824219,89.79000091552734,89.8499984741211,2767400.0
2012-04-16,90.04000091552734,90.16999816894531,89.70999908447266,89.98999786376953,3804300.0
2012-04-17,90.26000213623047,90.48999786376953,90.1500015258789,90.37999725341797,2787400.0
2012-04-18,90.23999786376953,90.45999908447266,90.19000244140625,90.3499984741211,3322600.0
2012-04-19,90.31999969482422,90.48999786376953,90.08000183105469,90.18000030517578,2597800.0
2012-04-20,90.45999908447266,90.45999908447266,90.11000061035156,90.31999969482422,2241500.0
2012-04-23,90.0199966430664,90.16000366210938,89.8499984741211,90.12999725341797,2850700.0
2012-04-24,90.2300033569336,90.33999633789062,90.0999984741211,90.33999633789062,2049300.0
2012-04-25,90.56999969482422,91.0,90.45999908447266,91.0,3351000.0
2012-04-26,91.0,91.13999938964844,90.95999908447266,91.05999755859375,2641100.0
2012-04-27,91.13999938964844,91.1500015258789,90.9000015258789,91.0199966430664,2413000.0
2012-04-30,91.02999877929688,91.22000122070312,90.80000305175781,91.19999694824219,3989000.0
2012-05-01,90.8499984741211,91.16999816894531,90.7300033569336,90.76000213623047,3624600.0
2012-05-02,90.66000366210938,91.18000030517578,90.5999984741211,91.11000061035156,2040700.0
2012-05-03,91.19999694824219,91.25,90.94999694824219,91.05000305175781,1871900.0
2012-05-04,90.94000244140625,91.08000183105469,90.80000305175781,90.87000274658203,2381400.0
2012-05-07,90.83999633789062,91.23999786376953,90.61000061035156,91.0199966430664,1906100.0
2012-05-08,90.88999938964844,91.06999969482422,90.72000122070312,91.0,1688900.0
2012-05-09,90.7699966430664,90.86000061035156,90.44000244140625,90.68000030517578,3146800.0
2012-05-10,90.9800033569336,91.02999877929688,90.5199966430664,90.58000183105469,3354000.0
2012-05-11,90.54000091552734,91.1500015258789,90.4800033569336,90.80999755859375,2765200.0
2012-05-14,90.5,90.56999969482422,90.0,90.13999938964844,4544000.0
2012-05-15,90.0999984741211,90.18000030517578,89.69999694824219,89.69999694824219,5242100.0
2012-05-16,89.80999755859375,90.05000305175781,88.79000091552734,88.81999969482422,6224400.0
2012-05-17,88.81999969482422,88.83000183105469,87.37000274658203,87.58999633789062,8867800.0
2012-05-18,88.01000213623047,88.29000091552734,87.4800033569336,87.58999633789062,6525600.0
2012-05-21,87.69000244140625,88.55999755859375,87.68000030517578,88.5,4276900.0
2012-05-22,88.76000213623047,89.11000061035156,88.37999725341797,88.48999786376953,3675300.0
2012-05-23,88.29000091552734,88.68000030517578,87.94999694824219,88.4000015258789,4320900.0
2012-05-24,88.25,88.6500015258789,88.25,88.41999816894531,2183000.0
2012-05-25,88.56999969482422,88.63999938964844,88.08999633789062,88.13999938964844,1651500.0
2012-05-29,88.52999877929688,89.25,88.44999694824219,89.11000061035156,4380300.0
2012-05-30,88.7300033569336,88.80999755859375,88.52999877929688,88.70999908447266,2543300.0
2012-05-31,88.80000305175781,88.80000305175781,87.75,87.7699966430664,10706100.0
2012-06-01,86.58000183105469,87.16000366210938,86.36000061035156,86.47000122070312,5945600.0
2012-06-04,86.54000091552734,86.8499984741211,86.43000030517578,86.54000091552734,3125700.0
2012-06-05,86.54000091552734,87.37999725341797,86.44999694824219,87.08999633789062,2970100.0
2012-06-06,87.48999786376953,88.04000091552734,87.30999755859375,88.0199966430664,2334800.0
2012-06-07,88.5,88.73999786376953,88.04000091552734,88.3499984741211,5454300.0
2012-06-08,88.33000183105469,88.9000015258789,88.19000244140625,88.69000244140625,3738100.0
2012-06-11,88.9000015258789,88.98999786376953,88.0999984741211,88.11000061035156,5266700.0
2012-06-12,88.41000366210938,88.81999969482422,88.26000213623047,88.7300033569336,3648400.0
2012-06-13,88.5999984741211,88.91999816894531,88.26000213623047,88.47000122070312,3527200.0
2012-06-14,88.48999786376953,89.23999786376953,88.43000030517578,89.12999725341797,3874100.0
2012-06-15,89.0,89.37999725341797,89.0,89.29000091552734,2683200.0
2012-06-18,89.08999633789062,89.33999633789062,89.0,89.31999969482422,3628200.0
2012-06-19,89.69000244140625,90.11000061035156,89.33999633789062,89.94999694824219,2809100.0
2012-06-20,90.18000030517578,90.33999633789062,89.81999969482422,90.30000305175781,3719000.0
2012-06-21,90.4000015258789,90.69999694824219,89.41999816894531,89.55999755859375,4843700.0
2012-06-22,89.87000274658203,90.27999877929688,89.8499984741211,90.16999816894531,3211700.0
2012-06-25,89.80999755859375,90.05000305175781,89.66999816894531,90.02999877929688,3385600.0
2012-06-26,90.11000061035156,90.12000274658203,89.66000366210938,89.9000015258789,2357900.0
2012-06-27,90.05999755859375,90.45999908447266,90.05999755859375,90.44000244140625,1918000.0
2012-06-28,90.19000244140625,90.48999786376953,90.08000183105469,90.43000030517578,3068700.0
2012-06-29,90.9800033569336,91.29000091552734,90.77999877929688,91.29000091552734,3394900.0
2012-07-02,90.80000305175781,90.87000274658203,90.4000015258789,90.87000274658203,3810700.0
2012-07-03,90.94999694824219,91.26000213623047,90.83000183105469,91.19999694824219,1987500.0
2012-07-05,91.0,91.41000366210938,90.72000122070312,91.20999908447266,2221300.0
2012-07-06,90.73999786376953,91.12999725341797,90.69999694824219,91.08999633789062,2612400.0
2012-07-09,90.98999786376953,91.23999786376953,90.88999938964844,91.12000274658203,1916600.0
2012-07-10,91.19999694824219,91.33999633789062,90.5999984741211,90.72000122070312,1832600.0
2012-07-11,90.86000061035156,91.08000183105469,90.63999938964844,91.01000213623047,3188700.0
2012-07-12,90.93000030517578,90.95999908447266,90.45999908447266,90.80999755859375,1989100.0
2012-07-13,90.91000366210938,91.12999725341797,90.76000213623047,91.08999633789062,2316400.0
2012-07-16,90.69000244140625,91.02999877929688,90.66000366210938,90.73999786376953,2178900.0
2012-07-17,91.0,91.19000244140625,90.69000244140625,91.16999816894531,4036500.0
2012-07-18,91.12999725341797,91.55000305175781,91.08999633789062,91.55000305175781,3958600.0
2012-07-19,91.51000213623047,91.88999938964844,91.4800033569336,91.77999877929688,4718200.0
2012-07-20,91.51000213623047,91.61000061035156,91.2300033569336,91.3499984741211,2733500.0
2012-07-23,90.83999633789062,91.29000091552734,90.58000183105469,91.19999694824219,4561700.0
2012-07-24,91.12000274658203,91.16000366210938,90.56999969482422,90.63999938964844,3447700.0
2012-07-25,90.88999938964844,90.93000030517578,90.44000244140625,90.44999694824219,2891000.0
2012-07-26,90.88999938964844,91.41999816894531,90.83000183105469,91.37999725341797,4330900.0
2012-07-27,91.37000274658203,91.94000244140625,91.37000274658203,91.91999816894531,5556800.0
2012-07-30,91.9000015258789,91.94999694824219,91.6500015258789,91.91999816894531,3889700.0
2012-07-31,91.94999694824219,91.98999786376953,91.54000091552734,91.69999694824219,3530800.0
2012-08-01,91.41000366210938,91.69000244140625,91.1500015258789,91.69000244140625,3598100.0
2012-08-02,91.45999908447266,91.58999633789062,91.1500015258789,91.31999969482422,4516600.0
2012-08-03,91.5999984741211,91.9000015258789,91.56999969482422,91.69999694824219,4602000.0
2012-08-06,91.6500015258789,91.98999786376953,91.63999938964844,91.63999938964844,2864400.0
2012-08-07,91.81999969482422,91.9000015258789,91.36000061035156,91.45999908447266,3680600.0
2012-08-08,91.58000183105469,91.70999908447266,91.4800033569336,91.5199966430664,3162100.0
2012-08-09,91.62000274658203,91.66000366210938,91.37999725341797,91.52999877929688,2975600.0
2012-08-10,91.41999816894531,91.58000183105469,91.30999755859375,91.44999694824219,1533600.0
2012-08-13,91.41000366210938,91.5,91.25,91.5,2007800.0
2012-08-14,91.5,91.79000091552734,91.47000122070312,91.63999938964844,2381000.0
2012-08-15,91.7300033569336,91.7300033569336,91.19999694824219,91.19999694824219,2580400.0
2012-08-16,91.33999633789062,91.58000183105469,91.08000183105469,91.54000091552734,2914300.0
2012-08-17,91.48999786376953,91.6500015258789,91.38999938964844,91.54000091552734,2222000.0
2012-08-20,91.55999755859375,91.69999694824219,91.41000366210938,91.6500015258789,2333200.0
2012-08-21,91.7300033569336,91.86000061035156,91.69999694824219,91.8499984741211,2531200.0
2012-08-22,91.76000213623047,91.87000274658203,91.68000030517578,91.76000213623047,1889100.0
2012-08-23,91.7699966430664,91.8499984741211,91.61000061035156,91.73999786376953,1141700.0
2012-08-24,91.7699966430664,92.16000366210938,91.69000244140625,92.1500015258789,2082100.0
2012-08-27,92.12000274658203,92.22000122070312,91.91999816894531,92.08000183105469,1883600.0
2012-08-28,92.06999969482422,92.1500015258789,91.94999694824219,92.0,1795700.0
2012-08-29,92.12999725341797,92.16999816894531,92.0,92.12999725341797,1617600.0
2012-08-30,92.08000183105469,92.18000030517578,92.0,92.08999633789062,2022400.0
2012-08-31,92.25,92.4000015258789,92.08999633789062,92.33000183105469,1801800.0
2012-09-04,91.87000274658203,91.87000274658203,91.55999755859375,91.81999969482422,3921500.0
2012-09-05,91.91000366210938,91.91999816894531,91.76000213623047,91.83000183105469,1541000.0
2012-09-06,91.86000061035156,92.37999725341797,91.86000061035156,92.37000274658203,3306000.0
2012-09-07,92.5,92.5999984741211,92.37000274658203,92.52999877929688,3403300.0
2012-09-10,92.4800033569336,92.70999908447266,92.31999969482422,92.37999725341797,2138600.0
2012-09-11,92.43000030517578,93.01000213623047,92.43000030517578,93.01000213623047,4400300.0
2012-09-12,93.12999725341797,93.30999755859375,93.08000183105469,93.29000091552734,1957400.0
2012-09-13,93.33000183105469,93.91000366210938,93.26000213623047,93.88999938964844,5946800.0
2012-09-14,93.9000015258789,94.04000091552734,93.70999908447266,93.87999725341797,3467200.0
2012-09-17,93.77999877929688,93.9800033569336,93.69999694824219,93.80000305175781,3075500.0
2012-09-18,93.83000183105469,93.91999816894531,93.62000274658203,93.83999633789062,4099400.0
2012-09-19,93.94000244140625,93.94000244140625,93.72000122070312,93.72000122070312,3306500.0
2012-09-20,93.62999725341797,93.63999938964844,93.2699966430664,93.27999877929688,2122200.0
2012-09-21,93.47000122070312,93.47000122070312,93.02999877929688,93.1500015258789,3121700.0
2012-09-24,93.0199966430664,93.12000274658203,92.94000244140625,93.02999877929688,1867200.0
2012-09-25,93.05000305175781,93.0999984741211,92.12999725341797,92.19999694824219,5726800.0
2012-09-26,92.18000030517578,92.19999694824219,91.4800033569336,91.73999786376953,6554200.0
2012-09-27,92.18000030517578,92.73999786376953,92.0,92.73999786376953,3882600.0
2012-09-28,92.66000366210938,92.66999816894531,92.29000091552734,92.30000305175781,3668200.0
2012-10-01,92.2699966430664,92.2699966430664,91.5999984741211,91.66000366210938,5386700.0
2012-10-02,91.83999633789062,91.97000122070312,91.63999938964844,91.88999938964844,3151900.0
2012-10-03,91.97000122070312,92.3499984741211,91.91000366210938,92.12000274658203,3201000.0
2012-10-04,92.2300033569336,92.56999969482422,92.18000030517578,92.51000213623047,1847200.0
2012-10-05,92.77999877929688,92.79000091552734,92.27999877929688,92.45999908447266,2513500.0
2012-10-08,92.26000213623047,92.4000015258789,92.19000244140625,92.33000183105469,1143300.0
2012-10-09,92.51000213623047,92.51000213623047,92.05000305175781,92.06999969482422,5777300.0
2012-10-10,92.1500015258789,92.20999908447266,91.80000305175781,91.8499984741211,5431800.0
2012-10-11,92.19999694824219,92.37000274658203,92.12000274658203,92.3499984741211,2811000.0
2012-10-12,92.44000244140625,92.76000213623047,92.30999755859375,92.51000213623047,3696800.0
2012-10-15,92.76000213623047,92.97000122070312,92.58000183105469,92.93000030517578,2378500.0
2012-10-16,93.05999755859375,93.33000183105469,92.94000244140625,93.2699966430664,3536300.0
2012-10-17,93.4000015258789,93.55999755859375,93.30000305175781,93.4800033569336,2971500.0
2012-10-18,93.3499984741211,93.52999877929688,93.30000305175781,93.43000030517578,1676300.0
2012-10-19,93.37000274658203,93.41999816894531,92.87999725341797,92.95999908447266,2041200.0
2012-10-22,93.0,93.19000244140625,92.91999816894531,92.9800033569336,3021700.0
2012-10-23,92.69999694824219,92.80999755859375,92.5,92.62999725341797,3916900.0
2012-10-24,92.83999633789062,92.87000274658203,92.5,92.55000305175781,4332900.0
2012-10-25,92.91999816894531,92.95999908447266,92.5999984741211,92.69999694824219,2005600.0
2012-10-26,92.7300033569336,92.79000091552734,92.27999877929688,92.4800033569336,4591800.0
2012-10-31,92.4800033569336,92.66999816894531,92.44000244140625,92.58999633789062,2914100.0
2012-11-01,92.18000030517578,92.62999725341797,92.05999755859375,92.54000091552734,2092300.0
2012-11-02,92.66000366210938,92.75,92.38999938964844,92.41000366210938,2829300.0
2012-11-05,92.4000015258789,92.58999633789062,92.11000061035156,92.26000213623047,3361700.0
2012-11-06,92.43000030517578,92.5199966430664,92.2699966430664,92.4000015258789,1409000.0
2012-11-07,92.25,92.2699966430664,91.80000305175781,91.8499984741211,3698200.0
2012-11-08,91.95999908447266,92.16000366210938,91.5,91.55000305175781,5829400.0
2012-11-09,91.27999877929688,91.68000030517578,91.25,91.38999938964844,3953900.0
2012-11-12,91.48999786376953,91.56999969482422,91.31999969482422,91.41999816894531,2066000.0
2012-11-13,91.27999877929688,91.37999725341797,91.06999969482422,91.20999908447266,4347400.0
2012-11-14,91.45999908447266,91.5,90.63999938964844,90.70999908447266,5017500.0
2012-11-15,90.55000305175781,90.91999816894531,90.08999633789062,90.66999816894531,6989700.0
2012-11-16,90.76000213623047,91.0,90.52999877929688,90.93000030517578,4730200.0
2012-11-19,91.2300033569336,92.12000274658203,91.20999908447266,92.08000183105469,9498500.0
2012-11-20,92.08000183105469,92.18000030517578,91.83999633789062,92.08999633789062,4010400.0
2012-11-21,92.0,92.2300033569336,91.97000122070312,92.05999755859375,2984700.0
2012-11-23,92.25,92.44000244140625,92.11000061035156,92.37000274658203,1041100.0
2012-11-26,92.30999755859375,92.38999938964844,92.01000213623047,92.38999938964844,2160700.0
2012-11-27,92.26000213623047,92.56999969482422,92.26000213623047,92.4800033569336,4194100.0
2012-11-28,92.41000366210938,92.73999786376953,92.23999786376953,92.5,6528000.0
2012-11-29,92.7300033569336,92.94999694824219,92.5999984741211,92.91000366210938,3870500.0
2012-11-30,92.9000015258789,93.1500015258789,92.87000274658203,93.05000305175781,3276200.0
2012-12-03,92.86000061035156,93.02999877929688,92.66000366210938,93.02999877929688,5444400.0
2012-12-04,92.98999786376953,93.16999816894531,92.8499984741211,93.02999877929688,3121100.0
2012-12-05,93.2699966430664,93.29000091552734,92.8499984741211,93.18000030517578,4580900.0
2012-12-06,93.1500015258789,93.38999938964844,93.1500015258789,93.3499984741211,2261500.0
2012-12-07,93.44999694824219,93.5,93.16000366210938,93.20999908447266,2294400.0
2012-12-10,93.5,93.5,93.16999816894531,93.29000091552734,2140700.0
2012-12-11,93.52999877929688,93.70999908447266,93.3499984741211,93.37999725341797,3206300.0
2012-12-12,93.55000305175781,93.80000305175781,93.44000244140625,93.66000366210938,3305600.0
2012-12-13,93.5999984741211,93.80000305175781,93.30000305175781,93.33000183105469,4898700.0
2012-12-14,93.36000061035156,93.5,93.26000213623047,93.26000213623047,2741400.0
2012-12-17,93.31999969482422,93.69999694824219,93.31999969482422,93.62000274658203,2195600.0
2012-12-18,93.7699966430664,93.80999755859375,93.58000183105469,93.66999816894531,3409800.0
2012-12-19,93.73999786376953,93.73999786376953,93.56999969482422,93.56999969482422,2566400.0
2012-12-20,93.5999984741211,93.91000366210938,93.58999633789062,93.9000015258789,3191200.0
2012-12-21,93.44000244140625,93.68000030517578,93.44000244140625,93.62999725341797,3187900.0
2012-12-24,93.43000030517578,93.55000305175781,93.19000244140625,93.29000091552734,1221400.0
2012-12-26,93.0,93.13999938964844,92.79000091552734,93.01000213623047,2257200.0
2012-12-27,93.05000305175781,93.19999694824219,92.88999938964844,93.19999694824219,2332600.0
2012-12-28,93.01000213623047,93.23999786376953,92.86000061035156,92.94999694824219,2426100.0
2012-12-31,92.97000122070312,93.4000015258789,92.93000030517578,93.3499984741211,2918500.0
2013-01-02,94.06999969482422,94.2300033569336,93.80000305175781,94.2300033569336,3975200.0
2013-01-03,94.08000183105469,94.29000091552734,93.87999725341797,93.94000244140625,3950700.0
2013-01-04,93.9800033569336,94.08000183105469,93.83000183105469,94.0,2968000.0
2013-01-07,94.0199966430664,94.08999633789062,93.83000183105469,94.08000183105469,4137300.0
2013-01-08,94.0999984741211,94.12000274658203,93.93000030517578,94.01000213623047,2179100.0
2013-01-09,94.23999786376953,94.23999786376953,94.01000213623047,94.19000244140625,2183900.0
2013-01-10,94.33000183105469,94.37999725341797,94.19999694824219,94.3499984741211,1684300.0
2013-01-11,94.30000305175781,94.5199966430664,94.20999908447266,94.5199966430664,1982600.0
2013-01-14,94.44999694824219,94.47000122070312,94.22000122070312,94.38999938964844,2182400.0
2013-01-15,94.22000122070312,94.41999816894531,94.16999816894531,94.41000366210938,2136000.0
2013-01-16,94.27999877929688,94.4000015258789,94.16999816894531,94.25,3272700.0
2013-01-17,94.41999816894531,94.61000061035156,94.30999755859375,94.58999633789062,6058900.0
2013-01-18,94.54000091552734,94.72000122070312,94.4800033569336,94.72000122070312,2836800.0
2013-01-22,94.6500015258789,94.87000274658203,94.54000091552734,94.77999877929688,2295200.0
2013-01-23,94.70999908447266,94.79000091552734,94.6500015258789,94.66999816894531,2227900.0
2013-01-24,94.7699966430664,94.93000030517578,94.69000244140625,94.87999725341797,3175400.0
2013-01-25,94.97000122070312,94.97000122070312,94.77999877929688,94.8499984741211,2525100.0
2013-01-28,94.7699966430664,94.83999633789062,94.69000244140625,94.80000305175781,2331000.0
2013-01-29,94.70999908447266,94.75,94.54000091552734,94.63999938964844,1514300.0
2013-01-30,94.44999694824219,94.51000213623047,93.88999938964844,93.95999908447266,6595600.0
2013-01-31,93.93000030517578,94.11000061035156,93.62000274658203,93.66999816894531,5963700.0
2013-02-01,93.54000091552734,93.76000213623047,93.45999908447266,93.4800033569336,5713000.0
2013-02-04,93.29000091552734,93.4000015258789,93.01000213623047,93.08999633789062,3878000.0
2013-02-05,93.23999786376953,93.4000015258789,93.19999694824219,93.30000305175781,2590900.0
2013-02-06,93.16000366210938,93.29000091552734,93.05999755859375,93.16000366210938,2850500.0
2013-02-07,93.11000061035156,93.12999725341797,92.80999755859375,92.9800033569336,4071400.0
2013-02-08,92.91999816894531,93.0999984741211,92.91000366210938,93.0,3220400.0
2013-02-11,92.88999938964844,93.08000183105469,92.86000061035156,92.98999786376953,3146100.0
2013-02-12,92.91999816894531,93.36000061035156,92.91000366210938,93.30999755859375,3490600.0
2013-02-13,93.41999816894531,93.4800033569336,93.16999816894531,93.44999694824219,3672200.0
2013-02-14,93.25,93.55000305175781,93.25,93.41000366210938,2731800.0
2013-02-15,93.45999908447266,93.66000366210938,93.26000213623047,93.41999816894531,2483000.0
2013-02-19,93.5,93.58999633789062,93.41000366210938,93.51000213623047,3074300.0
2013-02-20,93.58000183105469,93.72000122070312,93.4000015258789,93.41999816894531,3830300.0
2013-02-21,93.41999816894531,93.58999633789062,93.30000305175781,93.5199966430664,7185300.0
2013-02-22,93.62999725341797,93.75,93.51000213623047,93.75,3367000.0
2013-02-25,93.77999877929688,93.93000030517578,93.44999694824219,93.45999908447266,5259300.0
2013-02-26,93.63999938964844,93.91999816894531,93.47000122070312,93.91999816894531,4075600.0
2013-02-27,93.8499984741211,94.1500015258789,93.75,94.08000183105469,3681600.0
2013-02-28,94.06999969482422,94.12999725341797,93.94000244140625,94.04000091552734,3822000.0
2013-03-01,93.48999786376953,93.98999786376953,93.4800033569336,93.72000122070312,4833200.0
2013-03-04,93.6500015258789,93.80000305175781,93.61000061035156,93.7300033569336,2222500.0
2013-03-05,93.79000091552734,94.0199966430664,93.79000091552734,93.91999816894531,3733400.0
2013-03-06,94.02999877929688,94.05999755859375,93.83999633789062,93.86000061035156,2118000.0
2013-03-07,93.94999694824219,94.0,93.9000015258789,94.0,2124900.0
2013-03-08,94.16999816894531,94.19000244140625,93.91999816894531,94.11000061035156,2464100.0
2013-03-11,94.08000183105469,94.1500015258789,94.0,94.05000305175781,2782800.0
2013-03-12,93.98999786376953,94.0999984741211,93.95999908447266,94.01000213623047,1526200.0
2013-03-13,94.0999984741211,94.16999816894531,93.94999694824219,94.02999877929688,1431200.0
2013-03-14,94.16999816894531,94.38999938964844,94.06999969482422,94.38999938964844,2954100.0
2013-03-15,94.25,94.4000015258789,94.19999694824219,94.37999725341797,2024300.0
2013-03-18,94.0,94.45999908447266,94.0,94.4000015258789,3000600.0
2013-03-19,94.44999694824219,94.52999877929688,94.20999908447266,94.23999786376953,3742800.0
2013-03-20,94.33000183105469,94.5999984741211,94.31999969482422,94.55000305175781,2553200.0
2013-03-21,94.37000274658203,94.55999755859375,94.22000122070312,94.37999725341797,3532400.0
2013-03-22,94.37999725341797,94.45999908447266,94.25,94.30999755859375,2201500.0
2013-03-25,94.30000305175781,94.44000244140625,94.1500015258789,94.16999816894531,2131700.0
2013-03-26,94.38999938964844,94.4000015258789,94.25,94.33999633789062,1169400.0
2013-03-27,94.19000244140625,94.29000091552734,94.16999816894531,94.18000030517578,2195100.0
2013-03-28,94.23999786376953,94.37999725341797,94.16000366210938,94.3499984741211,1959100.0
2013-04-01,93.83000183105469,94.08999633789062,93.6500015258789,94.02999877929688,3823000.0
2013-04-02,93.94999694824219,94.18000030517578,93.91999816894531,93.95999908447266,2528700.0
2013-04-03,93.98999786376953,94.05000305175781,93.77999877929688,93.95999908447266,2773100.0
2013-04-04,93.91999816894531,94.1500015258789,93.87000274658203,93.93000030517578,3040600.0
2013-04-05,93.7699966430664,94.0199966430664,93.68000030517578,94.0199966430664,2243800.0
2013-04-08,94.06999969482422,94.1500015258789,93.94999694824219,94.12000274658203,2346800.0
2013-04-09,94.19999694824219,94.41999816894531,94.12000274658203,94.41999816894531,2985400.0
2013-04-10,94.3499984741211,94.76000213623047,94.3499984741211,94.72000122070312,2932600.0
2013-04-11,94.75,94.79000091552734,94.63999938964844,94.72000122070312,2676200.0
2013-04-12,94.63999938964844,94.80999755859375,94.55000305175781,94.75,2040900.0
2013-04-15,94.75,94.75,94.12999725341797,94.1500015258789,3910600.0
2013-04-16,94.41000366210938,94.80999755859375,94.31999969482422,94.80000305175781,4138300.0
2013-04-17,94.61000061035156,94.66999816894531,94.4000015258789,94.6500015258789,5778600.0
2013-04-18,94.61000061035156,94.66999816894531,94.45999908447266,94.5,2476900.0
2013-04-19,94.5999984741211,94.66000366210938,94.43000030517578,94.44999694824219,2474800.0
2013-04-22,94.69000244140625,94.88999938964844,94.52999877929688,94.66999816894531,3641900.0
2013-04-23,94.7699966430664,95.05000305175781,94.7699966430664,95.04000091552734,2217400.0
2013-04-24,95.08999633789062,95.26000213623047,95.01000213623047,95.20999908447266,3872600.0
2013-04-25,95.22000122070312,95.5199966430664,95.13999938964844,95.47000122070312,2453100.0
2013-04-26,95.45999908447266,95.4800033569336,95.33000183105469,95.37000274658203,2679000.0
2013-04-29,95.38999938964844,95.58999633789062,95.37999725341797,95.55000305175781,1785300.0
2013-04-30,95.62999725341797,95.8499984741211,95.55000305175781,95.8499984741211,2953100.0
2013-05-01,95.33999633789062,95.55999755859375,95.18000030517578,95.19999694824219,4812400.0
2013-05-02,95.5,95.83000183105469,95.37000274658203,95.80999755859375,3368200.0
2013-05-03,95.97000122070312,96.12999725341797,95.86000061035156,95.95999908447266,2407400.0
2013-05-06,95.91999816894531,96.05999755859375,95.87999725341797,96.0199966430664,1458700.0
2013-05-07,96.12000274658203,96.1500015258789,95.91999816894531,95.94999694824219,2590900.0
2013-05-08,96.0199966430664,96.30000305175781,96.0199966430664,96.29000091552734,3801200.0
2013-05-09,96.19999694824219,96.29000091552734,96.0,96.01000213623047,1644900.0
2013-05-10,96.05000305175781,96.05000305175781,95.45999908447266,95.51000213623047,4654400.0
2013-05-13,95.41000366210938,95.5,95.11000061035156,95.12000274658203,2710000.0
2013-05-14,95.19999694824219,95.45999908447266,95.11000061035156,95.22000122070312,4473900.0
2013-05-15,95.22000122070312,95.33999633789062,95.08999633789062,95.2300033569336,3179800.0
2013-05-16,95.29000091552734,95.63999938964844,95.18000030517578,95.45999908447266,6036800.0
2013-05-17,95.5999984741211,95.62999725341797,95.33999633789062,95.45999908447266,4313300.0
2013-05-20,95.45999908447266,95.63999938964844,95.36000061035156,95.55999755859375,2086200.0
2013-05-21,95.55999755859375,95.77999877929688,95.54000091552734,95.73999786376953,4666500.0
2013-05-22,95.72000122070312,95.87999725341797,95.0999984741211,95.1500015258789,5243800.0
2013-05-23,95.0,95.0199966430664,94.69000244140625,94.88999938964844,3294400.0
2013-05-24,94.75,94.79000091552734,94.66999816894531,94.70999908447266,3420400.0
2013-05-28,95.02999877929688,95.02999877929688,94.30999755859375,94.36000061035156,3486700.0
2013-05-29,94.04000091552734,94.26000213623047,93.55000305175781,93.9800033569336,10958100.0
2013-05-30,94.0,94.36000061035156,93.69000244140625,94.16999816894531,5462100.0
2013-05-31,93.97000122070312,94.11000061035156,92.9000015258789,92.91999816894531,6809400.0
2013-06-03,92.37999725341797,92.5199966430664,91.80000305175781,92.36000061035156,14320900.0
2013-06-04,92.5,93.05000305175781,92.19000244140625,92.36000061035156,7927000.0
2013-06-05,92.19000244140625,92.23999786376953,91.44000244140625,91.55999755859375,10309200.0
2013-06-06,91.4000015258789,92.58999633789062,91.31999969482422,92.27999877929688,11849800.0
2013-06-07,92.44000244140625,92.97000122070312,92.19999694824219,92.33999633789062,8879800.0
2013-06-10,92.33999633789062,92.58999633789062,92.08000183105469,92.1500015258789,7678000.0
2013-06-11,91.58000183105469,92.23999786376953,91.29000091552734,91.58000183105469,9065200.0
2013-06-12,91.93000030517578,92.12000274658203,91.62999725341797,91.6500015258789,9193300.0
2013-06-13,91.6500015258789,92.81999969482422,91.6500015258789,92.69999694824219,7526400.0
2013-06-14,92.77999877929688,92.94000244140625,92.55000305175781,92.80999755859375,3909200.0
2013-06-17,92.93000030517578,93.44999694824219,92.80000305175781,92.80000305175781,3830700.0
2013-06-18,92.76000213623047,93.11000061035156,92.76000213623047,93.02999877929688,3609700.0
2013-06-19,92.94999694824219,93.2699966430664,91.62000274658203,91.63999938964844,7971700.0
2013-06-20,91.08999633789062,91.58000183105469,90.27999877929688,90.73999786376953,11094000.0
2013-06-21,91.01000213623047,91.11000061035156,90.12000274658203,90.1500015258789,9245400.0
2013-06-24,89.44999694824219,90.0,88.2699966430664,89.04000091552734,12116100.0
2013-06-25,89.5,90.30999755859375,89.5,90.30999755859375,6233300.0
2013-06-26,90.69999694824219,91.18000030517578,90.56999969482422,91.05999755859375,5527200.0
2013-06-27,91.4000015258789,91.94000244140625,91.4000015258789,91.5,5578600.0
2013-06-28,91.30000305175781,91.31999969482422,90.47000122070312,90.87999725341797,6112000.0
2013-07-01,90.56999969482422,90.98999786376953,90.5,90.88999938964844,5213400.0
2013-07-02,90.79000091552734,91.05000305175781,90.3499984741211,90.61000061035156,3799800.0
2013-07-03,90.29000091552734,90.86000061035156,90.27999877929688,90.81999969482422,1679600.0
2013-07-05,90.38999938964844,90.44000244140625,89.62999725341797,89.8499984741211,3312600.0
2013-07-08,90.08999633789062,91.08999633789062,90.0,91.08999633789062,5638400.0
2013-07-09,91.0999984741211,91.19000244140625,90.87000274658203,91.13999938964844,6127700.0
2013-07-10,91.18000030517578,91.54000091552734,91.08000183105469,91.5,6529900.0
2013-07-11,92.18000030517578,92.66999816894531,92.0,92.6500015258789,5865400.0
2013-07-12,92.41000366210938,92.66999816894531,92.25,92.55999755859375,5788300.0
2013-07-15,92.66999816894531,93.08999633789062,92.55999755859375,92.94999694824219,6791500.0
2013-07-16,93.08999633789062,93.08999633789062,92.47000122070312,92.72000122070312,3292100.0
2013-07-17,93.02999877929688,93.5199966430664,93.0,93.4000015258789,8660500.0
2013-07-18,93.5,94.0,93.44000244140625,93.95999908447266,6825000.0
2013-07-19,93.94999694824219,93.97000122070312,93.7699966430664,93.9000015258789,2603100.0
2013-07-22,93.93000030517578,94.01000213623047,93.75,93.97000122070312,3888200.0
2013-07-23,93.88999938964844,93.9800033569336,93.66999816894531,93.73999786376953,2483700.0
2013-07-24,93.54000091552734,93.63999938964844,92.66000366210938,92.94999694824219,5249800.0
2013-07-25,92.51000213623047,92.87999725341797,92.44000244140625,92.73999786376953,5995400.0
2013-07-26,92.4800033569336,92.77999877929688,92.38999938964844,92.77999877929688,4213600.0
2013-07-29,92.5999984741211,92.7300033569336,92.41999816894531,92.58000183105469,3850100.0
2013-07-30,92.5199966430664,92.87000274658203,92.5199966430664,92.70999908447266,4239400.0
2013-07-31,92.48999786376953,93.01000213623047,92.27999877929688,92.9800033569336,4076500.0
2013-08-01,92.41999816894531,92.58999633789062,91.61000061035156,91.6500015258789,4616600.0
2013-08-02,91.95999908447266,92.26000213623047,91.80999755859375,92.20999908447266,4309400.0
2013-08-05,92.18000030517578,92.18000030517578,91.69999694824219,91.73999786376953,2231000.0
2013-08-06,91.93000030517578,91.93000030517578,91.36000061035156,91.6500015258789,3398800.0
2013-08-07,91.44999694824219,91.54000091552734,91.29000091552734,91.36000061035156,2253300.0
2013-08-08,91.41999816894531,91.58999633789062,91.37999725341797,91.55999755859375,2857100.0
2013-08-09,91.43000030517578,91.66999816894531,91.12000274658203,91.56999969482422,1765600.0
2013-08-12,91.44000244140625,91.72000122070312,91.41999816894531,91.48999786376953,3840800.0
2013-08-13,91.4800033569336,91.56999969482422,91.30000305175781,91.48999786376953,2290500.0
2013-08-14,91.43000030517578,91.48999786376953,91.26000213623047,91.30999755859375,4605800.0
2013-08-15,91.0,91.08999633789062,90.75,90.83999633789062,6446100.0
2013-08-16,90.97000122070312,91.0999984741211,90.41999816894531,90.52999877929688,6922400.0
2013-08-19,90.56999969482422,90.62999725341797,89.80000305175781,89.93000030517578,6536300.0
2013-08-20,90.30000305175781,90.86000061035156,90.27999877929688,90.76000213623047,4208300.0
2013-08-21,90.66999816894531,90.77999877929688,90.37000274658203,90.43000030517578,3098100.0
2013-08-22,90.56999969482422,90.91999816894531,90.48999786376953,90.91999816894531,4049900.0
2013-08-23,90.9000015258789,91.36000061035156,90.8499984741211,91.30000305175781,3370400.0
2013-08-26,91.31999969482422,91.38999938964844,91.12999725341797,91.30999755859375,2365400.0
2013-08-27,91.05000305175781,91.12999725341797,90.70999908447266,90.72000122070312,3578500.0
2013-08-28,90.76000213623047,91.08999633789062,90.66000366210938,91.05999755859375,3860600.0
2013-08-29,90.91000366210938,91.5,90.81999969482422,91.43000030517578,4012900.0
2013-08-30,91.47000122070312,91.58999633789062,91.19000244140625,91.3499984741211,2486900.0
2013-09-03,90.94000244140625,91.18000030517578,90.30999755859375,90.38999938964844,9986800.0
2013-09-04,90.52999877929688,90.83999633789062,90.51000213623047,90.7300033569336,3507400.0
2013-09-05,90.56999969482422,90.6500015258789,90.2699966430664,90.2699966430664,3622300.0
2013-09-06,90.79000091552734,91.0999984741211,90.41999816894531,90.56999969482422,4713800.0
2013-09-09,90.7300033569336,91.0,90.70999908447266,90.80000305175781,4227400.0
2013-09-10,90.87999725341797,91.12999725341797,90.87000274658203,91.12000274658203,5287100.0
2013-09-11,90.98999786376953,91.26000213623047,90.9000015258789,91.23999786376953,3514200.0
2013-09-12,91.19000244140625,91.30999755859375,91.0999984741211,91.12999725341797,3594500.0
2013-09-13,91.23999786376953,91.31999969482422,90.9800033569336,91.05999755859375,2789300.0
2013-09-16,91.70999908447266,91.80999755859375,91.44999694824219,91.55999755859375,4331300.0
2013-09-17,91.66999816894531,91.9800033569336,91.61000061035156,91.86000061035156,5978600.0
2013-09-18,91.83999633789062,92.87999725341797,91.70999908447266,92.73999786376953,7476300.0
2013-09-19,92.98999786376953,92.98999786376953,92.4000015258789,92.47000122070312,5821100.0
2013-09-20,92.44000244140625,92.48999786376953,92.27999877929688,92.36000061035156,4033900.0
2013-09-23,92.3499984741211,92.45999908447266,92.22000122070312,92.3499984741211,6564600.0
2013-09-24,92.2699966430664,92.41000366210938,92.05999755859375,92.1500015258789,7947700.0
2013-09-25,92.13999938964844,92.26000213623047,91.94999694824219,91.98999786376953,3535700.0
2013-09-26,92.11000061035156,92.12999725341797,91.7699966430664,91.94000244140625,4751200.0
2013-09-27,91.87000274658203,91.94000244140625,91.61000061035156,91.83999633789062,6779700.0
2013-09-30,91.58999633789062,91.94999694824219,91.5,91.58000183105469,6248900.0
2013-10-01,91.16000366210938,91.55000305175781,91.05999755859375,91.52999877929688,5743900.0
2013-10-02,91.45999908447266,91.56999969482422,91.25,91.56999969482422,2765700.0
2013-10-03,91.6500015258789,91.69000244140625,91.43000030517578,91.62999725341797,3169700.0
2013-10-04,91.5999984741211,91.87000274658203,91.54000091552734,91.79000091552734,2048300.0
2013-10-07,91.45999908447266,91.76000213623047,91.45999908447266,91.55000305175781,2391700.0
2013-10-08,91.75,91.86000061035156,91.48999786376953,91.51000213623047,2944700.0
2013-10-09,91.77999877929688,91.77999877929688,91.51000213623047,91.58999633789062,2973700.0
2013-10-10,91.81999969482422,92.0999984741211,91.81999969482422,92.01000213623047,2899500.0
2013-10-11,92.16000366210938,92.23999786376953,92.01000213623047,92.18000030517578,3293900.0
2013-10-14,92.0,92.41000366210938,92.0,92.31999969482422,1003900.0
2013-10-15,92.4000015258789,92.4000015258789,92.05000305175781,92.29000091552734,2310100.0
2013-10-16,92.33000183105469,92.79000091552734,92.31999969482422,92.77999877929688,6949700.0
2013-10-17,92.75,93.25,92.7300033569336,93.2300033569336,7277900.0
2013-10-18,93.27999877929688,93.5,93.25,93.41999816894531,2873800.0
2013-10-21,93.44999694824219,93.45999908447266,93.20999908447266,93.20999908447266,2471400.0
2013-10-22,93.37999725341797,93.61000061035156,93.36000061035156,93.48999786376953,5488400.0
2013-10-23,93.56999969482422,93.58999633789062,93.31999969482422,93.56999969482422,2434200.0
2013-10-24,93.5999984741211,93.69000244140625,93.45999908447266,93.5999984741211,2284400.0
2013-10-25,93.63999938964844,93.69999694824219,93.55000305175781,93.62999725341797,2026000.0
2013-10-28,93.6500015258789,93.69999694824219,93.58000183105469,93.61000061035156,1697900.0
2013-10-29,93.58999633789062,93.79000091552734,93.56999969482422,93.76000213623047,1864600.0
2013-10-30,93.76000213623047,93.83000183105469,93.30999755859375,93.37999725341797,3691100.0
2013-10-31,93.44000244140625,93.54000091552734,93.22000122070312,93.43000030517578,5846500.0
2013-11-01,93.0,93.26000213623047,92.80000305175781,92.81999969482422,7882000.0
2013-11-04,93.08000183105469,93.08000183105469,92.93000030517578,92.9800033569336,2025500.0
2013-11-05,92.91999816894531,92.91999816894531,92.7300033569336,92.7300033569336,2770300.0
2013-11-06,92.88999938964844,93.01000213623047,92.81999969482422,93.0,4936700.0
2013-11-07,93.0999984741211,93.13999938964844,92.91999816894531,93.05999755859375,4802700.0
2013-11-08,92.69000244140625,92.95999908447266,92.66000366210938,92.9000015258789,4191100.0
2013-11-11,92.94000244140625,92.94000244140625,92.52999877929688,92.55000305175781,1607600.0
2013-11-12,92.55999755859375,92.58999633789062,92.37000274658203,92.41999816894531,2148900.0
2013-11-13,92.37000274658203,92.77999877929688,92.31999969482422,92.7699966430664,2795100.0
2013-11-14,92.75,93.05000305175781,92.6500015258789,93.04000091552734,4216800.0
2013-11-15,93.05999755859375,93.18000030517578,92.95999908447266,93.18000030517578,2990600.0
2013-11-18,93.2300033569336,93.25,92.83000183105469,92.91000366210938,3694600.0
2013-11-19,92.87999725341797,93.01000213623047,92.79000091552734,92.87000274658203,1415800.0
2013-11-20,92.83000183105469,93.06999969482422,92.66999816894531,92.77999877929688,2470600.0
2013-11-21,92.83000183105469,93.0999984741211,92.76000213623047,93.0999984741211,1895800.0
2013-11-22,93.05999755859375,93.19999694824219,92.98999786376953,93.16999816894531,1649200.0
2013-11-25,93.19999694824219,93.33999633789062,93.05999755859375,93.30999755859375,2813900.0
2013-11-26,93.22000122070312,93.43000030517578,93.1500015258789,93.37999725341797,2835300.0
2013-11-27,93.63999938964844,93.63999938964844,93.30000305175781,93.31999969482422,1845300.0
2013-11-29,93.33000183105469,93.44999694824219,93.30999755859375,93.41999816894531,958700.0
2013-12-02,92.88999938964844,93.02999877929688,92.8499984741211,93.0,5748100.0
2013-12-03,92.86000061035156,93.0,92.76000213623047,92.91000366210938,2710300.0
2013-12-04,92.75,92.87000274658203,92.54000091552734,92.66999816894531,3076100.0
2013-12-05,92.66999816894531,92.76000213623047,92.54000091552734,92.5999984741211,5354700.0
2013-12-06,92.83000183105469,92.9800033569336,92.6500015258789,92.86000061035156,2487900.0
2013-12-09,93.05000305175781,93.25,92.9000015258789,93.19999694824219,4313000.0
2013-12-10,93.19999694824219,93.23999786376953,93.08999633789062,93.19999694824219,1473200.0
2013-12-11,93.19999694824219,93.19999694824219,92.79000091552734,92.91999816894531,3586600.0
2013-12-12,92.93000030517578,93.01000213623047,92.75,92.75,4268800.0
2013-12-13,92.86000061035156,92.97000122070312,92.79000091552734,92.9000015258789,3523200.0
2013-12-16,92.87000274658203,93.04000091552734,92.87000274658203,92.9800033569336,3108500.0
2013-12-17,93.08000183105469,93.08000183105469,92.87999725341797,92.98999786376953,2799900.0
2013-12-18,93.0,93.27999877929688,92.75,93.1500015258789,4893500.0
2013-12-19,93.0,93.08999633789062,92.91000366210938,93.05000305175781,5775500.0
2013-12-20,93.05000305175781,93.11000061035156,92.93000030517578,93.11000061035156,12743900.0
2013-12-23,93.08999633789062,93.33000183105469,93.01000213623047,93.18000030517578,5525100.0
2013-12-24,93.0999984741211,93.20999908447266,93.0999984741211,93.12999725341797,1281600.0
2013-12-26,92.61000061035156,92.7699966430664,92.61000061035156,92.75,1577400.0
2013-12-27,92.77999877929688,92.77999877929688,92.6500015258789,92.73999786376953,1357300.0
2013-12-30,92.7699966430664,92.87000274658203,92.66999816894531,92.81999969482422,1888600.0
2013-12-31,92.8499984741211,92.95999908447266,92.7699966430664,92.87999725341797,2413400.0
2014-01-02,92.86000061035156,93.05000305175781,92.70999908447266,93.04000091552734,7412500.0
2014-01-03,92.98999786376953,93.11000061035156,92.94000244140625,93.01000213623047,1903300.0
2014-01-06,93.1500015258789,93.2300033569336,93.05999755859375,93.20999908447266,2622700.0
2014-01-07,93.2300033569336,93.30999755859375,93.16000366210938,93.20999908447266,3953000.0
2014-01-08,93.20999908447266,93.29000091552734,93.12000274658203,93.1500015258789,4540500.0
2014-01-09,93.25,93.30000305175781,93.19000244140625,93.29000091552734,3036600.0
2014-01-10,93.41000366210938,93.56999969482422,93.3499984741211,93.56999969482422,2423900.0
2014-01-13,93.55000305175781,93.61000061035156,93.41000366210938,93.47000122070312,4716600.0
2014-01-14,93.4800033569336,93.68000030517578,93.4800033569336,93.61000061035156,2636100.0
2014-01-15,93.69999694824219,93.80000305175781,93.61000061035156,93.80000305175781,1797400.0
2014-01-16,93.79000091552734,93.83000183105469,93.7300033569336,93.76000213623047,1269800.0
2014-01-17,93.83000183105469,93.88999938964844,93.72000122070312,93.77999877929688,2192300.0
2014-01-21,93.9000015258789,93.94999694824219,93.81999969482422,93.9000015258789,2056000.0
2014-01-22,93.93000030517578,93.94000244140625,93.7300033569336,93.76000213623047,3235400.0
2014-01-23,93.77999877929688,93.80999755859375,93.58000183105469,93.63999938964844,4989500.0
2014-01-24,93.45999908447266,93.47000122070312,92.98999786376953,93.0199966430664,7575400.0
2014-01-27,93.1500015258789,93.22000122070312,92.94999694824219,92.98999786376953,5482900.0
2014-01-28,93.11000061035156,93.4800033569336,93.04000091552734,93.4000015258789,5393600.0
2014-01-29,93.25,93.26000213623047,93.0999984741211,93.12000274658203,5781700.0
2014-01-30,93.30000305175781,93.43000030517578,93.20999908447266,93.27999877929688,3940200.0
2014-01-31,93.12999725341797,93.37000274658203,93.12000274658203,93.25,7756900.0
2014-02-03,93.0199966430664,93.0199966430664,92.30000305175781,92.51000213623047,16150600.0
2014-02-04,92.75,92.80000305175781,92.58000183105469,92.62000274658203,5246900.0
2014-02-05,92.62000274658203,92.69999694824219,92.52999877929688,92.62000274658203,3893000.0
2014-02-06,92.77999877929688,92.97000122070312,92.66000366210938,92.94999694824219,3426100.0
2014-02-07,93.05999755859375,93.41999816894531,93.05999755859375,93.41999816894531,5193300.0
2014-02-10,93.41999816894531,93.54000091552734,93.30999755859375,93.4800033569336,5199700.0
2014-02-11,93.52999877929688,93.75,93.44000244140625,93.63999938964844,3950800.0
2014-02-12,93.66999816894531,93.72000122070312,93.45999908447266,93.48999786376953,2432100.0
2014-02-13,93.44000244140625,93.77999877929688,93.44000244140625,93.76000213623047,3078400.0
2014-02-14,93.69999694824219,93.94999694824219,93.69000244140625,93.91000366210938,2158700.0
2014-02-18,93.81999969482422,94.08999633789062,93.81999969482422,94.04000091552734,3734700.0
2014-02-19,94.11000061035156,94.19000244140625,93.77999877929688,93.80000305175781,7273600.0
2014-02-20,93.88999938964844,94.08999633789062,93.87000274658203,94.08999633789062,3756900.0
2014-02-21,94.0999984741211,94.2300033569336,94.0999984741211,94.16999816894531,2574600.0
2014-02-24,94.25,94.44000244140625,94.25,94.37999725341797,3531600.0
2014-02-25,94.4000015258789,94.5199966430664,94.37999725341797,94.48999786376953,2979500.0
2014-02-26,94.56999969482422,94.6500015258789,94.5,94.6500015258789,2722100.0
2014-02-27,94.6500015258789,94.83999633789062,94.6500015258789,94.83000183105469,4377300.0
2014-02-28,94.81999969482422,95.0199966430664,94.72000122070312,94.93000030517578,3919300.0
2014-03-03,94.37000274658203,94.5,94.11000061035156,94.37999725341797,9488700.0
2014-03-04,94.61000061035156,94.75,94.4800033569336,94.72000122070312,9313600.0
2014-03-05,94.69000244140625,94.69999694824219,94.5,94.55000305175781,4531600.0
2014-03-06,94.62999725341797,94.66999816894531,94.37000274658203,94.41000366210938,4075500.0
2014-03-07,94.30999755859375,94.37999725341797,94.01000213623047,94.05000305175781,4552000.0
2014-03-10,94.04000091552734,94.08999633789062,93.91999816894531,94.05999755859375,1908200.0
2014-03-11,94.13999938964844,94.16000366210938,93.94000244140625,93.95999908447266,1618500.0
2014-03-12,93.9800033569336,94.13999938964844,93.97000122070312,94.12000274658203,2595000.0
2014-03-13,94.18000030517578,94.18000030517578,93.83000183105469,93.87000274658203,4829700.0
2014-03-14,93.88999938964844,94.01000213623047,93.73999786376953,93.80000305175781,4088200.0
2014-03-17,93.91000366210938,94.01000213623047,93.8499984741211,93.93000030517578,2943100.0
2014-03-18,94.02999877929688,94.2300033569336,93.93000030517578,94.20999908447266,2903500.0
2014-03-19,94.19000244140625,94.29000091552734,93.54000091552734,93.7300033569336,9983600.0
2014-03-20,93.9000015258789,94.06999969482422,93.66999816894531,94.05000305175781,4872300.0
2014-03-21,94.01000213623047,94.16000366210938,93.95999908447266,93.98999786376953,6106500.0
2014-03-24,94.19999694824219,94.19999694824219,93.95999908447266,94.0199966430664,5986100.0
2014-03-25,94.08999633789062,94.29000091552734,94.08999633789062,94.20999908447266,3468800.0
2014-03-26,94.3499984741211,94.3499984741211,94.16000366210938,94.2300033569336,3887200.0
2014-03-27,94.16999816894531,94.23999786376953,94.06999969482422,94.08999633789062,2255400.0
2014-03-28,94.2300033569336,94.3499984741211,94.16999816894531,94.25,2732600.0
2014-03-31,94.44999694824219,94.48999786376953,94.33999633789062,94.38999938964844,2641400.0
2014-04-01,94.05000305175781,94.12000274658203,93.97000122070312,94.12000274658203,4514900.0
2014-04-02,94.13999938964844,94.13999938964844,93.9800033569336,94.0199966430664,2285900.0
2014-04-03,94.0999984741211,94.1500015258789,94.04000091552734,94.05999755859375,2812400.0
2014-04-04,94.18000030517578,94.36000061035156,94.1500015258789,94.27999877929688,4555000.0
2014-04-07,94.2699966430664,94.30000305175781,94.06999969482422,94.08000183105469,1520900.0
2014-04-08,94.1500015258789,94.30000305175781,94.08000183105469,94.30000305175781,2804400.0
2014-04-09,94.30000305175781,94.45999908447266,94.19999694824219,94.44999694824219,4383400.0
2014-04-10,94.5,94.5,94.18000030517578,94.18000030517578,3226900.0
2014-04-11,94.22000122070312,94.22000122070312,93.7699966430664,93.77999877929688,7228500.0
2014-04-14,93.83999633789062,94.13999938964844,93.83999633789062,94.08000183105469,3355800.0
2014-04-15,94.22000122070312,94.22000122070312,94.0,94.18000030517578,3104900.0
2014-04-16,94.22000122070312,94.25,94.0999984741211,94.2300033569336,3450100.0
2014-04-17,94.18000030517578,94.25,94.0999984741211,94.12000274658203,2443800.0
2014-04-21,94.23999786376953,94.27999877929688,94.0999984741211,94.12000274658203,1682200.0
2014-04-22,94.25,94.2699966430664,94.12000274658203,94.22000122070312,2442800.0
2014-04-23,94.23999786376953,94.44000244140625,94.19999694824219,94.25,1591300.0
2014-04-24,94.25,94.4000015258789,94.1500015258789,94.2699966430664,1021700.0
2014-04-25,94.30999755859375,94.31999969482422,94.16000366210938,94.23999786376953,1195400.0
2014-04-28,94.26000213623047,94.30000305175781,94.12999725341797,94.22000122070312,1903900.0
2014-04-29,94.36000061035156,94.37999725341797,94.19000244140625,94.36000061035156,1775300.0
2014-04-30,94.36000061035156,94.41999816894531,94.19999694824219,94.33999633789062,4393100.0
2014-05-01,94.01000213623047,94.05000305175781,93.81999969482422,93.81999969482422,7322200.0
2014-05-02,94.04000091552734,94.04000091552734,93.83000183105469,94.04000091552734,2146000.0
2014-05-05,93.7699966430664,94.08000183105469,93.75,94.0,3541300.0
2014-05-06,94.1500015258789,94.1500015258789,93.9800033569336,94.0199966430664,2567800.0
2014-05-07,94.08999633789062,94.26000213623047,94.05000305175781,94.16000366210938,1578600.0
2014-05-08,94.2699966430664,94.30999755859375,94.08999633789062,94.13999938964844,4522400.0
2014-05-09,94.16000366210938,94.30000305175781,94.13999938964844,94.2300033569336,1736600.0
2014-05-12,94.37999725341797,94.37999725341797,94.22000122070312,94.33000183105469,1123000.0
2014-05-13,94.2699966430664,94.62000274658203,94.25,94.4800033569336,1933600.0
2014-05-14,94.4000015258789,94.58999633789062,94.38999938964844,94.52999877929688,1721400.0
2014-05-15,94.5999984741211,94.5999984741211,94.33999633789062,94.44000244140625,4240700.0
2014-05-16,94.5,94.6500015258789,94.37999725341797,94.62999725341797,3185000.0
2014-05-19,94.5999984741211,94.8499984741211,94.51000213623047,94.7699966430664,7351000.0
2014-05-20,94.7699966430664,94.77999877929688,94.63999938964844,94.6500015258789,4217800.0
2014-05-21,94.7300033569336,94.7699966430664,94.5,94.63999938964844,2925900.0
2014-05-22,94.66000366210938,94.7300033569336,94.58999633789062,94.70999908447266,1950900.0
2014-05-23,94.66000366210938,94.83999633789062,94.66000366210938,94.73999786376953,2289100.0
2014-05-27,94.7699966430664,94.8499984741211,94.72000122070312,94.83000183105469,4384700.0
2014-05-28,94.8499984741211,94.9000015258789,94.80999755859375,94.86000061035156,3904400.0
2014-05-29,94.9000015258789,95.0,94.83999633789062,94.94999694824219,4734800.0
2014-05-30,94.9800033569336,95.06999969482422,94.93000030517578,95.05000305175781,4445800.0
2014-06-02,94.75,94.75,94.30999755859375,94.31999969482422,5722500.0
2014-06-03,94.41000366210938,94.43000030517578,94.30999755859375,94.33000183105469,2978300.0
2014-06-04,94.30999755859375,94.4000015258789,94.26000213623047,94.33000183105469,2527200.0
2014-06-05,94.41999816894531,94.58999633789062,94.33000183105469,94.55999755859375,2034100.0
2014-06-06,94.5999984741211,94.91000366210938,94.58999633789062,94.83000183105469,3059100.0
2014-06-09,94.97000122070312,94.9800033569336,94.77999877929688,94.94000244140625,2906800.0
2014-06-10,94.76000213623047,95.0,94.76000213623047,94.88999938964844,2091000.0
2014-06-11,94.87999725341797,94.91999816894531,94.77999877929688,94.9000015258789,1699500.0
2014-06-12,94.80999755859375,94.93000030517578,94.80999755859375,94.83999633789062,1354000.0
2014-06-13,94.9800033569336,94.9800033569336,94.83000183105469,94.94999694824219,1276500.0
2014-06-16,94.91999816894531,95.0,94.88999938964844,94.9000015258789,1869500.0
2014-06-17,94.88999938964844,95.0,94.77999877929688,94.83000183105469,7251700.0
2014-06-18,94.83999633789062,95.30999755859375,94.83999633789062,95.26000213623047,4284800.0
2014-06-19,95.2699966430664,95.30999755859375,95.1500015258789,95.23999786376953,2882500.0
2014-06-20,95.26000213623047,95.4000015258789,95.23999786376953,95.33000183105469,2372300.0
2014-06-23,95.33999633789062,95.43000030517578,95.29000091552734,95.31999969482422,1551000.0
2014-06-24,95.2699966430664,95.41000366210938,95.23999786376953,95.23999786376953,1839300.0
2014-06-25,95.30000305175781,95.4000015258789,95.25,95.37999725341797,2385000.0
2014-06-26,95.33999633789062,95.38999938964844,95.19999694824219,95.27999877929688,1806400.0
2014-06-27,95.30999755859375,95.33000183105469,95.19000244140625,95.27999877929688,1702700.0
2014-06-30,95.11000061035156,95.31999969482422,95.11000061035156,95.19999694824219,2647600.0
2014-07-01,94.93000030517578,95.02999877929688,94.77999877929688,94.80999755859375,3472700.0
2014-07-02,94.87000274658203,95.0,94.80999755859375,94.87000274658203,2819400.0
2014-07-03,94.86000061035156,94.91000366210938,94.69999694824219,94.7300033569336,2776100.0
2014-07-07,94.69999694824219,94.80000305175781,94.6500015258789,94.66000366210938,1941300.0
2014-07-08,94.73999786376953,94.77999877929688,94.66000366210938,94.68000030517578,2035300.0
2014-07-09,94.75,94.80000305175781,94.58000183105469,94.61000061035156,3945400.0
2014-07-10,94.54000091552734,94.54000091552734,94.29000091552734,94.31999969482422,6011600.0
2014-07-11,94.33000183105469,94.52999877929688,94.33000183105469,94.4800033569336,2071400.0
2014-07-14,94.80000305175781,94.80000305175781,94.44000244140625,94.44999694824219,2632700.0
2014-07-15,94.45999908447266,94.51000213623047,94.29000091552734,94.30000305175781,2888400.0
2014-07-16,94.41000366210938,94.41000366210938,94.12999725341797,94.1500015258789,4264900.0
2014-07-17,94.11000061035156,94.13999938964844,93.4800033569336,93.48999786376953,5767800.0
2014-07-18,93.7699966430664,93.9800033569336,93.6500015258789,93.87999725341797,1994800.0
2014-07-21,93.8499984741211,93.87999725341797,93.62999725341797,93.72000122070312,3111700.0
2014-07-22,93.7699966430664,94.0,93.76000213623047,93.8499984741211,3707100.0
2014-07-23,93.95999908447266,94.08000183105469,93.93000030517578,94.02999877929688,1995900.0
2014-07-24,94.06999969482422,94.29000091552734,93.98999786376953,94.19999694824219,3089100.0
2014-07-25,94.18000030517578,94.2300033569336,94.01000213623047,94.04000091552734,3072300.0
2014-07-28,94.01000213623047,94.04000091552734,93.73999786376953,93.76000213623047,5355100.0
2014-07-29,93.81999969482422,94.0,93.61000061035156,93.62999725341797,3877100.0
2014-07-30,93.7300033569336,93.7699966430664,93.0999984741211,93.23999786376953,5415100.0
2014-07-31,92.83000183105469,92.97000122070312,92.44000244140625,92.4800033569336,7460000.0
2014-08-01,92.05999755859375,92.3499984741211,91.31999969482422,92.04000091552734,10942000.0
2014-08-04,92.05999755859375,92.62999725341797,92.02999877929688,92.5999984741211,7020400.0
2014-08-05,92.61000061035156,92.62999725341797,92.27999877929688,92.41999816894531,3612500.0
2014-08-06,92.37999725341797,92.7300033569336,92.3499984741211,92.63999938964844,4167700.0
2014-08-07,92.69000244140625,92.94999694824219,92.66999816894531,92.69999694824219,3833900.0
2014-08-08,92.5,93.05999755859375,92.5,92.98999786376953,3426300.0
2014-08-11,93.12000274658203,93.48999786376953,92.98999786376953,93.43000030517578,6908300.0
2014-08-12,93.47000122070312,93.55999755859375,93.31999969482422,93.41000366210938,4231700.0
2014-08-13,93.6500015258789,93.69999694824219,93.45999908447266,93.68000030517578,4960200.0
2014-08-14,93.72000122070312,93.95999908447266,93.70999908447266,93.86000061035156,4246600.0
2014-08-15,94.0199966430664,94.11000061035156,93.87000274658203,94.05000305175781,6051300.0
2014-08-18,94.06999969482422,94.33999633789062,94.01000213623047,94.31999969482422,5112800.0
2014-08-19,94.37000274658203,94.37999725341797,94.23999786376953,94.29000091552734,2747200.0
2014-08-20,94.31999969482422,94.4800033569336,94.16999816894531,94.36000061035156,2470000.0
2014-08-21,94.36000061035156,94.45999908447266,94.33999633789062,94.36000061035156,1869100.0
2014-08-22,94.3499984741211,94.41000366210938,94.08999633789062,94.12999725341797,3065500.0
2014-08-25,94.26000213623047,94.37999725341797,94.08000183105469,94.33000183105469,1958000.0
2014-08-26,94.33000183105469,94.47000122070312,94.30999755859375,94.4000015258789,1562400.0
2014-08-27,94.47000122070312,94.4800033569336,94.30000305175781,94.30999755859375,3685200.0
2014-08-28,94.27999877929688,94.38999938964844,94.12999725341797,94.16999816894531,1815400.0
2014-08-29,94.23999786376953,94.27999877929688,94.12000274658203,94.23999786376953,2046000.0
2014-09-02,93.7699966430664,93.9800033569336,93.75,93.91999816894531,4484800.0
2014-09-03,93.91999816894531,93.91999816894531,93.66999816894531,93.68000030517578,3200200.0
2014-09-04,93.7300033569336,93.7699966430664,93.26000213623047,93.37000274658203,4754500.0
2014-09-05,93.37999725341797,93.44999694824219,93.25,93.26000213623047,4752700.0
2014-09-08,93.23999786376953,93.3499984741211,93.08000183105469,93.16999816894531,2549200.0
2014-09-09,93.13999938964844,93.13999938964844,92.70999908447266,92.73999786376953,4647900.0
2014-09-10,92.75,92.81999969482422,92.55000305175781,92.77999877929688,3290600.0
2014-09-11,92.68000030517578,92.83999633789062,92.58000183105469,92.77999877929688,2822400.0
2014-09-12,92.69999694824219,92.80000305175781,92.5199966430664,92.66999816894531,5372500.0
2014-09-15,92.75,92.76000213623047,92.47000122070312,92.5,3592400.0
2014-09-16,92.44999694824219,92.86000061035156,92.43000030517578,92.69000244140625,5132200.0
2014-09-17,92.87000274658203,93.08999633789062,92.76000213623047,92.98999786376953,4399300.0
2014-09-18,92.9800033569336,93.08000183105469,92.91000366210938,93.0199966430664,3640300.0
2014-09-19,93.0999984741211,93.19000244140625,93.0199966430664,93.16000366210938,6000600.0
2014-09-22,93.16000366210938,93.23999786376953,92.91000366210938,92.98999786376953,4355300.0
2014-09-23,92.79000091552734,92.91999816894531,92.44000244140625,92.5199966430664,3573100.0
2014-09-24,92.5,92.5,92.05999755859375,92.23999786376953,6342700.0
2014-09-25,92.0999984741211,92.0999984741211,91.5,91.61000061035156,7348000.0
2014-09-26,91.22000122070312,91.7300033569336,90.94999694824219,91.55000305175781,11842500.0
2014-09-29,91.04000091552734,91.37000274658203,90.88999938964844,91.36000061035156,6289400.0
2014-09-30,91.63999938964844,92.02999877929688,91.55000305175781,91.94999694824219,6905400.0
2014-10-01,91.75,91.9000015258789,91.5199966430664,91.66000366210938,9996600.0
2014-10-02,91.62000274658203,91.87999725341797,91.4000015258789,91.83999633789062,6197300.0
2014-10-03,92.0999984741211,92.43000030517578,91.97000122070312,92.1500015258789,6371600.0
2014-10-06,92.30000305175781,92.44000244140625,92.13999938964844,92.25,4213800.0
2014-10-07,92.12999725341797,92.20999908447266,91.80999755859375,91.9000015258789,4994200.0
2014-10-08,91.87999725341797,92.37999725341797,91.7300033569336,92.33999633789062,7589400.0
2014-10-09,92.1500015258789,92.2300033569336,91.2699966430664,91.36000061035156,7177500.0
2014-10-10,91.18000030517578,91.30999755859375,90.51000213623047,90.62000274658203,14239800.0
2014-10-13,90.55000305175781,90.95999908447266,90.1500015258789,90.16999816894531,7908500.0
2014-10-14,90.5,90.7699966430664,90.22000122070312,90.47000122070312,11695300.0
2014-10-15,90.20999908447266,90.48999786376953,89.20999908447266,90.48999786376953,11711300.0
2014-10-16,89.98999786376953,91.0999984741211,89.8499984741211,91.0,12623100.0
2014-10-17,91.73999786376953,92.23999786376953,91.4000015258789,91.7699966430664,13575900.0
2014-10-20,91.83000183105469,92.5,91.7300033569336,92.43000030517578,7331400.0
2014-10-21,92.62000274658203,93.19999694824219,92.62000274658203,93.18000030517578,7453700.0
2014-10-22,93.16000366210938,93.19999694824219,92.44999694824219,92.56999969482422,8363900.0
2014-10-23,92.87000274658203,94.91999816894531,92.51000213623047,92.52999877929688,9482300.0
2014-10-24,92.44999694824219,92.91999816894531,92.44999694824219,92.79000091552734,5764300.0
2014-10-27,92.7300033569336,92.75,92.33999633789062,92.41000366210938,4911400.0
2014-10-28,92.54000091552734,92.70999908447266,92.37999725341797,92.55999755859375,6024200.0
2014-10-29,92.62999725341797,92.68000030517578,92.20999908447266,92.48999786376953,5320700.0
2014-10-30,92.5,94.94999694824219,92.38999938964844,92.44999694824219,3341700.0
2014-10-31,92.80999755859375,92.80999755859375,92.5,92.52999877929688,5065400.0
2014-11-03,92.22000122070312,92.51000213623047,92.18000030517578,92.31999969482422,4936200.0
2014-11-04,92.29000091552734,92.29000091552734,91.95999908447266,92.02999877929688,5886200.0
2014-11-05,92.16000366210938,92.18000030517578,91.91000366210938,92.01000213623047,4399300.0
2014-11-06,92.08000183105469,92.2699966430664,92.06999969482422,92.25,3747700.0
2014-11-07,92.25,92.37999725341797,92.13999938964844,92.33999633789062,3456300.0
2014-11-10,92.30999755859375,92.41999816894531,92.29000091552734,92.37999725341797,2680400.0
2014-11-11,92.37999725341797,92.62000274658203,92.25,92.58999633789062,2730700.0
2014-11-12,92.4800033569336,92.51000213623047,92.26000213623047,92.29000091552734,3218900.0
2014-11-13,92.37999725341797,92.37999725341797,91.80000305175781,91.91000366210938,5081300.0
2014-11-14,91.80999755859375,91.94000244140625,91.41000366210938,91.44999694824219,7868000.0
2014-11-17,91.5199966430664,91.66999816894531,91.3499984741211,91.44000244140625,5213700.0
2014-11-18,91.41000366210938,91.55999755859375,91.25,91.26000213623047,5227200.0
2014-11-19,91.0999984741211,91.26000213623047,90.86000061035156,91.23999786376953,7733300.0
2014-11-20,91.0,91.30000305175781,90.91999816894531,91.25,3274300.0
2014-11-21,91.62000274658203,92.01000213623047,91.52999877929688,91.75,7983000.0
2014-11-24,91.87000274658203,91.94000244140625,91.62999725341797,91.73999786376953,4569100.0
2014-11-25,91.69999694824219,91.94999694824219,91.66000366210938,91.88999938964844,4878500.0
2014-11-26,91.94999694824219,92.12999725341797,91.9000015258789,92.01000213623047,3055800.0
2014-11-28,91.58999633789062,91.6500015258789,91.04000091552734,91.12999725341797,5290500.0
2014-12-01,90.66999816894531,90.66999816894531,89.73999786376953,89.80000305175781,12432400.0
2014-12-02,90.05000305175781,90.31999969482422,89.87000274658203,90.29000091552734,6821200.0
2014-12-03,90.31999969482422,90.51000213623047,90.19999694824219,90.44000244140625,7627000.0
2014-12-04,90.36000061035156,90.5,90.30000305175781,90.37999725341797,4581600.0
2014-12-05,90.26000213623047,90.38999938964844,90.04000091552734,90.30999755859375,5237400.0
2014-12-08,90.12999725341797,90.19999694824219,89.69999694824219,89.8499984741211,6770800.0
2014-12-09,89.30999755859375,89.87999725341797,89.2300033569336,89.80000305175781,9702100.0
2014-12-10,89.37000274658203,89.5,88.41999816894531,88.7699966430664,15409400.0
2014-12-11,88.62000274658203,88.91000366210938,87.91999816894531,88.44999694824219,12053000.0
2014-12-12,87.80000305175781,87.94000244140625,87.0999984741211,87.25,11563300.0
2014-12-15,87.44000244140625,87.5999984741211,86.45999908447266,87.19999694824219,14114000.0
2014-12-16,86.44000244140625,87.66000366210938,86.12000274658203,86.88999938964844,14875500.0
2014-12-17,86.95999908447266,88.9800033569336,86.88999938964844,88.66000366210938,16864000.0
2014-12-18,90.0,90.30999755859375,88.72000122070312,89.37000274658203,16638700.0
2014-12-19,89.62000274658203,90.30999755859375,89.5199966430664,90.2300033569336,9952800.0
2014-12-22,90.1500015258789,90.30000305175781,89.69999694824219,90.01000213623047,6622400.0
2014-12-23,90.23999786376953,90.41000366210938,89.94999694824219,90.33000183105469,5314400.0
2014-12-24,89.9800033569336,90.30000305175781,89.91999816894531,90.25,2285700.0
2014-12-26,90.3499984741211,90.5,89.9000015258789,89.97000122070312,1815500.0
2014-12-29,90.0199966430664,90.23999786376953,89.7300033569336,90.0199966430664,4717100.0
2014-12-30,89.7699966430664,89.95999908447266,89.66000366210938,89.83999633789062,3624300.0
2014-12-31,89.87999725341797,90.0,89.44000244140625,89.5999984741211,4185400.0
2015-01-02,89.69000244140625,89.93000030517578,89.48999786376953,89.5999984741211,3271900.0
2015-01-05,89.0999984741211,89.23999786376953,88.6500015258789,88.7699966430664,7523100.0
2015-01-06,88.5999984741211,88.95999908447266,88.33999633789062,88.43000030517578,9489700.0
2015-01-07,89.12000274658203,89.27999877929688,88.87000274658203,88.9800033569336,8353100.0
2015-01-08,89.30999755859375,89.83000183105469,88.9800033569336,89.6500015258789,8388600.0
2015-01-09,89.72000122070312,90.13999938964844,89.37000274658203,90.0999984741211,6766700.0
2015-01-12,90.16999816894531,90.16999816894531,89.63999938964844,89.98999786376953,8698500.0
2015-01-13,90.0,90.2300033569336,89.54000091552734,89.98999786376953,7738700.0
2015-01-14,89.51000213623047,89.83999633789062,89.3499984741211,89.77999877929688,7415500.0
2015-01-15,89.9800033569336,89.9800033569336,89.20999908447266,89.2300033569336,7061300.0
2015-01-16,89.33999633789062,89.69999694824219,89.33000183105469,89.56999969482422,7685500.0
2015-01-20,89.83999633789062,89.83999633789062,89.26000213623047,89.41000366210938,5915300.0
2015-01-21,89.36000061035156,89.91000366210938,89.30000305175781,89.88999938964844,6110700.0
2015-01-22,90.0199966430664,90.16999816894531,89.77999877929688,90.01000213623047,6940100.0
2015-01-23,90.01000213623047,90.13999938964844,89.93000030517578,90.01000213623047,5134500.0
2015-01-26,90.06999969482422,90.48999786376953,89.93000030517578,90.41999816894531,8252300.0
2015-01-27,90.08000183105469,90.43000030517578,90.01000213623047,90.3499984741211,8771100.0
2015-01-28,90.41000366210938,90.5,90.01000213623047,90.16000366210938,5622400.0
2015-01-29,90.33999633789062,90.5199966430664,90.1500015258789,90.4800033569336,4923200.0
2015-01-30,90.37999725341797,90.4800033569336,90.19000244140625,90.2300033569336,6383000.0
2015-02-02,90.02999877929688,90.20999908447266,89.87999725341797,90.20999908447266,4120600.0
2015-02-03,90.37999725341797,90.83000183105469,90.30000305175781,90.72000122070312,11682400.0
2015-02-04,90.63999938964844,90.63999938964844,90.30000305175781,90.33999633789062,8333900.0
2015-02-05,90.55000305175781,90.87999725341797,90.4000015258789,90.87000274658203,10172500.0
2015-02-06,91.06999969482422,91.08000183105469,90.77999877929688,90.94000244140625,6076700.0
2015-02-09,90.87999725341797,90.98999786376953,90.69999694824219,90.72000122070312,4672800.0
2015-02-10,90.9000015258789,91.02999877929688,90.88999938964844,91.02999877929688,6846600.0
2015-02-11,90.9800033569336,91.02999877929688,90.83000183105469,91.0,5688000.0
2015-02-12,91.13999938964844,91.13999938964844,90.94000244140625,90.98999786376953,3185400.0
2015-02-13,91.01000213623047,91.19000244140625,90.94000244140625,91.12000274658203,4676600.0
2015-02-17,91.23999786376953,91.27999877929688,91.02999877929688,91.05999755859375,6624200.0
2015-02-18,91.1500015258789,91.38999938964844,91.04000091552734,91.37000274658203,4744400.0
2015-02-19,91.2699966430664,91.31999969482422,91.13999938964844,91.16000366210938,2964800.0
2015-02-20,91.1500015258789,91.41999816894531,91.08000183105469,91.41000366210938,5470600.0
2015-02-23,91.44999694824219,91.4800033569336,91.2699966430664,91.4800033569336,4165700.0
2015-02-24,91.45999908447266,91.5999984741211,91.38999938964844,91.56999969482422,3689300.0
2015-02-25,91.62999725341797,91.9000015258789,91.56999969482422,91.87000274658203,9048500.0
2015-02-26,91.83999633789062,91.97000122070312,91.73999786376953,91.8499984741211,7928200.0
2015-02-27,91.9000015258789,91.94999694824219,91.80999755859375,91.87000274658203,4521800.0
2015-03-02,91.55999755859375,91.5999984741211,91.30000305175781,91.45999908447266,6933000.0
2015-03-03,91.31999969482422,91.4000015258789,91.12000274658203,91.19999694824219,10032000.0
2015-03-04,91.05000305175781,91.16000366210938,90.9800033569336,91.02999877929688,7832800.0
2015-03-05,91.16999816894531,91.19999694824219,91.04000091552734,91.19999694824219,6412500.0
2015-03-06,90.94999694824219,90.97000122070312,90.52999877929688,90.62000274658203,9271900.0
2015-03-09,90.7300033569336,90.73999786376953,90.37999725341797,90.43000030517578,9607500.0
2015-03-10,90.27999877929688,90.33999633789062,89.9000015258789,90.08000183105469,12447300.0
2015-03-11,90.3499984741211,90.45999908447266,90.06999969482422,90.33000183105469,9214800.0
2015-03-12,90.5999984741211,90.63999938964844,90.36000061035156,90.51000213623047,4469900.0
2015-03-13,90.36000061035156,90.4000015258789,89.97000122070312,90.19999694824219,6184500.0
2015-03-16,90.2699966430664,90.33999633789062,90.05000305175781,90.11000061035156,4772600.0
2015-03-17,89.87999725341797,90.0199966430664,89.48999786376953,89.66000366210938,13059600.0
2015-03-18,89.66000366210938,90.47000122070312,89.48999786376953,90.45999908447266,11633900.0
2015-03-19,90.16999816894531,90.36000061035156,89.68000030517578,89.73999786376953,9226000.0
2015-03-20,90.0999984741211,90.4800033569336,89.97000122070312,90.44000244140625,9127300.0
2015-03-23,90.43000030517578,90.54000091552734,90.30999755859375,90.51000213623047,5459200.0
2015-03-24,90.4800033569336,90.72000122070312,90.44999694824219,90.6500015258789,6767200.0
2015-03-25,90.70999908447266,90.83000183105469,90.4000015258789,90.41000366210938,5364600.0
2015-03-26,90.51000213623047,90.52999877929688,90.2300033569336,90.4000015258789,4876400.0
2015-03-27,90.38999938964844,90.55999755859375,90.3499984741211,90.47000122070312,3822000.0
2015-03-30,90.51000213623047,90.79000091552734,90.5,90.72000122070312,4197700.0
2015-03-31,90.69000244140625,90.83999633789062,90.55999755859375,90.61000061035156,4498400.0
2015-04-01,90.3499984741211,90.43000030517578,90.0999984741211,90.38999938964844,9298200.0
2015-04-02,90.45999908447266,90.58999633789062,90.3499984741211,90.45999908447266,4774400.0
2015-04-06,90.37999725341797,90.80999755859375,90.37999725341797,90.69000244140625,5020700.0
2015-04-07,90.7699966430664,91.19999694824219,90.69000244140625,91.16999816894531,8659800.0
2015-04-08,91.20999908447266,91.30000305175781,91.01000213623047,91.1500015258789,7151900.0
2015-04-09,91.19000244140625,91.26000213623047,91.0,91.05999755859375,3415700.0
2015-04-10,91.05000305175781,91.27999877929688,91.05000305175781,91.2699966430664,3012700.0
2015-04-13,91.2699966430664,91.31999969482422,91.08000183105469,91.0999984741211,2866600.0
2015-04-14,91.12999725341797,91.19999694824219,90.93000030517578,91.13999938964844,2830000.0
2015-04-15,91.23999786376953,91.55999755859375,91.20999908447266,91.5,4438300.0
2015-04-16,91.44000244140625,91.44000244140625,91.2699966430664,91.30999755859375,5285400.0
2015-04-17,91.23999786376953,91.23999786376953,91.0,91.02999877929688,3901300.0
2015-04-20,91.23999786376953,91.37999725341797,91.11000061035156,91.2300033569336,3641000.0
2015-04-21,91.4800033569336,91.4800033569336,91.23999786376953,91.29000091552734,3730700.0
2015-04-22,91.43000030517578,91.44000244140625,91.18000030517578,91.19999694824219,4031100.0
2015-04-23,91.26000213623047,91.36000061035156,91.08000183105469,91.16999816894531,4755200.0
2015-04-24,91.19000244140625,91.33999633789062,91.19000244140625,91.31999969482422,4221400.0
2015-04-27,91.44999694824219,91.48999786376953,91.2699966430664,91.3499984741211,5049600.0
2015-04-28,91.27999877929688,91.30999755859375,91.16999816894531,91.20999908447266,4697400.0
2015-04-29,91.0,91.19999694824219,90.91999816894531,91.04000091552734,8152700.0
2015-04-30,91.0,91.08000183105469,90.80999755859375,90.98999786376953,11463800.0
2015-05-01,90.66000366210938,90.80999755859375,90.61000061035156,90.79000091552734,8053700.0
2015-05-04,90.94999694824219,90.97000122070312,90.6500015258789,90.7699966430664,6683700.0
2015-05-05,90.69000244140625,90.77999877929688,90.48999786376953,90.6500015258789,12736900.0
2015-05-06,90.6500015258789,90.69000244140625,90.31999969482422,90.37999725341797,13677500.0
2015-05-07,90.30000305175781,90.58000183105469,90.2699966430664,90.37000274658203,8676400.0
2015-05-08,90.86000061035156,91.08000183105469,90.80000305175781,91.08000183105469,10319600.0
2015-05-11,91.01000213623047,91.05999755859375,90.4800033569336,90.51000213623047,5499200.0
2015-05-12,90.36000061035156,90.7300033569336,90.29000091552734,90.5,6569200.0
2015-05-13,90.62000274658203,90.7699966430664,90.33000183105469,90.37000274658203,4349000.0
2015-05-14,90.58999633789062,90.87000274658203,90.58999633789062,90.80999755859375,5147100.0
2015-05-15,90.9000015258789,91.08000183105469,90.80999755859375,91.01000213623047,8939400.0
2015-05-18,91.0,91.0,90.75,90.86000061035156,2843700.0
2015-05-19,90.87999725341797,90.87999725341797,90.63999938964844,90.72000122070312,4743200.0
2015-05-20,90.7300033569336,90.86000061035156,90.61000061035156,90.61000061035156,2841700.0
2015-05-21,90.5999984741211,90.83000183105469,90.5999984741211,90.73999786376953,3709300.0
2015-05-22,90.7300033569336,90.8499984741211,90.69000244140625,90.80999755859375,3716900.0
2015-05-26,90.66999816894531,90.79000091552734,90.61000061035156,90.62000274658203,3951500.0
2015-05-27,90.77999877929688,90.9000015258789,90.68000030517578,90.81999969482422,3737800.0
2015-05-28,90.80999755859375,90.83000183105469,90.69000244140625,90.77999877929688,5440700.0
2015-05-29,90.76000213623047,90.97000122070312,90.76000213623047,90.91000366210938,4764000.0
2015-06-01,90.6500015258789,90.7699966430664,90.45999908447266,90.66000366210938,9372600.0
2015-06-02,90.75,90.75,90.33999633789062,90.48999786376953,5203700.0
2015-06-03,90.38999938964844,90.44999694824219,89.94000244140625,90.0,9532700.0
2015-06-04,89.93000030517578,90.01000213623047,89.70999908447266,89.70999908447266,11381700.0
2015-06-05,89.48999786376953,89.62999725341797,89.33000183105469,89.44000244140625,7747600.0
2015-06-08,89.5199966430664,89.61000061035156,89.33999633789062,89.44000244140625,6487800.0
2015-06-09,89.41999816894531,89.44000244140625,89.16999816894531,89.29000091552734,11416200.0
2015-06-10,89.30999755859375,89.4800033569336,89.26000213623047,89.41000366210938,5187500.0
2015-06-11,89.47000122070312,89.5999984741211,89.37999725341797,89.58999633789062,5202100.0
2015-06-12,89.41999816894531,89.5199966430664,89.23999786376953,89.26000213623047,5713500.0
2015-06-15,89.06999969482422,89.22000122070312,88.80999755859375,88.83999633789062,12726200.0
2015-06-16,88.80999755859375,89.33999633789062,88.80999755859375,89.33999633789062,5249800.0
2015-06-17,89.19999694824219,89.4000015258789,88.94000244140625,89.26000213623047,5660400.0
2015-06-18,89.29000091552734,89.69000244140625,89.29000091552734,89.58999633789062,6869900.0
2015-06-19,89.76000213623047,89.76000213623047,89.45999908447266,89.63999938964844,12585700.0
2015-06-22,89.88999938964844,89.98999786376953,89.63999938964844,89.81999969482422,5035400.0
2015-06-23,89.7699966430664,89.80000305175781,89.63999938964844,89.76000213623047,3474800.0
2015-06-24,89.69999694824219,89.79000091552734,89.5199966430664,89.5199966430664,2636900.0
2015-06-25,89.56999969482422,89.63999938964844,89.25,89.25,5176700.0
2015-06-26,89.25,89.31999969482422,88.94999694824219,88.98999786376953,6683200.0
2015-06-29,88.6500015258789,88.80000305175781,88.37000274658203,88.37999725341797,10156900.0
2015-06-30,88.76000213623047,88.86000061035156,88.58000183105469,88.80000305175781,4912700.0
2015-07-01,88.80999755859375,88.80999755859375,88.36000061035156,88.41999816894531,13614700.0
2015-07-02,88.6500015258789,88.8499984741211,88.5199966430664,88.75,5586300.0
2015-07-06,88.58000183105469,88.75,88.41000366210938,88.45999908447266,4719100.0
2015-07-07,88.33000183105469,88.62999725341797,88.12999725341797,88.52999877929688,8406300.0
2015-07-08,88.16999816894531,88.41999816894531,88.05999755859375,88.08999633789062,5744800.0
2015-07-09,88.44999694824219,88.7300033569336,88.29000091552734,88.29000091552734,6291000.0
2015-07-10,88.58999633789062,88.87000274658203,88.55999755859375,88.80000305175781,7097900.0
2015-07-13,88.91000366210938,88.94000244140625,88.72000122070312,88.87999725341797,6119200.0
2015-07-14,88.73999786376953,88.83000183105469,88.63999938964844,88.79000091552734,6354100.0
2015-07-15,88.77999877929688,88.9000015258789,88.6500015258789,88.79000091552734,5983300.0
2015-07-16,88.88999938964844,89.02999877929688,88.87999725341797,88.93000030517578,7523600.0
2015-07-17,88.98999786376953,88.98999786376953,88.5999984741211,88.69000244140625,7788400.0
2015-07-20,88.6500015258789,88.66000366210938,88.2699966430664,88.27999877929688,6740400.0
2015-07-21,88.20999908447266,88.31999969482422,88.11000061035156,88.12000274658203,4904800.0
2015-07-22,87.87000274658203,87.93000030517578,87.5199966430664,87.55000305175781,10578500.0
2015-07-23,87.5199966430664,87.70999908447266,87.5,87.5,4918400.0
2015-07-24,87.5,87.55000305175781,87.19999694824219,87.25,4702900.0
2015-07-27,87.01000213623047,87.2699966430664,86.80999755859375,86.87999725341797,11061700.0
2015-07-28,86.97000122070312,87.44999694824219,86.93000030517578,87.3499984741211,10471000.0
2015-07-29,87.3499984741211,87.93000030517578,87.3499984741211,87.86000061035156,8839500.0
2015-07-30,87.80999755859375,88.16999816894531,87.80999755859375,88.12000274658203,6127600.0
2015-07-31,88.01000213623047,88.23999786376953,87.94000244140625,87.97000122070312,5936500.0
2015-08-03,87.58999633789062,87.5999984741211,87.37000274658203,87.41000366210938,5416900.0
2015-08-04,87.5,87.62999725341797,87.44000244140625,87.45999908447266,3691400.0
2015-08-05,87.63999938964844,87.7300033569336,87.33000183105469,87.33999633789062,7778300.0
2015-08-06,87.2300033569336,87.33000183105469,86.95999908447266,86.9800033569336,10794800.0
2015-08-07,86.8499984741211,86.88999938964844,86.68000030517578,86.70999908447266,5483500.0
2015-08-10,86.7699966430664,86.97000122070312,86.7300033569336,86.95999908447266,3234500.0
2015-08-11,86.62999725341797,86.69999694824219,86.45999908447266,86.55999755859375,4598600.0
2015-08-12,86.26000213623047,86.4800033569336,86.04000091552734,86.44000244140625,6371900.0
2015-08-13,86.37000274658203,86.44000244140625,86.27999877929688,86.33000183105469,7422100.0
2015-08-14,86.29000091552734,86.51000213623047,86.27999877929688,86.37999725341797,3437900.0
2015-08-17,86.29000091552734,86.51000213623047,86.19999694824219,86.37999725341797,4153600.0
2015-08-18,86.2699966430664,86.4000015258789,86.18000030517578,86.2699966430664,5471300.0
2015-08-19,86.20999908447266,86.44999694824219,86.0199966430664,86.19000244140625,7208500.0
2015-08-20,85.9000015258789,85.97000122070312,85.6500015258789,85.7699966430664,11099100.0
2015-08-21,85.52999877929688,85.75,85.37000274658203,85.45999908447266,13158600.0
2015-08-24,83.80999755859375,85.37999725341797,83.43000030517578,84.76000213623047,19116200.0
2015-08-25,85.55999755859375,85.69000244140625,84.91000366210938,84.93000030517578,18194700.0
2015-08-26,85.26000213623047,85.80000305175781,85.19000244140625,85.63999938964844,10654800.0
2015-08-27,85.86000061035156,86.44999694824219,85.86000061035156,86.27999877929688,12772100.0
2015-08-28,86.22000122070312,86.5,86.05999755859375,86.36000061035156,9100000.0
2015-08-31,86.23999786376953,86.30000305175781,85.7300033569336,86.23999786376953,5408800.0
2015-09-01,85.69999694824219,85.7699966430664,85.44000244140625,85.58000183105469,4739100.0
2015-09-02,85.93000030517578,85.95999908447266,85.68000030517578,85.93000030517578,5259700.0
2015-09-03,86.0,86.2300033569336,85.86000061035156,86.05000305175781,8779000.0
2015-09-04,85.86000061035156,86.06999969482422,85.8499984741211,85.95999908447266,4671000.0
2015-09-08,86.3499984741211,86.44000244140625,86.23999786376953,86.43000030517578,5450300.0
2015-09-09,86.5999984741211,86.62000274658203,86.23999786376953,86.31999969482422,4914800.0
2015-09-10,86.27999877929688,86.5999984741211,86.27999877929688,86.52999877929688,4744100.0
2015-09-11,86.1500015258789,86.55000305175781,86.11000061035156,86.5,4834900.0
2015-09-14,86.36000061035156,86.44000244140625,86.22000122070312,86.3499984741211,4383100.0
2015-09-15,86.25,86.41000366210938,86.19999694824219,86.33000183105469,4247800.0
2015-09-16,86.02999877929688,86.2300033569336,85.94000244140625,86.0199966430664,5026700.0
2015-09-17,86.01000213623047,86.41000366210938,85.8499984741211,86.08999633789062,6576800.0
2015-09-18,85.83999633789062,86.05000305175781,85.69000244140625,85.8499984741211,10827600.0
2015-09-21,85.86000061035156,85.9000015258789,85.61000061035156,85.69000244140625,7579000.0
2015-09-22,85.3499984741211,85.69000244140625,84.95999908447266,85.06999969482422,7366900.0
2015-09-23,85.05000305175781,85.11000061035156,84.86000061035156,84.91999816894531,7686000.0
2015-09-24,84.75,84.75,84.3499984741211,84.5,9167500.0
2015-09-25,84.5999984741211,84.76000213623047,84.04000091552734,84.06999969482422,8384200.0
2015-09-28,83.66999816894531,84.0199966430664,82.72000122070312,82.77999877929688,12416300.0
2015-09-29,82.70999908447266,83.08999633789062,82.62999725341797,82.7699966430664,11417600.0
2015-09-30,83.12999725341797,83.33999633789062,82.83000183105469,83.29000091552734,14539800.0
2015-10-01,82.75,82.87999725341797,82.31999969482422,82.36000061035156,12179800.0
2015-10-02,81.88999938964844,82.47000122070312,81.66000366210938,82.44000244140625,14060200.0
2015-10-05,82.87000274658203,83.47000122070312,82.80999755859375,83.43000030517578,13531400.0
2015-10-06,83.4800033569336,83.9800033569336,83.36000061035156,83.88999938964844,13985800.0
2015-10-07,84.3499984741211,84.83000183105469,84.19999694824219,84.75,18000700.0
2015-10-08,84.62000274658203,85.12999725341797,84.45999908447266,85.0999984741211,9466900.0
2015-10-09,85.2300033569336,85.5999984741211,84.9800033569336,85.11000061035156,9900600.0
2015-10-12,85.18000030517578,85.25,84.83000183105469,84.94999694824219,3867000.0
2015-10-13,84.79000091552734,84.94999694824219,84.62999725341797,84.75,7772600.0
2015-10-14,84.76000213623047,84.94999694824219,84.63999938964844,84.69000244140625,7748100.0
2015-10-15,84.81999969482422,84.94999694824219,84.61000061035156,84.88999938964844,8049200.0
2015-10-16,84.91000366210938,85.29000091552734,84.88999938964844,85.27999877929688,5978200.0
2015-10-19,85.1500015258789,85.56999969482422,85.08000183105469,85.51000213623047,10347000.0
2015-10-20,85.37999725341797,85.69000244140625,85.29000091552734,85.58999633789062,10294800.0
2015-10-21,85.6500015258789,85.7699966430664,85.26000213623047,85.5,14332200.0
2015-10-22,85.58000183105469,85.68000030517578,85.41000366210938,85.52999877929688,11805100.0
2015-10-23,85.9000015258789,86.08999633789062,85.58000183105469,85.83000183105469,13201700.0
2015-10-26,85.93000030517578,85.94000244140625,85.68000030517578,85.73999786376953,9354100.0
2015-10-27,85.66999816894531,85.68000030517578,85.33999633789062,85.45999908447266,5585800.0
2015-10-28,85.45999908447266,85.70999908447266,85.30000305175781,85.69000244140625,8637000.0
2015-10-29,85.44999694824219,85.68000030517578,85.43000030517578,85.47000122070312,6064500.0
2015-10-30,85.52999877929688,85.76000213623047,85.38999938964844,85.56999969482422,8803100.0
2015-11-02,85.18000030517578,85.4800033569336,85.11000061035156,85.44000244140625,5476000.0
2015-11-03,85.36000061035156,85.58000183105469,85.36000061035156,85.52999877929688,5873700.0
2015-11-04,85.56999969482422,85.56999969482422,85.23999786376953,85.27999877929688,6082100.0
2015-11-05,85.25,85.33999633789062,84.94000244140625,84.94999694824219,8529600.0
2015-11-06,84.62000274658203,84.69000244140625,84.33999633789062,84.54000091552734,8207700.0
2015-11-09,84.36000061035156,84.44000244140625,84.12999725341797,84.19000244140625,10127900.0
2015-11-10,84.0999984741211,84.19000244140625,83.87000274658203,84.0,9673000.0
2015-11-11,84.04000091552734,84.0999984741211,83.75,83.80000305175781,3943900.0
2015-11-12,83.47000122070312,83.68000030517578,83.22000122070312,83.23999786376953,11570600.0
2015-11-13,83.27999877929688,83.36000061035156,82.98999786376953,83.0,7487900.0
2015-11-16,82.91000366210938,83.44000244140625,82.80999755859375,83.38999938964844,8228200.0
2015-11-17,83.5999984741211,83.73999786376953,83.37000274658203,83.44999694824219,9106400.0
2015-11-18,83.4000015258789,83.66000366210938,83.4000015258789,83.61000061035156,7479000.0
2015-11-19,83.33000183105469,83.48999786376953,82.8499984741211,82.86000061035156,9428300.0
2015-11-20,82.87999725341797,83.20999908447266,82.80999755859375,82.83999633789062,9763700.0
2015-11-23,82.73999786376953,82.88999938964844,82.69000244140625,82.7699966430664,5138900.0
2015-11-24,82.6500015258789,82.91000366210938,82.56999969482422,82.87999725341797,9529200.0
2015-11-25,82.83999633789062,82.98999786376953,82.83999633789062,82.97000122070312,7132500.0
2015-11-27,83.0199966430664,83.1500015258789,82.94000244140625,83.0999984741211,2259900.0
2015-11-30,83.0999984741211,83.1500015258789,82.98999786376953,83.05000305175781,5356300.0
2015-12-01,82.8499984741211,83.27999877929688,82.80000305175781,83.23999786376953,9849200.0
2015-12-02,83.18000030517578,83.44000244140625,83.02999877929688,83.06999969482422,11871300.0
2015-12-03,82.91999816894531,83.12999725341797,82.72000122070312,82.8499984741211,15290200.0
2015-12-04,82.80000305175781,82.93000030517578,82.5,82.66000366210938,14027900.0
2015-12-07,82.33000183105469,82.5,82.0199966430664,82.08000183105469,11989900.0
2015-12-08,81.43000030517578,81.62000274658203,80.95999908447266,81.05999755859375,25199100.0
2015-12-09,81.05999755859375,81.69999694824219,81.05000305175781,81.4800033569336,16703900.0
2015-12-10,81.2699966430664,81.56999969482422,81.0,81.13999938964844,14206800.0
2015-12-11,80.54000091552734,80.54000091552734,78.62000274658203,79.5199966430664,54233300.0
2015-12-14,79.4000015258789,79.51000213623047,78.20999908447266,78.83000183105469,38540500.0
2015-12-15,79.80000305175781,80.44999694824219,79.76000213623047,80.12000274658203,36337800.0
2015-12-16,80.38999938964844,80.88999938964844,80.05999755859375,80.7300033569336,30575300.0
2015-12-17,80.69999694824219,80.80999755859375,79.80000305175781,79.83000183105469,17345300.0
2015-12-18,79.55999755859375,79.79000091552734,79.33999633789062,79.52999877929688,23548900.0
2015-12-21,79.69999694824219,79.9000015258789,79.06999969482422,79.27999877929688,14468700.0
2015-12-22,79.4000015258789,80.26000213623047,79.36000061035156,80.23999786376953,12569500.0
2015-12-23,80.51000213623047,80.88999938964844,80.41999816894531,80.75,12824900.0
2015-12-24,80.3499984741211,80.69999694824219,80.2699966430664,80.48999786376953,5284300.0
2015-12-28,80.23999786376953,80.25,79.87999725341797,80.01000213623047,7151600.0
2015-12-29,80.16000366210938,80.52999877929688,80.1500015258789,80.47000122070312,7485500.0
2015-12-30,80.37000274658203,80.63999938964844,80.18000030517578,80.52999877929688,13145300.0
2015-12-31,80.4800033569336,80.87999725341797,80.38999938964844,80.58000183105469,7935200.0
2016-01-04,80.01000213623047,80.16000366210938,79.66999816894531,80.0999984741211,14787700.0
2016-01-05,80.33999633789062,80.52999877929688,80.06999969482422,80.25,11491300.0
2016-01-06,79.93000030517578,80.33000183105469,79.93000030517578,80.25,11320100.0
2016-01-07,79.66999816894531,80.0,79.62000274658203,79.7300033569336,11004700.0
2016-01-08,80.04000091552734,80.22000122070312,79.5,79.5199966430664,17902100.0
2016-01-11,79.86000061035156,79.94999694824219,79.30999755859375,79.4000015258789,16917700.0
2016-01-12,79.88999938964844,79.94999694824219,79.30000305175781,79.4800033569336,15217700.0
2016-01-13,79.54000091552734,79.62000274658203,78.48999786376953,78.5999984741211,20352700.0
2016-01-14,78.66000366210938,79.04000091552734,78.27999877929688,78.94999694824219,18572700.0
2016-01-15,77.66999816894531,78.68000030517578,77.41999816894531,77.91000366210938,27309900.0
2016-01-19,77.94999694824219,78.12999725341797,77.38999938964844,77.63999938964844,15975700.0
2016-01-20,77.02999877929688,77.41999816894531,75.81999969482422,77.12000274658203,25973500.0
2016-01-21,77.12000274658203,77.95999908447266,76.80000305175781,77.63999938964844,20065800.0
2016-01-22,78.4000015258789,78.91999816894531,78.23999786376953,78.83000183105469,17653100.0
2016-01-25,78.58999633789062,78.73999786376953,78.02999877929688,78.05000305175781,16448400.0
2016-01-26,78.36000061035156,78.79000091552734,78.18000030517578,78.75,12010900.0
2016-01-27,78.72000122070312,79.08000183105469,78.37999725341797,78.62999725341797,14563000.0
2016-01-28,79.11000061035156,79.29000091552734,78.73999786376953,79.02999877929688,14622600.0
2016-01-29,79.19999694824219,79.44999694824219,79.12999725341797,79.29000091552734,14218700.0
2016-02-01,78.76000213623047,78.79000091552734,78.30999755859375,78.43000030517578,8865500.0
2016-02-02,78.05000305175781,78.22000122070312,77.83000183105469,77.87000274658203,15442100.0
2016-02-03,78.11000061035156,78.4000015258789,77.62999725341797,78.25,15465200.0
2016-02-04,78.22000122070312,78.38999938964844,77.93000030517578,78.0,8989700.0
2016-02-05,77.98999786376953,77.98999786376953,77.27999877929688,77.4000015258789,14632300.0
2016-02-08,76.7699966430664,76.80000305175781,76.27999877929688,76.5,15649900.0
2016-02-09,76.08999633789062,76.55999755859375,75.87000274658203,76.20999908447266,18685000.0
2016-02-10,76.41000366210938,76.7300033569336,75.94999694824219,76.0999984741211,13086000.0
2016-02-11,75.3499984741211,75.87000274658203,75.08999633789062,75.58999633789062,22158200.0
2016-02-12,75.86000061035156,76.79000091552734,75.7699966430664,76.72000122070312,17751500.0
2016-02-16,76.80999755859375,77.02999877929688,76.69000244140625,76.79000091552734,14106000.0
2016-02-17,77.18000030517578,77.58999633789062,77.11000061035156,77.41999816894531,16353000.0
2016-02-18,77.69999694824219,77.75,77.44000244140625,77.48999786376953,13247300.0
2016-02-19,77.1500015258789,77.68000030517578,77.05000305175781,77.63999938964844,12879900.0
2016-02-22,78.04000091552734,78.3499984741211,77.94999694824219,78.30999755859375,13826600.0
2016-02-23,78.05999755859375,78.27999877929688,77.73999786376953,78.1500015258789,16809700.0
2016-02-24,77.55999755859375,78.37000274658203,77.45999908447266,78.27999877929688,13622100.0
2016-02-25,78.33000183105469,78.7300033569336,78.05999755859375,78.69999694824219,10699100.0
2016-02-26,78.94999694824219,79.30000305175781,78.86000061035156,79.2300033569336,12060200.0
2016-02-29,79.27999877929688,80.12999725341797,79.26000213623047,80.08000183105469,23746800.0
2016-03-01,79.83000183105469,81.01000213623047,79.54000091552734,80.91999816894531,24023200.0
2016-03-02,80.5,80.61000061035156,80.22000122070312,80.37000274658203,14987400.0
2016-03-03,80.2699966430664,80.87000274658203,79.98999786376953,80.63999938964844,12018400.0
2016-03-04,80.77999877929688,81.23999786376953,80.5,80.87000274658203,18029900.0
2016-03-07,80.68000030517578,81.0,80.66999816894531,80.97000122070312,12656200.0
2016-03-08,80.79000091552734,80.8499984741211,80.36000061035156,80.4000015258789,17813700.0
2016-03-09,80.55000305175781,80.69999694824219,80.36000061035156,80.5999984741211,7699600.0
2016-03-10,81.05999755859375,81.19000244140625,80.55000305175781,81.16000366210938,18167000.0
2016-03-11,81.72000122070312,82.26000213623047,81.63999938964844,82.13999938964844,18662700.0
2016-03-14,81.87999725341797,82.05999755859375,81.52999877929688,81.91000366210938,12512400.0
2016-03-15,81.4000015258789,81.4800033569336,81.11000061035156,81.1500015258789,16442600.0
2016-03-16,80.93000030517578,81.98999786376953,80.81999969482422,81.69000244140625,21567100.0
2016-03-17,81.87999725341797,82.3499984741211,81.72000122070312,82.20999908447266,18423000.0
2016-03-18,82.30000305175781,82.61000061035156,82.27999877929688,82.4000015258789,12922000.0
2016-03-21,82.38999938964844,82.45999908447266,82.13999938964844,82.30999755859375,12653600.0
2016-03-22,82.13999938964844,82.25,81.9800033569336,82.08999633789062,8941200.0
2016-03-23,82.06999969482422,82.06999969482422,81.68000030517578,81.70999908447266,11354200.0
2016-03-24,81.12000274658203,81.48999786376953,81.08000183105469,81.3499984741211,13497800.0
2016-03-28,81.26000213623047,81.43000030517578,80.94000244140625,80.9800033569336,11298900.0
2016-03-29,80.73999786376953,81.31999969482422,80.68000030517578,81.29000091552734,11348400.0
2016-03-30,81.44000244140625,81.70999908447266,81.38999938964844,81.58000183105469,11796400.0
2016-03-31,81.48999786376953,81.9000015258789,81.4800033569336,81.69000244140625,9436700.0
2016-04-01,80.9800033569336,81.51000213623047,80.80000305175781,81.37000274658203,10822400.0
2016-04-04,81.26000213623047,81.51000213623047,81.08000183105469,81.16999816894531,9269700.0
2016-04-05,80.81999969482422,81.06999969482422,80.77999877929688,80.87000274658203,13254500.0
2016-04-06,81.01000213623047,81.62000274658203,80.9800033569336,81.55000305175781,13935000.0
2016-04-07,81.22000122070312,81.41000366210938,81.05999755859375,81.1500015258789,11306100.0
2016-04-08,81.58000183105469,81.63999938964844,81.41999816894531,81.5199966430664,7953000.0
2016-04-11,81.6500015258789,81.86000061035156,81.62000274658203,81.62999725341797,8126900.0
2016-04-12,81.7699966430664,82.13999938964844,81.72000122070312,82.11000061035156,11772800.0
2016-04-13,82.30999755859375,82.81999969482422,82.30999755859375,82.6500015258789,13596100.0
2016-04-14,82.6500015258789,82.7300033569336,82.5,82.62000274658203,10758400.0
2016-04-15,82.47000122070312,82.56999969482422,82.4000015258789,82.48999786376953,7857300.0
2016-04-18,82.16000366210938,82.97000122070312,82.12999725341797,82.95999908447266,9211400.0
2016-04-19,83.1500015258789,83.41000366210938,83.08000183105469,83.30999755859375,11623600.0
2016-04-20,83.37999725341797,83.69999694824219,83.22000122070312,83.47000122070312,10128800.0
2016-04-21,83.56999969482422,83.5999984741211,83.16999816894531,83.20999908447266,13349500.0
2016-04-22,83.27999877929688,83.44999694824219,83.20999908447266,83.4000015258789,10982300.0
2016-04-25,83.25,83.37000274658203,83.05000305175781,83.08000183105469,8972400.0
2016-04-26,83.29000091552734,83.37000274658203,83.16000366210938,83.36000061035156,8291000.0
2016-04-27,83.44000244140625,83.91000366210938,83.41000366210938,83.8499984741211,10505400.0
2016-04-28,83.83000183105469,84.04000091552734,83.6500015258789,83.70999908447266,9229000.0
2016-04-29,83.62999725341797,83.91000366210938,83.3499984741211,83.8499984741211,20284700.0
2016-05-02,83.37999725341797,83.52999877929688,83.29000091552734,83.5,11420700.0
2016-05-03,83.19999694824219,83.22000122070312,82.83999633789062,82.95999908447266,18449200.0
2016-05-04,82.80999755859375,82.86000061035156,82.61000061035156,82.6500015258789,17645200.0
2016-05-05,82.91000366210938,82.91999816894531,82.54000091552734,82.58000183105469,18782100.0
2016-05-06,82.2300033569336,82.70999908447266,82.20999908447266,82.52999877929688,16204400.0
2016-05-09,82.4000015258789,82.58999633789062,82.27999877929688,82.37999725341797,11622800.0
2016-05-10,82.43000030517578,83.0999984741211,82.43000030517578,83.08000183105469,11420700.0
2016-05-11,83.08000183105469,83.36000061035156,82.93000030517578,83.0199966430664,20692000.0
2016-05-12,83.23999786376953,83.23999786376953,82.95999908447266,83.1500015258789,11312400.0
2016-05-13,83.06999969482422,83.18000030517578,82.73999786376953,82.77999877929688,11332400.0
2016-05-16,82.93000030517578,83.27999877929688,82.87000274658203,83.23999786376953,12981700.0
2016-05-17,83.0999984741211,83.31999969482422,83.01000213623047,83.06999969482422,7489900.0
2016-05-18,83.0999984741211,83.33000183105469,82.8499984741211,83.08000183105469,16612500.0
2016-05-19,82.79000091552734,82.91000366210938,82.58999633789062,82.8499984741211,20290200.0
2016-05-20,82.86000061035156,83.16000366210938,82.86000061035156,83.13999938964844,10556700.0
2016-05-23,83.12000274658203,83.5999984741211,82.95999908447266,83.16000366210938,10457400.0
2016-05-24,83.37000274658203,83.66000366210938,83.30999755859375,83.66000366210938,10838400.0
2016-05-25,83.83000183105469,83.91999816894531,83.75,83.79000091552734,15119600.0
2016-05-26,83.94000244140625,83.94000244140625,83.54000091552734,83.55000305175781,12269000.0
2016-05-27,83.58999633789062,83.69000244140625,83.52999877929688,83.69000244140625,6225600.0
2016-05-31,83.75,83.87000274658203,83.5199966430664,83.61000061035156,11994100.0
2016-06-01,82.98999786376953,83.37999725341797,82.9000015258789,83.33999633789062,16488600.0
2016-06-02,83.19999694824219,83.41000366210938,83.11000061035156,83.36000061035156,12118900.0
2016-06-03,83.44000244140625,83.55999755859375,83.2300033569336,83.51000213623047,13093000.0
2016-06-06,83.77999877929688,83.93000030517578,83.62000274658203,83.87999725341797,16126200.0
2016-06-07,83.9800033569336,84.3499984741211,83.93000030517578,84.25,18423500.0
2016-06-08,84.36000061035156,84.5999984741211,84.3499984741211,84.56999969482422,14652800.0
2016-06-09,84.56999969482422,84.56999969482422,84.13999938964844,84.23999786376953,11188300.0
2016-06-10,83.9000015258789,84.0199966430664,83.66000366210938,83.83000183105469,15259900.0
2016-06-13,83.5,83.80999755859375,83.2699966430664,83.2699966430664,17257900.0
2016-06-14,83.12999725341797,83.23999786376953,82.7699966430664,82.98999786376953,20578800.0
2016-06-15,83.26000213623047,83.37999725341797,82.97000122070312,83.02999877929688,14202800.0
2016-06-16,82.8499984741211,83.1500015258789,82.44999694824219,83.08000183105469,19195500.0
2016-06-17,83.08999633789062,83.33000183105469,83.05999755859375,83.12999725341797,16113800.0
2016-06-20,83.7300033569336,83.97000122070312,83.52999877929688,83.62000274658203,13368400.0
2016-06-21,83.7699966430664,83.9800033569336,83.62999725341797,83.94000244140625,12141800.0
2016-06-22,83.98999786376953,84.12000274658203,83.88999938964844,84.0199966430664,10759500.0
2016-06-23,84.38999938964844,84.63999938964844,84.31999969482422,84.63999938964844,9920200.0
2016-06-24,82.98999786376953,84.19999694824219,82.9000015258789,83.25,31416700.0
2016-06-27,83.0,83.05999755859375,82.01000213623047,82.05000305175781,27244200.0
2016-06-28,82.83000183105469,83.11000061035156,82.69000244140625,83.08000183105469,13910300.0
2016-06-29,83.58000183105469,84.30000305175781,83.54000091552734,84.12999725341797,23604300.0
2016-06-30,84.05999755859375,84.80000305175781,83.94000244140625,84.69999694824219,26304600.0
2016-07-01,84.30000305175781,84.69999694824219,84.25,84.47000122070312,16343000.0
2016-07-05,84.30000305175781,84.30000305175781,83.8499984741211,83.98999786376953,12078200.0
2016-07-06,83.87999725341797,84.37000274658203,83.75,84.36000061035156,9607000.0
2016-07-07,84.37999725341797,84.5999984741211,84.25,84.47000122070312,13058100.0
2016-07-08,84.81999969482422,85.63999938964844,84.79000091552734,85.58999633789062,21395600.0
2016-07-11,85.63999938964844,85.91999816894531,85.5999984741211,85.63999938964844,18313500.0
2016-07-12,86.05999755859375,86.31999969482422,85.86000061035156,85.87999725341797,16074300.0
2016-07-13,85.87000274658203,85.9000015258789,85.51000213623047,85.62999725341797,13040300.0
2016-07-14,85.9000015258789,85.91000366210938,85.5999984741211,85.80000305175781,7764400.0
2016-07-15,85.8499984741211,85.94000244140625,85.5999984741211,85.62999725341797,9163800.0
2016-07-18,85.68000030517578,85.94000244140625,85.62999725341797,85.91999816894531,7447200.0
2016-07-19,85.7300033569336,85.87000274658203,85.54000091552734,85.69000244140625,7349700.0
2016-07-20,85.80999755859375,85.98999786376953,85.6500015258789,85.91000366210938,7247500.0
2016-07-21,85.77999877929688,86.08000183105469,85.73999786376953,85.79000091552734,11265000.0
2016-07-22,85.80999755859375,86.26000213623047,85.7300033569336,86.16999816894531,10523500.0
2016-07-25,86.08999633789062,86.08999633789062,85.68000030517578,85.76000213623047,14768400.0
2016-07-26,85.69999694824219,85.75,85.37999725341797,85.43000030517578,14292600.0
2016-07-27,85.58000183105469,85.72000122070312,85.33999633789062,85.69000244140625,11730800.0
2016-07-28,85.51000213623047,85.51000213623047,85.23999786376953,85.33000183105469,17968100.0
2016-07-29,85.18000030517578,85.43000030517578,84.98999786376953,85.41000366210938,15202400.0
2016-08-01,84.97000122070312,84.9800033569336,84.4800033569336,84.55000305175781,18335300.0
2016-08-02,84.5199966430664,84.61000061035156,84.29000091552734,84.43000030517578,21959800.0
2016-08-03,84.5,84.88999938964844,84.44999694824219,84.80999755859375,13733700.0
2016-08-04,85.12000274658203,85.45999908447266,85.0,85.3499984741211,11832000.0
2016-08-05,85.62999725341797,85.77999877929688,85.51000213623047,85.54000091552734,12314900.0
2016-08-08,85.69999694824219,85.93000030517578,85.5999984741211,85.88999938964844,10800900.0
2016-08-09,85.94000244140625,86.25,85.91999816894531,86.19000244140625,13772300.0
2016-08-10,86.20999908447266,86.25,86.0,86.02999877929688,7250400.0
2016-08-11,86.16999816894531,86.36000061035156,86.0999984741211,86.23999786376953,6732600.0
2016-08-12,86.19000244140625,86.33000183105469,86.12000274658203,86.30999755859375,3996500.0
2016-08-15,86.48999786376953,86.62000274658203,86.33000183105469,86.56999969482422,9396400.0
2016-08-16,86.5999984741211,86.5999984741211,86.3499984741211,86.38999938964844,8104400.0
2016-08-17,86.44999694824219,86.55000305175781,86.31999969482422,86.51000213623047,14139600.0
2016-08-18,86.58000183105469,86.8499984741211,86.5199966430664,86.8499984741211,8582700.0
2016-08-19,86.73999786376953,86.80999755859375,86.55000305175781,86.58999633789062,7474000.0
2016-08-22,86.5,86.55999755859375,86.30999755859375,86.44999694824219,5364700.0
2016-08-23,86.66999816894531,86.81999969482422,86.58999633789062,86.73999786376953,7476400.0
2016-08-24,86.7300033569336,86.77999877929688,86.48999786376953,86.5,6655300.0
2016-08-25,86.55000305175781,86.7699966430664,86.52999877929688,86.66000366210938,7482800.0
2016-08-26,86.61000061035156,87.0199966430664,86.41000366210938,86.55999755859375,10544900.0
2016-08-29,86.69000244140625,87.04000091552734,86.66000366210938,86.98999786376953,10038500.0
2016-08-30,86.98999786376953,87.13999938964844,86.79000091552734,87.04000091552734,16157400.0
2016-08-31,86.97000122070312,87.02999877929688,86.62000274658203,86.69999694824219,16985000.0
2016-09-01,86.4000015258789,86.52999877929688,86.12000274658203,86.5,14952700.0
2016-09-02,86.76000213623047,87.02999877929688,86.62000274658203,86.9000015258789,13540100.0
2016-09-06,86.87000274658203,87.01000213623047,86.8499984741211,87.0,12662000.0
2016-09-07,86.94999694824219,87.01000213623047,86.69999694824219,86.76000213623047,8245100.0
2016-09-08,86.7699966430664,86.81999969482422,86.58999633789062,86.5999984741211,8430700.0
2016-09-09,86.3499984741211,86.55999755859375,85.73999786376953,85.7699966430664,25087600.0
2016-09-12,85.5999984741211,86.2300033569336,85.55000305175781,86.06999969482422,17718300.0
2016-09-13,85.86000061035156,85.97000122070312,85.2699966430664,85.41000366210938,21907200.0
2016-09-14,85.52999877929688,85.80999755859375,85.29000091552734,85.38999938964844,14257700.0
2016-09-15,85.5,85.93000030517578,85.44000244140625,85.88999938964844,9964800.0
2016-09-16,85.77999877929688,85.93000030517578,85.58000183105469,85.91000366210938,8396600.0
2016-09-19,85.97000122070312,86.06999969482422,85.81999969482422,85.95999908447266,9855500.0
2016-09-20,86.0,86.0999984741211,85.72000122070312,85.86000061035156,8705600.0
2016-09-21,85.91000366210938,86.62000274658203,85.87999725341797,86.56999969482422,17484300.0
2016-09-22,86.86000061035156,87.12999725341797,86.70999908447266,86.86000061035156,11813600.0
2016-09-23,86.80000305175781,86.97000122070312,86.69999694824219,86.76000213623047,13122600.0
2016-09-26,86.56999969482422,86.68000030517578,86.30999755859375,86.37999725341797,6590500.0
2016-09-27,86.26000213623047,86.63999938964844,86.12999725341797,86.62999725341797,8516500.0
2016-09-28,86.77999877929688,87.2300033569336,86.47000122070312,87.20999908447266,11149300.0
2016-09-29,87.16999816894531,87.19000244140625,86.55999755859375,86.87999725341797,13425800.0
2016-09-30,87.0,87.29000091552734,86.9800033569336,87.26000213623047,12158000.0
2016-10-03,86.81999969482422,86.91000366210938,86.6500015258789,86.81999969482422,10708800.0
2016-10-04,86.94000244140625,87.0,86.55999755859375,86.66999816894531,11057500.0
2016-10-05,86.97000122070312,86.98999786376953,86.76000213623047,86.9000015258789,9424500.0
2016-10-06,86.97000122070312,86.98999786376953,86.7300033569336,86.94999694824219,9455200.0
2016-10-07,86.98999786376953,87.19000244140625,86.73999786376953,87.1500015258789,10824200.0
2016-10-10,87.20999908447266,87.5,87.1500015258789,87.4000015258789,4182300.0
2016-10-11,87.2699966430664,87.27999877929688,86.7699966430664,86.91000366210938,8855400.0
2016-10-12,86.87000274658203,87.02999877929688,86.7300033569336,86.87999725341797,7915300.0
2016-10-13,86.61000061035156,86.7699966430664,86.43000030517578,86.66000366210938,10614800.0
2016-10-14,86.91000366210938,86.9800033569336,86.73999786376953,86.86000061035156,6766300.0
2016-10-17,86.83999633789062,86.98999786376953,86.70999908447266,86.73999786376953,7790000.0
2016-10-18,87.05000305175781,87.12000274658203,86.81999969482422,87.08999633789062,8404600.0
2016-10-19,87.16000366210938,87.38999938964844,87.13999938964844,87.33999633789062,9874300.0
2016-10-20,87.33999633789062,87.41000366210938,87.18000030517578,87.3499984741211,12558000.0
2016-10-21,87.18000030517578,87.44999694824219,87.06999969482422,87.37000274658203,8332900.0
2016-10-24,87.4800033569336,87.55999755859375,87.27999877929688,87.41999816894531,7200800.0
2016-10-25,87.33000183105469,87.41999816894531,87.2300033569336,87.37000274658203,6906500.0
2016-10-26,87.1500015258789,87.3499984741211,86.98999786376953,87.0199966430664,13813300.0
2016-10-27,87.08999633789062,87.12999725341797,86.55000305175781,86.69999694824219,19333100.0
2016-10-28,86.5999984741211,86.66000366210938,86.20999908447266,86.27999877929688,19745600.0
2016-10-31,86.26000213623047,86.30999755859375,85.93000030517578,86.0199966430664,21174600.0
2016-11-01,85.68000030517578,85.68000030517578,84.97000122070312,85.30000305175781,26184000.0
2016-11-02,85.16000366210938,85.23999786376953,84.81999969482422,84.91999816894531,19593600.0
2016-11-03,85.0999984741211,85.2300033569336,84.87000274658203,84.94000244140625,12699700.0
2016-11-04,85.08999633789062,85.25,84.91000366210938,84.9800033569336,10970400.0
2016-11-07,85.75,86.22000122070312,85.69000244140625,86.16999816894531,14416200.0
2016-11-08,85.7699966430664,86.12999725341797,85.73999786376953,85.9800033569336,20370600.0
2016-11-09,85.44999694824219,86.0,85.30000305175781,85.37999725341797,24858900.0
2016-11-10,85.19999694824219,85.19999694824219,84.20999908447266,84.26000213623047,33213300.0
2016-11-11,83.98999786376953,84.19999694824219,83.25,83.47000122070312,16442900.0
2016-11-14,83.25,84.19000244140625,83.23999786376953,84.08999633789062,21036000.0
2016-11-15,84.5199966430664,85.30999755859375,84.5199966430664,85.19999694824219,17888600.0
2016-11-16,84.83999633789062,85.0,84.7300033569336,84.86000061035156,11965700.0
2016-11-17,84.8499984741211,85.08999633789062,84.62999725341797,84.62999725341797,12017600.0
2016-11-18,84.80999755859375,84.94000244140625,84.4800033569336,84.62999725341797,17781800.0
2016-11-21,84.8499984741211,85.3499984741211,84.83999633789062,85.30999755859375,11581600.0
2016-11-22,85.44999694824219,86.02999877929688,85.41999816894531,85.94000244140625,16648100.0
2016-11-23,85.29000091552734,85.69000244140625,85.27999877929688,85.62000274658203,10662900.0
2016-11-25,85.66999816894531,85.76000213623047,85.5999984741211,85.7300033569336,2009600.0
2016-11-28,85.62000274658203,86.0,85.47000122070312,85.72000122070312,16897400.0
2016-11-29,85.5,85.69999694824219,85.43000030517578,85.61000061035156,9164000.0
2016-11-30,85.69999694824219,85.80000305175781,85.43000030517578,85.6500015258789,15211300.0
2016-12-01,85.27999877929688,85.31999969482422,84.87000274658203,84.87000274658203,18249400.0
2016-12-02,85.06999969482422,85.38999938964844,84.9800033569336,85.37999725341797,9360400.0
2016-12-05,85.41999816894531,85.66999816894531,85.37999725341797,85.5999984741211,9782100.0
2016-12-06,85.7300033569336,86.05999755859375,85.6500015258789,86.02999877929688,16090600.0
2016-12-07,86.13999938964844,86.5999984741211,86.06999969482422,86.45999908447266,20886400.0
2016-12-08,86.37000274658203,86.5,86.12999725341797,86.44999694824219,10782100.0
2016-12-09,86.41000366210938,86.62000274658203,86.36000061035156,86.48999786376953,6463400.0
2016-12-12,86.6500015258789,86.68000030517578,86.27999877929688,86.37000274658203,8457100.0
2016-12-13,86.69000244140625,86.83999633789062,86.55999755859375,86.58000183105469,10739200.0
2016-12-14,86.58000183105469,86.83999633789062,85.8499984741211,85.93000030517578,15672400.0
2016-12-15,85.79000091552734,86.13999938964844,85.75,85.97000122070312,11221700.0
2016-12-16,86.20999908447266,86.26000213623047,86.02999877929688,86.05000305175781,15722200.0
2016-12-19,86.12000274658203,86.37999725341797,86.0999984741211,86.2699966430664,5897900.0
2016-12-20,86.30000305175781,86.4800033569336,86.19000244140625,86.38999938964844,11072400.0
2016-12-21,86.3499984741211,86.62000274658203,86.33000183105469,86.54000091552734,17461400.0
2016-12-22,86.2699966430664,86.44000244140625,86.16999816894531,86.44000244140625,8507600.0
2016-12-23,86.47000122070312,86.61000061035156,86.41000366210938,86.5999984741211,4230500.0
2016-12-27,86.48999786376953,86.66000366210938,86.44999694824219,86.5199966430664,5840600.0
2016-12-28,86.63999938964844,86.63999938964844,86.36000061035156,86.4000015258789,6961200.0
2016-12-29,86.47000122070312,86.55000305175781,86.37999725341797,86.5199966430664,3794300.0
2016-12-30,86.58000183105469,86.69999694824219,86.37999725341797,86.55000305175781,7513400.0
2017-01-03,86.87999725341797,86.94999694824219,86.69999694824219,86.91000366210938,14050100.0
2017-01-04,87.0,87.38999938964844,87.0,87.37999725341797,11912400.0
2017-01-05,87.26000213623047,87.41999816894531,87.19999694824219,87.25,10458600.0
2017-01-06,87.16000366210938,87.27999877929688,87.04000091552734,87.2300033569336,6836400.0
2017-01-09,87.20999908447266,87.27999877929688,87.05000305175781,87.20999908447266,6648800.0
2017-01-10,87.30999755859375,87.43000030517578,87.18000030517578,87.22000122070312,11777000.0
2017-01-11,87.25,87.31999969482422,87.11000061035156,87.2699966430664,11914200.0
2017-01-12,87.25,87.30000305175781,87.12999725341797,87.29000091552734,12512300.0
2017-01-13,87.26000213623047,87.4000015258789,87.0999984741211,87.31999969482422,8861000.0
2017-01-17,87.26000213623047,87.29000091552734,87.1500015258789,87.2300033569336,8633000.0
2017-01-18,87.19999694824219,87.30999755859375,87.0999984741211,87.30999755859375,12715500.0
2017-01-19,87.25,87.30000305175781,86.94000244140625,87.02999877929688,10703200.0
2017-01-20,87.05999755859375,87.22000122070312,86.97000122070312,87.19999694824219,9262000.0
2017-01-23,87.12999725341797,87.22000122070312,87.04000091552734,87.19999694824219,13561300.0
2017-01-24,87.1500015258789,87.31999969482422,87.11000061035156,87.26000213623047,7490500.0
2017-01-25,87.4000015258789,87.56999969482422,87.33999633789062,87.56999969482422,8953900.0
2017-01-26,87.5,87.58999633789062,87.41000366210938,87.52999877929688,7443900.0
2017-01-27,87.45999908447266,87.69000244140625,87.44999694824219,87.61000061035156,7888100.0
2017-01-30,87.4800033569336,87.54000091552734,87.30999755859375,87.43000030517578,7637600.0
2017-01-31,87.38999938964844,87.41999816894531,87.18000030517578,87.33999633789062,12249400.0
2017-02-01,87.19999694824219,87.33000183105469,86.94999694824219,87.27999877929688,12489400.0
2017-02-02,87.2699966430664,87.37000274658203,87.13999938964844,87.33000183105469,10886200.0
2017-02-03,87.5199966430664,87.58000183105469,87.43000030517578,87.4800033569336,12674000.0
2017-02-06,87.5,87.52999877929688,87.3499984741211,87.41999816894531,7004900.0
2017-02-07,87.5199966430664,87.5199966430664,87.27999877929688,87.29000091552734,11170100.0
2017-02-08,87.29000091552734,87.36000061035156,87.12000274658203,87.3499984741211,11107300.0
2017-02-09,87.3499984741211,87.54000091552734,87.3499984741211,87.47000122070312,7292600.0
2017-02-10,87.5199966430664,87.55000305175781,87.4000015258789,87.52999877929688,5471800.0
2017-02-13,87.5999984741211,87.72000122070312,87.58999633789062,87.66000366210938,7477200.0
2017-02-14,87.6500015258789,87.76000213623047,87.47000122070312,87.72000122070312,8785000.0
2017-02-15,87.62999725341797,87.7699966430664,87.56999969482422,87.75,10582800.0
2017-02-16,87.66000366210938,88.08000183105469,87.51000213623047,87.68000030517578,8917800.0
2017-02-17,87.58999633789062,87.79000091552734,87.51000213623047,87.7699966430664,6247300.0
2017-02-21,87.7699966430664,88.05999755859375,87.7699966430664,88.05999755859375,10437800.0
2017-02-22,88.01000213623047,88.12000274658203,87.94000244140625,88.0999984741211,10963600.0
2017-02-23,88.29000091552734,88.30000305175781,88.08000183105469,88.18000030517578,8150200.0
2017-02-24,88.11000061035156,88.37000274658203,88.05999755859375,88.25,8390200.0
2017-02-27,88.25,88.36000061035156,88.19000244140625,88.36000061035156,5693300.0
2017-02-28,88.30000305175781,88.37000274658203,88.23999786376953,88.29000091552734,5868400.0
2017-03-01,88.18000030517578,88.30999755859375,88.18000030517578,88.2300033569336,10612100.0
2017-03-02,88.25,88.25,87.94999694824219,87.94999694824219,9193000.0
2017-03-03,88.0199966430664,88.08999633789062,87.81999969482422,87.98999786376953,15059300.0
2017-03-06,87.8499984741211,87.88999938964844,87.69000244140625,87.70999908447266,17066300.0
2017-03-07,87.52999877929688,87.5999984741211,87.12000274658203,87.13999938964844,17023100.0
2017-03-08,86.93000030517578,87.06999969482422,86.55000305175781,86.55999755859375,22433500.0
2017-03-09,86.37999725341797,86.72000122070312,86.19999694824219,86.33000183105469,21260700.0
2017-03-10,86.87999725341797,86.87999725341797,86.08000183105469,86.30000305175781,20643900.0
2017-03-13,86.37999725341797,86.4800033569336,86.12000274658203,86.37000274658203,13512300.0
2017-03-14,86.12000274658203,86.20999908447266,85.98999786376953,86.11000061035156,12808500.0
2017-03-15,86.4000015258789,87.30000305175781,86.31999969482422,87.30000305175781,19654600.0
2017-03-16,87.5,87.52999877929688,87.02999877929688,87.05000305175781,15807500.0
2017-03-17,87.25,87.25,87.04000091552734,87.08000183105469,9984500.0
2017-03-20,87.06999969482422,87.06999969482422,86.91000366210938,86.91000366210938,12220600.0
2017-03-21,87.08000183105469,87.16999816894531,86.27999877929688,86.29000091552734,16918200.0
2017-03-22,86.23999786376953,86.56999969482422,86.0199966430664,86.5,14054600.0
2017-03-23,86.43000030517578,86.75,86.37000274658203,86.52999877929688,10618900.0
2017-03-24,86.5999984741211,86.86000061035156,86.5999984741211,86.83000183105469,8920800.0
2017-03-27,86.5199966430664,86.77999877929688,86.4000015258789,86.73999786376953,7788700.0
2017-03-28,86.69999694824219,87.25,86.69999694824219,87.22000122070312,16871700.0
2017-03-29,87.27999877929688,87.55000305175781,87.22000122070312,87.4000015258789,12266300.0
2017-03-30,87.5999984741211,87.83000183105469,87.47000122070312,87.80999755859375,16367900.0
2017-03-31,87.7300033569336,87.9000015258789,87.69000244140625,87.77999877929688,11778400.0
2017-04-03,87.45999908447266,87.47000122070312,87.2300033569336,87.36000061035156,20664400.0
2017-04-04,87.37000274658203,87.48999786376953,87.29000091552734,87.38999938964844,8473900.0
2017-04-05,87.52999877929688,87.70999908447266,87.2699966430664,87.31999969482422,11102300.0
2017-04-06,87.4000015258789,87.5199966430664,87.30000305175781,87.43000030517578,7234500.0
2017-04-07,87.55000305175781,87.62000274658203,87.38999938964844,87.38999938964844,5457800.0
2017-04-10,87.52999877929688,87.62000274658203,87.44999694824219,87.51000213623047,7996900.0
2017-04-11,87.56999969482422,87.56999969482422,87.23999786376953,87.33999633789062,8005800.0
2017-04-12,87.4000015258789,87.5999984741211,87.31999969482422,87.4000015258789,8723800.0
2017-04-13,87.37000274658203,87.48999786376953,87.16000366210938,87.22000122070312,10446700.0
2017-04-17,87.33000183105469,87.5,87.2300033569336,87.4800033569336,7158700.0
2017-04-18,87.47000122070312,87.55999755859375,87.2300033569336,87.45999908447266,9062800.0
2017-04-19,87.51000213623047,87.69999694824219,87.33000183105469,87.37999725341797,8643200.0
2017-04-20,87.4800033569336,87.69000244140625,87.44000244140625,87.66999816894531,7766000.0
2017-04-21,87.63999938964844,87.70999908447266,87.48999786376953,87.5999984741211,11328200.0
2017-04-24,87.95999908447266,88.0199966430664,87.87999725341797,88.01000213623047,8904700.0
2017-04-25,88.06999969482422,88.19999694824219,88.02999877929688,88.16999816894531,12493400.0
2017-04-26,88.08999633789062,88.2300033569336,88.06999969482422,88.08999633789062,7269000.0
2017-04-27,88.08999633789062,88.16000366210938,88.01000213623047,88.1500015258789,6897900.0
2017-04-28,88.16000366210938,88.23999786376953,88.06999969482422,88.12000274658203,7542800.0
2017-05-01,87.75,87.8499984741211,87.69999694824219,87.79000091552734,10336000.0
2017-05-02,87.88999938964844,87.9000015258789,87.76000213623047,87.81999969482422,10792800.0
2017-05-03,87.88999938964844,87.94999694824219,87.80000305175781,87.9000015258789,7413400.0
2017-05-04,87.83999633789062,87.83999633789062,87.3499984741211,87.43000030517578,20562500.0
2017-05-05,87.43000030517578,87.66000366210938,87.37999725341797,87.58000183105469,14935200.0
2017-05-08,87.61000061035156,87.7300033569336,87.54000091552734,87.68000030517578,8199200.0
2017-05-09,87.80000305175781,87.8499984741211,87.61000061035156,87.62000274658203,10810000.0
2017-05-10,87.8499984741211,88.04000091552734,87.7300033569336,88.0,10824900.0
2017-05-11,87.94000244140625,88.04000091552734,87.83000183105469,88.01000213623047,8461400.0
2017-05-12,88.05999755859375,88.06999969482422,87.91000366210938,87.9800033569336,8929900.0
2017-05-15,88.12000274658203,88.25,88.11000061035156,88.18000030517578,10690200.0
2017-05-16,88.2699966430664,88.3499984741211,88.18000030517578,88.30999755859375,12638900.0
2017-05-17,88.0199966430664,88.0999984741211,87.87000274658203,87.91999816894531,14055700.0
2017-05-18,87.66000366210938,88.16000366210938,87.62999725341797,88.0199966430664,10731800.0
2017-05-19,88.16999816894531,88.30999755859375,88.12999725341797,88.18000030517578,15998800.0
2017-05-22,88.36000061035156,88.44999694824219,88.2699966430664,88.44999694824219,7181800.0
2017-05-23,88.48999786376953,88.48999786376953,88.3499984741211,88.44000244140625,6998400.0
2017-05-24,88.5,88.61000061035156,88.4000015258789,88.58999633789062,8533600.0
2017-05-25,88.58999633789062,88.75,88.48999786376953,88.5199966430664,7985500.0
2017-05-26,88.5,88.58999633789062,88.5,88.56999969482422,2909500.0
2017-05-30,88.55999755859375,88.69999694824219,88.5199966430664,88.66000366210938,5371100.0
2017-05-31,88.66999816894531,88.69999694824219,88.52999877929688,88.6500015258789,13758400.0
2017-06-01,88.36000061035156,88.5999984741211,88.29000091552734,88.52999877929688,19189300.0
2017-06-02,88.55000305175781,88.66000366210938,88.5,88.58000183105469,9491600.0
2017-06-05,88.55000305175781,88.63999938964844,88.45999908447266,88.5,10384400.0
2017-06-06,88.4800033569336,88.51000213623047,88.30999755859375,88.36000061035156,14386500.0
2017-06-07,88.44000244140625,88.44000244140625,88.06999969482422,88.18000030517578,13329000.0
2017-06-08,88.19999694824219,88.33999633789062,88.02999877929688,88.25,14208300.0
2017-06-09,88.33999633789062,88.44999694824219,88.19999694824219,88.31999969482422,10414900.0
2017-06-12,88.3499984741211,88.54000091552734,88.29000091552734,88.47000122070312,9900000.0
2017-06-13,88.51000213623047,88.63999938964844,88.5,88.62999725341797,8640400.0
2017-06-14,88.73999786376953,88.75,88.5199966430664,88.63999938964844,8850700.0
2017-06-15,88.41999816894531,88.44999694824219,88.12000274658203,88.30000305175781,10860500.0
2017-06-16,88.37999725341797,88.37999725341797,88.12999725341797,88.1500015258789,11996100.0
2017-06-19,88.31999969482422,88.44999694824219,88.29000091552734,88.41999816894531,6398400.0
2017-06-20,88.1500015258789,88.22000122070312,88.0999984741211,88.11000061035156,18318500.0
2017-06-21,88.12000274658203,88.16000366210938,87.5199966430664,87.5999984741211,26728100.0
2017-06-22,87.69000244140625,87.87999725341797,87.62999725341797,87.83999633789062,18699400.0
2017-06-23,87.87999725341797,88.22000122070312,87.87000274658203,88.19999694824219,11337700.0
2017-06-26,88.18000030517578,88.36000061035156,88.1500015258789,88.31999969482422,9504500.0
2017-06-27,88.31999969482422,88.33999633789062,87.9800033569336,88.04000091552734,15293300.0
2017-06-28,88.20999908447266,88.44000244140625,88.11000061035156,88.4000015258789,9755500.0
2017-06-29,88.26000213623047,88.38999938964844,88.05999755859375,88.18000030517578,14548400.0
2017-06-30,88.30000305175781,88.4800033569336,88.20999908447266,88.38999938964844,8202000.0
2017-07-03,88.01000213623047,88.25,87.87999725341797,87.97000122070312,13882000.0
2017-07-05,88.02999877929688,88.11000061035156,87.83999633789062,87.9000015258789,16269100.0
2017-07-06,87.87000274658203,87.88999938964844,87.54000091552734,87.68000030517578,15424700.0
2017-07-07,87.61000061035156,87.70999908447266,87.44999694824219,87.5999984741211,15731200.0
2017-07-10,87.5999984741211,87.73999786376953,87.56999969482422,87.69999694824219,12286600.0
2017-07-11,87.69999694824219,87.72000122070312,87.5199966430664,87.63999938964844,9261400.0
2017-07-12,87.98999786376953,88.20999908447266,87.87000274658203,88.20999908447266,17979900.0
2017-07-13,88.22000122070312,88.31999969482422,88.12999725341797,88.27999877929688,11744600.0
2017-07-14,88.33999633789062,88.56999969482422,88.25,88.52999877929688,12626700.0
2017-07-17,88.55000305175781,88.58999633789062,88.4800033569336,88.55999755859375,10158100.0
2017-07-18,88.54000091552734,88.63999938964844,88.47000122070312,88.5999984741211,9221100.0
2017-07-19,88.69000244140625,88.83000183105469,88.62999725341797,88.75,8250900.0
2017-07-20,88.83999633789062,88.8499984741211,88.66999816894531,88.80000305175781,11827800.0
2017-07-21,88.77999877929688,88.79000091552734,88.6500015258789,88.7300033569336,8771700.0
2017-07-24,88.70999908447266,88.80000305175781,88.6500015258789,88.80000305175781,4707500.0
2017-07-25,88.87000274658203,88.91000366210938,88.79000091552734,88.83999633789062,7292900.0
2017-07-26,88.97000122070312,89.04000091552734,88.86000061035156,88.97000122070312,7279800.0
2017-07-27,88.95999908447266,89.0,88.80999755859375,88.9000015258789,11624500.0
2017-07-28,88.8499984741211,88.91000366210938,88.7699966430664,88.91000366210938,4945300.0
2017-07-31,88.80000305175781,88.98999786376953,88.79000091552734,88.91000366210938,9779900.0
2017-08-01,88.61000061035156,88.68000030517578,88.56999969482422,88.62999725341797,14946800.0
2017-08-02,88.62999725341797,88.72000122070312,88.58999633789062,88.6500015258789,7422700.0
2017-08-03,88.56999969482422,88.66000366210938,88.41999816894531,88.4800033569336,9548300.0
2017-08-04,88.4800033569336,88.5199966430664,88.41000366210938,88.5,6451600.0
2017-08-07,88.5,88.5,88.4000015258789,88.45999908447266,5204700.0
2017-08-08,88.41999816894531,88.5,87.98999786376953,88.08000183105469,18534700.0
2017-08-09,87.9000015258789,87.9800033569336,87.68000030517578,87.73999786376953,15001700.0
2017-08-10,87.55999755859375,87.63999938964844,87.11000061035156,87.18000030517578,24749700.0
2017-08-11,87.37000274658203,87.45999908447266,87.26000213623047,87.33000183105469,17434300.0
2017-08-14,87.58999633789062,87.94000244140625,87.58999633789062,87.79000091552734,12566000.0
2017-08-15,87.80000305175781,87.88999938964844,87.7300033569336,87.81999969482422,6830500.0
2017-08-16,87.88999938964844,87.97000122070312,87.80000305175781,87.83000183105469,11716100.0
2017-08-17,87.72000122070312,87.80000305175781,87.29000091552734,87.33999633789062,14112300.0
2017-08-18,87.48999786376953,87.69000244140625,87.29000091552734,87.47000122070312,14324400.0
2017-08-21,87.58000183105469,87.61000061035156,87.44999694824219,87.55999755859375,7763400.0
2017-08-22,87.63999938964844,88.0,87.58999633789062,87.91999816894531,12982200.0
2017-08-23,87.7699966430664,87.97000122070312,87.70999908447266,87.93000030517578,6449500.0
2017-08-24,87.97000122070312,88.06999969482422,87.87999725341797,88.05999755859375,8480100.0
2017-08-25,88.04000091552734,88.25,88.01000213623047,88.22000122070312,6622800.0
2017-08-28,88.2699966430664,88.2699966430664,88.13999938964844,88.2300033569336,5161700.0
2017-08-29,88.01000213623047,88.1500015258789,87.98999786376953,88.12000274658203,8991600.0
2017-08-30,88.1500015258789,88.4000015258789,88.13999938964844,88.36000061035156,13431100.0
2017-08-31,88.41999816894531,88.61000061035156,88.41999816894531,88.5999984741211,12705200.0
2017-09-01,88.1500015258789,88.3499984741211,88.1500015258789,88.31999969482422,10535700.0
2017-09-05,88.26000213623047,88.26000213623047,87.95999908447266,88.12000274658203,9560500.0
2017-09-06,88.2300033569336,88.27999877929688,88.04000091552734,88.05999755859375,9023300.0
2017-09-07,88.19999694824219,88.19999694824219,88.05999755859375,88.06999969482422,8784000.0
2017-09-08,88.05999755859375,88.05999755859375,87.79000091552734,87.79000091552734,7688700.0
2017-09-11,87.94000244140625,88.19000244140625,87.8499984741211,88.06999969482422,8047600.0
2017-09-12,88.11000061035156,88.19000244140625,88.05000305175781,88.18000030517578,4752800.0
2017-09-13,88.0999984741211,88.2300033569336,88.05000305175781,88.20999908447266,11725900.0
2017-09-14,88.16999816894531,88.37000274658203,88.16000366210938,88.33000183105469,9554600.0
2017-09-15,88.27999877929688,88.43000030517578,88.23999786376953,88.41000366210938,8248000.0
2017-09-18,88.37999725341797,88.41999816894531,88.31999969482422,88.37000274658203,7442200.0
2017-09-19,88.4000015258789,88.47000122070312,88.31999969482422,88.45999908447266,7208300.0
2017-09-20,88.4800033569336,88.52999877929688,88.31999969482422,88.44999694824219,10087200.0
2017-09-21,88.4800033569336,88.48999786376953,88.31999969482422,88.33999633789062,6932300.0
2017-09-22,88.33000183105469,88.43000030517578,88.30000305175781,88.43000030517578,7570500.0
2017-09-25,88.4000015258789,88.5,88.36000061035156,88.4800033569336,4326200.0
2017-09-26,88.55999755859375,88.68000030517578,88.54000091552734,88.58999633789062,8816500.0
2017-09-27,88.58999633789062,88.66000366210938,88.48999786376953,88.62999725341797,7490100.0
2017-09-28,88.62999725341797,88.66999816894531,88.58000183105469,88.62999725341797,5934000.0
2017-09-29,88.69999694824219,88.76000213623047,88.5999984741211,88.76000213623047,8906900.0
2017-10-02,88.26000213623047,88.4000015258789,88.23999786376953,88.3499984741211,13097600.0
2017-10-03,88.3499984741211,88.5199966430664,88.3499984741211,88.51000213623047,5928800.0
2017-10-04,88.4800033569336,88.51000213623047,88.37000274658203,88.41999816894531,5832400.0
2017-10-05,88.41000366210938,88.52999877929688,88.41000366210938,88.52999877929688,5967900.0
2017-10-06,88.44999694824219,88.48999786376953,88.3499984741211,88.4000015258789,5847400.0
2017-10-09,88.44000244140625,88.47000122070312,88.37999725341797,88.41000366210938,3278400.0
2017-10-10,88.52999877929688,88.52999877929688,88.4000015258789,88.4800033569336,8786500.0
2017-10-11,88.4800033569336,88.4800033569336,88.37000274658203,88.38999938964844,7948700.0
2017-10-12,88.4000015258789,88.4000015258789,88.29000091552734,88.29000091552734,6181100.0
2017-10-13,88.41000366210938,88.43000030517578,88.27999877929688,88.33000183105469,3941200.0
2017-10-16,88.38999938964844,88.4000015258789,88.27999877929688,88.37999725341797,6060300.0
2017-10-17,88.37999725341797,88.55999755859375,88.37999725341797,88.51000213623047,7468100.0
2017-10-18,88.54000091552734,88.6500015258789,88.5199966430664,88.5999984741211,7974400.0
2017-10-19,88.4800033569336,88.6500015258789,88.44000244140625,88.61000061035156,7270600.0
2017-10-20,88.66000366210938,88.7300033569336,88.61000061035156,88.69000244140625,7107000.0
2017-10-23,88.69999694824219,88.73999786376953,88.58999633789062,88.58999633789062,7227200.0
2017-10-24,88.62000274658203,88.69000244140625,88.58000183105469,88.58999633789062,7103700.0
2017-10-25,88.52999877929688,88.52999877929688,88.22000122070312,88.33999633789062,16817000.0
2017-10-26,88.43000030517578,88.45999908447266,88.19000244140625,88.2300033569336,10649800.0
2017-10-27,88.30000305175781,88.48999786376953,88.2300033569336,88.47000122070312,13720000.0
2017-10-30,88.30000305175781,88.51000213623047,88.30000305175781,88.44999694824219,5954500.0
2017-10-31,88.48999786376953,88.51000213623047,88.44000244140625,88.47000122070312,7198400.0
2017-11-01,88.18000030517578,88.19999694824219,88.01000213623047,88.0199966430664,9505500.0
2017-11-02,88.01000213623047,88.08000183105469,87.9000015258789,87.97000122070312,6096800.0
2017-11-03,88.0199966430664,88.08000183105469,87.87000274658203,87.9800033569336,7003200.0
2017-11-06,87.93000030517578,88.04000091552734,87.88999938964844,87.98999786376953,12262400.0
2017-11-07,87.97000122070312,87.9800033569336,87.70999908447266,87.73999786376953,11805400.0
2017-11-08,87.73999786376953,87.73999786376953,87.30999755859375,87.3499984741211,18120000.0
2017-11-09,87.13999938964844,87.13999938964844,86.72000122070312,86.91999816894531,38343500.0
2017-11-10,86.94000244140625,87.18000030517578,86.87999725341797,87.11000061035156,24521600.0
2017-11-13,87.04000091552734,87.16000366210938,87.02999877929688,87.05000305175781,16280500.0
2017-11-14,86.91999816894531,86.95999908447266,86.62000274658203,86.68000030517578,13870600.0
2017-11-15,86.45999908447266,86.76000213623047,86.22000122070312,86.68000030517578,25382000.0
2017-11-16,87.12000274658203,87.5999984741211,87.04000091552734,87.52999877929688,30075200.0
2017-11-17,87.36000061035156,87.51000213623047,87.33999633789062,87.47000122070312,15942100.0
2017-11-20,87.5199966430664,87.62999725341797,87.43000030517578,87.48999786376953,8930300.0
2017-11-21,87.56999969482422,87.70999908447266,87.56999969482422,87.66999816894531,10102400.0
2017-11-22,87.72000122070312,87.87000274658203,87.69999694824219,87.80999755859375,9473800.0
2017-11-24,87.87000274658203,87.91999816894531,87.83000183105469,87.87000274658203,3126500.0
2017-11-27,87.87000274658203,87.87000274658203,87.54000091552734,87.5999984741211,10645400.0
2017-11-28,87.63999938964844,87.88999938964844,87.62999725341797,87.87000274658203,10403700.0
2017-11-29,87.81999969482422,87.87999725341797,87.68000030517578,87.76000213623047,11806200.0
2017-11-30,87.79000091552734,87.94999694824219,87.77999877929688,87.77999877929688,17981500.0
2017-12-01,87.41999816894531,87.5,86.9800033569336,87.37999725341797,15485800.0
2017-12-04,87.5,87.61000061035156,87.31999969482422,87.3499984741211,14801700.0
2017-12-05,87.4000015258789,87.44999694824219,87.27999877929688,87.30000305175781,9347600.0
2017-12-06,87.29000091552734,87.41000366210938,87.19999694824219,87.22000122070312,10081700.0
2017-12-07,87.26000213623047,87.30999755859375,87.16999816894531,87.26000213623047,8955900.0
2017-12-08,87.33000183105469,87.37000274658203,87.2699966430664,87.3499984741211,9100400.0
2017-12-11,87.3499984741211,87.38999938964844,87.29000091552734,87.37000274658203,11847900.0
2017-12-12,87.44999694824219,87.44999694824219,87.31999969482422,87.33000183105469,8846700.0
2017-12-13,87.37000274658203,87.44999694824219,87.33000183105469,87.37999725341797,7495000.0
2017-12-14,87.33999633789062,87.4000015258789,87.06999969482422,87.19999694824219,19337000.0
2017-12-15,87.30000305175781,87.33999633789062,87.19999694824219,87.20999908447266,14223900.0
2017-12-18,87.23999786376953,87.38999938964844,87.2300033569336,87.30000305175781,11735200.0
2017-12-19,87.30000305175781,87.3499984741211,87.08999633789062,87.12000274658203,10985000.0
2017-12-20,87.19999694824219,87.26000213623047,87.08999633789062,87.19000244140625,11857400.0
2017-12-21,86.93000030517578,86.98999786376953,86.87000274658203,86.91999816894531,11195700.0
2017-12-22,86.97000122070312,87.06999969482422,86.91000366210938,87.0,11136900.0
2017-12-26,86.94000244140625,87.12999725341797,86.93000030517578,87.12999725341797,5798900.0
2017-12-27,87.08000183105469,87.20999908447266,87.08000183105469,87.16999816894531,5625500.0
2017-12-28,87.19000244140625,87.20999908447266,87.0999984741211,87.12999725341797,6116500.0
2017-12-29,87.13999938964844,87.30999755859375,87.08000183105469,87.26000213623047,5116800.0
2018-01-02,87.30000305175781,87.36000061035156,87.25,87.33999633789062,7223500.0
2018-01-03,87.33999633789062,87.77999877929688,87.33999633789062,87.76000213623047,20557100.0
2018-01-04,87.81999969482422,87.98999786376953,87.7699966430664,87.91000366210938,13610900.0
2018-01-05,87.97000122070312,88.01000213623047,87.87999725341797,87.97000122070312,9851600.0
2018-01-08,87.95999908447266,88.02999877929688,87.86000061035156,87.9000015258789,9804000.0
2018-01-09,87.98999786376953,87.98999786376953,87.61000061035156,87.62999725341797,13550400.0
2018-01-10,87.5,87.55999755859375,87.2699966430664,87.44000244140625,33182000.0
2018-01-11,87.5199966430664,87.73999786376953,87.45999908447266,87.7300033569336,12911500.0
2018-01-12,87.58999633789062,87.70999908447266,87.55000305175781,87.58000183105469,12088500.0
2018-01-16,87.63999938964844,87.7300033569336,87.44999694824219,87.52999877929688,18474100.0
2018-01-17,87.55999755859375,87.69000244140625,87.5199966430664,87.54000091552734,16340400.0
2018-01-18,87.5,87.55999755859375,87.4000015258789,87.44999694824219,16134900.0
2018-01-19,87.44000244140625,87.55000305175781,87.38999938964844,87.54000091552734,14401800.0
2018-01-22,87.48999786376953,87.6500015258789,87.48999786376953,87.62000274658203,16674700.0
2018-01-23,87.68000030517578,87.9000015258789,87.62999725341797,87.87999725341797,11600300.0
2018-01-24,87.80000305175781,87.87999725341797,87.6500015258789,87.75,10746300.0
2018-01-25,87.9000015258789,87.9000015258789,87.61000061035156,87.69000244140625,11039300.0
2018-01-26,87.72000122070312,87.83999633789062,87.62999725341797,87.76000213623047,7164100.0
2018-01-29,87.62999725341797,87.68000030517578,87.43000030517578,87.44999694824219,19590800.0
2018-01-30,87.44999694824219,87.45999908447266,87.13999938964844,87.1500015258789,18469300.0
2018-01-31,87.30000305175781,87.41999816894531,87.20999908447266,87.30000305175781,12692800.0
2018-02-01,86.86000061035156,86.98999786376953,86.72000122070312,86.7699966430664,17920000.0
2018-02-02,86.55000305175781,86.62000274658203,86.1500015258789,86.22000122070312,24787000.0
2018-02-05,86.12999725341797,86.51000213623047,85.58000183105469,85.73999786376953,28071300.0
2018-02-06,85.51000213623047,86.36000061035156,85.51000213623047,86.26000213623047,33924300.0
2018-02-07,86.37999725341797,86.62000274658203,85.86000061035156,85.94000244140625,24298100.0
2018-02-08,85.91000366210938,86.0,85.18000030517578,85.19000244140625,25419300.0
2018-02-09,85.27999877929688,85.41999816894531,84.06999969482422,84.94999694824219,47230300.0
2018-02-12,85.19999694824219,85.66000366210938,85.16000366210938,85.52999877929688,23448100.0
2018-02-13,85.31999969482422,85.41999816894531,85.11000061035156,85.26000213623047,14679900.0
2018-02-14,84.98999786376953,85.44000244140625,84.9000015258789,85.41000366210938,19332400.0
2018-02-15,85.61000061035156,86.0999984741211,85.61000061035156,86.0999984741211,21931600.0
2018-02-16,86.08999633789062,86.51000213623047,86.06999969482422,86.44999694824219,29195600.0
2018-02-20,86.19999694824219,86.37999725341797,86.11000061035156,86.1500015258789,22740600.0
2018-02-21,86.23999786376953,86.37999725341797,85.73999786376953,85.76000213623047,15656700.0
2018-02-22,85.80000305175781,86.13999938964844,85.73999786376953,85.81999969482422,14626900.0
2018-02-23,85.88999938964844,86.41999816894531,85.83000183105469,86.38999938964844,15919500.0
2018-02-26,86.44999694824219,86.68000030517578,86.38999938964844,86.54000091552734,10996300.0
2018-02-27,86.4800033569336,86.5,86.19999694824219,86.30999755859375,13840900.0
2018-02-28,86.41000366210938,86.4800033569336,86.12000274658203,86.18000030517578,8751000.0
2018-03-01,85.91000366210938,85.93000030517578,85.2699966430664,85.2699966430664,24974200.0
2018-03-02,85.31999969482422,85.79000091552734,85.29000091552734,85.75,18767600.0
2018-03-05,85.56999969482422,85.80999755859375,85.56999969482422,85.75,9000200.0
2018-03-06,85.83000183105469,85.94999694824219,85.69000244140625,85.87000274658203,14462900.0
2018-03-07,85.7699966430664,85.80999755859375,85.5999984741211,85.66000366210938,8195200.0
2018-03-08,85.76000213623047,85.80000305175781,85.61000061035156,85.76000213623047,10201800.0
2018-03-09,85.86000061035156,86.12999725341797,85.77999877929688,86.06999969482422,8942600.0
2018-03-12,86.0,86.06999969482422,85.79000091552734,85.93000030517578,10126500.0
2018-03-13,85.93000030517578,86.04000091552734,85.61000061035156,85.66000366210938,19020400.0
2018-03-14,85.7300033569336,85.77999877929688,85.5199966430664,85.55999755859375,10802500.0
2018-03-15,85.55000305175781,85.75,85.5,85.62000274658203,8647900.0
2018-03-16,85.63999938964844,85.80999755859375,85.58999633789062,85.80000305175781,11006000.0
2018-03-19,85.66000366210938,85.69000244140625,85.3499984741211,85.44999694824219,14298800.0
2018-03-20,85.43000030517578,85.6500015258789,85.43000030517578,85.62000274658203,14317800.0
2018-03-21,85.58000183105469,85.80999755859375,85.5199966430664,85.6500015258789,8643700.0
2018-03-22,85.44999694824219,85.56999969482422,85.12000274658203,85.13999938964844,15972300.0
2018-03-23,85.29000091552734,85.38999938964844,84.81999969482422,84.91999816894531,21847400.0
2018-03-26,85.3499984741211,85.48999786376953,85.12999725341797,85.47000122070312,12454200.0
2018-03-27,85.4800033569336,85.62999725341797,85.20999908447266,85.38999938964844,12661500.0
2018-03-28,85.36000061035156,85.44000244140625,85.19999694824219,85.3499984741211,14642900.0
2018-03-29,85.48999786376953,85.69999694824219,85.38999938964844,85.63999938964844,10299600.0
2018-04-02,85.12000274658203,85.2699966430664,84.88999938964844,84.95999908447266,18902700.0
2018-04-03,85.11000061035156,85.20999908447266,84.88999938964844,85.19999694824219,12994100.0
2018-04-04,84.9000015258789,85.44000244140625,84.9000015258789,85.38999938964844,9677200.0
2018-04-05,85.43000030517578,85.58000183105469,85.41000366210938,85.45999908447266,10152000.0
2018-04-06,85.41000366210938,85.5,85.16999816894531,85.2699966430664,12680800.0
2018-04-09,85.44999694824219,85.61000061035156,85.41000366210938,85.58999633789062,9043200.0
2018-04-10,85.69999694824219,85.94000244140625,85.68000030517578,85.9000015258789,11434100.0
2018-04-11,85.87000274658203,86.0,85.80999755859375,85.93000030517578,7675500.0
2018-04-12,86.02999877929688,86.26000213623047,85.97000122070312,86.23999786376953,23692600.0
2018-04-13,86.30000305175781,86.41000366210938,86.23999786376953,86.29000091552734,16213400.0
2018-04-16,86.38999938964844,86.51000213623047,86.27999877929688,86.41999816894531,10781600.0
2018-04-17,86.55000305175781,86.66000366210938,86.43000030517578,86.45999908447266,15577600.0
2018-04-18,86.5199966430664,86.55000305175781,86.33999633789062,86.37000274658203,13745600.0
2018-04-19,86.20999908447266,86.23999786376953,85.98999786376953,86.0999984741211,19345500.0
2018-04-20,86.05000305175781,86.08999633789062,85.87000274658203,85.88999938964844,17693500.0
2018-04-23,85.83000183105469,85.83999633789062,85.58000183105469,85.66000366210938,15971100.0
2018-04-24,85.69000244140625,85.7699966430664,85.37999725341797,85.48999786376953,17872600.0
2018-04-25,85.41000366210938,85.54000091552734,85.23999786376953,85.5,15078400.0
2018-04-26,85.56999969482422,85.86000061035156,85.5199966430664,85.80000305175781,17479700.0
2018-04-27,85.87000274658203,85.91999816894531,85.61000061035156,85.76000213623047,7014700.0
2018-04-30,85.69999694824219,85.8499984741211,85.69000244140625,85.69999694824219,12473000.0
2018-05-01,85.27999877929688,85.4000015258789,85.18000030517578,85.4000015258789,18707700.0
2018-05-02,85.4000015258789,85.55000305175781,85.31999969482422,85.37000274658203,12057000.0
2018-05-03,85.4000015258789,85.4000015258789,85.22000122070312,85.36000061035156,21626200.0
2018-05-04,85.20999908447266,85.44999694824219,85.16000366210938,85.41999816894531,14862100.0
2018-05-07,85.43000030517578,85.52999877929688,85.4000015258789,85.5,23063900.0
2018-05-08,85.44999694824219,85.47000122070312,85.30999755859375,85.37000274658203,13693500.0
2018-05-09,85.3499984741211,85.54000091552734,85.33999633789062,85.51000213623047,10476200.0
2018-05-10,85.56999969482422,85.79000091552734,85.55000305175781,85.76000213623047,13375800.0
2018-05-11,85.76000213623047,85.83999633789062,85.62999725341797,85.7300033569336,8505100.0
2018-05-14,85.72000122070312,85.81999969482422,85.56999969482422,85.75,14695800.0
2018-05-15,85.55999755859375,85.5999984741211,85.2699966430664,85.33000183105469,20008800.0
2018-05-16,85.37000274658203,85.47000122070312,85.29000091552734,85.44000244140625,13028100.0
2018-05-17,85.33999633789062,85.55999755859375,85.33999633789062,85.48999786376953,13198300.0
2018-05-18,85.3499984741211,85.45999908447266,85.33000183105469,85.4000015258789,14241600.0
2018-05-21,85.38999938964844,85.56999969482422,85.38999938964844,85.5199966430664,7000400.0
2018-05-22,85.55999755859375,85.62999725341797,85.51000213623047,85.58000183105469,6220700.0
2018-05-23,85.4800033569336,85.6500015258789,85.38999938964844,85.6500015258789,13053100.0
2018-05-24,85.5199966430664,85.72000122070312,85.5199966430664,85.69999694824219,12468600.0
2018-05-25,85.58000183105469,85.63999938964844,85.45999908447266,85.55999755859375,12895700.0
2018-05-29,85.37000274658203,85.4000015258789,85.16000366210938,85.19999694824219,13519800.0
2018-05-30,85.29000091552734,85.48999786376953,85.29000091552734,85.45999908447266,15145000.0
2018-05-31,85.48999786376953,85.5,85.36000061035156,85.37999725341797,17391000.0
2018-06-01,85.1500015258789,85.2300033569336,85.0999984741211,85.19000244140625,12891000.0
2018-06-04,85.2699966430664,85.41999816894531,85.2300033569336,85.37000274658203,13830900.0
2018-06-05,85.37000274658203,85.5199966430664,85.30000305175781,85.47000122070312,10614100.0
2018-06-06,85.41000366210938,85.70999908447266,85.37999725341797,85.68000030517578,6920900.0
2018-06-07,85.62999725341797,85.7699966430664,85.55000305175781,85.70999908447266,13764400.0
2018-06-08,85.5999984741211,85.7300033569336,85.56999969482422,85.66000366210938,9784000.0
2018-06-11,85.69999694824219,85.8499984741211,85.69000244140625,85.81999969482422,10429300.0
2018-06-12,85.83000183105469,85.97000122070312,85.7699966430664,85.88999938964844,12432400.0
2018-06-13,85.91000366210938,86.05000305175781,85.83000183105469,85.91999816894531,9958900.0
2018-06-14,86.08000183105469,86.19000244140625,86.02999877929688,86.16999816894531,13954300.0
2018-06-15,86.11000061035156,86.16000366210938,85.98999786376953,86.12000274658203,16303700.0
2018-06-18,86.05000305175781,86.12999725341797,85.9800033569336,86.11000061035156,11512000.0
2018-06-19,85.94000244140625,86.02999877929688,85.87000274658203,85.98999786376953,12543200.0
2018-06-20,86.08000183105469,86.12999725341797,86.02999877929688,86.08000183105469,10422800.0
2018-06-21,86.06999969482422,86.06999969482422,85.87000274658203,85.9000015258789,8132500.0
2018-06-22,86.04000091552734,86.08999633789062,85.87999725341797,85.91000366210938,7385200.0
2018-06-25,85.7699966430664,85.80999755859375,85.62999725341797,85.70999908447266,13975400.0
2018-06-26,85.70999908447266,85.7300033569336,85.5999984741211,85.69999694824219,7503900.0
2018-06-27,85.6500015258789,85.70999908447266,85.47000122070312,85.5199966430664,13119200.0
2018-06-28,85.3499984741211,85.41000366210938,85.16000366210938,85.27999877929688,13829300.0
2018-06-29,85.38999938964844,85.5199966430664,85.05999755859375,85.08000183105469,17450500.0
2018-07-02,84.63999938964844,84.80000305175781,84.5999984741211,84.77999877929688,22438600.0
2018-07-03,84.83999633789062,84.95999908447266,84.73999786376953,84.79000091552734,10098600.0
2018-07-05,84.9000015258789,85.12999725341797,84.88999938964844,85.11000061035156,12729400.0
2018-07-06,85.12999725341797,85.33000183105469,85.12000274658203,85.33000183105469,9640300.0
2018-07-09,85.37000274658203,85.54000091552734,85.36000061035156,85.45999908447266,11517200.0
2018-07-10,85.5,85.58000183105469,85.45999908447266,85.47000122070312,7531700.0
2018-07-11,85.38999938964844,85.44999694824219,85.30000305175781,85.33999633789062,14111200.0
2018-07-12,85.4800033569336,85.6500015258789,85.44000244140625,85.61000061035156,10327300.0
2018-07-13,85.68000030517578,85.72000122070312,85.61000061035156,85.61000061035156,9860300.0
2018-07-16,85.62000274658203,85.62999725341797,85.51000213623047,85.55000305175781,7963100.0
2018-07-17,85.48999786376953,85.6500015258789,85.44999694824219,85.58000183105469,10721000.0
2018-07-18,85.61000061035156,85.68000030517578,85.52999877929688,85.62000274658203,12838600.0
2018-07-19,85.56999969482422,85.63999938964844,85.48999786376953,85.58000183105469,6907300.0
2018-07-20,85.62000274658203,85.69000244140625,85.58000183105469,85.62000274658203,9329000.0
2018-07-23,85.66999816894531,85.69000244140625,85.58999633789062,85.58999633789062,7459200.0
2018-07-24,85.5999984741211,85.83000183105469,85.5999984741211,85.7699966430664,11803700.0
2018-07-25,85.79000091552734,85.94999694824219,85.72000122070312,85.93000030517578,11342300.0
2018-07-26,85.94000244140625,86.01000213623047,85.9000015258789,85.94000244140625,9233600.0
2018-07-27,85.94999694824219,85.9800033569336,85.80999755859375,85.91000366210938,10811200.0
2018-07-30,85.94000244140625,86.01000213623047,85.8499984741211,85.94000244140625,8400500.0
2018-07-31,86.0999984741211,86.1500015258789,86.05000305175781,86.12000274658203,10709500.0
2018-08-01,85.76000213623047,85.87999725341797,85.66999816894531,85.83000183105469,23297900.0
2018-08-02,85.76000213623047,85.88999938964844,85.72000122070312,85.87999725341797,10989200.0
2018-08-03,85.86000061035156,85.98999786376953,85.8499984741211,85.94999694824219,6940500.0
2018-08-06,85.87000274658203,86.11000061035156,85.87000274658203,86.11000061035156,7521900.0
2018-08-07,85.87000274658203,86.2300033569336,85.87000274658203,86.1500015258789,8408200.0
2018-08-08,86.12999725341797,86.16999816894531,86.08000183105469,86.0999984741211,10103600.0
2018-08-09,86.11000061035156,86.13999938964844,86.0,86.04000091552734,6354700.0
2018-08-10,85.9000015258789,86.01000213623047,85.81999969482422,85.88999938964844,9473300.0
2018-08-13,85.95999908447266,85.95999908447266,85.7699966430664,85.83000183105469,10479000.0
2018-08-14,85.87999725341797,86.01000213623047,85.86000061035156,85.9800033569336,9767700.0
2018-08-15,85.87000274658203,85.9000015258789,85.7300033569336,85.83000183105469,14684800.0
2018-08-16,85.91000366210938,85.98999786376953,85.86000061035156,85.94000244140625,14931800.0
2018-08-17,85.9000015258789,86.06999969482422,85.9000015258789,86.04000091552734,15280900.0
2018-08-20,86.08999633789062,86.1500015258789,86.02999877929688,86.08000183105469,8174900.0
2018-08-21,86.11000061035156,86.29000091552734,86.08999633789062,86.20999908447266,9281400.0
2018-08-22,86.19999694824219,86.27999877929688,86.19999694824219,86.23999786376953,8297400.0
2018-08-23,86.23999786376953,86.31999969482422,86.19000244140625,86.2300033569336,7751800.0
2018-08-24,86.27999877929688,86.41000366210938,86.25,86.37999725341797,7458500.0
2018-08-27,86.4000015258789,86.45999908447266,86.37000274658203,86.41000366210938,5581700.0
2018-08-28,86.37000274658203,86.41000366210938,86.31999969482422,86.37000274658203,8175300.0
2018-08-29,86.33999633789062,86.38999938964844,86.27999877929688,86.31999969482422,7403700.0
2018-08-30,86.33000183105469,86.3499984741211,86.22000122070312,86.25,8481700.0
2018-08-31,86.29000091552734,86.41999816894531,86.27999877929688,86.36000061035156,9569300.0
2018-09-04,85.88999938964844,85.93000030517578,85.72000122070312,85.80999755859375,16029000.0
2018-09-05,85.80000305175781,85.83000183105469,85.69000244140625,85.72000122070312,13369200.0
2018-09-06,85.80000305175781,85.83000183105469,85.72000122070312,85.79000091552734,13137500.0
2018-09-07,85.62999725341797,85.7699966430664,85.62999725341797,85.69999694824219,12374700.0
2018-09-10,85.80000305175781,85.88999938964844,85.7699966430664,85.87000274658203,6997900.0
2018-09-11,85.76000213623047,85.9800033569336,85.76000213623047,85.88999938964844,17897800.0
2018-09-12,85.91999816894531,86.1500015258789,85.91999816894531,86.08999633789062,14041900.0
2018-09-13,86.16999816894531,86.30999755859375,86.16999816894531,86.25,10375800.0
2018-09-14,86.23999786376953,86.38999938964844,86.2300033569336,86.33000183105469,12945000.0
2018-09-17,86.30999755859375,86.33000183105469,86.2300033569336,86.2699966430664,13279900.0
2018-09-18,86.29000091552734,86.36000061035156,86.23999786376953,86.26000213623047,19882300.0
2018-09-19,86.23999786376953,86.29000091552734,86.08000183105469,86.0999984741211,14471100.0
2018-09-20,86.12000274658203,86.22000122070312,85.93000030517578,86.22000122070312,15360100.0
2018-09-21,86.22000122070312,86.27999877929688,86.19999694824219,86.23999786376953,10966700.0
2018-09-24,86.19999694824219,86.25,86.08000183105469,86.19999694824219,10229400.0
2018-09-25,86.12999725341797,86.18000030517578,86.08999633789062,86.12999725341797,13240400.0
2018-09-26,86.19000244140625,86.33999633789062,86.16999816894531,86.22000122070312,19504800.0
2018-09-27,86.30999755859375,86.4000015258789,86.2699966430664,86.37999725341797,7996600.0
2018-09-28,86.3499984741211,86.47000122070312,86.27999877929688,86.44000244140625,17085200.0
2018-10-01,86.16000366210938,86.30000305175781,86.13999938964844,86.30000305175781,22566000.0
2018-10-02,86.26000213623047,86.30000305175781,86.18000030517578,86.2300033569336,13577600.0
2018-10-03,86.27999877929688,86.30999755859375,85.91000366210938,86.0,17930600.0
2018-10-04,85.81999969482422,85.9000015258789,85.58000183105469,85.68000030517578,24935100.0
2018-10-05,85.6500015258789,85.66999816894531,85.30000305175781,85.30000305175781,25063300.0
2018-10-08,85.3499984741211,85.36000061035156,85.08000183105469,85.11000061035156,12869500.0
2018-10-09,85.13999938964844,85.30999755859375,85.12000274658203,85.23999786376953,19488500.0
2018-10-10,85.11000061035156,85.11000061035156,84.61000061035156,84.62999725341797,25204700.0
2018-10-11,84.83000183105469,85.0,84.56999969482422,84.69999694824219,37665300.0
2018-10-12,85.11000061035156,85.20999908447266,84.94000244140625,85.1500015258789,31877600.0
2018-10-15,85.08000183105469,85.19000244140625,85.04000091552734,85.08999633789062,16658500.0
2018-10-16,85.25,85.4000015258789,85.23999786376953,85.37999725341797,18955700.0
2018-10-17,85.26000213623047,85.36000061035156,85.13999938964844,85.20999908447266,18739400.0
2018-10-18,85.1500015258789,85.19000244140625,84.8499984741211,84.8499984741211,28653800.0
2018-10-19,85.05000305175781,85.06999969482422,84.8499984741211,84.9000015258789,20606400.0
2018-10-22,85.0999984741211,85.1500015258789,84.87000274658203,84.94000244140625,15049900.0
2018-10-23,84.6500015258789,84.9000015258789,84.55000305175781,84.86000061035156,20873200.0
2018-10-24,84.87999725341797,84.91999816894531,84.41000366210938,84.44000244140625,23827800.0
2018-10-25,84.61000061035156,84.66999816894531,84.43000030517578,84.61000061035156,29513700.0
2018-10-26,84.30999755859375,84.52999877929688,84.16999816894531,84.2300033569336,27424100.0
2018-10-29,84.4000015258789,84.44000244140625,84.04000091552734,84.1500015258789,23379400.0
2018-10-30,84.16999816894531,84.3499984741211,83.98999786376953,84.3499984741211,24105300.0
2018-10-31,84.44999694824219,84.58999633789062,84.3499984741211,84.3499984741211,23047900.0
2018-11-01,84.08999633789062,84.41000366210938,84.0,84.31999969482422,33115700.0
2018-11-02,84.41999816894531,84.52999877929688,84.13999938964844,84.2699966430664,19675800.0
2018-11-05,84.2699966430664,84.44000244140625,84.2300033569336,84.33999633789062,12299600.0
2018-11-06,84.41000366210938,84.55999755859375,84.37999725341797,84.55999755859375,14675500.0
2018-11-07,84.63999938964844,85.06999969482422,84.63999938964844,85.05000305175781,26155500.0
2018-11-08,84.8499984741211,85.08000183105469,84.81999969482422,84.83999633789062,20677500.0
2018-11-09,84.66999816894531,84.68000030517578,84.27999877929688,84.36000061035156,20869300.0
2018-11-12,84.33000183105469,84.41000366210938,83.80999755859375,83.83999633789062,22319600.0
2018-11-13,83.86000061035156,84.0199966430664,83.62999725341797,83.69999694824219,22907600.0
2018-11-14,83.80999755859375,83.98999786376953,83.33999633789062,83.54000091552734,44747700.0
2018-11-15,83.19000244140625,83.5199966430664,82.98999786376953,83.5199966430664,32332600.0
2018-11-16,83.16000366210938,83.30000305175781,83.0,83.2699966430664,64912800.0
2018-11-19,83.05000305175781,83.23999786376953,82.9000015258789,83.01000213623047,36567300.0
2018-11-20,82.77999877929688,82.97000122070312,82.69999694824219,82.75,21901900.0
2018-11-21,83.16999816894531,83.33999633789062,83.06999969482422,83.16999816894531,16560400.0
2018-11-23,82.83000183105469,82.9000015258789,82.70999908447266,82.70999908447266,9708100.0
2018-11-26,83.02999877929688,83.13999938964844,82.91000366210938,83.0999984741211,19807100.0
2018-11-27,82.94000244140625,83.06999969482422,82.87000274658203,83.05999755859375,14370700.0
2018-11-28,83.11000061035156,83.7699966430664,83.05999755859375,83.75,23513100.0
2018-11-29,83.58999633789062,83.88999938964844,83.54000091552734,83.7699966430664,17927900.0
2018-11-30,83.55999755859375,83.73999786376953,83.55000305175781,83.5999984741211,15081000.0
2018-12-03,83.6500015258789,83.83000183105469,83.5,83.80000305175781,27052900.0
2018-12-04,83.62999725341797,83.70999908447266,83.19999694824219,83.27999877929688,32066500.0
2018-12-06,82.8499984741211,83.08999633789062,82.72000122070312,82.98999786376953,27661900.0
2018-12-07,83.26000213623047,83.38999938964844,82.83000183105469,82.83000183105469,28901200.0
2018-12-10,82.81999969482422,82.95999908447266,82.55999755859375,82.88999938964844,23434700.0
2018-12-11,83.18000030517578,83.26000213623047,82.97000122070312,83.04000091552734,19243900.0
2018-12-12,83.31999969482422,83.58999633789062,83.29000091552734,83.30999755859375,17571500.0
2018-12-13,83.5,83.5999984741211,83.43000030517578,83.51000213623047,15859200.0
2018-12-14,83.37000274658203,83.4800033569336,83.0999984741211,83.16000366210938,16397600.0
2018-12-17,83.08999633789062,83.16000366210938,82.55000305175781,82.62000274658203,24124900.0
2018-12-18,82.36000061035156,82.43000030517578,81.9000015258789,82.08000183105469,25284300.0
2018-12-19,82.12000274658203,82.26000213623047,81.23999786376953,81.33999633789062,32062700.0
2018-12-20,81.06999969482422,81.19000244140625,80.01000213623047,80.62999725341797,68796100.0
2018-12-21,80.58999633789062,80.93000030517578,80.0999984741211,80.2300033569336,56295000.0
2018-12-24,80.2300033569336,80.3499984741211,79.62999725341797,79.62999725341797,18853600.0
2018-12-26,79.7300033569336,80.97000122070312,79.55000305175781,80.97000122070312,25010300.0
2018-12-27,80.48999786376953,80.97000122070312,80.37999725341797,80.91999816894531,31806100.0
2018-12-28,80.98999786376953,81.31999969482422,80.8499984741211,81.04000091552734,30106400.0
2018-12-31,81.19000244140625,81.33000183105469,81.08999633789062,81.0999984741211,14153600.0
2019-01-02,80.72000122070312,81.11000061035156,80.6500015258789,80.98999786376953,26977400.0
2019-01-03,80.91000366210938,81.16000366210938,80.77999877929688,81.02999877929688,32776600.0
2019-01-04,81.66999816894531,82.5,81.56999969482422,82.38999938964844,38754000.0
2019-01-07,82.58000183105469,83.19000244140625,82.56999969482422,83.19000244140625,38127600.0
2019-01-08,83.38999938964844,83.73999786376953,83.26000213623047,83.7300033569336,30795000.0
2019-01-09,83.8499984741211,84.01000213623047,83.79000091552734,83.83000183105469,40909400.0
2019-01-10,83.66000366210938,84.20999908447266,83.55000305175781,84.16000366210938,50520000.0
2019-01-11,83.81999969482422,83.9800033569336,83.77999877929688,83.88999938964844,19793300.0
2019-01-14,83.66999816894531,83.7699966430664,83.55000305175781,83.62000274658203,20137700.0
2019-01-15,83.62000274658203,83.94000244140625,83.55000305175781,83.9000015258789,24799000.0
2019-01-16,84.01000213623047,84.13999938964844,83.95999908447266,84.02999877929688,26508100.0
2019-01-17,83.94000244140625,84.29000091552734,83.88999938964844,84.26000213623047,24574400.0
2019-01-18,84.41999816894531,84.66999816894531,84.38999938964844,84.5,36236400.0
2019-01-22,84.33000183105469,84.33999633789062,83.83000183105469,83.94000244140625,25504200.0
2019-01-23,84.05999755859375,84.2300033569336,83.87000274658203,84.11000061035156,18529400.0
2019-01-24,84.08000183105469,84.22000122070312,83.94000244140625,84.19999694824219,17875500.0
2019-01-25,84.36000061035156,84.48999786376953,84.33999633789062,84.41000366210938,16775200.0
2019-01-28,84.19000244140625,84.33000183105469,84.06999969482422,84.27999877929688,14694100.0
2019-01-29,84.3499984741211,84.3499984741211,84.02999877929688,84.2300033569336,18717000.0
2019-01-30,84.33999633789062,85.02999877929688,84.33000183105469,84.9000015258789,25993500.0
2019-01-31,84.87999725341797,85.23999786376953,84.87999725341797,85.11000061035156,27070400.0
2019-02-01,84.66000366210938,84.76000213623047,84.54000091552734,84.68000030517578,24749900.0
2019-02-04,84.69000244140625,84.93000030517578,84.61000061035156,84.87999725341797,15968400.0
2019-02-05,84.94000244140625,85.2699966430664,84.93000030517578,85.18000030517578,33188300.0
2019-02-06,85.11000061035156,85.20999908447266,85.0199966430664,85.0999984741211,25936800.0
2019-02-07,84.83000183105469,84.9000015258789,84.66000366210938,84.80999755859375,27119400.0
2019-02-08,84.70999908447266,84.80999755859375,84.58000183105469,84.79000091552734,16728100.0
2019-02-11,84.7699966430664,84.87000274658203,84.69999694824219,84.83000183105469,10051800.0
2019-02-12,85.08000183105469,85.2699966430664,85.06999969482422,85.23999786376953,20174000.0
2019-02-13,85.29000091552734,85.30999755859375,85.05000305175781,85.12000274658203,25088400.0
2019-02-14,84.9800033569336,85.22000122070312,84.86000061035156,85.12999725341797,19406700.0
2019-02-15,85.27999877929688,85.45999908447266,85.27999877929688,85.4000015258789,24052000.0
2019-02-19,85.30000305175781,85.4800033569336,85.26000213623047,85.43000030517578,11317700.0
2019-02-20,85.45999908447266,85.55000305175781,85.33000183105469,85.5,9925700.0
2019-02-21,85.44999694824219,85.52999877929688,85.3499984741211,85.41999816894531,15479800.0
2019-02-22,85.5199966430664,85.66999816894531,85.48999786376953,85.58999633789062,12330300.0
2019-02-25,85.70999908447266,85.83000183105469,85.62000274658203,85.66000366210938,13698200.0
2019-02-26,85.72000122070312,85.87000274658203,85.66999816894531,85.7699966430664,16049300.0
2019-02-27,85.80000305175781,85.86000061035156,85.7300033569336,85.80000305175781,14818900.0
2019-02-28,85.77999877929688,85.83000183105469,85.69999694824219,85.75,21340600.0
2019-03-01,85.55000305175781,85.66000366210938,85.5,85.61000061035156,26455300.0
2019-03-04,85.70999908447266,85.75,85.33999633789062,85.4800033569336,16034400.0
2019-03-05,85.4800033569336,85.48999786376953,85.36000061035156,85.44000244140625,14510100.0
2019-03-06,85.4000015258789,85.41999816894531,85.26000213623047,85.30000305175781,16806400.0
2019-03-07,85.33000183105469,85.33999633789062,85.08000183105469,85.23999786376953,28101100.0
2019-03-08,84.9800033569336,85.12000274658203,84.80999755859375,85.0999984741211,21043400.0
2019-03-11,85.06999969482422,85.38999938964844,85.05000305175781,85.37999725341797,17922400.0
2019-03-12,85.30999755859375,85.58000183105469,85.29000091552734,85.52999877929688,20180500.0
2019-03-13,85.58000183105469,85.7699966430664,85.55999755859375,85.76000213623047,24524800.0
2019-03-14,85.72000122070312,85.83000183105469,85.68000030517578,85.69999694824219,12342500.0
2019-03-15,85.76000213623047,85.87999725341797,85.75,85.77999877929688,21775300.0
2019-03-18,85.79000091552734,85.83000183105469,85.66999816894531,85.75,10498900.0
2019-03-19,85.80999755859375,85.95999908447266,85.75,85.80000305175781,14067200.0
2019-03-20,85.80999755859375,86.30000305175781,85.6500015258789,86.16999816894531,31184400.0
2019-03-21,86.05999755859375,86.26000213623047,86.04000091552734,86.1500015258789,16400700.0
2019-03-22,86.0199966430664,86.05000305175781,85.75,85.83999633789062,27030400.0
2019-03-25,85.77999877929688,85.91000366210938,85.6500015258789,85.80999755859375,23592100.0
2019-03-26,85.94999694824219,86.1500015258789,85.88999938964844,86.0199966430664,18762700.0
2019-03-27,86.06999969482422,86.23999786376953,85.87999725341797,86.08000183105469,16706700.0
2019-03-28,86.08999633789062,86.25,86.04000091552734,86.25,19706700.0
2019-03-29,86.31999969482422,86.52999877929688,86.30000305175781,86.47000122070312,22358900.0
2019-04-01,86.20999908447266,86.27999877929688,86.05000305175781,86.06999969482422,21353900.0
2019-04-02,86.08999633789062,86.13999938964844,85.94000244140625,86.11000061035156,15129300.0
2019-04-03,86.19999694824219,86.30999755859375,86.0999984741211,86.13999938964844,13746500.0
2019-04-04,86.1500015258789,86.27999877929688,86.12999725341797,86.2699966430664,14435700.0
2019-04-05,86.36000061035156,86.5,86.33999633789062,86.43000030517578,14227000.0
2019-04-08,86.38999938964844,86.41000366210938,86.30999755859375,86.37999725341797,11472100.0
2019-04-09,86.33000183105469,86.41999816894531,86.2699966430664,86.31999969482422,19118700.0
2019-04-10,86.43000030517578,86.69999694824219,86.43000030517578,86.69999694824219,16767000.0
2019-04-11,86.69000244140625,86.86000061035156,86.6500015258789,86.83000183105469,20976100.0
2019-04-12,86.93000030517578,87.01000213623047,86.79000091552734,86.95999908447266,17442800.0
2019-04-15,86.94999694824219,86.94999694824219,86.83000183105469,86.9000015258789,13940000.0
2019-04-16,86.95999908447266,86.97000122070312,86.81999969482422,86.8499984741211,11543800.0
2019-04-17,86.94000244140625,86.94000244140625,86.62999725341797,86.63999938964844,11818600.0
2019-04-18,86.79000091552734,86.79000091552734,86.58000183105469,86.68000030517578,15295500.0
2019-04-22,86.62000274658203,86.66000366210938,86.5199966430664,86.52999877929688,24591400.0
2019-04-23,86.63999938964844,86.87999725341797,86.58999633789062,86.83000183105469,15094100.0
2019-04-24,86.8499984741211,86.8499984741211,86.69999694824219,86.70999908447266,11938800.0
2019-04-25,86.69999694824219,86.80999755859375,86.56999969482422,86.75,14369000.0
2019-04-26,86.8499984741211,86.9800033569336,86.8499984741211,86.97000122070312,11937200.0
2019-04-29,86.94999694824219,87.0,86.93000030517578,86.93000030517578,7601200.0
2019-04-30,86.97000122070312,87.04000091552734,86.91999816894531,86.94000244140625,11168100.0
2019-05-01,86.58999633789062,86.87000274658203,86.27999877929688,86.29000091552734,24574300.0
2019-05-02,86.36000061035156,86.4800033569336,86.18000030517578,86.3499984741211,24936600.0
2019-05-03,86.5199966430664,86.5999984741211,86.47000122070312,86.56999969482422,18522700.0
2019-05-06,86.18000030517578,86.62000274658203,86.0,86.61000061035156,18893700.0
2019-05-07,86.4000015258789,86.44999694824219,85.94999694824219,86.08999633789062,30266300.0
2019-05-08,86.0999984741211,86.30000305175781,86.02999877929688,86.12000274658203,27527500.0
2019-05-09,85.98999786376953,86.05999755859375,85.68000030517578,85.98999786376953,30890400.0
2019-05-10,85.95999908447266,86.30999755859375,85.75,86.2300033569336,33782400.0
2019-05-13,85.68000030517578,85.7699966430664,85.41999816894531,85.44000244140625,34801600.0
2019-05-14,85.61000061035156,85.83000183105469,85.52999877929688,85.62999725341797,18128500.0
2019-05-15,85.48999786376953,85.76000213623047,85.44000244140625,85.70999908447266,19543700.0
2019-05-16,85.83000183105469,86.11000061035156,85.80000305175781,85.97000122070312,29384100.0
2019-05-17,85.79000091552734,86.0999984741211,85.79000091552734,85.94000244140625,27089400.0
2019-05-20,85.91999816894531,86.08000183105469,85.77999877929688,85.86000061035156,15780000.0
2019-05-21,85.98999786376953,86.1500015258789,85.98999786376953,86.12999725341797,15004300.0
2019-05-22,86.08000183105469,86.19999694824219,85.97000122070312,86.19999694824219,14976200.0
2019-05-23,85.95999908447266,85.98999786376953,85.66999816894531,85.7699966430664,18333400.0
2019-05-24,85.87000274658203,85.97000122070312,85.63999938964844,85.6500015258789,17611600.0
2019-05-28,85.75,85.81999969482422,85.48999786376953,85.56999969482422,20544600.0
2019-05-29,85.45999908447266,85.5199966430664,85.25,85.33999633789062,25441900.0
2019-05-30,85.48999786376953,85.6500015258789,85.44000244140625,85.5199966430664,20311900.0
2019-05-31,85.23999786376953,85.33999633789062,84.87999725341797,84.9000015258789,34947400.0
2019-06-03,84.6500015258789,84.77999877929688,84.47000122070312,84.6500015258789,58940600.0
2019-06-04,84.91000366210938,85.51000213623047,84.91000366210938,85.5,34113300.0
2019-06-05,85.58000183105469,85.72000122070312,85.43000030517578,85.69999694824219,28368700.0
2019-06-06,85.68000030517578,85.95999908447266,85.56999969482422,85.87999725341797,23538600.0
2019-06-07,86.0,86.20999908447266,85.16000366210938,86.0999984741211,29934000.0
2019-06-10,86.26000213623047,86.33999633789062,86.18000030517578,86.2300033569336,17482200.0
2019-06-11,86.51000213623047,86.66000366210938,86.22000122070312,86.3499984741211,34293700.0
2019-06-12,86.33000183105469,86.3499984741211,86.12999725341797,86.1500015258789,18195500.0
2019-06-13,86.30000305175781,86.41000366210938,86.25,86.3499984741211,19438500.0
2019-06-14,86.31999969482422,86.36000061035156,86.22000122070312,86.29000091552734,8842000.0
2019-06-17,86.23999786376953,86.29000091552734,86.12000274658203,86.16000366210938,10554000.0
2019-06-18,86.56999969482422,86.7699966430664,86.54000091552734,86.76000213623047,22540400.0
2019-06-19,86.69999694824219,87.19000244140625,86.55000305175781,87.16999816894531,28212600.0
2019-06-20,87.43000030517578,87.6500015258789,87.29000091552734,87.61000061035156,48362000.0
2019-06-21,87.37999725341797,87.44999694824219,87.33000183105469,87.33000183105469,22467800.0
2019-06-24,87.33000183105469,87.37000274658203,87.27999877929688,87.31999969482422,13764100.0
2019-06-25,87.30999755859375,87.30999755859375,86.88999938964844,86.94999694824219,26173600.0
2019-06-26,87.12000274658203,87.16000366210938,86.87999725341797,86.91000366210938,19554600.0
2019-06-27,87.05999755859375,87.19999694824219,87.0199966430664,87.1500015258789,12995100.0
2019-06-28,87.19999694824219,87.25,87.1500015258789,87.18000030517578,14690800.0
2019-07-01,87.12999725341797,87.26000213623047,86.80000305175781,86.81999969482422,26036100.0
2019-07-02,86.87999725341797,87.05999755859375,86.83999633789062,87.01000213623047,20683200.0
2019-07-03,87.05000305175781,87.38999938964844,87.02999877929688,87.33999633789062,16237900.0
2019-07-05,87.08000183105469,87.08999633789062,86.8499984741211,86.98999786376953,17591400.0
2019-07-08,86.94999694824219,86.94999694824219,86.80999755859375,86.81999969482422,16679400.0
2019-07-09,86.76000213623047,86.80000305175781,86.69999694824219,86.72000122070312,19189100.0
2019-07-10,86.93000030517578,87.08000183105469,86.88999938964844,86.95999908447266,24497000.0
2019-07-11,87.01000213623047,87.01000213623047,86.66999816894531,86.79000091552734,19191200.0
2019-07-12,86.79000091552734,86.94000244140625,86.72000122070312,86.93000030517578,21291200.0
2019-07-15,86.91000366210938,87.06999969482422,86.86000061035156,86.98999786376953,10735200.0
2019-07-16,86.9800033569336,86.9800033569336,86.7300033569336,86.80999755859375,20147200.0
2019-07-17,86.87999725341797,86.87999725341797,86.69000244140625,86.69999694824219,9361300.0
2019-07-18,86.70999908447266,86.76000213623047,86.51000213623047,86.73999786376953,17236600.0
2019-07-19,86.73999786376953,86.77999877929688,86.55999755859375,86.58999633789062,14771000.0
2019-07-22,86.69000244140625,86.87999725341797,86.6500015258789,86.87999725341797,12852800.0
2019-07-23,86.94999694824219,87.05999755859375,86.8499984741211,87.02999877929688,14051800.0
2019-07-24,87.01000213623047,87.11000061035156,86.98999786376953,87.0999984741211,12713700.0
2019-07-25,87.1500015258789,87.1500015258789,86.91000366210938,86.9800033569336,14272500.0
2019-07-26,87.12000274658203,87.19000244140625,87.08000183105469,87.16999816894531,8512700.0
2019-07-29,87.1500015258789,87.16000366210938,86.95999908447266,87.04000091552734,14731800.0
2019-07-30,86.9000015258789,87.08999633789062,86.83999633789062,87.08000183105469,13794100.0
2019-07-31,87.1500015258789,87.26000213623047,86.58000183105469,86.93000030517578,23449700.0
2019-08-01,86.55000305175781,86.98999786376953,86.48999786376953,86.5199966430664,28839000.0
2019-08-02,86.48999786376953,86.48999786376953,86.18000030517578,86.38999938964844,23559600.0
2019-08-05,85.87000274658203,85.87000274658203,85.3499984741211,85.48999786376953,47727900.0
2019-08-06,85.87000274658203,86.12000274658203,85.66999816894531,86.04000091552734,28695000.0
2019-08-07,85.69000244140625,86.12999725341797,85.44999694824219,86.02999877929688,38028500.0
2019-08-08,86.05000305175781,86.41999816894531,86.05000305175781,86.37000274658203,27074700.0
2019-08-09,86.22000122070312,86.3499984741211,86.08000183105469,86.25,19090800.0
2019-08-12,86.01000213623047,86.13999938964844,85.87999725341797,85.94999694824219,17466700.0
2019-08-13,85.94000244140625,86.41000366210938,85.87999725341797,86.33000183105469,30078600.0
2019-08-14,85.94000244140625,85.97000122070312,85.5,85.55999755859375,29745300.0
2019-08-15,85.70999908447266,85.9000015258789,85.6500015258789,85.80999755859375,27296500.0
2019-08-16,85.94000244140625,86.12999725341797,85.94000244140625,86.0999984741211,15780200.0
2019-08-19,86.26000213623047,86.36000061035156,86.22000122070312,86.3499984741211,13603000.0
2019-08-20,86.38999938964844,86.47000122070312,86.25,86.41999816894531,16126800.0
2019-08-21,86.63999938964844,86.8499984741211,86.58000183105469,86.79000091552734,18334300.0
2019-08-22,86.94000244140625,87.02999877929688,86.75,86.94999694824219,20677200.0
2019-08-23,86.79000091552734,87.13999938964844,86.4800033569336,86.55000305175781,30340300.0
2019-08-26,86.81999969482422,86.9800033569336,86.73999786376953,86.9800033569336,14187800.0
2019-08-27,87.1500015258789,87.18000030517578,86.79000091552734,86.94000244140625,14722700.0
2019-08-28,86.91999816894531,87.19000244140625,86.88999938964844,87.1500015258789,13576000.0
2019-08-29,87.33999633789062,87.41000366210938,87.19000244140625,87.23999786376953,16271400.0
2019-08-30,87.37999725341797,87.38999938964844,86.97000122070312,87.16000366210938,14413600.0
2019-09-03,86.72000122070312,86.72000122070312,86.38999938964844,86.54000091552734,20561500.0
2019-09-04,86.69000244140625,86.75,86.58999633789062,86.72000122070312,13526700.0
2019-09-05,86.80000305175781,87.12999725341797,86.77999877929688,87.05999755859375,23399100.0
2019-09-06,87.18000030517578,87.30000305175781,87.04000091552734,87.13999938964844,25162700.0
2019-09-09,87.19000244140625,87.26000213623047,87.0199966430664,87.2300033569336,17484200.0
2019-09-10,87.23999786376953,87.30999755859375,87.0999984741211,87.27999877929688,14055800.0
2019-09-11,87.2300033569336,87.30000305175781,87.16999816894531,87.2699966430664,13999200.0
2019-09-12,87.33999633789062,87.43000030517578,87.25,87.31999969482422,23246400.0
2019-09-13,87.16999816894531,87.30999755859375,87.11000061035156,87.16000366210938,34407300.0
2019-09-16,87.30000305175781,87.4800033569336,87.18000030517578,87.47000122070312,23020800.0
2019-09-17,87.5,87.52999877929688,87.33999633789062,87.5199966430664,14626400.0
2019-09-18,87.45999908447266,87.54000091552734,87.19000244140625,87.47000122070312,15913800.0
2019-09-19,87.41999816894531,87.54000091552734,87.33000183105469,87.37000274658203,13327000.0
2019-09-20,87.4000015258789,87.51000213623047,87.33999633789062,87.4800033569336,23298400.0
2019-09-23,87.41000366210938,87.51000213623047,87.38999938964844,87.44000244140625,15456800.0
2019-09-24,87.5199966430664,87.52999877929688,87.20999908447266,87.31999969482422,21934200.0
2019-09-25,87.25,87.29000091552734,87.02999877929688,87.2300033569336,15142100.0
2019-09-26,87.2300033569336,87.26000213623047,87.04000091552734,87.16999816894531,13873100.0
2019-09-27,87.16000366210938,87.2300033569336,87.0,87.06999969482422,13419200.0
2019-09-30,87.05999755859375,87.16999816894531,87.0199966430664,87.16999816894531,21827700.0
2019-10-01,86.83999633789062,86.86000061035156,86.55000305175781,86.62000274658203,27665700.0
2019-10-02,86.56999969482422,86.58000183105469,86.04000091552734,86.11000061035156,33789500.0
2019-10-03,86.12000274658203,86.23999786376953,85.75,86.16000366210938,30387800.0
2019-10-04,86.2699966430664,86.44000244140625,86.19999694824219,86.43000030517578,17588600.0
2019-10-07,86.37000274658203,86.48999786376953,86.25,86.36000061035156,14542500.0
2019-10-08,86.2699966430664,86.31999969482422,86.04000091552734,86.04000091552734,15471500.0
2019-10-09,86.2699966430664,86.37999725341797,86.25,86.30000305175781,11351300.0
2019-10-10,86.31999969482422,86.4800033569336,86.30000305175781,86.41000366210938,11092800.0
2019-10-11,86.63999938964844,86.83000183105469,86.56999969482422,86.7699966430664,18661400.0
2019-10-14,86.7699966430664,86.87000274658203,86.69000244140625,86.83000183105469,9842600.0
2019-10-15,86.83999633789062,87.06999969482422,86.80000305175781,87.0199966430664,26321500.0
2019-10-16,86.98999786376953,87.01000213623047,86.94000244140625,86.94999694824219,11813000.0
2019-10-17,87.01000213623047,87.0999984741211,87.0,87.06999969482422,14814300.0
2019-10-18,87.06999969482422,87.12999725341797,86.95999908447266,87.08999633789062,21363700.0
2019-10-21,87.16000366210938,87.16999816894531,87.11000061035156,87.12000274658203,10090400.0
2019-10-22,87.18000030517578,87.18000030517578,87.08000183105469,87.13999938964844,15464300.0
2019-10-23,87.1500015258789,87.2300033569336,87.08999633789062,87.22000122070312,9097500.0
2019-10-24,87.26000213623047,87.31999969482422,87.16999816894531,87.31999969482422,14832800.0
2019-10-25,87.30000305175781,87.41999816894531,87.30000305175781,87.38999938964844,11593600.0
2019-10-28,87.4000015258789,87.44000244140625,87.36000061035156,87.37999725341797,10646500.0
2019-10-29,87.37000274658203,87.4000015258789,87.19999694824219,87.22000122070312,10655700.0
2019-10-30,87.2699966430664,87.27999877929688,87.0,87.11000061035156,24566400.0
2019-10-31,87.08999633789062,87.0999984741211,86.79000091552734,86.80999755859375,24576400.0
2019-11-01,86.58999633789062,86.91000366210938,86.58000183105469,86.81999969482422,23894100.0
2019-11-04,86.9800033569336,87.05000305175781,86.94000244140625,87.0,14135800.0
2019-11-05,87.06999969482422,87.08000183105469,86.81999969482422,86.91000366210938,21946800.0
2019-11-06,86.91000366210938,86.91000366210938,86.77999877929688,86.80999755859375,8976900.0
2019-11-07,86.94000244140625,86.9800033569336,86.75,86.7699966430664,15077600.0
2019-11-08,86.76000213623047,86.87999725341797,86.63999938964844,86.8499984741211,11692800.0
2019-11-11,86.7699966430664,86.83999633789062,86.68000030517578,86.80000305175781,4933600.0
2019-11-12,86.75,86.88999938964844,86.7300033569336,86.81999969482422,14690200.0
2019-11-13,86.7300033569336,86.7699966430664,86.68000030517578,86.7300033569336,15333600.0
2019-11-14,86.73999786376953,86.80000305175781,86.6500015258789,86.68000030517578,14965100.0
2019-11-15,86.7699966430664,86.94999694824219,86.76000213623047,86.94000244140625,12996200.0
2019-11-18,86.87000274658203,86.9000015258789,86.79000091552734,86.83000183105469,13135800.0
2019-11-19,86.73999786376953,86.75,86.5199966430664,86.5199966430664,20175500.0
2019-11-20,86.47000122070312,86.58000183105469,86.33000183105469,86.33999633789062,22566100.0
2019-11-21,86.43000030517578,86.44999694824219,86.2699966430664,86.36000061035156,17853800.0
2019-11-22,86.48999786376953,86.69000244140625,86.4000015258789,86.69000244140625,20394800.0
2019-11-25,86.70999908447266,86.94000244140625,86.70999908447266,86.91999816894531,16885300.0
2019-11-26,86.94999694824219,87.0199966430664,86.9000015258789,87.0199966430664,11469400.0
2019-11-27,86.98999786376953,87.1500015258789,86.94999694824219,87.12999725341797,11814700.0
2019-11-29,87.11000061035156,87.11000061035156,86.93000030517578,86.94000244140625,11519500.0
2019-12-02,86.62999725341797,86.62999725341797,86.3499984741211,86.54000091552734,20966400.0
2019-12-03,86.33999633789062,86.47000122070312,86.23999786376953,86.41999816894531,29757200.0
2019-12-04,86.45999908447266,86.70999908447266,86.45999908447266,86.68000030517578,12406800.0
2019-12-05,86.73999786376953,86.80999755859375,86.58000183105469,86.80999755859375,18158900.0
2019-12-06,86.94999694824219,87.01000213623047,86.8499984741211,86.93000030517578,16094700.0
2019-12-09,86.9000015258789,87.0,86.9000015258789,86.93000030517578,18034300.0
2019-12-10,86.93000030517578,87.1500015258789,86.9000015258789,87.13999938964844,15117100.0
2019-12-11,87.16000366210938,87.33999633789062,87.08999633789062,87.31999969482422,14127500.0
2019-12-12,87.36000061035156,87.61000061035156,87.33000183105469,87.5199966430664,18958100.0
2019-12-13,87.55000305175781,87.6500015258789,87.5,87.61000061035156,18088100.0
2019-12-16,87.73999786376953,87.83000183105469,87.69999694824219,87.77999877929688,17517400.0
2019-12-17,87.79000091552734,88.05000305175781,87.79000091552734,88.05000305175781,18650700.0
2019-12-18,88.08999633789062,88.25,88.05999755859375,88.20999908447266,31575700.0
2019-12-19,87.91000366210938,87.93000030517578,87.72000122070312,87.8499984741211,29429300.0
2019-12-20,87.94999694824219,87.98999786376953,87.69999694824219,87.72000122070312,31918800.0
2019-12-23,87.75,87.80000305175781,87.7300033569336,87.76000213623047,9720200.0
2019-12-24,87.77999877929688,87.83000183105469,87.7300033569336,87.83000183105469,4854900.0
2019-12-26,87.94000244140625,87.98999786376953,87.88999938964844,87.95999908447266,11382700.0
2019-12-27,88.0199966430664,88.0199966430664,87.88999938964844,87.91999816894531,11627100.0
2019-12-30,88.0,88.0199966430664,87.7699966430664,87.86000061035156,12524300.0
2019-12-31,87.86000061035156,87.94999694824219,87.80999755859375,87.94000244140625,8310800.0
2020-01-02,88.0999984741211,88.31999969482422,88.05000305175781,88.30999755859375,15756600.0
2020-01-03,88.12000274658203,88.27999877929688,88.04000091552734,88.22000122070312,17342200.0
2020-01-06,88.11000061035156,88.18000030517578,88.05000305175781,88.12999725341797,17936900.0
2020-01-07,88.13999938964844,88.16000366210938,88.04000091552734,88.05000305175781,9640300.0
2020-01-08,88.06999969482422,88.2300033569336,88.0199966430664,88.12999725341797,16088100.0
2020-01-09,88.23999786376953,88.37000274658203,88.16999816894531,88.36000061035156,16649500.0
2020-01-10,88.37000274658203,88.41000366210938,88.30000305175781,88.38999938964844,16182900.0
2020-01-13,88.4000015258789,88.44999694824219,88.3499984741211,88.38999938964844,17762400.0
2020-01-14,88.37000274658203,88.48999786376953,88.27999877929688,88.37999725341797,29157100.0
2020-01-15,88.4000015258789,88.52999877929688,88.38999938964844,88.4000015258789,24637900.0
2020-01-16,88.47000122070312,88.52999877929688,88.37999725341797,88.43000030517578,22349200.0
2020-01-17,88.4800033569336,88.51000213623047,88.36000061035156,88.36000061035156,29626700.0
2020-01-21,88.33999633789062,88.43000030517578,88.16999816894531,88.16999816894531,19724900.0
2020-01-22,88.30999755859375,88.37000274658203,88.2300033569336,88.33000183105469,17731800.0
2020-01-23,88.18000030517578,88.19999694824219,88.0199966430664,88.05999755859375,28566200.0
2020-01-24,88.06999969482422,88.06999969482422,87.6500015258789,87.69000244140625,40838300.0
2020-01-27,87.23999786376953,87.37999725341797,86.95999908447266,87.0999984741211,41372700.0
2020-01-28,87.5,87.95999908447266,87.38999938964844,87.8499984741211,32628300.0
2020-01-29,87.97000122070312,88.2300033569336,87.77999877929688,87.80000305175781,17308200.0
2020-01-30,87.51000213623047,87.91000366210938,87.5,87.88999938964844,20103300.0
2020-01-31,87.80000305175781,87.80000305175781,87.38999938964844,87.52999877929688,35659700.0
2020-02-03,87.33000183105469,87.47000122070312,87.12999725341797,87.1500015258789,25754700.0
2020-02-04,87.5,87.69000244140625,87.4800033569336,87.66999816894531,25063800.0
2020-02-05,87.87999725341797,88.05999755859375,87.83999633789062,88.02999877929688,36687700.0
2020-02-06,88.0,88.1500015258789,87.87000274658203,88.0999984741211,18329900.0
2020-02-07,87.98999786376953,88.05000305175781,87.87999725341797,87.97000122070312,12865100.0
2020-02-10,87.94999694824219,88.0999984741211,87.87999725341797,88.08999633789062,14220000.0
2020-02-11,88.2699966430664,88.27999877929688,88.1500015258789,88.1500015258789,16821500.0
2020-02-12,88.31999969482422,88.45999908447266,88.26000213623047,88.37999725341797,26688200.0
2020-02-13,88.30999755859375,88.45999908447266,88.29000091552734,88.41000366210938,13297900.0
2020-02-14,88.44000244140625,88.48999786376953,88.3499984741211,88.4000015258789,11398800.0
2020-02-18,88.3499984741211,88.4000015258789,88.1500015258789,88.22000122070312,26635300.0
2020-02-19,88.30999755859375,88.37000274658203,88.25,88.26000213623047,18547500.0
2020-02-20,88.31999969482422,88.44000244140625,88.05999755859375,88.41000366210938,31277000.0
2020-02-21,88.33999633789062,88.37999725341797,88.16000366210938,88.33000183105469,23027000.0
2020-02-24,87.5,87.5999984741211,87.19999694824219,87.37999725341797,57828300.0
2020-02-25,87.76000213623047,87.80999755859375,86.69000244140625,86.7699966430664,68418000.0
2020-02-26,86.93000030517578,87.25,86.5999984741211,86.86000061035156,69233800.0
2020-02-27,86.12999725341797,86.69000244140625,85.5199966430664,85.69000244140625,72596300.0
2020-02-28,84.69000244140625,86.1500015258789,84.69000244140625,86.04000091552734,97472600.0
2020-03-02,85.63999938964844,86.4000015258789,85.2300033569336,86.30999755859375,72357700.0
2020-03-03,86.37999725341797,87.19000244140625,85.73999786376953,85.94000244140625,58721000.0
2020-03-04,86.66000366210938,87.16000366210938,86.58999633789062,87.12000274658203,52664700.0
2020-03-05,86.36000061035156,86.51000213623047,85.8499984741211,86.0199966430664,62455700.0
2020-03-06,84.52999877929688,85.27999877929688,84.08999633789062,85.05000305175781,69860600.0
2020-03-09,79.63999938964844,83.48999786376953,79.63999938964844,81.38999938964844,73609600.0
2020-03-10,82.62000274658203,82.87000274658203,81.12999725341797,82.63999938964844,57598000.0
2020-03-11,81.25,81.69000244140625,80.19999694824219,80.83999633789062,60006600.0
2020-03-12,76.37999725341797,80.25,76.2300033569336,77.61000061035156,82926400.0
2020-03-13,80.12999725341797,80.27999877929688,78.13999938964844,80.05000305175781,69164600.0
2020-03-16,75.72000122070312,77.6500015258789,74.30000305175781,75.6500015258789,43080100.0
2020-03-17,75.55000305175781,77.69999694824219,74.62999725341797,76.36000061035156,68569400.0
2020-03-18,73.8499984741211,74.75,71.91000366210938,72.98999786376953,54289800.0
2020-03-19,71.86000061035156,72.66999816894531,70.7699966430664,71.3499984741211,45706300.0
2020-03-20,71.41000366210938,72.13999938964844,69.41000366210938,69.75,55796500.0
2020-03-23,70.05000305175781,70.12000274658203,67.5199966430664,68.62999725341797,48862100.0
2020-03-24,70.08999633789062,71.94999694824219,69.9000015258789,71.45999908447266,51304000.0
2020-03-25,72.25,75.56999969482422,72.08000183105469,73.47000122070312,45692600.0
2020-03-26,74.01000213623047,76.83000183105469,73.69999694824219,76.83000183105469,41965200.0
2020-03-27,75.44000244140625,78.37000274658203,75.36000061035156,77.02999877929688,66536800.0
2020-03-30,77.0999984741211,78.04000091552734,76.63999938964844,77.69000244140625,35016900.0
2020-03-31,77.37000274658203,77.70999908447266,76.9800033569336,77.06999969482422,31103400.0
2020-04-01,75.18000030517578,75.2699966430664,74.37000274658203,74.58000183105469,36859100.0
2020-04-02,74.37000274658203,76.30000305175781,74.2300033569336,75.16000366210938,31824800.0
2020-04-03,75.0,75.19999694824219,73.31999969482422,73.55000305175781,39986200.0
2020-04-06,75.05999755859375,75.55999755859375,74.80999755859375,75.33999633789062,32347800.0
2020-04-07,76.43000030517578,76.72000122070312,75.23999786376953,75.33999633789062,35120800.0
2020-04-08,75.95999908447266,77.62999725341797,75.69000244140625,77.30000305175781,46291400.0
2020-04-09,81.97000122070312,84.05000305175781,81.48999786376953,82.36000061035156,88846900.0
2020-04-13,81.80999755859375,81.91999816894531,80.41999816894531,81.18000030517578,40390500.0
2020-04-14,81.91000366210938,82.08999633789062,80.97000122070312,81.5199966430664,37632800.0
2020-04-15,80.25,80.91000366210938,79.95999908447266,80.76000213623047,34367500.0
2020-04-16,80.55999755859375,80.75,79.93000030517578,80.68000030517578,25821900.0
2020-04-17,81.31999969482422,81.4000015258789,80.8499984741211,81.08999633789062,38251800.0
2020-04-20,80.29000091552734,80.79000091552734,79.72000122070312,79.87000274658203,24676200.0
2020-04-21,78.95999908447266,79.05999755859375,78.25,78.41000366210938,42335600.0
2020-04-22,79.26000213623047,79.37000274658203,78.83999633789062,79.0999984741211,15720900.0
2020-04-23,79.25,79.66000366210938,78.7300033569336,79.05999755859375,23896700.0
2020-04-24,79.12000274658203,79.2300033569336,78.16000366210938,78.31999969482422,37915200.0
2020-04-27,78.69999694824219,78.93000030517578,78.51000213623047,78.63999938964844,20550700.0
2020-04-28,79.06999969482422,79.12000274658203,78.44000244140625,78.87999725341797,23927600.0
2020-04-29,79.43000030517578,80.36000061035156,79.2699966430664,80.2699966430664,34838300.0
2020-04-30,79.8499984741211,80.55999755859375,79.52999877929688,80.43000030517578,34636000.0
2020-05-01,79.33999633789062,79.54000091552734,78.61000061035156,78.68000030517578,31859400.0
2020-05-04,78.52999877929688,78.87000274658203,78.19999694824219,78.56999969482422,20400900.0
2020-05-05,78.81999969482422,79.25,78.81999969482422,79.25,26484200.0
2020-05-06,79.33000183105469,79.43000030517578,78.7699966430664,78.80000305175781,18823300.0
2020-05-07,79.19999694824219,79.70999908447266,78.97000122070312,79.0,19581700.0
2020-05-08,79.33000183105469,79.76000213623047,79.2699966430664,79.75,21770400.0
2020-05-11,79.58000183105469,79.72000122070312,79.33999633789062,79.38999938964844,14285100.0
2020-05-12,79.91000366210938,80.0,79.29000091552734,79.29000091552734,25332700.0
2020-05-13,79.3499984741211,79.41999816894531,78.73999786376953,78.87000274658203,29962000.0
2020-05-14,78.45999908447266,78.9000015258789,77.9800033569336,78.5999984741211,30429100.0
2020-05-15,78.37000274658203,78.83999633789062,78.16999816894531,78.70999908447266,34133400.0
2020-05-18,79.95999908447266,80.16000366210938,79.66000366210938,80.0999984741211,31900200.0
2020-05-19,80.04000091552734,80.43000030517578,79.88999938964844,80.19999694824219,18536500.0
2020-05-20,80.62000274658203,81.25,80.55000305175781,81.05000305175781,36053700.0
2020-05-21,81.02999877929688,81.2300033569336,80.80000305175781,81.02999877929688,23307300.0
2020-05-22,80.94999694824219,81.33000183105469,80.80999755859375,81.2300033569336,11311900.0
2020-05-26,81.83000183105469,82.16000366210938,81.18000030517578,81.83999633789062,27673800.0
2020-05-27,82.41999816894531,82.44999694824219,81.66000366210938,82.01000213623047,24905000.0
2020-05-28,82.12999725341797,82.55000305175781,81.94000244140625,82.08999633789062,23282500.0
2020-05-29,82.05000305175781,82.62000274658203,81.87999725341797,82.41999816894531,32189000.0
2020-06-01,81.94000244140625,82.75,81.81999969482422,82.72000122070312,46987000.0
2020-06-02,82.8499984741211,83.58000183105469,82.62000274658203,83.54000091552734,35930900.0
2020-06-03,83.87999725341797,84.37999725341797,83.77999877929688,83.93000030517578,35991000.0
2020-06-04,83.83999633789062,83.9800033569336,83.5199966430664,83.66999816894531,36405800.0
2020-06-05,84.56999969482422,85.02999877929688,84.4000015258789,84.45999908447266,35306500.0
2020-06-08,84.66000366210938,84.68000030517578,84.3499984741211,84.55999755859375,20493100.0
2020-06-09,84.11000061035156,84.1500015258789,83.58000183105469,83.9000015258789,28412400.0
2020-06-10,83.79000091552734,84.22000122070312,83.26000213623047,83.77999877929688,36663100.0
2020-06-11,82.58000183105469,82.62000274658203,81.47000122070312,81.62999725341797,48794500.0
2020-06-12,82.73999786376953,82.87000274658203,81.8499984741211,82.44000244140625,36156800.0
2020-06-15,81.9000015258789,83.77999877929688,81.72000122070312,83.23999786376953,39432300.0
2020-06-16,84.25,84.33000183105469,83.30999755859375,83.58000183105469,40976300.0
2020-06-17,83.5199966430664,83.62000274658203,83.1500015258789,83.19000244140625,17066700.0
2020-06-18,82.95999908447266,83.20999908447266,82.83000183105469,83.16000366210938,22223600.0
2020-06-19,83.31999969482422,83.37000274658203,82.70999908447266,82.87999725341797,32037600.0
2020-06-22,82.87000274658203,83.02999877929688,82.69000244140625,82.81999969482422,21536000.0
2020-06-23,83.11000061035156,83.13999938964844,82.88999938964844,82.94000244140625,17438000.0
2020-06-24,82.68000030517578,82.77999877929688,81.54000091552734,82.08999633789062,43720600.0
2020-06-25,81.87000274658203,82.16999816894531,81.48999786376953,82.12000274658203,31159700.0
2020-06-26,82.01000213623047,82.01000213623047,81.2300033569336,81.33999633789062,33705800.0
2020-06-29,81.44000244140625,81.44999694824219,80.4800033569336,80.87999725341797,76540200.0
2020-06-30,81.1500015258789,81.80000305175781,81.08000183105469,81.62000274658203,40554300.0
2020-07-01,81.41000366210938,81.7699966430664,81.41000366210938,81.52999877929688,28799100.0
2020-07-02,82.23999786376953,82.51000213623047,81.97000122070312,82.12999725341797,30623300.0
2020-07-06,82.62000274658203,82.73999786376953,82.41000366210938,82.72000122070312,22888200.0
2020-07-07,82.62999725341797,82.83999633789062,82.12999725341797,82.16999816894531,22408000.0
2020-07-08,82.12999725341797,82.5,82.12000274658203,82.38999938964844,21155700.0
2020-07-09,82.38999938964844,82.45999908447266,81.83000183105469,82.20999908447266,21655600.0
2020-07-10,82.06999969482422,82.54000091552734,81.9800033569336,82.48999786376953,17903400.0
2020-07-13,82.80000305175781,82.91000366210938,82.02999877929688,82.04000091552734,20039400.0
2020-07-14,82.04000091552734,82.77999877929688,82.04000091552734,82.73999786376953,31929700.0
2020-07-15,83.23999786376953,83.30999755859375,82.91000366210938,83.20999908447266,21291300.0
2020-07-16,83.16000366210938,83.30000305175781,83.08000183105469,83.29000091552734,17570400.0
2020-07-17,83.4800033569336,83.55000305175781,83.20999908447266,83.5199966430664,22863700.0
2020-07-20,83.58999633789062,84.05999755859375,83.51000213623047,84.0199966430664,16701600.0
2020-07-21,84.30000305175781,84.58000183105469,84.2699966430664,84.41000366210938,22331600.0
2020-07-22,84.5,84.62000274658203,84.33999633789062,84.58000183105469,15251400.0
2020-07-23,84.56999969482422,84.62000274658203,83.97000122070312,84.5199966430664,28434900.0
2020-07-24,84.33999633789062,84.69999694824219,84.30000305175781,84.5999984741211,14977500.0
2020-07-27,84.7300033569336,84.81999969482422,84.51000213623047,84.80000305175781,12931500.0
2020-07-28,84.72000122070312,84.80000305175781,84.5,84.58000183105469,14862900.0
2020-07-29,84.83999633789062,85.11000061035156,84.69999694824219,85.05000305175781,18012800.0
2020-07-30,84.77999877929688,85.2699966430664,84.73999786376953,85.2300033569336,54812400.0
2020-07-31,85.19999694824219,85.4000015258789,84.9000015258789,85.38999938964844,28623100.0
2020-08-03,85.02999877929688,85.11000061035156,84.8499984741211,85.06999969482422,17480600.0
2020-08-04,84.97000122070312,85.06999969482422,84.80000305175781,85.04000091552734,17120700.0
2020-08-05,85.05999755859375,85.2300033569336,85.01000213623047,85.19000244140625,14566000.0
2020-08-06,85.19000244140625,85.4000015258789,85.0999984741211,85.37999725341797,13258600.0
2020-08-07,85.3499984741211,85.3499984741211,85.05000305175781,85.16999816894531,14289900.0
2020-08-10,85.26000213623047,85.30000305175781,85.01000213623047,85.20999908447266,13708700.0
2020-08-11,85.25,85.2699966430664,84.4000015258789,84.44000244140625,20535400.0
2020-08-12,84.80999755859375,85.0199966430664,84.45999908447266,84.45999908447266,18003400.0
2020-08-13,84.4800033569336,84.80999755859375,84.1500015258789,84.2300033569336,28444900.0
2020-08-14,84.20999908447266,84.30000305175781,83.91999816894531,84.08000183105469,14072300.0
2020-08-17,84.16000366210938,84.62000274658203,84.0999984741211,84.58000183105469,13756500.0
2020-08-18,84.62000274658203,84.7699966430664,84.41000366210938,84.70999908447266,24900300.0
2020-08-19,84.66999816894531,84.79000091552734,84.37000274658203,84.47000122070312,18738300.0
2020-08-20,84.33000183105469,84.75,84.31999969482422,84.75,19912800.0
2020-08-21,84.75,84.80999755859375,84.62999725341797,84.73999786376953,17570600.0
2020-08-24,84.9000015258789,85.16999816894531,84.88999938964844,85.12999725341797,16058100.0
2020-08-25,85.13999938964844,85.27999877929688,84.91000366210938,85.22000122070312,24018600.0
2020-08-26,85.2300033569336,85.37000274658203,85.16999816894531,85.20999908447266,16243100.0
2020-08-27,85.31999969482422,85.3499984741211,84.9000015258789,85.08000183105469,19861800.0
2020-08-28,85.12999725341797,85.2699966430664,85.08999633789062,85.1500015258789,14418500.0
2020-08-31,85.12999725341797,85.2300033569336,84.98999786376953,85.02999877929688,21473800.0
2020-09-01,84.70999908447266,85.2300033569336,84.63999938964844,85.1500015258789,22774200.0
2020-09-02,85.19999694824219,85.38999938964844,84.94999694824219,85.25,15878600.0
2020-09-03,85.0999984741211,85.12000274658203,84.37000274658203,84.72000122070312,34169800.0
2020-09-04,84.80000305175781,84.94000244140625,83.9800033569336,84.48999786376953,36087300.0
2020-09-08,84.13999938964844,84.41000366210938,83.91000366210938,84.0199966430664,34967600.0
2020-09-09,84.37999725341797,84.73999786376953,84.25,84.68000030517578,32976800.0
2020-09-10,84.80999755859375,84.83000183105469,84.25,84.27999877929688,32866300.0
2020-09-11,84.33999633789062,84.48999786376953,84.0999984741211,84.44999694824219,20807100.0
2020-09-14,84.62000274658203,84.69999694824219,84.2699966430664,84.36000061035156,28958000.0
2020-09-15,84.55000305175781,84.72000122070312,84.44000244140625,84.58999633789062,22176900.0
2020-09-16,84.6500015258789,84.98999786376953,84.51000213623047,84.58999633789062,26951200.0
2020-09-17,84.30999755859375,84.66000366210938,84.2300033569336,84.5,25752400.0
2020-09-18,84.66999816894531,84.69000244140625,84.25,84.29000091552734,29891800.0
2020-09-21,83.93000030517578,84.02999877929688,83.37999725341797,83.61000061035156,42968900.0
2020-09-22,83.70999908447266,83.94999694824219,83.5199966430664,83.9000015258789,41396800.0
2020-09-23,83.9800033569336,83.9800033569336,82.95999908447266,83.05000305175781,39577800.0
2020-09-24,82.87000274658203,83.33999633789062,82.55999755859375,83.0999984741211,38755800.0
2020-09-25,83.0,83.16000366210938,82.76000213623047,82.94999694824219,36032200.0
2020-09-28,83.37999725341797,83.62000274658203,83.19000244140625,83.48999786376953,20277000.0
2020-09-29,83.55999755859375,83.61000061035156,83.29000091552734,83.55999755859375,20243400.0
2020-09-30,83.55999755859375,84.02999877929688,83.55000305175781,83.9000015258789,28797600.0
2020-10-01,83.80999755859375,83.88999938964844,83.69000244140625,83.83000183105469,31098000.0
2020-10-02,83.27999877929688,83.87000274658203,83.27999877929688,83.83000183105469,26284300.0
2020-10-05,83.98999786376953,84.4800033569336,83.91999816894531,84.45999908447266,27394000.0
2020-10-06,84.4800033569336,84.75,84.22000122070312,84.2699966430664,37848500.0
2020-10-07,84.5199966430664,84.62999725341797,84.47000122070312,84.56999969482422,20968200.0
2020-10-08,84.83999633789062,84.8499984741211,84.63999938964844,84.76000213623047,18738800.0
2020-10-09,84.88999938964844,85.02999877929688,84.76000213623047,84.94999694824219,21287800.0
2020-10-12,85.22000122070312,85.47000122070312,85.12999725341797,85.37999725341797,10503400.0
2020-10-13,85.16000366210938,85.26000213623047,84.93000030517578,85.0,25183100.0
2020-10-14,84.95999908447266,85.0199966430664,84.72000122070312,84.79000091552734,31620600.0
2020-10-15,84.44999694824219,84.77999877929688,84.31999969482422,84.7300033569336,32232100.0
2020-10-16,84.86000061035156,84.94000244140625,84.5199966430664,84.62999725341797,27456900.0
2020-10-19,84.80000305175781,84.86000061035156,84.30000305175781,84.33000183105469,20998100.0
2020-10-20,84.4800033569336,84.7699966430664,84.47000122070312,84.62999725341797,27650700.0
2020-10-21,84.62000274658203,84.80000305175781,84.52999877929688,84.62000274658203,26901600.0
2020-10-22,84.61000061035156,84.83999633789062,84.44999694824219,84.7699966430664,28977800.0
2020-10-23,84.9000015258789,84.91999816894531,84.66999816894531,84.87000274658203,20734700.0
2020-10-26,84.55999755859375,84.62000274658203,84.08999633789062,84.12000274658203,50102400.0
2020-10-27,84.18000030517578,84.33999633789062,84.12000274658203,84.16000366210938,30880900.0
2020-10-28,83.61000061035156,83.72000122070312,83.30999755859375,83.45999908447266,45794300.0
2020-10-29,83.4000015258789,83.73999786376953,83.2699966430664,83.69999694824219,37112600.0
2020-10-30,83.62999725341797,83.91999816894531,83.43000030517578,83.87999725341797,36801700.0
2020-11-02,83.77999877929688,83.8499984741211,83.48999786376953,83.72000122070312,25665400.0
2020-11-03,83.88999938964844,84.44000244140625,83.88999938964844,84.44000244140625,39777600.0
2020-11-04,84.69000244140625,85.41000366210938,84.66000366210938,85.2300033569336,57673400.0
2020-11-05,85.63999938964844,85.87999725341797,85.41999816894531,85.52999877929688,55079000.0
2020-11-06,85.55999755859375,85.58000183105469,85.11000061035156,85.2300033569336,25953400.0
2020-11-09,86.87999725341797,86.9000015258789,85.83999633789062,85.87999725341797,59347100.0
2020-11-10,85.77999877929688,86.05999755859375,83.37999725341797,85.76000213623047,39295700.0
2020-11-11,85.91999816894531,85.93000030517578,85.62999725341797,85.7300033569336,14416200.0
2020-11-12,85.6500015258789,85.6500015258789,85.1500015258789,85.1500015258789,43300100.0
2020-11-13,85.25,85.52999877929688,85.23999786376953,85.44000244140625,20277100.0
2020-11-16,85.9000015258789,85.95999908447266,85.69000244140625,85.91999816894531,28350400.0
2020-11-17,85.77999877929688,86.11000061035156,85.72000122070312,85.94999694824219,23747100.0
2020-11-18,86.04000091552734,86.13999938964844,85.76000213623047,85.79000091552734,22098900.0
2020-11-19,85.70999908447266,86.13999938964844,85.6500015258789,86.08000183105469,21704200.0
2020-11-20,85.91999816894531,86.0199966430664,85.8499984741211,85.91999816894531,48530200.0
2020-11-23,86.13999938964844,86.20999908447266,85.95999908447266,86.05000305175781,23790600.0
2020-11-24,86.31999969482422,86.5199966430664,86.20999908447266,86.30999755859375,26080100.0
2020-11-25,86.30000305175781,86.41999816894531,86.19000244140625,86.2699966430664,26510900.0
2020-11-27,86.43000030517578,86.5,86.38999938964844,86.41000366210938,7338500.0
2020-11-30,86.43000030517578,86.43000030517578,86.1500015258789,86.31999969482422,24256900.0
2020-12-01,86.25,86.38999938964844,86.18000030517578,86.19999694824219,26256700.0
2020-12-02,86.22000122070312,86.55000305175781,86.1500015258789,86.44000244140625,23705000.0
2020-12-03,86.5199966430664,86.69999694824219,86.44000244140625,86.48999786376953,20748400.0
2020-12-04,86.66999816894531,86.9000015258789,86.5199966430664,86.8499984741211,19362000.0
2020-12-07,86.80000305175781,86.83999633789062,86.68000030517578,86.80999755859375,17811300.0
2020-12-08,86.7699966430664,86.8499984741211,86.69999694824219,86.73999786376953,21408300.0
2020-12-09,86.8499984741211,86.8499984741211,86.48999786376953,86.61000061035156,36608500.0
2020-12-10,86.4800033569336,86.87999725341797,86.45999908447266,86.7699966430664,24251500.0
2020-12-11,86.72000122070312,86.86000061035156,86.54000091552734,86.68000030517578,17699600.0
2020-12-14,86.83000183105469,86.87999725341797,86.5999984741211,86.69999694824219,20705200.0
2020-12-15,86.8499984741211,87.0,86.68000030517578,86.97000122070312,25052800.0
2020-12-16,86.94000244140625,86.97000122070312,86.5999984741211,86.83999633789062,42386700.0
2020-12-17,86.58999633789062,86.68000030517578,86.51000213623047,86.61000061035156,23911400.0
2020-12-18,86.6500015258789,86.72000122070312,86.55000305175781,86.68000030517578,26741200.0
2020-12-21,86.37999725341797,86.55000305175781,86.22000122070312,86.37000274658203,30308300.0
2020-12-22,86.43000030517578,86.54000091552734,86.3499984741211,86.4800033569336,21975100.0
2020-12-23,86.62000274658203,86.91000366210938,86.5999984741211,86.87000274658203,15913900.0
2020-12-24,86.94999694824219,87.05000305175781,86.94000244140625,87.05000305175781,7327300.0
2020-12-28,87.18000030517578,87.2300033569336,87.04000091552734,87.16000366210938,22575500.0
2020-12-29,87.30999755859375,87.30999755859375,87.04000091552734,87.05000305175781,22893000.0
2020-12-30,87.08000183105469,87.27999877929688,87.08000183105469,87.2300033569336,21080100.0
2020-12-31,87.20999908447266,87.33999633789062,87.16999816894531,87.30000305175781,12059900.0
2021-01-04,87.4000015258789,87.4000015258789,86.87000274658203,87.12000274658203,34528300.0
2021-01-05,87.0199966430664,87.25,86.9800033569336,87.1500015258789,33725500.0
2021-01-06,87.08999633789062,87.33999633789062,86.97000122070312,86.98999786376953,37148100.0
2021-01-07,87.18000030517578,87.37000274658203,87.12999725341797,87.23999786376953,25868200.0
2021-01-08,87.3499984741211,87.37999725341797,87.13999938964844,87.37000274658203,27403600.0
2021-01-11,87.0199966430664,87.16999816894531,86.88999938964844,86.9000015258789,26608000.0
2021-01-12,86.88999938964844,87.06999969482422,86.79000091552734,87.01000213623047,41746100.0
2021-01-13,86.9800033569336,87.30999755859375,86.94999694824219,87.2699966430664,47710300.0
2021-01-14,87.2699966430664,87.37999725341797,87.22000122070312,87.25,25484800.0
2021-01-15,87.13999938964844,87.2699966430664,87.05000305175781,87.11000061035156,48134800.0
2021-01-19,87.3499984741211,87.37999725341797,87.1500015258789,87.36000061035156,24270500.0
2021-01-20,87.62000274658203,87.62000274658203,87.37000274658203,87.5199966430664,24534700.0
2021-01-21,87.47000122070312,87.56999969482422,87.37999725341797,87.47000122070312,20451400.0
2021-01-22,87.27999877929688,87.38999938964844,87.18000030517578,87.30000305175781,26615900.0
2021-01-25,87.30000305175781,87.33999633789062,87.02999877929688,87.31999969482422,28718200.0
2021-01-26,87.29000091552734,87.33000183105469,87.18000030517578,87.19000244140625,39103500.0
2021-01-27,87.0199966430664,87.22000122070312,86.80999755859375,86.94000244140625,46378600.0
2021-01-28,87.16000366210938,87.48999786376953,87.13999938964844,87.19999694824219,38836200.0
2021-01-29,87.12999725341797,87.37000274658203,86.88999938964844,86.97000122070312,46095900.0
2021-02-01,86.80999755859375,86.97000122070312,86.66000366210938,86.93000030517578,35620700.0
2021-02-02,87.1500015258789,87.26000213623047,87.08999633789062,87.13999938964844,29522300.0
2021-02-03,87.19999694824219,87.36000061035156,87.16999816894531,87.20999908447266,31911000.0
2021-02-04,87.3499984741211,87.47000122070312,87.30999755859375,87.38999938964844,21181100.0
2021-02-05,87.62999725341797,87.6500015258789,87.4800033569336,87.5199966430664,21653100.0
2021-02-08,87.58999633789062,87.77999877929688,87.55999755859375,87.77999877929688,16590100.0
2021-02-09,87.6500015258789,87.7300033569336,87.56999969482422,87.62000274658203,14404300.0
2021-02-10,87.62000274658203,87.68000030517578,87.47000122070312,87.5999984741211,20469400.0
2021-02-11,87.63999938964844,87.68000030517578,87.54000091552734,87.63999938964844,17047200.0
2021-02-12,87.55000305175781,87.79000091552734,87.55000305175781,87.77999877929688,17800100.0
2021-02-16,87.7300033569336,87.73999786376953,87.56999969482422,87.63999938964844,22264400.0
2021-02-17,87.45999908447266,87.61000061035156,87.43000030517578,87.61000061035156,20276700.0
2021-02-18,87.47000122070312,87.58999633789062,87.38999938964844,87.48999786376953,26366700.0
2021-02-19,87.62999725341797,87.62999725341797,87.4800033569336,87.5,28124800.0
2021-02-22,87.37000274658203,87.45999908447266,87.2300033569336,87.2300033569336,25455400.0
2021-02-23,87.19000244140625,87.51000213623047,87.01000213623047,87.44000244140625,29015900.0
2021-02-24,87.30999755859375,87.52999877929688,87.2300033569336,87.52999877929688,21791800.0
2021-02-25,87.33000183105469,87.41999816894531,86.5999984741211,86.69999694824219,59413400.0
2021-02-26,86.87999725341797,86.91999816894531,86.41000366210938,86.44000244140625,46615300.0
2021-03-01,86.66999816894531,87.16000366210938,86.55999755859375,87.0999984741211,48014200.0
2021-03-02,87.1500015258789,87.16000366210938,86.93000030517578,86.97000122070312,23988500.0
2021-03-03,86.83999633789062,86.91000366210938,86.66000366210938,86.69000244140625,30197000.0
2021-03-04,86.75,86.94999694824219,86.08000183105469,86.36000061035156,49020300.0
2021-03-05,86.48999786376953,86.72000122070312,86.08999633789062,86.62000274658203,46950100.0
2021-03-08,86.56999969482422,86.63999938964844,85.97000122070312,85.98999786376953,39868700.0
2021-03-09,86.22000122070312,86.44999694824219,86.08000183105469,86.11000061035156,31441100.0
2021-03-10,86.22000122070312,86.5,86.1500015258789,86.37999725341797,23776600.0
2021-03-11,86.58000183105469,86.86000061035156,86.58000183105469,86.69999694824219,27728500.0
2021-03-12,86.55999755859375,86.5999984741211,86.37000274658203,86.45999908447266,21842000.0
2021-03-15,86.4000015258789,86.55000305175781,86.30999755859375,86.47000122070312,14719400.0
2021-03-16,86.43000030517578,86.48999786376953,86.18000030517578,86.2699966430664,22931400.0
2021-03-17,86.0999984741211,86.6500015258789,86.04000091552734,86.38999938964844,28345800.0
2021-03-18,86.05999755859375,86.16999816894531,85.70999908447266,85.7300033569336,37150300.0
2021-03-19,85.86000061035156,86.1500015258789,85.6500015258789,86.05999755859375,47467800.0
2021-03-22,86.19999694824219,86.5199966430664,86.1500015258789,86.37000274658203,32979500.0
2021-03-23,86.3499984741211,86.5,86.25,86.45999908447266,24705800.0
2021-03-24,86.54000091552734,86.80000305175781,86.51000213623047,86.51000213623047,31374500.0
2021-03-25,86.44999694824219,86.66000366210938,86.36000061035156,86.66000366210938,24070300.0
2021-03-26,86.76000213623047,86.93000030517578,86.56999969482422,86.91999816894531,25948000.0
2021-03-29,86.86000061035156,87.0,86.69999694824219,86.97000122070312,17447500.0
2021-03-30,86.83000183105469,86.87999725341797,86.73999786376953,86.76000213623047,19622100.0
2021-03-31,86.86000061035156,87.20999908447266,86.8499984741211,87.18000030517578,41604700.0
2021-04-01,86.97000122070312,87.06999969482422,86.8499984741211,87.06999969482422,30806600.0
2021-04-05,87.08000183105469,87.18000030517578,87.04000091552734,87.11000061035156,20758300.0
2021-04-06,87.12999725341797,87.30000305175781,87.12999725341797,87.26000213623047,15367900.0
2021-04-07,87.27999877929688,87.31999969482422,87.16999816894531,87.2300033569336,15645400.0
2021-04-08,87.33000183105469,87.36000061035156,87.23999786376953,87.26000213623047,11052100.0
2021-04-09,87.1500015258789,87.20999908447266,87.0999984741211,87.19999694824219,17413100.0
2021-04-12,87.0999984741211,87.13999938964844,87.0199966430664,87.11000061035156,15464500.0
2021-04-13,87.01000213623047,87.19999694824219,86.91000366210938,87.16999816894531,20643500.0
2021-04-14,87.19000244140625,87.29000091552734,87.08999633789062,87.12999725341797,17992800.0
2021-04-15,87.33000183105469,87.4800033569336,87.2699966430664,87.4800033569336,20944400.0
2021-04-16,87.5,87.52999877929688,87.30000305175781,87.30000305175781,32509300.0
2021-04-19,87.19999694824219,87.29000091552734,87.12000274658203,87.16000366210938,23904900.0
2021-04-20,87.05999755859375,87.13999938964844,86.95999908447266,87.01000213623047,22901000.0
2021-04-21,86.97000122070312,87.30000305175781,86.95999908447266,87.30000305175781,19527000.0
2021-04-22,87.31999969482422,87.33000183105469,87.12000274658203,87.13999938964844,18506500.0
2021-04-23,87.19999694824219,87.44999694824219,87.19000244140625,87.37000274658203,14388700.0
2021-04-26,87.37999725341797,87.4800033569336,87.29000091552734,87.33000183105469,12746100.0
2021-04-27,87.37999725341797,87.37999725341797,87.20999908447266,87.20999908447266,17660600.0
2021-04-28,87.23999786376953,87.44999694824219,87.16999816894531,87.37999725341797,14795000.0
2021-04-29,87.55000305175781,87.55000305175781,87.3499984741211,87.4800033569336,17152900.0
2021-04-30,87.37000274658203,87.48999786376953,87.3499984741211,87.44000244140625,23367500.0
2021-05-03,87.2300033569336,87.33000183105469,87.16999816894531,87.18000030517578,15782400.0
2021-05-04,87.11000061035156,87.1500015258789,86.97000122070312,87.12999725341797,23089700.0
2021-05-05,87.19000244140625,87.31999969482422,87.16999816894531,87.30000305175781,13676300.0
2021-05-06,87.29000091552734,87.33999633789062,87.1500015258789,87.2699966430664,23110100.0
2021-05-07,87.3499984741211,87.41000366210938,87.2300033569336,87.33000183105469,17872700.0
2021-05-10,87.36000061035156,87.37999725341797,87.12999725341797,87.12999725341797,16580800.0
2021-05-11,86.9000015258789,87.08999633789062,86.80999755859375,87.04000091552734,28683600.0
2021-05-12,86.91999816894531,86.9800033569336,86.62000274658203,86.62000274658203,31630100.0
2021-05-13,86.7699966430664,87.0,86.76000213623047,86.93000030517578,28689600.0
2021-05-14,87.05000305175781,87.20999908447266,87.0199966430664,87.20999908447266,22550800.0
2021-05-17,87.19999694824219,87.20999908447266,86.98999786376953,87.05000305175781,13545000.0
2021-05-18,87.16999816894531,87.16999816894531,86.83000183105469,86.83999633789062,16447500.0
2021-05-19,86.5999984741211,86.83999633789062,86.56999969482422,86.61000061035156,34701000.0
2021-05-20,86.68000030517578,87.33999633789062,86.68000030517578,86.9800033569336,28013700.0
2021-05-21,87.08000183105469,87.12999725341797,86.91999816894531,87.11000061035156,36466200.0
2021-05-24,87.18000030517578,87.30999755859375,87.0999984741211,87.20999908447266,24277800.0
2021-05-25,87.26000213623047,87.27999877929688,87.13999938964844,87.22000122070312,15466600.0
2021-05-26,87.16000366210938,87.2699966430664,87.16000366210938,87.25,14354900.0
2021-05-27,87.37999725341797,87.37999725341797,87.19999694824219,87.20999908447266,12682100.0
2021-05-28,87.30000305175781,87.3499984741211,87.18000030517578,87.18000030517578,15464100.0
2021-06-01,87.05999755859375,87.16000366210938,87.0,87.1500015258789,22655300.0
2021-06-02,87.1500015258789,87.2699966430664,87.12000274658203,87.26000213623047,13698300.0
2021-06-03,87.02999877929688,87.2300033569336,86.98999786376953,87.08000183105469,16701800.0
2021-06-04,87.2300033569336,87.30999755859375,87.16999816894531,87.2699966430664,26829200.0
2021-06-07,87.29000091552734,87.3499984741211,87.26000213623047,87.30000305175781,9189800.0
2021-06-08,87.44000244140625,87.44000244140625,87.30999755859375,87.36000061035156,10983900.0
2021-06-09,87.47000122070312,87.48999786376953,87.4000015258789,87.43000030517578,13232200.0
2021-06-10,87.5,87.66000366210938,87.45999908447266,87.58999633789062,15290000.0
2021-06-11,87.6500015258789,87.69000244140625,87.55000305175781,87.62000274658203,12559600.0
2021-06-14,87.58999633789062,87.58999633789062,87.47000122070312,87.54000091552734,19408600.0
2021-06-15,87.4800033569336,87.56999969482422,87.44000244140625,87.52999877929688,16037000.0
2021-06-16,87.52999877929688,87.56999969482422,87.26000213623047,87.41000366210938,21267200.0
2021-06-17,87.45999908447266,87.5,87.37999725341797,87.47000122070312,21099000.0
2021-06-18,87.33999633789062,87.44999694824219,87.29000091552734,87.43000030517578,35134500.0
2021-06-21,87.5199966430664,87.5999984741211,87.44999694824219,87.5999984741211,21265000.0
2021-06-22,87.56999969482422,87.66000366210938,87.5199966430664,87.66000366210938,14604400.0
2021-06-23,87.62999725341797,87.75,87.56999969482422,87.56999969482422,16583100.0
2021-06-24,87.73999786376953,87.83999633789062,87.69999694824219,87.83999633789062,12722300.0
2021-06-25,87.8499984741211,87.94999694824219,87.83000183105469,87.93000030517578,16175000.0
2021-06-28,87.97000122070312,87.97000122070312,87.86000061035156,87.91999816894531,16019300.0
2021-06-29,87.94000244140625,88.02999877929688,87.93000030517578,88.02999877929688,12728000.0
2021-06-30,87.97000122070312,88.06999969482422,87.95999908447266,88.04000091552734,26093500.0
2021-07-01,87.83000183105469,87.91999816894531,87.80999755859375,87.91999816894531,31932400.0
2021-07-02,87.95999908447266,88.06999969482422,87.91999816894531,88.05999755859375,11464800.0
2021-07-06,88.05999755859375,88.08000183105469,87.94000244140625,88.01000213623047,17784300.0
2021-07-07,88.08999633789062,88.0999984741211,87.93000030517578,88.04000091552734,11463700.0
2021-07-08,87.80999755859375,87.93000030517578,87.7699966430664,87.8499984741211,21936400.0
2021-07-09,87.87999725341797,88.0199966430664,87.87000274658203,88.0,17698100.0
2021-07-12,88.0,88.0199966430664,87.88999938964844,87.97000122070312,17546700.0
2021-07-13,87.91999816894531,87.95999908447266,87.69999694824219,87.70999908447266,26938600.0
2021-07-14,87.80999755859375,87.87999725341797,87.73999786376953,87.8499984741211,16100200.0
2021-07-15,87.7699966430664,87.81999969482422,87.72000122070312,87.79000091552734,16384800.0
2021-07-16,87.83999633789062,87.83999633789062,87.63999938964844,87.66999816894531,17820400.0
2021-07-19,87.45999908447266,87.48999786376953,86.9800033569336,87.08000183105469,54224700.0
2021-07-20,87.16000366210938,87.52999877929688,87.08000183105469,87.5199966430664,26941300.0
2021-07-21,87.58000183105469,87.76000213623047,87.55999755859375,87.7300033569336,18522600.0
2021-07-22,87.73999786376953,87.8499984741211,87.6500015258789,87.77999877929688,17110500.0
2021-07-23,87.87999725341797,87.98999786376953,87.83000183105469,87.94999694824219,19441000.0
2021-07-26,87.91999816894531,87.97000122070312,87.77999877929688,87.81999969482422,15282700.0
2021-07-27,87.69999694824219,87.7699966430664,87.55999755859375,87.69999694824219,19919000.0
2021-07-28,87.80000305175781,87.8499984741211,87.66999816894531,87.7699966430664,15129200.0
2021-07-29,87.83000183105469,88.0,87.83000183105469,87.95999908447266,18675000.0
2021-07-30,87.93000030517578,87.97000122070312,87.83999633789062,87.83999633789062,21062100.0
2021-08-02,87.66999816894531,87.69000244140625,87.33999633789062,87.33999633789062,27274400.0
2021-08-03,87.38999938964844,87.45999908447266,87.27999877929688,87.44000244140625,16058700.0
2021-08-04,87.37000274658203,87.41999816894531,87.27999877929688,87.27999877929688,17113300.0
2021-08-05,87.33000183105469,87.5199966430664,87.33000183105469,87.4800033569336,15465700.0
2021-08-06,87.43000030517578,87.5199966430664,87.37000274658203,87.37999725341797,12923200.0
2021-08-09,87.33999633789062,87.36000061035156,87.18000030517578,87.18000030517578,10788700.0
2021-08-10,87.19000244140625,87.19999694824219,86.97000122070312,86.9800033569336,31522900.0
2021-08-11,87.04000091552734,87.16000366210938,87.01000213623047,87.12000274658203,15834400.0
2021-08-12,87.12000274658203,87.29000091552734,87.08999633789062,87.2699966430664,14127800.0
2021-08-13,87.30000305175781,87.45999908447266,87.30000305175781,87.45999908447266,10016800.0
2021-08-16,87.44000244140625,87.48999786376953,87.3499984741211,87.48999786376953,12598100.0
2021-08-17,87.38999938964844,87.4000015258789,87.19999694824219,87.29000091552734,18468400.0
2021-08-18,87.30000305175781,87.38999938964844,87.08999633789062,87.08999633789062,12147600.0
2021-08-19,87.0,87.19999694824219,86.94999694824219,87.08000183105469,20026700.0
2021-08-20,87.0999984741211,87.33000183105469,87.08999633789062,87.29000091552734,16784100.0
2021-08-23,87.41000366210938,87.58999633789062,87.41000366210938,87.55999755859375,21933100.0
2021-08-24,87.58000183105469,87.69999694824219,87.55000305175781,87.68000030517578,20828100.0
2021-08-25,87.69999694824219,87.81999969482422,87.66000366210938,87.7699966430664,19085400.0
2021-08-26,87.76000213623047,87.7699966430664,87.58000183105469,87.72000122070312,17676100.0
2021-08-27,87.75,87.98999786376953,87.7300033569336,87.95999908447266,18519700.0
2021-08-30,87.9800033569336,88.0999984741211,87.95999908447266,88.06999969482422,11640000.0
2021-08-31,88.05999755859375,88.0999984741211,87.97000122070312,88.08999633789062,19163900.0
2021-09-01,87.83999633789062,87.9800033569336,87.81999969482422,87.88999938964844,22973500.0
2021-09-02,88.0,88.0199966430664,87.93000030517578,88.0,16521300.0
2021-09-03,87.95999908447266,88.04000091552734,87.88999938964844,88.01000213623047,6491000.0
2021-09-07,87.98999786376953,87.98999786376953,87.7699966430664,87.77999877929688,11728800.0
2021-09-08,87.79000091552734,87.91000366210938,87.70999908447266,87.87999725341797,13020900.0
2021-09-09,87.87000274658203,87.9800033569336,87.86000061035156,87.95999908447266,23024700.0
2021-09-10,88.08000183105469,88.08999633789062,87.81999969482422,87.83000183105469,16112600.0
2021-09-13,87.94999694824219,88.05999755859375,87.88999938964844,88.05000305175781,17136900.0
2021-09-14,88.08000183105469,88.12000274658203,87.97000122070312,88.01000213623047,20108000.0
2021-09-15,88.0199966430664,88.13999938964844,88.01000213623047,88.13999938964844,17069500.0
2021-09-16,88.11000061035156,88.13999938964844,87.94999694824219,88.11000061035156,13859700.0
2021-09-17,88.08000183105469,88.08999633789062,87.97000122070312,88.0,38948500.0
2021-09-20,87.5999984741211,87.80999755859375,87.55000305175781,87.69000244140625,49641000.0
2021-09-21,87.83000183105469,87.87999725341797,87.68000030517578,87.83999633789062,27304200.0
2021-09-22,87.97000122070312,88.08000183105469,87.8499984741211,88.0,24344800.0
2021-09-23,88.05000305175781,88.16000366210938,87.95999908447266,88.04000091552734,27590300.0
2021-09-24,87.95999908447266,88.0199966430664,87.86000061035156,87.91000366210938,21713200.0
2021-09-27,87.76000213623047,87.88999938964844,87.7300033569336,87.83000183105469,17652900.0
2021-09-28,87.66000366210938,87.69999694824219,87.37999725341797,87.43000030517578,35515900.0
2021-09-29,87.52999877929688,87.70999908447266,87.51000213623047,87.58999633789062,19783400.0
2021-09-30,87.63999938964844,87.68000030517578,87.37999725341797,87.48999786376953,41680700.0
2021-10-01,87.3499984741211,87.4800033569336,87.13999938964844,87.41000366210938,30062800.0
2021-10-04,87.3499984741211,87.37999725341797,87.08000183105469,87.0999984741211,24726400.0
2021-10-05,87.19000244140625,87.22000122070312,87.02999877929688,87.05999755859375,22347700.0
2021-10-06,86.87000274658203,87.04000091552734,86.7699966430664,87.01000213623047,28905900.0
2021-10-07,87.12999725341797,87.30000305175781,86.95999908447266,87.0199966430664,29054000.0
2021-10-08,87.0,87.05000305175781,86.76000213623047,86.76000213623047,28064300.0
2021-10-11,86.76000213623047,86.80999755859375,86.48999786376953,86.48999786376953,16068400.0
2021-10-12,86.5999984741211,86.7699966430664,86.58000183105469,86.6500015258789,32922200.0
2021-10-13,86.69999694824219,86.87999725341797,86.55999755859375,86.87999725341797,29370400.0
2021-10-14,87.05000305175781,87.37999725341797,87.04000091552734,87.37000274658203,26937000.0
2021-10-15,87.38999938964844,87.38999938964844,87.16999816894531,87.22000122070312,29782900.0
2021-10-18,87.0199966430664,87.18000030517578,86.98999786376953,87.18000030517578,20338400.0
2021-10-19,87.18000030517578,87.25,87.12000274658203,87.23999786376953,26103300.0
2021-10-20,87.25,87.29000091552734,87.19000244140625,87.2699966430664,19720100.0
2021-10-21,87.25,87.29000091552734,86.98999786376953,87.05000305175781,19273600.0
2021-10-22,87.0199966430664,87.05999755859375,86.80000305175781,86.83999633789062,20734400.0
2021-10-25,86.94000244140625,87.08000183105469,86.7699966430664,86.98999786376953,20230000.0
2021-10-26,87.12000274658203,87.19999694824219,87.01000213623047,87.01000213623047,19617200.0
2021-10-27,87.0999984741211,87.12999725341797,86.93000030517578,86.94000244140625,18521300.0
2021-10-28,86.9800033569336,87.16000366210938,86.9800033569336,87.16000366210938,16374700.0
2021-10-29,87.0199966430664,87.05000305175781,86.93000030517578,86.93000030517578,26521600.0
2021-11-01,86.7300033569336,86.77999877929688,86.55000305175781,86.55999755859375,29987000.0
2021-11-02,86.55999755859375,86.83999633789062,86.55999755859375,86.7699966430664,26441600.0
2021-11-03,86.70999908447266,86.95999908447266,86.69000244140625,86.94000244140625,22984200.0
2021-11-04,87.0199966430664,87.55999755859375,87.0,87.16999816894531,28989800.0
2021-11-05,87.30000305175781,87.5199966430664,87.25,87.5,27595000.0
2021-11-08,87.58999633789062,87.61000061035156,87.33999633789062,87.38999938964844,11957900.0
2021-11-09,87.38999938964844,87.45999908447266,87.27999877929688,87.45999908447266,13732600.0
2021-11-10,87.3499984741211,87.3499984741211,86.94000244140625,86.97000122070312,30438400.0
2021-11-11,87.02999877929688,87.04000091552734,86.81999969482422,86.81999969482422,10086100.0
2021-11-12,86.91999816894531,87.05000305175781,86.83999633789062,86.8499984741211,26392400.0
2021-11-15,86.91000366210938,86.91999816894531,86.7300033569336,86.75,17057100.0
2021-11-16,86.7699966430664,86.87000274658203,86.73999786376953,86.79000091552734,14302000.0
2021-11-17,86.81999969482422,86.83999633789062,86.69999694824219,86.69999694824219,17919200.0
2021-11-18,86.80999755859375,86.80999755859375,86.62999725341797,86.62999725341797,23421300.0
2021-11-19,86.62999725341797,86.7699966430664,86.55999755859375,86.55999755859375,45282700.0
2021-11-22,86.63999938964844,86.66999816894531,86.22000122070312,86.2300033569336,26266000.0
2021-11-23,86.2300033569336,86.37000274658203,86.02999877929688,86.11000061035156,33967100.0
2021-11-24,86.0,86.11000061035156,85.76000213623047,86.08999633789062,31158800.0
2021-11-26,85.61000061035156,85.62000274658203,85.33999633789062,85.47000122070312,36123400.0
2021-11-29,85.80999755859375,86.12999725341797,85.76000213623047,86.0,31728900.0
2021-11-30,85.95999908447266,86.06999969482422,85.5199966430664,85.63999938964844,35465700.0
2021-12-01,85.7699966430664,85.94000244140625,85.31999969482422,85.37000274658203,41845200.0
2021-12-02,85.41999816894531,86.05999755859375,85.41000366210938,86.0,42383500.0
2021-12-03,86.05000305175781,86.0999984741211,85.83000183105469,86.0,47368800.0
2021-12-06,86.02999877929688,86.4800033569336,86.0,86.37999725341797,28211300.0
2021-12-07,86.70999908447266,87.06999969482422,86.63999938964844,86.83999633789062,42893500.0
2021-12-08,86.77999877929688,86.87000274658203,86.68000030517578,86.81999969482422,26598200.0
2021-12-09,86.80000305175781,86.80000305175781,86.43000030517578,86.43000030517578,24939100.0
2021-12-10,86.55999755859375,86.66000366210938,86.52999877929688,86.62999725341797,20247200.0
2021-12-13,86.62999725341797,86.70999908447266,86.55999755859375,86.62999725341797,17125800.0
2021-12-14,86.5,86.58999633789062,86.33000183105469,86.4800033569336,20310500.0
2021-12-15,86.47000122070312,86.83999633789062,86.33000183105469,86.80999755859375,31699000.0
2021-12-16,86.55000305175781,86.62999725341797,86.38999938964844,86.44999694824219,27374000.0
2021-12-17,86.36000061035156,86.51000213623047,86.20999908447266,86.37000274658203,27248200.0
2021-12-20,86.12999725341797,86.29000091552734,86.08999633789062,86.22000122070312,27560400.0
2021-12-21,86.33999633789062,86.69000244140625,86.33999633789062,86.68000030517578,24390500.0
2021-12-22,86.6500015258789,86.93000030517578,86.63999938964844,86.91000366210938,17433300.0
2021-12-23,86.95999908447266,87.20999908447266,86.94000244140625,87.16000366210938,15612100.0
2021-12-27,87.16999816894531,87.31999969482422,87.12999725341797,87.25,13396700.0
2021-12-28,87.22000122070312,87.23999786376953,87.08000183105469,87.20999908447266,17150700.0
2021-12-29,87.1500015258789,87.18000030517578,87.05000305175781,87.06999969482422,16760300.0
2021-12-30,87.0999984741211,87.0999984741211,86.98999786376953,87.02999877929688,12326100.0
2021-12-31,87.05999755859375,87.12000274658203,86.9800033569336,87.01000213623047,11505300.0
2022-01-03,86.91999816894531,86.97000122070312,86.76000213623047,86.97000122070312,35368400.0
2022-01-04,87.0,87.0,86.66999816894531,86.75,33609900.0
2022-01-05,86.73999786376953,86.77999877929688,86.08000183105469,86.08000183105469,44808500.0
2022-01-06,86.0999984741211,86.31999969482422,86.05000305175781,86.08999633789062,42823200.0
2022-01-07,86.08999633789062,86.0999984741211,85.86000061035156,85.87000274658203,34630100.0
2022-01-10,85.76000213623047,85.95999908447266,85.37000274658203,85.94000244140625,52621800.0
2022-01-11,85.98999786376953,86.33999633789062,85.75,86.33999633789062,32513100.0
2022-01-12,86.47000122070312,86.5199966430664,86.33999633789062,86.4800033569336,24621400.0
2022-01-13,86.45999908447266,86.5,86.13999938964844,86.16999816894531,31699700.0
2022-01-14,86.11000061035156,86.2300033569336,86.0,86.08999633789062,31046200.0
2022-01-18,85.83999633789062,85.8499984741211,85.61000061035156,85.66999816894531,46331500.0
2022-01-19,85.81999969482422,85.95999908447266,85.55999755859375,85.58999633789062,31390200.0
2022-01-20,85.75,85.97000122070312,85.41000366210938,85.43000030517578,38217700.0
2022-01-21,85.43000030517578,85.5999984741211,85.33000183105469,85.44000244140625,57098000.0
2022-01-24,85.19000244140625,85.41000366210938,84.7699966430664,85.3499984741211,79230800.0
2022-01-25,85.08999633789062,85.29000091552734,84.9000015258789,85.0999984741211,43642700.0
2022-01-26,85.47000122070312,85.87000274658203,84.69999694824219,84.80999755859375,63574900.0
2022-01-27,85.0199966430664,85.12000274658203,84.25,84.44000244140625,47351000.0
2022-01-28,84.25,84.69000244140625,83.94999694824219,84.68000030517578,51496700.0
2022-01-31,84.5,84.83000183105469,84.22000122070312,84.69999694824219,78932100.0
2022-02-01,84.6500015258789,84.77999877929688,84.37000274658203,84.7300033569336,42377300.0
2022-02-02,84.9000015258789,84.95999908447266,84.61000061035156,84.86000061035156,29261500.0
2022-02-03,84.47000122070312,84.54000091552734,84.08999633789062,84.0999984741211,44760800.0
2022-02-04,83.76000213623047,83.9000015258789,83.19999694824219,83.7699966430664,65508300.0
2022-02-07,83.54000091552734,83.86000061035156,83.41999816894531,83.70999908447266,37620700.0
2022-02-08,83.77999877929688,83.8499984741211,83.58000183105469,83.62000274658203,39549000.0
2022-02-09,83.94000244140625,84.12000274658203,83.94000244140625,84.05999755859375,37641800.0
2022-02-10,83.54000091552734,83.83000183105469,82.94000244140625,82.94999694824219,57751400.0
2022-02-11,83.2300033569336,83.25,82.44999694824219,82.66000366210938,58997100.0
2022-02-14,82.6500015258789,82.83000183105469,82.22000122070312,82.5199966430664,36550200.0
2022-02-15,82.73999786376953,82.80999755859375,82.55999755859375,82.66000366210938,32724800.0
2022-02-16,82.61000061035156,83.18000030517578,82.54000091552734,83.12000274658203,38996000.0
2022-02-17,82.97000122070312,82.97000122070312,82.70999908447266,82.7699966430664,30755200.0
2022-02-18,82.69000244140625,82.98999786376953,82.62000274658203,82.88999938964844,43848800.0
2022-02-22,82.83999633789062,83.05000305175781,82.58999633789062,82.69999694824219,37004300.0
2022-02-23,82.8499984741211,82.91000366210938,82.52999877929688,82.55000305175781,36545400.0
2022-02-24,81.91000366210938,83.18000030517578,81.83000183105469,83.13999938964844,56132500.0
2022-02-25,83.22000122070312,83.62999725341797,83.22000122070312,83.61000061035156,44118800.0
2022-02-28,83.22000122070312,83.87999725341797,83.22000122070312,83.66999816894531,54006400.0
2022-03-01,83.43000030517578,83.63999938964844,82.94999694824219,83.12999725341797,43268500.0
2022-03-02,83.08000183105469,83.36000061035156,82.94000244140625,83.33000183105469,41489200.0
2022-03-03,83.4800033569336,83.5,82.20999908447266,83.08000183105469,23594200.0
2022-03-04,82.94000244140625,82.94000244140625,82.4800033569336,82.54000091552734,32141100.0
2022-03-07,82.38999938964844,82.41000366210938,81.75,81.81999969482422,43675900.0
2022-03-08,81.87999725341797,82.08999633789062,81.5,81.52999877929688,57474500.0
2022-03-09,82.01000213623047,82.31999969482422,81.8499984741211,82.20999908447266,31143000.0
2022-03-10,81.76000213623047,81.87000274658203,81.41999816894531,81.5199966430664,46408900.0
2022-03-11,81.62999725341797,81.6500015258789,80.86000061035156,80.93000030517578,40097000.0
2022-03-14,80.8499984741211,80.87000274658203,79.87999725341797,79.97000122070312,61536700.0
2022-03-15,80.12999725341797,80.76000213623047,80.0999984741211,80.56999969482422,57385300.0
2022-03-16,80.95999908447266,81.73999786376953,80.55000305175781,81.69999694824219,66254800.0
2022-03-17,81.7699966430664,82.30000305175781,81.75,82.26000213623047,48573700.0
2022-03-18,82.0999984741211,82.54000091552734,81.94999694824219,82.52999877929688,59780500.0
2022-03-21,82.38999938964844,82.44999694824219,81.41999816894531,81.58000183105469,62364300.0
2022-03-22,81.66000366210938,82.06999969482422,81.5,82.0,40148600.0
2022-03-23,81.86000061035156,82.01000213623047,81.58999633789062,81.73999786376953,36294900.0
2022-03-24,81.7300033569336,81.94000244140625,81.5199966430664,81.91000366210938,18435800.0
2022-03-25,81.91999816894531,81.91999816894531,81.26000213623047,81.31999969482422,36497500.0
2022-03-28,81.27999877929688,81.8499984741211,81.26000213623047,81.83000183105469,26886100.0
2022-03-29,82.19999694824219,82.86000061035156,82.1500015258789,82.83999633789062,49781100.0
2022-03-30,82.62000274658203,82.69999694824219,82.38999938964844,82.58999633789062,43905200.0
2022-03-31,82.69000244140625,82.7300033569336,82.2699966430664,82.29000091552734,40717600.0
2022-04-01,81.83000183105469,82.02999877929688,81.6500015258789,81.94999694824219,31316100.0
2022-04-04,82.0199966430664,82.58000183105469,82.0,82.56999969482422,32710900.0
2022-04-05,82.38999938964844,82.47000122070312,81.47000122070312,81.5,51886400.0
2022-04-06,80.94000244140625,81.4000015258789,80.69000244140625,80.86000061035156,67118000.0
2022-04-07,80.94000244140625,81.04000091552734,80.72000122070312,80.7300033569336,42831400.0
2022-04-08,80.4800033569336,80.7300033569336,80.2300033569336,80.23999786376953,42177200.0
2022-04-11,79.9800033569336,80.06999969482422,79.58000183105469,79.69000244140625,42293400.0
2022-04-12,80.23999786376953,80.62000274658203,80.06999969482422,80.30000305175781,38031000.0
2022-04-13,80.44000244140625,80.87999725341797,80.37999725341797,80.77999877929688,31635500.0
2022-04-14,80.77999877929688,80.88999938964844,80.02999877929688,80.23999786376953,45130400.0
2022-04-18,80.16000366210938,80.36000061035156,80.0,80.11000061035156,20864100.0
2022-04-19,79.95999908447266,80.19000244140625,79.86000061035156,80.04000091552734,29920800.0
2022-04-20,80.27999877929688,80.44000244140625,80.16000366210938,80.29000091552734,25769700.0
2022-04-21,80.48999786376953,80.54000091552734,79.66999816894531,79.73999786376953,38695100.0
2022-04-22,79.63999938964844,79.66000366210938,79.16999816894531,79.26000213623047,28243000.0
2022-04-25,79.4000015258789,80.0,79.2699966430664,79.93000030517578,35914500.0
2022-04-26,79.9000015258789,79.9000015258789,79.44999694824219,79.45999908447266,31171600.0
2022-04-27,79.47000122070312,79.66999816894531,78.98999786376953,79.06999969482422,37598600.0
2022-04-28,79.23999786376953,79.62999725341797,78.94000244140625,79.51000213623047,30808800.0
2022-04-29,79.13999938964844,79.25,78.4800033569336,78.52999877929688,35697100.0
2022-05-02,78.16000366210938,78.30000305175781,77.83000183105469,78.2300033569336,38674400.0
2022-05-03,78.4000015258789,78.76000213623047,78.3499984741211,78.63999938964844,42665700.0
2022-05-04,78.6500015258789,79.6500015258789,78.08000183105469,79.44000244140625,55154900.0
2022-05-05,78.97000122070312,79.0199966430664,77.80999755859375,78.02999877929688,53807900.0
2022-05-06,77.62999725341797,78.0,77.41000366210938,77.58999633789062,39256900.0
2022-05-09,77.12999725341797,77.30999755859375,76.72000122070312,76.7699966430664,38442700.0
2022-05-10,77.38999938964844,77.52999877929688,76.83999633789062,77.20999908447266,48419700.0
2022-05-11,77.0,77.48999786376953,76.73999786376953,76.75,42473500.0
2022-05-12,76.66000366210938,76.9800033569336,76.4000015258789,76.72000122070312,49069700.0
2022-05-13,76.9800033569336,77.05999755859375,76.43000030517578,76.80999755859375,49084400.0
2022-05-16,76.83999633789062,76.95999908447266,76.56999969482422,76.69999694824219,33300100.0
2022-05-17,76.86000061035156,76.87000274658203,76.44000244140625,76.62999725341797,41666500.0
2022-05-18,76.20999908447266,76.25,75.91000366210938,76.0,47647800.0
2022-05-19,75.94999694824219,76.66999816894531,75.87000274658203,76.51000213623047,53929100.0
2022-05-20,76.77999877929688,76.80000305175781,76.2300033569336,76.45999908447266,56691000.0
2022-05-23,76.63999938964844,76.86000061035156,76.58000183105469,76.76000213623047,29917100.0
2022-05-24,76.58000183105469,77.26000213623047,76.55000305175781,77.22000122070312,42246500.0
2022-05-25,77.30999755859375,78.44000244140625,77.2699966430664,78.38999938964844,56661500.0
2022-05-26,78.68000030517578,79.5199966430664,78.47000122070312,79.4800033569336,64773400.0
2022-05-27,79.80000305175781,80.19000244140625,79.61000061035156,80.19000244140625,52813100.0
2022-05-31,79.73999786376953,79.86000061035156,79.31999969482422,79.5,68424700.0
2022-06-01,79.2300033569336,79.44999694824219,78.75,78.9000015258789,87646100.0
2022-06-02,78.91999816894531,79.23999786376953,78.69000244140625,79.2300033569336,34752500.0
2022-06-03,78.87000274658203,78.87000274658203,78.5199966430664,78.63999938964844,36008000.0
2022-06-06,78.77999877929688,78.80000305175781,77.95999908447266,78.05000305175781,35756100.0
2022-06-07,77.79000091552734,78.31999969482422,77.7300033569336,78.2300033569336,31499900.0
2022-06-08,78.04000091552734,78.06999969482422,77.45999908447266,77.55999755859375,25361600.0
2022-06-09,77.26000213623047,77.51000213623047,76.79000091552734,76.94000244140625,49468700.0
2022-06-10,76.19999694824219,76.22000122070312,75.27999877929688,75.62999725341797,59907000.0
2022-06-13,74.25,74.30999755859375,72.88999938964844,73.0999984741211,122714600.0
2022-06-14,73.44999694824219,74.2300033569336,73.05000305175781,73.58000183105469,62818600.0
2022-06-15,74.19999694824219,75.38999938964844,74.04000091552734,75.01000213623047,70628200.0
2022-06-16,73.9000015258789,74.1500015258789,73.22000122070312,73.81999969482422,61583400.0
2022-06-17,73.98999786376953,74.56999969482422,73.80999755859375,74.05000305175781,49281000.0
2022-06-21,74.5,74.66999816894531,73.93000030517578,74.0,45924600.0
2022-06-22,73.87000274658203,74.25,73.80999755859375,73.9800033569336,38204800.0
2022-06-23,74.19000244140625,74.58000183105469,74.08000183105469,74.51000213623047,30961800.0
2022-06-24,74.75,75.36000061035156,74.58999633789062,75.04000091552734,38198600.0
2022-06-27,75.0999984741211,75.0999984741211,74.58000183105469,74.58000183105469,25658200.0
2022-06-28,74.69000244140625,74.79000091552734,73.75,73.76000213623047,39303800.0
2022-06-29,73.72000122070312,73.79000091552734,73.43000030517578,73.6500015258789,36806800.0
2022-06-30,73.33000183105469,73.83000183105469,73.05999755859375,73.61000061035156,45139900.0
2022-07-01,73.5,74.2300033569336,73.44999694824219,73.9800033569336,38849300.0
2022-07-05,73.51000213623047,73.9800033569336,73.02999877929688,73.91000366210938,38316200.0
2022-07-06,73.79000091552734,74.0,73.5199966430664,73.62999725341797,44706000.0
2022-07-07,74.08999633789062,74.87999725341797,74.02999877929688,74.83000183105469,44430400.0
2022-07-08,74.55999755859375,74.95999908447266,74.36000061035156,74.88999938964844,31230300.0
2022-07-11,74.80000305175781,74.91999816894531,74.44999694824219,74.47000122070312,28213700.0
2022-07-12,74.55999755859375,74.9000015258789,74.5,74.7699966430664,24036500.0
2022-07-13,74.0,74.91999816894531,73.91999816894531,74.69000244140625,46874900.0
2022-07-14,74.08000183105469,74.62999725341797,73.61000061035156,74.55000305175781,53953100.0
2022-07-15,74.7699966430664,75.5,74.76000213623047,75.5,48360800.0
2022-07-18,75.69000244140625,75.72000122070312,74.69000244140625,74.7699966430664,33302800.0
2022-07-19,75.04000091552734,75.94000244140625,75.04000091552734,75.76000213623047,31028200.0
2022-07-20,76.05999755859375,76.62000274658203,75.87999725341797,76.08999633789062,82881900.0
2022-07-21,76.0199966430664,77.05999755859375,75.93000030517578,76.98999786376953,52282000.0
2022-07-22,77.11000061035156,77.54000091552734,76.6500015258789,76.88999938964844,51055800.0
2022-07-25,76.94999694824219,77.08999633789062,76.6500015258789,76.87000274658203,26032000.0
2022-07-26,76.62000274658203,76.70999908447266,76.27999877929688,76.33000183105469,24151200.0
2022-07-27,76.66999816894531,77.47000122070312,76.66999816894531,77.16999816894531,35075700.0
2022-07-28,77.54000091552734,78.0199966430664,77.2300033569336,77.95999908447266,42335900.0
2022-07-29,77.95999908447266,78.3499984741211,77.75,78.19000244140625,33606800.0
2022-08-01,77.63999938964844,78.08000183105469,77.51000213623047,77.91000366210938,31595600.0
2022-08-02,77.7699966430664,77.86000061035156,77.5,77.55000305175781,40604400.0
2022-08-03,77.77999877929688,78.25,77.56999969482422,78.2300033569336,35660900.0
2022-08-04,78.33999633789062,78.44999694824219,78.11000061035156,78.44000244140625,24386400.0
2022-08-05,77.5,78.11000061035156,77.38999938964844,78.04000091552734,31006700.0
2022-08-08,78.33999633789062,78.6500015258789,78.05000305175781,78.11000061035156,19465600.0
2022-08-09,77.93000030517578,77.95999908447266,77.5,77.52999877929688,24675700.0
2022-08-10,78.5199966430664,78.7699966430664,78.38999938964844,78.69000244140625,38121800.0
2022-08-11,79.19999694824219,79.31999969482422,78.12999725341797,78.23999786376953,37778700.0
2022-08-12,78.5199966430664,78.97000122070312,78.29000091552734,78.94000244140625,16912300.0
2022-08-15,78.81999969482422,79.0,78.6500015258789,78.80000305175781,18441100.0
2022-08-16,78.7300033569336,78.7300033569336,78.26000213623047,78.43000030517578,22963200.0
2022-08-17,77.87999725341797,78.04000091552734,77.58999633789062,77.62000274658203,28774600.0
2022-08-18,77.80999755859375,77.87999725341797,77.66000366210938,77.73999786376953,19089300.0
2022-08-19,77.33000183105469,77.37000274658203,76.77999877929688,76.94999694824219,45428900.0
2022-08-22,76.36000061035156,76.4000015258789,76.01000213623047,76.08000183105469,42014200.0
2022-08-23,76.0999984741211,76.4000015258789,75.83000183105469,76.2699966430664,33240000.0
2022-08-24,76.23999786376953,76.5,76.16000366210938,76.36000061035156,16917400.0
2022-08-25,76.58000183105469,77.13999938964844,76.44999694824219,77.08000183105469,20080000.0
2022-08-26,77.12000274658203,77.12000274658203,75.73999786376953,75.80999755859375,34460600.0
2022-08-29,75.3499984741211,75.7699966430664,75.26000213623047,75.5199966430664,28020200.0
2022-08-30,75.5999984741211,75.66000366210938,74.69999694824219,74.94000244140625,66233900.0
2022-08-31,74.97000122070312,75.12000274658203,74.51000213623047,74.52999877929688,39161800.0
2022-09-01,73.94999694824219,74.41000366210938,73.61000061035156,74.36000061035156,38499700.0
2022-09-02,75.0,75.06999969482422,74.2300033569336,74.30999755859375,22364500.0
2022-09-06,74.30999755859375,74.38999938964844,73.8499984741211,74.11000061035156,28820900.0
2022-09-07,74.20999908447266,75.19000244140625,74.19000244140625,75.18000030517578,26853200.0
2022-09-08,74.9000015258789,75.55000305175781,74.77999877929688,75.51000213623047,26928000.0
2022-09-09,75.87999725341797,76.16999816894531,75.62999725341797,75.80999755859375,29526800.0
2022-09-12,76.08000183105469,76.2300033569336,75.7699966430664,76.04000091552734,30276100.0
2022-09-13,74.9800033569336,75.16999816894531,74.27999877929688,74.30999755859375,47111300.0
2022-09-14,74.36000061035156,74.91000366210938,74.30999755859375,74.41999816894531,29672400.0
2022-09-15,74.29000091552734,74.44000244140625,73.91000366210938,73.94999694824219,46282300.0
2022-09-16,73.5,74.19999694824219,73.37000274658203,74.19999694824219,56479900.0
2022-09-19,73.91000366210938,74.48999786376953,73.83999633789062,74.4800033569336,26891900.0
2022-09-20,74.0199966430664,74.06999969482422,73.66999816894531,73.72000122070312,32769500.0
2022-09-21,73.9000015258789,74.23999786376953,73.16000366210938,73.5,37851300.0
2022-09-22,73.25,73.38999938964844,72.80000305175781,73.05999755859375,48278100.0
2022-09-23,72.55999755859375,72.7300033569336,71.87999725341797,72.12999725341797,53312000.0
2022-09-26,71.91999816894531,72.18000030517578,71.26000213623047,71.27999877929688,42287400.0
2022-09-27,71.88999938964844,71.91999816894531,70.9000015258789,71.12999725341797,45295500.0
2022-09-28,71.66999816894531,72.48999786376953,71.44000244140625,72.4000015258789,48935800.0
2022-09-29,71.93000030517578,71.97000122070312,71.31999969482422,71.72000122070312,38068800.0
2022-09-30,71.7300033569336,72.27999877929688,71.37999725341797,71.38999938964844,42928700.0
2022-10-03,71.5999984741211,72.12999725341797,71.45999908447266,71.97000122070312,48967900.0
2022-10-04,72.9000015258789,73.52999877929688,72.7699966430664,73.5199966430664,45901300.0
2022-10-05,72.91999816894531,73.4000015258789,72.61000061035156,73.2300033569336,47833500.0
2022-10-06,73.1500015258789,73.45999908447266,72.9000015258789,73.01000213623047,37196000.0
2022-10-07,72.56999969482422,72.7699966430664,72.0999984741211,72.12000274658203,33983000.0
2022-10-10,72.06999969482422,72.11000061035156,70.91999816894531,71.23999786376953,37759700.0
2022-10-11,71.37999725341797,72.0199966430664,71.29000091552734,71.45999908447266,46344600.0
2022-10-12,71.41000366210938,71.8499984741211,71.41000366210938,71.58000183105469,32784800.0
2022-10-13,70.47000122070312,71.91000366210938,70.4000015258789,71.73999786376953,48832500.0
2022-10-14,72.19000244140625,72.37000274658203,71.33000183105469,71.51000213623047,37152100.0
2022-10-17,72.1500015258789,72.5999984741211,72.13999938964844,72.38999938964844,33820000.0
2022-10-18,73.12999725341797,73.30999755859375,72.58000183105469,72.9000015258789,37648400.0
2022-10-19,72.4000015258789,72.63999938964844,71.9800033569336,72.19999694824219,33194000.0
2022-10-20,72.20999908447266,72.75,71.7300033569336,71.80000305175781,47281100.0
2022-10-21,71.58999633789062,72.58000183105469,71.55999755859375,72.48999786376953,60211200.0
2022-10-24,72.55999755859375,72.7300033569336,72.16000366210938,72.54000091552734,29551200.0
2022-10-25,72.72000122070312,73.25,72.69999694824219,73.23999786376953,37459200.0
2022-10-26,73.05999755859375,73.70999908447266,72.94999694824219,73.44000244140625,50552100.0
2022-10-27,73.62000274658203,74.13999938964844,73.36000061035156,73.9800033569336,49481500.0
2022-10-28,74.25,74.69000244140625,74.12000274658203,74.55000305175781,123446800.0
2022-10-31,74.16999816894531,74.18000030517578,73.41999816894531,73.43000030517578,60269700.0
2022-11-01,73.94000244140625,73.94999694824219,73.20999908447266,73.58999633789062,39586700.0
2022-11-02,73.55999755859375,74.29000091552734,72.87999725341797,72.91999816894531,50659500.0
2022-11-03,72.16999816894531,72.63999938964844,71.88999938964844,72.4000015258789,37507100.0
2022-11-04,72.87000274658203,73.20999908447266,72.4000015258789,72.9000015258789,39849100.0
2022-11-07,73.05000305175781,73.11000061035156,72.68000030517578,72.88999938964844,24913000.0
2022-11-08,72.94999694824219,73.06999969482422,72.58999633789062,72.81999969482422,39489200.0
2022-11-09,72.5999984741211,72.73999786376953,71.81999969482422,71.94999694824219,45728900.0
2022-11-10,73.9800033569336,74.2699966430664,73.45999908447266,74.19000244140625,67165700.0
2022-11-11,74.22000122070312,74.69000244140625,73.93000030517578,74.44999694824219,20934800.0
2022-11-14,74.25,74.29000091552734,73.87000274658203,73.9000015258789,37932800.0
2022-11-15,74.63999938964844,74.69999694824219,74.06999969482422,74.55000305175781,50673700.0
2022-11-16,74.48999786376953,74.56999969482422,74.30999755859375,74.38999938964844,31124900.0
2022-11-17,73.80999755859375,74.16999816894531,73.7300033569336,74.06999969482422,34338000.0
2022-11-18,74.45999908447266,74.45999908447266,74.0199966430664,74.2300033569336,31663800.0
2022-11-21,74.1500015258789,74.3499984741211,74.0199966430664,74.19999694824219,19070500.0
2022-11-22,74.33999633789062,74.79000091552734,74.26000213623047,74.73999786376953,24572500.0
2022-11-23,74.68000030517578,75.30000305175781,74.66000366210938,75.16000366210938,30316300.0
2022-11-25,75.1500015258789,75.18000030517578,74.9000015258789,75.01000213623047,9465900.0
2022-11-28,74.80000305175781,74.93000030517578,74.19000244140625,74.22000122070312,31668900.0
2022-11-29,74.22000122070312,74.5999984741211,74.08000183105469,74.54000091552734,27162300.0
2022-11-30,74.5999984741211,75.69000244140625,74.38999938964844,75.66000366210938,41702100.0
2022-12-01,75.56999969482422,75.66000366210938,75.18000030517578,75.62000274658203,42134200.0
2022-12-02,74.98999786376953,75.58999633789062,74.98999786376953,75.55999755859375,27535800.0
2022-12-05,75.27999877929688,75.30000305175781,74.69000244140625,74.83999633789062,29736500.0
2022-12-06,74.87000274658203,75.0,74.43000030517578,74.56999969482422,24976800.0
2022-12-07,74.55000305175781,75.06999969482422,74.55000305175781,74.9800033569336,24614200.0
2022-12-08,75.06999969482422,75.13999938964844,74.80000305175781,75.04000091552734,23839500.0
2022-12-09,74.81999969482422,75.31999969482422,74.81999969482422,75.04000091552734,20687300.0
2022-12-12,75.22000122070312,75.4000015258789,75.0999984741211,75.33000183105469,22415700.0
2022-12-13,76.61000061035156,76.69999694824219,75.69000244140625,76.11000061035156,45923300.0
2022-12-14,76.01000213623047,76.20999908447266,75.22000122070312,75.68000030517578,57177300.0
2022-12-15,74.91000366210938,75.11000061035156,74.62999725341797,75.0,41666500.0
2022-12-16,74.56999969482422,74.80999755859375,74.41000366210938,74.5999984741211,38197100.0
2022-12-19,74.30999755859375,74.45999908447266,74.05999755859375,74.22000122070312,24135100.0
2022-12-20,73.8499984741211,74.19000244140625,73.69000244140625,74.02999877929688,32917800.0
2022-12-21,74.4000015258789,74.80000305175781,74.33999633789062,74.66000366210938,23211500.0
2022-12-22,74.37000274658203,74.48999786376953,73.91999816894531,74.19999694824219,26893700.0
2022-12-23,74.08000183105469,74.44999694824219,73.94999694824219,74.38999938964844,13196500.0
2022-12-27,74.31999969482422,74.37000274658203,73.58000183105469,73.62000274658203,22108000.0
2022-12-28,73.73999786376953,73.83000183105469,72.58999633789062,72.62999725341797,41064800.0
2022-12-29,72.91999816894531,73.62000274658203,72.75,73.56999969482422,33378900.0
2022-12-30,73.31999969482422,73.66999816894531,73.27999877929688,73.62999725341797,15170300.0
2023-01-03,74.11000061035156,74.19000244140625,73.66000366210938,73.7699966430664,28787700.0
2023-01-04,74.26000213623047,74.66000366210938,73.98999786376953,74.62000274658203,37120100.0
2023-01-05,74.36000061035156,74.54000091552734,74.18000030517578,74.47000122070312,35142000.0
2023-01-06,74.87000274658203,75.77999877929688,74.69999694824219,75.52999877929688,60041200.0
2023-01-09,75.75,75.95999908447266,75.63999938964844,75.80000305175781,35806900.0
2023-01-10,75.76000213623047,75.87000274658203,75.52999877929688,75.70999908447266,35695500.0
2023-01-11,76.0,76.25,75.8499984741211,76.20999908447266,31826700.0
2023-01-12,76.4000015258789,76.69999694824219,76.05000305175781,76.63999938964844,29404900.0
2023-01-13,76.26000213623047,76.7699966430664,76.22000122070312,76.63999938964844,26301500.0
2023-01-17,76.5199966430664,76.55000305175781,76.29000091552734,76.37999725341797,30961200.0
2023-01-18,76.8499984741211,77.08000183105469,76.44999694824219,76.47000122070312,52989700.0
2023-01-19,76.20999908447266,76.33000183105469,75.94999694824219,76.0199966430664,50070900.0
2023-01-20,76.0,76.16999816894531,75.7300033569336,76.16999816894531,36625400.0
2023-01-23,76.0999984741211,76.37000274658203,75.97000122070312,76.16000366210938,26764800.0
2023-01-24,76.01000213623047,76.25,75.87999725341797,76.20999908447266,27774500.0
2023-01-25,75.95999908447266,76.27999877929688,75.87999725341797,76.19999694824219,25857700.0
2023-01-26,76.36000061035156,76.47000122070312,76.08999633789062,76.38999938964844,25512400.0
2023-01-27,76.2699966430664,76.37000274658203,76.05000305175781,76.16000366210938,35813400.0
2023-01-30,75.87999725341797,76.02999877929688,75.72000122070312,75.73999786376953,32002000.0
2023-01-31,75.94000244140625,76.36000061035156,75.91999816894531,76.33000183105469,41006600.0
2023-02-01,75.9800033569336,76.9800033569336,75.77999877929688,76.76000213623047,46900900.0
2023-02-02,77.31999969482422,77.33999633789062,77.06999969482422,77.19999694824219,56399900.0
2023-02-03,76.5999984741211,76.86000061035156,76.33000183105469,76.38999938964844,39682300.0
2023-02-06,76.05999755859375,76.0999984741211,75.79000091552734,75.9000015258789,40944200.0
2023-02-07,75.83000183105469,76.36000061035156,75.77999877929688,76.16999816894531,37101300.0
2023-02-08,76.05999755859375,76.16000366210938,75.69000244140625,75.8499984741211,34066600.0
2023-02-09,76.11000061035156,76.11000061035156,75.29000091552734,75.36000061035156,42581900.0
2023-02-10,75.02999877929688,75.25,74.69000244140625,74.77999877929688,65905000.0
2023-02-13,74.83000183105469,75.22000122070312,74.75,74.97000122070312,38741300.0
2023-02-14,74.83000183105469,75.19000244140625,74.51000213623047,74.98999786376953,54193600.0
2023-02-15,74.72000122070312,74.87999725341797,74.58000183105469,74.87000274658203,44897600.0
2023-02-16,74.54000091552734,74.58999633789062,74.2300033569336,74.2699966430664,89945400.0
2023-02-17,74.1500015258789,74.68000030517578,73.87000274658203,74.55999755859375,75910300.0
2023-02-21,73.8499984741211,74.02999877929688,73.11000061035156,73.41000366210938,98782400.0
2023-02-22,73.5999984741211,74.19000244140625,73.5999984741211,73.88999938964844,70093300.0
2023-02-23,74.2300033569336,74.7300033569336,74.12999725341797,74.62000274658203,47908100.0
2023-02-24,74.0,74.31999969482422,73.91999816894531,74.16999816894531,47576500.0
2023-02-27,74.5199966430664,74.7699966430664,74.37999725341797,74.66999816894531,40292000.0
2023-02-28,74.63999938964844,74.63999938964844,74.41999816894531,74.52999877929688,32999000.0
2023-03-01,74.08000183105469,74.0999984741211,73.69000244140625,73.87000274658203,45341400.0
2023-03-02,73.4800033569336,74.05000305175781,73.4800033569336,73.95999908447266,37886100.0
2023-03-03,74.29000091552734,74.80999755859375,74.16999816894531,74.72000122070312,50123300.0
2023-03-06,74.88999938964844,74.98999786376953,74.66000366210938,74.72000122070312,33430800.0
2023-03-07,74.7300033569336,74.7699966430664,74.18000030517578,74.19000244140625,40222100.0
2023-03-08,74.23999786376953,74.36000061035156,73.69000244140625,73.83999633789062,54303900.0
2023-03-09,73.91000366210938,74.22000122070312,73.3499984741211,73.43000030517578,52669500.0
2023-03-10,73.4800033569336,73.94999694824219,73.16999816894531,73.44000244140625,81516000.0
2023-03-13,73.19000244140625,73.9800033569336,72.83000183105469,73.04000091552734,78478100.0
2023-03-14,73.69000244140625,73.91000366210938,73.2699966430664,73.56999969482422,66395600.0
2023-03-15,72.80999755859375,73.4000015258789,72.61000061035156,73.33000183105469,81454700.0
2023-03-16,73.12999725341797,73.94999694824219,73.0199966430664,73.80999755859375,63386700.0
2023-03-17,73.44000244140625,73.77999877929688,73.23999786376953,73.37000274658203,55132200.0
2023-03-20,73.2300033569336,73.55999755859375,73.06999969482422,73.16999816894531,38540800.0
2023-03-21,73.6500015258789,74.08000183105469,73.5,73.97000122070312,38203400.0
2023-03-22,73.9800033569336,74.79000091552734,73.70999908447266,74.04000091552734,55263500.0
2023-03-23,74.02999877929688,74.37000274658203,73.5199966430664,73.75,54660900.0
2023-03-24,73.44999694824219,73.69000244140625,73.38999938964844,73.5999984741211,44225600.0
2023-03-27,73.75,73.86000061035156,73.41999816894531,73.41999816894531,30905100.0
2023-03-28,73.27999877929688,73.47000122070312,73.13999938964844,73.37999725341797,38277200.0
2023-03-29,73.6500015258789,74.30999755859375,73.6500015258789,74.30000305175781,44457300.0
2023-03-30,74.47000122070312,74.75,74.2699966430664,74.73999786376953,37130200.0
2023-03-31,74.97000122070312,75.6500015258789,74.94999694824219,75.55000305175781,54218900.0
2023-04-03,75.13999938964844,75.30000305175781,74.97000122070312,75.1500015258789,43302900.0
2023-04-04,75.1500015258789,75.26000213623047,74.8499984741211,74.93000030517578,46144300.0
2023-04-05,74.87999725341797,74.94999694824219,74.41999816894531,74.51000213623047,37633900.0
2023-04-06,74.38999938964844,74.95999908447266,74.29000091552734,74.83999633789062,35719600.0
2023-04-10,74.58000183105469,74.80999755859375,74.41000366210938,74.7699966430664,29083900.0
2023-04-11,74.7699966430664,75.0999984741211,74.70999908447266,74.93000030517578,28875100.0
2023-04-12,75.30999755859375,75.37999725341797,74.8499984741211,74.91000366210938,41457600.0
2023-04-13,75.04000091552734,75.62000274658203,75.04000091552734,75.41999816894531,95864000.0
2023-04-14,75.4000015258789,75.55000305175781,75.08000183105469,75.27999877929688,43767600.0
2023-04-17,75.06999969482422,75.16000366210938,74.80999755859375,75.08000183105469,26391100.0
2023-04-18,75.26000213623047,75.36000061035156,74.9800033569336,75.12999725341797,28030700.0
2023-04-19,74.83000183105469,74.98999786376953,74.77999877929688,74.83000183105469,26979400.0
2023-04-20,74.6500015258789,74.87999725341797,74.55000305175781,74.76000213623047,30203900.0
2023-04-21,74.87999725341797,75.02999877929688,74.69000244140625,74.98999786376953,33061800.0
2023-04-24,75.02999877929688,75.26000213623047,74.94999694824219,75.19999694824219,24661600.0
2023-04-25,75.16000366210938,75.30000305175781,75.01000213623047,75.08000183105469,34575300.0
2023-04-26,75.05999755859375,75.11000061035156,74.68000030517578,74.79000091552734,33762700.0
2023-04-27,74.93000030517578,75.25,74.80000305175781,75.04000091552734,39687600.0
2023-04-28,75.05999755859375,75.4800033569336,75.05999755859375,75.36000061035156,33821100.0
2023-05-01,74.93000030517578,75.0,74.52999877929688,74.69000244140625,37748300.0
2023-05-02,74.69000244140625,74.73999786376953,74.37000274658203,74.62000274658203,39045300.0
2023-05-03,74.69999694824219,75.04000091552734,74.55999755859375,74.58000183105469,33178300.0
2023-05-04,74.37999725341797,74.41000366210938,74.08999633789062,74.36000061035156,45207600.0
2023-05-05,74.58000183105469,74.86000061035156,74.4800033569336,74.76000213623047,31591500.0
2023-05-08,74.69999694824219,74.69999694824219,74.37999725341797,74.55000305175781,18367400.0
2023-05-09,74.3499984741211,74.4800033569336,74.2699966430664,74.36000061035156,21732900.0
2023-05-10,74.7699966430664,74.91999816894531,74.52999877929688,74.80999755859375,35392700.0
2023-05-11,74.73999786376953,74.7699966430664,74.61000061035156,74.69000244140625,25265500.0
2023-05-12,74.68000030517578,74.79000091552734,74.27999877929688,74.41999816894531,27553200.0
2023-05-15,74.43000030517578,74.48999786376953,74.30000305175781,74.4000015258789,19764500.0
2023-05-16,74.26000213623047,74.27999877929688,73.80999755859375,73.87999725341797,40998700.0
2023-05-17,73.95999908447266,74.33999633789062,73.93000030517578,74.08000183105469,38534100.0
2023-05-18,73.86000061035156,74.19000244140625,73.80999755859375,74.12000274658203,29129200.0
2023-05-19,74.19000244140625,74.36000061035156,74.06999969482422,74.19999694824219,36044900.0
2023-05-22,74.22000122070312,74.66999816894531,74.22000122070312,74.52999877929688,34897700.0
2023-05-23,74.38999938964844,74.4800033569336,74.06999969482422,74.13999938964844,32415500.0
2023-05-24,73.93000030517578,74.0199966430664,73.47000122070312,73.62000274658203,38083200.0
2023-05-25,73.88999938964844,73.91000366210938,73.55000305175781,73.56999969482422,21457900.0
2023-05-26,73.6500015258789,74.11000061035156,73.62000274658203,74.0199966430664,23547600.0
2023-05-30,74.3499984741211,74.3499984741211,74.08999633789062,74.33999633789062,27482600.0
2023-05-31,74.13999938964844,74.25,73.94999694824219,74.11000061035156,43393600.0
2023-06-01,73.80000305175781,74.30999755859375,73.77999877929688,74.19999694824219,42425700.0
2023-06-02,74.45999908447266,74.7699966430664,74.30000305175781,74.58000183105469,49950900.0
2023-06-05,74.5199966430664,74.55000305175781,74.33999633789062,74.5199966430664,24080200.0
2023-06-06,74.44999694824219,74.66000366210938,74.31999969482422,74.63999938964844,23006600.0
2023-06-07,74.69999694824219,74.79000091552734,74.13999938964844,74.2300033569336,32340900.0
2023-06-08,74.2300033569336,74.73999786376953,74.2300033569336,74.69999694824219,33987800.0
2023-06-09,74.76000213623047,74.86000061035156,74.69000244140625,74.72000122070312,27016700.0
2023-06-12,74.79000091552734,74.80000305175781,74.4800033569336,74.63999938964844,30629500.0
2023-06-13,74.83000183105469,74.94000244140625,74.62000274658203,74.7300033569336,39425900.0
2023-06-14,74.80000305175781,74.98999786376953,74.41000366210938,74.76000213623047,32864600.0
2023-06-15,74.86000061035156,75.1500015258789,74.81999969482422,75.12000274658203,42412300.0
2023-06-16,75.08999633789062,75.11000061035156,74.9000015258789,74.93000030517578,47560800.0
2023-06-20,74.80999755859375,74.93000030517578,74.7300033569336,74.7300033569336,31930500.0
2023-06-21,74.58000183105469,74.69999694824219,74.38999938964844,74.54000091552734,39751900.0
2023-06-22,74.37000274658203,74.4800033569336,74.30000305175781,74.31999969482422,31504700.0
2023-06-23,74.20999908447266,74.26000213623047,74.0,74.19000244140625,33811100.0
2023-06-26,74.19999694824219,74.33000183105469,74.08999633789062,74.2300033569336,36111900.0
2023-06-27,74.30999755859375,74.55000305175781,74.29000091552734,74.4800033569336,31707600.0
2023-06-28,74.47000122070312,74.91000366210938,74.41999816894531,74.91000366210938,35679600.0
2023-06-29,74.63999938964844,74.72000122070312,74.43000030517578,74.70999908447266,41712000.0
2023-06-30,74.95999908447266,75.23999786376953,74.88999938964844,75.06999969482422,35842000.0
2023-07-03,74.68000030517578,74.69000244140625,74.5199966430664,74.55000305175781,13046500.0
2023-07-05,74.5199966430664,74.54000091552734,74.19999694824219,74.31999969482422,37947100.0
2023-07-06,73.77999877929688,73.86000061035156,73.58000183105469,73.77999877929688,52251100.0
2023-07-07,73.76000213623047,74.33000183105469,73.7300033569336,73.8499984741211,42269100.0
2023-07-10,73.91999816894531,74.30000305175781,73.91000366210938,74.22000122070312,45752200.0
2023-07-11,74.41000366210938,74.62000274658203,74.29000091552734,74.62000274658203,32000700.0
2023-07-12,75.08999633789062,75.30999755859375,75.0199966430664,75.19999694824219,42820700.0
2023-07-13,75.5,75.7300033569336,75.41000366210938,75.6500015258789,33954200.0
2023-07-14,75.56999969482422,75.62999725341797,75.05000305175781,75.0999984741211,36081800.0
2023-07-17,75.05999755859375,75.36000061035156,75.0,75.23999786376953,28836600.0
2023-07-18,75.30000305175781,75.55000305175781,75.2699966430664,75.44999694824219,25990800.0
2023-07-19,75.58999633789062,75.6500015258789,75.45999908447266,75.51000213623047,26794800.0
2023-07-20,75.20999908447266,75.30000305175781,74.9800033569336,75.18000030517578,27028500.0
2023-07-21,75.19999694824219,75.48999786376953,75.19999694824219,75.37000274658203,37447800.0
2023-07-24,75.43000030517578,75.54000091552734,75.22000122070312,75.23999786376953,20925500.0
2023-07-25,75.16000366210938,75.2699966430664,75.05999755859375,75.19000244140625,30067600.0
2023-07-26,75.16000366210938,75.55999755859375,75.12000274658203,75.48999786376953,33068400.0
2023-07-27,75.62999725341797,75.69000244140625,74.7300033569336,74.88999938964844,48675800.0
2023-07-28,75.20999908447266,75.37999725341797,75.1500015258789,75.31999969482422,27588400.0
2023-07-31,75.41999816894531,75.5999984741211,75.37999725341797,75.5,30744800.0
2023-08-01,74.95999908447266,74.95999908447266,74.68000030517578,74.7699966430664,34529700.0
2023-08-02,74.44999694824219,74.5199966430664,74.26000213623047,74.44999694824219,37500500.0
2023-08-03,74.20999908447266,74.36000061035156,74.08999633789062,74.20999908447266,30348000.0
2023-08-04,74.6500015258789,74.94000244140625,74.56999969482422,74.6500015258789,37411900.0
2023-08-07,74.79000091552734,74.83000183105469,74.5999984741211,74.79000091552734,19412600.0
2023-08-08,74.73999786376953,75.0,74.66000366210938,74.94999694824219,32545600.0
2023-08-09,74.95999908447266,75.05000305175781,74.80000305175781,74.95999908447266,27569200.0
2023-08-10,75.01000213623047,75.3499984741211,74.73999786376953,74.94000244140625,43697200.0
2023-08-11,74.68000030517578,74.86000061035156,74.58000183105469,74.83000183105469,23329000.0
2023-08-14,74.69999694824219,74.93000030517578,74.56999969482422,74.81999969482422,28545100.0
2023-08-15,74.62000274658203,74.79000091552734,74.55000305175781,74.58000183105469,32968600.0
2023-08-16,74.55000305175781,74.75,74.3499984741211,74.3499984741211,31759400.0
2023-08-17,74.38999938964844,74.41999816894531,73.86000061035156,74.04000091552734,38546600.0
2023-08-18,73.88999938964844,74.31999969482422,73.86000061035156,74.08999633789062,44130500.0
2023-08-21,74.08000183105469,74.13999938964844,73.83999633789062,74.06999969482422,30768700.0
2023-08-22,74.2300033569336,74.26000213623047,74.05000305175781,74.11000061035156,18135400.0
2023-08-23,74.4000015258789,74.81999969482422,74.4000015258789,74.70999908447266,33378000.0
2023-08-24,74.72000122070312,74.72000122070312,74.22000122070312,74.30000305175781,34336100.0
2023-08-25,74.31999969482422,74.69999694824219,74.26000213623047,74.61000061035156,31149300.0
2023-08-28,74.9000015258789,74.93000030517578,74.69000244140625,74.88999938964844,21461600.0
2023-08-29,74.80999755859375,75.36000061035156,74.77999877929688,75.36000061035156,42178200.0
2023-08-30,75.36000061035156,75.4800033569336,75.26000213623047,75.33000183105469,29458200.0
2023-08-31,75.2699966430664,75.37999725341797,75.16000366210938,75.27999877929688,30824500.0
2023-09-01,75.19000244140625,75.23999786376953,74.8499984741211,75.06999969482422,33213100.0
2023-09-05,74.95999908447266,74.95999908447266,74.5199966430664,74.58000183105469,29500600.0
2023-09-06,74.51000213623047,74.55000305175781,74.25,74.4000015258789,30797500.0
2023-09-07,74.27999877929688,74.69000244140625,74.27999877929688,74.6500015258789,28757400.0
2023-09-08,74.80000305175781,74.87999725341797,74.55999755859375,74.62000274658203,26389100.0
2023-09-11,74.72000122070312,74.75,74.56999969482422,74.75,29159400.0
2023-09-12,74.55999755859375,74.76000213623047,74.55999755859375,74.62999725341797,21668500.0
2023-09-13,74.5999984741211,74.91000366210938,74.5999984741211,74.83000183105469,27498900.0
2023-09-14,74.91000366210938,75.0,74.83000183105469,74.91999816894531,29575900.0
2023-09-15,74.69999694824219,74.8499984741211,74.63999938964844,74.63999938964844,41636900.0
2023-09-18,74.55000305175781,74.7699966430664,74.55000305175781,74.69000244140625,19549700.0
2023-09-19,74.52999877929688,74.63999938964844,74.41000366210938,74.45999908447266,33937200.0
2023-09-20,74.62999725341797,74.76000213623047,74.38999938964844,74.4000015258789,26715100.0
2023-09-21,74.0999984741211,74.16000366210938,73.87000274658203,73.87000274658203,43327300.0
2023-09-22,74.0199966430664,74.2699966430664,73.98999786376953,74.0,36657300.0
2023-09-25,73.80999755859375,74.02999877929688,73.7300033569336,73.9000015258789,30197500.0
2023-09-26,73.83999633789062,73.88999938964844,73.52999877929688,73.58000183105469,39193000.0
2023-09-27,73.79000091552734,73.8499984741211,73.3499984741211,73.4800033569336,45532200.0
2023-09-28,73.3499984741211,73.86000061035156,73.30999755859375,73.83000183105469,45776600.0
2023-09-29,74.13999938964844,74.20999908447266,73.70999908447266,73.72000122070312,51698300.0
2023-10-02,73.0999984741211,73.23999786376953,72.80000305175781,72.88999938964844,69255900.0
2023-10-03,72.5999984741211,72.80000305175781,72.12000274658203,72.1500015258789,77754200.0
2023-10-04,72.31999969482422,72.62999725341797,72.12000274658203,72.5199966430664,138971500.0
2023-10-05,72.47000122070312,72.68000030517578,72.4000015258789,72.58999633789062,56138500.0
2023-10-06,72.30000305175781,72.81999969482422,72.0999984741211,72.69000244140625,52741500.0
2023-10-09,72.69999694824219,73.23999786376953,72.69999694824219,73.2300033569336,27277200.0
2023-10-10,73.04000091552734,73.44000244140625,72.94999694824219,73.20999908447266,50761600.0
2023-10-11,73.3499984741211,73.44000244140625,72.87999725341797,73.19999694824219,53330500.0
2023-10-12,73.16999816894531,73.16999816894531,72.58999633789062,72.80999755859375,60368000.0
2023-10-13,73.01000213623047,73.23999786376953,72.68000030517578,72.75,54191200.0
2023-10-16,72.72000122070312,72.91000366210938,72.66999816894531,72.7300033569336,39352900.0
2023-10-17,72.41999816894531,72.61000061035156,72.29000091552734,72.38999938964844,50948700.0
2023-10-18,72.30999755859375,72.45999908447266,71.98999786376953,72.04000091552734,58306500.0
2023-10-19,72.04000091552734,72.4000015258789,71.77999877929688,71.77999877929688,70971900.0
2023-10-20,71.86000061035156,72.08999633789062,71.81999969482422,71.93000030517578,64845500.0
2023-10-23,71.7699966430664,72.41999816894531,71.68000030517578,72.22000122070312,47508700.0
2023-10-24,72.41000366210938,72.62000274658203,72.33000183105469,72.58999633789062,46427900.0
2023-10-25,72.41000366210938,72.47000122070312,72.12000274658203,72.19999694824219,42518300.0
2023-10-26,72.20999908447266,72.58000183105469,72.0999984741211,72.44999694824219,45233400.0
2023-10-27,72.5199966430664,72.61000061035156,72.2300033569336,72.36000061035156,35621800.0
2023-10-30,72.3499984741211,72.5,72.2699966430664,72.37999725341797,29094000.0
2023-10-31,72.41000366210938,72.80000305175781,72.37999725341797,72.56999969482422,42185900.0
2023-11-01,72.27999877929688,72.87000274658203,72.27999877929688,72.87000274658203,59313100.0
2023-11-02,73.33000183105469,73.79000091552734,73.31999969482422,73.69000244140625,68930600.0
2023-11-03,74.1500015258789,74.45999908447266,74.0,74.41000366210938,88763600.0
2023-11-06,74.23999786376953,74.38999938964844,74.04000091552734,74.11000061035156,93899100.0
2023-11-07,74.05999755859375,74.20999908447266,73.9000015258789,74.12000274658203,50458200.0
2023-11-08,74.0999984741211,74.2300033569336,74.05999755859375,74.16000366210938,41143500.0
2023-11-09,74.05000305175781,74.19000244140625,73.68000030517578,73.69999694824219,62856100.0
2023-11-10,73.91000366210938,74.0999984741211,73.87000274658203,74.05999755859375,35563300.0
2023-11-13,73.79000091552734,74.05999755859375,73.79000091552734,73.98999786376953,37530100.0
2023-11-14,74.62000274658203,74.93000030517578,74.62000274658203,74.73999786376953,68210800.0
2023-11-15,74.61000061035156,74.70999908447266,74.43000030517578,74.5,44022800.0
2023-11-16,74.52999877929688,74.66999816894531,74.44999694824219,74.5999984741211,52928200.0
2023-11-17,74.61000061035156,74.7699966430664,74.4800033569336,74.7699966430664,44272100.0
2023-11-20,74.6500015258789,74.94999694824219,74.6500015258789,74.8499984741211,30846200.0
2023-11-21,74.80000305175781,74.97000122070312,74.80000305175781,74.94999694824219,29493900.0
2023-11-22,75.05000305175781,75.16000366210938,74.87999725341797,75.08000183105469,40866800.0
2023-11-24,75.0199966430664,75.02999877929688,74.94999694824219,75.0,8536200.0
2023-11-27,75.0,75.19999694824219,74.93000030517578,75.11000061035156,31007400.0
2023-11-28,75.0999984741211,75.47000122070312,75.05000305175781,75.44000244140625,44031100.0
2023-11-29,75.73999786376953,76.04000091552734,75.70999908447266,75.8499984741211,48815500.0
2023-11-30,75.81999969482422,75.86000061035156,75.4800033569336,75.70999908447266,55047100.0
2023-12-01,75.29000091552734,76.01000213623047,75.19999694824219,75.98999786376953,60321100.0
2023-12-04,75.55000305175781,75.8499984741211,75.55000305175781,75.80000305175781,33105700.0
2023-12-05,75.66999816894531,75.95999908447266,75.66999816894531,75.87000274658203,32466500.0
2023-12-06,75.95999908447266,76.02999877929688,75.83000183105469,75.87999725341797,21297200.0
2023-12-07,75.98999786376953,76.13999938964844,75.91999816894531,76.01000213623047,27779300.0
2023-12-08,75.80999755859375,75.91000366210938,75.66999816894531,75.86000061035156,30123200.0
2023-12-11,75.80000305175781,75.81999969482422,75.56999969482422,75.80999755859375,30141700.0
2023-12-12,75.7699966430664,76.01000213623047,75.5999984741211,75.9800033569336,29203400.0
2023-12-13,76.0999984741211,77.1500015258789,76.05999755859375,77.13999938964844,64201300.0
2023-12-14,77.12999725341797,77.37999725341797,76.94999694824219,77.0999984741211,67220400.0
2023-12-15,77.02999877929688,77.3499984741211,76.75,76.93000030517578,36336400.0
2023-12-18,77.08000183105469,77.08000183105469,76.7300033569336,76.9800033569336,34793600.0
2023-12-19,77.06999969482422,77.29000091552734,77.04000091552734,77.19999694824219,25269400.0
2023-12-20,77.29000091552734,77.54000091552734,77.16999816894531,77.20999908447266,38376400.0
2023-12-21,77.51000213623047,77.62999725341797,77.31999969482422,77.55999755859375,22861400.0
2023-12-22,77.69000244140625,77.75,77.41999816894531,77.47000122070312,18048400.0
2023-12-26,77.5,77.62999725341797,77.4800033569336,77.62000274658203,12374700.0
2023-12-27,77.66999816894531,78.08000183105469,77.61000061035156,77.94000244140625,22835300.0
2023-12-28,77.9000015258789,77.91000366210938,77.54000091552734,77.69000244140625,22648100.0
2023-12-29,77.66999816894531,77.86000061035156,77.38999938964844,77.38999938964844,36993900.0
2024-01-02,77.12999725341797,77.23999786376953,77.04000091552734,77.12999725341797,41547100.0
2024-01-03,76.72000122070312,77.08000183105469,76.55000305175781,76.91999816894531,39495500.0
2024-01-04,76.80999755859375,76.9000015258789,76.5999984741211,76.62000274658203,32856100.0
2024-01-05,76.5999984741211,77.0,76.55000305175781,76.68000030517578,31158500.0
2024-01-08,76.69999694824219,77.16999816894531,76.69999694824219,77.11000061035156,33479100.0
2024-01-09,77.01000213623047,77.31999969482422,76.95999908447266,77.2300033569336,25593500.0
2024-01-10,77.41000366210938,77.48999786376953,77.27999877929688,77.37000274658203,35702800.0
2024-01-11,77.3499984741211,77.62999725341797,77.16999816894531,77.62000274658203,35947100.0
2024-01-12,77.68000030517578,77.91999816894531,77.62999725341797,77.69999694824219,31155500.0
2024-01-16,77.55000305175781,77.55000305175781,77.12999725341797,77.20999908447266,43669900.0
2024-01-17,77.08000183105469,77.08000183105469,76.7300033569336,76.87999725341797,54160800.0
2024-01-18,76.98999786376953,77.05000305175781,76.8499984741211,77.04000091552734,34837600.0
2024-01-19,77.06999969482422,77.16999816894531,76.77999877929688,77.16999816894531,44359700.0
2024-01-22,77.18000030517578,77.43000030517578,77.18000030517578,77.2300033569336,36758900.0
2024-01-23,77.19000244140625,77.25,77.02999877929688,77.13999938964844,24561500.0
2024-01-24,77.4000015258789,77.43000030517578,77.02999877929688,77.0999984741211,27623300.0
2024-01-25,77.37000274658203,77.69000244140625,77.30000305175781,77.69000244140625,48268800.0
2024-01-26,77.6500015258789,77.7699966430664,77.58999633789062,77.62999725341797,26232800.0
2024-01-29,77.66000366210938,77.83000183105469,77.56999969482422,77.80000305175781,25924900.0
2024-01-30,77.80000305175781,77.83000183105469,77.52999877929688,77.69999694824219,32486600.0
2024-01-31,77.69999694824219,77.9000015258789,77.43000030517578,77.4800033569336,55548900.0
2024-02-01,77.33000183105469,77.61000061035156,77.11000061035156,77.54000091552734,48019300.0
2024-02-02,77.05000305175781,77.29000091552734,77.04000091552734,77.19000244140625,42727400.0
2024-02-05,76.94999694824219,77.01000213623047,76.66000366210938,76.83000183105469,51908600.0
2024-02-06,76.87000274658203,77.22000122070312,76.87000274658203,77.11000061035156,32948200.0
2024-02-07,77.2699966430664,77.30000305175781,77.0199966430664,77.23999786376953,42954100.0
2024-02-08,77.18000030517578,77.30000305175781,77.12000274658203,77.19999694824219,25548400.0
2024-02-09,77.25,77.41000366210938,77.13999938964844,77.36000061035156,33951400.0
2024-02-12,77.33000183105469,77.45999908447266,77.16999816894531,77.19000244140625,36249100.0
2024-02-13,76.66999816894531,76.80000305175781,76.44000244140625,76.56999969482422,69904200.0
2024-02-14,76.79000091552734,76.98999786376953,76.7300033569336,76.87000274658203,38603100.0
2024-02-15,77.0,77.2300033569336,76.94000244140625,77.13999938964844,44319900.0
2024-02-16,76.93000030517578,77.01000213623047,76.81999969482422,76.91000366210938,50322900.0
2024-02-20,76.88999938964844,77.12999725341797,76.81999969482422,77.06999969482422,31994100.0
2024-02-21,77.05999755859375,77.12000274658203,76.81999969482422,76.93000030517578,38674100.0
2024-02-22,77.1500015258789,77.30999755859375,77.0999984741211,77.30000305175781,45450200.0
2024-02-23,77.37000274658203,77.45999908447266,77.29000091552734,77.3499984741211,24686900.0
2024-02-26,77.31999969482422,77.3499984741211,77.08000183105469,77.0999984741211,32795300.0
2024-02-27,77.1500015258789,77.19999694824219,77.05000305175781,77.19999694824219,30926600.0
2024-02-28,77.1500015258789,77.27999877929688,77.0999984741211,77.19000244140625,24667600.0
2024-02-29,77.30000305175781,77.47000122070312,77.23999786376953,77.33000183105469,43322400.0
2024-03-01,76.93000030517578,77.20999908447266,76.77999877929688,77.18000030517578,39342900.0
2024-03-04,77.12000274658203,77.2300033569336,77.02999877929688,77.16000366210938,21607300.0
2024-03-05,77.16000366210938,77.3499984741211,77.05999755859375,77.0999984741211,38076900.0
2024-03-06,77.30000305175781,77.41000366210938,77.18000030517578,77.29000091552734,34335200.0
2024-03-07,77.48999786376953,77.51000213623047,77.31999969482422,77.37999725341797,30393000.0
2024-03-08,77.48999786376953,77.7300033569336,77.38999938964844,77.4000015258789,38317900.0
2024-03-11,77.33999633789062,77.43000030517578,77.30000305175781,77.38999938964844,27177600.0
2024-03-12,77.51000213623047,77.51000213623047,77.26000213623047,77.45999908447266,33351700.0
2024-03-13,77.4000015258789,77.68000030517578,77.4000015258789,77.48999786376953,28482200.0
2024-03-14,77.47000122070312,77.51000213623047,77.02999877929688,77.12000274658203,46677200.0
2024-03-15,77.08000183105469,77.23999786376953,76.95999908447266,77.06999969482422,53985300.0
2024-03-18,77.2699966430664,77.31999969482422,77.18000030517578,77.25,34649300.0
2024-03-19,77.2300033569336,77.58000183105469,77.22000122070312,77.55999755859375,41841500.0
2024-03-20,77.54000091552734,77.8499984741211,77.47000122070312,77.81999969482422,36886700.0
2024-03-21,77.94999694824219,77.95999908447266,77.68000030517578,77.77999877929688,34693300.0
2024-03-22,77.80999755859375,77.88999938964844,77.66000366210938,77.69999694824219,26955700.0
2024-03-25,77.55999755859375,77.66999816894531,77.54000091552734,77.58000183105469,29373100.0
2024-03-26,77.66999816894531,77.68000030517578,77.47000122070312,77.48999786376953,28522200.0
2024-03-27,77.68000030517578,77.9000015258789,77.5999984741211,77.9000015258789,28891100.0
2024-03-28,77.80000305175781,77.91999816894531,77.72000122070312,77.7300033569336,31546700.0
2024-04-01,77.3499984741211,77.3499984741211,76.98999786376953,77.0199966430664,47857400.0
2024-04-02,76.76000213623047,76.91000366210938,76.72000122070312,76.88999938964844,45551200.0
2024-04-03,76.77999877929688,76.98999786376953,76.70999908447266,76.94999694824219,29542300.0
2024-04-04,77.11000061035156,77.22000122070312,76.77999877929688,76.88999938964844,36056400.0
2024-04-05,76.83000183105469,76.93000030517578,76.79000091552734,76.81999969482422,30857300.0
2024-04-08,76.83000183105469,77.04000091552734,76.77999877929688,77.0,31067800.0
2024-04-09,77.12000274658203,77.2300033569336,77.0199966430664,77.16000366210938,32219100.0
2024-04-10,76.6500015258789,76.76000213623047,76.30000305175781,76.4800033569336,76623900.0
2024-04-11,76.51000213623047,76.55999755859375,76.20999908447266,76.41000366210938,50836000.0
2024-04-12,76.37999725341797,76.41999816894531,76.25,76.37000274658203,41441700.0
2024-04-15,76.44999694824219,76.44999694824219,75.83999633789062,75.93000030517578,55560400.0
2024-04-16,75.91000366210938,75.91000366210938,75.58999633789062,75.68000030517578,55746100.0
2024-04-17,75.88999938964844,76.04000091552734,75.70999908447266,75.77999877929688,48158800.0
2024-04-18,75.77999877929688,75.88999938964844,75.63999938964844,75.83999633789062,40291400.0
2024-04-19,75.91000366210938,76.08000183105469,75.9000015258789,75.9800033569336,54739500.0
2024-04-22,76.13999938964844,76.43000030517578,76.11000061035156,76.4000015258789,40772500.0
2024-04-23,76.47000122070312,76.76000213623047,76.37999725341797,76.70999908447266,43554400.0
2024-04-24,76.66999816894531,76.69999694824219,76.37000274658203,76.54000091552734,40496500.0
2024-04-25,76.08000183105469,76.4000015258789,75.91000366210938,76.37999725341797,46371600.0
2024-04-26,76.37000274658203,76.66000366210938,76.37000274658203,76.62000274658203,34500800.0
2024-04-29,76.72000122070312,76.8499984741211,76.66999816894531,76.8499984741211,33157800.0
2024-04-30,76.5999984741211,76.76000213623047,76.29000091552734,76.29000091552734,49937500.0
2024-05-01,75.94999694824219,76.62999725341797,75.93000030517578,76.29000091552734,71484700.0
2024-05-02,76.4800033569336,76.77999877929688,76.33000183105469,76.76000213623047,41497900.0
2024-05-03,77.1500015258789,77.38999938964844,76.94000244140625,77.08000183105469,44204400.0
2024-05-06,77.16999816894531,77.2300033569336,77.12000274658203,77.16999816894531,29547100.0
2024-05-07,77.26000213623047,77.27999877929688,77.02999877929688,77.18000030517578,34064000.0
2024-05-08,76.98999786376953,77.05999755859375,76.94999694824219,77.0,22959500.0
2024-05-09,76.95999908447266,77.05999755859375,76.86000061035156,77.0199966430664,24590900.0
2024-05-10,77.01000213623047,77.02999877929688,76.80999755859375,76.9000015258789,24633800.0
2024-05-13,77.05999755859375,77.05999755859375,76.8499984741211,76.87999725341797,22109800.0
2024-05-14,76.91999816894531,77.02999877929688,76.9000015258789,77.0,27298700.0
2024-05-15,77.25,77.45999908447266,77.19000244140625,77.44999694824219,56544400.0
2024-05-16,77.45999908447266,77.45999908447266,77.26000213623047,77.2699966430664,31749800.0
2024-05-17,77.22000122070312,77.30999755859375,77.16000366210938,77.27999877929688,31550300.0
2024-05-20,77.2300033569336,77.31999969482422,77.19999694824219,77.31999969482422,18665000.0
2024-05-21,77.2699966430664,77.4000015258789,77.25,77.26000213623047,20295900.0
2024-05-22,77.1500015258789,77.19000244140625,77.0199966430664,77.08999633789062,31110700.0
2024-05-23,77.16999816894531,77.22000122070312,76.79000091552734,76.81999969482422,36464700.0
2024-05-24,76.94000244140625,77.11000061035156,76.83999633789062,77.08999633789062,20488500.0
2024-05-28,77.16999816894531,77.19000244140625,76.76000213623047,76.77999877929688,27771700.0
2024-05-29,76.54000091552734,76.6500015258789,76.5199966430664,76.55000305175781,38800000.0
2024-05-30,76.62999725341797,76.87999725341797,76.62999725341797,76.86000061035156,44210200.0
2024-05-31,76.91999816894531,77.1500015258789,76.91999816894531,77.12999725341797,45381900.0
2024-06-03,76.87000274658203,77.01000213623047,76.83999633789062,77.01000213623047,36791300.0
2024-06-04,76.91999816894531,77.0999984741211,76.91000366210938,76.97000122070312,39230600.0
2024-06-05,77.12000274658203,77.22000122070312,76.95999908447266,77.22000122070312,29793700.0
2024-06-06,77.18000030517578,77.18000030517578,77.04000091552734,77.08999633789062,24398300.0
2024-06-07,76.79000091552734,76.94000244140625,76.75,76.88999938964844,32498800.0
2024-06-10,76.80999755859375,76.97000122070312,76.76000213623047,76.95999908447266,24875700.0
2024-06-11,76.91999816894531,77.06999969482422,76.8499984741211,77.05999755859375,25339600.0
2024-06-12,77.58999633789062,77.63999938964844,77.3499984741211,77.37000274658203,51775700.0
2024-06-13,77.55000305175781,77.55000305175781,77.26000213623047,77.36000061035156,38532000.0
2024-06-14,77.11000061035156,77.18000030517578,76.94999694824219,77.05999755859375,52953300.0
2024-06-17,76.94000244140625,77.19000244140625,76.83999633789062,77.11000061035156,33165000.0
2024-06-18,77.19999694824219,77.41000366210938,77.18000030517578,77.3499984741211,46845500.0
2024-06-20,77.31999969482422,77.33999633789062,77.13999938964844,77.30000305175781,26989000.0
2024-06-21,77.29000091552734,77.41000366210938,77.20999908447266,77.38999938964844,26857600.0
2024-06-24,77.36000061035156,77.51000213623047,77.30999755859375,77.30999755859375,28766200.0
2024-06-25,77.36000061035156,77.41999816894531,77.27999877929688,77.41000366210938,26111600.0
2024-06-26,77.26000213623047,77.2699966430664,77.16999816894531,77.23999786376953,29282000.0
2024-06-27,77.19999694824219,77.33000183105469,77.18000030517578,77.33000183105469,29404500.0
2024-06-28,77.37999725341797,77.5199966430664,77.13999938964844,77.13999938964844,34952000.0
2024-07-01,76.87000274658203,76.91999816894531,76.69000244140625,76.72000122070312,31113100.0
2024-07-02,76.7300033569336,76.94999694824219,76.69000244140625,76.93000030517578,30418400.0
2024-07-03,76.91999816894531,77.19999694824219,76.91999816894531,77.19999694824219,22067300.0
2024-07-05,77.27999877929688,77.44999694824219,77.23999786376953,77.43000030517578,25941500.0
2024-07-08,77.41000366210938,77.4800033569336,77.30999755859375,77.41000366210938,26962000.0
2024-07-09,77.41000366210938,77.41000366210938,77.2300033569336,77.31999969482422,19108500.0
2024-07-10,77.41000366210938,77.5199966430664,77.37000274658203,77.5,25361900.0
2024-07-11,77.76000213623047,77.83999633789062,77.70999908447266,77.77999877929688,44932500.0
2024-07-12,77.79000091552734,78.0199966430664,77.79000091552734,77.9800033569336,31688100.0
2024-07-15,78.04000091552734,78.06999969482422,77.9000015258789,77.98999786376953,23235600.0
2024-07-16,78.06999969482422,78.33000183105469,78.0,78.29000091552734,41375400.0
2024-07-17,78.05999755859375,78.25,78.02999877929688,78.19999694824219,32750400.0
2024-07-18,78.23999786376953,78.2699966430664,77.97000122070312,78.04000091552734,42513000.0
2024-07-19,78.12000274658203,78.12999725341797,77.87999725341797,77.9800033569336,36125700.0
2024-07-22,78.16999816894531,78.27999877929688,78.11000061035156,78.2699966430664,32378800.0
2024-07-23,78.26000213623047,78.41999816894531,78.2300033569336,78.27999877929688,28826900.0
2024-07-24,78.19999694824219,78.30999755859375,78.01000213623047,78.02999877929688,37612800.0
2024-07-25,78.08000183105469,78.33000183105469,78.04000091552734,78.04000091552734,35409000.0
2024-07-26,78.37000274658203,78.37000274658203,78.20999908447266,78.29000091552734,23683700.0
2024-07-29,78.4000015258789,78.44000244140625,78.13999938964844,78.22000122070312,28468400.0
2024-07-30,78.33000183105469,78.3499984741211,78.12000274658203,78.26000213623047,33652100.0
2024-07-31,78.47000122070312,78.5999984741211,78.36000061035156,78.54000091552734,50714800.0
2024-08-01,78.19000244140625,78.30000305175781,77.94000244140625,77.95999908447266,51319800.0
2024-08-02,77.80999755859375,77.97000122070312,77.61000061035156,77.69999694824219,71578700.0
2024-08-05,76.63999938964844,77.37999725341797,76.58000183105469,77.22000122070312,104456100.0
2024-08-06,77.4800033569336,77.80999755859375,77.16999816894531,77.51000213623047,60113400.0
2024-08-07,77.9800033569336,78.01000213623047,77.61000061035156,77.66000366210938,56107800.0
2024-08-08,77.9000015258789,78.0199966430664,77.79000091552734,77.9800033569336,31528100.0
2024-08-09,78.0199966430664,78.08999633789062,77.83000183105469,77.97000122070312,29759900.0
2024-08-12,78.04000091552734,78.04000091552734,77.87000274658203,78.0199966430664,33878400.0
2024-08-13,78.11000061035156,78.38999938964844,78.08999633789062,78.37999725341797,37310200.0
2024-08-14,78.36000061035156,78.55000305175781,78.30000305175781,78.5199966430664,36086900.0
2024-08-15,78.55999755859375,78.62000274658203,78.44999694824219,78.58999633789062,39411300.0
2024-08-16,78.55000305175781,78.87999725341797,78.54000091552734,78.83999633789062,33682600.0
2024-08-19,78.80999755859375,79.0,78.75,78.97000122070312,29604300.0
2024-08-20,79.01000213623047,79.02999877929688,78.7699966430664,78.9000015258789,33189300.0
2024-08-21,78.9800033569336,79.11000061035156,78.91000366210938,79.08000183105469,34266700.0
2024-08-22,79.08000183105469,79.08999633789062,78.88999938964844,78.9800033569336,29292100.0
2024-08-23,79.18000030517578,79.4000015258789,79.08000183105469,79.4000015258789,32590900.0
2024-08-26,79.38999938964844,79.43000030517578,79.2300033569336,79.23999786376953,20460100.0
2024-08-27,79.1500015258789,79.37000274658203,79.11000061035156,79.29000091552734,22784300.0
2024-08-28,79.30999755859375,79.31999969482422,79.18000030517578,79.25,22351600.0
2024-08-29,79.33000183105469,79.36000061035156,79.2300033569336,79.33000183105469,18353000.0
2024-08-30,79.41999816894531,79.41999816894531,79.23999786376953,79.33999633789062,27633300.0
2024-09-03,78.87999725341797,78.95999908447266,78.6500015258789,78.68000030517578,31596800.0
2024-09-04,78.66000366210938,79.05000305175781,78.66000366210938,78.97000122070312,32371800.0
2024-09-05,79.11000061035156,79.27999877929688,79.05000305175781,79.23999786376953,44675300.0
2024-09-06,79.2699966430664,79.37999725341797,78.98999786376953,79.13999938964844,49888900.0
2024-09-09,79.2699966430664,79.37999725341797,79.16000366210938,79.33000183105469,24823800.0
2024-09-10,79.33999633789062,79.37000274658203,79.0999984741211,79.18000030517578,38347600.0
2024-09-11,79.08999633789062,79.30999755859375,78.97000122070312,79.30000305175781,42342700.0
2024-09-12,79.25,79.48999786376953,79.20999908447266,79.41000366210938,28515000.0
2024-09-13,79.5199966430664,79.68000030517578,79.5,79.62999725341797,31806800.0
2024-09-16,79.66000366210938,79.9000015258789,79.63999938964844,79.83000183105469,31402400.0
2024-09-17,79.9000015258789,79.94000244140625,79.80000305175781,79.8499984741211,27423900.0
2024-09-18,79.87999725341797,80.27999877929688,79.79000091552734,79.91999816894531,39546900.0
2024-09-19,80.29000091552734,80.33000183105469,80.08999633789062,80.16000366210938,48785900.0
2024-09-20,80.16000366210938,80.26000213623047,80.0,80.26000213623047,43626300.0
2024-09-23,80.19000244140625,80.20999908447266,80.08000183105469,80.11000061035156,29049400.0
2024-09-24,80.12000274658203,80.18000030517578,80.0,80.12000274658203,28674500.0
2024-09-25,80.08000183105469,80.11000061035156,80.0199966430664,80.02999877929688,28899100.0
2024-09-26,80.19000244140625,80.19000244140625,80.0199966430664,80.16000366210938,32732300.0
2024-09-27,80.22000122070312,80.37000274658203,80.19999694824219,80.36000061035156,36712700.0
2024-09-30,80.33000183105469,80.37000274658203,80.19000244140625,80.30000305175781,31551500.0
2024-10-01,79.98999786376953,80.0,79.80000305175781,79.87000274658203,45992200.0
2024-10-02,79.77999877929688,79.87999725341797,79.69000244140625,79.87999725341797,41214300.0
2024-10-03,79.77999877929688,79.80999755859375,79.62999725341797,79.69000244140625,31147700.0
2024-10-04,79.68000030517578,79.70999908447266,79.54000091552734,79.5999984741211,40122800.0
2024-10-07,79.54000091552734,79.54000091552734,79.25,79.26000213623047,69202500.0
2024-10-08,79.37000274658203,79.45999908447266,79.30000305175781,79.44999694824219,40947200.0
2024-10-09,79.44000244140625,79.4800033569336,79.33999633789062,79.4000015258789,42426500.0
2024-10-10,79.4000015258789,79.41000366210938,79.25,79.36000061035156,30091700.0
2024-10-11,79.33999633789062,79.58999633789062,79.33999633789062,79.56999969482422,26970800.0
2024-10-14,79.62000274658203,79.62999725341797,79.4000015258789,79.61000061035156,12065800.0
2024-10-15,79.5999984741211,79.72000122070312,79.58000183105469,79.58999633789062,31134400.0
2024-10-16,79.69999694824219,79.80999755859375,79.66000366210938,79.7300033569336,31626300.0
2024-10-17,79.7699966430664,79.80000305175781,79.4800033569336,79.61000061035156,46599300.0
2024-10-18,79.69999694824219,79.80000305175781,79.6500015258789,79.80000305175781,28905600.0
2024-10-21,79.66000366210938,79.70999908447266,79.4000015258789,79.4800033569336,36341500.0
2024-10-22,79.43000030517578,79.45999908447266,79.27999877929688,79.37000274658203,35466600.0
2024-10-23,79.26000213623047,79.30000305175781,79.06999969482422,79.12999725341797,39761500.0
2024-10-24,79.30000305175781,79.41999816894531,79.22000122070312,79.36000061035156,30163900.0
2024-10-25,79.45999908447266,79.55000305175781,79.25,79.27999877929688,35590200.0
2024-10-28,79.41999816894531,79.5199966430664,79.37999725341797,79.4800033569336,31854500.0
2024-10-29,79.25,79.5199966430664,79.2300033569336,79.5,42992200.0
2024-10-30,79.48999786376953,79.6500015258789,79.33000183105469,79.36000061035156,28728700.0
2024-10-31,79.37999725341797,79.37999725341797,79.13999938964844,79.13999938964844,43194600.0
2024-11-01,79.02999877929688,79.08000183105469,78.7300033569336,78.75,44045700.0
2024-11-04,79.05000305175781,79.0999984741211,78.88999938964844,78.97000122070312,27291200.0
2024-11-05,78.94000244140625,79.19999694824219,78.94000244140625,79.19000244140625,31611900.0
2024-11-06,79.22000122070312,79.36000061035156,79.08000183105469,79.33000183105469,43173100.0
2024-11-07,79.30000305175781,79.69999694824219,79.25,79.66999816894531,51325800.0
2024-11-08,79.77999877929688,79.83000183105469,79.66999816894531,79.80000305175781,30543400.0
2024-11-11,79.79000091552734,79.81999969482422,79.70999908447266,79.70999908447266,11008700.0
2024-11-12,79.61000061035156,79.69999694824219,79.33000183105469,79.38999938964844,44594900.0
2024-11-13,79.58999633789062,79.5999984741211,79.37999725341797,79.41000366210938,33873600.0
2024-11-14,79.45999908447266,79.52999877929688,79.23999786376953,79.23999786376953,32749300.0
2024-11-15,79.19000244140625,79.27999877929688,79.05000305175781,79.2300033569336,33709500.0
2024-11-18,79.2699966430664,79.38999938964844,79.19000244140625,79.37999725341797,27780900.0
2024-11-19,79.31999969482422,79.56999969482422,79.30000305175781,79.5,34523200.0
2024-11-20,79.48999786376953,79.5,79.38999938964844,79.4800033569336,19934000.0
2024-11-21,79.54000091552734,79.63999938964844,79.47000122070312,79.51000213623047,28040000.0
2024-11-22,79.5,79.58999633789062,79.44999694824219,79.48999786376953,29564900.0
2024-11-25,79.72000122070312,79.8499984741211,79.72000122070312,79.79000091552734,35003000.0
2024-11-26,79.80000305175781,79.80000305175781,79.58000183105469,79.63999938964844,41103500.0
2024-11-27,79.70999908447266,79.87999725341797,79.69000244140625,79.87999725341797,30239600.0
2024-11-29,80.01000213623047,80.06999969482422,79.88999938964844,80.04000091552734,25037800.0
2024-12-02,79.93000030517578,79.93000030517578,79.52999877929688,79.6500015258789,32387400.0
2024-12-03,79.72000122070312,79.73999786376953,79.61000061035156,79.6500015258789,24868500.0
2024-12-04,79.70999908447266,79.83999633789062,79.63999938964844,79.83999633789062,22733500.0
2024-12-05,79.79000091552734,79.81999969482422,79.70999908447266,79.7699966430664,23106300.0
2024-12-06,79.88999938964844,80.0,79.8499984741211,79.9000015258789,29931300.0
2024-12-09,79.9000015258789,79.94000244140625,79.77999877929688,79.80000305175781,22095100.0
2024-12-10,79.94000244140625,79.94000244140625,79.73999786376953,79.83999633789062,27195200.0
2024-12-11,79.94000244140625,79.94999694824219,79.83000183105469,79.86000061035156,24730000.0
2024-12-12,79.80999755859375,79.98999786376953,79.62999725341797,79.63999938964844,29081600.0
2024-12-13,79.70999908447266,79.70999908447266,79.37999725341797,79.41000366210938,34201100.0
2024-12-16,79.55000305175781,79.62000274658203,79.4800033569336,79.55999755859375,22269000.0
2024-12-17,79.41000366210938,79.5,79.38999938964844,79.38999938964844,29039500.0
2024-12-18,79.13999938964844,79.13999938964844,78.1500015258789,78.16999816894531,80034500.0
2024-12-19,78.44999694824219,78.51000213623047,78.08999633789062,78.08999633789062,69005700.0
2024-12-20,78.0,78.66999816894531,78.0,78.58000183105469,63276200.0
2024-12-23,78.6500015258789,78.69000244140625,78.37000274658203,78.37000274658203,29239400.0
2024-12-24,78.4000015258789,78.63999938964844,78.3499984741211,78.62000274658203,11926100.0
2024-12-26,78.51000213623047,78.81999969482422,78.47000122070312,78.81999969482422,18384900.0
2024-12-27,78.73999786376953,78.76000213623047,78.52999877929688,78.55000305175781,20631800.0
2024-12-30,78.58000183105469,78.73999786376953,78.5,78.66000366210938,20659200.0
2024-12-31,78.77999877929688,78.83999633789062,78.55000305175781,78.6500015258789,18664900.0
2025-01-02,78.87999725341797,78.94999694824219,78.72000122070312,78.83999633789062,30415400.0
2025-01-03,78.98999786376953,79.02999877929688,78.93000030517578,78.95999908447266,32611000.0
2025-01-06,79.1500015258789,79.19000244140625,79.0199966430664,79.0999984741211,32110000.0
2025-01-07,79.13999938964844,79.22000122070312,78.81999969482422,78.83999633789062,43790200.0
2025-01-08,78.8499984741211,78.98999786376953,78.76000213623047,78.94000244140625,35304900.0
2025-01-10,78.80000305175781,78.80000305175781,78.5,78.52999877929688,37417300.0
2025-01-13,78.48999786376953,78.55999755859375,78.37000274658203,78.51000213623047,39180700.0
2025-01-14,78.69000244140625,78.7300033569336,78.55000305175781,78.61000061035156,29581100.0
2025-01-15,79.16000366210938,79.30999755859375,79.05999755859375,79.30000305175781,53574900.0
2025-01-16,79.20999908447266,79.41000366210938,79.12000274658203,79.38999938964844,32363000.0
2025-01-17,79.48999786376953,79.5199966430664,79.38999938964844,79.45999908447266,29546400.0
2025-01-21,79.61000061035156,79.69999694824219,79.5999984741211,79.66999816894531,32962700.0
2025-01-22,79.69999694824219,79.72000122070312,79.5199966430664,79.55999755859375,25028500.0
2025-01-23,79.5199966430664,79.66999816894531,79.44000244140625,79.66000366210938,27434800.0
2025-01-24,79.69999694824219,79.83000183105469,79.66000366210938,79.75,23648600.0
2025-01-27,79.66999816894531,79.86000061035156,79.61000061035156,79.80999755859375,28540600.0
2025-01-28,79.7699966430664,79.80999755859375,79.66999816894531,79.77999877929688,30439900.0
2025-01-29,79.76000213623047,79.83000183105469,79.62000274658203,79.7300033569336,20072100.0
2025-01-30,79.94000244140625,79.94000244140625,79.79000091552734,79.87999725341797,34495300.0
2025-01-31,79.9000015258789,79.97000122070312,79.66999816894531,79.72000122070312,37101100.0
2025-02-03,79.16999816894531,79.37000274658203,79.04000091552734,79.26000213623047,29965100.0
2025-02-04,79.30000305175781,79.51000213623047,79.2300033569336,79.51000213623047,28938600.0
2025-02-05,79.54000091552734,79.7699966430664,79.54000091552734,79.72000122070312,31834000.0
2025-02-06,79.72000122070312,79.79000091552734,79.58000183105469,79.5999984741211,24224100.0
2025-02-07,79.55999755859375,79.58000183105469,79.33999633789062,79.3499984741211,28778200.0
2025-02-10,79.54000091552734,79.58999633789062,79.47000122070312,79.51000213623047,23382600.0
2025-02-11,79.52999877929688,79.52999877929688,79.4000015258789,79.4800033569336,24410000.0
2025-02-12,79.20999908447266,79.43000030517578,79.1500015258789,79.30999755859375,34362700.0
2025-02-13,79.43000030517578,79.69999694824219,79.37999725341797,79.66999816894531,36149900.0
2025-02-14,79.79000091552734,79.88999938964844,79.72000122070312,79.76000213623047,26668300.0
2025-02-18,79.75,79.80999755859375,79.63999938964844,79.69000244140625,23274200.0
2025-02-19,79.63999938964844,79.76000213623047,79.55999755859375,79.75,38958600.0
2025-02-20,79.73999786376953,79.81999969482422,79.68000030517578,79.80000305175781,25789000.0
2025-02-21,79.7699966430664,79.86000061035156,79.6500015258789,79.6500015258789,32016500.0
2025-02-24,79.66999816894531,79.83999633789062,79.63999938964844,79.75,21029200.0
2025-02-25,79.94999694824219,79.9800033569336,79.83999633789062,79.94999694824219,30604400.0
2025-02-26,80.0,80.08000183105469,79.97000122070312,80.05999755859375,21777500.0
2025-02-27,80.05000305175781,80.08000183105469,79.87000274658203,79.91000366210938,40521800.0
2025-02-28,79.98999786376953,80.12999725341797,79.93000030517578,80.12999725341797,44321200.0
2025-03-03,79.69000244140625,79.75,79.51000213623047,79.58999633789062,40729100.0
2025-03-04,79.51000213623047,79.63999938964844,79.30999755859375,79.58000183105469,66274600.0
2025-03-05,79.44999694824219,79.68000030517578,79.44000244140625,79.62000274658203,32302200.0
2025-03-06,79.43000030517578,79.5,79.27999877929688,79.31999969482422,50431500.0
2025-03-07,79.3499984741211,79.51000213623047,79.33000183105469,79.44999694824219,52828900.0
2025-03-10,79.30000305175781,79.37999725341797,79.13999938964844,79.1500015258789,57602100.0
2025-03-11,79.20999908447266,79.26000213623047,78.80000305175781,78.87000274658203,75826700.0
2025-03-12,79.05999755859375,79.11000061035156,78.87999725341797,78.95999908447266,53763000.0
2025-03-13,78.86000061035156,78.87000274658203,78.48999786376953,78.5199966430664,81223200.0
2025-03-14,78.83000183105469,78.97000122070312,78.70999908447266,78.87999725341797,51469800.0
2025-03-17,78.88999938964844,79.0999984741211,78.87000274658203,79.06999969482422,33954200.0
2025-03-18,79.01000213623047,79.06999969482422,78.93000030517578,78.93000030517578,40195900.0
2025-03-19,78.95999908447266,79.54000091552734,78.95999908447266,79.44999694824219,45212700.0
2025-03-20,79.38999938964844,79.5,79.26000213623047,79.33999633789062,42977600.0
2025-03-21,79.2699966430664,79.30999755859375,79.06999969482422,79.22000122070312,35124000.0
2025-03-24,79.41999816894531,79.5,79.3499984741211,79.44999694824219,36393500.0
2025-03-25,79.5,79.58000183105469,79.37999725341797,79.41000366210938,29075500.0
2025-03-26,79.4000015258789,79.41999816894531,78.97000122070312,79.08999633789062,51236100.0
2025-03-27,79.05000305175781,79.13999938964844,78.93000030517578,78.94000244140625,38493100.0
2025-03-28,78.98999786376953,79.0,78.66000366210938,78.80000305175781,58896900.0
2025-03-31,78.5199966430664,78.91999816894531,78.5199966430664,78.88999938964844,47853500.0
2025-04-01,78.68000030517578,78.72000122070312,78.43000030517578,78.69000244140625,54256000.0
2025-04-02,78.54000091552734,78.86000061035156,78.54000091552734,78.8499984741211,49072400.0
2025-04-03,78.0999984741211,78.27999877929688,77.73999786376953,77.87000274658203,116401400.0
2025-04-04,76.80000305175781,77.33000183105469,76.54000091552734,76.76000213623047,181273300.0
2025-04-07,75.87000274658203,77.5999984741211,75.62999725341797,76.0999984741211,193374800.0
2025-04-08,77.0199966430664,77.12999725341797,75.41999816894531,75.75,106007700.0
2025-04-09,75.0999984741211,77.83999633789062,75.08000183105469,77.77999877929688,152382200.0
2025-04-10,77.06999969482422,77.18000030517578,76.13999938964844,76.51000213623047,93884100.0
2025-04-11,76.2699966430664,77.16999816894531,76.0,76.73999786376953,71884000.0
2025-04-14,77.27999877929688,77.45999908447266,76.94000244140625,77.12000274658203,50011400.0
2025-04-15,77.23999786376953,77.5,77.18000030517578,77.33000183105469,39790500.0
2025-04-16,77.3499984741211,77.5199966430664,77.11000061035156,77.31999969482422,52028800.0
2025-04-17,77.62000274658203,77.79000091552734,77.52999877929688,77.7699966430664,37355500.0
2025-04-21,77.48999786376953,77.51000213623047,77.1500015258789,77.30999755859375,36078000.0
2025-04-22,77.58000183105469,77.80999755859375,77.51000213623047,77.61000061035156,33941100.0
2025-04-23,78.5999984741211,78.73999786376953,77.97000122070312,78.0,63723400.0
2025-04-24,78.27999877929688,78.73999786376953,78.18000030517578,78.69999694824219,49007800.0
2025-04-25,78.58999633789062,78.94000244140625,78.54000091552734,78.7699966430664,47981700.0
2025-04-28,78.77999877929688,78.87000274658203,78.55000305175781,78.80999755859375,42220700.0
2025-04-29,78.6500015258789,79.05000305175781,78.6500015258789,79.0199966430664,51198600.0
2025-04-30,78.62999725341797,78.70999908447266,78.45999908447266,78.5999984741211,69994200.0
2025-05-01,78.4000015258789,78.48999786376953,78.22000122070312,78.30000305175781,50848600.0
2025-05-02,78.5,78.61000061035156,78.36000061035156,78.54000091552734,41354100.0
2025-05-05,78.47000122070312,78.63999938964844,78.4000015258789,78.51000213623047,39815300.0
2025-05-06,78.41000366210938,78.5199966430664,78.33000183105469,78.44999694824219,36292600.0
2025-05-07,78.55999755859375,78.62000274658203,78.36000061035156,78.5199966430664,32676200.0
2025-05-08,78.66999816894531,78.7699966430664,78.44999694824219,78.5,32684900.0
2025-05-09,78.58999633789062,78.69999694824219,78.54000091552734,78.55000305175781,23971200.0
2025-05-12,79.23999786376953,79.38999938964844,79.02999877929688,79.33000183105469,70558600.0
2025-05-13,79.37999725341797,79.58000183105469,79.31999969482422,79.47000122070312,52141900.0
2025-05-14,79.4000015258789,79.43000030517578,79.13999938964844,79.18000030517578,45406500.0
2025-05-15,79.05999755859375,79.33000183105469,79.05999755859375,79.33000183105469,49301300.0
2025-05-16,79.37999725341797,79.43000030517578,79.2699966430664,79.41999816894531,30657200.0
2025-05-19,79.05999755859375,79.38999938964844,79.05000305175781,79.37999725341797,26228800.0
2025-05-20,79.2699966430664,79.37999725341797,79.20999908447266,79.33999633789062,25933700.0
2025-05-21,79.08000183105469,79.22000122070312,78.80000305175781,78.80999755859375,54737300.0
2025-05-22,78.80999755859375,79.05000305175781,78.75,78.97000122070312,43242700.0
2025-05-23,78.76000213623047,78.9800033569336,78.73999786376953,78.94999694824219,29598900.0
2025-05-27,79.27999877929688,79.44000244140625,79.16999816894531,79.43000030517578,33524700.0
2025-05-28,79.41999816894531,79.44000244140625,79.25,79.37999725341797,27012900.0
2025-05-29,79.55999755859375,79.56999969482422,79.41000366210938,79.5,28616300.0
2025-05-30,79.44999694824219,79.58000183105469,79.4000015258789,79.56999969482422,28930300.0
2025-06-02,79.12999725341797,79.19000244140625,78.9800033569336,79.18000030517578,45527200.0
2025-06-03,79.23999786376953,79.3499984741211,79.16999816894531,79.33000183105469,28458700.0
2025-06-04,79.33999633789062,79.51000213623047,79.33999633789062,79.4800033569336,41403600.0
2025-06-05,79.47000122070312,79.48999786376953,79.2699966430664,79.30999755859375,44563900.0
2025-06-06,79.37999725341797,79.38999938964844,79.25,79.30000305175781,41300100.0
2025-06-09,79.27999877929688,79.43000030517578,79.27999877929688,79.33999633789062,30169000.0
2025-06-10,79.41000366210938,79.55000305175781,79.33000183105469,79.52999877929688,24234400.0
2025-06-11,79.58999633789062,79.63999938964844,79.48999786376953,79.51000213623047,30114400.0
2025-06-12,79.51000213623047,79.5999984741211,79.47000122070312,79.5999984741211,28373200.0
2025-06-13,79.41999816894531,79.5,79.30000305175781,79.36000061035156,35271000.0
2025-06-16,79.5199966430664,79.5999984741211,79.48999786376953,79.5199966430664,26225100.0
2025-06-17,79.5199966430664,79.63999938964844,79.37000274658203,79.43000030517578,27747200.0
2025-06-18,79.48999786376953,79.70999908447266,79.43000030517578,79.55000305175781,32833500.0
2025-06-20,79.62000274658203,79.80999755859375,79.58999633789062,79.80000305175781,45845800.0
2025-06-23,79.7699966430664,79.94999694824219,79.70999908447266,79.94999694824219,32361400.0
2025-06-24,80.05000305175781,80.20999908447266,80.0,80.16999816894531,50893200.0
2025-06-25,80.18000030517578,80.22000122070312,80.08000183105469,80.1500015258789,24156100.0
2025-06-26,80.2699966430664,80.38999938964844,80.19999694824219,80.37999725341797,28889100.0
2025-06-27,80.4000015258789,80.47000122070312,80.30000305175781,80.33999633789062,47849500.0
2025-06-30,80.52999877929688,80.66999816894531,80.44999694824219,80.6500015258789,52885900.0
2025-07-01,80.19999694824219,80.2699966430664,80.0999984741211,80.16999816894531,45411000.0
2025-07-02,80.16999816894531,80.31999969482422,80.08000183105469,80.31999969482422,32359500.0
2025-07-03,80.30000305175781,80.38999938964844,80.26000213623047,80.37000274658203,19750000.0
2025-07-07,80.33000183105469,80.33999633789062,80.05999755859375,80.0999984741211,37027200.0
2025-07-08,80.08999633789062,80.12000274658203,79.94000244140625,79.98999786376953,31358900.0
2025-07-09,80.13999938964844,80.22000122070312,80.08000183105469,80.20999908447266,30277500.0
2025-07-10,80.20999908447266,80.22000122070312,80.12999725341797,80.12999725341797,28776200.0
2025-07-11,80.04000091552734,80.05000305175781,79.93000030517578,80.02999877929688,30482200.0
2025-07-14,80.01000213623047,80.0999984741211,79.97000122070312,80.08999633789062,23716200.0
2025-07-15,80.16000366210938,80.16999816894531,79.8499984741211,79.8499984741211,37039500.0
2025-07-16,79.94999694824219,80.08000183105469,79.75,80.05999755859375,39780100.0
2025-07-17,80.04000091552734,80.18000030517578,80.0,80.13999938964844,25703200.0
2025-07-18,80.26000213623047,80.31999969482422,80.18000030517578,80.25,27686400.0
2025-07-21,80.31999969482422,80.44999694824219,80.31999969482422,80.36000061035156,28483300.0
2025-07-22,80.44000244140625,80.5199966430664,80.33999633789062,80.5,26017700.0
2025-07-23,80.5199966430664,80.55000305175781,80.44000244140625,80.54000091552734,26025000.0
2025-07-24,80.44000244140625,80.51000213623047,80.41000366210938,80.44000244140625,27013700.0
2025-07-25,80.5,80.58000183105469,80.41000366210938,80.48999786376953,30123100.0
2025-07-28,80.5199966430664,80.5199966430664,80.44000244140625,80.44999694824219,22093800.0
2025-07-29,80.48999786376953,80.55000305175781,80.44999694824219,80.5,21371800.0
2025-07-30,80.44999694824219,80.5199966430664,80.25,80.33000183105469,38392400.0
2025-07-31,80.4000015258789,80.4800033569336,80.33000183105469,80.37999725341797,41501300.0
2025-08-01,80.04000091552734,80.08999633789062,79.80000305175781,79.9800033569336,68963100.0
2025-08-04,80.08999633789062,80.25,80.05999755859375,80.25,37539200.0
2025-08-05,80.20999908447266,80.23999786376953,80.0999984741211,80.20999908447266,29656300.0
2025-08-06,80.20999908447266,80.30000305175781,80.13999938964844,80.29000091552734,30512900.0
2025-08-07,80.30999755859375,80.36000061035156,80.16000366210938,80.20999908447266,29405000.0
2025-08-08,80.19999694824219,80.25,80.16000366210938,80.22000122070312,24679000.0
2025-08-11,80.22000122070312,80.29000091552734,80.16999816894531,80.22000122070312,30159800.0
2025-08-12,80.2699966430664,80.4000015258789,80.20999908447266,80.4000015258789,40846200.0
2025-08-13,80.45999908447266,80.61000061035156,80.45999908447266,80.61000061035156,35039600.0
2025-08-14,80.48999786376953,80.48999786376953,80.3499984741211,80.4000015258789,36559900.0
2025-08-15,80.47000122070312,80.47000122070312,80.37000274658203,80.45999908447266,22754000.0
2025-08-18,80.44000244140625,80.48999786376953,80.37999725341797,80.4000015258789,25400800.0
2025-08-19,80.44999694824219,80.4800033569336,80.36000061035156,80.37999725341797,21700500.0
2025-08-20,80.41000366210938,80.43000030517578,80.30999755859375,80.3499984741211,29704900.0
2025-08-21,80.26000213623047,80.30000305175781,80.19000244140625,80.19999694824219,35825900.0
2025-08-22,80.31999969482422,80.86000061035156,80.30000305175781,80.8499984741211,59541500.0
2025-08-25,80.77999877929688,80.80999755859375,80.69000244140625,80.69000244140625,32714800.0
2025-08-26,80.79000091552734,80.9000015258789,80.73999786376953,80.87000274658203,33659900.0
2025-08-27,80.81999969482422,80.98999786376953,80.81999969482422,80.97000122070312,24335000.0
2025-08-28,80.97000122070312,81.01000213623047,80.9000015258789,81.01000213623047,24203800.0
2025-08-29,80.98999786376953,80.98999786376953,80.86000061035156,80.86000061035156,35070300.0
2025-09-02,80.2699966430664,80.43000030517578,80.19999694824219,80.38999938964844,51804000.0
2025-09-03,80.41000366210938,80.61000061035156,80.41000366210938,80.61000061035156,34283100.0
2025-09-04,80.66000366210938,80.83999633789062,80.62999725341797,80.83000183105469,37999700.0
2025-09-05,80.9800033569336,81.0999984741211,80.83999633789062,80.87000274658203,39147800.0
2025-09-08,80.94999694824219,80.97000122070312,80.8499984741211,80.87000274658203,27003400.0
2025-09-09,80.8499984741211,80.87999725341797,80.66999816894531,80.77999877929688,36704500.0
2025-09-10,80.83999633789062,80.94000244140625,80.79000091552734,80.83999633789062,38106100.0
2025-09-11,80.91000366210938,81.0999984741211,80.91000366210938,81.04000091552734,34221500.0
2025-09-12,81.02999877929688,81.02999877929688,80.94000244140625,80.95999908447266,25702800.0
2025-09-15,81.08000183105469,81.19999694824219,81.06999969482422,81.19000244140625,27248800.0
2025-09-16,81.20999908447266,81.2300033569336,81.0999984741211,81.12999725341797,33075600.0
2025-09-17,81.19000244140625,81.23999786376953,80.91000366210938,81.05000305175781,35955700.0
2025-09-18,81.13999938964844,81.2699966430664,81.06999969482422,81.2300033569336,43250000.0
2025-09-19,81.25,81.29000091552734,81.1500015258789,81.26000213623047,32042900.0
2025-09-22,81.19000244140625,81.33000183105469,81.18000030517578,81.31999969482422,26670200.0
2025-09-23,81.33999633789062,81.36000061035156,81.19999694824219,81.26000213623047,37088500.0
2025-09-24,81.25,81.25,81.12000274658203,81.1500015258789,28124300.0
2025-09-25,81.0,81.01000213623047,80.88999938964844,80.91999816894531,33509900.0
2025-09-26,81.04000091552734,81.11000061035156,80.95999908447266,81.08000183105469,31046800.0
2025-09-29,81.16000366210938,81.23999786376953,81.12999725341797,81.22000122070312,28558500.0
2025-09-30,81.16999816894531,81.20999908447266,81.0999984741211,81.19000244140625,54970300.0
2025-10-01,80.80999755859375,81.0,80.77999877929688,80.95999908447266,58042600.0
2025-10-02,80.94000244140625,80.97000122070312,80.83999633789062,80.93000030517578,33348900.0
2025-10-03,80.91999816894531,80.94000244140625,80.81999969482422,80.83999633789062,35109200.0
2025-10-06,80.88999938964844,80.91000366210938,80.83000183105469,80.86000061035156,29485100.0
2025-10-07,80.88999938964844,80.88999938964844,80.76000213623047,80.7699966430664,27672300.0
2025-10-08,80.81999969482422,80.83999633789062,80.63999938964844,80.6500015258789,34932200.0
2025-10-09,80.63999938964844,80.6500015258789,80.30999755859375,80.41999816894531,65586700.0
2025-10-10,80.47000122070312,80.48999786376953,79.94999694824219,79.94999694824219,83840400.0
2025-10-13,80.2300033569336,80.44999694824219,80.16999816894531,80.44999694824219,31926800.0
2025-10-14,80.18000030517578,80.63999938964844,80.11000061035156,80.54000091552734,63860100.0
2025-10-15,80.72000122070312,80.83000183105469,80.5999984741211,80.80000305175781,59802200.0
2025-10-16,80.80000305175781,80.81999969482422,80.45999908447266,80.51000213623047,75725200.0
2025-10-17,80.44000244140625,80.7300033569336,80.43000030517578,80.72000122070312,70044200.0
2025-10-20,80.7699966430664,80.91000366210938,80.7699966430664,80.87999725341797,43762300.0
2025-10-21,80.87999725341797,80.94000244140625,80.76000213623047,80.76000213623047,45418100.0
2025-10-22,80.76000213623047,80.80999755859375,80.5999984741211,80.68000030517578,50698600.0
2025-10-23,80.69999694824219,80.86000061035156,80.69999694824219,80.86000061035156,37962400.0
2025-10-24,81.02999877929688,81.08999633789062,80.97000122070312,81.08000183105469,39905600.0
2025-10-27,81.16999816894531,81.33000183105469,81.12999725341797,81.27999877929688,36495000.0
2025-10-28,81.27999877929688,81.27999877929688,81.16999816894531,81.19999694824219,31591400.0
2025-10-29,81.19999694824219,81.2300033569336,80.9000015258789,80.94999694824219,51827100.0
2025-10-30,80.79000091552734,80.94000244140625,80.76000213623047,80.80000305175781,39967300.0
2025-10-31,80.88999938964844,80.95999908447266,80.75,80.80000305175781,45044600.0
2025-11-03,80.38999938964844,80.4000015258789,80.12999725341797,80.13999938964844,54615100.0
2025-11-04,79.9800033569336,80.22000122070312,79.95999908447266,80.1500015258789,49705000.0
2025-11-05,80.19000244140625,80.27999877929688,80.16999816894531,80.2300033569336,42273700.0
2025-11-06,80.30999755859375,80.33000183105469,80.12999725341797,80.26000213623047,46629200.0
2025-11-07,80.25,80.3499984741211,80.08999633789062,80.33000183105469,47233800.0
2025-11-10,80.44999694824219,80.6500015258789,80.43000030517578,80.5999984741211,51875200.0
2025-11-11,80.61000061035156,80.7300033569336,80.61000061035156,80.69000244140625,17001100.0
2025-11-12,80.69000244140625,80.69999694824219,80.48999786376953,80.52999877929688,43962900.0
2025-11-13,80.41999816894531,80.41999816894531,80.1500015258789,80.19999694824219,53631300.0
2025-11-14,80.08000183105469,80.4000015258789,80.08000183105469,80.22000122070312,40853500.0
2025-11-17,80.19000244140625,80.2699966430664,80.04000091552734,80.08999633789062,42954200.0
2025-11-18,80.0199966430664,80.19000244140625,79.98999786376953,80.11000061035156,44098700.0
2025-11-19,80.13999938964844,80.30000305175781,80.08999633789062,80.1500015258789,33510100.0
2025-11-20,80.41000366210938,80.48999786376953,80.0999984741211,80.0999984741211,65471200.0
2025-11-21,80.26000213623047,80.41000366210938,80.12999725341797,80.37000274658203,62331700.0
2025-11-24,80.41999816894531,80.5999984741211,80.4000015258789,80.58999633789062,38964900.0
2025-11-25,80.56999969482422,80.9000015258789,80.54000091552734,80.87000274658203,56524800.0
2025-11-26,80.83000183105469,80.9800033569336,80.79000091552734,80.94999694824219,27454800.0
2025-11-28,81.0,81.06999969482422,80.94000244140625,80.98999786376953,29430800.0
2025-12-01,80.4000015258789,80.54000091552734,80.37999725341797,80.47000122070312,45274800.0
2025-12-02,80.54000091552734,80.63999938964844,80.4800033569336,80.62000274658203,38842600.0
2025-12-03,80.61000061035156,80.79000091552734,80.56999969482422,80.69000244140625,35019100.0
2025-12-04,80.69999694824219,80.7699966430664,80.56999969482422,80.75,34777400.0
2025-12-05,80.7300033569336,80.80999755859375,80.66999816894531,80.75,30486800.0
2025-12-08,80.72000122070312,80.73999786376953,80.48999786376953,80.55000305175781,43160800.0
2025-12-09,80.55000305175781,80.61000061035156,80.44000244140625,80.45999908447266,30558800.0
2025-12-10,80.43000030517578,80.79000091552734,80.41999816894531,80.7300033569336,53052100.0
2025-12-11,80.73999786376953,80.76000213623047,80.66000366210938,80.72000122070312,44546400.0
2025-12-12,80.69000244140625,80.70999908447266,80.52999877929688,80.56999969482422,45566100.0
2025-12-15,80.66999816894531,80.69999694824219,80.56999969482422,80.61000061035156,28983600.0
2025-12-16,80.61000061035156,80.66999816894531,80.55999755859375,80.66000366210938,27908000.0
2025-12-17,80.6500015258789,80.66999816894531,80.51000213623047,80.55999755859375,36999700.0
2025-12-18,80.77999877929688,80.80000305175781,80.66999816894531,80.77999877929688,52680500.0
2025-12-19,80.43000030517578,80.47000122070312,80.33000183105469,80.36000061035156,34413300.0
2025-12-22,80.45999908447266,80.45999908447266,80.29000091552734,80.43000030517578,37203900.0
2025-12-23,80.37000274658203,80.48999786376953,80.3499984741211,80.48999786376953,24341800.0
2025-12-24,80.51000213623047,80.63999938964844,80.47000122070312,80.63999938964844,10533500.0
2025-12-26,80.63999938964844,80.69999694824219,80.58999633789062,80.5999984741211,10922900.0
2025-12-29,80.55999755859375,80.66000366210938,80.55000305175781,80.62999725341797,22012700.0
2025-12-30,80.63999938964844,80.75,80.61000061035156,80.70999908447266,20146700.0
2025-12-31,80.72000122070312,80.75,80.62999725341797,80.62999725341797,17457100.0
2026-01-02,80.72000122070312,80.72000122070312,80.58999633789062,80.66999816894531,28403300.0
2026-01-05,80.73999786376953,80.91000366210938,80.69999694824219,80.87999725341797,38563200.0
2026-01-06,80.9000015258789,80.94000244140625,80.81999969482422,80.9000015258789,31721500.0
2026-01-07,80.95999908447266,81.0,80.83999633789062,80.87999725341797,27022700.0
2026-01-08,80.83999633789062,80.94999694824219,80.80000305175781,80.94000244140625,33516900.0
2026-01-09,80.94999694824219,81.02999877929688,80.94999694824219,81.0,31849200.0
2026-01-12,80.91000366210938,81.05000305175781,80.9000015258789,81.04000091552734,23983600.0
2026-01-13,81.06999969482422,81.08000183105469,80.97000122070312,81.04000091552734,27607400.0
2026-01-14,81.0,81.05000305175781,80.93000030517578,81.04000091552734,42994000.0
2026-01-15,81.0999984741211,81.11000061035156,81.0,81.04000091552734,30412400.0
2026-01-16,81.08000183105469,81.0999984741211,80.98999786376953,81.08999633789062,52466300.0
2026-01-20,80.75,80.94999694824219,80.66999816894531,80.87999725341797,38653400.0
2026-01-21,80.9800033569336,81.16000366210938,80.95999908447266,81.12000274658203,42023500.0
2026-01-22,81.19000244140625,81.23999786376953,81.12999725341797,81.18000030517578,35231900.0
2026-01-23,81.18000030517578,81.19999694824219,81.04000091552734,81.13999938964844,38360500.0
2026-01-26,81.19000244140625,81.22000122070312,81.12000274658203,81.18000030517578,27027500.0
2026-01-27,81.18000030517578,81.22000122070312,81.13999938964844,81.16999816894531,22961500.0
2026-01-28,81.16999816894531,81.18000030517578,81.02999877929688,81.04000091552734,35559200.0
2026-01-29,81.05000305175781,81.06999969482422,80.9000015258789,81.02999877929688,38201600.0
2026-01-30,80.91999816894531,81.12999725341797,80.91999816894531,81.12000274658203,59848000.0
2026-02-02,80.66999816894531,80.80999755859375,80.63999938964844,80.7699966430664,42890700.0
2026-02-03,80.76000213623047,80.80999755859375,80.52999877929688,80.72000122070312,49372700.0
2026-02-04,80.69999694824219,80.72000122070312,80.54000091552734,80.62000274658203,42829400.0
2026-02-05,80.55999755859375,80.62000274658203,80.44999694824219,80.52999877929688,75554200.0
2026-02-06,80.66999816894531,80.80999755859375,80.62000274658203,80.80999755859375,40915900.0
2026-02-09,80.76000213623047,80.91999816894531,80.76000213623047,80.91999816894531,33716900.0
2026-02-10,80.94999694824219,81.01000213623047,80.83999633789062,80.83999633789062,37886100.0
2026-02-11,80.9000015258789,80.93000030517578,80.72000122070312,80.83000183105469,27272300.0
2026-02-12,80.91000366210938,80.97000122070312,80.75,80.79000091552734,48457000.0
2026-02-13,80.83000183105469,80.94000244140625,80.81999969482422,80.8499984741211,36612400.0
2026-02-17,80.81999969482422,80.86000061035156,80.73999786376953,80.80999755859375,35682000.0
2026-02-18,80.83999633789062,80.9800033569336,80.80999755859375,80.91000366210938,33943100.0
2026-02-19,80.87999725341797,80.94000244140625,80.83000183105469,80.94000244140625,29531000.0
2026-02-20,80.93000030517578,81.0,80.87000274658203,81.0,37959800.0
2026-02-23,80.95999908447266,81.01000213623047,80.83999633789062,80.87000274658203,33666000.0
2026-02-24,80.8499984741211,80.87000274658203,80.6500015258789,80.80999755859375,54979900.0
2026-02-25,80.81999969482422,80.93000030517578,80.81999969482422,80.91999816894531,29428200.0
2026-02-26,80.88999938964844,80.94000244140625,80.76000213623047,80.8499984741211,54533600.0
2026-02-27,80.75,80.80000305175781,80.6500015258789,80.72000122070312,62450000.0
2026-03-02,80.05999755859375,80.41000366210938,80.02999877929688,80.27999877929688,74327000.0
2026-03-03,79.94000244140625,80.30999755859375,79.83999633789062,80.12000274658203,118126800.0
2026-03-04,80.2300033569336,80.44999694824219,80.19999694824219,80.4000015258789,58694100.0
2026-03-05,80.2699966430664,80.30999755859375,80.0199966430664,80.08000183105469,79841000.0
2026-03-06,79.75,80.0,79.6500015258789,79.69000244140625,82125600.0
2026-03-09,79.58999633789062,80.18000030517578,79.54000091552734,80.16999816894531,88695000.0
2026-03-10,80.05000305175781,80.37999725341797,80.02999877929688,80.04000091552734,67499600.0
2026-03-11,79.98999786376953,80.04000091552734,79.80999755859375,79.86000061035156,59983500.0
2026-03-12,79.75,79.75,79.31999969482422,79.3499984741211,68674300.0
2026-03-13,79.52999877929688,79.68000030517578,79.12000274658203,79.19999694824219,68652900.0
2026-03-16,79.51000213623047,79.66999816894531,79.44999694824219,79.44999694824219,57535600.0
2026-03-17,79.61000061035156,79.81999969482422,79.56999969482422,79.80999755859375,47967800.0
2026-03-18,79.69000244140625,79.75,79.38999938964844,79.4000015258789,50281900.0
2026-03-19,79.02999877929688,79.69999694824219,78.98999786376953,79.66000366210938,103981600.0
2026-03-20,79.5,79.52999877929688,78.8499984741211,78.91999816894531,109084800.0
2026-03-23,79.30000305175781,79.69999694824219,79.16999816894531,79.44000244140625,79015800.0
2026-03-24,79.23999786376953,79.41000366210938,79.05999755859375,79.16999816894531,71941600.0
2026-03-25,79.44999694824219,79.58000183105469,79.3499984741211,79.41999816894531,49917700.0
2026-03-26,79.25,79.33000183105469,78.80000305175781,78.91999816894531,74979300.0
2026-03-27,78.83999633789062,78.83999633789062,78.56999969482422,78.72000122070312,68174300.0
2026-03-30,79.0199966430664,79.0999984741211,78.76000213623047,78.80999755859375,55210700.0
2026-03-31,79.16000366210938,79.61000061035156,79.12000274658203,79.55999755859375,101521300.0
2026-04-01,79.3499984741211,79.45999908447266,79.23999786376953,79.37000274658203,69789200.0
2026-04-02,79.08000183105469,79.62999725341797,79.08000183105469,79.55999755859375,53828200.0
2026-04-06,79.51000213623047,79.70999908447266,79.5,79.69999694824219,37098300.0
2026-04-07,79.66999816894531,79.73999786376953,79.31999969482422,79.72000122070312,47264100.0
2026-04-08,80.47000122070312,80.5199966430664,80.02999877929688,80.19000244140625,58556400.0
2026-04-09,80.1500015258789,80.38999938964844,80.0,80.27999877929688,45207500.0
2026-04-10,80.33999633789062,80.33999633789062,79.94999694824219,79.95999908447266,33005600.0
2026-04-13,79.87999725341797,80.2699966430664,79.87999725341797,80.26000213623047,38561400.0
2026-04-14,80.33999633789062,80.55999755859375,80.29000091552734,80.5,42038000.0
2026-04-15,80.44999694824219,80.48999786376953,80.3499984741211,80.45999908447266,47834900.0
2026-04-16,80.52999877929688,80.52999877929688,80.26000213623047,80.3499984741211,37743400.0
2026-04-17,80.5999984741211,80.76000213623047,80.55999755859375,80.6500015258789,61651600.0
2026-04-20,80.62999725341797,80.66999816894531,80.5,80.58000183105469,21104400.0
2026-04-21,80.55000305175781,80.58000183105469,80.30999755859375,80.37000274658203,58623500.0
2026-04-22,80.5,80.56999969482422,80.41999816894531,80.5,28004500.0
2026-04-23,80.45999908447266,80.55000305175781,80.16000366210938,80.37000274658203,49921700.0
2026-04-24,80.44000244140625,80.52999877929688,80.30000305175781,80.4800033569336,33626300.0
2026-04-27,80.44000244140625,80.54000091552734,80.41999816894531,80.51000213623047,24643700.0
2026-04-28,80.3499984741211,80.43000030517578,80.33000183105469,80.4000015258789,36382400.0
2026-04-29,80.31999969482422,80.33999633789062,79.9800033569336,80.12999725341797,56809400.0
2026-04-30,80.18000030517578,80.41999816894531,80.16999816894531,80.37999725341797,51626100.0
2026-05-01,80.05999755859375,80.2300033569336,80.02999877929688,80.05999755859375,43740400.0
2026-05-04,80.0199966430664,80.0199966430664,79.69000244140625,79.80000305175781,35069300.0
2026-05-05,79.88999938964844,80.0199966430664,79.88999938964844,79.91999816894531,26357900.0
2026-05-06,80.08999633789062,80.23999786376953,80.08000183105469,80.16000366210938,38323100.0
2026-05-07,80.22000122070312,80.23999786376953,79.86000061035156,79.86000061035156,44772900.0
2026-05-08,80.01000213623047,80.1500015258789,80.0,80.13999938964844,29715200.0
2026-05-11,80.08000183105469,80.1500015258789,79.9800033569336,79.9800033569336,34366600.0
2026-05-12,79.81999969482422,79.88999938964844,79.69999694824219,79.87000274658203,37418900.0
2026-05-13,79.83999633789062,79.94999694824219,79.79000091552734,79.91000366210938,33257100.0
2026-05-14,79.97000122070312,80.05000305175781,79.8499984741211,79.8499984741211,27235600.0
2026-05-15,79.63999938964844,79.69000244140625,79.45999908447266,79.45999908447266,54466000.0
2026-05-18,79.62999725341797,79.69999694824219,79.44000244140625,79.54000091552734,38596100.0
2026-05-19,79.41000366210938,79.44999694824219,79.2300033569336,79.3499984741211,42904700.0
2026-05-20,79.5,79.87000274658203,79.4000015258789,79.86000061035156,58906300.0
2026-05-21,79.75,79.98999786376953,79.6500015258789,79.9000015258789,37584600.0
2026-05-22,80.01000213623047,80.0199966430664,79.83999633789062,79.91000366210938,22429400.0
2026-05-26,80.13999938964844,80.19000244140625,80.04000091552734,80.18000030517578,30406100.0
2026-05-27,80.16999816894531,80.20999908447266,80.08000183105469,80.12999725341797,22523800.0
2026-05-28,80.08000183105469,80.2699966430664,80.04000091552734,80.2300033569336,32001600.0
2026-05-29,80.26000213623047,80.36000061035156,80.20999908447266,80.30999755859375,39142200.0
2026-06-01,79.79000091552734,79.87999725341797,79.63999938964844,79.83999633789062,32671000.0
2026-06-02,79.83999633789062,79.9000015258789,79.79000091552734,79.9000015258789,25237500.0
2026-06-03,79.75,79.77999877929688,79.62999725341797,79.68000030517578,28203400.0
2026-06-04,79.75,79.8499984741211,79.75,79.83000183105469,22697900.0
2026-06-05,79.69999694824219,79.72000122070312,79.3499984741211,79.43000030517578,46035600.0
2026-06-08,79.5999984741211,79.6500015258789,79.4800033569336,79.54000091552734,25217800.0
2026-06-09,79.62000274658203,79.79000091552734,79.41999816894531,79.62000274658203,34705500.0
2026-06-10,79.55999755859375,79.63999938964844,79.44999694824219,79.47000122070312,30345200.0
2026-06-11,79.56999969482422,79.97000122070312,79.5199966430664,79.94000244140625,55089500.0
2026-06-12,79.94000244140625,80.0,79.80000305175781,79.94000244140625,29873300.0
2026-06-15,80.13999938964844,80.16999816894531,80.02999877929688,80.04000091552734,32019600.0
2026-06-16,80.02999877929688,80.11000061035156,79.95999908447266,80.02999877929688,24471900.0
2026-06-17,79.98999786376953,80.06999969482422,79.70999908447266,79.7300033569336,47184800.0
2026-06-18,80.02999877929688,80.06999969482422,79.91999816894531,80.01000213623047,41111700.0
2026-06-22,79.94000244140625,79.9800033569336,79.87000274658203,79.94000244140625,26479500.0
2026-06-23,79.83000183105469,79.97000122070312,79.81999969482422,79.87000274658203,29811300.0
2026-06-24,79.94000244140625,79.98999786376953,79.83999633789062,79.8499984741211,38841000.0
2026-06-25,79.91999816894531,79.9800033569336,79.81999969482422,79.87999725341797,29322400.0
2026-06-26,79.81999969482422,79.94999694824219,79.80999755859375,79.83000183105469,27647500.0
2026-06-29,79.94999694824219,80.02999877929688,79.8499984741211,80.01000213623047,37325700.0
2026-06-30,80.0,80.05000305175781,79.91999816894531,79.97000122070312,38103900.0
2026-07-01,79.55999755859375,79.66000366210938,79.51000213623047,79.58999633789062,38152300.0
2026-07-02,79.7300033569336,79.79000091552734,79.66999816894531,79.70999908447266,26111800.0
2026-07-06,79.7300033569336,79.91000366210938,79.7300033569336,79.87000274658203,25159400.0
2026-07-07,79.8499984741211,79.87999725341797,79.72000122070312,79.76000213623047,28558300.0
2026-07-08,79.61000061035156,79.68000030517578,79.54000091552734,79.66000366210938,30771300.0
2026-07-09,79.7300033569336,79.86000061035156,79.66999816894531,79.75,21882200.0
2026-07-10,79.77999877929688,79.83000183105469,79.62000274658203,79.70999908447266,24550300.0
2026-07-13,79.66999816894531,79.69000244140625,79.45999908447266,79.5199966430664,32133300.0
2026-07-14,79.68000030517578,79.69000244140625,79.56999969482422,79.68000030517578,28248700.0
2026-07-15,79.70999908447266,79.83999633789062,79.70999908447266,79.80999755859375,26948800.0
2026-07-16,79.76000213623047,79.83999633789062,79.7300033569336,79.80000305175781,22780300.0
2026-07-17,79.75,79.83999633789062,79.62999725341797,79.6500015258789,42020100.0
2026-07-20,79.73999786376953,79.7699966430664,79.66999816894531,79.68000030517578,19767900.0
2026-07-21,79.72000122070312,79.73999786376953,79.5999984741211,79.6500015258789,27198800.0
2026-07-22,79.61000061035156,79.6500015258789,79.4800033569336,79.5199966430664,24851700.0
2026-07-23,79.27999877929688,79.37000274658203,79.1500015258789,79.2300033569336,52554200.0
2026-07-24,79.25,79.30999755859375,79.16000366210938,79.2300033569336,41964600.0
2026-07-27,79.33999633789062,79.4000015258789,79.23999786376953,79.2699966430664,28939800.0
2026-07-28,79.31999969482422,79.41999816894531,79.25,79.41999816894531,33698300.0
2026-07-29,79.37000274658203,79.4800033569336,79.13999938964844,79.23999786376953,53074500.0
2026-07-30,79.37999725341797,79.5,79.33000183105469,79.47000122070312,30570700.0
2026-07-31,79.45999908447266,79.54000091552734,79.23999786376953,79.4800033569336,38659800.0
2026-08-03,79.25,79.33000183105469,79.1500015258789,79.30999755859375,30860100.0
2026-08-04,79.37000274658203,79.5999984741211,79.37000274658203,79.55000305175781,46524700.0
2026-08-05,79.55000305175781,79.55999755859375,79.44000244140625,79.5199966430664,25771800.0
2026-08-06,79.51000213623047,79.51000213623047,79.41000366210938,79.45999908447266,25818200.0
2026-08-07,79.66999816894531,79.69000244140625,79.56999969482422,79.61000061035156,23459400.0
2026-08-10,79.56999969482422,79.56999969482422,79.41000366210938,79.4800033569336,30292400.0
2026-08-11,79.55000305175781,79.56999969482422,79.48999786376953,79.51000213623047,17988300.0
2026-08-12,79.63999938964844,79.66000366210938,79.58999633789062,79.61000061035156,25243300.0
2026-08-13,79.73999786376953,79.86000061035156,79.68000030517578,79.79000091552734,28659200.0
2026-08-14,79.80000305175781,79.81999969482422,79.66000366210938,79.70999908447266,26611000.0
2026-08-17,79.66999816894531,79.70999908447266,79.58999633789062,79.61000061035156,22620500.0
2026-08-18,79.55999755859375,79.58000183105469,79.47000122070312,79.52999877929688,29462900.0
2026-08-19,79.69000244140625,79.73999786376953,79.63999938964844,79.70999908447266,29670000.0
2026-08-20,79.55000305175781,79.62999725341797,79.4800033569336,79.55999755859375,41762500.0
2026-08-21,79.66000366210938,79.66000366210938,79.55000305175781,79.61000061035156,37545400.0
2026-08-24,79.62000274658203,79.70999908447266,79.58000183105469,79.69999694824219,20714600.0
2026-08-25,79.83000183105469,79.94000244140625,79.76000213623047,79.91999816894531,29540300.0
2026-08-26,79.86000061035156,79.91000366210938,79.77999877929688,79.9000015258789,28585000.0
2026-08-27,79.93000030517578,79.97000122070312,79.81999969482422,79.87000274658203,32490100.0
2026-08-31,79.70999908447266,79.80999755859375,79.62999725341797,79.80999755859375,36481400.0
2026-09-01,79.2699966430664,79.30000305175781,79.05999755859375,79.0999984741211,48867800.0
2026-09-02,79.13999938964844,79.2300033569336,79.0999984741211,79.11000061035156,34409100.0
