date,open,high,low,close,volume
2010-01-04,46.45000076293945,46.65999984741211,45.529998779296875,45.810001373291016,16952700.0
2010-01-05,45.810001373291016,45.959999084472656,45.290000915527344,45.91999816894531,14523000.0
2010-01-06,45.939998626708984,46.22999954223633,45.709999084472656,45.900001525878906,14859100.0
2010-01-07,45.869998931884766,46.52000045776367,45.369998931884766,46.310001373291016,16364700.0
2010-01-08,46.189998626708984,46.22999954223633,45.59000015258789,46.0,10629500.0
2010-01-11,46.25,46.470001220703125,45.93000030517578,46.220001220703125,7873900.0
2010-01-12,45.75,46.13999938964844,45.18000030517578,45.439998626708984,15196600.0
2010-01-13,45.47999954223633,46.36000061035156,45.41999816894531,46.290000915527344,14826100.0
2010-01-14,46.220001220703125,46.310001373291016,45.880001068115234,46.130001068115234,7233200.0
2010-01-15,46.0,46.09000015258789,45.560001373291016,45.709999084472656,15106200.0
2010-01-19,45.65999984741211,46.7400016784668,45.619998931884766,46.619998931884766,15621900.0
2010-01-20,46.22999954223633,46.2599983215332,45.68000030517578,46.13999938964844,13033200.0
2010-01-21,46.130001068115234,46.41999816894531,44.7400016784668,44.83000183105469,30837300.0
2010-01-22,44.709999084472656,45.13999938964844,43.66999816894531,43.79999923706055,26533200.0
2010-01-25,44.29999923706055,44.31999969482422,43.290000915527344,44.119998931884766,21265300.0
2010-01-26,43.7400016784668,44.43000030517578,43.630001068115234,43.7400016784668,16188000.0
2010-01-27,43.91999816894531,44.20000076293945,43.119998931884766,44.13999938964844,23190400.0
2010-01-28,44.40999984741211,44.4900016784668,43.36000061035156,43.720001220703125,19931500.0
2010-01-29,44.029998779296875,44.43000030517578,43.209999084472656,43.43000030517578,21419500.0
2010-02-01,43.77000045776367,44.29999923706055,43.68000030517578,44.220001220703125,13240700.0
2010-02-02,44.34000015258789,45.15999984741211,43.95000076293945,44.95000076293945,18533500.0
2010-02-03,44.779998779296875,44.84000015258789,44.119998931884766,44.43000030517578,15642000.0
2010-02-04,44.0099983215332,44.09000015258789,42.7400016784668,42.77000045776367,27627500.0
2010-02-05,42.90999984741211,43.72999954223633,42.27000045776367,43.56999969482422,32914100.0
2010-02-08,43.709999084472656,43.84000015258789,42.4900016784668,42.58000183105469,15343700.0
2010-02-09,43.09000015258789,43.18000030517578,42.119998931884766,42.45000076293945,22262300.0
2010-02-10,42.529998779296875,43.029998779296875,41.709999084472656,42.47999954223633,16652800.0
2010-02-11,42.40999984741211,42.880001068115234,41.959999084472656,42.849998474121094,11875700.0
2010-02-12,42.34000015258789,43.27000045776367,42.189998626708984,43.2400016784668,14060900.0
2010-02-16,43.72999954223633,44.5,43.650001525878906,44.400001525878906,16756500.0
2010-02-17,44.5,45.0,44.4900016784668,44.81999969482422,13239000.0
2010-02-18,44.65999984741211,45.540000915527344,44.5099983215332,45.41999816894531,14092700.0
2010-02-19,45.220001220703125,45.68000030517578,45.04999923706055,45.40999984741211,12580700.0
2010-02-22,45.5099983215332,45.84000015258789,45.31999969482422,45.599998474121094,12070700.0
2010-02-23,45.349998474121094,45.709999084472656,45.119998931884766,45.2400016784668,9630700.0
2010-02-24,45.25,45.709999084472656,45.20000076293945,45.68000030517578,9650500.0
2010-02-25,45.150001525878906,45.93000030517578,44.900001525878906,45.90999984741211,13051400.0
2010-02-26,45.95000076293945,46.349998474121094,45.61000061035156,45.79999923706055,11251800.0
2010-03-01,46.08000183105469,46.459999084472656,45.97999954223633,46.27000045776367,6993900.0
2010-03-02,46.40999984741211,46.5,46.18000030517578,46.290000915527344,8746600.0
2010-03-03,46.349998474121094,46.4900016784668,46.09000015258789,46.189998626708984,7785000.0
2010-03-04,46.20000076293945,46.43000030517578,46.099998474121094,46.380001068115234,7619900.0
2010-03-05,46.5,47.61000061035156,46.45000076293945,47.439998626708984,13059100.0
2010-03-08,47.54999923706055,48.15999984741211,47.459999084472656,48.029998779296875,8495800.0
2010-03-09,47.81999969482422,48.77000045776367,47.689998626708984,48.189998626708984,12243200.0
2010-03-10,48.290000915527344,48.63999938964844,48.0,48.45000076293945,10583500.0
2010-03-11,48.150001525878906,48.70000076293945,48.0099983215332,48.689998626708984,8604100.0
2010-03-12,49.040000915527344,49.29999923706055,48.619998931884766,49.04999923706055,12207300.0
2010-03-15,48.939998626708984,49.2400016784668,48.400001525878906,48.90999984741211,12572400.0
2010-03-16,49.09000015258789,50.25,48.95000076293945,50.18000030517578,18134600.0
2010-03-17,50.290000915527344,50.959999084472656,50.11000061035156,50.790000915527344,20060300.0
2010-03-18,50.709999084472656,51.06999969482422,50.54999923706055,50.59000015258789,12631000.0
2010-03-19,50.15999984741211,50.869998931884766,50.04999923706055,50.15999984741211,14273200.0
2010-03-22,49.810001373291016,50.849998474121094,49.65999984741211,50.68000030517578,15289000.0
2010-03-23,50.630001068115234,50.7400016784668,50.060001373291016,50.540000915527344,16105700.0
2010-03-24,50.31999969482422,51.02000045776367,50.27000045776367,50.70000076293945,11596300.0
2010-03-25,50.529998779296875,51.15999984741211,50.290000915527344,50.290000915527344,18328500.0
2010-03-26,50.439998626708984,50.7599983215332,49.90999984741211,50.11000061035156,13100800.0
2010-03-29,50.43000030517578,50.5,50.0099983215332,50.33000183105469,12065300.0
2010-03-30,50.36000061035156,50.5099983215332,50.06999969482422,50.22999954223633,8298000.0
2010-03-31,50.02000045776367,50.34000015258789,49.72999954223633,49.779998779296875,8337300.0
2010-04-01,50.119998931884766,50.189998626708984,49.63999938964844,50.0099983215332,11865900.0
2010-04-05,50.33000183105469,51.099998474121094,50.11000061035156,51.04999923706055,14636500.0
2010-04-06,50.939998626708984,52.189998626708984,50.72999954223633,52.08000183105469,16859700.0
2010-04-07,51.939998626708984,52.06999969482422,50.72999954223633,50.959999084472656,15275300.0
2010-04-08,50.720001220703125,51.11000061035156,50.63999938964844,50.97999954223633,8579900.0
2010-04-09,51.15999984741211,51.83000183105469,50.95000076293945,51.790000915527344,11460200.0
2010-04-12,51.900001525878906,51.95000076293945,51.380001068115234,51.45000076293945,7833400.0
2010-04-13,51.40999984741211,52.77000045776367,51.380001068115234,52.619998931884766,13847500.0
2010-04-14,53.09000015258789,53.130001068115234,52.369998931884766,52.66999816894531,17132900.0
2010-04-15,52.38999938964844,52.58000183105469,51.33000183105469,51.36000061035156,19222200.0
2010-04-16,51.27000045776367,51.689998626708984,50.13999938964844,50.290000915527344,32486100.0
2010-04-19,49.91999816894531,50.86000061035156,49.75,50.47999954223633,20990600.0
2010-04-20,50.810001373291016,51.310001373291016,50.27000045776367,51.27000045776367,12239200.0
2010-04-21,51.2400016784668,52.52000045776367,51.18000030517578,52.22999954223633,21471400.0
2010-04-22,51.900001525878906,53.20000076293945,51.59000015258789,52.9900016784668,18688400.0
2010-04-23,53.150001525878906,53.75,52.66999816894531,53.68000030517578,13173900.0
2010-04-26,53.849998474121094,54.40999984741211,53.619998931884766,54.02000045776367,11956700.0
2010-04-27,53.599998474121094,53.970001220703125,52.22999954223633,52.310001373291016,22098000.0
2010-04-28,52.83000183105469,52.91999816894531,52.220001220703125,52.4900016784668,15187700.0
2010-04-29,53.20000076293945,54.72999954223633,53.09000015258789,54.65999984741211,20216600.0
2010-04-30,54.56999969482422,55.0,52.86000061035156,52.959999084472656,20171100.0
2010-05-03,53.38999938964844,54.900001525878906,53.380001068115234,54.599998474121094,20332100.0
2010-05-04,53.86000061035156,53.97999954223633,52.779998779296875,53.31999969482422,25009300.0
2010-05-05,52.41999816894531,53.529998779296875,51.810001373291016,52.56999969482422,21721100.0
2010-05-06,52.189998626708984,52.59000015258789,43.15999984741211,50.459999084472656,40853400.0
2010-05-07,50.599998474121094,51.65999984741211,48.810001373291016,49.61000061035156,31771300.0
2010-05-10,52.25,52.939998626708984,51.77000045776367,52.880001068115234,24930800.0
2010-05-11,52.130001068115234,53.540000915527344,51.9900016784668,52.939998626708984,19801500.0
2010-05-12,53.369998931884766,54.0,52.939998626708984,53.79999923706055,13551200.0
2010-05-13,53.86000061035156,53.95000076293945,52.880001068115234,53.09000015258789,12836800.0
2010-05-14,52.59000015258789,52.59000015258789,50.810001373291016,51.45000076293945,21810900.0
2010-05-17,51.45000076293945,52.31999969482422,49.90999984741211,51.369998931884766,19768900.0
2010-05-18,52.08000183105469,52.22999954223633,49.849998474121094,50.060001373291016,17861700.0
2010-05-19,49.720001220703125,50.72999954223633,48.400001525878906,49.63999938964844,23569300.0
2010-05-20,48.380001068115234,48.88999938964844,47.16999816894531,47.2400016784668,31029900.0
2010-05-21,46.5,48.88999938964844,46.25,48.77000045776367,23970300.0
2010-05-24,48.91999816894531,49.13999938964844,47.70000076293945,47.790000915527344,19137900.0
2010-05-25,46.41999816894531,48.310001373291016,45.93000030517578,48.290000915527344,23967400.0
2010-05-26,48.970001220703125,49.630001068115234,47.7599983215332,48.099998474121094,20304200.0
2010-05-27,49.25,50.72999954223633,48.75,50.709999084472656,20292700.0
2010-05-28,50.66999816894531,51.02000045776367,49.779998779296875,49.95000076293945,15463200.0
2010-06-01,49.29999923706055,50.209999084472656,48.91999816894531,48.97999954223633,15112900.0
2010-06-02,49.400001525878906,50.119998931884766,48.54999923706055,50.060001373291016,16033600.0
2010-06-03,50.25,50.380001068115234,49.5,49.93000030517578,10995700.0
2010-06-04,48.900001525878906,49.369998931884766,47.0099983215332,47.220001220703125,26058700.0
2010-06-07,47.36000061035156,48.25,46.88999938964844,46.97999954223633,21973000.0
2010-06-08,47.119998931884766,47.880001068115234,46.0,47.79999923706055,26149600.0
2010-06-09,48.310001373291016,49.439998626708984,47.810001373291016,48.040000915527344,22432100.0
2010-06-10,49.04999923706055,50.25,48.63999938964844,50.04999923706055,25055600.0
2010-06-11,49.5099983215332,50.720001220703125,49.40999984741211,50.56999969482422,14358300.0
2010-06-14,51.2400016784668,51.72999954223633,50.66999816894531,51.16999816894531,16673400.0
2010-06-15,51.43000030517578,52.380001068115234,51.13999938964844,52.279998779296875,21950200.0
2010-06-16,51.880001068115234,52.29999923706055,51.59000015258789,51.900001525878906,12538600.0
2010-06-17,51.97999954223633,52.209999084472656,51.38999938964844,51.97999954223633,15515800.0
2010-06-18,52.130001068115234,52.20000076293945,51.56999969482422,51.83000183105469,10951600.0
2010-06-21,52.54999923706055,52.689998626708984,51.2400016784668,51.459999084472656,12016600.0
2010-06-22,51.54999923706055,51.7599983215332,49.849998474121094,50.0099983215332,20543300.0
2010-06-23,49.869998931884766,50.650001525878906,49.20000076293945,50.040000915527344,17497500.0
2010-06-24,49.43000030517578,49.54999923706055,48.47999954223633,48.59000015258789,20028200.0
2010-06-25,48.86000061035156,50.0099983215332,48.540000915527344,49.83000183105469,20899200.0
2010-06-28,50.04999923706055,50.06999969482422,49.04999923706055,49.2599983215332,10955200.0
2010-06-29,48.439998626708984,48.58000183105469,47.310001373291016,47.68000030517578,26764200.0
2010-06-30,47.709999084472656,48.40999984741211,47.06999969482422,47.209999084472656,16863600.0
2010-07-01,47.18000030517578,47.5,45.939998626708984,47.119998931884766,20930400.0
2010-07-02,47.33000183105469,47.439998626708984,46.0,46.220001220703125,14099300.0
2010-07-06,47.0,47.400001525878906,44.849998474121094,45.31999969482422,25757200.0
2010-07-07,45.45000076293945,47.540000915527344,45.369998931884766,47.47999954223633,22771600.0
2010-07-08,48.02000045776367,48.41999816894531,47.16999816894531,47.9900016784668,15471500.0
2010-07-09,47.88999938964844,48.72999954223633,47.810001373291016,48.619998931884766,13585800.0
2010-07-12,48.5099983215332,48.970001220703125,48.06999969482422,48.79999923706055,10050700.0
2010-07-13,49.5099983215332,50.119998931884766,49.2599983215332,49.869998931884766,17309700.0
2010-07-14,49.630001068115234,50.02000045776367,48.939998626708984,49.58000183105469,12125900.0
2010-07-15,49.59000015258789,49.65999984741211,48.52000045776367,49.470001220703125,16308800.0
2010-07-16,49.13999938964844,49.220001220703125,47.58000183105469,47.95000076293945,22010900.0
2010-07-19,48.040000915527344,48.779998779296875,47.290000915527344,48.5,16259600.0
2010-07-20,47.75,49.5,47.61000061035156,49.33000183105469,19416900.0
2010-07-21,49.5099983215332,49.7599983215332,48.150001525878906,48.380001068115234,18512300.0
2010-07-22,48.95000076293945,50.5,48.91999816894531,50.119998931884766,21544600.0
2010-07-23,50.06999969482422,50.79999923706055,49.310001373291016,50.709999084472656,13185300.0
2010-07-26,50.720001220703125,52.13999938964844,50.47999954223633,52.02000045776367,14626000.0
2010-07-27,52.459999084472656,52.630001068115234,51.290000915527344,52.0099983215332,17355900.0
2010-07-28,51.779998779296875,52.4900016784668,51.59000015258789,51.93000030517578,13959800.0
2010-07-29,52.31999969482422,52.400001525878906,50.93000030517578,51.470001220703125,15297300.0
2010-07-30,50.869998931884766,51.9900016784668,50.79999923706055,51.650001525878906,11730300.0
2010-08-02,52.439998626708984,53.45000076293945,52.279998779296875,53.220001220703125,18843400.0
2010-08-03,53.11000061035156,53.189998626708984,52.459999084472656,52.939998626708984,10431400.0
2010-08-04,53.0,53.16999816894531,52.59000015258789,53.11000061035156,9319200.0
2010-08-05,52.83000183105469,53.09000015258789,52.310001373291016,52.45000076293945,7449400.0
2010-08-06,51.869998931884766,52.41999816894531,51.459999084472656,52.279998779296875,11075000.0
2010-08-09,52.58000183105469,53.0,52.220001220703125,52.79999923706055,8254900.0
2010-08-10,52.34000015258789,52.869998931884766,51.810001373291016,52.38999938964844,15500900.0
2010-08-11,51.470001220703125,51.75,50.720001220703125,51.130001068115234,20175400.0
2010-08-12,50.459999084472656,51.040000915527344,50.29999923706055,50.540000915527344,10760300.0
2010-08-13,50.45000076293945,50.90999984741211,50.349998474121094,50.43000030517578,9818100.0
2010-08-16,50.34000015258789,50.91999816894531,50.0099983215332,50.47999954223633,11577500.0
2010-08-17,50.93000030517578,51.900001525878906,50.65999984741211,51.58000183105469,13384800.0
2010-08-18,51.630001068115234,51.95000076293945,51.220001220703125,51.59000015258789,9191000.0
2010-08-19,51.41999816894531,51.470001220703125,50.15999984741211,50.41999816894531,18212900.0
2010-08-20,50.189998626708984,50.34000015258789,49.7599983215332,50.27000045776367,15910500.0
2010-08-23,50.459999084472656,50.65999984741211,50.0,50.029998779296875,11039300.0
2010-08-24,49.36000061035156,50.130001068115234,48.95000076293945,49.810001373291016,15820700.0
2010-08-25,49.47999954223633,50.70000076293945,49.310001373291016,50.459999084472656,13757000.0
2010-08-26,50.77000045776367,51.11000061035156,50.099998474121094,50.18000030517578,11290600.0
2010-08-27,50.5,51.04999923706055,49.459999084472656,50.97999954223633,17038300.0
2010-08-30,50.83000183105469,51.310001373291016,50.5099983215332,50.5099983215332,10888000.0
2010-08-31,50.349998474121094,51.119998931884766,50.18000030517578,50.97999954223633,11610200.0
2010-09-01,51.63999938964844,52.720001220703125,51.56999969482422,52.59000015258789,17775000.0
2010-09-02,52.63999938964844,53.31999969482422,52.5099983215332,53.25,10102100.0
2010-09-03,53.95000076293945,54.040000915527344,53.439998626708984,53.95000076293945,10942500.0
2010-09-07,53.61000061035156,53.720001220703125,53.13999938964844,53.20000076293945,9147200.0
2010-09-08,53.349998474121094,53.650001525878906,53.11000061035156,53.22999954223633,9256500.0
2010-09-09,53.849998474121094,53.970001220703125,52.63999938964844,52.83000183105469,7312700.0
2010-09-10,52.97999954223633,53.27000045776367,52.63999938964844,53.040000915527344,9708400.0
2010-09-13,53.459999084472656,53.93000030517578,53.38999938964844,53.869998931884766,8810500.0
2010-09-14,53.650001525878906,54.060001373291016,53.40999984741211,53.709999084472656,9984600.0
2010-09-15,53.45000076293945,54.290000915527344,53.34000015258789,54.130001068115234,9842700.0
2010-09-16,54.02000045776367,54.18000030517578,53.650001525878906,53.84000015258789,9198500.0
2010-09-17,54.0099983215332,54.209999084472656,53.54999923706055,54.0,7559200.0
2010-09-20,54.18000030517578,55.40999984741211,54.08000183105469,55.209999084472656,14170600.0
2010-09-21,55.279998779296875,55.279998779296875,54.290000915527344,54.34000015258789,14413000.0
2010-09-22,54.150001525878906,54.529998779296875,53.63999938964844,53.779998779296875,11476400.0
2010-09-23,52.91999816894531,53.06999969482422,51.939998626708984,52.119998931884766,14622000.0
2010-09-24,52.779998779296875,53.599998474121094,52.709999084472656,53.540000915527344,11956700.0
2010-09-27,53.7400016784668,53.779998779296875,52.779998779296875,53.0099983215332,7172900.0
2010-09-28,53.060001373291016,53.29999923706055,52.22999954223633,53.150001525878906,9984300.0
2010-09-29,53.09000015258789,53.099998474121094,52.56999969482422,52.7599983215332,8977400.0
2010-09-30,53.18000030517578,53.619998931884766,52.52000045776367,52.880001068115234,10119400.0
2010-10-01,53.15999984741211,53.40999984741211,52.540000915527344,53.13999938964844,8272400.0
2010-10-04,53.04999923706055,53.599998474121094,52.9900016784668,53.59000015258789,11356500.0
2010-10-05,53.97999954223633,54.52000045776367,53.59000015258789,54.290000915527344,11265200.0
2010-10-06,54.15999984741211,54.290000915527344,53.810001373291016,54.130001068115234,8326400.0
2010-10-07,54.349998474121094,54.56999969482422,53.9900016784668,54.25,6120600.0
2010-10-08,54.189998626708984,54.4900016784668,53.95000076293945,54.31999969482422,6750800.0
2010-10-11,54.36000061035156,54.52000045776367,54.18000030517578,54.2400016784668,5457700.0
2010-10-12,54.119998931884766,54.88999938964844,53.970001220703125,54.709999084472656,7765400.0
2010-10-13,55.0,55.75,54.86000061035156,55.25,9291200.0
2010-10-14,55.099998474121094,55.45000076293945,54.75,55.08000183105469,8283600.0
2010-10-15,55.31999969482422,55.560001373291016,54.91999816894531,55.04999923706055,10031100.0
2010-10-18,54.900001525878906,55.79999923706055,54.77000045776367,54.77000045776367,10987400.0
2010-10-19,54.959999084472656,55.790000915527344,54.790000915527344,55.040000915527344,18057400.0
2010-10-20,55.09000015258789,56.56999969482422,55.060001373291016,56.13999938964844,20963800.0
2010-10-21,56.400001525878906,56.66999816894531,55.70000076293945,56.029998779296875,12328700.0
2010-10-22,56.25,56.38999938964844,55.709999084472656,56.040000915527344,5044900.0
2010-10-25,56.400001525878906,56.4900016784668,56.099998474121094,56.150001525878906,8215500.0
2010-10-26,55.68000030517578,55.93000030517578,55.47999954223633,55.81999969482422,9226500.0
2010-10-27,55.529998779296875,55.66999816894531,54.900001525878906,55.2599983215332,10602600.0
2010-10-28,55.439998626708984,55.65999984741211,54.380001068115234,54.91999816894531,8119800.0
2010-10-29,54.790000915527344,55.15999984741211,54.689998626708984,54.959999084472656,5958400.0
2010-11-01,55.13999938964844,55.88999938964844,55.040000915527344,55.36000061035156,6971600.0
2010-11-02,55.689998626708984,55.900001525878906,55.41999816894531,55.66999816894531,5907600.0
2010-11-03,55.81999969482422,55.84000015258789,55.25,55.61000061035156,9241600.0
2010-11-04,56.18000030517578,57.15999984741211,56.119998931884766,57.04999923706055,10704000.0
2010-11-05,57.06999969482422,57.970001220703125,56.86000061035156,57.619998931884766,10082800.0
2010-11-08,57.5099983215332,57.63999938964844,56.88999938964844,57.34000015258789,5943100.0
2010-11-09,57.54999923706055,57.59000015258789,54.849998474121094,55.27000045776367,15955700.0
2010-11-10,55.40999984741211,55.95000076293945,55.27000045776367,55.93000030517578,11988200.0
2010-11-11,55.61000061035156,55.970001220703125,55.31999969482422,55.47999954223633,6478700.0
2010-11-12,55.189998626708984,55.63999938964844,54.70000076293945,54.959999084472656,8962200.0
2010-11-15,55.099998474121094,55.38999938964844,54.36000061035156,54.36000061035156,9312700.0
2010-11-16,54.130001068115234,54.150001525878906,52.27000045776367,52.650001525878906,25248100.0
2010-11-17,52.81999969482422,53.400001525878906,52.630001068115234,53.11000061035156,8071000.0
2010-11-18,53.849998474121094,54.0,53.36000061035156,53.47999954223633,9727700.0
2010-11-19,53.31999969482422,53.83000183105469,52.88999938964844,53.72999954223633,8482900.0
2010-11-22,53.540000915527344,54.0099983215332,53.5099983215332,53.84000015258789,18122300.0
2010-11-23,53.20000076293945,53.560001373291016,53.150001525878906,53.459999084472656,7534200.0
2010-11-24,53.900001525878906,54.52000045776367,53.810001373291016,54.4900016784668,8095300.0
2010-11-26,54.099998474121094,54.52000045776367,54.040000915527344,54.33000183105469,2880400.0
2010-11-29,53.959999084472656,54.41999816894531,53.54999923706055,54.29999923706055,7317300.0
2010-11-30,53.72999954223633,54.41999816894531,53.720001220703125,54.09000015258789,9645100.0
2010-12-01,54.66999816894531,54.790000915527344,54.029998779296875,54.5,10578100.0
2010-12-02,54.68000030517578,55.310001373291016,54.5099983215332,55.2400016784668,9225100.0
2010-12-03,54.93000030517578,55.45000076293945,54.810001373291016,55.31999969482422,6490700.0
2010-12-06,55.25,55.540000915527344,54.7400016784668,55.349998474121094,5690600.0
2010-12-07,55.93000030517578,55.9900016784668,55.439998626708984,55.529998779296875,9683100.0
2010-12-08,55.54999923706055,55.66999816894531,54.34000015258789,54.70000076293945,11524900.0
2010-12-09,54.849998474121094,55.040000915527344,54.08000183105469,54.11000061035156,9680300.0
2010-12-10,54.2599983215332,54.91999816894531,54.220001220703125,54.66999816894531,8561300.0
2010-12-13,54.90999984741211,55.09000015258789,54.61000061035156,54.810001373291016,4916500.0
2010-12-14,54.790000915527344,55.33000183105469,54.02000045776367,54.25,11468300.0
2010-12-15,54.189998626708984,54.56999969482422,53.630001068115234,53.650001525878906,14739600.0
2010-12-16,53.79999923706055,54.02000045776367,53.459999084472656,53.790000915527344,8022100.0
2010-12-17,53.88999938964844,54.2599983215332,53.720001220703125,54.209999084472656,9081800.0
2010-12-20,54.529998779296875,55.0,54.20000076293945,54.83000183105469,8590600.0
2010-12-21,55.0099983215332,55.47999954223633,54.91999816894531,55.43000030517578,7888500.0
2010-12-22,54.63999938964844,55.529998779296875,54.63999938964844,55.220001220703125,8385100.0
2010-12-23,55.15999984741211,55.380001068115234,54.97999954223633,55.04999923706055,5137200.0
2010-12-27,54.91999816894531,55.619998931884766,54.790000915527344,55.4900016784668,3042600.0
2010-12-28,55.7599983215332,55.849998474121094,55.36000061035156,55.709999084472656,4406700.0
2010-12-29,55.86000061035156,56.0099983215332,55.59000015258789,55.959999084472656,4285200.0
2010-12-30,55.95000076293945,56.25,55.849998474121094,56.029998779296875,2882900.0
2010-12-31,55.939998626708984,56.290000915527344,55.86000061035156,55.959999084472656,3975100.0
2011-01-03,56.290000915527344,56.93000030517578,56.25,56.83000183105469,8221200.0
2011-01-04,57.0,57.08000183105469,55.560001373291016,55.81999969482422,11275100.0
2011-01-05,55.63999938964844,56.16999816894531,55.599998474121094,56.04999923706055,9167100.0
2011-01-06,56.13999938964844,56.22999954223633,55.619998931884766,55.75,6797500.0
2011-01-07,55.900001525878906,56.099998474121094,55.22999954223633,55.72999954223633,10495700.0
2011-01-10,55.52000045776367,55.83000183105469,55.150001525878906,55.709999084472656,5989200.0
2011-01-11,55.81999969482422,56.040000915527344,55.20000076293945,55.61000061035156,8320200.0
2011-01-12,55.97999954223633,56.060001373291016,55.61000061035156,55.86000061035156,7137800.0
2011-01-13,55.88999938964844,56.189998626708984,55.70000076293945,56.02000045776367,6677700.0
2011-01-14,55.9900016784668,56.40999984741211,55.869998931884766,56.400001525878906,6098100.0
2011-01-18,56.36000061035156,56.939998626708984,56.18000030517578,56.93000030517578,7070500.0
2011-01-19,56.93000030517578,56.93000030517578,55.95000076293945,56.25,8252400.0
2011-01-20,56.130001068115234,56.63999938964844,55.970001220703125,56.130001068115234,7770300.0
2011-01-21,56.5099983215332,56.5099983215332,56.16999816894531,56.349998474121094,5531800.0
2011-01-24,56.38999938964844,56.900001525878906,56.25,56.630001068115234,6358700.0
2011-01-25,56.47999954223633,57.22999954223633,56.33000183105469,57.22999954223633,8312200.0
2011-01-26,57.36000061035156,57.56999969482422,57.0,57.38999938964844,5947400.0
2011-01-27,57.849998474121094,58.29999923706055,57.54999923706055,58.189998626708984,9976400.0
2011-01-28,58.16999816894531,58.43000030517578,57.099998474121094,57.279998779296875,11241800.0
2011-01-31,57.40999984741211,58.18000030517578,57.349998474121094,57.959999084472656,7034900.0
2011-02-01,58.380001068115234,58.380001068115234,57.599998474121094,58.22999954223633,10015600.0
2011-02-02,58.15999984741211,58.54999923706055,58.09000015258789,58.2400016784668,5691800.0
2011-02-03,58.099998474121094,58.47999954223633,57.93000030517578,58.38999938964844,4660700.0
2011-02-04,58.470001220703125,58.470001220703125,57.65999984741211,57.86000061035156,7869000.0
2011-02-07,57.939998626708984,58.560001373291016,57.880001068115234,58.5099983215332,8855600.0
2011-02-08,58.5099983215332,58.83000183105469,58.439998626708984,58.65999984741211,3782600.0
2011-02-09,58.650001525878906,58.81999969482422,58.470001220703125,58.79999923706055,4637000.0
2011-02-10,58.56999969482422,59.09000015258789,58.52000045776367,58.9900016784668,7841500.0
2011-02-11,58.88999938964844,59.439998626708984,58.72999954223633,59.36000061035156,5034600.0
2011-02-14,59.470001220703125,59.56999969482422,58.97999954223633,59.349998474121094,4617700.0
2011-02-15,59.09000015258789,59.36000061035156,58.83000183105469,59.150001525878906,4658100.0
2011-02-16,59.36000061035156,59.75,59.08000183105469,59.31999969482422,4536500.0
2011-02-17,59.27000045776367,59.61000061035156,59.2599983215332,59.400001525878906,3049000.0
2011-02-18,59.529998779296875,59.779998779296875,59.38999938964844,59.630001068115234,5717600.0
2011-02-22,59.15999984741211,59.7400016784668,58.959999084472656,59.09000015258789,11044000.0
2011-02-23,59.02000045776367,59.310001373291016,58.2400016784668,58.619998931884766,10140100.0
2011-02-24,58.540000915527344,58.7599983215332,57.779998779296875,58.29999923706055,6473500.0
2011-02-25,58.599998474121094,59.369998931884766,58.470001220703125,59.34000015258789,5754400.0
2011-02-28,59.86000061035156,60.630001068115234,59.689998626708984,60.58000183105469,7632300.0
2011-03-01,60.790000915527344,60.790000915527344,58.939998626708984,58.95000076293945,10545700.0
2011-03-02,58.849998474121094,59.09000015258789,58.279998779296875,58.47999954223633,11167400.0
2011-03-03,59.08000183105469,59.349998474121094,58.880001068115234,59.31999969482422,4923100.0
2011-03-04,59.349998474121094,59.400001525878906,58.470001220703125,58.810001373291016,5794200.0
2011-03-07,58.7599983215332,59.15999984741211,58.029998779296875,58.43000030517578,8418300.0
2011-03-08,58.43000030517578,59.43000030517578,58.380001068115234,59.15999984741211,8610100.0
2011-03-09,59.060001373291016,59.470001220703125,58.70000076293945,59.189998626708984,5716000.0
2011-03-10,58.70000076293945,58.75,58.0099983215332,58.27000045776367,9453000.0
2011-03-11,58.0099983215332,59.06999969482422,58.0099983215332,58.93000030517578,7274400.0
2011-03-14,58.54999923706055,58.75,58.2400016784668,58.529998779296875,6182800.0
2011-03-15,57.349998474121094,58.5099983215332,57.09000015258789,58.060001373291016,9021200.0
2011-03-16,58.060001373291016,58.209999084472656,56.95000076293945,57.29999923706055,10512300.0
2011-03-17,57.95000076293945,58.16999816894531,57.2400016784668,57.779998779296875,7135300.0
2011-03-18,58.20000076293945,58.54999923706055,58.060001373291016,58.290000915527344,7457600.0
2011-03-21,58.65999984741211,59.18000030517578,58.65999984741211,58.93000030517578,7374800.0
2011-03-22,58.93000030517578,59.0,58.33000183105469,58.400001525878906,4561200.0
2011-03-23,58.290000915527344,58.33000183105469,57.54999923706055,57.959999084472656,9350000.0
2011-03-24,58.25,58.400001525878906,57.619998931884766,58.22999954223633,5258300.0
2011-03-25,57.95000076293945,58.33000183105469,57.720001220703125,58.02000045776367,5726100.0
2011-03-28,58.130001068115234,58.33000183105469,57.88999938964844,58.02000045776367,4996500.0
2011-03-29,57.95000076293945,58.40999984741211,57.5,58.279998779296875,6396500.0
2011-03-30,58.529998779296875,59.029998779296875,58.34000015258789,58.959999084472656,6588600.0
2011-03-31,58.790000915527344,59.41999816894531,58.790000915527344,59.400001525878906,5485100.0
2011-04-01,59.54999923706055,59.900001525878906,59.2599983215332,59.540000915527344,7773600.0
2011-04-04,59.599998474121094,59.77000045776367,59.380001068115234,59.4900016784668,3413200.0
2011-04-05,59.4900016784668,59.790000915527344,59.380001068115234,59.59000015258789,4292400.0
2011-04-06,59.790000915527344,59.79999923706055,59.369998931884766,59.5099983215332,4166500.0
2011-04-07,59.40999984741211,59.59000015258789,58.619998931884766,58.88999938964844,5959800.0
2011-04-08,59.130001068115234,59.33000183105469,58.2599983215332,58.45000076293945,6171500.0
2011-04-11,58.52000045776367,58.880001068115234,58.220001220703125,58.38999938964844,5972100.0
2011-04-12,58.22999954223633,58.560001373291016,58.13999938964844,58.27000045776367,4973900.0
2011-04-13,58.459999084472656,58.650001525878906,58.060001373291016,58.20000076293945,5453600.0
2011-04-14,57.9900016784668,59.150001525878906,57.939998626708984,58.9900016784668,9900800.0
2011-04-15,59.099998474121094,59.689998626708984,59.04999923706055,59.63999938964844,10167200.0
2011-04-18,59.15999984741211,59.18000030517578,58.709999084472656,59.04999923706055,6723200.0
2011-04-19,59.13999938964844,59.54999923706055,59.04999923706055,59.5099983215332,5154500.0
2011-04-20,60.060001373291016,60.25,59.59000015258789,60.20000076293945,6934100.0
2011-04-21,60.400001525878906,60.650001525878906,59.91999816894531,60.630001068115234,6289600.0
2011-04-25,60.720001220703125,61.09000015258789,60.400001525878906,60.93000030517578,3678600.0
2011-04-26,61.0,61.68000030517578,60.83000183105469,61.5,7500000.0
2011-04-27,61.5,61.86000061035156,61.27000045776367,61.779998779296875,5758400.0
2011-04-28,61.88999938964844,62.66999816894531,61.7599983215332,62.470001220703125,6937100.0
2011-04-29,62.59000015258789,62.59000015258789,61.459999084472656,62.16999816894531,8025200.0
2011-05-02,62.369998931884766,62.61000061035156,61.709999084472656,62.15999984741211,6406100.0
2011-05-03,62.130001068115234,62.41999816894531,61.040000915527344,61.7400016784668,8359000.0
2011-05-04,61.720001220703125,61.77000045776367,61.099998474121094,61.400001525878906,7183600.0
2011-05-05,60.970001220703125,61.790000915527344,60.88999938964844,61.310001373291016,7161900.0
2011-05-06,61.7599983215332,61.900001525878906,60.72999954223633,60.97999954223633,9640400.0
2011-05-09,60.88999938964844,61.34000015258789,60.66999816894531,61.220001220703125,4173200.0
2011-05-10,61.470001220703125,62.20000076293945,61.400001525878906,62.06999969482422,9880500.0
2011-05-11,62.029998779296875,62.040000915527344,61.22999954223633,61.380001068115234,6799300.0
2011-05-12,61.13999938964844,61.540000915527344,60.7400016784668,61.369998931884766,5726500.0
2011-05-13,61.40999984741211,61.529998779296875,60.68000030517578,60.810001373291016,4520400.0
2011-05-16,60.56999969482422,61.31999969482422,60.5,60.95000076293945,4892000.0
2011-05-17,60.77000045776367,61.04999923706055,60.4900016784668,60.86000061035156,7169300.0
2011-05-18,60.93000030517578,61.54999923706055,60.61000061035156,61.540000915527344,5997000.0
2011-05-19,61.619998931884766,61.97999954223633,61.25,61.65999984741211,5112300.0
2011-05-20,61.45000076293945,61.65999984741211,60.97999954223633,61.029998779296875,5737100.0
2011-05-23,60.38999938964844,60.689998626708984,60.290000915527344,60.38999938964844,10880900.0
2011-05-24,60.47999954223633,60.779998779296875,60.349998474121094,60.56999969482422,5952100.0
2011-05-25,60.45000076293945,61.130001068115234,60.06999969482422,60.81999969482422,7244500.0
2011-05-26,60.79999923706055,61.7400016784668,60.54999923706055,61.61000061035156,5439200.0
2011-05-27,61.720001220703125,61.880001068115234,61.40999984741211,61.720001220703125,4434300.0
2011-05-31,62.189998626708984,62.79999923706055,62.029998779296875,62.79999923706055,8053800.0
2011-06-01,62.65999984741211,62.65999984741211,60.939998626708984,61.029998779296875,11081400.0
2011-06-02,61.09000015258789,61.529998779296875,60.61000061035156,60.68000030517578,9761900.0
2011-06-03,60.08000183105469,61.18000030517578,60.0,60.900001525878906,8633900.0
2011-06-06,60.7400016784668,61.02000045776367,60.0099983215332,60.029998779296875,9572100.0
2011-06-07,60.40999984741211,61.25,60.25,60.75,10586800.0
2011-06-08,60.459999084472656,61.040000915527344,60.36000061035156,60.459999084472656,10070500.0
2011-06-09,60.599998474121094,60.709999084472656,59.630001068115234,59.900001525878906,14752700.0
2011-06-10,59.65999984741211,59.77000045776367,58.369998931884766,58.47999954223633,19779400.0
2011-06-13,58.58000183105469,59.09000015258789,58.2599983215332,58.59000015258789,11480900.0
2011-06-14,59.16999816894531,59.650001525878906,59.02000045776367,59.5099983215332,9474700.0
2011-06-15,59.099998474121094,59.310001373291016,58.11000061035156,58.529998779296875,13796400.0
2011-06-16,58.58000183105469,59.20000076293945,58.11000061035156,58.939998626708984,16150300.0
2011-06-17,59.529998779296875,59.619998931884766,58.93000030517578,59.439998626708984,10435600.0
2011-06-20,59.290000915527344,60.22999954223633,59.220001220703125,60.06999969482422,9671800.0
2011-06-21,60.40999984741211,60.689998626708984,60.06999969482422,60.599998474121094,10822700.0
2011-06-22,60.45000076293945,61.02000045776367,60.380001068115234,60.470001220703125,7047900.0
2011-06-23,59.630001068115234,59.689998626708984,58.77000045776367,59.36000061035156,16433100.0
2011-06-24,59.02000045776367,59.27000045776367,58.43000030517578,58.7599983215332,6841000.0
2011-06-27,58.79999923706055,59.25,58.709999084472656,59.06999969482422,6923700.0
2011-06-28,59.16999816894531,59.56999969482422,58.869998931884766,59.560001373291016,9195700.0
2011-06-29,59.75,60.31999969482422,59.54999923706055,60.220001220703125,9353500.0
2011-06-30,60.34000015258789,60.63999938964844,60.09000015258789,60.29999923706055,7668800.0
2011-07-01,60.369998931884766,61.5099983215332,60.36000061035156,61.380001068115234,8979800.0
2011-07-05,61.4900016784668,61.900001525878906,61.060001373291016,61.7599983215332,7364000.0
2011-07-06,61.529998779296875,62.209999084472656,61.459999084472656,62.13999938964844,6769600.0
2011-07-07,62.52000045776367,63.0,62.470001220703125,62.91999816894531,8554700.0
2011-07-08,62.29999923706055,62.7400016784668,62.0,62.70000076293945,6190600.0
2011-07-11,61.900001525878906,62.16999816894531,61.470001220703125,61.52000045776367,9516800.0
2011-07-12,61.38999938964844,62.52000045776367,61.2599983215332,61.72999954223633,13880700.0
2011-07-13,61.9900016784668,62.02000045776367,61.16999816894531,61.209999084472656,11903500.0
2011-07-14,61.400001525878906,61.40999984741211,60.349998474121094,60.529998779296875,10699900.0
2011-07-15,60.709999084472656,61.209999084472656,60.40999984741211,61.189998626708984,7770700.0
2011-07-18,61.130001068115234,61.130001068115234,60.20000076293945,60.63999938964844,7655000.0
2011-07-19,60.9900016784668,61.75,60.88999938964844,61.689998626708984,7002100.0
2011-07-20,61.88999938964844,62.15999984741211,61.560001373291016,62.150001525878906,6354000.0
2011-07-21,62.33000183105469,62.880001068115234,62.33000183105469,62.54999923706055,7590700.0
2011-07-22,62.630001068115234,62.95000076293945,62.380001068115234,62.869998931884766,5746900.0
2011-07-25,62.2400016784668,62.56999969482422,62.0,62.15999984741211,5592900.0
2011-07-26,62.2599983215332,62.400001525878906,61.709999084472656,62.15999984741211,5486200.0
2011-07-27,61.88999938964844,61.91999816894531,60.43000030517578,60.4900016784668,11892500.0
2011-07-28,60.5,60.9900016784668,59.86000061035156,60.400001525878906,9457100.0
2011-07-29,59.900001525878906,60.529998779296875,59.04999923706055,60.43000030517578,10842500.0
2011-08-01,61.099998474121094,61.099998474121094,59.220001220703125,59.630001068115234,10917400.0
2011-08-02,59.189998626708984,59.630001068115234,57.81999969482422,57.880001068115234,13317000.0
2011-08-03,57.86000061035156,57.97999954223633,56.08000183105469,57.52000045776367,18340600.0
2011-08-04,56.869998931884766,57.060001373291016,54.279998779296875,54.7400016784668,19706200.0
2011-08-05,55.400001525878906,55.5,52.7599983215332,53.61000061035156,26113300.0
2011-08-08,51.869998931884766,52.54999923706055,49.04999923706055,49.04999923706055,33376700.0
2011-08-09,49.869998931884766,53.59000015258789,49.349998474121094,53.59000015258789,38397600.0
2011-08-10,52.310001373291016,54.7599983215332,51.90999984741211,52.33000183105469,40944700.0
2011-08-11,52.630001068115234,55.810001373291016,52.33000183105469,54.77000045776367,26720500.0
2011-08-12,55.5,56.0,54.439998626708984,54.689998626708984,14799300.0
2011-08-15,55.119998931884766,56.65999984741211,55.0,56.63999938964844,13562900.0
2011-08-16,55.97999954223633,56.779998779296875,55.529998779296875,56.43000030517578,10901200.0
2011-08-17,56.72999954223633,57.189998626708984,56.04999923706055,56.5,10481300.0
2011-08-18,54.66999816894531,55.13999938964844,53.47999954223633,54.06999969482422,23216900.0
2011-08-19,53.22999954223633,54.4900016784668,52.869998931884766,52.9900016784668,16993800.0
2011-08-22,54.11000061035156,54.25,52.380001068115234,53.09000015258789,13008800.0
2011-08-23,53.2400016784668,54.45000076293945,52.81999969482422,54.400001525878906,15574300.0
2011-08-24,54.369998931884766,55.16999816894531,53.77000045776367,55.0099983215332,11725700.0
2011-08-25,55.34000015258789,55.869998931884766,53.36000061035156,53.849998474121094,12918200.0
2011-08-26,53.529998779296875,54.790000915527344,52.5,54.650001525878906,16861300.0
2011-08-29,55.41999816894531,56.41999816894531,55.27000045776367,56.38999938964844,8022200.0
2011-08-30,56.20000076293945,56.970001220703125,55.45000076293945,56.61000061035156,10478200.0
2011-08-31,57.04999923706055,57.459999084472656,56.470001220703125,57.220001220703125,11908400.0
2011-09-01,57.060001373291016,57.380001068115234,56.029998779296875,56.2599983215332,12358900.0
2011-09-02,54.970001220703125,55.90999984741211,54.790000915527344,54.900001525878906,9481000.0
2011-09-06,53.18000030517578,54.9900016784668,53.150001525878906,54.779998779296875,11734100.0
2011-09-07,55.65999984741211,56.7599983215332,54.81999969482422,56.619998931884766,10823500.0
2011-09-08,56.25,57.02000045776367,55.9900016784668,56.209999084472656,10736300.0
2011-09-09,55.650001525878906,56.02000045776367,54.20000076293945,54.630001068115234,13274200.0
2011-09-12,53.75,54.86000061035156,53.619998931884766,54.79999923706055,12596300.0
2011-09-13,55.0,55.15999984741211,54.29999923706055,54.849998474121094,11288700.0
2011-09-14,55.209999084472656,55.7400016784668,54.34000015258789,55.15999984741211,12922800.0
2011-09-15,55.86000061035156,56.290000915527344,55.47999954223633,56.22999954223633,10275200.0
2011-09-16,56.349998474121094,56.75,55.56999969482422,56.689998626708984,11013800.0
2011-09-19,55.59000015258789,56.08000183105469,55.380001068115234,55.56999969482422,10208500.0
2011-09-20,55.56999969482422,56.22999954223633,55.34000015258789,55.40999984741211,9032000.0
2011-09-21,55.38999938964844,55.56999969482422,52.68000030517578,52.7599983215332,14467800.0
2011-09-22,51.209999084472656,52.369998931884766,50.68000030517578,51.43000030517578,15332300.0
2011-09-23,50.869998931884766,51.4900016784668,50.43000030517578,51.290000915527344,14364200.0
2011-09-26,51.61000061035156,52.04999923706055,50.91999816894531,51.939998626708984,8212400.0
2011-09-27,53.02000045776367,53.36000061035156,52.13999938964844,52.4900016784668,9619700.0
2011-09-28,52.4900016784668,52.84000015258789,51.08000183105469,51.18000030517578,7815100.0
2011-09-29,52.18000030517578,52.2400016784668,51.150001525878906,51.939998626708984,7147200.0
2011-09-30,51.099998474121094,51.93000030517578,50.52000045776367,50.56999969482422,8890400.0
2011-10-03,50.18000030517578,50.91999816894531,48.18000030517578,48.189998626708984,14392400.0
2011-10-04,47.599998474121094,50.08000183105469,46.70000076293945,50.0099983215332,22400000.0
2011-10-05,50.150001525878906,50.150001525878906,47.68000030517578,49.630001068115234,17783800.0
2011-10-06,49.54999923706055,51.060001373291016,49.08000183105469,51.0,14341600.0
2011-10-07,51.290000915527344,51.400001525878906,49.45000076293945,49.560001373291016,12756200.0
2011-10-10,50.630001068115234,51.95000076293945,50.43000030517578,51.95000076293945,10483300.0
2011-10-11,51.540000915527344,51.779998779296875,50.77000045776367,50.9900016784668,11825600.0
2011-10-12,51.459999084472656,52.5099983215332,51.0099983215332,51.81999969482422,10793700.0
2011-10-13,51.54999923706055,51.880001068115234,50.4900016784668,51.459999084472656,8153400.0
2011-10-14,52.0099983215332,52.84000015258789,51.849998474121094,52.650001525878906,8252800.0
2011-10-17,52.43000030517578,52.43000030517578,51.2599983215332,51.439998626708984,9316500.0
2011-10-18,51.41999816894531,53.369998931884766,51.27000045776367,53.13999938964844,14139700.0
2011-10-19,53.04999923706055,53.45000076293945,52.31999969482422,52.47999954223633,8868300.0
2011-10-20,52.61000061035156,52.880001068115234,51.61000061035156,52.79999923706055,8817000.0
2011-10-21,53.41999816894531,54.38999938964844,53.310001373291016,54.36000061035156,10177900.0
2011-10-24,54.54999923706055,55.86000061035156,54.2400016784668,55.79999923706055,12133900.0
2011-10-25,55.459999084472656,55.4900016784668,54.709999084472656,54.939998626708984,7113500.0
2011-10-26,55.439998626708984,55.619998931884766,54.540000915527344,55.45000076293945,8169400.0
2011-10-27,57.06999969482422,58.18000030517578,56.34000015258789,57.81999969482422,13735800.0
2011-10-28,57.04999923706055,58.08000183105469,57.04999923706055,58.0,9622000.0
2011-10-31,57.150001525878906,58.08000183105469,56.93000030517578,57.2400016784668,9761100.0
2011-11-01,55.720001220703125,56.70000076293945,55.27000045776367,55.310001373291016,19179600.0
2011-11-02,56.20000076293945,56.880001068115234,55.529998779296875,56.43000030517578,8193000.0
2011-11-03,57.04999923706055,57.31999969482422,55.630001068115234,57.06999969482422,10310200.0
2011-11-04,56.619998931884766,56.790000915527344,55.810001373291016,56.63999938964844,8657800.0
2011-11-07,56.5,57.34000015258789,55.97999954223633,56.779998779296875,5380500.0
2011-11-08,56.9900016784668,57.529998779296875,55.869998931884766,57.459999084472656,10558200.0
2011-11-09,56.16999816894531,56.4900016784668,54.790000915527344,54.880001068115234,11109400.0
2011-11-10,55.599998474121094,55.7400016784668,54.58000183105469,54.93000030517578,11025500.0
2011-11-11,55.689998626708984,56.459999084472656,55.2400016784668,56.349998474121094,7448200.0
2011-11-14,55.88999938964844,56.040000915527344,54.970001220703125,55.220001220703125,6435000.0
2011-11-15,55.0099983215332,56.08000183105469,54.84000015258789,55.70000076293945,6904900.0
2011-11-16,55.08000183105469,56.040000915527344,55.060001373291016,55.16999816894531,8387500.0
2011-11-17,55.060001373291016,55.15999984741211,53.88999938964844,54.18000030517578,9973300.0
2011-11-18,54.439998626708984,54.599998474121094,53.91999816894531,54.56999969482422,6609100.0
2011-11-21,53.56999969482422,53.709999084472656,52.849998474121094,53.130001068115234,6026800.0
2011-11-22,53.08000183105469,53.41999816894531,52.61000061035156,52.97999954223633,5615100.0
2011-11-23,52.41999816894531,52.560001373291016,51.41999816894531,51.41999816894531,5859800.0
2011-11-25,51.22999954223633,52.59000015258789,51.22999954223633,51.599998474121094,2807900.0
2011-11-28,53.279998779296875,53.41999816894531,52.40999984741211,52.86000061035156,6585800.0
2011-11-29,53.09000015258789,53.09000015258789,52.40999984741211,52.709999084472656,5156100.0
2011-11-30,54.06999969482422,55.209999084472656,53.91999816894531,55.13999938964844,10623200.0
2011-12-01,54.9900016784668,55.09000015258789,54.20000076293945,54.58000183105469,5156600.0
2011-12-02,55.02000045776367,55.560001373291016,54.59000015258789,54.66999816894531,4369400.0
2011-12-05,55.45000076293945,55.70000076293945,54.72999954223633,55.18000030517578,4134400.0
2011-12-06,55.04999923706055,55.36000061035156,54.650001525878906,55.13999938964844,5008000.0
2011-12-07,54.75,55.790000915527344,54.529998779296875,55.65999984741211,6718000.0
2011-12-08,55.310001373291016,55.4900016784668,54.22999954223633,54.33000183105469,8026800.0
2011-12-09,54.63999938964844,55.65999984741211,54.52000045776367,55.40999984741211,5869400.0
2011-12-12,54.9900016784668,54.9900016784668,54.060001373291016,54.41999816894531,7176900.0
2011-12-13,54.7400016784668,55.22999954223633,53.63999938964844,53.939998626708984,7736900.0
2011-12-14,53.65999984741211,54.68000030517578,53.5099983215332,54.25,8105400.0
2011-12-15,54.81999969482422,55.20000076293945,54.4900016784668,54.9900016784668,5899600.0
2011-12-16,55.33000183105469,55.95000076293945,55.119998931884766,55.45000076293945,7465500.0
2011-12-19,55.7599983215332,55.77000045776367,54.7599983215332,54.90999984741211,5410800.0
2011-12-20,55.61000061035156,56.66999816894531,55.599998474121094,56.56999969482422,7494700.0
2011-12-21,56.47999954223633,56.83000183105469,56.20000076293945,56.650001525878906,4767600.0
2011-12-22,56.2599983215332,57.09000015258789,56.209999084472656,56.83000183105469,6089000.0
2011-12-23,57.130001068115234,57.150001525878906,56.68000030517578,57.11000061035156,2507300.0
2011-12-27,57.060001373291016,57.65999984741211,56.7400016784668,57.2400016784668,3620200.0
2011-12-28,57.33000183105469,57.41999816894531,56.58000183105469,56.619998931884766,3900300.0
2011-12-29,56.779998779296875,57.220001220703125,56.63999938964844,57.09000015258789,2951900.0
2011-12-30,57.04999923706055,57.470001220703125,56.779998779296875,56.810001373291016,4270000.0
2012-01-03,57.7400016784668,58.310001373291016,56.779998779296875,57.15999984741211,9054000.0
2012-01-04,56.97999954223633,57.040000915527344,56.290000915527344,56.52000045776367,12839200.0
2012-01-05,56.34000015258789,57.040000915527344,56.060001373291016,56.93000030517578,6432700.0
2012-01-06,57.099998474121094,57.25,56.56999969482422,56.83000183105469,4222200.0
2012-01-09,56.93000030517578,57.040000915527344,56.529998779296875,56.66999816894531,4740100.0
2012-01-10,57.2599983215332,57.59000015258789,57.209999084472656,57.29999923706055,4974000.0
2012-01-11,57.150001525878906,57.88999938964844,57.08000183105469,57.810001373291016,3815400.0
2012-01-12,57.790000915527344,57.880001068115234,57.119998931884766,57.43000030517578,5969400.0
2012-01-13,57.15999984741211,57.70000076293945,56.95000076293945,57.689998626708984,5269500.0
2012-01-17,58.220001220703125,58.41999816894531,57.83000183105469,57.9900016784668,3982100.0
2012-01-18,58.04999923706055,58.560001373291016,57.900001525878906,58.36000061035156,4770600.0
2012-01-19,58.52000045776367,58.90999984741211,58.36000061035156,58.72999954223633,4669000.0
2012-01-20,58.66999816894531,59.04999923706055,58.43000030517578,59.0099983215332,4834900.0
2012-01-23,59.119998931884766,59.45000076293945,58.849998474121094,59.189998626708984,4906000.0
2012-01-24,58.849998474121094,59.58000183105469,58.790000915527344,59.52000045776367,3989900.0
2012-01-25,59.45000076293945,60.369998931884766,59.27000045776367,60.279998779296875,6738800.0
2012-01-26,60.54999923706055,61.02000045776367,60.439998626708984,60.630001068115234,10459000.0
2012-01-27,60.459999084472656,60.91999816894531,60.2400016784668,60.779998779296875,4896000.0
2012-01-30,60.2599983215332,60.369998931884766,59.970001220703125,60.25,4588300.0
2012-01-31,60.540000915527344,60.630001068115234,60.119998931884766,60.560001373291016,4973500.0
2012-02-01,61.0099983215332,61.119998931884766,60.72999954223633,61.0099983215332,4513700.0
2012-02-02,61.06999969482422,61.189998626708984,60.849998474121094,61.13999938964844,3502700.0
2012-02-03,61.79999923706055,62.040000915527344,61.45000076293945,62.02000045776367,7577900.0
2012-02-06,61.880001068115234,62.0,61.5,61.720001220703125,3969300.0
2012-02-07,61.619998931884766,61.81999969482422,61.43000030517578,61.66999816894531,3224800.0
2012-02-08,61.66999816894531,61.84000015258789,61.20000076293945,61.709999084472656,4331100.0
2012-02-09,61.630001068115234,61.81999969482422,60.90999984741211,61.2599983215332,4309900.0
2012-02-10,60.650001525878906,61.09000015258789,60.56999969482422,60.75,3688700.0
2012-02-13,61.279998779296875,61.529998779296875,61.02000045776367,61.439998626708984,4356200.0
2012-02-14,61.38999938964844,61.40999984741211,60.470001220703125,60.83000183105469,4864400.0
2012-02-15,60.97999954223633,61.029998779296875,60.310001373291016,60.529998779296875,5679400.0
2012-02-16,60.459999084472656,61.15999984741211,60.459999084472656,61.029998779296875,5054600.0
2012-02-17,61.22999954223633,61.33000183105469,60.7400016784668,61.130001068115234,6292400.0
2012-02-21,61.2400016784668,61.2400016784668,60.150001525878906,60.369998931884766,6632600.0
2012-02-22,60.20000076293945,60.52000045776367,59.810001373291016,59.880001068115234,7764200.0
2012-02-23,59.939998626708984,61.099998474121094,59.83000183105469,60.58000183105469,5679800.0
2012-02-24,60.75,60.900001525878906,60.349998474121094,60.75,3372900.0
2012-02-27,60.310001373291016,60.779998779296875,59.900001525878906,60.68000030517578,6416000.0
2012-02-28,60.70000076293945,60.810001373291016,60.08000183105469,60.220001220703125,4905500.0
2012-02-29,60.310001373291016,60.68000030517578,59.97999954223633,60.13999938964844,7484900.0
2012-03-01,60.310001373291016,60.54999923706055,60.119998931884766,60.459999084472656,6113100.0
2012-03-02,60.22999954223633,60.70000076293945,60.22999954223633,60.439998626708984,4189600.0
2012-03-05,60.36000061035156,60.959999084472656,60.18000030517578,60.93000030517578,4755100.0
2012-03-06,60.34000015258789,60.689998626708984,60.0099983215332,60.11000061035156,6241600.0
2012-03-07,60.290000915527344,60.439998626708984,59.77000045776367,60.369998931884766,4925400.0
2012-03-08,60.4900016784668,60.619998931884766,60.040000915527344,60.22999954223633,6407200.0
2012-03-09,60.20000076293945,60.689998626708984,60.099998474121094,60.5099983215332,5175500.0
2012-03-12,60.54999923706055,61.04999923706055,60.54999923706055,60.93000030517578,8116200.0
2012-03-13,61.290000915527344,62.150001525878906,61.150001525878906,62.02000045776367,9652900.0
2012-03-14,62.09000015258789,62.34000015258789,61.540000915527344,61.869998931884766,8735500.0
2012-03-15,61.9900016784668,62.040000915527344,61.619998931884766,61.83000183105469,5472900.0
2012-03-16,61.9900016784668,62.220001220703125,61.84000015258789,62.20000076293945,7662000.0
2012-03-19,62.13999938964844,62.810001373291016,61.959999084472656,62.56999969482422,7038400.0
2012-03-20,62.25,62.61000061035156,62.15999984741211,62.41999816894531,7067600.0
2012-03-21,62.529998779296875,62.61000061035156,62.279998779296875,62.279998779296875,3499100.0
2012-03-22,61.90999984741211,61.91999816894531,61.130001068115234,61.540000915527344,7378200.0
2012-03-23,61.41999816894531,62.060001373291016,61.22999954223633,61.790000915527344,4911300.0
2012-03-26,61.75,62.02000045776367,61.5099983215332,61.88999938964844,4056200.0
2012-03-27,61.849998474121094,62.25,61.7599983215332,61.86000061035156,4415300.0
2012-03-28,61.849998474121094,61.88999938964844,61.189998626708984,61.720001220703125,3666300.0
2012-03-29,61.43000030517578,61.84000015258789,61.04999923706055,61.779998779296875,4231900.0
2012-03-30,62.0,62.40999984741211,61.95000076293945,62.29999923706055,5252900.0
2012-04-02,62.25,62.77000045776367,62.130001068115234,62.70000076293945,5360000.0
2012-04-03,62.599998474121094,62.75,62.16999816894531,62.40999984741211,4991500.0
2012-04-04,62.0,62.029998779296875,61.52000045776367,61.779998779296875,5838800.0
2012-04-05,61.61000061035156,61.81999969482422,61.33000183105469,61.5099983215332,5302600.0
2012-04-09,60.70000076293945,61.16999816894531,60.54999923706055,60.91999816894531,3511800.0
2012-04-10,60.83000183105469,61.09000015258789,59.63999938964844,59.7400016784668,9535200.0
2012-04-11,60.25,60.5,60.0,60.45000076293945,5351500.0
2012-04-12,60.59000015258789,61.34000015258789,60.34000015258789,61.310001373291016,6803200.0
2012-04-13,61.209999084472656,61.36000061035156,60.83000183105469,60.9900016784668,5199100.0
2012-04-16,61.33000183105469,62.060001373291016,61.16999816894531,61.70000076293945,7840500.0
2012-04-17,62.13999938964844,62.4900016784668,61.59000015258789,62.22999954223633,7614800.0
2012-04-18,62.0,62.22999954223633,61.86000061035156,61.900001525878906,3587900.0
2012-04-19,61.939998626708984,62.22999954223633,61.56999969482422,61.869998931884766,5951100.0
2012-04-20,62.18000030517578,62.790000915527344,62.02000045776367,62.52000045776367,6339100.0
2012-04-23,62.06999969482422,62.09000015258789,61.4900016784668,61.939998626708984,5196400.0
2012-04-24,61.869998931884766,62.7599983215332,61.869998931884766,62.72999954223633,6723600.0
2012-04-25,63.08000183105469,63.470001220703125,63.029998779296875,63.41999816894531,6836800.0
2012-04-26,63.2400016784668,63.7599983215332,63.150001525878906,63.689998626708984,5822400.0
2012-04-27,63.90999984741211,64.12000274658203,63.470001220703125,64.0,5728200.0
2012-04-30,63.88999938964844,64.05999755859375,63.470001220703125,63.90999984741211,5658600.0
2012-05-01,63.849998474121094,64.87000274658203,63.810001373291016,64.47000122070312,7777000.0
2012-05-02,64.1500015258789,64.5199966430664,63.83000183105469,64.37000274658203,5012900.0
2012-05-03,64.52999877929688,64.77999877929688,64.1500015258789,64.1500015258789,5842200.0
2012-05-04,64.0,64.0199966430664,63.47999954223633,63.65999984741211,4720700.0
2012-05-07,63.52000045776367,64.19999694824219,63.380001068115234,64.0199966430664,5858900.0
2012-05-08,63.65999984741211,64.0199966430664,63.34000015258789,63.959999084472656,4987900.0
2012-05-09,63.38999938964844,64.18000030517578,63.2400016784668,63.810001373291016,7069200.0
2012-05-10,64.22000122070312,64.2300033569336,63.459999084472656,63.75,8529100.0
2012-05-11,63.47999954223633,64.20999908447266,63.33000183105469,64.0199966430664,5601700.0
2012-05-14,63.40999984741211,63.7599983215332,63.16999816894531,63.2400016784668,7658300.0
2012-05-15,63.29999923706055,63.29999923706055,62.7400016784668,62.93000030517578,6046400.0
2012-05-16,63.16999816894531,63.20000076293945,62.150001525878906,62.15999984741211,6404100.0
2012-05-17,62.099998474121094,62.2400016784668,60.439998626708984,60.439998626708984,14643400.0
2012-05-18,60.63999938964844,60.91999816894531,59.650001525878906,59.81999969482422,11240700.0
2012-05-21,59.869998931884766,61.20000076293945,59.86000061035156,61.04999923706055,9739600.0
2012-05-22,61.150001525878906,61.58000183105469,60.93000030517578,61.18000030517578,6858000.0
2012-05-23,60.93000030517578,61.5,60.279998779296875,61.439998626708984,6889400.0
2012-05-24,61.58000183105469,61.959999084472656,60.97999954223633,61.630001068115234,5218200.0
2012-05-25,61.66999816894531,61.86000061035156,61.22999954223633,61.45000076293945,4495800.0
2012-05-29,61.91999816894531,62.29999923706055,61.630001068115234,62.290000915527344,5856900.0
2012-05-30,61.779998779296875,61.869998931884766,60.83000183105469,60.84000015258789,11691800.0
2012-05-31,60.90999984741211,61.68000030517578,60.310001373291016,61.220001220703125,7653300.0
2012-06-01,60.2599983215332,60.52000045776367,59.59000015258789,59.66999816894531,9818600.0
2012-06-04,59.689998626708984,59.84000015258789,58.880001068115234,59.25,8006900.0
2012-06-05,59.04999923706055,60.560001373291016,59.040000915527344,60.41999816894531,9489500.0
2012-06-06,60.790000915527344,61.72999954223633,60.65999984741211,61.709999084472656,9097400.0
2012-06-07,62.349998474121094,62.459999084472656,61.2599983215332,61.40999984741211,8512900.0
2012-06-08,61.34000015258789,62.18000030517578,61.209999084472656,62.18000030517578,6424900.0
2012-06-11,62.709999084472656,62.79999923706055,60.880001068115234,60.959999084472656,10317900.0
2012-06-12,61.16999816894531,61.650001525878906,60.689998626708984,61.529998779296875,9346100.0
2012-06-13,61.33000183105469,61.970001220703125,60.9900016784668,61.2400016784668,6322900.0
2012-06-14,61.400001525878906,62.31999969482422,61.22999954223633,62.06999969482422,8259900.0
2012-06-15,62.349998474121094,62.540000915527344,61.959999084472656,62.459999084472656,6536800.0
2012-06-18,62.099998474121094,63.220001220703125,62.099998474121094,62.95000076293945,7202500.0
2012-06-19,62.72999954223633,63.06999969482422,62.2400016784668,62.689998626708984,7039700.0
2012-06-20,62.75,62.88999938964844,62.2599983215332,62.61000061035156,8410800.0
2012-06-21,62.689998626708984,62.810001373291016,61.54999923706055,61.630001068115234,8898000.0
2012-06-22,61.93000030517578,62.04999923706055,61.290000915527344,61.68000030517578,6191400.0
2012-06-25,61.0,61.4900016784668,60.91999816894531,61.34000015258789,7217500.0
2012-06-26,61.52000045776367,61.86000061035156,61.150001525878906,61.61000061035156,6527600.0
2012-06-27,61.75,62.04999923706055,61.5,62.0,7841300.0
2012-06-28,61.70000076293945,62.59000015258789,61.38999938964844,62.52000045776367,7067700.0
2012-06-29,63.52000045776367,64.02999877929688,63.349998474121094,63.939998626708984,10343000.0
2012-07-02,64.27999877929688,64.66000366210938,63.900001525878906,64.62000274658203,6104100.0
2012-07-03,64.83999633789062,65.19000244140625,64.58999633789062,64.9800033569336,4649400.0
2012-07-05,64.91999816894531,65.08999633789062,64.5,64.68000030517578,4715600.0
2012-07-06,64.22000122070312,64.87999725341797,64.05000305175781,64.7699966430664,3931500.0
2012-07-09,64.81999969482422,64.94999694824219,64.5,64.9000015258789,5400600.0
2012-07-10,65.0999984741211,65.18000030517578,63.79999923706055,64.12999725341797,10502100.0
2012-07-11,64.12999725341797,64.4000015258789,63.779998779296875,64.2300033569336,8812100.0
2012-07-12,63.790000915527344,64.77999877929688,63.66999816894531,64.51000213623047,11274800.0
2012-07-13,64.58999633789062,65.31999969482422,64.55000305175781,65.20999908447266,5033100.0
2012-07-16,65.11000061035156,65.56999969482422,65.0999984741211,65.45999908447266,5701500.0
2012-07-17,65.62999725341797,66.20999908447266,65.18000030517578,66.01000213623047,7504000.0
2012-07-18,65.79000091552734,65.9000015258789,65.2699966430664,65.5,6567000.0
2012-07-19,65.66999816894531,65.68000030517578,64.51000213623047,64.94999694824219,7554200.0
2012-07-20,64.56999969482422,64.88999938964844,64.38999938964844,64.7300033569336,6163700.0
2012-07-23,63.9900016784668,64.4800033569336,63.849998474121094,64.33999633789062,5483500.0
2012-07-24,64.41999816894531,64.55000305175781,63.689998626708984,64.08000183105469,6932100.0
2012-07-25,64.33999633789062,64.44000244140625,63.72999954223633,64.06999969482422,3505700.0
2012-07-26,64.70999908447266,65.12999725341797,64.27999877929688,64.58999633789062,5363200.0
2012-07-27,64.80000305175781,65.73999786376953,64.80000305175781,65.31999969482422,5330500.0
2012-07-30,65.30000305175781,65.76000213623047,65.2300033569336,65.5,4587500.0
2012-07-31,65.54000091552734,65.6500015258789,65.22000122070312,65.43000030517578,6167500.0
2012-08-01,65.72000122070312,66.0999984741211,65.20999908447266,65.23999786376953,5236200.0
2012-08-02,64.94999694824219,65.31999969482422,64.70999908447266,65.30999755859375,5980800.0
2012-08-03,65.86000061035156,66.08999633789062,65.68000030517578,65.79000091552734,5105400.0
2012-08-06,65.95999908447266,66.12999725341797,65.56999969482422,65.5999984741211,4039300.0
2012-08-07,65.73999786376953,65.75,64.83000183105469,64.91999816894531,5956000.0
2012-08-08,64.66999816894531,64.7699966430664,64.29000091552734,64.52999877929688,5617900.0
2012-08-09,64.47000122070312,64.75,64.26000213623047,64.33999633789062,4924800.0
2012-08-10,64.33999633789062,64.5199966430664,64.19999694824219,64.4800033569336,2794500.0
2012-08-13,64.45999908447266,64.61000061035156,64.16999816894531,64.45999908447266,3482100.0
2012-08-14,64.69000244140625,64.73999786376953,64.33000183105469,64.43000030517578,3634100.0
2012-08-15,64.41000366210938,64.80999755859375,64.3499984741211,64.61000061035156,2981300.0
2012-08-16,64.68000030517578,65.0999984741211,64.37999725341797,65.08000183105469,7335500.0
2012-08-17,65.08000183105469,65.19000244140625,64.87000274658203,65.05000305175781,6843700.0
2012-08-20,65.08999633789062,65.18000030517578,64.58999633789062,65.0,5358700.0
2012-08-21,65.12000274658203,65.27999877929688,64.88999938964844,65.0,3672300.0
2012-08-22,64.87999725341797,65.0,64.33000183105469,64.94000244140625,4938100.0
2012-08-23,64.9000015258789,65.02999877929688,64.58999633789062,64.7699966430664,4522700.0
2012-08-24,64.6500015258789,65.1500015258789,64.52999877929688,65.0199966430664,4141300.0
2012-08-27,65.19000244140625,65.30999755859375,64.87000274658203,65.16000366210938,2892800.0
2012-08-28,65.1500015258789,65.45999908447266,64.87999725341797,65.41999816894531,4204600.0
2012-08-29,65.48999786376953,65.58000183105469,65.26000213623047,65.44000244140625,3326800.0
2012-08-30,65.19000244140625,65.41000366210938,65.05999755859375,65.37000274658203,4427700.0
2012-08-31,65.58999633789062,65.6500015258789,65.0,65.62999725341797,4483800.0
2012-09-04,65.51000213623047,66.0199966430664,65.08000183105469,65.95999908447266,10329200.0
2012-09-05,65.98999786376953,66.05000305175781,65.56999969482422,65.91999816894531,7340300.0
2012-09-06,66.2300033569336,66.44999694824219,66.13999938964844,66.44000244140625,6484900.0
2012-09-07,66.5199966430664,66.68000030517578,66.33000183105469,66.55999755859375,5809300.0
2012-09-10,66.5,66.5,66.01000213623047,66.12999725341797,5922100.0
2012-09-11,66.12000274658203,66.41999816894531,66.0,66.38999938964844,5950900.0
2012-09-12,66.5,66.63999938964844,66.23999786376953,66.63999938964844,6643000.0
2012-09-13,66.69000244140625,67.55000305175781,66.54000091552734,67.44999694824219,9459100.0
2012-09-14,67.55000305175781,68.26000213623047,67.55000305175781,67.80000305175781,8619400.0
2012-09-17,67.79000091552734,68.02999877929688,67.38999938964844,67.4800033569336,4141900.0
2012-09-18,67.30000305175781,67.36000061035156,66.70999908447266,66.9000015258789,8756800.0
2012-09-19,66.91999816894531,67.0199966430664,66.56999969482422,66.58999633789062,6769100.0
2012-09-20,66.25,66.26000213623047,65.55999755859375,65.80999755859375,14539200.0
2012-09-21,66.0199966430664,66.02999877929688,65.75,65.79000091552734,11144100.0
2012-09-24,65.47000122070312,66.04000091552734,65.44999694824219,65.72000122070312,10626600.0
2012-09-25,65.36000061035156,65.38999938964844,64.20999908447266,64.23999786376953,8619000.0
2012-09-26,64.12999725341797,64.54000091552734,64.05000305175781,64.18000030517578,10239100.0
2012-09-27,64.33999633789062,64.81999969482422,64.22000122070312,64.52999877929688,6640100.0
2012-09-28,64.27999877929688,64.62999725341797,63.9900016784668,64.37999725341797,9810800.0
2012-10-01,64.5,64.61000061035156,63.400001525878906,63.91999816894531,9355000.0
2012-10-02,64.04000091552734,64.45999908447266,63.939998626708984,64.45999908447266,9009600.0
2012-10-03,64.45999908447266,65.08999633789062,64.37000274658203,64.6500015258789,8690000.0
2012-10-04,64.83999633789062,65.0,64.26000213623047,64.41000366210938,8887000.0
2012-10-05,64.68000030517578,64.94000244140625,64.4000015258789,64.69000244140625,7700000.0
2012-10-08,64.36000061035156,64.4800033569336,64.19999694824219,64.41999816894531,4928500.0
2012-10-09,64.45999908447266,64.72000122070312,64.06999969482422,64.13999938964844,6859200.0
2012-10-10,64.11000061035156,64.38999938964844,63.95000076293945,64.22000122070312,7026600.0
2012-10-11,64.37999725341797,64.58999633789062,64.16999816894531,64.2300033569336,8131800.0
2012-10-12,64.19999694824219,64.5,63.849998474121094,63.95000076293945,5995300.0
2012-10-15,63.959999084472656,64.4000015258789,63.47999954223633,64.37999725341797,5998000.0
2012-10-16,64.56999969482422,64.77999877929688,64.51000213623047,64.68000030517578,6872500.0
2012-10-17,64.45999908447266,64.8499984741211,64.2699966430664,64.77999877929688,9204700.0
2012-10-18,64.69000244140625,65.41999816894531,64.66000366210938,65.38999938964844,8149100.0
2012-10-19,65.41999816894531,65.55999755859375,64.72000122070312,64.77999877929688,8886800.0
2012-10-22,64.72000122070312,64.77999877929688,64.1500015258789,64.55000305175781,6018800.0
2012-10-23,64.04000091552734,64.18000030517578,63.45000076293945,63.900001525878906,6985600.0
2012-10-24,64.05000305175781,64.26000213623047,63.689998626708984,63.939998626708984,4587900.0
2012-10-25,64.19999694824219,64.44000244140625,63.08000183105469,63.65999984741211,7451700.0
2012-10-26,63.630001068115234,63.68000030517578,62.86000061035156,63.290000915527344,9137000.0
2012-10-31,63.54999923706055,64.02999877929688,63.31999969482422,64.0,9157200.0
2012-11-01,64.0199966430664,64.37000274658203,63.75,64.06999969482422,12937500.0
2012-11-02,64.43000030517578,64.91000366210938,64.41000366210938,64.5,8886300.0
2012-11-05,64.47000122070312,64.51000213623047,63.619998931884766,64.0199966430664,10212600.0
2012-11-06,64.2699966430664,64.29000091552734,63.77000045776367,64.16000366210938,5427400.0
2012-11-07,63.709999084472656,64.13999938964844,63.470001220703125,63.84000015258789,10656200.0
2012-11-08,63.810001373291016,63.880001068115234,63.13999938964844,63.189998626708984,9477400.0
2012-11-09,62.91999816894531,63.45000076293945,62.689998626708984,62.97999954223633,9952000.0
2012-11-12,63.150001525878906,63.189998626708984,62.709999084472656,62.880001068115234,5451600.0
2012-11-13,62.54999923706055,63.04999923706055,62.470001220703125,62.68000030517578,6953000.0
2012-11-14,62.880001068115234,62.880001068115234,61.22999954223633,61.459999084472656,15786400.0
2012-11-15,61.400001525878906,61.81999969482422,60.84000015258789,61.189998626708984,15085700.0
2012-11-16,61.34000015258789,61.95000076293945,61.040000915527344,61.88999938964844,13806600.0
2012-11-19,62.5099983215332,62.7599983215332,62.189998626708984,62.470001220703125,12087200.0
2012-11-20,62.560001373291016,62.86000061035156,62.16999816894531,62.86000061035156,12749700.0
2012-11-21,62.779998779296875,63.060001373291016,62.470001220703125,62.81999969482422,5904800.0
2012-11-23,63.060001373291016,63.349998474121094,62.849998474121094,63.33000183105469,3249100.0
2012-11-26,63.119998931884766,63.77000045776367,62.93000030517578,63.41999816894531,16980400.0
2012-11-27,62.939998626708984,63.59000015258789,62.540000915527344,63.08000183105469,22289900.0
2012-11-28,62.900001525878906,63.09000015258789,62.400001525878906,62.970001220703125,12290700.0
2012-11-29,63.34000015258789,63.43000030517578,62.869998931884766,63.380001068115234,15870300.0
2012-11-30,63.36000061035156,63.79999923706055,63.36000061035156,63.630001068115234,10611900.0
2012-12-03,63.93000030517578,64.12000274658203,63.599998474121094,63.810001373291016,9577100.0
2012-12-04,63.75,64.1500015258789,63.61000061035156,63.72999954223633,12665900.0
2012-12-05,63.91999816894531,63.970001220703125,63.2400016784668,63.560001373291016,10757800.0
2012-12-06,63.689998626708984,64.12999725341797,63.5,64.12000274658203,8008000.0
2012-12-07,64.22000122070312,64.38999938964844,64.11000061035156,64.37999725341797,13072600.0
2012-12-10,64.44999694824219,64.68000030517578,64.2699966430664,64.37999725341797,8719000.0
2012-12-11,64.63999938964844,64.76000213623047,64.38999938964844,64.45999908447266,6063400.0
2012-12-12,64.62999725341797,64.76000213623047,64.12999725341797,64.41999816894531,6419000.0
2012-12-13,64.45999908447266,64.45999908447266,63.7599983215332,63.9900016784668,9581700.0
2012-12-14,63.97999954223633,63.9900016784668,63.7400016784668,63.90999984741211,7085200.0
2012-12-17,64.19999694824219,64.33999633789062,63.91999816894531,64.30999755859375,12634700.0
2012-12-18,64.36000061035156,65.23999786376953,64.30000305175781,64.97000122070312,26053500.0
2012-12-19,64.41999816894531,64.51000213623047,64.02999877929688,64.08999633789062,8134800.0
2012-12-20,64.16000366210938,64.83999633789062,64.0199966430664,64.81999969482422,11100800.0
2012-12-21,64.12000274658203,64.80000305175781,64.12000274658203,64.62000274658203,10635700.0
2012-12-24,64.56999969482422,64.87000274658203,64.31999969482422,64.70999908447266,6645400.0
2012-12-26,64.77999877929688,64.77999877929688,64.22000122070312,64.38999938964844,5901700.0
2012-12-27,64.44999694824219,64.72000122070312,63.810001373291016,64.47000122070312,8055400.0
2012-12-28,64.27999877929688,64.6500015258789,64.02999877929688,64.08000183105469,3957300.0
2012-12-31,64.05000305175781,64.7300033569336,63.880001068115234,64.66999816894531,7477900.0
2013-01-02,65.62999725341797,65.88999938964844,65.29000091552734,65.72000122070312,12173500.0
2013-01-03,65.69000244140625,65.9800033569336,65.56999969482422,65.72000122070312,13888200.0
2013-01-04,65.87999725341797,66.13999938964844,65.63999938964844,66.12000274658203,14123400.0
2013-01-07,66.04000091552734,66.23999786376953,65.88999938964844,66.22000122070312,6133600.0
2013-01-08,66.0999984741211,66.27999877929688,65.9000015258789,66.08999633789062,5438600.0
2013-01-09,66.2300033569336,66.43000030517578,66.12999725341797,66.33999633789062,5562300.0
2013-01-10,66.69999694824219,66.69999694824219,66.2699966430664,66.5,6132700.0
2013-01-11,66.5,66.66999816894531,66.26000213623047,66.48999786376953,3889100.0
2013-01-14,66.5999984741211,66.68000030517578,66.4000015258789,66.58999633789062,5420400.0
2013-01-15,66.48999786376953,66.97000122070312,66.37000274658203,66.9000015258789,6783800.0
2013-01-16,66.7699966430664,66.8499984741211,66.58999633789062,66.83000183105469,5176000.0
2013-01-17,67.05999755859375,67.18000030517578,66.33000183105469,66.9800033569336,5652400.0
2013-01-18,67.37000274658203,67.43000030517578,66.93000030517578,67.37999725341797,17259600.0
2013-01-22,67.41000366210938,67.72000122070312,67.3499984741211,67.72000122070312,7006800.0
2013-01-23,67.72000122070312,67.86000061035156,67.5199966430664,67.7300033569336,4036600.0
2013-01-24,67.80999755859375,68.04000091552734,67.62000274658203,67.80999755859375,6017000.0
2013-01-25,68.05999755859375,68.13999938964844,67.76000213623047,68.08999633789062,6291100.0
2013-01-28,68.30000305175781,68.30000305175781,67.87999725341797,68.16000366210938,7967100.0
2013-01-29,68.05999755859375,68.30999755859375,68.05999755859375,68.29000091552734,4723200.0
2013-01-30,68.12999725341797,68.30999755859375,67.55000305175781,67.66000366210938,7716600.0
2013-01-31,67.6500015258789,67.66000366210938,67.16999816894531,67.2699966430664,8189600.0
2013-02-01,67.62999725341797,67.8499984741211,67.4000015258789,67.72000122070312,11330400.0
2013-02-04,67.4800033569336,67.79000091552734,67.31999969482422,67.58000183105469,14185200.0
2013-02-05,67.75,67.83999633789062,67.41000366210938,67.48999786376953,6245900.0
2013-02-06,67.31999969482422,67.69999694824219,67.19000244140625,67.61000061035156,4489500.0
2013-02-07,67.80999755859375,67.83999633789062,67.1500015258789,67.29000091552734,8388300.0
2013-02-08,67.41999816894531,67.9800033569336,67.41999816894531,67.95999908447266,8139600.0
2013-02-11,67.86000061035156,68.05999755859375,67.86000061035156,68.02999877929688,6097100.0
2013-02-12,68.12000274658203,68.43000030517578,67.97000122070312,68.43000030517578,7218400.0
2013-02-13,68.55000305175781,68.63999938964844,68.20999908447266,68.4000015258789,4418400.0
2013-02-14,68.38999938964844,68.38999938964844,68.06999969482422,68.12999725341797,4100400.0
2013-02-15,68.19999694824219,68.25,67.94999694824219,68.20999908447266,6449800.0
2013-02-19,68.43000030517578,68.69000244140625,68.27999877929688,68.68000030517578,12187000.0
2013-02-20,68.6500015258789,68.87999725341797,68.0999984741211,68.0999984741211,9973600.0
2013-02-21,67.95999908447266,68.08000183105469,67.4000015258789,67.56999969482422,13125300.0
2013-02-22,67.83999633789062,68.1500015258789,67.79000091552734,68.1500015258789,6630600.0
2013-02-25,68.31999969482422,68.45999908447266,66.98999786376953,67.0,9204800.0
2013-02-26,67.33000183105469,67.66999816894531,67.0,67.58999633789062,7439200.0
2013-02-27,67.58999633789062,68.41999816894531,67.44999694824219,68.11000061035156,7675200.0
2013-02-28,68.0999984741211,68.44000244140625,67.97000122070312,68.12000274658203,7917800.0
2013-03-01,67.8499984741211,68.33000183105469,67.58999633789062,68.25,11331300.0
2013-03-04,68.12000274658203,68.91000366210938,68.12000274658203,68.76000213623047,9589700.0
2013-03-05,69.12000274658203,69.41999816894531,68.7699966430664,69.29000091552734,6177000.0
2013-03-06,69.43000030517578,69.55000305175781,68.81999969482422,69.02999877929688,11622400.0
2013-03-07,69.13999938964844,69.2300033569336,68.69000244140625,68.77999877929688,6954600.0
2013-03-08,69.06999969482422,69.12999725341797,68.44000244140625,68.81999969482422,6934300.0
2013-03-11,68.97000122070312,69.08999633789062,68.63999938964844,69.08999633789062,11877900.0
2013-03-12,69.08000183105469,69.08999633789062,68.68000030517578,68.83999633789062,6247300.0
2013-03-13,68.81999969482422,69.0,68.55999755859375,68.86000061035156,6189700.0
2013-03-14,68.94999694824219,69.31999969482422,68.86000061035156,69.2300033569336,10380200.0
2013-03-15,69.13999938964844,69.29000091552734,68.86000061035156,69.26000213623047,7085100.0
2013-03-18,68.6500015258789,69.08999633789062,68.6500015258789,69.06999969482422,17335600.0
2013-03-19,69.06999969482422,69.13999938964844,68.2300033569336,68.58000183105469,8311400.0
2013-03-20,68.9800033569336,68.98999786376953,68.63999938964844,68.9800033569336,9476900.0
2013-03-21,68.69000244140625,69.22000122070312,68.69000244140625,68.75,4807000.0
2013-03-22,68.98999786376953,69.26000213623047,68.8499984741211,69.16999816894531,5176600.0
2013-03-25,68.93000030517578,69.0,68.41000366210938,68.54000091552734,10970400.0
2013-03-26,68.62999725341797,69.11000061035156,68.62999725341797,69.05000305175781,8879000.0
2013-03-27,68.81999969482422,69.20999908447266,68.68000030517578,69.16000366210938,5747800.0
2013-03-28,69.26000213623047,69.55000305175781,69.02999877929688,69.4800033569336,10163700.0
2013-04-01,69.51000213623047,69.69999694824219,69.16000366210938,69.69999694824219,10676100.0
2013-04-02,69.95999908447266,70.12000274658203,69.72000122070312,69.87999725341797,7683800.0
2013-04-03,70.11000061035156,70.11000061035156,69.27999877929688,69.51000213623047,5906600.0
2013-04-04,69.58999633789062,70.61000061035156,69.4800033569336,70.52999877929688,15045800.0
2013-04-05,69.88999938964844,70.72000122070312,69.75,70.72000122070312,9219300.0
2013-04-08,70.7300033569336,71.44999694824219,70.47000122070312,71.37999725341797,9494700.0
2013-04-09,71.4800033569336,71.6500015258789,71.01000213623047,71.41000366210938,6504500.0
2013-04-10,71.56999969482422,71.94000244140625,71.44000244140625,71.83000183105469,5585900.0
2013-04-11,71.9000015258789,72.52999877929688,71.83999633789062,72.18000030517578,11137100.0
2013-04-12,72.08000183105469,72.5999984741211,71.9800033569336,72.5999984741211,6908300.0
2013-04-15,72.0999984741211,72.25,70.79000091552734,70.79000091552734,10229500.0
2013-04-16,71.19999694824219,71.94999694824219,70.80000305175781,71.91000366210938,6787100.0
2013-04-17,71.62999725341797,71.66000366210938,70.56999969482422,71.04000091552734,8952700.0
2013-04-18,71.08000183105469,71.18000030517578,70.62999725341797,71.04000091552734,16557900.0
2013-04-19,71.44000244140625,71.9800033569336,71.02999877929688,71.86000061035156,16957600.0
2013-04-22,71.97000122070312,72.13999938964844,71.4800033569336,71.95999908447266,5361900.0
2013-04-23,72.22000122070312,72.5,71.8499984741211,72.37999725341797,6056000.0
2013-04-24,72.58000183105469,72.62000274658203,72.20999908447266,72.61000061035156,5241100.0
2013-04-25,72.48999786376953,72.79000091552734,71.98999786376953,72.5199966430664,8899900.0
2013-04-26,72.41000366210938,72.69999694824219,72.13999938964844,72.19000244140625,4196100.0
2013-04-29,72.43000030517578,72.7699966430664,72.19999694824219,72.75,4371600.0
2013-04-30,72.75,73.48999786376953,72.56999969482422,73.45999908447266,7901100.0
2013-05-01,73.44000244140625,73.5,72.76000213623047,72.95999908447266,19735200.0
2013-05-02,72.94000244140625,73.51000213623047,72.93000030517578,73.23999786376953,4746700.0
2013-05-03,73.5999984741211,73.7699966430664,73.1500015258789,73.30000305175781,6804300.0
2013-05-06,73.3499984741211,73.66999816894531,73.30000305175781,73.58999633789062,4539300.0
2013-05-07,73.87999725341797,74.05000305175781,73.48999786376953,74.0199966430664,7326500.0
2013-05-08,73.9000015258789,74.30999755859375,73.79000091552734,74.19999694824219,5550500.0
2013-05-09,74.19999694824219,74.25,73.5999984741211,73.81999969482422,12540900.0
2013-05-10,74.0,74.0,73.6500015258789,73.83999633789062,4807500.0
2013-05-13,73.83999633789062,74.02999877929688,73.6500015258789,73.94999694824219,5141500.0
2013-05-14,74.02999877929688,74.48999786376953,74.02999877929688,74.33999633789062,6114500.0
2013-05-15,74.33999633789062,75.01000213623047,73.97000122070312,75.0,12938900.0
2013-05-16,74.94000244140625,75.16999816894531,74.47000122070312,74.76000213623047,11084100.0
2013-05-17,74.9000015258789,75.23999786376953,74.69000244140625,75.2300033569336,11377800.0
2013-05-20,75.2300033569336,75.3499984741211,74.93000030517578,75.19000244140625,6560000.0
2013-05-21,75.4000015258789,75.69000244140625,75.33000183105469,75.54000091552734,5619400.0
2013-05-22,75.63999938964844,76.20999908447266,73.33000183105469,73.66999816894531,26250400.0
2013-05-23,73.08000183105469,73.08000183105469,72.02999877929688,72.63999938964844,17882300.0
2013-05-24,72.4000015258789,72.45999908447266,71.61000061035156,72.36000061035156,11804000.0
2013-05-28,73.05999755859375,73.22000122070312,71.19999694824219,71.63999938964844,15416700.0
2013-05-29,71.11000061035156,71.1500015258789,69.25,70.20999908447266,23698500.0
2013-05-30,70.20999908447266,70.69999694824219,69.45999908447266,69.54000091552734,13778600.0
2013-05-31,69.25,70.04000091552734,68.66000366210938,68.69000244140625,20832400.0
2013-06-03,68.70999908447266,69.33999633789062,68.05999755859375,68.86000061035156,25223500.0
2013-06-04,68.87000274658203,69.11000061035156,68.05000305175781,68.05999755859375,17821400.0
2013-06-05,68.11000061035156,68.30999755859375,67.20999908447266,67.33000183105469,19959500.0
2013-06-06,67.27999877929688,68.6500015258789,67.0199966430664,68.58999633789062,21649800.0
2013-06-07,68.7699966430664,68.83000183105469,67.63999938964844,68.55000305175781,16045900.0
2013-06-10,68.62999725341797,68.79000091552734,67.77999877929688,67.94999694824219,17666100.0
2013-06-11,67.33000183105469,67.66000366210938,66.87000274658203,66.91000366210938,17765800.0
2013-06-12,67.41000366210938,67.43000030517578,65.7699966430664,65.93000030517578,16537000.0
2013-06-13,65.83999633789062,68.12000274658203,65.79000091552734,67.94000244140625,21085000.0
2013-06-14,67.9000015258789,68.9800033569336,67.73999786376953,68.11000061035156,13991400.0
2013-06-17,68.43000030517578,68.83999633789062,67.73999786376953,68.19999694824219,10786100.0
2013-06-18,68.25,68.87999725341797,67.87000274658203,68.30999755859375,14319100.0
2013-06-19,68.47000122070312,68.66999816894531,66.12999725341797,66.26000213623047,34471300.0
2013-06-20,65.48999786376953,65.7699966430664,63.380001068115234,63.66999816894531,31601500.0
2013-06-21,64.22000122070312,65.08999633789062,63.310001373291016,64.41999816894531,24105500.0
2013-06-24,63.4900016784668,65.43000030517578,62.709999084472656,64.01000213623047,30133200.0
2013-06-25,64.68000030517578,65.52999877929688,64.16000366210938,65.19000244140625,18040500.0
2013-06-26,65.26000213623047,65.7699966430664,65.08999633789062,65.55000305175781,16898500.0
2013-06-27,66.01000213623047,66.83999633789062,65.8499984741211,66.72000122070312,13893800.0
2013-06-28,66.44999694824219,66.88999938964844,65.91999816894531,66.43000030517578,12025100.0
2013-07-01,66.56999969482422,67.04000091552734,65.94999694824219,66.08000183105469,14941100.0
2013-07-02,65.9800033569336,67.0999984741211,65.91999816894531,66.8499984741211,12520400.0
2013-07-03,66.75,67.0,65.66999816894531,66.55999755859375,8076200.0
2013-07-05,66.41000366210938,66.44999694824219,64.62000274658203,65.86000061035156,16119500.0
2013-07-08,66.0199966430664,67.0999984741211,66.0199966430664,66.12000274658203,6958000.0
2013-07-09,66.56999969482422,67.23999786376953,66.19999694824219,66.95999908447266,9422400.0
2013-07-10,66.80999755859375,67.2300033569336,66.54000091552734,66.95999908447266,10060200.0
2013-07-11,67.94000244140625,68.86000061035156,67.86000061035156,68.80999755859375,16742100.0
2013-07-12,68.9000015258789,68.94000244140625,68.12000274658203,68.36000061035156,10555600.0
2013-07-15,68.23999786376953,68.7300033569336,68.18000030517578,68.61000061035156,6986300.0
2013-07-16,68.43000030517578,68.83999633789062,68.31999969482422,68.5,6891000.0
2013-07-17,68.77999877929688,68.91999816894531,68.36000061035156,68.86000061035156,14463800.0
2013-07-18,68.80999755859375,69.36000061035156,68.7699966430664,69.29000091552734,7176600.0
2013-07-19,69.2300033569336,69.41999816894531,68.94999694824219,69.22000122070312,7701100.0
2013-07-22,69.25,69.4800033569336,69.04000091552734,69.41999816894531,4684700.0
2013-07-23,69.5999984741211,69.5999984741211,69.06999969482422,69.38999938964844,4930000.0
2013-07-24,69.47000122070312,69.52999877929688,67.52999877929688,68.04000091552734,13685200.0
2013-07-25,67.93000030517578,68.08000183105469,67.52999877929688,67.95999908447266,10019400.0
2013-07-26,67.77999877929688,68.18000030517578,67.52999877929688,68.13999938964844,5577000.0
2013-07-29,68.02999877929688,68.20999908447266,67.48999786376953,67.5999984741211,6999900.0
2013-07-30,67.75,68.30000305175781,67.33999633789062,67.5199966430664,6200400.0
2013-07-31,67.33000183105469,67.68000030517578,66.0,66.58999633789062,17578300.0
2013-08-01,66.86000061035156,66.94999694824219,66.18000030517578,66.22000122070312,12801700.0
2013-08-02,66.55999755859375,66.81999969482422,65.91999816894531,65.93000030517578,16858500.0
2013-08-05,65.9000015258789,66.19000244140625,65.69999694824219,65.88999938964844,5471400.0
2013-08-06,65.79000091552734,66.13999938964844,65.5,65.66000366210938,5899900.0
2013-08-07,65.66000366210938,65.66000366210938,65.08000183105469,65.38999938964844,6218300.0
2013-08-08,65.55000305175781,65.69999694824219,65.12000274658203,65.44999694824219,6905300.0
2013-08-09,65.29000091552734,66.41000366210938,65.19999694824219,66.06999969482422,6247000.0
2013-08-12,65.93000030517578,65.94000244140625,65.33000183105469,65.52999877929688,8185500.0
2013-08-13,65.5999984741211,65.6500015258789,64.44000244140625,64.62999725341797,10889000.0
2013-08-14,64.5,64.8499984741211,64.37000274658203,64.48999786376953,13474200.0
2013-08-15,63.83000183105469,63.849998474121094,63.02000045776367,63.27000045776367,17106100.0
2013-08-16,63.0099983215332,63.2400016784668,61.790000915527344,61.810001373291016,22158900.0
2013-08-19,61.65999984741211,61.880001068115234,60.91999816894531,60.970001220703125,15340000.0
2013-08-20,61.279998779296875,62.709999084472656,61.2400016784668,62.400001525878906,20078000.0
2013-08-21,61.970001220703125,63.209999084472656,61.58000183105469,62.27000045776367,19768900.0
2013-08-22,62.470001220703125,62.650001525878906,61.939998626708984,62.619998931884766,15039600.0
2013-08-23,62.72999954223633,63.36000061035156,62.43000030517578,63.349998474121094,9662400.0
2013-08-26,63.459999084472656,63.47999954223633,63.0099983215332,63.11000061035156,5527400.0
2013-08-27,62.66999816894531,63.25,62.529998779296875,62.91999816894531,7907000.0
2013-08-28,62.779998779296875,62.93000030517578,62.45000076293945,62.619998931884766,5761700.0
2013-08-29,62.43000030517578,62.77000045776367,62.11000061035156,62.720001220703125,4663600.0
2013-08-30,62.75,63.11000061035156,62.11000061035156,62.2400016784668,6533700.0
2013-09-03,62.709999084472656,62.86000061035156,61.25,61.720001220703125,12854500.0
2013-09-04,61.709999084472656,62.47999954223633,61.52000045776367,62.15999984741211,11140200.0
2013-09-05,62.09000015258789,62.22999954223633,61.58000183105469,61.630001068115234,7406700.0
2013-09-06,62.459999084472656,63.209999084472656,62.38999938964844,62.7599983215332,12815100.0
2013-09-09,63.060001373291016,64.0,62.77000045776367,64.0,11123300.0
2013-09-10,64.12000274658203,64.2300033569336,63.52000045776367,63.91999816894531,8889000.0
2013-09-11,63.84000015258789,64.36000061035156,63.84000015258789,64.36000061035156,9867700.0
2013-09-12,64.55999755859375,64.73999786376953,63.86000061035156,63.95000076293945,9121300.0
2013-09-13,64.08999633789062,64.2699966430664,63.86000061035156,64.08999633789062,8046000.0
2013-09-16,65.20999908447266,65.62999725341797,64.55999755859375,64.72000122070312,13644600.0
2013-09-17,64.8499984741211,65.20999908447266,64.58000183105469,64.66999816894531,8761600.0
2013-09-18,64.6500015258789,66.97000122070312,63.97999954223633,66.93000030517578,37540300.0
2013-09-19,66.97000122070312,67.5,66.62000274658203,66.66999816894531,20322800.0
2013-09-20,66.7699966430664,66.79000091552734,65.38999938964844,65.5199966430664,17910100.0
2013-09-23,65.51000213623047,65.81999969482422,65.0199966430664,65.0999984741211,12152500.0
2013-09-24,64.45999908447266,64.61000061035156,64.0199966430664,64.06999969482422,13075000.0
2013-09-25,64.16000366210938,64.69000244140625,63.869998931884766,64.29000091552734,9013600.0
2013-09-26,64.37999725341797,64.70999908447266,64.19999694824219,64.68000030517578,4380700.0
2013-09-27,64.51000213623047,64.77999877929688,64.05999755859375,64.44000244140625,5971100.0
2013-09-30,64.06999969482422,64.5199966430664,63.56999969482422,63.790000915527344,9374800.0
2013-10-01,63.779998779296875,65.23999786376953,63.650001525878906,64.76000213623047,16465300.0
2013-10-02,64.38999938964844,64.83000183105469,64.12999725341797,64.80000305175781,11800100.0
2013-10-03,64.52999877929688,64.6500015258789,63.400001525878906,63.79999923706055,23591100.0
2013-10-04,63.849998474121094,64.05000305175781,63.2400016784668,63.56999969482422,13296400.0
2013-10-07,63.22999954223633,64.06999969482422,63.189998626708984,63.849998474121094,7675500.0
2013-10-08,63.68000030517578,63.959999084472656,63.029998779296875,63.119998931884766,9526700.0
2013-10-09,63.18000030517578,63.61000061035156,62.9900016784668,63.099998474121094,9436400.0
2013-10-10,63.5099983215332,64.66000366210938,63.5099983215332,64.61000061035156,23726100.0
2013-10-11,64.58999633789062,65.27999877929688,64.37000274658203,65.2300033569336,11282500.0
2013-10-14,64.91000366210938,65.33000183105469,64.62999725341797,65.20999908447266,15004400.0
2013-10-15,65.0999984741211,65.44000244140625,64.81999969482422,65.0,8338500.0
2013-10-16,65.29000091552734,66.25,65.22000122070312,66.18000030517578,16177500.0
2013-10-17,65.93000030517578,67.41999816894531,65.87000274658203,67.19999694824219,19146900.0
2013-10-18,67.4800033569336,67.61000061035156,66.80000305175781,67.06999969482422,11933200.0
2013-10-21,67.0,67.08000183105469,66.45999908447266,66.72000122070312,9373400.0
2013-10-22,67.05999755859375,67.72000122070312,66.80999755859375,67.43000030517578,10465300.0
2013-10-23,67.33000183105469,67.61000061035156,67.0199966430664,67.56999969482422,13218500.0
2013-10-24,67.7300033569336,67.7300033569336,67.19000244140625,67.5199966430664,6881800.0
2013-10-25,67.73999786376953,68.25,67.5,68.18000030517578,7983500.0
2013-10-28,68.16999816894531,68.16999816894531,67.18000030517578,67.70999908447266,8219400.0
2013-10-29,67.44999694824219,67.48999786376953,66.87000274658203,67.13999938964844,8522000.0
2013-10-30,66.72000122070312,67.04000091552734,66.3499984741211,66.6500015258789,7474200.0
2013-10-31,66.72000122070312,66.86000061035156,65.86000061035156,66.16999816894531,9070700.0
2013-11-01,66.2699966430664,66.76000213623047,65.86000061035156,66.58999633789062,16618700.0
2013-11-04,66.8499984741211,66.9800033569336,66.1500015258789,66.68000030517578,4092900.0
2013-11-05,66.20999908447266,66.2699966430664,65.54000091552734,65.66999816894531,9774500.0
2013-11-06,66.01000213623047,66.19000244140625,65.55000305175781,65.66000366210938,4892000.0
2013-11-07,65.79000091552734,65.83999633789062,64.72000122070312,64.86000061035156,9769500.0
2013-11-08,64.2300033569336,64.4000015258789,63.13999938964844,63.9900016784668,17449800.0
2013-11-11,64.11000061035156,64.37000274658203,63.86000061035156,63.939998626708984,6158600.0
2013-11-12,63.900001525878906,63.900001525878906,63.2599983215332,63.720001220703125,10349700.0
2013-11-13,63.470001220703125,64.18000030517578,63.40999984741211,64.16999816894531,6905000.0
2013-11-14,64.63999938964844,65.0999984741211,64.30000305175781,64.68000030517578,7918300.0
2013-11-15,64.81999969482422,65.0,64.55000305175781,64.83999633789062,11699600.0
2013-11-18,65.05999755859375,65.05999755859375,64.36000061035156,64.38999938964844,6279000.0
2013-11-19,64.41000366210938,64.41999816894531,63.7400016784668,63.900001525878906,8551800.0
2013-11-20,63.970001220703125,64.5999984741211,63.09000015258789,63.34000015258789,10075700.0
2013-11-21,63.40999984741211,63.81999969482422,63.13999938964844,63.68000030517578,7412500.0
2013-11-22,63.849998474121094,63.849998474121094,63.18000030517578,63.4900016784668,5750500.0
2013-11-25,63.5,63.66999816894531,63.18000030517578,63.220001220703125,5823800.0
2013-11-26,63.400001525878906,63.400001525878906,63.02000045776367,63.040000915527344,6277300.0
2013-11-27,63.31999969482422,63.779998779296875,63.02000045776367,63.689998626708984,5205300.0
2013-11-29,63.689998626708984,63.849998474121094,63.04999923706055,63.099998474121094,4961700.0
2013-12-02,62.9900016784668,63.29999923706055,62.560001373291016,62.77000045776367,9128400.0
2013-12-03,62.630001068115234,62.900001525878906,62.470001220703125,62.70000076293945,7106800.0
2013-12-04,62.0,63.22999954223633,61.939998626708984,62.84000015258789,15225500.0
2013-12-05,62.68000030517578,63.060001373291016,62.34000015258789,62.90999984741211,11587100.0
2013-12-06,63.470001220703125,63.540000915527344,63.06999969482422,63.400001525878906,9929900.0
2013-12-09,63.5,63.880001068115234,63.20000076293945,63.810001373291016,9697700.0
2013-12-10,63.86000061035156,64.12000274658203,63.7599983215332,63.810001373291016,6791800.0
2013-12-11,63.810001373291016,63.810001373291016,62.34000015258789,62.43000030517578,13703100.0
2013-12-12,62.38999938964844,62.5,61.900001525878906,62.0099983215332,8008900.0
2013-12-13,62.290000915527344,62.97999954223633,62.11000061035156,62.2599983215332,5952900.0
2013-12-16,62.650001525878906,62.650001525878906,62.130001068115234,62.33000183105469,6769100.0
2013-12-17,62.33000183105469,62.83000183105469,62.13999938964844,62.65999984741211,7415100.0
2013-12-18,62.70000076293945,63.90999984741211,62.02000045776367,63.7599983215332,20907600.0
2013-12-19,63.54999923706055,63.70000076293945,62.66999816894531,62.97999954223633,12584500.0
2013-12-20,63.150001525878906,63.4900016784668,62.900001525878906,63.470001220703125,14497800.0
2013-12-23,63.279998779296875,63.36000061035156,62.90999984741211,62.970001220703125,8197500.0
2013-12-24,63.04999923706055,63.20000076293945,62.88999938964844,63.08000183105469,3641500.0
2013-12-26,63.33000183105469,63.540000915527344,62.90999984741211,63.150001525878906,4603100.0
2013-12-27,63.209999084472656,63.22999954223633,62.720001220703125,63.22999954223633,11549200.0
2013-12-30,63.209999084472656,63.43000030517578,63.11000061035156,63.279998779296875,3941800.0
2013-12-31,63.290000915527344,63.52000045776367,62.9900016784668,63.08000183105469,6767300.0
2014-01-02,63.130001068115234,63.220001220703125,62.599998474121094,62.97999954223633,10310500.0
2014-01-03,62.95000076293945,63.59000015258789,62.91999816894531,63.349998474121094,6368400.0
2014-01-06,63.47999954223633,63.869998931884766,63.27000045776367,63.61000061035156,7108000.0
2014-01-07,63.88999938964844,64.11000061035156,63.41999816894531,63.83000183105469,9676100.0
2014-01-08,63.63999938964844,63.93000030517578,63.27000045776367,63.72999954223633,9098800.0
2014-01-09,63.91999816894531,63.91999816894531,63.20000076293945,63.70000076293945,8012900.0
2014-01-10,64.30000305175781,64.69999694824219,64.0199966430664,64.45999908447266,13050800.0
2014-01-13,64.51000213623047,64.51000213623047,63.849998474121094,64.04000091552734,8248200.0
2014-01-14,64.05000305175781,64.62000274658203,64.0,64.44000244140625,5319500.0
2014-01-15,64.43000030517578,64.94999694824219,64.41999816894531,64.73999786376953,7612600.0
2014-01-16,64.68000030517578,64.95999908447266,64.68000030517578,64.88999938964844,11237800.0
2014-01-17,64.9800033569336,65.01000213623047,64.51000213623047,64.68000030517578,8539200.0
2014-01-21,64.9000015258789,65.36000061035156,64.75,65.12999725341797,10145000.0
2014-01-22,65.23999786376953,65.62000274658203,65.13999938964844,65.30000305175781,8165500.0
2014-01-23,65.12999725341797,65.38999938964844,64.5199966430664,65.2699966430664,10437200.0
2014-01-24,65.05999755859375,65.05999755859375,64.2300033569336,64.30999755859375,13019600.0
2014-01-27,64.38999938964844,64.7300033569336,63.66999816894531,63.91999816894531,11158300.0
2014-01-28,64.05000305175781,64.68000030517578,64.0199966430664,64.56999969482422,7727800.0
2014-01-29,64.18000030517578,64.55999755859375,63.91999816894531,64.2699966430664,9226100.0
2014-01-30,64.48999786376953,65.2699966430664,64.48999786376953,65.05000305175781,9384200.0
2014-01-31,64.58000183105469,65.5999984741211,64.25,65.25,12207500.0
2014-02-03,65.29000091552734,65.3499984741211,64.05999755859375,64.30000305175781,16058300.0
2014-02-04,64.43000030517578,65.08000183105469,64.12999725341797,64.97000122070312,16129900.0
2014-02-05,64.69999694824219,65.04000091552734,64.58000183105469,64.94999694824219,12270400.0
2014-02-06,65.08000183105469,65.4800033569336,65.05999755859375,65.43000030517578,10567500.0
2014-02-07,65.7300033569336,65.95999908447266,65.38999938964844,65.87000274658203,10915400.0
2014-02-10,65.95999908447266,66.62000274658203,65.69000244140625,66.47000122070312,12611400.0
2014-02-11,66.5999984741211,66.98999786376953,66.29000091552734,66.69999694824219,13250700.0
2014-02-12,66.91000366210938,66.91000366210938,66.45999908447266,66.73999786376953,6358300.0
2014-02-13,66.66999816894531,67.37000274658203,66.38999938964844,67.0,10486100.0
2014-02-14,67.0,67.41000366210938,66.97000122070312,67.2699966430664,6953700.0
2014-02-18,67.41999816894531,67.69999694824219,67.0,67.66999816894531,12370800.0
2014-02-19,67.5,68.23999786376953,67.44999694824219,67.6500015258789,13736700.0
2014-02-20,67.55999755859375,68.08999633789062,67.25,67.52999877929688,7509200.0
2014-02-21,67.66999816894531,67.87999725341797,67.19999694824219,67.63999938964844,8399400.0
2014-02-24,67.72000122070312,68.3499984741211,67.70999908447266,67.75,11196700.0
2014-02-25,67.7699966430664,68.13999938964844,67.5999984741211,67.77999877929688,6091200.0
2014-02-26,67.8499984741211,68.26000213623047,67.77999877929688,67.97000122070312,10265300.0
2014-02-27,67.9000015258789,68.26000213623047,67.61000061035156,67.9000015258789,5632900.0
2014-02-28,68.22000122070312,68.68000030517578,67.8499984741211,68.3499984741211,14613500.0
2014-03-03,67.95999908447266,68.45999908447266,67.83000183105469,68.4000015258789,11517800.0
2014-03-04,68.75,69.31999969482422,68.75,69.23999786376953,15107900.0
2014-03-05,69.23999786376953,69.33000183105469,68.5999984741211,69.1500015258789,12690500.0
2014-03-06,69.06999969482422,69.12000274658203,68.56999969482422,68.81999969482422,8717000.0
2014-03-07,68.45999908447266,68.6500015258789,67.73999786376953,68.04000091552734,14545300.0
2014-03-10,67.91999816894531,68.13999938964844,67.48999786376953,67.79000091552734,11747500.0
2014-03-11,67.83999633789062,68.31999969482422,67.79000091552734,68.16000366210938,10502200.0
2014-03-12,67.87999725341797,68.3499984741211,67.87999725341797,68.30999755859375,6888400.0
2014-03-13,68.4000015258789,68.48999786376953,67.91000366210938,68.08999633789062,9383600.0
2014-03-14,67.91000366210938,68.47000122070312,67.86000061035156,68.11000061035156,8557400.0
2014-03-17,68.48999786376953,68.69000244140625,68.0999984741211,68.22000122070312,9020200.0
2014-03-18,68.26000213623047,68.5999984741211,68.08000183105469,68.5199966430664,10663100.0
2014-03-19,68.55000305175781,68.8499984741211,67.02999877929688,67.30999755859375,16403800.0
2014-03-20,67.16000366210938,67.43000030517578,66.6500015258789,67.4000015258789,15716900.0
2014-03-21,67.58000183105469,68.1500015258789,67.5199966430664,67.94999694824219,18908000.0
2014-03-24,68.48999786376953,68.48999786376953,67.16999816894531,67.55000305175781,10919300.0
2014-03-25,67.20999908447266,67.33999633789062,66.79000091552734,67.2699966430664,10306800.0
2014-03-26,67.11000061035156,67.36000061035156,66.48999786376953,66.5199966430664,10498200.0
2014-03-27,66.5,66.9000015258789,66.25,66.83999633789062,8288600.0
2014-03-28,67.05000305175781,67.51000213623047,66.95999908447266,67.27999877929688,8326600.0
2014-03-31,67.63999938964844,67.9000015258789,67.08000183105469,67.66999816894531,8762400.0
2014-04-01,67.88999938964844,68.11000061035156,67.31999969482422,68.0999984741211,15963700.0
2014-04-02,67.87999725341797,68.18000030517578,67.73999786376953,68.11000061035156,10488700.0
2014-04-03,68.0999984741211,68.19999694824219,67.70999908447266,67.87000274658203,10216600.0
2014-04-04,68.22000122070312,68.54000091552734,67.88999938964844,68.13999938964844,12050300.0
2014-04-07,67.91999816894531,68.69999694824219,67.91000366210938,68.20999908447266,15098800.0
2014-04-08,68.16000366210938,68.66999816894531,68.04000091552734,68.58999633789062,8741500.0
2014-04-09,68.76000213623047,68.77999877929688,68.12999725341797,68.54000091552734,7283500.0
2014-04-10,68.5999984741211,68.88999938964844,67.76000213623047,67.93000030517578,8403900.0
2014-04-11,67.79000091552734,68.12000274658203,67.41000366210938,67.5199966430664,9716100.0
2014-04-14,67.69999694824219,67.95999908447266,67.37999725341797,67.7699966430664,10463400.0
2014-04-15,67.87999725341797,68.55000305175781,67.80999755859375,68.48999786376953,10085800.0
2014-04-16,68.68000030517578,69.0,68.48999786376953,68.9000015258789,9370800.0
2014-04-17,68.69999694824219,68.87999725341797,68.37999725341797,68.70999908447266,16927900.0
2014-04-21,68.81999969482422,69.0,68.58999633789062,69.0,8530200.0
2014-04-22,68.94999694824219,69.30999755859375,68.62999725341797,69.2300033569336,6935500.0
2014-04-23,69.19999694824219,69.30000305175781,68.80999755859375,69.0199966430664,4599600.0
2014-04-24,69.0999984741211,69.30999755859375,68.94999694824219,69.25,6275800.0
2014-04-25,69.0,69.26000213623047,68.81999969482422,69.01000213623047,5370400.0
2014-04-28,69.11000061035156,69.47000122070312,68.79000091552734,69.37000274658203,10062200.0
2014-04-29,69.22000122070312,69.66000366210938,69.22000122070312,69.41000366210938,4539100.0
2014-04-30,69.29000091552734,69.75,69.26000213623047,69.72000122070312,6472600.0
2014-05-01,69.72000122070312,70.30000305175781,69.33999633789062,70.26000213623047,16973700.0
2014-05-02,69.94999694824219,70.5199966430664,69.87999725341797,70.2300033569336,9439500.0
2014-05-05,69.95999908447266,70.48999786376953,69.70999908447266,70.4800033569336,12375000.0
2014-05-06,70.41000366210938,70.41000366210938,69.95999908447266,70.22000122070312,7561800.0
2014-05-07,70.37000274658203,71.08000183105469,70.27999877929688,71.04000091552734,16037200.0
2014-05-08,71.01000213623047,71.37000274658203,70.80000305175781,71.08000183105469,8538700.0
2014-05-09,70.95999908447266,71.2699966430664,70.69999694824219,71.06999969482422,5697000.0
2014-05-12,71.12999725341797,71.36000061035156,71.04000091552734,71.22000122070312,5852900.0
2014-05-13,71.0199966430664,71.7300033569336,70.75,70.80000305175781,9089000.0
2014-05-14,70.94999694824219,71.18000030517578,70.62000274658203,70.9800033569336,8881100.0
2014-05-15,70.97000122070312,70.9800033569336,70.29000091552734,70.86000061035156,19027700.0
2014-05-16,70.87999725341797,71.4000015258789,70.62000274658203,71.37999725341797,12725700.0
2014-05-19,71.27999877929688,71.30000305175781,70.80999755859375,71.12000274658203,7203000.0
2014-05-20,71.1500015258789,71.37999725341797,70.69999694824219,70.9000015258789,4401400.0
2014-05-21,70.94999694824219,71.1500015258789,70.4800033569336,70.62000274658203,6551900.0
2014-05-22,70.6500015258789,70.86000061035156,70.44000244140625,70.55999755859375,6768400.0
2014-05-23,70.63999938964844,71.0999984741211,70.62000274658203,71.08999633789062,5231400.0
2014-05-27,71.05000305175781,71.56999969482422,71.04000091552734,71.5199966430664,7870600.0
2014-05-28,71.37000274658203,71.37000274658203,70.80999755859375,71.2300033569336,7279400.0
2014-05-29,71.38999938964844,71.38999938964844,71.06999969482422,71.31999969482422,4650500.0
2014-05-30,71.22000122070312,71.75,71.20999908447266,71.66999816894531,11869100.0
2014-06-02,71.66999816894531,71.94000244140625,71.51000213623047,71.80000305175781,8329500.0
2014-06-03,71.69000244140625,71.76000213623047,71.4800033569336,71.70999908447266,4321300.0
2014-06-04,71.7300033569336,71.95999908447266,71.44999694824219,71.77999877929688,14897800.0
2014-06-05,71.75,72.9800033569336,71.68000030517578,72.9000015258789,19628800.0
2014-06-06,73.12999725341797,73.16000366210938,72.58000183105469,72.75,7067900.0
2014-06-09,72.63999938964844,72.94000244140625,71.88999938964844,71.97000122070312,8543900.0
2014-06-10,71.80000305175781,72.02999877929688,71.27999877929688,71.5999984741211,14633400.0
2014-06-11,71.43000030517578,71.58999633789062,70.98999786376953,71.30999755859375,11071200.0
2014-06-12,71.20999908447266,71.31999969482422,70.61000061035156,71.0999984741211,11311100.0
2014-06-13,71.23999786376953,71.36000061035156,70.61000061035156,71.27999877929688,5871800.0
2014-06-16,71.16000366210938,71.43000030517578,70.80000305175781,70.91999816894531,11354100.0
2014-06-17,70.80000305175781,71.12000274658203,70.61000061035156,71.0,5946000.0
2014-06-18,70.94000244140625,71.5999984741211,70.70999908447266,71.44000244140625,12276900.0
2014-06-19,71.4800033569336,71.98999786376953,71.37999725341797,71.98999786376953,8030000.0
2014-06-20,71.69999694824219,72.29000091552734,71.58000183105469,72.23999786376953,9347500.0
2014-06-23,72.23999786376953,72.48999786376953,72.02999877929688,72.06999969482422,7420400.0
2014-06-24,71.44999694824219,71.75,71.30000305175781,71.5,6881800.0
2014-06-25,71.48999786376953,71.63999938964844,71.27999877929688,71.5,7041800.0
2014-06-26,71.43000030517578,71.55000305175781,71.22000122070312,71.41999816894531,5258500.0
2014-06-27,71.26000213623047,71.9000015258789,71.26000213623047,71.8499984741211,6817900.0
2014-06-30,71.91999816894531,72.06999969482422,71.31999969482422,71.79000091552734,8877300.0
2014-07-01,71.7300033569336,72.18000030517578,71.58999633789062,71.97000122070312,7629500.0
2014-07-02,71.9800033569336,72.0,71.5,71.88999938964844,8719400.0
2014-07-03,71.5,71.69000244140625,71.22000122070312,71.55000305175781,5647500.0
2014-07-07,71.4800033569336,71.79000091552734,71.44999694824219,71.62000274658203,9888700.0
2014-07-08,71.5199966430664,72.02999877929688,71.48999786376953,71.83999633789062,9211300.0
2014-07-09,71.79000091552734,72.11000061035156,71.5199966430664,72.0,6034300.0
2014-07-10,71.66999816894531,72.44000244140625,71.58000183105469,72.2300033569336,9408700.0
2014-07-11,72.19999694824219,72.3499984741211,71.97000122070312,72.27999877929688,4181600.0
2014-07-14,72.36000061035156,72.63999938964844,72.1500015258789,72.61000061035156,11197000.0
2014-07-15,72.5199966430664,72.76000213623047,72.26000213623047,72.58999633789062,5842900.0
2014-07-16,72.76000213623047,72.88999938964844,72.41999816894531,72.86000061035156,14368800.0
2014-07-17,72.77999877929688,72.81999969482422,72.33999633789062,72.43000030517578,7140300.0
2014-07-18,72.62999725341797,73.13999938964844,72.44000244140625,73.06999969482422,9755300.0
2014-07-21,72.95999908447266,73.0,72.69000244140625,72.86000061035156,4800800.0
2014-07-22,73.08999633789062,73.30000305175781,73.0,73.16999816894531,7678700.0
2014-07-23,73.23999786376953,73.4000015258789,73.06999969482422,73.33000183105469,5012100.0
2014-07-24,73.4800033569336,73.51000213623047,72.94000244140625,73.13999938964844,7350400.0
2014-07-25,73.13999938964844,73.22000122070312,72.66000366210938,72.7300033569336,7043100.0
2014-07-28,72.76000213623047,73.36000061035156,72.75,73.16999816894531,7385900.0
2014-07-29,73.20999908447266,73.23999786376953,72.77999877929688,72.83000183105469,5042400.0
2014-07-30,72.58999633789062,73.27999877929688,72.37000274658203,72.76000213623047,10712100.0
2014-07-31,72.26000213623047,72.62000274658203,71.70999908447266,71.70999908447266,15782800.0
2014-08-01,71.5999984741211,72.26000213623047,71.5199966430664,71.56999969482422,14631500.0
2014-08-04,71.55999755859375,72.16000366210938,71.30000305175781,72.0,8981900.0
2014-08-05,71.75,71.9800033569336,71.19999694824219,71.36000061035156,15723600.0
2014-08-06,70.88999938964844,71.77999877929688,70.83999633789062,71.48999786376953,9586500.0
2014-08-07,71.68000030517578,71.94999694824219,71.47000122070312,71.5999984741211,6944400.0
2014-08-08,71.88999938964844,72.16999816894531,71.5199966430664,72.13999938964844,6750200.0
2014-08-11,72.25,72.73999786376953,72.16999816894531,72.54000091552734,9721300.0
2014-08-12,72.47000122070312,72.66000366210938,72.22000122070312,72.33000183105469,3882900.0
2014-08-13,72.44999694824219,73.2300033569336,72.44999694824219,73.2300033569336,5739400.0
2014-08-14,73.19999694824219,73.5,73.06999969482422,73.20999908447266,6522600.0
2014-08-15,73.45999908447266,73.62000274658203,73.02999877929688,73.27999877929688,9707600.0
2014-08-18,73.58000183105469,73.95999908447266,73.4800033569336,73.95999908447266,15038000.0
2014-08-19,74.12000274658203,74.2300033569336,73.87999725341797,74.0199966430664,7827000.0
2014-08-20,74.08000183105469,74.45999908447266,73.68000030517578,74.37999725341797,15038100.0
2014-08-21,74.4800033569336,74.69000244140625,74.30999755859375,74.30999755859375,4645100.0
2014-08-22,74.4000015258789,74.4000015258789,73.61000061035156,73.80999755859375,8299600.0
2014-08-25,74.12000274658203,74.19000244140625,73.47000122070312,73.77999877929688,7306100.0
2014-08-26,73.77999877929688,74.02999877929688,73.69999694824219,73.77999877929688,3133800.0
2014-08-27,73.94000244140625,74.08000183105469,73.7300033569336,73.9000015258789,2845500.0
2014-08-28,73.88999938964844,74.01000213623047,73.63999938964844,73.83000183105469,4091100.0
2014-08-29,73.9800033569336,74.19999694824219,73.80000305175781,74.19999694824219,6178900.0
2014-09-02,74.05000305175781,74.33000183105469,74.0,74.23999786376953,5386100.0
2014-09-03,74.2300033569336,74.47000122070312,74.08000183105469,74.26000213623047,8656900.0
2014-09-04,74.25,74.54000091552734,73.8499984741211,74.12000274658203,10887000.0
2014-09-05,74.25,74.87999725341797,74.11000061035156,74.81999969482422,13249500.0
2014-09-08,74.83000183105469,74.94999694824219,74.5199966430664,74.69000244140625,8470200.0
2014-09-09,74.48999786376953,74.68000030517578,74.1500015258789,74.29000091552734,7008100.0
2014-09-10,74.0199966430664,74.06999969482422,73.19000244140625,73.26000213623047,14574000.0
2014-09-11,73.20999908447266,73.47000122070312,72.98999786376953,73.3499984741211,6952900.0
2014-09-12,72.87000274658203,72.95999908447266,70.86000061035156,71.23999786376953,26111300.0
2014-09-15,71.27999877929688,71.55999755859375,70.66000366210938,70.94999694824219,10270100.0
2014-09-16,70.95999908447266,71.69999694824219,70.91999816894531,71.4800033569336,12545200.0
2014-09-17,71.73999786376953,72.0999984741211,71.37000274658203,71.43000030517578,18717900.0
2014-09-18,71.58000183105469,71.6500015258789,70.77999877929688,70.91000366210938,14133700.0
2014-09-19,71.08999633789062,71.27999877929688,70.75,70.94999694824219,12906500.0
2014-09-22,70.87999725341797,70.9000015258789,70.31999969482422,70.31999969482422,16170500.0
2014-09-23,70.29000091552734,70.63999938964844,69.88999938964844,69.91999816894531,8117200.0
2014-09-24,69.26000213623047,69.91000366210938,69.0,69.22000122070312,14179000.0
2014-09-25,69.2300033569336,69.2699966430664,68.61000061035156,68.87999725341797,13587200.0
2014-09-26,68.77999877929688,69.7300033569336,68.58999633789062,69.63999938964844,11235300.0
2014-09-29,69.05999755859375,69.62000274658203,68.88999938964844,69.62000274658203,10652300.0
2014-09-30,69.56999969482422,69.7300033569336,69.0999984741211,69.19999694824219,13406000.0
2014-10-01,69.18000030517578,69.6500015258789,68.94000244140625,69.23999786376953,15034400.0
2014-10-02,69.13999938964844,69.55999755859375,68.66000366210938,69.12999725341797,11962700.0
2014-10-03,69.26000213623047,69.7300033569336,69.02999877929688,69.5999984741211,6240600.0
2014-10-06,69.58999633789062,70.06999969482422,69.54000091552734,69.69000244140625,11312400.0
2014-10-07,69.5999984741211,69.94999694824219,69.2300033569336,69.27999877929688,9329100.0
2014-10-08,69.2699966430664,70.62000274658203,69.2699966430664,70.5999984741211,13191700.0
2014-10-09,70.41000366210938,71.33000183105469,70.41000366210938,70.51000213623047,18339100.0
2014-10-10,70.69000244140625,71.33999633789062,70.37999725341797,70.41000366210938,11216900.0
2014-10-13,70.54000091552734,71.08999633789062,70.2300033569336,70.29000091552734,10469700.0
2014-10-14,70.75,71.86000061035156,70.5999984741211,71.3499984741211,15145100.0
2014-10-15,71.16000366210938,71.61000061035156,70.2300033569336,70.8499984741211,16837100.0
2014-10-16,70.51000213623047,71.33000183105469,70.11000061035156,71.04000091552734,19074200.0
2014-10-17,71.79000091552734,71.79000091552734,70.79000091552734,71.4000015258789,10453600.0
2014-10-20,71.37999725341797,72.43000030517578,71.27999877929688,72.41999816894531,12469500.0
2014-10-21,72.6500015258789,73.20999908447266,72.33999633789062,73.11000061035156,8566600.0
2014-10-22,73.18000030517578,73.62999725341797,73.0199966430664,73.08000183105469,20312600.0
2014-10-23,73.2699966430664,73.80999755859375,73.1500015258789,73.62999725341797,7534300.0
2014-10-24,73.61000061035156,73.91000366210938,73.20999908447266,73.66000366210938,6597300.0
2014-10-27,73.58000183105469,74.12000274658203,73.51000213623047,74.0999984741211,9239800.0
2014-10-28,73.83000183105469,74.3499984741211,73.55000305175781,74.33999633789062,5225400.0
2014-10-29,74.18000030517578,74.30999755859375,73.25,73.79000091552734,17115000.0
2014-10-30,73.55999755859375,74.5,73.55999755859375,74.41999816894531,9237500.0
2014-10-31,74.62999725341797,75.16999816894531,74.52999877929688,74.9800033569336,11739400.0
2014-11-03,74.9800033569336,75.5999984741211,74.91999816894531,75.55999755859375,12949400.0
2014-11-04,75.55000305175781,75.69999694824219,74.94000244140625,75.6500015258789,9954600.0
2014-11-05,75.73999786376953,75.9800033569336,75.19000244140625,75.6500015258789,15315300.0
2014-11-06,75.61000061035156,76.0,75.13999938964844,75.33000183105469,9263600.0
2014-11-07,75.43000030517578,75.55000305175781,74.91000366210938,75.2699966430664,11903100.0
2014-11-10,74.75,75.68000030517578,74.75,75.61000061035156,5578800.0
2014-11-11,75.63999938964844,75.87000274658203,75.08999633789062,75.41999816894531,4006400.0
2014-11-12,75.41999816894531,75.47000122070312,74.81999969482422,75.02999877929688,6982900.0
2014-11-13,75.19999694824219,75.55999755859375,75.08000183105469,75.33000183105469,4929900.0
2014-11-14,75.33999633789062,75.4800033569336,74.72000122070312,74.87000274658203,10126800.0
2014-11-17,74.80999755859375,75.26000213623047,74.80999755859375,75.1500015258789,5108100.0
2014-11-18,75.2300033569336,75.63999938964844,75.05999755859375,75.51000213623047,8649400.0
2014-11-19,75.45999908447266,75.54000091552734,75.0,75.04000091552734,6087700.0
2014-11-20,74.83999633789062,75.25,74.61000061035156,75.25,5225700.0
2014-11-21,75.88999938964844,75.88999938964844,75.51000213623047,75.80000305175781,11642100.0
2014-11-24,76.05999755859375,76.22000122070312,75.87999725341797,76.0199966430664,6410800.0
2014-11-25,76.16000366210938,76.37999725341797,75.91000366210938,76.2300033569336,5977200.0
2014-11-26,76.37999725341797,76.8499984741211,76.26000213623047,76.80000305175781,24093400.0
2014-11-28,76.66000366210938,77.72000122070312,76.62000274658203,77.0199966430664,6364800.0
2014-12-01,76.9000015258789,77.33999633789062,76.30000305175781,76.73999786376953,6441100.0
2014-12-02,76.58000183105469,77.0999984741211,76.16999816894531,77.01000213623047,8923600.0
2014-12-03,77.02999877929688,77.13999938964844,76.75,76.94000244140625,6650400.0
2014-12-04,77.08000183105469,77.12999725341797,76.52999877929688,77.05999755859375,11707200.0
2014-12-05,76.62999725341797,76.83999633789062,76.13999938964844,76.66000366210938,18115200.0
2014-12-08,76.62999725341797,77.41999816894531,76.44000244140625,77.0,13087400.0
2014-12-09,76.63999938964844,77.41999816894531,76.44999694824219,77.26000213623047,8587200.0
2014-12-10,76.9800033569336,77.37999725341797,76.76000213623047,77.08000183105469,8776700.0
2014-12-11,77.05000305175781,77.47000122070312,77.05000305175781,77.1500015258789,11043400.0
2014-12-12,77.0199966430664,77.36000061035156,76.43000030517578,76.44999694824219,12861800.0
2014-12-15,76.62000274658203,76.86000061035156,75.43000030517578,75.55000305175781,10420800.0
2014-12-16,75.6500015258789,75.97000122070312,74.91999816894531,75.19999694824219,14201200.0
2014-12-17,75.45999908447266,76.9000015258789,75.3499984741211,76.87999725341797,18752800.0
2014-12-18,77.20999908447266,77.56999969482422,76.9000015258789,77.56999969482422,14002900.0
2014-12-19,77.44999694824219,77.9800033569336,77.31999969482422,77.7300033569336,9311400.0
2014-12-22,77.69999694824219,79.01000213623047,77.6500015258789,79.01000213623047,15917300.0
2014-12-23,79.0199966430664,79.12999725341797,78.44999694824219,78.61000061035156,9392600.0
2014-12-24,77.97000122070312,78.26000213623047,77.43000030517578,77.4800033569336,4057500.0
2014-12-26,77.6500015258789,77.97000122070312,77.62999725341797,77.77999877929688,2903000.0
2014-12-29,77.69999694824219,78.44000244140625,77.4800033569336,78.12000274658203,3913300.0
2014-12-30,77.88999938964844,78.41000366210938,77.83000183105469,78.04000091552734,7674500.0
2014-12-31,78.26000213623047,78.62000274658203,76.76000213623047,76.83999633789062,9269300.0
2015-01-02,77.47000122070312,77.94000244140625,77.08000183105469,77.79000091552734,12872400.0
2015-01-05,77.58999633789062,78.22000122070312,77.44000244140625,78.05000305175781,17764500.0
2015-01-06,78.2300033569336,78.93000030517578,78.1500015258789,78.62000274658203,12123800.0
2015-01-07,78.6500015258789,79.80999755859375,78.48999786376953,79.63999938964844,10974600.0
2015-01-08,79.83999633789062,80.2699966430664,79.47000122070312,80.08999633789062,10114600.0
2015-01-09,80.1500015258789,80.43000030517578,79.61000061035156,80.12000274658203,7466600.0
2015-01-12,80.23999786376953,80.62999725341797,80.0,80.55999755859375,7158000.0
2015-01-13,80.68000030517578,81.02999877929688,79.88999938964844,80.3499984741211,12015700.0
2015-01-14,79.9800033569336,80.9000015258789,79.81999969482422,80.87999725341797,10170100.0
2015-01-15,81.16999816894531,81.2300033569336,80.58000183105469,80.98999786376953,12157200.0
2015-01-16,80.9000015258789,81.79000091552734,80.7300033569336,81.68000030517578,12006100.0
2015-01-20,81.9000015258789,82.05999755859375,80.80999755859375,81.04000091552734,14678600.0
2015-01-21,80.9800033569336,81.05000305175781,80.63999938964844,80.91999816894531,6809800.0
2015-01-22,81.26000213623047,82.55999755859375,81.1500015258789,82.5,10640200.0
2015-01-23,82.44999694824219,82.76000213623047,82.1500015258789,82.33000183105469,5036800.0
2015-01-26,82.37000274658203,83.16000366210938,82.12999725341797,83.13999938964844,8672500.0
2015-01-27,82.83999633789062,83.33000183105469,82.69999694824219,83.02999877929688,4193200.0
2015-01-28,83.20999908447266,83.54000091552734,82.41999816894531,82.44000244140625,12341600.0
2015-01-29,82.7300033569336,82.7300033569336,81.80999755859375,82.58000183105469,6878100.0
2015-01-30,82.56999969482422,82.56999969482422,81.16999816894531,81.2300033569336,10085200.0
2015-02-02,81.26000213623047,81.2699966430664,79.55999755859375,80.97000122070312,24404900.0
2015-02-03,80.72000122070312,81.80000305175781,80.54000091552734,81.72000122070312,9988800.0
2015-02-04,81.48999786376953,81.80000305175781,81.05999755859375,81.4800033569336,7781900.0
2015-02-05,81.55999755859375,82.41000366210938,81.43000030517578,82.33000183105469,10348300.0
2015-02-06,82.0999984741211,82.12999725341797,79.8499984741211,80.16000366210938,16536500.0
2015-02-09,80.05999755859375,80.55000305175781,79.75,79.77999877929688,8727900.0
2015-02-10,79.83999633789062,80.20999908447266,79.19999694824219,80.05999755859375,9174000.0
2015-02-11,80.06999969482422,80.43000030517578,79.33999633789062,79.88999938964844,7335800.0
2015-02-12,80.5,80.80999755859375,79.80000305175781,80.75,9485200.0
2015-02-13,80.79000091552734,81.0,79.9000015258789,80.30999755859375,8445900.0
2015-02-17,80.08000183105469,80.9800033569336,79.95999908447266,80.08000183105469,12515100.0
2015-02-18,80.2699966430664,80.87000274658203,79.58000183105469,80.76000213623047,14340800.0
2015-02-19,80.08000183105469,80.6500015258789,79.11000061035156,79.22000122070312,12481500.0
2015-02-20,79.69000244140625,80.1500015258789,79.12999725341797,79.94999694824219,11002900.0
2015-02-23,80.26000213623047,80.62000274658203,79.9000015258789,80.58000183105469,13375200.0
2015-02-24,80.08000183105469,80.12999725341797,78.77999877929688,79.05999755859375,20628500.0
2015-02-25,78.97000122070312,79.97000122070312,78.94000244140625,79.2300033569336,10763300.0
2015-02-26,78.95999908447266,79.2699966430664,78.37000274658203,78.55999755859375,9507800.0
2015-02-27,78.5999984741211,79.2300033569336,78.30000305175781,79.12000274658203,8342300.0
2015-03-02,79.13999938964844,80.22000122070312,79.13999938964844,79.43000030517578,14633600.0
2015-03-03,79.11000061035156,79.41999816894531,78.66999816894531,79.22000122070312,9993100.0
2015-03-04,79.23999786376953,79.33000183105469,78.44000244140625,78.55999755859375,8349000.0
2015-03-05,78.79000091552734,79.48999786376953,78.75,78.81999969482422,10928000.0
2015-03-06,77.70999908447266,77.83999633789062,76.33000183105469,76.41999816894531,20520000.0
2015-03-09,76.94000244140625,77.19000244140625,76.69999694824219,77.0999984741211,9657400.0
2015-03-10,76.81999969482422,77.18000030517578,76.66000366210938,76.72000122070312,12492000.0
2015-03-11,76.88999938964844,77.11000061035156,76.56999969482422,76.83000183105469,8404700.0
2015-03-12,77.25,78.1500015258789,77.16999816894531,78.0999984741211,8212300.0
2015-03-13,78.02999877929688,78.16000366210938,77.4000015258789,77.80999755859375,6949400.0
2015-03-16,78.1500015258789,79.05000305175781,78.1500015258789,78.66000366210938,7447800.0
2015-03-17,78.62000274658203,78.94000244140625,78.22000122070312,78.58999633789062,9367700.0
2015-03-18,78.56999969482422,80.44000244140625,78.20999908447266,80.13999938964844,18583800.0
2015-03-19,80.06999969482422,80.55000305175781,79.81999969482422,80.0199966430664,11850700.0
2015-03-20,80.54000091552734,82.04000091552734,80.30000305175781,81.95999908447266,17722200.0
2015-03-23,81.9000015258789,82.41000366210938,81.66999816894531,81.83999633789062,7329000.0
2015-03-24,81.55000305175781,81.80999755859375,81.13999938964844,81.18000030517578,12777500.0
2015-03-25,80.7300033569336,80.94999694824219,79.02999877929688,79.19000244140625,15304100.0
2015-03-26,78.95999908447266,79.19000244140625,78.52999877929688,78.73999786376953,10719700.0
2015-03-27,78.98999786376953,79.30999755859375,78.68000030517578,79.01000213623047,7485200.0
2015-03-30,79.66999816894531,80.02999877929688,79.0999984741211,79.9000015258789,11187600.0
2015-03-31,79.37000274658203,80.19999694824219,79.18000030517578,79.31999969482422,7088100.0
2015-04-01,79.19000244140625,79.72000122070312,78.70999908447266,79.30999755859375,11385800.0
2015-04-02,79.06999969482422,80.08000183105469,79.06999969482422,79.83999633789062,9028100.0
2015-04-06,80.20999908447266,80.81999969482422,79.95999908447266,80.63999938964844,10547300.0
2015-04-07,80.88999938964844,80.88999938964844,79.33000183105469,79.33000183105469,9165700.0
2015-04-08,79.4000015258789,79.69000244140625,79.22000122070312,79.55000305175781,5823400.0
2015-04-09,79.45999908447266,79.45999908447266,77.98999786376953,78.1500015258789,10568000.0
2015-04-10,78.63999938964844,78.93000030517578,77.86000061035156,78.0999984741211,8593000.0
2015-04-13,78.22000122070312,78.4000015258789,77.83999633789062,77.87999725341797,7430900.0
2015-04-14,78.16999816894531,78.43000030517578,77.87000274658203,78.04000091552734,5267000.0
2015-04-15,78.33000183105469,78.33000183105469,77.56999969482422,77.58000183105469,9424600.0
2015-04-16,77.37000274658203,78.13999938964844,77.16000366210938,77.9000015258789,7173900.0
2015-04-17,77.5,77.9800033569336,77.02999877929688,77.48999786376953,10724100.0
2015-04-20,77.88999938964844,78.0,77.37000274658203,77.58999633789062,10799100.0
2015-04-21,77.80000305175781,78.16999816894531,77.5,77.6500015258789,8797900.0
2015-04-22,77.80000305175781,78.12999725341797,77.61000061035156,77.87999725341797,5737300.0
2015-04-23,77.73999786376953,78.19000244140625,77.66000366210938,78.0199966430664,5199300.0
2015-04-24,78.13999938964844,78.58999633789062,77.87999725341797,78.1500015258789,4576400.0
2015-04-27,78.30999755859375,78.7300033569336,77.8499984741211,77.94000244140625,9280800.0
2015-04-28,78.18000030517578,78.19999694824219,77.47000122070312,77.91999816894531,5714900.0
2015-04-29,77.01000213623047,77.55999755859375,76.2699966430664,76.38999938964844,11455400.0
2015-04-30,76.33999633789062,76.3499984741211,75.0199966430664,75.5,17918700.0
2015-05-01,75.43000030517578,76.37999725341797,75.33000183105469,75.9000015258789,21746800.0
2015-05-04,76.26000213623047,76.63999938964844,75.94000244140625,76.0999984741211,14824500.0
2015-05-05,75.9000015258789,75.9000015258789,74.33999633789062,74.43000030517578,11862900.0
2015-05-06,74.44999694824219,74.69000244140625,73.88999938964844,74.2300033569336,12904800.0
2015-05-07,74.51000213623047,75.58000183105469,74.33999633789062,75.20999908447266,16791000.0
2015-05-08,76.33999633789062,77.20999908447266,76.19000244140625,76.36000061035156,13075500.0
2015-05-11,76.13999938964844,76.5,75.05999755859375,75.25,13330800.0
2015-05-12,74.83999633789062,75.66999816894531,74.2699966430664,75.47000122070312,11913400.0
2015-05-13,76.0,76.22000122070312,74.69000244140625,74.83999633789062,12145200.0
2015-05-14,75.27999877929688,76.2300033569336,75.22000122070312,76.19999694824219,7909700.0
2015-05-15,76.54000091552734,77.05999755859375,76.26000213623047,76.83000183105469,13163300.0
2015-05-18,76.6500015258789,76.83000183105469,76.31999969482422,76.5999984741211,7063100.0
2015-05-19,76.06999969482422,76.94999694824219,76.06999969482422,76.5,8381900.0
2015-05-20,76.55000305175781,76.9000015258789,76.33000183105469,76.33999633789062,8277000.0
2015-05-21,76.38999938964844,76.51000213623047,75.70999908447266,75.98999786376953,5536800.0
2015-05-22,75.95999908447266,76.4000015258789,75.55000305175781,76.01000213623047,4251100.0
2015-05-26,76.37999725341797,76.37999725341797,75.26000213623047,75.55000305175781,6393800.0
2015-05-27,75.7699966430664,76.2699966430664,75.44000244140625,76.12000274658203,5962500.0
2015-05-28,76.20999908447266,76.30000305175781,75.66000366210938,76.06999969482422,7022300.0
2015-05-29,75.97000122070312,76.1500015258789,75.1500015258789,75.25,15271600.0
2015-06-01,75.44999694824219,76.16999816894531,75.13999938964844,75.9800033569336,8459900.0
2015-06-02,75.72000122070312,75.77999877929688,75.1500015258789,75.36000061035156,9112700.0
2015-06-03,75.29000091552734,75.4000015258789,74.31999969482422,74.44999694824219,11585400.0
2015-06-04,74.3499984741211,74.7300033569336,74.16000366210938,74.37999725341797,8710300.0
2015-06-05,73.19999694824219,74.05000305175781,73.16999816894531,73.4800033569336,17844800.0
2015-06-08,73.63999938964844,73.70999908447266,73.23999786376953,73.33000183105469,7176200.0
2015-06-09,73.30000305175781,73.48999786376953,72.73999786376953,72.80000305175781,7886200.0
2015-06-10,72.69999694824219,73.94999694824219,72.66999816894531,73.31999969482422,12669800.0
2015-06-11,73.9000015258789,74.08000183105469,73.68000030517578,73.9000015258789,8347600.0
2015-06-12,73.79000091552734,74.06999969482422,73.62999725341797,73.76000213623047,4892600.0
2015-06-15,73.68000030517578,73.79000091552734,73.22000122070312,73.37999725341797,5062100.0
2015-06-16,73.58000183105469,74.08000183105469,73.33999633789062,74.0,5015000.0
2015-06-17,73.94999694824219,74.62000274658203,73.5,74.45999908447266,15038300.0
2015-06-18,74.5,75.80999755859375,74.48999786376953,75.48999786376953,13450000.0
2015-06-19,75.43000030517578,75.5,74.79000091552734,75.0,11366700.0
2015-06-22,74.80000305175781,75.30999755859375,74.25,74.26000213623047,9208800.0
2015-06-23,74.05000305175781,74.2300033569336,73.66000366210938,73.9000015258789,10518500.0
2015-06-24,73.27999877929688,73.47000122070312,72.7699966430664,72.83000183105469,7574800.0
2015-06-25,72.76000213623047,72.8499984741211,72.11000061035156,72.13999938964844,10651800.0
2015-06-26,72.05000305175781,72.68000030517578,71.8499984741211,72.48999786376953,9671100.0
2015-06-29,72.51000213623047,72.9000015258789,71.29000091552734,71.33000183105469,7226300.0
2015-06-30,71.8499984741211,72.0,71.23999786376953,71.30000305175781,13702600.0
2015-07-01,71.27999877929688,72.41000366210938,71.06999969482422,72.38999938964844,10856300.0
2015-07-02,72.79000091552734,73.38999938964844,72.47000122070312,72.55000305175781,7691800.0
2015-07-06,72.33000183105469,73.04000091552734,72.13999938964844,72.87999725341797,11054900.0
2015-07-07,73.44999694824219,74.1500015258789,73.19000244140625,74.0,12555400.0
2015-07-08,73.66999816894531,73.9800033569336,73.43000030517578,73.61000061035156,7358500.0
2015-07-09,73.86000061035156,74.05999755859375,73.08000183105469,73.26000213623047,8497100.0
2015-07-10,73.41999816894531,74.27999877929688,73.37000274658203,73.7699966430664,12232300.0
2015-07-13,73.91000366210938,74.69000244140625,73.58999633789062,73.87999725341797,9096300.0
2015-07-14,73.95999908447266,74.3499984741211,73.7300033569336,74.08000183105469,5039200.0
2015-07-15,73.80000305175781,74.37999725341797,73.7699966430664,74.1500015258789,5691900.0
2015-07-16,74.62999725341797,74.80999755859375,74.33999633789062,74.68000030517578,6128500.0
2015-07-17,74.9000015258789,74.9000015258789,74.18000030517578,74.38999938964844,11760900.0
2015-07-20,74.44000244140625,74.68000030517578,74.05000305175781,74.5199966430664,4780500.0
2015-07-21,74.44999694824219,74.83999633789062,74.25,74.25,5816200.0
2015-07-22,74.41000366210938,74.80999755859375,74.27999877929688,74.45999908447266,6674800.0
2015-07-23,74.56999969482422,74.61000061035156,73.48999786376953,73.93000030517578,8558000.0
2015-07-24,73.95999908447266,74.27999877929688,73.69999694824219,73.94999694824219,5632000.0
2015-07-27,74.05000305175781,74.5,73.9000015258789,74.11000061035156,6326100.0
2015-07-28,73.94000244140625,74.4800033569336,73.94000244140625,74.25,6276000.0
2015-07-29,74.29000091552734,74.77999877929688,73.80000305175781,74.62999725341797,7111000.0
2015-07-30,74.30999755859375,74.63999938964844,74.12000274658203,74.3499984741211,6573800.0
2015-07-31,74.98999786376953,75.37999725341797,74.69999694824219,74.83000183105469,10817000.0
2015-08-03,74.83999633789062,75.26000213623047,74.76000213623047,75.19999694824219,6576300.0
2015-08-04,75.06999969482422,75.58000183105469,74.63999938964844,74.80999755859375,11675200.0
2015-08-05,75.0,75.08999633789062,74.22000122070312,74.48999786376953,19488200.0
2015-08-06,74.4800033569336,74.62999725341797,73.44000244140625,74.48999786376953,12177900.0
2015-08-07,74.41000366210938,74.87999725341797,73.94999694824219,74.75,8922300.0
2015-08-10,75.01000213623047,75.16000366210938,74.44000244140625,74.76000213623047,6650700.0
2015-08-11,74.69000244140625,75.4800033569336,74.47000122070312,75.26000213623047,15118000.0
2015-08-12,74.98999786376953,75.41999816894531,74.51000213623047,75.37000274658203,9449200.0
2015-08-13,75.33999633789062,75.83999633789062,74.7300033569336,75.5199966430664,6766300.0
2015-08-14,75.37999725341797,76.0,75.0999984741211,75.94999694824219,6172000.0
2015-08-17,75.94999694824219,76.55000305175781,75.63999938964844,76.5199966430664,13312500.0
2015-08-18,76.26000213623047,76.69000244140625,76.20999908447266,76.58000183105469,7646100.0
2015-08-19,76.30999755859375,76.5199966430664,75.7300033569336,76.16000366210938,12455500.0
2015-08-20,75.73999786376953,76.05000305175781,75.43000030517578,75.56999969482422,10035600.0
2015-08-21,75.13999938964844,75.43000030517578,74.01000213623047,74.08999633789062,15775300.0
2015-08-24,71.7699966430664,72.91000366210938,70.38999938964844,70.62999725341797,30430400.0
2015-08-25,72.23999786376953,72.25,68.77999877929688,68.8499984741211,19250300.0
2015-08-26,69.52999877929688,70.7699966430664,69.1500015258789,70.56999969482422,15152900.0
2015-08-27,71.38999938964844,72.55000305175781,70.73999786376953,71.98999786376953,12395800.0
2015-08-28,71.80000305175781,72.06999969482422,71.4800033569336,71.91000366210938,8457300.0
2015-08-31,71.87000274658203,71.94000244140625,70.4800033569336,70.4800033569336,10548700.0
2015-09-01,69.77999877929688,70.0999984741211,68.69000244140625,69.13999938964844,12235700.0
2015-09-02,69.79000091552734,70.04000091552734,69.22000122070312,69.87999725341797,8836800.0
2015-09-03,69.80999755859375,70.54000091552734,69.7699966430664,70.0199966430664,8479800.0
2015-09-04,69.52999877929688,69.63999938964844,68.27999877929688,68.69000244140625,11283100.0
2015-09-08,68.94999694824219,69.94000244140625,68.94999694824219,69.7300033569336,11894600.0
2015-09-09,70.29000091552734,70.56999969482422,68.77999877929688,68.87999725341797,9367600.0
2015-09-10,68.69999694824219,69.6500015258789,68.69999694824219,68.95999908447266,8826100.0
2015-09-11,69.19999694824219,70.12000274658203,68.83000183105469,70.08999633789062,8895200.0
2015-09-14,70.30000305175781,70.30999755859375,69.88999938964844,70.05000305175781,6123800.0
2015-09-15,70.06999969482422,70.8499984741211,69.68000030517578,70.63999938964844,7419200.0
2015-09-16,70.5999984741211,71.69999694824219,70.58999633789062,71.55000305175781,6440100.0
2015-09-17,71.55999755859375,73.4800033569336,71.19999694824219,72.25,23255500.0
2015-09-18,71.48999786376953,72.88999938964844,71.27999877929688,72.01000213623047,15598900.0
2015-09-21,72.04000091552734,72.94999694824219,72.04000091552734,72.63999938964844,12965300.0
2015-09-22,72.23999786376953,72.4000015258789,71.4800033569336,71.68000030517578,7487300.0
2015-09-23,72.0199966430664,72.38999938964844,71.54000091552734,72.01000213623047,6846100.0
2015-09-24,71.91999816894531,72.18000030517578,70.97000122070312,71.3499984741211,9862500.0
2015-09-25,70.98999786376953,71.55999755859375,70.62999725341797,71.04000091552734,8098200.0
2015-09-28,70.79000091552734,70.87999725341797,69.30000305175781,69.76000213623047,11976500.0
2015-09-29,69.77999877929688,70.63999938964844,69.62999725341797,70.25,10142100.0
2015-09-30,70.7699966430664,71.05000305175781,70.31999969482422,70.94999694824219,9887100.0
2015-10-01,71.05999755859375,71.37000274658203,70.54000091552734,71.27999877929688,8296500.0
2015-10-02,71.54000091552734,71.9000015258789,70.55000305175781,71.9000015258789,12667900.0
2015-10-05,72.0199966430664,73.29000091552734,71.9800033569336,73.19000244140625,6663000.0
2015-10-06,73.20999908447266,73.51000213623047,72.86000061035156,73.01000213623047,4900900.0
2015-10-07,73.45999908447266,73.76000213623047,73.04000091552734,73.72000122070312,6780200.0
2015-10-08,73.62999725341797,74.44999694824219,73.41999816894531,74.33000183105469,8343400.0
2015-10-09,74.61000061035156,74.69999694824219,73.88999938964844,74.25,5761900.0
2015-10-12,74.29000091552734,74.91999816894531,74.11000061035156,74.6500015258789,5143600.0
2015-10-13,74.3499984741211,74.69000244140625,73.93000030517578,74.0999984741211,8391100.0
2015-10-14,74.2300033569336,74.3499984741211,73.44000244140625,73.62000274658203,8572800.0
2015-10-15,73.77999877929688,74.5,73.66999816894531,74.45999908447266,5692000.0
2015-10-16,74.56999969482422,75.16999816894531,74.54000091552734,75.05999755859375,5913700.0
2015-10-19,75.02999877929688,75.98999786376953,74.87999725341797,75.94999694824219,7806700.0
2015-10-20,75.55999755859375,76.16999816894531,75.55999755859375,76.04000091552734,10961400.0
2015-10-21,76.05000305175781,76.33999633789062,75.6500015258789,75.7699966430664,5887900.0
2015-10-22,75.88999938964844,76.7699966430664,75.7699966430664,76.5999984741211,8893900.0
2015-10-23,76.9800033569336,77.0,75.44000244140625,75.9000015258789,8063000.0
2015-10-26,75.95999908447266,76.0999984741211,75.31999969482422,75.88999938964844,6239000.0
2015-10-27,75.68000030517578,75.91999816894531,75.30000305175781,75.69999694824219,9751800.0
2015-10-28,75.73999786376953,76.36000061035156,74.6500015258789,75.98999786376953,16084400.0
2015-10-29,75.66999816894531,76.05999755859375,75.41999816894531,75.91000366210938,7657800.0
2015-10-30,75.91999816894531,76.12999725341797,75.2699966430664,75.36000061035156,9418500.0
2015-11-02,75.41999816894531,77.04000091552734,75.3499984741211,77.02999877929688,20538100.0
2015-11-03,76.75,76.7699966430664,76.01000213623047,76.2699966430664,7607300.0
2015-11-04,76.19999694824219,76.4800033569336,75.73999786376953,75.94000244140625,7163700.0
2015-11-05,75.94999694824219,76.22000122070312,75.45999908447266,76.16000366210938,8065900.0
2015-11-06,74.9800033569336,75.3499984741211,73.51000213623047,73.9800033569336,23851000.0
2015-11-09,73.38999938964844,73.70999908447266,72.4800033569336,72.9800033569336,13643800.0
2015-11-10,73.02999877929688,73.80000305175781,72.9800033569336,73.6500015258789,9734500.0
2015-11-11,73.66999816894531,74.08000183105469,73.48999786376953,73.73999786376953,4765400.0
2015-11-12,73.6500015258789,73.87000274658203,73.12000274658203,73.20999908447266,6101900.0
2015-11-13,73.38999938964844,73.61000061035156,72.43000030517578,72.44000244140625,11693000.0
2015-11-16,72.30000305175781,73.30999755859375,72.30000305175781,73.29000091552734,7639900.0
2015-11-17,73.19000244140625,73.95999908447266,72.95999908447266,73.33000183105469,9096300.0
2015-11-18,73.58999633789062,74.16999816894531,73.12000274658203,74.11000061035156,8297800.0
2015-11-19,74.27999877929688,74.62000274658203,74.0199966430664,74.31999969482422,6543000.0
2015-11-20,74.38999938964844,75.16999816894531,74.37999725341797,75.08000183105469,7804800.0
2015-11-23,75.08000183105469,75.51000213623047,74.95999908447266,75.20999908447266,5148700.0
2015-11-24,75.30999755859375,75.30999755859375,74.25,74.83999633789062,9755400.0
2015-11-25,74.91000366210938,75.27999877929688,74.83999633789062,75.08999633789062,4324400.0
2015-11-27,74.91000366210938,75.91000366210938,74.91000366210938,75.69000244140625,3255300.0
2015-11-30,75.80000305175781,76.08000183105469,74.98999786376953,75.20999908447266,12528300.0
2015-12-01,75.5,76.20999908447266,75.16999816894531,76.13999938964844,9098100.0
2015-12-02,75.80999755859375,76.04000091552734,74.62000274658203,74.69999694824219,8035600.0
2015-12-03,74.52999877929688,74.66000366210938,73.4000015258789,73.5999984741211,14229900.0
2015-12-04,73.79000091552734,75.05999755859375,73.5999984741211,74.83000183105469,9648400.0
2015-12-07,74.72000122070312,75.0,74.3499984741211,74.62999725341797,9785600.0
2015-12-08,74.30000305175781,74.76000213623047,74.0999984741211,74.44999694824219,9961000.0
2015-12-09,74.04000091552734,74.8499984741211,73.66000366210938,73.98999786376953,13820000.0
2015-12-10,73.91000366210938,74.33999633789062,73.48999786376953,73.56999969482422,6709400.0
2015-12-11,73.27999877929688,73.62999725341797,72.80000305175781,73.2300033569336,10311100.0
2015-12-14,72.93000030517578,73.72000122070312,72.61000061035156,73.45999908447266,13501300.0
2015-12-15,73.91000366210938,74.62000274658203,73.7699966430664,74.2699966430664,10914100.0
2015-12-16,74.56999969482422,75.87000274658203,74.5,75.7300033569336,15076200.0
2015-12-17,75.9000015258789,75.9000015258789,75.0999984741211,75.36000061035156,9570800.0
2015-12-18,75.1500015258789,75.4000015258789,74.37000274658203,74.4000015258789,14399200.0
2015-12-21,74.91000366210938,75.11000061035156,74.36000061035156,74.77999877929688,9353700.0
2015-12-22,75.13999938964844,75.5,74.87999725341797,75.08999633789062,8286600.0
2015-12-23,75.18000030517578,75.97000122070312,75.13999938964844,75.94000244140625,7034200.0
2015-12-24,74.97000122070312,75.23999786376953,74.61000061035156,75.0,3726600.0
2015-12-28,74.75,75.31999969482422,74.56999969482422,75.22000122070312,6272800.0
2015-12-29,75.48999786376953,76.08999633789062,75.41000366210938,75.98999786376953,5219300.0
2015-12-30,76.05000305175781,76.12999725341797,75.56999969482422,75.6500015258789,4516300.0
2015-12-31,75.76000213623047,75.8499984741211,74.9800033569336,75.08000183105469,7588400.0
2016-01-04,74.70999908447266,74.70999908447266,73.56999969482422,74.3499984741211,14761900.0
2016-01-05,74.33000183105469,75.77999877929688,74.23999786376953,75.56999969482422,11206900.0
2016-01-06,74.94999694824219,75.44000244140625,74.83000183105469,75.31999969482422,11334600.0
2016-01-07,74.2300033569336,74.63999938964844,73.62000274658203,73.63999938964844,11830900.0
2016-01-08,74.22000122070312,74.31999969482422,72.63999938964844,72.7699966430664,10708700.0
2016-01-11,73.05999755859375,73.44999694824219,72.77999877929688,73.05999755859375,9585300.0
2016-01-12,73.5199966430664,73.62999725341797,72.16000366210938,72.55000305175781,10253000.0
2016-01-13,72.88999938964844,73.30999755859375,71.30999755859375,71.44999694824219,11502400.0
2016-01-14,71.41000366210938,72.0,70.80999755859375,71.3499984741211,10981100.0
2016-01-15,70.48999786376953,70.80999755859375,69.87000274658203,70.54000091552734,14280200.0
2016-01-19,70.66000366210938,71.47000122070312,70.52999877929688,70.75,15626800.0
2016-01-20,70.0,70.2300033569336,67.33000183105469,68.87000274658203,21693100.0
2016-01-21,69.0999984741211,70.31999969482422,68.69000244140625,69.33000183105469,13935300.0
2016-01-22,70.1500015258789,71.55000305175781,69.93000030517578,71.25,12986400.0
2016-01-25,71.06999969482422,71.7300033569336,70.5,70.55000305175781,10029600.0
2016-01-26,70.93000030517578,72.08999633789062,70.91000366210938,72.05999755859375,9312900.0
2016-01-27,71.94000244140625,71.94000244140625,70.41999816894531,70.94000244140625,11347200.0
2016-01-28,71.27999877929688,71.54000091552734,70.19000244140625,70.47000122070312,13330300.0
2016-01-29,70.7300033569336,72.01000213623047,70.41000366210938,72.0,16413000.0
2016-02-01,71.69999694824219,72.5999984741211,71.31999969482422,72.01000213623047,17044700.0
2016-02-02,71.62000274658203,71.91999816894531,70.91999816894531,71.25,10321700.0
2016-02-03,71.72000122070312,71.87999725341797,70.5999984741211,71.5999984741211,9725600.0
2016-02-04,71.22000122070312,72.08000183105469,70.95999908447266,71.68000030517578,6837700.0
2016-02-05,71.30999755859375,71.45999908447266,70.02999877929688,70.06999969482422,11681100.0
2016-02-08,69.30000305175781,69.76000213623047,67.05000305175781,68.01000213623047,14662000.0
2016-02-09,67.1500015258789,67.5999984741211,66.33999633789062,66.91000366210938,13482200.0
2016-02-10,67.16999816894531,68.20999908447266,67.0999984741211,67.26000213623047,9704500.0
2016-02-11,66.2699966430664,66.70999908447266,65.87999725341797,66.2699966430664,12573300.0
2016-02-12,66.87999725341797,67.27999877929688,66.54000091552734,67.12999725341797,9710500.0
2016-02-16,67.56999969482422,68.47000122070312,67.43000030517578,68.41999816894531,7284800.0
2016-02-17,68.75,69.75,68.56999969482422,69.04000091552734,8160800.0
2016-02-18,69.05999755859375,69.88999938964844,68.8499984741211,69.69999694824219,7608200.0
2016-02-19,69.44000244140625,70.19999694824219,69.13999938964844,69.8499984741211,7120900.0
2016-02-22,70.30999755859375,71.08000183105469,70.30000305175781,70.66000366210938,9057300.0
2016-02-23,70.33000183105469,71.19000244140625,70.33000183105469,70.48999786376953,4253300.0
2016-02-24,70.20999908447266,70.69999694824219,69.73999786376953,70.5199966430664,5452000.0
2016-02-25,70.88999938964844,71.83999633789062,70.72000122070312,71.80000305175781,6773800.0
2016-02-26,71.5,72.13999938964844,71.5,71.58000183105469,6575400.0
2016-02-29,71.47000122070312,72.36000061035156,71.30999755859375,71.45999908447266,8193700.0
2016-03-01,71.76000213623047,73.4000015258789,71.75,73.31999969482422,15292900.0
2016-03-02,72.7699966430664,73.87999725341797,72.76000213623047,73.87999725341797,6681000.0
2016-03-03,73.91000366210938,74.30000305175781,73.56999969482422,74.25,6396600.0
2016-03-04,74.0199966430664,74.58000183105469,73.9000015258789,74.44999694824219,5268100.0
2016-03-07,74.08999633789062,74.7699966430664,73.95999908447266,74.58999633789062,8084200.0
2016-03-08,75.02999877929688,75.02999877929688,73.70999908447266,73.81999969482422,7102900.0
2016-03-09,73.94000244140625,74.5,73.83999633789062,74.12000274658203,3474800.0
2016-03-10,74.58000183105469,74.81999969482422,73.11000061035156,73.93000030517578,8688600.0
2016-03-11,74.72000122070312,75.69999694824219,74.5,75.68000030517578,9317600.0
2016-03-14,75.43000030517578,75.66999816894531,75.1500015258789,75.58000183105469,5224000.0
2016-03-15,75.19000244140625,75.72000122070312,75.05999755859375,75.55999755859375,7123500.0
2016-03-16,75.43000030517578,76.62000274658203,75.12000274658203,76.5199966430664,8958600.0
2016-03-17,76.69000244140625,77.7699966430664,76.37000274658203,77.58999633789062,9731000.0
2016-03-18,77.81999969482422,77.93000030517578,77.26000213623047,77.29000091552734,7792700.0
2016-03-21,77.0,77.44999694824219,76.66000366210938,76.79000091552734,7313800.0
2016-03-22,76.54000091552734,76.98999786376953,76.33000183105469,76.80999755859375,9185800.0
2016-03-23,75.93000030517578,76.0199966430664,75.36000061035156,75.37000274658203,5198900.0
2016-03-24,75.08999633789062,75.4800033569336,74.72000122070312,75.43000030517578,5752000.0
2016-03-28,75.58000183105469,76.20999908447266,75.37000274658203,76.01000213623047,6314800.0
2016-03-29,76.37999725341797,77.55000305175781,75.81999969482422,77.5199966430664,9814900.0
2016-03-30,77.80000305175781,77.9000015258789,77.33999633789062,77.4000015258789,5648100.0
2016-03-31,77.33000183105469,77.95999908447266,77.26000213623047,77.86000061035156,5861100.0
2016-04-01,77.51000213623047,78.04000091552734,77.30999755859375,77.91000366210938,11121200.0
2016-04-04,77.94000244140625,78.0999984741211,77.54000091552734,77.80000305175781,6863400.0
2016-04-05,77.37999725341797,77.62999725341797,77.12999725341797,77.36000061035156,10308600.0
2016-04-06,77.29000091552734,77.62999725341797,76.91000366210938,77.55000305175781,5611900.0
2016-04-07,77.27999877929688,77.55000305175781,76.75,77.12999725341797,7933200.0
2016-04-08,77.44000244140625,77.87000274658203,77.4000015258789,77.56999969482422,6670700.0
2016-04-11,77.66999816894531,77.9800033569336,77.44000244140625,77.47000122070312,7993500.0
2016-04-12,77.6500015258789,78.1500015258789,77.44000244140625,78.0,8600300.0
2016-04-13,78.19999694824219,78.27999877929688,77.54000091552734,77.81999969482422,7197600.0
2016-04-14,77.62999725341797,77.77999877929688,77.18000030517578,77.31999969482422,5550200.0
2016-04-15,77.5,78.0199966430664,77.26000213623047,77.83000183105469,6525900.0
2016-04-18,77.73999786376953,78.19999694824219,77.61000061035156,78.16000366210938,6580800.0
2016-04-19,78.30000305175781,78.36000061035156,77.91999816894531,78.23999786376953,5342000.0
2016-04-20,77.95999908447266,78.26000213623047,77.08000183105469,77.13999938964844,11451500.0
2016-04-21,76.86000061035156,77.22000122070312,75.62000274658203,75.83000183105469,12773600.0
2016-04-22,76.19000244140625,76.79000091552734,76.0,76.63999938964844,6374100.0
2016-04-25,76.33000183105469,77.13999938964844,76.33000183105469,77.12000274658203,5130500.0
2016-04-26,77.30000305175781,77.80000305175781,77.1500015258789,77.4000015258789,6329600.0
2016-04-27,77.36000061035156,77.55999755859375,76.62000274658203,77.37999725341797,7181800.0
2016-04-28,76.8499984741211,77.68000030517578,76.8499984741211,77.19999694824219,6160000.0
2016-04-29,76.58000183105469,77.01000213623047,75.81999969482422,76.55999755859375,11074600.0
2016-05-02,76.26000213623047,77.7699966430664,76.19999694824219,77.58000183105469,10588200.0
2016-05-03,77.38999938964844,77.48999786376953,76.86000061035156,77.41000366210938,5919500.0
2016-05-04,76.88999938964844,78.61000061035156,76.88999938964844,78.44999694824219,10523700.0
2016-05-05,78.26000213623047,78.8499984741211,78.25,78.75,6963000.0
2016-05-06,78.6500015258789,79.55000305175781,78.30999755859375,79.5199966430664,9213600.0
2016-05-09,79.66999816894531,80.30000305175781,79.58999633789062,80.16000366210938,8998700.0
2016-05-10,80.5,80.52999877929688,79.9800033569336,80.30999755859375,7216700.0
2016-05-11,80.20999908447266,80.23999786376953,78.62999725341797,78.87999725341797,11123200.0
2016-05-12,78.94999694824219,79.52999877929688,78.44000244140625,79.2699966430664,6421300.0
2016-05-13,78.98999786376953,79.05000305175781,78.19000244140625,78.62999725341797,7285200.0
2016-05-16,78.55999755859375,79.5199966430664,78.44999694824219,79.25,6116200.0
2016-05-17,78.97000122070312,79.02999877929688,77.5999984741211,78.05000305175781,12037900.0
2016-05-18,77.6500015258789,77.8499984741211,76.06999969482422,76.95999908447266,13805000.0
2016-05-19,76.5,76.55999755859375,75.7300033569336,76.12999725341797,9722400.0
2016-05-20,76.0999984741211,76.83999633789062,76.0999984741211,76.73999786376953,8651100.0
2016-05-23,76.87000274658203,77.08000183105469,76.61000061035156,76.80999755859375,7270900.0
2016-05-24,77.19000244140625,77.76000213623047,77.19000244140625,77.7300033569336,8501300.0
2016-05-25,77.97000122070312,77.98999786376953,77.12000274658203,77.8499984741211,6782800.0
2016-05-26,77.58999633789062,78.13999938964844,77.51000213623047,77.9000015258789,7101200.0
2016-05-27,77.94000244140625,78.58000183105469,77.9000015258789,78.23999786376953,5950900.0
2016-05-31,78.26000213623047,78.5,77.79000091552734,78.25,9922800.0
2016-06-01,77.97000122070312,78.44000244140625,77.76000213623047,78.30000305175781,13566800.0
2016-06-02,78.2699966430664,78.7300033569336,77.93000030517578,78.72000122070312,6953900.0
2016-06-03,79.5999984741211,79.75,78.0,78.95999908447266,10328700.0
2016-06-06,79.08000183105469,79.22000122070312,78.1500015258789,78.47000122070312,11093200.0
2016-06-07,78.58999633789062,79.20999908447266,78.58999633789062,78.94999694824219,5535500.0
2016-06-08,78.76000213623047,79.41000366210938,78.69000244140625,79.37000274658203,5825100.0
2016-06-09,79.22000122070312,79.56999969482422,79.06999969482422,79.48999786376953,5074600.0
2016-06-10,79.30000305175781,79.4000015258789,78.93000030517578,79.0999984741211,7315500.0
2016-06-13,79.04000091552734,79.66000366210938,78.9000015258789,79.04000091552734,6856200.0
2016-06-14,78.94999694824219,79.16000366210938,78.41000366210938,78.61000061035156,5850100.0
2016-06-15,78.70999908447266,79.62999725341797,78.66999816894531,79.33000183105469,6816000.0
2016-06-16,79.12999725341797,79.77999877929688,78.81999969482422,79.7300033569336,6448500.0
2016-06-17,79.66000366210938,79.75,79.05000305175781,79.61000061035156,9294500.0
2016-06-20,79.88999938964844,80.63999938964844,79.69000244140625,79.76000213623047,10090800.0
2016-06-21,79.30000305175781,79.5999984741211,79.08000183105469,79.37000274658203,6669500.0
2016-06-22,79.45999908447266,79.55999755859375,79.0999984741211,79.33000183105469,6439100.0
2016-06-23,79.5199966430664,80.0,79.5199966430664,79.86000061035156,4847800.0
2016-06-24,78.69999694824219,79.75,77.83999633789062,78.88999938964844,14430400.0
2016-06-27,78.62999725341797,78.8499984741211,77.66999816894531,78.73999786376953,10629600.0
2016-06-28,79.30000305175781,80.45999908447266,79.01000213623047,80.44999694824219,10328500.0
2016-06-29,80.81999969482422,81.5999984741211,80.81999969482422,81.4800033569336,11383600.0
2016-06-30,81.5999984741211,82.38999938964844,81.02999877929688,82.38999938964844,10251600.0
2016-07-01,82.72000122070312,82.94999694824219,82.0999984741211,82.33000183105469,12802500.0
2016-07-05,82.30000305175781,83.19999694824219,82.23999786376953,82.95999908447266,9271300.0
2016-07-06,82.80000305175781,82.97000122070312,82.19999694824219,82.66000366210938,9176100.0
2016-07-07,82.5,82.52999877929688,81.58999633789062,81.93000030517578,8439900.0
2016-07-08,82.38999938964844,83.23999786376953,82.27999877929688,83.13999938964844,6783200.0
2016-07-11,83.37999725341797,83.86000061035156,82.80000305175781,83.73999786376953,7621300.0
2016-07-12,83.30999755859375,83.88999938964844,83.19000244140625,83.83999633789062,10153600.0
2016-07-13,84.0,84.19999694824219,83.6500015258789,84.19000244140625,8052000.0
2016-07-14,83.91999816894531,84.08999633789062,83.4000015258789,83.56999969482422,8967100.0
2016-07-15,83.16000366210938,83.69999694824219,83.06999969482422,83.63999938964844,8375800.0
2016-07-18,83.62999725341797,83.86000061035156,83.52999877929688,83.8499984741211,4564400.0
2016-07-19,83.9000015258789,84.2300033569336,83.45999908447266,84.2300033569336,6164200.0
2016-07-20,84.22000122070312,84.27999877929688,83.93000030517578,84.20999908447266,5427200.0
2016-07-21,83.9800033569336,84.41000366210938,83.72000122070312,84.33000183105469,6274800.0
2016-07-22,84.08999633789062,85.2699966430664,84.08999633789062,85.02999877929688,6486700.0
2016-07-25,85.0999984741211,85.58999633789062,84.58999633789062,84.94999694824219,3462900.0
2016-07-26,84.83000183105469,85.0,84.33000183105469,84.55999755859375,3788700.0
2016-07-27,84.3499984741211,84.45999908447266,83.2699966430664,83.95999908447266,6644900.0
2016-07-28,83.9000015258789,84.8499984741211,83.5999984741211,84.58000183105469,5188800.0
2016-07-29,84.7699966430664,85.80000305175781,84.41000366210938,85.4000015258789,8250700.0
2016-08-01,85.5,85.79000091552734,85.31999969482422,85.69999694824219,6392100.0
2016-08-02,85.44000244140625,85.73999786376953,84.30000305175781,84.4000015258789,9270700.0
2016-08-03,84.4000015258789,84.55999755859375,83.62999725341797,84.04000091552734,6842100.0
2016-08-04,83.93000030517578,84.20999908447266,83.58999633789062,83.83999633789062,6382100.0
2016-08-05,83.80000305175781,84.11000061035156,83.52999877929688,83.94999694824219,8833000.0
2016-08-08,83.87000274658203,84.38999938964844,83.73999786376953,84.02999877929688,6819900.0
2016-08-09,83.95999908447266,84.3499984741211,83.55000305175781,84.33999633789062,5204300.0
2016-08-10,84.22000122070312,84.7300033569336,84.0199966430664,84.2300033569336,6626300.0
2016-08-11,84.2699966430664,84.31999969482422,83.08000183105469,83.43000030517578,7592300.0
2016-08-12,83.95999908447266,84.37999725341797,83.55000305175781,83.66000366210938,6637800.0
2016-08-15,83.51000213623047,84.08000183105469,83.51000213623047,83.5999984741211,5101600.0
2016-08-16,83.38999938964844,83.48999786376953,82.51000213623047,82.62000274658203,6807700.0
2016-08-17,82.79000091552734,82.9800033569336,81.94999694824219,82.86000061035156,10686600.0
2016-08-18,82.93000030517578,83.13999938964844,82.20999908447266,82.62000274658203,5918300.0
2016-08-19,82.1500015258789,82.52999877929688,81.80000305175781,82.0199966430664,6538000.0
2016-08-22,82.19000244140625,82.51000213623047,82.0199966430664,82.44000244140625,6701200.0
2016-08-23,82.95999908447266,82.98999786376953,82.56999969482422,82.62000274658203,4882500.0
2016-08-24,82.63999938964844,82.72000122070312,81.91999816894531,82.22000122070312,4554400.0
2016-08-25,82.11000061035156,83.05999755859375,82.11000061035156,82.5199966430664,5365800.0
2016-08-26,82.58999633789062,83.19999694824219,81.23999786376953,81.75,11479500.0
2016-08-29,82.63999938964844,82.77999877929688,81.91999816894531,82.5199966430664,4256900.0
2016-08-30,82.5999984741211,82.70999908447266,81.80000305175781,82.37999725341797,5068800.0
2016-08-31,82.37999725341797,82.73999786376953,82.08000183105469,82.54000091552734,6967000.0
2016-09-01,82.4800033569336,82.63999938964844,81.94999694824219,82.4000015258789,9000400.0
2016-09-02,82.66999816894531,83.9000015258789,82.63999938964844,83.05999755859375,7591700.0
2016-09-06,83.16000366210938,83.70999908447266,82.77999877929688,83.6500015258789,9714000.0
2016-09-07,83.7699966430664,84.2300033569336,83.37000274658203,84.12999725341797,7966300.0
2016-09-08,83.83000183105469,83.98999786376953,83.13999938964844,83.16999816894531,6694900.0
2016-09-09,81.86000061035156,82.11000061035156,79.86000061035156,79.86000061035156,17349400.0
2016-09-12,79.51000213623047,81.19000244140625,79.51000213623047,80.83000183105469,13320200.0
2016-09-13,80.33999633789062,80.4800033569336,78.66999816894531,78.86000061035156,14340900.0
2016-09-14,79.02999877929688,79.5999984741211,78.81999969482422,79.0999984741211,7384300.0
2016-09-15,79.05999755859375,79.62000274658203,78.68000030517578,79.45999908447266,7345700.0
2016-09-16,79.22000122070312,79.5,78.9000015258789,79.37999725341797,10133700.0
2016-09-19,79.6500015258789,80.20999908447266,79.5999984741211,80.12999725341797,6199200.0
2016-09-20,80.75,80.75,79.97000122070312,80.0,7847700.0
2016-09-21,80.12999725341797,81.12000274658203,79.12999725341797,80.91999816894531,12499400.0
2016-09-22,81.70999908447266,82.55000305175781,81.66000366210938,82.48999786376953,10324100.0
2016-09-23,82.3499984741211,84.36000061035156,81.63999938964844,82.69999694824219,9020800.0
2016-09-26,81.80000305175781,82.30999755859375,81.5199966430664,82.0999984741211,5762100.0
2016-09-27,82.30999755859375,82.37999725341797,81.27999877929688,81.45999908447266,6379700.0
2016-09-28,81.61000061035156,82.02999877929688,81.26000213623047,81.91000366210938,4672900.0
2016-09-29,81.66999816894531,81.87000274658203,80.72000122070312,81.02999877929688,7136000.0
2016-09-30,81.51000213623047,81.7699966430664,80.56999969482422,80.63999938964844,9896500.0
2016-10-03,80.2300033569336,80.33999633789062,79.08000183105469,79.18000030517578,15512600.0
2016-10-04,79.25,79.25,77.6500015258789,78.04000091552734,11730800.0
2016-10-05,78.25,78.58999633789062,76.5,76.52999877929688,15890000.0
2016-10-06,76.3499984741211,77.18000030517578,75.5999984741211,76.66000366210938,13203300.0
2016-10-07,77.1500015258789,77.80999755859375,76.13999938964844,76.55000305175781,10976900.0
2016-10-10,76.61000061035156,77.27999877929688,76.61000061035156,77.0,5210400.0
2016-10-11,76.83000183105469,77.0199966430664,76.05999755859375,76.2300033569336,8292700.0
2016-10-12,76.47000122070312,77.33000183105469,76.06999969482422,77.26000213623047,4880700.0
2016-10-13,77.04000091552734,77.88999938964844,76.7300033569336,77.69000244140625,9980300.0
2016-10-14,77.5199966430664,78.29000091552734,77.30999755859375,77.43000030517578,9223800.0
2016-10-17,77.5999984741211,78.02999877929688,77.5,77.52999877929688,5460800.0
2016-10-18,77.9800033569336,78.5,77.79000091552734,78.05999755859375,4949300.0
2016-10-19,78.0999984741211,78.38999938964844,77.68000030517578,78.38999938964844,4842900.0
2016-10-20,78.26000213623047,78.5999984741211,77.66999816894531,78.08999633789062,3795600.0
2016-10-21,77.62000274658203,78.08999633789062,77.43000030517578,77.98999786376953,4456500.0
2016-10-24,78.23999786376953,78.91999816894531,77.88999938964844,78.19999694824219,5336500.0
2016-10-25,78.04000091552734,78.16999816894531,77.7300033569336,78.05000305175781,3609000.0
2016-10-26,77.66000366210938,77.80999755859375,76.66999816894531,77.13999938964844,8385500.0
2016-10-27,76.98999786376953,77.0,75.16999816894531,75.37000274658203,12575200.0
2016-10-28,75.37000274658203,76.12000274658203,75.26000213623047,75.5199966430664,7028400.0
2016-10-31,75.94999694824219,76.70999908447266,75.52999877929688,76.63999938964844,9920800.0
2016-11-01,76.23999786376953,76.30999755859375,74.73999786376953,74.94999694824219,13173300.0
2016-11-02,74.87999725341797,75.01000213623047,73.88999938964844,73.98999786376953,11959300.0
2016-11-03,74.02999877929688,74.1500015258789,73.44000244140625,73.55999755859375,8040500.0
2016-11-04,73.55000305175781,74.2300033569336,73.36000061035156,73.94999694824219,9855600.0
2016-11-07,74.6500015258789,75.26000213623047,74.62999725341797,75.16000366210938,12150900.0
2016-11-08,75.13999938964844,75.83000183105469,74.93000030517578,75.62000274658203,6871400.0
2016-11-09,73.9000015258789,74.8499984741211,73.05000305175781,74.22000122070312,18535400.0
2016-11-10,74.02999877929688,74.16999816894531,72.11000061035156,72.87000274658203,26429700.0
2016-11-11,72.79000091552734,74.0199966430664,72.69999694824219,73.26000213623047,10174200.0
2016-11-14,73.0,74.7699966430664,72.5199966430664,74.5,19173600.0
2016-11-15,74.88999938964844,75.37000274658203,73.73999786376953,74.2300033569336,10743900.0
2016-11-16,74.0999984741211,74.4800033569336,73.61000061035156,74.06999969482422,7474500.0
2016-11-17,73.9800033569336,74.56999969482422,73.43000030517578,73.45999908447266,10301400.0
2016-11-18,73.63999938964844,73.94000244140625,73.29000091552734,73.68000030517578,6874900.0
2016-11-21,74.01000213623047,74.51000213623047,73.58000183105469,73.69000244140625,8475000.0
2016-11-22,73.91999816894531,74.98999786376953,73.86000061035156,74.94999694824219,7707100.0
2016-11-23,74.05000305175781,74.66999816894531,73.9800033569336,74.54000091552734,8504000.0
2016-11-25,74.55999755859375,75.30000305175781,74.55999755859375,74.91999816894531,3487600.0
2016-11-28,74.88999938964844,75.69000244140625,74.87999725341797,75.18000030517578,7222300.0
2016-11-29,75.2699966430664,76.12000274658203,75.19999694824219,75.80000305175781,7662400.0
2016-11-30,75.16999816894531,75.47000122070312,74.61000061035156,74.8499984741211,10068900.0
2016-12-01,74.29000091552734,74.68000030517578,73.38999938964844,73.66999816894531,12051600.0
2016-12-02,74.0999984741211,75.13999938964844,74.0999984741211,74.44999694824219,7779600.0
2016-12-05,74.5999984741211,75.1500015258789,74.33000183105469,75.04000091552734,9684400.0
2016-12-06,75.22000122070312,75.81999969482422,75.0,75.5199966430664,7492700.0
2016-12-07,75.55000305175781,77.05000305175781,75.48999786376953,76.98999786376953,10029900.0
2016-12-08,76.38999938964844,77.62999725341797,76.38999938964844,77.37999725341797,8365300.0
2016-12-09,77.37999725341797,77.98999786376953,77.20999908447266,77.31999969482422,7254700.0
2016-12-12,77.16999816894531,77.86000061035156,77.01000213623047,77.80000305175781,11162600.0
2016-12-13,78.12000274658203,78.22000122070312,77.30999755859375,77.80000305175781,10695500.0
2016-12-14,77.88999938964844,78.06999969482422,76.13999938964844,76.36000061035156,15504300.0
2016-12-15,76.3499984741211,76.66999816894531,75.56999969482422,75.79000091552734,10382200.0
2016-12-16,76.04000091552734,77.25,76.04000091552734,76.80000305175781,9811600.0
2016-12-19,77.19999694824219,77.8499984741211,77.12999725341797,77.6500015258789,10510500.0
2016-12-20,77.62000274658203,78.4000015258789,77.30000305175781,77.79000091552734,6843800.0
2016-12-21,76.7699966430664,77.18000030517578,75.72000122070312,75.7699966430664,8885800.0
2016-12-22,75.51000213623047,75.7300033569336,74.97000122070312,75.62999725341797,4245100.0
2016-12-23,75.81999969482422,75.87000274658203,75.5,75.83000183105469,2930900.0
2016-12-27,76.04000091552734,76.12999725341797,75.62000274658203,75.91999816894531,2740000.0
2016-12-28,76.0999984741211,76.0999984741211,75.16000366210938,75.47000122070312,5386600.0
2016-12-29,75.6500015258789,76.41999816894531,75.33999633789062,76.22000122070312,5736200.0
2016-12-30,76.33000183105469,77.08999633789062,75.95999908447266,76.94000244140625,5978900.0
2017-01-03,77.13999938964844,77.31999969482422,76.68000030517578,77.25,6305100.0
2017-01-04,77.2300033569336,78.44999694824219,77.2300033569336,78.30999755859375,10804600.0
2017-01-05,77.80999755859375,78.62999725341797,77.41999816894531,78.58000183105469,9419600.0
2017-01-06,78.08999633789062,78.83000183105469,78.08999633789062,78.41000366210938,6768300.0
2017-01-09,78.61000061035156,78.72000122070312,77.80999755859375,77.88999938964844,6589400.0
2017-01-10,77.86000061035156,77.97000122070312,77.12999725341797,77.16000366210938,7720800.0
2017-01-11,77.1500015258789,77.37999725341797,76.7699966430664,76.83000183105469,8190600.0
2017-01-12,76.8499984741211,77.19999694824219,76.20999908447266,77.18000030517578,9531700.0
2017-01-13,77.12999725341797,77.47000122070312,76.81999969482422,77.0999984741211,5200100.0
2017-01-17,77.36000061035156,77.69000244140625,77.20999908447266,77.62000274658203,6829200.0
2017-01-18,77.62000274658203,78.01000213623047,77.48999786376953,77.75,5592200.0
2017-01-19,77.33000183105469,77.5199966430664,76.79000091552734,76.94000244140625,9277900.0
2017-01-20,76.94999694824219,77.48999786376953,76.8499984741211,77.43000030517578,7716600.0
2017-01-23,77.44999694824219,78.16000366210938,77.3499984741211,78.0199966430664,5135900.0
2017-01-24,77.98999786376953,78.37999725341797,77.7300033569336,78.19999694824219,6270200.0
2017-01-25,78.05000305175781,78.43000030517578,77.55999755859375,77.77999877929688,7830000.0
2017-01-26,77.86000061035156,78.19999694824219,77.56999969482422,77.69999694824219,5819700.0
2017-01-27,77.83999633789062,77.9800033569336,76.69999694824219,76.97000122070312,5415400.0
2017-01-30,76.80000305175781,76.8499984741211,76.2300033569336,76.44000244140625,5317900.0
2017-01-31,76.12999725341797,77.4000015258789,76.08000183105469,77.04000091552734,7263300.0
2017-02-01,76.88999938964844,77.43000030517578,76.11000061035156,76.12999725341797,9419400.0
2017-02-02,76.23999786376953,77.08000183105469,76.20999908447266,76.9800033569336,7063000.0
2017-02-03,77.41000366210938,77.8499984741211,77.2300033569336,77.5,7572100.0
2017-02-06,77.69000244140625,77.69999694824219,77.12000274658203,77.23999786376953,6787300.0
2017-02-07,77.47000122070312,77.61000061035156,77.01000213623047,77.12999725341797,4041100.0
2017-02-08,77.44999694824219,77.80999755859375,77.11000061035156,77.69000244140625,7792200.0
2017-02-09,77.73999786376953,78.02999877929688,77.61000061035156,77.93000030517578,3932800.0
2017-02-10,77.79000091552734,78.56999969482422,77.73999786376953,78.52999877929688,6092000.0
2017-02-13,78.6500015258789,78.91999816894531,78.29000091552734,78.79000091552734,6678900.0
2017-02-14,78.58999633789062,78.63999938964844,77.77999877929688,78.3499984741211,8255300.0
2017-02-15,77.93000030517578,78.33999633789062,77.5,78.27999877929688,10263200.0
2017-02-16,78.3499984741211,79.12000274658203,78.12999725341797,78.6500015258789,8259900.0
2017-02-17,78.81999969482422,78.93000030517578,78.2699966430664,78.77999877929688,6812900.0
2017-02-21,78.66000366210938,79.83000183105469,78.36000061035156,79.7699966430664,8555800.0
2017-02-22,79.80999755859375,80.05999755859375,79.16000366210938,79.56999969482422,8049000.0
2017-02-23,79.8499984741211,80.0199966430664,79.29000091552734,79.91000366210938,7428300.0
2017-02-24,79.87999725341797,80.37999725341797,79.52999877929688,80.30999755859375,6302100.0
2017-02-27,80.47000122070312,81.0199966430664,80.30999755859375,80.7300033569336,5330300.0
2017-02-28,80.72000122070312,80.7300033569336,80.19999694824219,80.41000366210938,6795400.0
2017-03-01,80.0,80.55000305175781,79.7699966430664,80.16000366210938,10800600.0
2017-03-02,79.98999786376953,80.12000274658203,79.61000061035156,79.83000183105469,5007200.0
2017-03-03,79.69000244140625,79.81999969482422,78.87999725341797,79.63999938964844,7677600.0
2017-03-06,79.4000015258789,79.58999633789062,78.9000015258789,79.2699966430664,9243900.0
2017-03-07,79.16000366210938,79.2300033569336,78.5999984741211,78.93000030517578,4543200.0
2017-03-08,78.62000274658203,78.6500015258789,77.61000061035156,77.72000122070312,9504200.0
2017-03-09,77.66999816894531,77.98999786376953,76.48999786376953,76.7300033569336,8785000.0
2017-03-10,77.06999969482422,77.62999725341797,76.19000244140625,76.54000091552734,11824100.0
2017-03-13,76.68000030517578,77.11000061035156,76.47000122070312,76.66000366210938,8000700.0
2017-03-14,76.62999725341797,76.77999877929688,76.19999694824219,76.58999633789062,6565300.0
2017-03-15,76.77999877929688,78.37999725341797,76.69000244140625,78.0,11876100.0
2017-03-16,77.87000274658203,78.36000061035156,77.73999786376953,77.87000274658203,6476300.0
2017-03-17,78.06999969482422,78.43000030517578,77.80000305175781,78.19999694824219,10065200.0
2017-03-20,78.25,78.47000122070312,78.0199966430664,78.16999816894531,5866600.0
2017-03-21,78.30999755859375,78.5999984741211,77.83999633789062,77.91999816894531,6592500.0
2017-03-22,78.16000366210938,78.16000366210938,77.29000091552734,77.95999908447266,7913100.0
2017-03-23,77.98999786376953,79.05000305175781,77.86000061035156,78.54000091552734,8322000.0
2017-03-24,78.0,78.19000244140625,77.5999984741211,77.73999786376953,7584800.0
2017-03-27,77.52999877929688,77.8499984741211,76.91999816894531,77.20999908447266,6831700.0
2017-03-28,77.05000305175781,77.62000274658203,76.73999786376953,77.55000305175781,4988300.0
2017-03-29,77.68000030517578,77.91999816894531,77.30999755859375,77.88999938964844,3844800.0
2017-03-30,77.88999938964844,78.18000030517578,77.3499984741211,78.12000274658203,4305100.0
2017-03-31,78.1500015258789,78.70999908447266,78.01000213623047,78.48999786376953,9809800.0
2017-04-03,78.5999984741211,78.69000244140625,78.2699966430664,78.55999755859375,7249000.0
2017-04-04,78.52999877929688,78.95999908447266,78.31999969482422,78.48999786376953,6348600.0
2017-04-05,78.62000274658203,79.04000091552734,78.5,78.51000213623047,7306100.0
2017-04-06,78.56999969482422,79.11000061035156,78.16000366210938,79.05000305175781,6964800.0
2017-04-07,79.12999725341797,79.43000030517578,78.91000366210938,79.13999938964844,5327800.0
2017-04-10,79.26000213623047,79.72000122070312,78.86000061035156,79.69000244140625,6903600.0
2017-04-11,79.7699966430664,80.22000122070312,79.61000061035156,80.12999725341797,9852500.0
2017-04-12,80.08000183105469,80.30999755859375,79.83000183105469,79.94999694824219,4267900.0
2017-04-13,79.95999908447266,80.1500015258789,79.75,79.79000091552734,3295200.0
2017-04-17,80.08999633789062,80.80999755859375,79.87999725341797,80.79000091552734,8190100.0
2017-04-18,80.79000091552734,81.0199966430664,80.6500015258789,80.9800033569336,4977700.0
2017-04-19,80.94999694824219,81.19000244140625,80.7300033569336,80.8499984741211,5894400.0
2017-04-20,80.62999725341797,80.97000122070312,80.4000015258789,80.9000015258789,10398600.0
2017-04-21,80.73999786376953,80.91000366210938,80.47000122070312,80.58000183105469,6489400.0
2017-04-24,80.95999908447266,81.05999755859375,79.29000091552734,79.87999725341797,10788500.0
2017-04-25,79.91999816894531,80.23999786376953,79.7699966430664,80.11000061035156,5210600.0
2017-04-26,80.0,80.19000244140625,79.41999816894531,79.58000183105469,6893200.0
2017-04-27,79.66999816894531,80.12999725341797,79.5199966430664,79.66999816894531,5482100.0
2017-04-28,79.52999877929688,79.70999908447266,78.69999694824219,78.93000030517578,10135500.0
2017-05-01,79.02999877929688,79.55000305175781,78.73999786376953,79.41000366210938,8783500.0
2017-05-02,79.51000213623047,79.63999938964844,79.01000213623047,79.20999908447266,9063300.0
2017-05-03,79.05000305175781,79.33999633789062,78.08000183105469,78.26000213623047,8193000.0
2017-05-04,77.79000091552734,78.04000091552734,77.19000244140625,77.91999816894531,8797100.0
2017-05-05,78.08000183105469,78.70999908447266,78.01000213623047,78.66999816894531,5709500.0
2017-05-08,78.69999694824219,78.91999816894531,77.83999633789062,78.22000122070312,8098200.0
2017-05-09,78.19999694824219,78.29000091552734,77.5199966430664,77.80000305175781,6412800.0
2017-05-10,77.76000213623047,78.5,77.58000183105469,78.22000122070312,5800600.0
2017-05-11,77.94000244140625,77.95999908447266,77.30999755859375,77.80000305175781,7453500.0
2017-05-12,77.94000244140625,77.95999908447266,77.4800033569336,77.58999633789062,4250500.0
2017-05-15,77.61000061035156,78.41000366210938,77.61000061035156,77.87000274658203,7994300.0
2017-05-16,77.80999755859375,77.9800033569336,77.31999969482422,77.43000030517578,5961400.0
2017-05-17,77.4000015258789,78.18000030517578,77.37999725341797,77.83999633789062,8283700.0
2017-05-18,77.80000305175781,78.2300033569336,77.2300033569336,78.05000305175781,5276500.0
2017-05-19,78.08999633789062,78.87999725341797,77.75,78.51000213623047,4662200.0
2017-05-22,78.70999908447266,79.01000213623047,78.41000366210938,78.73999786376953,5983300.0
2017-05-23,78.94999694824219,79.25,78.72000122070312,78.91999816894531,3021600.0
2017-05-24,79.0199966430664,79.55000305175781,78.98999786376953,79.44999694824219,4737100.0
2017-05-25,79.55000305175781,79.97000122070312,79.33999633789062,79.62000274658203,4379300.0
2017-05-26,79.7699966430664,79.80999755859375,78.94999694824219,79.12999725341797,4014200.0
2017-05-30,79.18000030517578,79.30000305175781,78.81999969482422,78.81999969482422,3242600.0
2017-05-31,78.98999786376953,79.23999786376953,78.58999633789062,78.83999633789062,8699800.0
2017-06-01,78.66999816894531,79.4000015258789,78.48999786376953,79.16000366210938,12433200.0
2017-06-02,79.8499984741211,80.16999816894531,79.56999969482422,79.94000244140625,7188000.0
2017-06-05,79.75,79.91000366210938,79.37000274658203,79.69000244140625,5909300.0
2017-06-06,79.63999938964844,79.63999938964844,79.19000244140625,79.29000091552734,4544800.0
2017-06-07,79.2699966430664,79.73999786376953,79.25,79.62000274658203,4284600.0
2017-06-08,79.62999725341797,79.75,78.77999877929688,79.48999786376953,6993900.0
2017-06-09,79.63999938964844,80.16999816894531,79.20999908447266,80.0,5393800.0
2017-06-12,79.80999755859375,80.52999877929688,79.69999694824219,80.52999877929688,9685800.0
2017-06-13,80.47000122070312,80.75,80.20999908447266,80.69999694824219,6308300.0
2017-06-14,81.18000030517578,81.41999816894531,80.63999938964844,80.95999908447266,6634600.0
2017-06-15,80.91000366210938,81.44000244140625,80.41000366210938,81.23999786376953,5414600.0
2017-06-16,81.27999877929688,81.37999725341797,80.81999969482422,81.19000244140625,13816600.0
2017-06-19,81.25,81.3499984741211,80.91000366210938,81.33000183105469,8272500.0
2017-06-20,81.37999725341797,81.52999877929688,80.56999969482422,81.05999755859375,6433800.0
2017-06-21,81.01000213623047,81.16999816894531,80.37000274658203,80.73999786376953,3503500.0
2017-06-22,80.70999908447266,81.08000183105469,80.47000122070312,80.9000015258789,5736800.0
2017-06-23,80.9800033569336,81.56999969482422,80.88999938964844,81.22000122070312,8753700.0
2017-06-26,81.44000244140625,81.94000244140625,81.22000122070312,81.73999786376953,12060500.0
2017-06-27,80.88999938964844,81.31999969482422,80.47000122070312,80.54000091552734,8252200.0
2017-06-28,80.44000244140625,80.91999816894531,80.38999938964844,80.6500015258789,4818500.0
2017-06-29,80.18000030517578,80.58999633789062,79.56999969482422,79.7699966430664,9719800.0
2017-06-30,80.11000061035156,80.33000183105469,79.58000183105469,79.7699966430664,7245400.0
2017-07-03,80.08000183105469,80.73999786376953,79.87999725341797,80.62000274658203,7238300.0
2017-07-05,80.7300033569336,80.7300033569336,79.5,79.70999908447266,9013000.0
2017-07-06,79.29000091552734,79.44999694824219,78.20999908447266,78.31999969482422,9553800.0
2017-07-07,78.30999755859375,78.9000015258789,78.20999908447266,78.69999694824219,4878600.0
2017-07-10,78.80999755859375,78.98999786376953,78.04000091552734,78.12000274658203,5061300.0
2017-07-11,78.20999908447266,78.22000122070312,77.5199966430664,78.02999877929688,6884600.0
2017-07-12,78.66999816894531,79.33000183105469,78.52999877929688,79.01000213623047,7192300.0
2017-07-13,79.05000305175781,79.2699966430664,78.88999938964844,79.04000091552734,4048600.0
2017-07-14,79.61000061035156,79.95999908447266,79.44000244140625,79.83999633789062,4688300.0
2017-07-17,79.98999786376953,80.30999755859375,79.66000366210938,80.16000366210938,4195200.0
2017-07-18,80.20999908447266,80.29000091552734,79.86000061035156,79.95999908447266,6258400.0
2017-07-19,79.94000244140625,80.5999984741211,79.79000091552734,80.5999984741211,4149900.0
2017-07-20,80.7699966430664,80.91000366210938,80.23999786376953,80.27999877929688,6707500.0
2017-07-21,80.26000213623047,80.44999694824219,80.0199966430664,80.44999694824219,4459100.0
2017-07-24,80.37000274658203,80.48999786376953,79.94000244140625,80.23999786376953,3506900.0
2017-07-25,80.0199966430664,80.37999725341797,79.83999633789062,80.33999633789062,5185100.0
2017-07-26,80.20999908447266,81.01000213623047,80.16999816894531,80.7699966430664,6179000.0
2017-07-27,80.66999816894531,81.0999984741211,80.08999633789062,80.83999633789062,6891400.0
2017-07-28,80.72000122070312,81.0199966430664,80.5,80.66999816894531,4834500.0
2017-07-31,80.80000305175781,80.83000183105469,80.11000061035156,80.66000366210938,7783700.0
2017-08-01,81.0199966430664,81.31999969482422,80.48999786376953,81.0199966430664,8396400.0
2017-08-02,80.75,80.87000274658203,80.23999786376953,80.51000213623047,6072200.0
2017-08-03,80.41999816894531,80.7300033569336,80.0999984741211,80.2300033569336,5425800.0
2017-08-04,80.25,80.7300033569336,80.20999908447266,80.5,6411600.0
2017-08-07,80.47000122070312,80.62999725341797,80.16000366210938,80.55999755859375,5017500.0
2017-08-08,80.01000213623047,80.44000244140625,79.87999725341797,80.12000274658203,7241500.0
2017-08-09,80.30000305175781,80.30000305175781,79.7699966430664,79.9800033569336,4726500.0
2017-08-10,79.75,80.0,79.3499984741211,79.37000274658203,4871500.0
2017-08-11,79.37000274658203,79.52999877929688,78.66999816894531,78.98999786376953,7364500.0
2017-08-14,79.25,80.30999755859375,79.20999908447266,80.19999694824219,9812500.0
2017-08-15,79.77999877929688,80.02999877929688,79.51000213623047,79.97000122070312,5192600.0
2017-08-16,80.02999877929688,80.52999877929688,80.0199966430664,80.31999969482422,6831800.0
2017-08-17,80.12999725341797,80.48999786376953,79.73999786376953,79.7699966430664,5811800.0
2017-08-18,79.4800033569336,79.55999755859375,78.97000122070312,79.18000030517578,8746000.0
2017-08-21,79.29000091552734,80.06999969482422,79.06999969482422,79.88999938964844,4791300.0
2017-08-22,80.02999877929688,80.19999694824219,79.62000274658203,79.81999969482422,4997900.0
2017-08-23,79.77999877929688,80.63999938964844,79.66999816894531,80.4800033569336,3743500.0
2017-08-24,80.72000122070312,81.08000183105469,80.37000274658203,80.4000015258789,3041100.0
2017-08-25,80.69999694824219,81.05999755859375,80.41000366210938,80.77999877929688,5378100.0
2017-08-28,80.94000244140625,80.94000244140625,80.1500015258789,80.37000274658203,3669800.0
2017-08-29,80.30000305175781,80.62000274658203,80.18000030517578,80.25,3815000.0
2017-08-30,80.08999633789062,80.69999694824219,79.87999725341797,80.68000030517578,3266200.0
2017-08-31,80.81999969482422,81.44000244140625,80.80000305175781,81.19999694824219,7960500.0
2017-09-01,81.25,81.58999633789062,81.08999633789062,81.20999908447266,7941800.0
2017-09-05,81.3499984741211,81.55999755859375,80.6500015258789,81.04000091552734,7662200.0
2017-09-06,81.2300033569336,81.66000366210938,81.12999725341797,81.19999694824219,3944000.0
2017-09-07,81.37999725341797,81.83000183105469,81.23999786376953,81.7300033569336,7309300.0
2017-09-08,81.58000183105469,81.97000122070312,81.44999694824219,81.68000030517578,3636100.0
2017-09-11,81.9800033569336,82.43000030517578,81.72000122070312,82.37000274658203,5891200.0
2017-09-12,82.29000091552734,82.37000274658203,81.26000213623047,81.54000091552734,8297900.0
2017-09-13,81.52999877929688,81.55999755859375,80.98999786376953,81.23999786376953,3795600.0
2017-09-14,81.19999694824219,81.7699966430664,80.87000274658203,81.73999786376953,4584100.0
2017-09-15,81.77999877929688,82.08999633789062,81.3499984741211,82.08000183105469,11301500.0
2017-09-18,81.93000030517578,82.12999725341797,81.4000015258789,81.63999938964844,4952300.0
2017-09-19,81.66000366210938,81.69000244140625,80.87000274658203,81.01000213623047,6087200.0
2017-09-20,81.12000274658203,81.29000091552734,80.41000366210938,80.80999755859375,6771600.0
2017-09-21,80.75,81.18000030517578,80.55000305175781,80.55000305175781,7964000.0
2017-09-22,80.5199966430664,80.88999938964844,80.01000213623047,80.06999969482422,6471900.0
2017-09-25,80.19999694824219,80.76000213623047,80.16000366210938,80.5,4983700.0
2017-09-26,79.91000366210938,80.06999969482422,79.7300033569336,79.83999633789062,6180500.0
2017-09-27,79.4800033569336,79.77999877929688,78.97000122070312,79.19999694824219,7488300.0
2017-09-28,79.05999755859375,79.86000061035156,79.04000091552734,79.79000091552734,7166100.0
2017-09-29,79.77999877929688,79.9800033569336,79.54000091552734,79.87999725341797,5569400.0
2017-10-02,80.01000213623047,80.12000274658203,79.6500015258789,79.72000122070312,10777100.0
2017-10-03,79.7300033569336,79.87999725341797,79.56999969482422,79.77999877929688,2816600.0
2017-10-04,79.77999877929688,80.3499984741211,79.58000183105469,80.29000091552734,3594900.0
2017-10-05,80.33999633789062,80.87000274658203,80.08000183105469,80.54000091552734,7336800.0
2017-10-06,80.25,80.30000305175781,79.56999969482422,80.25,4752400.0
2017-10-09,80.27999877929688,80.55999755859375,80.19000244140625,80.41000366210938,2042800.0
2017-10-10,80.48999786376953,81.0199966430664,80.36000061035156,80.5199966430664,4599900.0
2017-10-11,80.62000274658203,81.04000091552734,80.30000305175781,80.86000061035156,5553500.0
2017-10-12,80.8499984741211,81.4000015258789,80.83000183105469,81.38999938964844,3952200.0
2017-10-13,81.69000244140625,81.77999877929688,81.23999786376953,81.56999969482422,2814900.0
2017-10-16,81.54000091552734,81.62000274658203,81.12000274658203,81.16000366210938,6232500.0
2017-10-17,81.16000366210938,81.36000061035156,81.0199966430664,81.2300033569336,3077700.0
2017-10-18,81.0,81.4000015258789,80.91999816894531,81.13999938964844,4559400.0
2017-10-19,81.12999725341797,81.30999755859375,80.7699966430664,81.08000183105469,3359600.0
2017-10-20,80.9800033569336,81.12000274658203,80.55000305175781,80.81999969482422,6599300.0
2017-10-23,80.95999908447266,81.01000213623047,80.36000061035156,80.44000244140625,5818400.0
2017-10-24,80.38999938964844,80.58000183105469,79.75,80.04000091552734,4442600.0
2017-10-25,79.6500015258789,80.01000213623047,79.26000213623047,79.7300033569336,7746500.0
2017-10-26,79.83999633789062,80.30000305175781,79.05000305175781,79.23999786376953,6420000.0
2017-10-27,79.41999816894531,79.76000213623047,78.76000213623047,79.5999984741211,6527000.0
2017-10-30,79.41999816894531,80.08999633789062,79.41999816894531,79.7699966430664,3909700.0
2017-10-31,79.7699966430664,79.95999908447266,79.20999908447266,79.91999816894531,4418600.0
2017-11-01,80.05000305175781,80.30999755859375,79.83000183105469,79.9800033569336,5343100.0
2017-11-02,80.16000366210938,80.9000015258789,80.02999877929688,80.4800033569336,6501500.0
2017-11-03,80.01000213623047,80.62000274658203,79.80999755859375,80.43000030517578,3662500.0
2017-11-06,80.75,81.58999633789062,80.54000091552734,81.36000061035156,11051000.0
2017-11-07,81.41000366210938,82.12999725341797,81.41000366210938,81.94000244140625,8746800.0
2017-11-08,81.8499984741211,82.58999633789062,81.7699966430664,82.48999786376953,8219800.0
2017-11-09,82.06999969482422,82.87999725341797,82.04000091552734,82.45999908447266,5785100.0
2017-11-10,82.04000091552734,82.69000244140625,81.80999755859375,82.51000213623047,4002700.0
2017-11-13,82.6500015258789,82.94999694824219,82.43000030517578,82.80999755859375,7762400.0
2017-11-14,82.62999725341797,83.0,82.44999694824219,82.68000030517578,6076100.0
2017-11-15,82.63999938964844,82.87000274658203,81.94000244140625,81.97000122070312,8903500.0
2017-11-16,81.93000030517578,82.62999725341797,81.93000030517578,82.5199966430664,10909600.0
2017-11-17,82.25,82.55000305175781,82.04000091552734,82.13999938964844,5042600.0
2017-11-20,82.20999908447266,82.2699966430664,81.86000061035156,81.97000122070312,4312200.0
2017-11-21,82.18000030517578,82.76000213623047,82.08999633789062,82.55999755859375,11636200.0
2017-11-22,82.29000091552734,82.58999633789062,82.16000366210938,82.33000183105469,3216900.0
2017-11-24,82.43000030517578,82.63999938964844,82.41000366210938,82.5,1742500.0
2017-11-27,82.70999908447266,82.76000213623047,82.16000366210938,82.16000366210938,4947500.0
2017-11-28,82.16000366210938,82.30000305175781,81.62000274658203,81.9800033569336,9764100.0
2017-11-29,81.81999969482422,82.06999969482422,81.47000122070312,81.87999725341797,6179300.0
2017-11-30,81.94999694824219,82.16999816894531,81.7300033569336,81.97000122070312,8833300.0
2017-12-01,82.02999877929688,82.3499984741211,81.36000061035156,82.12000274658203,9899800.0
2017-12-04,82.22000122070312,82.56999969482422,81.44999694824219,81.48999786376953,9085300.0
2017-12-05,81.4800033569336,81.62000274658203,81.0,81.01000213623047,9503300.0
2017-12-06,81.12999725341797,81.30000305175781,80.6500015258789,80.9800033569336,3812900.0
2017-12-07,81.18000030517578,81.44000244140625,80.80999755859375,81.30999755859375,5994900.0
2017-12-08,81.56999969482422,81.7300033569336,81.30000305175781,81.58000183105469,3941900.0
2017-12-11,81.58000183105469,81.69000244140625,81.3499984741211,81.66999816894531,4000400.0
2017-12-12,81.87999725341797,82.20999908447266,81.44000244140625,82.0,6639100.0
2017-12-13,82.06999969482422,82.52999877929688,82.0,82.16999816894531,6450200.0
2017-12-14,82.16999816894531,82.43000030517578,81.83000183105469,82.12000274658203,5853300.0
2017-12-15,82.2300033569336,82.6500015258789,82.22000122070312,82.45999908447266,7882600.0
2017-12-18,82.48999786376953,83.2699966430664,82.48999786376953,82.91999816894531,6699300.0
2017-12-19,82.16000366210938,82.2699966430664,80.3499984741211,80.47000122070312,11906100.0
2017-12-20,80.38999938964844,80.61000061035156,79.61000061035156,79.62999725341797,8030000.0
2017-12-21,79.9000015258789,79.91999816894531,79.27999877929688,79.33999633789062,7529500.0
2017-12-22,79.62000274658203,79.95999908447266,79.33999633789062,79.83999633789062,4957800.0
2017-12-26,79.80000305175781,80.44000244140625,79.7300033569336,80.2300033569336,4963300.0
2017-12-27,80.36000061035156,80.69999694824219,80.23999786376953,80.5199966430664,6613500.0
2017-12-28,80.58000183105469,81.02999877929688,80.33999633789062,80.98999786376953,6764700.0
2017-12-29,81.1500015258789,81.27999877929688,80.86000061035156,81.01000213623047,4272100.0
2018-01-02,81.06999969482422,81.19000244140625,80.47000122070312,80.5999984741211,7091600.0
2018-01-03,80.69999694824219,80.83999633789062,80.2699966430664,80.47000122070312,4625700.0
2018-01-04,80.54000091552734,80.55000305175781,79.19000244140625,79.20999908447266,12178300.0
2018-01-05,79.45999908447266,79.45999908447266,79.08999633789062,79.29000091552734,9630200.0
2018-01-08,79.38999938964844,79.9000015258789,79.30999755859375,79.73999786376953,4756600.0
2018-01-09,79.79000091552734,79.91999816894531,78.81999969482422,78.81999969482422,10440100.0
2018-01-10,78.5,78.61000061035156,77.4800033569336,77.86000061035156,8933700.0
2018-01-11,78.06999969482422,78.20999908447266,77.38999938964844,77.58999633789062,5031900.0
2018-01-12,77.44999694824219,77.56999969482422,76.81999969482422,76.95999908447266,8923800.0
2018-01-16,77.2699966430664,78.43000030517578,77.13999938964844,77.16999816894531,9984500.0
2018-01-17,77.44000244140625,77.87000274658203,77.19000244140625,77.72000122070312,5153300.0
2018-01-18,77.5,77.63999938964844,76.83000183105469,76.95999908447266,5191500.0
2018-01-19,77.02999877929688,77.4800033569336,76.80999755859375,77.45999908447266,6809000.0
2018-01-22,77.52999877929688,78.16000366210938,77.44999694824219,78.08999633789062,10181900.0
2018-01-23,78.30000305175781,79.19000244140625,78.30000305175781,79.16999816894531,7584700.0
2018-01-24,78.9000015258789,79.26000213623047,78.58999633789062,78.88999938964844,7675100.0
2018-01-25,78.80000305175781,78.94999694824219,78.36000061035156,78.73999786376953,5540000.0
2018-01-26,78.87999725341797,78.98999786376953,78.26000213623047,78.7699966430664,6799200.0
2018-01-29,78.4800033569336,78.69000244140625,77.7300033569336,77.76000213623047,6094500.0
2018-01-30,77.44999694824219,77.69000244140625,77.13999938964844,77.33999633789062,5870100.0
2018-01-31,77.6500015258789,78.62000274658203,77.3499984741211,78.55999755859375,12266100.0
2018-02-01,78.4000015258789,78.94000244140625,77.18000030517578,77.25,11450000.0
2018-02-02,76.69000244140625,77.01000213623047,75.97000122070312,76.45999908447266,9794600.0
2018-02-05,76.20999908447266,76.81999969482422,74.0,74.0,12593500.0
2018-02-06,73.36000061035156,74.7300033569336,72.7300033569336,74.26000213623047,17411500.0
2018-02-07,74.08999633789062,75.33999633789062,73.93000030517578,73.97000122070312,9642100.0
2018-02-08,73.80999755859375,74.48999786376953,71.76000213623047,71.79000091552734,18137800.0
2018-02-09,72.25,73.91000366210938,71.2699966430664,73.27999877929688,14993100.0
2018-02-12,73.66999816894531,73.88999938964844,71.70999908447266,73.5,13618900.0
2018-02-13,73.44999694824219,74.27999877929688,73.02999877929688,74.05999755859375,8520800.0
2018-02-14,73.58000183105469,74.11000061035156,72.62000274658203,73.69999694824219,11068200.0
2018-02-15,73.9000015258789,74.61000061035156,73.62999725341797,74.43000030517578,9784000.0
2018-02-16,74.5199966430664,75.33000183105469,74.5,75.05999755859375,10139500.0
2018-02-20,74.70999908447266,75.37000274658203,74.0999984741211,74.12999725341797,9230100.0
2018-02-21,74.11000061035156,74.66999816894531,72.87999725341797,72.9000015258789,9805600.0
2018-02-22,73.19000244140625,74.18000030517578,73.05000305175781,73.58000183105469,8770300.0
2018-02-23,73.98999786376953,74.86000061035156,73.70999908447266,74.83000183105469,7871500.0
2018-02-26,75.19999694824219,75.25,74.63999938964844,75.08999633789062,6058000.0
2018-02-27,75.1500015258789,75.22000122070312,73.5,73.51000213623047,10466900.0
2018-02-28,73.91000366210938,74.37000274658203,73.33000183105469,73.33000183105469,6702600.0
2018-03-01,73.23999786376953,74.08000183105469,72.75,73.0999984741211,14216800.0
2018-03-02,72.8499984741211,73.06999969482422,72.26000213623047,72.97000122070312,6744500.0
2018-03-05,72.5999984741211,74.19000244140625,72.5999984741211,73.79000091552734,11811100.0
2018-03-06,73.81999969482422,74.44999694824219,73.44000244140625,74.26000213623047,7440000.0
2018-03-07,73.91999816894531,74.73999786376953,73.7300033569336,74.63999938964844,8993600.0
2018-03-08,74.69999694824219,75.0999984741211,74.5,75.0199966430664,8446800.0
2018-03-09,75.13999938964844,75.48999786376953,74.6500015258789,75.48999786376953,7660100.0
2018-03-12,75.45999908447266,76.02999877929688,75.33999633789062,75.87000274658203,6980200.0
2018-03-13,76.2300033569336,76.41000366210938,75.7300033569336,75.98999786376953,6437300.0
2018-03-14,76.12000274658203,76.3499984741211,75.68000030517578,76.05000305175781,5750400.0
2018-03-15,76.12999725341797,76.38999938964844,75.6500015258789,76.02999877929688,9157300.0
2018-03-16,75.94000244140625,76.58999633789062,75.76000213623047,76.4800033569336,10879600.0
2018-03-19,76.37999725341797,76.44999694824219,75.33000183105469,75.7699966430664,8155600.0
2018-03-20,75.77999877929688,76.2699966430664,75.4000015258789,75.70999908447266,6567100.0
2018-03-21,75.63999938964844,75.93000030517578,74.7300033569336,75.12999725341797,7839300.0
2018-03-22,74.33000183105469,75.27999877929688,74.05999755859375,74.08000183105469,9099500.0
2018-03-23,74.0199966430664,74.27999877929688,72.75,72.9000015258789,10044000.0
2018-03-26,73.5,73.94999694824219,73.05000305175781,73.81999969482422,6054900.0
2018-03-27,73.94000244140625,74.98999786376953,73.19000244140625,74.0199966430664,10805600.0
2018-03-28,74.36000061035156,75.66999816894531,74.0199966430664,75.44999694824219,15032300.0
2018-03-29,75.5999984741211,75.83000183105469,75.19000244140625,75.47000122070312,9078800.0
2018-04-02,75.43000030517578,75.66999816894531,73.98999786376953,74.43000030517578,11055500.0
2018-04-03,74.63999938964844,75.20999908447266,74.1500015258789,74.91999816894531,11062800.0
2018-04-04,74.5999984741211,75.91000366210938,74.30999755859375,75.76000213623047,8767300.0
2018-04-05,75.7699966430664,75.97000122070312,75.20999908447266,75.83000183105469,12880100.0
2018-04-06,75.70999908447266,76.1500015258789,74.91999816894531,75.1500015258789,11896300.0
2018-04-09,75.0,75.63999938964844,74.88999938964844,75.0199966430664,8584000.0
2018-04-10,75.37000274658203,75.5,74.5199966430664,74.7300033569336,9125800.0
2018-04-11,74.52999877929688,75.51000213623047,74.52999877929688,74.9000015258789,4463000.0
2018-04-12,75.11000061035156,75.11000061035156,73.9800033569336,74.19000244140625,7667100.0
2018-04-13,73.95999908447266,74.58000183105469,73.95999908447266,74.44999694824219,4644700.0
2018-04-16,74.44999694824219,75.16000366210938,74.41000366210938,74.80999755859375,6894800.0
2018-04-17,75.0,76.19000244140625,74.83000183105469,75.77999877929688,8517400.0
2018-04-18,75.7699966430664,76.08000183105469,75.61000061035156,75.6500015258789,5600300.0
2018-04-19,75.29000091552734,75.37999725341797,74.08000183105469,74.56999969482422,8191800.0
2018-04-20,74.5,74.80999755859375,73.86000061035156,73.93000030517578,10076500.0
2018-04-23,74.01000213623047,74.2699966430664,73.62999725341797,73.9800033569336,5820000.0
2018-04-24,74.13999938964844,74.54000091552734,73.83000183105469,74.16000366210938,6190900.0
2018-04-25,73.91999816894531,74.23999786376953,73.2699966430664,74.0,7894600.0
2018-04-26,74.23999786376953,75.29000091552734,74.13999938964844,74.9000015258789,7028000.0
2018-04-27,74.77999877929688,76.11000061035156,74.68000030517578,75.87000274658203,8633000.0
2018-04-30,75.81999969482422,76.2699966430664,75.62000274658203,75.63999938964844,8889100.0
2018-05-01,75.69999694824219,76.2699966430664,75.41999816894531,76.16999816894531,7872300.0
2018-05-02,76.0,76.27999877929688,75.38999938964844,75.91000366210938,8745700.0
2018-05-03,75.76000213623047,76.23999786376953,75.5999984741211,75.94000244140625,4850100.0
2018-05-04,75.94999694824219,76.94999694824219,75.94000244140625,76.73999786376953,7379300.0
2018-05-07,76.87000274658203,77.29000091552734,76.73999786376953,77.16000366210938,10398100.0
2018-05-08,76.95999908447266,77.12000274658203,76.5199966430664,76.77999877929688,11142500.0
2018-05-09,76.6500015258789,77.2699966430664,76.51000213623047,77.25,8030200.0
2018-05-10,77.5999984741211,78.06999969482422,77.5,77.95999908447266,8522900.0
2018-05-11,77.97000122070312,78.26000213623047,77.54000091552734,77.63999938964844,7923200.0
2018-05-14,77.55999755859375,77.72000122070312,76.69000244140625,77.06999969482422,10030300.0
2018-05-15,76.5199966430664,76.70999908447266,75.69999694824219,75.93000030517578,11364200.0
2018-05-16,76.12000274658203,76.2699966430664,75.58000183105469,75.70999908447266,7299600.0
2018-05-17,75.58999633789062,75.87000274658203,75.16999816894531,75.31999969482422,9778200.0
2018-05-18,75.45999908447266,75.72000122070312,75.13999938964844,75.48999786376953,8443700.0
2018-05-21,75.61000061035156,76.41999816894531,75.22000122070312,76.30000305175781,7944100.0
2018-05-22,76.2699966430664,76.44000244140625,76.0,76.4000015258789,7426100.0
2018-05-23,76.55999755859375,77.2300033569336,76.33000183105469,77.05000305175781,6833200.0
2018-05-24,77.12000274658203,77.30000305175781,76.44000244140625,76.86000061035156,7142700.0
2018-05-25,76.80999755859375,77.37999725341797,76.73999786376953,77.12000274658203,5475900.0
2018-05-29,77.22000122070312,77.6500015258789,76.68000030517578,77.3499984741211,7454700.0
2018-05-30,77.20999908447266,78.62000274658203,77.13999938964844,78.33000183105469,10052900.0
2018-05-31,78.05999755859375,78.43000030517578,77.81999969482422,78.19000244140625,11575600.0
2018-06-01,78.18000030517578,78.62000274658203,77.83000183105469,78.45999908447266,9777800.0
2018-06-04,78.6500015258789,79.1500015258789,78.37999725341797,79.1500015258789,8022200.0
2018-06-05,79.29000091552734,79.44999694824219,78.7699966430664,79.05000305175781,12342700.0
2018-06-06,78.9000015258789,79.13999938964844,78.56999969482422,79.13999938964844,5980400.0
2018-06-07,79.1500015258789,79.31999969482422,78.68000030517578,79.19000244140625,7244200.0
2018-06-08,79.1500015258789,79.47000122070312,79.0199966430664,79.41999816894531,4491300.0
2018-06-11,79.33000183105469,79.54000091552734,79.25,79.44000244140625,10024600.0
2018-06-12,79.23999786376953,80.0199966430664,79.11000061035156,79.83999633789062,4860400.0
2018-06-13,79.87000274658203,79.98999786376953,78.13999938964844,78.2300033569336,10046100.0
2018-06-14,78.58999633789062,79.26000213623047,78.45999908447266,79.01000213623047,6749900.0
2018-06-15,79.0199966430664,79.48999786376953,78.80999755859375,79.08999633789062,12840300.0
2018-06-18,78.70999908447266,79.0199966430664,78.4800033569336,79.0199966430664,6088900.0
2018-06-19,78.83999633789062,79.31999969482422,78.76000213623047,79.01000213623047,6031100.0
2018-06-20,79.04000091552734,79.87000274658203,78.97000122070312,79.77999877929688,9409200.0
2018-06-21,79.80999755859375,80.23999786376953,79.62000274658203,80.19000244140625,8941900.0
2018-06-22,80.2300033569336,80.73999786376953,79.91999816894531,80.69999694824219,6692700.0
2018-06-25,80.94000244140625,80.94000244140625,80.01000213623047,80.41999816894531,6948000.0
2018-06-26,79.77999877929688,80.26000213623047,79.5199966430664,79.95999908447266,6122700.0
2018-06-27,80.23999786376953,80.3499984741211,79.52999877929688,79.52999877929688,6978500.0
2018-06-28,79.5999984741211,80.4800033569336,79.58000183105469,80.37999725341797,8832800.0
2018-06-29,80.19999694824219,80.9000015258789,79.76000213623047,80.58000183105469,8417700.0
2018-07-02,80.54000091552734,80.62000274658203,79.26000213623047,80.0999984741211,14329300.0
2018-07-03,80.29000091552734,81.26000213623047,80.02999877929688,80.69999694824219,7059800.0
2018-07-05,80.9000015258789,81.75,80.63999938964844,81.75,12157500.0
2018-07-06,81.93000030517578,82.16999816894531,81.75,82.08999633789062,8450500.0
2018-07-09,82.06999969482422,82.11000061035156,81.0199966430664,81.36000061035156,6359800.0
2018-07-10,81.43000030517578,81.73999786376953,81.05000305175781,81.61000061035156,6553900.0
2018-07-11,81.47000122070312,81.76000213623047,81.27999877929688,81.36000061035156,5535900.0
2018-07-12,81.16000366210938,81.72000122070312,81.16000366210938,81.5999984741211,4568200.0
2018-07-13,81.75,81.94999694824219,81.30000305175781,81.31999969482422,4581000.0
2018-07-16,81.2300033569336,81.30999755859375,80.5,80.94999694824219,5306200.0
2018-07-17,80.94999694824219,81.16000366210938,80.36000061035156,80.5199966430664,11247200.0
2018-07-18,80.29000091552734,80.61000061035156,79.75,80.13999938964844,6169300.0
2018-07-19,79.9800033569336,81.23999786376953,79.81999969482422,80.94999694824219,8434600.0
2018-07-20,80.69000244140625,80.83000183105469,79.97000122070312,80.2699966430664,9477800.0
2018-07-23,80.0999984741211,80.23999786376953,79.61000061035156,80.06999969482422,4977000.0
2018-07-24,80.19000244140625,80.37000274658203,79.47000122070312,79.68000030517578,6786400.0
2018-07-25,79.72000122070312,80.4800033569336,79.72000122070312,80.33000183105469,6448600.0
2018-07-26,80.61000061035156,80.98999786376953,80.2300033569336,80.55000305175781,5477800.0
2018-07-27,80.72000122070312,80.77999877929688,79.69000244140625,79.7699966430664,7163000.0
2018-07-30,79.8499984741211,80.01000213623047,79.25,79.87999725341797,10811000.0
2018-07-31,80.37000274658203,81.5,80.23999786376953,81.25,16050000.0
2018-08-01,80.54000091552734,81.66999816894531,80.1500015258789,81.5199966430664,18394300.0
2018-08-02,81.45999908447266,81.7699966430664,81.19999694824219,81.25,7756000.0
2018-08-03,81.51000213623047,82.26000213623047,81.31999969482422,82.20999908447266,8897000.0
2018-08-06,82.06999969482422,82.47000122070312,81.88999938964844,82.16000366210938,6988700.0
2018-08-07,82.0999984741211,82.18000030517578,81.52999877929688,81.87000274658203,5188300.0
2018-08-08,81.8499984741211,81.87000274658203,81.27999877929688,81.37999725341797,4143400.0
2018-08-09,81.37999725341797,81.72000122070312,81.31999969482422,81.4800033569336,4609000.0
2018-08-10,81.30000305175781,81.58999633789062,80.75,80.75,6231700.0
2018-08-13,80.81999969482422,81.01000213623047,80.55999755859375,80.70999908447266,5135100.0
2018-08-14,80.80999755859375,81.30999755859375,80.76000213623047,81.1500015258789,4485400.0
2018-08-15,81.1500015258789,81.86000061035156,80.98999786376953,81.76000213623047,8520300.0
2018-08-16,81.87000274658203,82.41999816894531,81.75,82.41999816894531,6528800.0
2018-08-17,82.31999969482422,83.16999816894531,82.31999969482422,83.16000366210938,6872200.0
2018-08-20,83.2699966430664,83.62000274658203,83.08999633789062,83.29000091552734,6258900.0
2018-08-21,83.30000305175781,83.3499984741211,82.5199966430664,82.7300033569336,4894100.0
2018-08-22,82.58999633789062,82.73999786376953,81.94000244140625,82.2699966430664,6582800.0
2018-08-23,82.16000366210938,82.38999938964844,82.01000213623047,82.08999633789062,3381300.0
2018-08-24,81.91000366210938,82.51000213623047,81.87999725341797,82.51000213623047,4421800.0
2018-08-27,82.54000091552734,82.63999938964844,81.97000122070312,82.36000061035156,5850000.0
2018-08-28,82.33999633789062,83.26000213623047,82.18000030517578,83.23999786376953,8055400.0
2018-08-29,83.30999755859375,83.48999786376953,83.13999938964844,83.16000366210938,7278500.0
2018-08-30,83.26000213623047,83.43000030517578,82.72000122070312,82.87000274658203,3659900.0
2018-08-31,82.9000015258789,83.30999755859375,82.80999755859375,83.18000030517578,5541800.0
2018-09-04,82.75,83.16000366210938,82.12999725341797,82.30000305175781,9942300.0
2018-09-05,81.9000015258789,82.98999786376953,81.80000305175781,82.68000030517578,8536700.0
2018-09-06,82.94999694824219,83.16000366210938,82.80000305175781,83.0,7589000.0
2018-09-07,82.5199966430664,82.61000061035156,81.94000244140625,81.98999786376953,8786400.0
2018-09-10,82.3499984741211,82.86000061035156,82.30000305175781,82.51000213623047,8121800.0
2018-09-11,82.20999908447266,82.66999816894531,82.06999969482422,82.33999633789062,8158500.0
2018-09-12,82.5199966430664,82.58000183105469,82.12000274658203,82.41000366210938,7789300.0
2018-09-13,82.70999908447266,83.05000305175781,82.47000122070312,82.9000015258789,6732900.0
2018-09-14,82.62000274658203,82.68000030517578,81.7300033569336,82.2300033569336,7777000.0
2018-09-17,82.05999755859375,82.66999816894531,81.98999786376953,82.5199966430664,6007700.0
2018-09-18,82.37000274658203,82.58999633789062,81.98999786376953,82.2300033569336,8338100.0
2018-09-19,82.12999725341797,82.19999694824219,81.0999984741211,81.13999938964844,8423500.0
2018-09-20,81.13999938964844,81.97000122070312,80.94000244140625,81.94999694824219,8962100.0
2018-09-21,81.7699966430664,82.30999755859375,81.68000030517578,81.91000366210938,8127600.0
2018-09-24,81.68000030517578,81.69999694824219,80.16000366210938,80.47000122070312,8941400.0
2018-09-25,80.43000030517578,80.87999725341797,80.23999786376953,80.33999633789062,8988400.0
2018-09-26,79.76000213623047,79.76000213623047,78.69999694824219,78.83000183105469,11455100.0
2018-09-27,78.95999908447266,79.44999694824219,78.8499984741211,79.04000091552734,7391600.0
2018-09-28,79.12999725341797,80.12999725341797,79.12999725341797,80.0199966430664,9308700.0
2018-10-01,80.02999877929688,80.25,79.36000061035156,79.36000061035156,12583000.0
2018-10-02,79.54000091552734,79.81999969482422,79.25,79.25,7365300.0
2018-10-03,79.22000122070312,79.62999725341797,78.11000061035156,78.69999694824219,13807100.0
2018-10-04,78.3499984741211,78.37999725341797,77.45999908447266,77.91000366210938,12966500.0
2018-10-05,77.88999938964844,78.37000274658203,77.80000305175781,77.80999755859375,11725300.0
2018-10-08,78.04000091552734,79.19999694824219,77.94999694824219,78.83999633789062,8456400.0
2018-10-09,78.86000061035156,79.33000183105469,78.55000305175781,79.01000213623047,7122500.0
2018-10-10,78.9000015258789,79.23999786376953,77.81999969482422,77.81999969482422,11699500.0
2018-10-11,78.02999877929688,78.02999877929688,75.5999984741211,75.69999694824219,19049500.0
2018-10-12,76.62999725341797,76.69999694824219,75.1500015258789,75.55000305175781,12504500.0
2018-10-15,75.47000122070312,76.73999786376953,75.47000122070312,75.95999908447266,9889100.0
2018-10-16,76.2300033569336,77.73999786376953,75.86000061035156,77.61000061035156,8111000.0
2018-10-17,77.47000122070312,77.69999694824219,76.79000091552734,77.2300033569336,8601900.0
2018-10-18,77.26000213623047,77.88999938964844,76.94999694824219,77.13999938964844,7128900.0
2018-10-19,77.12000274658203,78.08000183105469,77.12000274658203,77.7300033569336,6943800.0
2018-10-22,77.94000244140625,78.27999877929688,76.70999908447266,76.70999908447266,8100600.0
2018-10-23,76.4800033569336,77.56999969482422,76.19000244140625,77.19999694824219,10027200.0
2018-10-24,77.2699966430664,78.4800033569336,77.1500015258789,77.76000213623047,14149900.0
2018-10-25,77.88999938964844,79.19999694824219,77.58000183105469,78.72000122070312,9473500.0
2018-10-26,78.38999938964844,78.47000122070312,76.38999938964844,76.87000274658203,12416500.0
2018-10-29,77.44000244140625,78.37000274658203,77.31999969482422,77.76000213623047,9833500.0
2018-10-30,78.0999984741211,79.45999908447266,77.76000213623047,78.93000030517578,12266600.0
2018-10-31,78.76000213623047,79.05999755859375,77.86000061035156,78.11000061035156,11253000.0
2018-11-01,78.18000030517578,78.5199966430664,77.73999786376953,78.4000015258789,13821500.0
2018-11-02,78.51000213623047,78.51000213623047,76.87999725341797,77.7300033569336,9900600.0
2018-11-05,77.91999816894531,79.11000061035156,77.7300033569336,78.87000274658203,14536600.0
2018-11-06,78.80000305175781,79.26000213623047,78.73999786376953,79.20999908447266,5133400.0
2018-11-07,79.69999694824219,80.20999908447266,79.13999938964844,80.20999908447266,7704800.0
2018-11-08,80.0,80.2699966430664,79.5999984741211,80.23999786376953,5218800.0
2018-11-09,80.05000305175781,80.4800033569336,79.83000183105469,80.3499984741211,6148400.0
2018-11-12,80.3499984741211,81.05000305175781,80.18000030517578,80.26000213623047,5749800.0
2018-11-13,80.41000366210938,80.7300033569336,79.86000061035156,80.33000183105469,5401800.0
2018-11-14,80.66999816894531,80.81999969482422,79.79000091552734,80.19000244140625,6817300.0
2018-11-15,79.88999938964844,80.01000213623047,78.83000183105469,79.69000244140625,9149300.0
2018-11-16,79.54000091552734,80.6500015258789,79.4000015258789,80.6500015258789,11869700.0
2018-11-19,80.62999725341797,81.16999816894531,80.08999633789062,80.6500015258789,5518700.0
2018-11-20,80.48999786376953,80.80999755859375,79.79000091552734,79.79000091552734,12269600.0
2018-11-21,79.77999877929688,80.47000122070312,79.47000122070312,79.9000015258789,6545800.0
2018-11-23,79.77999877929688,80.0199966430664,79.20999908447266,79.62999725341797,2618000.0
2018-11-26,80.0,80.18000030517578,79.47000122070312,79.91000366210938,4867500.0
2018-11-27,79.68000030517578,80.16999816894531,79.47000122070312,80.16000366210938,7151500.0
2018-11-28,80.11000061035156,80.95999908447266,79.87000274658203,80.87000274658203,9827700.0
2018-11-29,80.83000183105469,81.30999755859375,80.37999725341797,80.9800033569336,6261900.0
2018-11-30,81.01000213623047,81.77999877929688,80.83000183105469,81.77999877929688,8392100.0
2018-12-03,82.22000122070312,82.22000122070312,81.37000274658203,82.16000366210938,11246200.0
2018-12-04,82.16000366210938,82.30999755859375,80.69000244140625,80.88999938964844,11586400.0
2018-12-06,80.51000213623047,82.98999786376953,79.7699966430664,82.91999816894531,18088000.0
2018-12-07,82.5999984741211,82.8499984741211,81.52999877929688,81.75,14480700.0
2018-12-10,81.80000305175781,81.87999725341797,80.30999755859375,81.29000091552734,11460600.0
2018-12-11,81.55999755859375,82.08999633789062,81.33999633789062,81.3499984741211,6209100.0
2018-12-12,81.83999633789062,81.91999816894531,80.0,80.01000213623047,7830400.0
2018-12-13,80.06999969482422,81.13999938964844,80.05999755859375,80.48999786376953,6059700.0
2018-12-14,80.23999786376953,80.69000244140625,79.93000030517578,80.33000183105469,7787900.0
2018-12-17,79.97000122070312,80.19999694824219,76.7300033569336,76.91000366210938,13336700.0
2018-12-18,77.47000122070312,78.13999938964844,77.2699966430664,77.5999984741211,9069300.0
2018-12-19,77.62000274658203,78.37000274658203,76.55000305175781,76.75,15919200.0
2018-12-20,76.72000122070312,76.91999816894531,75.0999984741211,75.62999725341797,13771500.0
2018-12-21,75.86000061035156,77.2300033569336,74.56999969482422,74.69000244140625,12539500.0
2018-12-24,74.4000015258789,74.66999816894531,71.97000122070312,72.0,9458300.0
2018-12-26,72.19999694824219,74.43000030517578,71.41000366210938,74.36000061035156,12387500.0
2018-12-27,73.80999755859375,74.56999969482422,72.4000015258789,74.4800033569336,11498600.0
2018-12-28,75.16999816894531,75.51000213623047,74.18000030517578,74.70999908447266,13789700.0
2018-12-31,74.8499984741211,75.06999969482422,73.66999816894531,74.94000244140625,10767400.0
2019-01-02,74.08000183105469,74.18000030517578,72.93000030517578,73.31999969482422,14797200.0
2019-01-03,73.31999969482422,74.9000015258789,73.18000030517578,73.79000091552734,10602800.0
2019-01-04,74.2699966430664,75.29000091552734,73.9000015258789,74.58000183105469,10159500.0
2019-01-07,74.9000015258789,75.88999938964844,74.5999984741211,75.33000183105469,16536000.0
2019-01-08,75.77999877929688,76.91000366210938,75.52999877929688,76.69999694824219,13641700.0
2019-01-09,76.80999755859375,76.9800033569336,75.91000366210938,76.5999984741211,7852400.0
2019-01-10,76.41000366210938,77.83000183105469,76.25,77.66000366210938,6851300.0
2019-01-11,77.5999984741211,77.97000122070312,77.20999908447266,77.93000030517578,11308300.0
2019-01-14,77.7300033569336,78.12999725341797,77.3499984741211,77.68000030517578,4450900.0
2019-01-15,77.7699966430664,78.58999633789062,77.73999786376953,78.44999694824219,9190300.0
2019-01-16,78.37999725341797,79.19999694824219,78.2699966430664,78.94000244140625,5954900.0
2019-01-17,78.86000061035156,79.36000061035156,78.77999877929688,79.36000061035156,4806400.0
2019-01-18,79.5999984741211,79.66000366210938,79.02999877929688,79.66000366210938,6722600.0
2019-01-22,79.51000213623047,79.69999694824219,78.7699966430664,79.43000030517578,8530800.0
2019-01-23,79.44999694824219,79.61000061035156,78.91000366210938,79.43000030517578,5900400.0
2019-01-24,79.33000183105469,79.86000061035156,78.91999816894531,79.70999908447266,5541900.0
2019-01-25,79.95999908447266,80.69000244140625,79.66999816894531,80.63999938964844,5070400.0
2019-01-28,80.45999908447266,81.47000122070312,80.25,81.37000274658203,9187600.0
2019-01-29,81.3499984741211,82.05000305175781,81.16000366210938,82.0199966430664,6891100.0
2019-01-30,82.11000061035156,82.95999908447266,81.9000015258789,82.66999816894531,13720500.0
2019-01-31,82.62999725341797,83.55999755859375,81.93000030517578,83.54000091552734,11413400.0
2019-02-01,83.5,83.80000305175781,81.86000061035156,82.97000122070312,22702800.0
2019-02-04,83.4000015258789,83.56999969482422,82.30000305175781,83.52999877929688,10299400.0
2019-02-05,83.62000274658203,84.06999969482422,83.12999725341797,84.04000091552734,13279100.0
2019-02-06,83.87999725341797,83.9000015258789,83.22000122070312,83.45999908447266,9819000.0
2019-02-07,83.22000122070312,84.22000122070312,82.9800033569336,84.0999984741211,11887100.0
2019-02-08,83.87999725341797,84.41999816894531,83.6500015258789,84.12000274658203,5007400.0
2019-02-11,84.08999633789062,84.4800033569336,83.97000122070312,84.36000061035156,9950400.0
2019-02-12,84.27999877929688,84.44999694824219,83.56999969482422,83.87000274658203,7465100.0
2019-02-13,83.47000122070312,84.33000183105469,83.44999694824219,84.26000213623047,5129300.0
2019-02-14,84.41999816894531,84.80000305175781,84.0199966430664,84.52999877929688,6725200.0
2019-02-15,84.61000061035156,85.05999755859375,84.5199966430664,85.05000305175781,8649100.0
2019-02-19,84.81999969482422,85.19000244140625,84.70999908447266,85.06999969482422,8170800.0
2019-02-20,84.86000061035156,84.91000366210938,83.87000274658203,84.47000122070312,10041500.0
2019-02-21,84.05000305175781,84.61000061035156,83.72000122070312,84.54000091552734,7637000.0
2019-02-22,84.63999938964844,85.33000183105469,84.44000244140625,84.98999786376953,4662100.0
2019-02-25,85.02999877929688,85.26000213623047,84.30000305175781,84.37000274658203,5676600.0
2019-02-26,84.47000122070312,84.77999877929688,84.0,84.13999938964844,8905300.0
2019-02-27,83.87000274658203,84.22000122070312,83.27999877929688,83.9000015258789,11890400.0
2019-02-28,83.81999969482422,85.05999755859375,83.5999984741211,84.1500015258789,13598100.0
2019-03-01,83.88999938964844,84.25,83.04000091552734,83.97000122070312,16198300.0
2019-03-04,84.12999725341797,84.38999938964844,83.37000274658203,84.31999969482422,7710500.0
2019-03-05,84.08000183105469,84.80999755859375,84.0,84.58000183105469,5404600.0
2019-03-06,84.66000366210938,84.75,84.05000305175781,84.16999816894531,8273600.0
2019-03-07,84.16999816894531,84.73999786376953,83.76000213623047,84.0199966430664,13091800.0
2019-03-08,83.73999786376953,84.38999938964844,83.7300033569336,84.0999984741211,7727500.0
2019-03-11,84.31999969482422,85.37000274658203,84.02999877929688,85.33999633789062,6392500.0
2019-03-12,85.51000213623047,85.91000366210938,85.33999633789062,85.69000244140625,12312200.0
2019-03-13,85.63999938964844,86.31999969482422,85.63999938964844,86.08000183105469,4702600.0
2019-03-14,86.16000366210938,86.25,85.83000183105469,86.20999908447266,5380900.0
2019-03-15,86.30000305175781,86.4000015258789,85.80000305175781,86.01000213623047,13103500.0
2019-03-18,86.05999755859375,86.20999908447266,85.1500015258789,85.52999877929688,9872900.0
2019-03-19,85.58999633789062,85.70999908447266,85.04000091552734,85.27999877929688,9104800.0
2019-03-20,84.66999816894531,85.41999816894531,84.08000183105469,84.95999908447266,13586000.0
2019-03-21,84.80000305175781,86.44999694824219,84.80000305175781,86.4000015258789,9319100.0
2019-03-22,86.4800033569336,86.98999786376953,85.76000213623047,85.87999725341797,10080500.0
2019-03-25,85.98999786376953,86.19000244140625,85.38999938964844,85.9000015258789,7164300.0
2019-03-26,86.08999633789062,86.56999969482422,85.91999816894531,86.54000091552734,5168900.0
2019-03-27,86.62000274658203,86.77999877929688,85.75,86.36000061035156,6074400.0
2019-03-28,86.45999908447266,87.11000061035156,86.2300033569336,87.11000061035156,8252600.0
2019-03-29,87.05999755859375,87.25,86.70999908447266,87.04000091552734,15615100.0
2019-04-01,87.04000091552734,87.1500015258789,86.08000183105469,87.01000213623047,15425400.0
2019-04-02,87.25,87.69000244140625,86.38999938964844,87.56999969482422,10591700.0
2019-04-03,87.48999786376953,87.83999633789062,86.91999816894531,87.4800033569336,6683300.0
2019-04-04,87.55999755859375,87.66999816894531,86.94999694824219,87.3499984741211,4385200.0
2019-04-05,87.44999694824219,88.0,87.2300033569336,87.94999694824219,7558200.0
2019-04-08,87.83000183105469,87.94000244140625,87.23999786376953,87.43000030517578,7045700.0
2019-04-09,87.45999908447266,87.66000366210938,86.88999938964844,87.01000213623047,6263700.0
2019-04-10,87.29000091552734,87.83999633789062,87.1500015258789,87.80000305175781,7705300.0
2019-04-11,87.7300033569336,88.16999816894531,87.37000274658203,87.70999908447266,8367300.0
2019-04-12,87.6500015258789,88.19000244140625,87.06999969482422,88.16999816894531,4510000.0
2019-04-15,88.20999908447266,88.2300033569336,87.5,87.72000122070312,5711500.0
2019-04-16,87.69000244140625,87.79000091552734,85.48999786376953,85.83999633789062,13216800.0
2019-04-17,86.11000061035156,86.22000122070312,84.80000305175781,85.05999755859375,11148300.0
2019-04-18,85.33999633789062,85.86000061035156,84.80000305175781,85.63999938964844,5205400.0
2019-04-22,85.44000244140625,85.68000030517578,84.05999755859375,84.80000305175781,9020000.0
2019-04-23,85.0,86.0199966430664,84.79000091552734,85.80999755859375,6966200.0
2019-04-24,86.05000305175781,86.75,85.91000366210938,86.37000274658203,6065000.0
2019-04-25,86.2300033569336,86.51000213623047,85.6500015258789,86.19999694824219,5007400.0
2019-04-26,86.5,87.0,86.26000213623047,86.8499984741211,5091200.0
2019-04-29,86.75,87.08999633789062,85.95999908447266,86.0199966430664,5900700.0
2019-04-30,86.0199966430664,87.06999969482422,85.62000274658203,87.0,6396900.0
2019-05-01,87.0199966430664,87.91000366210938,86.81999969482422,86.94000244140625,12961700.0
2019-05-02,86.7699966430664,87.81999969482422,86.7699966430664,86.97000122070312,7581900.0
2019-05-03,87.22000122070312,87.75,86.98999786376953,87.66000366210938,5162400.0
2019-05-06,87.19000244140625,87.62999725341797,86.83000183105469,87.37000274658203,5222600.0
2019-05-07,87.11000061035156,87.20999908447266,85.27999877929688,85.77999877929688,8734000.0
2019-05-08,85.94000244140625,86.58000183105469,85.72000122070312,85.7699966430664,5906600.0
2019-05-09,85.62000274658203,86.13999938964844,85.01000213623047,85.97000122070312,6865500.0
2019-05-10,85.86000061035156,87.13999938964844,85.76000213623047,86.87999725341797,5017300.0
2019-05-13,86.20999908447266,86.95999908447266,86.12999725341797,86.77999877929688,5577300.0
2019-05-14,87.0,87.44000244140625,86.83000183105469,87.13999938964844,3594300.0
2019-05-15,87.08999633789062,87.95999908447266,86.80999755859375,87.70999908447266,5232000.0
2019-05-16,87.62000274658203,88.5199966430664,87.52999877929688,88.2300033569336,5949300.0
2019-05-17,87.83000183105469,88.16999816894531,87.54000091552734,87.9800033569336,4416200.0
2019-05-20,87.55999755859375,87.81999969482422,86.33000183105469,86.68000030517578,6706300.0
2019-05-21,86.86000061035156,87.61000061035156,86.86000061035156,87.41000366210938,4618400.0
2019-05-22,87.38999938964844,87.7300033569336,87.26000213623047,87.72000122070312,3795200.0
2019-05-23,87.30999755859375,87.93000030517578,87.18000030517578,87.83999633789062,5606800.0
2019-05-24,88.25,88.55999755859375,88.0199966430664,88.12999725341797,3582700.0
2019-05-28,88.41999816894531,88.61000061035156,87.16000366210938,87.19999694824219,6724400.0
2019-05-29,87.05999755859375,87.69999694824219,85.79000091552734,86.16000366210938,8017000.0
2019-05-30,86.19999694824219,86.83000183105469,86.0999984741211,86.51000213623047,6830800.0
2019-05-31,86.16000366210938,87.37999725341797,85.93000030517578,86.87000274658203,7013900.0
2019-06-03,87.1500015258789,87.38999938964844,86.56999969482422,87.20999908447266,7063700.0
2019-06-04,87.19999694824219,87.25,86.08000183105469,86.93000030517578,7322300.0
2019-06-05,87.37999725341797,88.75,87.12999725341797,88.75,11722500.0
2019-06-06,88.8499984741211,89.0,88.19000244140625,88.87999725341797,6501900.0
2019-06-07,89.37999725341797,89.63999938964844,89.01000213623047,89.1500015258789,4795700.0
2019-06-10,89.12000274658203,89.41000366210938,88.51000213623047,88.87999725341797,4710400.0
2019-06-11,89.05000305175781,89.31999969482422,88.41999816894531,89.02999877929688,4045800.0
2019-06-12,89.06999969482422,89.62999725341797,89.0,89.31999969482422,5117200.0
2019-06-13,89.5,89.6500015258789,89.16000366210938,89.6500015258789,4883900.0
2019-06-14,89.63999938964844,90.18000030517578,89.4800033569336,89.80000305175781,4808300.0
2019-06-17,89.30999755859375,90.11000061035156,89.19000244140625,90.06999969482422,8171300.0
2019-06-18,90.43000030517578,90.87000274658203,89.4800033569336,89.91000366210938,8297400.0
2019-06-19,89.7699966430664,90.6500015258789,89.33999633789062,90.47000122070312,5955500.0
2019-06-20,90.88999938964844,91.11000061035156,90.6500015258789,90.87000274658203,6541800.0
2019-06-21,90.4800033569336,90.55000305175781,89.37999725341797,89.72000122070312,11471300.0
2019-06-24,90.16000366210938,90.16999816894531,89.0999984741211,89.16000366210938,7237200.0
2019-06-25,89.33000183105469,89.56999969482422,88.01000213623047,88.0199966430664,7967000.0
2019-06-26,88.0199966430664,88.18000030517578,86.18000030517578,86.36000061035156,11381000.0
2019-06-27,86.87000274658203,87.47000122070312,86.80999755859375,87.36000061035156,7115400.0
2019-06-28,87.5,88.22000122070312,87.30999755859375,87.30999755859375,10525800.0
2019-07-01,88.25,88.25,86.68000030517578,87.61000061035156,11876800.0
2019-07-02,87.91000366210938,89.05999755859375,87.76000213623047,88.9800033569336,9713700.0
2019-07-03,89.19999694824219,90.23999786376953,89.19000244140625,90.16000366210938,6897400.0
2019-07-05,89.30000305175781,90.12999725341797,88.51000213623047,89.75,7822200.0
2019-07-08,89.73999786376953,90.33999633789062,89.63999938964844,90.04000091552734,5098200.0
2019-07-09,90.02999877929688,90.63999938964844,89.80000305175781,90.4800033569336,4096600.0
2019-07-10,90.91999816894531,91.22000122070312,90.44000244140625,90.95999908447266,6911700.0
2019-07-11,90.8499984741211,90.9800033569336,89.58999633789062,89.94000244140625,7720500.0
2019-07-12,90.0199966430664,90.12999725341797,89.45999908447266,89.77999877929688,3445300.0
2019-07-15,89.95999908447266,90.3499984741211,89.63999938964844,89.77999877929688,4142800.0
2019-07-16,89.51000213623047,89.9000015258789,89.25,89.56999969482422,5347800.0
2019-07-17,89.75,90.0199966430664,88.75,89.20999908447266,5343700.0
2019-07-18,89.05999755859375,89.5,88.56999969482422,89.2300033569336,4721400.0
2019-07-19,89.38999938964844,89.51000213623047,87.76000213623047,87.91999816894531,7972100.0
2019-07-22,88.08000183105469,88.13999938964844,87.48999786376953,87.76000213623047,5280000.0
2019-07-23,88.02999877929688,88.75,87.7699966430664,88.6500015258789,5390400.0
2019-07-24,88.87999725341797,89.05000305175781,88.47000122070312,88.9000015258789,3278500.0
2019-07-25,88.7699966430664,88.93000030517578,88.06999969482422,88.48999786376953,5028700.0
2019-07-26,88.5199966430664,88.95999908447266,88.16000366210938,88.79000091552734,3679000.0
2019-07-29,88.98999786376953,89.63999938964844,88.88999938964844,89.05000305175781,5715300.0
2019-07-30,88.95999908447266,90.0199966430664,88.88999938964844,89.69000244140625,6447700.0
2019-07-31,89.77999877929688,90.38999938964844,88.83000183105469,89.38999938964844,8864800.0
2019-08-01,89.5999984741211,90.13999938964844,88.80000305175781,89.30000305175781,12385000.0
2019-08-02,89.37999725341797,90.2300033569336,89.12999725341797,89.69999694824219,6350300.0
2019-08-05,89.43000030517578,89.44999694824219,86.93000030517578,88.08999633789062,7142800.0
2019-08-06,88.16000366210938,89.45999908447266,88.02999877929688,89.0199966430664,7494200.0
2019-08-07,89.47000122070312,90.47000122070312,87.8499984741211,89.94999694824219,9553400.0
2019-08-08,90.43000030517578,91.4800033569336,89.43000030517578,91.45999908447266,5487800.0
2019-08-09,91.18000030517578,91.69999694824219,90.51000213623047,91.44999694824219,7709500.0
2019-08-12,91.33000183105469,91.5,90.63999938964844,91.0999984741211,6719600.0
2019-08-13,91.22000122070312,91.54000091552734,90.5,91.19999694824219,6177700.0
2019-08-14,90.87000274658203,90.94999694824219,89.54000091552734,89.72000122070312,6409100.0
2019-08-15,89.97000122070312,90.83000183105469,89.80999755859375,90.70999908447266,6122800.0
2019-08-16,90.91999816894531,91.72000122070312,90.75,91.5,6465000.0
2019-08-19,91.86000061035156,92.41000366210938,91.5199966430664,92.19000244140625,5782500.0
2019-08-20,92.41999816894531,92.66000366210938,91.47000122070312,91.5,5588100.0
2019-08-21,91.83000183105469,92.08999633789062,91.44999694824219,91.83999633789062,2803900.0
2019-08-22,91.86000061035156,92.4000015258789,91.37000274658203,92.3499984741211,4349200.0
2019-08-23,92.2300033569336,92.87999725341797,90.75,91.08000183105469,7401200.0
2019-08-26,91.55000305175781,91.83999633789062,91.12999725341797,91.75,4485100.0
2019-08-27,92.22000122070312,92.5199966430664,91.36000061035156,91.4000015258789,3808700.0
2019-08-28,91.33000183105469,91.7699966430664,91.1500015258789,91.61000061035156,4426800.0
2019-08-29,92.0199966430664,92.41000366210938,91.80999755859375,92.33999633789062,3587800.0
2019-08-30,92.52999877929688,92.68000030517578,91.98999786376953,92.45999908447266,5529200.0
2019-09-03,92.2300033569336,93.36000061035156,92.11000061035156,93.36000061035156,8582000.0
2019-09-04,93.5999984741211,94.19999694824219,93.58000183105469,94.08999633789062,7135800.0
2019-09-05,94.0,94.08000183105469,93.16999816894531,93.5,10590800.0
2019-09-06,93.63999938964844,93.94999694824219,93.37999725341797,93.68000030517578,5278400.0
2019-09-09,93.58000183105469,93.83999633789062,92.87000274658203,93.06999969482422,8232600.0
2019-09-10,92.79000091552734,92.81999969482422,91.3499984741211,92.08000183105469,10505900.0
2019-09-11,92.38999938964844,92.38999938964844,91.47000122070312,92.16999816894531,8804600.0
2019-09-12,92.70999908447266,93.18000030517578,92.0999984741211,92.62000274658203,8427900.0
2019-09-13,92.12000274658203,92.94999694824219,91.37000274658203,91.54000091552734,12695100.0
2019-09-16,91.6500015258789,92.56999969482422,91.5,92.4800033569336,6522800.0
2019-09-17,92.83999633789062,93.5199966430664,92.69000244140625,93.48999786376953,10399700.0
2019-09-18,93.70999908447266,93.97000122070312,92.44000244140625,93.16000366210938,8471300.0
2019-09-19,93.44999694824219,93.93000030517578,93.27999877929688,93.61000061035156,5704800.0
2019-09-20,93.73999786376953,94.01000213623047,93.30000305175781,93.56999969482422,8492400.0
2019-09-23,93.6500015258789,94.11000061035156,93.41000366210938,93.70999908447266,5251300.0
2019-09-24,93.3499984741211,93.52999877929688,92.55999755859375,92.93000030517578,7179600.0
2019-09-25,92.86000061035156,93.2699966430664,92.61000061035156,93.0,8321200.0
2019-09-26,93.38999938964844,93.98999786376953,93.19000244140625,93.76000213623047,5250000.0
2019-09-27,93.97000122070312,94.04000091552734,92.58999633789062,93.19000244140625,9394900.0
2019-09-30,93.27999877929688,93.83000183105469,93.18000030517578,93.54000091552734,6093800.0
2019-10-01,93.26000213623047,93.66999816894531,92.47000122070312,92.55000305175781,17022800.0
2019-10-02,92.58999633789062,92.66999816894531,91.58000183105469,92.19000244140625,6776900.0
2019-10-03,92.0999984741211,93.2699966430664,91.94999694824219,93.08999633789062,10349200.0
2019-10-04,93.2699966430664,93.63999938964844,93.12999725341797,93.58999633789062,9072100.0
2019-10-07,93.13999938964844,93.86000061035156,93.04000091552734,93.33000183105469,7241000.0
2019-10-08,93.27999877929688,93.62999725341797,92.48999786376953,92.8499984741211,5088300.0
2019-10-09,93.2699966430664,93.55000305175781,92.94999694824219,93.1500015258789,4839200.0
2019-10-10,93.05999755859375,93.52999877929688,92.76000213623047,93.33000183105469,4742600.0
2019-10-11,93.5199966430664,94.02999877929688,93.20999908447266,93.26000213623047,6580100.0
2019-10-14,93.58000183105469,93.80000305175781,92.9800033569336,93.27999877929688,6357500.0
2019-10-15,93.36000061035156,93.5199966430664,92.77999877929688,93.33000183105469,5582700.0
2019-10-16,93.2699966430664,93.4000015258789,92.76000213623047,93.4000015258789,5247400.0
2019-10-17,93.5199966430664,94.06999969482422,93.43000030517578,93.91999816894531,5892100.0
2019-10-18,93.8499984741211,94.80000305175781,93.80999755859375,94.66999816894531,7523000.0
2019-10-21,94.56999969482422,95.37000274658203,94.5199966430664,95.36000061035156,7276400.0
2019-10-22,95.55000305175781,96.0,94.8499984741211,95.05000305175781,5972500.0
2019-10-23,95.22000122070312,95.22000122070312,94.38999938964844,95.18000030517578,5086800.0
2019-10-24,95.38999938964844,95.38999938964844,94.69999694824219,95.05999755859375,4463000.0
2019-10-25,94.70999908447266,94.8499984741211,93.91000366210938,94.08999633789062,5311400.0
2019-10-28,94.01000213623047,94.0999984741211,93.4000015258789,93.58000183105469,5431200.0
2019-10-29,93.69999694824219,94.31999969482422,93.47000122070312,93.9000015258789,6162700.0
2019-10-30,93.95999908447266,94.41999816894531,93.41999816894531,94.41999816894531,7246400.0
2019-10-31,94.6500015258789,94.70999908447266,93.91999816894531,94.26000213623047,6379600.0
2019-11-01,94.37000274658203,94.7300033569336,93.4000015258789,94.19000244140625,11331100.0
2019-11-04,94.05000305175781,94.18000030517578,93.30999755859375,93.45999908447266,7240400.0
2019-11-05,93.1500015258789,93.45999908447266,91.5999984741211,91.94000244140625,14543400.0
2019-11-06,92.12999725341797,92.58999633789062,91.97000122070312,92.20999908447266,6769600.0
2019-11-07,91.80000305175781,92.05999755859375,91.0199966430664,91.33000183105469,8692900.0
2019-11-08,91.19000244140625,91.70999908447266,90.94999694824219,91.16000366210938,5920100.0
2019-11-11,91.0999984741211,91.62000274658203,91.0999984741211,91.37000274658203,3298700.0
2019-11-12,91.38999938964844,91.93000030517578,90.63999938964844,90.7300033569336,6295100.0
2019-11-13,90.83999633789062,91.68000030517578,90.80000305175781,91.47000122070312,6741300.0
2019-11-14,91.7300033569336,92.19999694824219,91.52999877929688,92.19999694824219,5271700.0
2019-11-15,92.27999877929688,92.70999908447266,92.08000183105469,92.69000244140625,5697300.0
2019-11-18,92.7699966430664,93.58000183105469,92.70999908447266,93.16999816894531,5377200.0
2019-11-19,93.38999938964844,93.58000183105469,93.08999633789062,93.29000091552734,4933100.0
2019-11-20,93.33000183105469,93.5999984741211,92.88999938964844,93.2699966430664,5018400.0
2019-11-21,93.02999877929688,93.13999938964844,91.98999786376953,91.98999786376953,9731600.0
2019-11-22,92.25,92.26000213623047,91.22000122070312,91.69000244140625,6315000.0
2019-11-25,91.88999938964844,92.51000213623047,91.8499984741211,92.05000305175781,6197100.0
2019-11-26,92.19999694824219,93.29000091552734,92.13999938964844,93.16000366210938,8501900.0
2019-11-27,93.22000122070312,93.69000244140625,92.94999694824219,93.45999908447266,6540100.0
2019-11-29,93.55000305175781,93.97000122070312,93.16999816894531,93.19999694824219,5384600.0
2019-12-02,93.0999984741211,93.16999816894531,91.80000305175781,91.81999969482422,15918300.0
2019-12-03,91.75,92.51000213623047,91.69000244140625,92.37999725341797,8011800.0
2019-12-04,92.19000244140625,93.08000183105469,92.0999984741211,92.73999786376953,8346600.0
2019-12-05,92.55999755859375,92.86000061035156,92.29000091552734,92.81999969482422,8042000.0
2019-12-06,92.75,93.45999908447266,92.7300033569336,92.9800033569336,5488500.0
2019-12-09,93.08000183105469,93.33999633789062,92.73999786376953,93.16999816894531,4989200.0
2019-12-10,93.2699966430664,93.4000015258789,92.41999816894531,92.61000061035156,7777400.0
2019-12-11,92.58000183105469,92.7300033569336,91.43000030517578,91.70999908447266,10772300.0
2019-12-12,91.75,92.05000305175781,90.37000274658203,90.51000213623047,12401600.0
2019-12-13,90.66000366210938,90.9800033569336,89.91999816894531,90.5999984741211,8585500.0
2019-12-16,89.91999816894531,90.55999755859375,89.38999938964844,90.29000091552734,9229100.0
2019-12-17,90.55000305175781,90.68000030517578,89.44999694824219,89.5199966430664,5680000.0
2019-12-18,89.58999633789062,90.83000183105469,89.58999633789062,90.68000030517578,7373300.0
2019-12-19,90.55999755859375,91.47000122070312,90.47000122070312,91.43000030517578,5837700.0
2019-12-20,91.70999908447266,92.33000183105469,91.54000091552734,92.0,11474600.0
2019-12-23,92.31999969482422,92.41999816894531,91.43000030517578,91.4800033569336,5863100.0
2019-12-24,91.77999877929688,91.91000366210938,91.41000366210938,91.7300033569336,2597600.0
2019-12-26,91.83999633789062,92.22000122070312,91.69999694824219,92.22000122070312,3042600.0
2019-12-27,92.30000305175781,92.62999725341797,92.16000366210938,92.47000122070312,4802800.0
2019-12-30,92.20999908447266,92.73999786376953,92.02999877929688,92.54000091552734,6634400.0
2019-12-31,92.47000122070312,93.18000030517578,92.2699966430664,93.08000183105469,6703000.0
2020-01-02,93.44000244140625,93.54000091552734,91.5999984741211,92.05000305175781,10936800.0
2020-01-03,91.80000305175781,92.94000244140625,91.55000305175781,92.70999908447266,7953900.0
2020-01-06,92.56999969482422,93.12999725341797,92.33999633789062,92.79000091552734,6055400.0
2020-01-07,92.58000183105469,92.58000183105469,91.38999938964844,91.8499984741211,7390800.0
2020-01-08,91.91000366210938,92.33000183105469,91.62000274658203,92.06999969482422,6224600.0
2020-01-09,92.08999633789062,92.4000015258789,91.87000274658203,92.12000274658203,5057800.0
2020-01-10,92.30000305175781,92.97000122070312,92.0999984741211,92.91999816894531,7226800.0
2020-01-13,93.12000274658203,93.93000030517578,92.95999908447266,93.91000366210938,8778300.0
2020-01-14,93.91999816894531,93.91999816894531,93.08999633789062,93.55000305175781,4770600.0
2020-01-15,93.83000183105469,94.61000061035156,93.80000305175781,94.37999725341797,8431700.0
2020-01-16,94.56999969482422,95.12000274658203,94.38999938964844,95.08000183105469,5844200.0
2020-01-17,95.0,95.52999877929688,95.0,95.19000244140625,5833300.0
2020-01-21,95.33000183105469,96.18000030517578,95.0999984741211,96.16000366210938,7160700.0
2020-01-22,96.3499984741211,96.62000274658203,95.36000061035156,95.61000061035156,7816000.0
2020-01-23,95.66000366210938,96.26000213623047,95.2300033569336,96.18000030517578,6064600.0
2020-01-24,96.33000183105469,96.52999877929688,95.62999725341797,95.95999908447266,3984300.0
2020-01-27,95.43000030517578,95.76000213623047,95.19999694824219,95.5,4866600.0
2020-01-28,95.5999984741211,96.16999816894531,95.4800033569336,95.91000366210938,6030700.0
2020-01-29,96.12999725341797,96.30999755859375,95.45999908447266,95.61000061035156,4804700.0
2020-01-30,95.23999786376953,95.8499984741211,95.16999816894531,95.7300033569336,7056700.0
2020-01-31,95.54000091552734,95.69999694824219,94.30000305175781,94.56999969482422,7803900.0
2020-02-03,94.70999908447266,95.56999969482422,94.55999755859375,94.86000061035156,10799800.0
2020-02-04,95.11000061035156,96.22000122070312,94.91999816894531,95.83000183105469,6893400.0
2020-02-05,95.91999816894531,96.2300033569336,95.6500015258789,95.8499984741211,8037200.0
2020-02-06,96.1500015258789,96.45999908447266,95.98999786376953,96.20999908447266,5207400.0
2020-02-07,96.29000091552734,96.41000366210938,95.94999694824219,96.16999816894531,4246700.0
2020-02-10,96.5999984741211,97.22000122070312,96.37999725341797,97.13999938964844,6186900.0
2020-02-11,97.44999694824219,98.5,97.44999694824219,97.93000030517578,7281700.0
2020-02-12,98.16999816894531,98.95999908447266,97.83999633789062,98.70999908447266,5726300.0
2020-02-13,98.62000274658203,99.45999908447266,98.48999786376953,99.37999725341797,6023500.0
2020-02-14,99.48999786376953,100.30999755859375,99.36000061035156,100.27999877929688,4262600.0
2020-02-18,100.36000061035156,100.4000015258789,99.6500015258789,100.20999908447266,5860000.0
2020-02-19,100.2300033569336,100.75,98.9000015258789,98.94999694824219,7103500.0
2020-02-20,99.11000061035156,100.05999755859375,98.69000244140625,100.0199966430664,8793000.0
2020-02-21,99.79000091552734,100.38999938964844,99.79000091552734,100.20999908447266,6280100.0
2020-02-24,99.0,99.7699966430664,98.43000030517578,98.87000274658203,7534800.0
2020-02-25,99.06999969482422,99.29000091552734,95.95999908447266,96.22000122070312,9336400.0
2020-02-26,96.41000366210938,97.16000366210938,95.13999938964844,95.20999908447266,12259300.0
2020-02-27,93.9800033569336,93.9800033569336,90.19000244140625,90.22000122070312,18952900.0
2020-02-28,88.43000030517578,88.88999938964844,85.31999969482422,87.4000015258789,34732100.0
2020-03-02,88.48999786376953,91.95999908447266,87.95999908447266,91.61000061035156,21369400.0
2020-03-03,91.9000015258789,94.16000366210938,90.88999938964844,91.62000274658203,20821800.0
2020-03-04,93.06999969482422,95.29000091552734,92.95999908447266,95.12000274658203,12692300.0
2020-03-05,93.5999984741211,94.30999755859375,92.04000091552734,93.05000305175781,12086000.0
2020-03-06,90.7699966430664,91.80999755859375,88.58999633789062,91.47000122070312,16538800.0
2020-03-09,85.1500015258789,87.38999938964844,84.0999984741211,84.69000244140625,14725100.0
2020-03-10,86.79000091552734,88.18000030517578,83.4000015258789,87.95999908447266,18279800.0
2020-03-11,85.83999633789062,86.12000274658203,82.06999969482422,82.83999633789062,14714000.0
2020-03-12,78.0199966430664,79.95999908447266,73.36000061035156,74.7699966430664,11980900.0
2020-03-13,78.41000366210938,81.16999816894531,74.38999938964844,81.1500015258789,11713600.0
2020-03-16,72.8499984741211,74.31999969482422,66.8499984741211,67.45999908447266,12956800.0
2020-03-17,68.26000213623047,72.0199966430664,66.05999755859375,70.62999725341797,9973600.0
2020-03-18,66.30000305175781,68.41999816894531,61.029998779296875,63.68000030517578,8574700.0
2020-03-19,63.0099983215332,65.23999786376953,60.810001373291016,63.709999084472656,10115000.0
2020-03-20,64.37999725341797,66.31999969482422,60.5,60.91999816894531,12254800.0
2020-03-23,60.65999984741211,60.65999984741211,56.27000045776367,57.84000015258789,16261300.0
2020-03-24,60.90999984741211,62.61000061035156,59.290000915527344,62.470001220703125,12192800.0
2020-03-25,62.380001068115234,68.66999816894531,61.68000030517578,65.2699966430664,13699300.0
2020-03-26,66.12999725341797,70.44000244140625,65.5999984741211,70.11000061035156,11439200.0
2020-03-27,67.94000244140625,72.0199966430664,67.61000061035156,70.19999694824219,8318700.0
2020-03-30,70.79000091552734,71.81999969482422,68.48999786376953,71.5999984741211,10447900.0
2020-03-31,71.22000122070312,71.22000122070312,67.88999938964844,69.56999969482422,11231300.0
2020-04-01,66.33000183105469,69.72000122070312,63.709999084472656,64.9800033569336,11527300.0
2020-04-02,64.06999969482422,66.5199966430664,63.97999954223633,65.26000213623047,10395900.0
2020-04-03,64.70999908447266,65.55000305175781,63.0099983215332,64.23999786376953,8666500.0
2020-04-06,66.97000122070312,69.41999816894531,66.88999938964844,69.05999755859375,11485600.0
2020-04-07,71.7300033569336,73.12000274658203,69.72000122070312,69.7300033569336,9338600.0
2020-04-08,70.8499984741211,75.20999908447266,70.0999984741211,74.72000122070312,14284800.0
2020-04-09,76.33999633789062,80.12000274658203,76.33999633789062,78.87999725341797,15642200.0
2020-04-13,78.51000213623047,78.75,75.12999725341797,75.66999816894531,9757500.0
2020-04-14,77.3499984741211,78.48999786376953,76.7699966430664,77.66999816894531,8697500.0
2020-04-15,75.43000030517578,76.18000030517578,73.86000061035156,74.7300033569336,9204500.0
2020-04-16,74.5,75.31999969482422,73.36000061035156,73.88999938964844,9036800.0
2020-04-17,76.11000061035156,76.48999786376953,73.83000183105469,76.08999633789062,7339000.0
2020-04-20,74.66999816894531,75.0,73.2300033569336,73.33000183105469,7404300.0
2020-04-21,71.47000122070312,72.62999725341797,70.98999786376953,71.98999786376953,8919100.0
2020-04-22,73.31999969482422,73.76000213623047,72.45999908447266,73.13999938964844,6503500.0
2020-04-23,73.19000244140625,73.91999816894531,72.16999816894531,72.47000122070312,6051900.0
2020-04-24,72.80000305175781,73.05999755859375,71.80999755859375,72.7699966430664,4911700.0
2020-04-27,73.3499984741211,75.36000061035156,73.19000244140625,75.06999969482422,5471500.0
2020-04-28,76.7300033569336,77.5999984741211,75.66999816894531,75.75,6052900.0
2020-04-29,77.3499984741211,77.8499984741211,75.76000213623047,76.91000366210938,7196600.0
2020-04-30,75.68000030517578,76.30000305175781,74.79000091552734,76.05000305175781,8778000.0
2020-05-01,74.41000366210938,74.41999816894531,72.77999877929688,73.47000122070312,5740600.0
2020-05-04,72.66000366210938,73.33999633789062,71.58999633789062,73.25,4894100.0
2020-05-05,73.87000274658203,74.76000213623047,73.55000305175781,73.5999984741211,7107700.0
2020-05-06,74.05000305175781,74.27999877929688,72.33000183105469,72.37999725341797,5740800.0
2020-05-07,73.02999877929688,74.38999938964844,72.93000030517578,73.33999633789062,6427100.0
2020-05-08,74.5199966430664,75.27999877929688,74.12000274658203,75.08999633789062,7870600.0
2020-05-11,74.19000244140625,75.19000244140625,73.6500015258789,74.02999877929688,5544300.0
2020-05-12,74.30000305175781,74.37999725341797,70.55000305175781,70.62999725341797,10986600.0
2020-05-13,70.16000366210938,70.47000122070312,68.56999969482422,68.95999908447266,13770700.0
2020-05-14,67.95999908447266,69.31999969482422,66.44000244140625,69.27999877929688,9536900.0
2020-05-15,68.80999755859375,69.06999969482422,67.83000183105469,68.95999908447266,9552500.0
2020-05-18,71.37000274658203,73.58000183105469,71.33000183105469,72.9800033569336,11786200.0
2020-05-19,72.72000122070312,73.18000030517578,72.13999938964844,72.16000366210938,4982900.0
2020-05-20,73.02999877929688,73.11000061035156,72.29000091552734,72.86000061035156,4393100.0
2020-05-21,72.5,73.25,72.0199966430664,72.76000213623047,4139400.0
2020-05-22,72.6500015258789,73.80999755859375,72.45999908447266,73.75,4405800.0
2020-05-26,75.94000244140625,76.88999938964844,75.72000122070312,76.44000244140625,7415800.0
2020-05-27,78.18000030517578,78.33999633789062,76.04000091552734,77.91000366210938,8143900.0
2020-05-28,78.83000183105469,78.87000274658203,77.5999984741211,78.2300033569336,6195400.0
2020-05-29,77.68000030517578,78.19999694824219,76.94999694824219,77.41999816894531,10074000.0
2020-06-01,77.36000061035156,79.7699966430664,77.19999694824219,79.20999908447266,6401800.0
2020-06-02,79.8499984741211,80.12000274658203,79.06999969482422,79.91999816894531,6300800.0
2020-06-03,80.7300033569336,82.68000030517578,80.5999984741211,82.31999969482422,9371500.0
2020-06-04,82.0,82.02999877929688,80.8499984741211,81.62000274658203,6583900.0
2020-06-05,84.33000183105469,86.11000061035156,84.2300033569336,84.58999633789062,10281900.0
2020-06-08,85.68000030517578,86.86000061035156,85.66000366210938,86.81999969482422,6919300.0
2020-06-09,85.33999633789062,85.91999816894531,84.30999755859375,85.41999816894531,10855200.0
2020-06-10,84.9800033569336,85.41000366210938,82.58000183105469,83.23999786376953,9362100.0
2020-06-11,79.58000183105469,80.73999786376953,77.80999755859375,77.9800033569336,9634500.0
2020-06-12,80.62999725341797,81.0199966430664,78.52999877929688,80.7699966430664,12788900.0
2020-06-15,77.8499984741211,81.61000061035156,77.4800033569336,81.16000366210938,8011900.0
2020-06-16,84.06999969482422,84.22000122070312,81.41000366210938,82.76000213623047,7372800.0
2020-06-17,83.20999908447266,83.29000091552734,81.58000183105469,81.63999938964844,4686800.0
2020-06-18,80.91000366210938,81.19999694824219,80.33000183105469,80.7699966430664,5687200.0
2020-06-19,81.97000122070312,81.9800033569336,79.23999786376953,79.75,9850800.0
2020-06-22,79.45999908447266,79.76000213623047,78.26000213623047,79.5999984741211,5325400.0
2020-06-23,80.38999938964844,80.5199966430664,79.11000061035156,79.36000061035156,4775900.0
2020-06-24,78.33999633789062,78.58000183105469,75.33999633789062,77.08999633789062,7585000.0
2020-06-25,76.48999786376953,78.08000183105469,76.4000015258789,78.04000091552734,4919500.0
2020-06-26,77.73999786376953,78.11000061035156,76.44000244140625,76.48999786376953,6942000.0
2020-06-29,77.3499984741211,77.98999786376953,76.16999816894531,77.91999816894531,6311100.0
2020-06-30,78.01000213623047,79.23999786376953,77.69999694824219,78.80999755859375,5965600.0
2020-07-01,79.0199966430664,80.91999816894531,78.91000366210938,80.58000183105469,6281500.0
2020-07-02,81.95999908447266,82.12999725341797,80.0199966430664,80.33000183105469,4294100.0
2020-07-06,82.01000213623047,82.01000213623047,80.2300033569336,80.33999633789062,5060000.0
2020-07-07,79.52999877929688,79.94000244140625,78.7300033569336,78.80999755859375,3941100.0
2020-07-08,79.0,79.25,78.0199966430664,78.7300033569336,3753800.0
2020-07-09,78.61000061035156,78.6500015258789,77.05999755859375,78.29000091552734,3988600.0
2020-07-10,78.19999694824219,78.87000274658203,77.94000244140625,78.51000213623047,3588700.0
2020-07-13,78.93000030517578,79.1500015258789,77.29000091552734,77.54000091552734,5494600.0
2020-07-14,77.36000061035156,78.33999633789062,77.2300033569336,78.12999725341797,4973400.0
2020-07-15,79.44000244140625,79.69999694824219,78.38999938964844,78.94000244140625,4716300.0
2020-07-16,78.55999755859375,78.81999969482422,77.81999969482422,78.08000183105469,4039300.0
2020-07-17,78.43000030517578,79.41000366210938,77.93000030517578,79.05999755859375,3474300.0
2020-07-20,78.94000244140625,79.38999938964844,77.8499984741211,78.12000274658203,3111900.0
2020-07-21,78.69999694824219,79.12999725341797,78.12999725341797,78.31999969482422,3804000.0
2020-07-22,78.01000213623047,79.55000305175781,77.81999969482422,79.5199966430664,3350000.0
2020-07-23,79.27999877929688,79.80999755859375,78.19999694824219,79.11000061035156,3681000.0
2020-07-24,78.9800033569336,79.3499984741211,78.45999908447266,78.51000213623047,3584300.0
2020-07-27,78.52999877929688,79.44000244140625,77.63999938964844,79.41999816894531,2592400.0
2020-07-28,79.30000305175781,81.29000091552734,79.16000366210938,80.83999633789062,4053500.0
2020-07-29,81.43000030517578,82.70999908447266,81.41000366210938,82.6500015258789,5100100.0
2020-07-30,81.62000274658203,82.23999786376953,81.12999725341797,82.2300033569336,5807600.0
2020-07-31,82.1500015258789,82.19999694824219,80.81999969482422,82.05999755859375,6989600.0
2020-08-03,82.16000366210938,82.18000030517578,80.6500015258789,80.98999786376953,3616900.0
2020-08-04,80.80000305175781,82.27999877929688,80.79000091552734,82.01000213623047,3995000.0
2020-08-05,82.23999786376953,82.6500015258789,81.30999755859375,81.69999694824219,4036100.0
2020-08-06,81.45999908447266,81.98999786376953,81.22000122070312,81.70999908447266,3137900.0
2020-08-07,81.45999908447266,82.86000061035156,81.33000183105469,82.81999969482422,3941300.0
2020-08-10,83.0,83.5,82.5999984741211,83.0199966430664,4031300.0
2020-08-11,83.94999694824219,83.94999694824219,81.54000091552734,81.81999969482422,4076400.0
2020-08-12,82.3499984741211,82.76000213623047,82.11000061035156,82.61000061035156,2989300.0
2020-08-13,82.55999755859375,83.05999755859375,81.47000122070312,81.66999816894531,4181800.0
2020-08-14,81.47000122070312,82.43000030517578,81.38999938964844,81.68000030517578,2213900.0
2020-08-17,81.83999633789062,82.33000183105469,81.38999938964844,82.31999969482422,3122400.0
2020-08-18,82.3499984741211,82.41999816894531,81.44000244140625,81.93000030517578,3523100.0
2020-08-19,82.01000213623047,82.08999633789062,80.33999633789062,80.45999908447266,4337000.0
2020-08-20,80.08000183105469,81.69999694824219,79.8499984741211,81.19000244140625,3036300.0
2020-08-21,81.08999633789062,81.68000030517578,80.41999816894531,81.30999755859375,2933300.0
2020-08-24,81.47000122070312,81.98999786376953,80.44999694824219,81.94999694824219,3110600.0
2020-08-25,82.13999938964844,82.33999633789062,81.3499984741211,82.1500015258789,3043100.0
2020-08-26,82.0,82.05999755859375,80.87999725341797,81.37999725341797,4668400.0
2020-08-27,81.48999786376953,82.79000091552734,81.48999786376953,82.54000091552734,4541700.0
2020-08-28,82.7699966430664,83.08999633789062,81.9000015258789,83.05000305175781,3770000.0
2020-08-31,82.97000122070312,83.01000213623047,81.95999908447266,82.25,3392800.0
2020-09-01,81.98999786376953,82.41000366210938,81.4000015258789,82.33999633789062,3026500.0
2020-09-02,82.36000061035156,83.97000122070312,81.7699966430664,83.83999633789062,5049500.0
2020-09-03,83.87999725341797,84.52999877929688,82.18000030517578,82.80000305175781,5707500.0
2020-09-04,83.0,83.58000183105469,81.0199966430664,82.41999816894531,7279500.0
2020-09-08,82.06999969482422,82.06999969482422,80.79000091552734,81.38999938964844,5431300.0
2020-09-09,81.7300033569336,83.13999938964844,81.62999725341797,82.12999725341797,4645000.0
2020-09-10,82.0199966430664,82.30999755859375,80.98999786376953,81.02999877929688,4574500.0
2020-09-11,81.23999786376953,81.48999786376953,79.91000366210938,80.58000183105469,4298300.0
2020-09-14,81.16999816894531,82.94000244140625,80.94999694824219,82.73999786376953,4373400.0
2020-09-15,83.04000091552734,84.44999694824219,82.9800033569336,83.69999694824219,4166400.0
2020-09-16,84.19999694824219,84.97000122070312,83.75,84.1500015258789,3958900.0
2020-09-17,83.36000061035156,83.91999816894531,82.05999755859375,82.56999969482422,4258900.0
2020-09-18,82.5999984741211,82.5999984741211,80.63999938964844,80.79000091552734,6820100.0
2020-09-21,79.54000091552734,79.80999755859375,78.08999633789062,78.54000091552734,5721100.0
2020-09-22,78.68000030517578,80.06999969482422,78.4800033569336,79.45999908447266,4788600.0
2020-09-23,79.0199966430664,79.0199966430664,76.62000274658203,76.70999908447266,4149800.0
2020-09-24,76.70999908447266,78.12000274658203,76.36000061035156,77.05000305175781,7611800.0
2020-09-25,76.79000091552734,78.72000122070312,76.63999938964844,78.61000061035156,3292100.0
2020-09-28,79.75,80.51000213623047,79.51000213623047,80.18000030517578,3960900.0
2020-09-29,80.12000274658203,80.20999908447266,79.0,79.58000183105469,4520900.0
2020-09-30,80.0,80.69000244140625,79.04000091552734,79.83999633789062,4276500.0
2020-10-01,80.12000274658203,81.44999694824219,79.80999755859375,81.37999725341797,18707600.0
2020-10-02,80.26000213623047,82.94000244140625,79.9000015258789,82.68000030517578,18898100.0
2020-10-05,82.9000015258789,83.41999816894531,81.63999938964844,83.13999938964844,12648700.0
2020-10-06,83.33000183105469,83.7699966430664,82.29000091552734,82.62000274658203,20491400.0
2020-10-07,83.12000274658203,83.16000366210938,82.33000183105469,82.70999908447266,3424200.0
2020-10-08,83.16999816894531,84.31999969482422,82.97000122070312,84.01000213623047,4177600.0
2020-10-09,84.33000183105469,84.56999969482422,83.4000015258789,83.6500015258789,10875100.0
2020-10-12,83.76000213623047,84.31999969482422,83.30000305175781,84.1500015258789,5738400.0
2020-10-13,84.04000091552734,84.04000091552734,82.31999969482422,82.80000305175781,4940500.0
2020-10-14,82.69999694824219,82.93000030517578,81.70999908447266,81.83000183105469,5918500.0
2020-10-15,81.02999877929688,82.81999969482422,81.02999877929688,82.16999816894531,4817100.0
2020-10-16,82.19000244140625,82.30999755859375,81.52999877929688,81.66000366210938,4338800.0
2020-10-19,81.8499984741211,82.06999969482422,80.22000122070312,80.33999633789062,4996400.0
2020-10-20,80.91000366210938,81.48999786376953,80.69000244140625,80.94000244140625,7054500.0
2020-10-21,80.63999938964844,81.04000091552734,80.33000183105469,80.62000274658203,4019900.0
2020-10-22,80.56999969482422,80.87999725341797,80.23999786376953,80.5199966430664,3928800.0
2020-10-23,80.7699966430664,81.30999755859375,80.38999938964844,81.01000213623047,2641500.0
2020-10-26,80.31999969482422,80.41000366210938,79.23999786376953,79.9800033569336,3991400.0
2020-10-27,80.08000183105469,80.48999786376953,78.77999877929688,78.80000305175781,3414500.0
2020-10-28,77.45999908447266,78.2699966430664,76.61000061035156,76.87000274658203,6085000.0
2020-10-29,76.97000122070312,78.58999633789062,76.33000183105469,78.04000091552734,5759000.0
2020-10-30,77.55000305175781,78.0999984741211,76.62000274658203,77.51000213623047,6507300.0
2020-11-02,78.36000061035156,79.4800033569336,77.87999725341797,79.45999908447266,6576200.0
2020-11-03,80.08000183105469,81.3499984741211,79.88999938964844,80.98999786376953,7949700.0
2020-11-04,81.38999938964844,82.44000244140625,80.5999984741211,81.16000366210938,6721800.0
2020-11-05,81.80000305175781,82.20999908447266,81.11000061035156,81.41999816894531,5409000.0
2020-11-06,81.45999908447266,82.06999969482422,80.6500015258789,80.95999908447266,6837600.0
2020-11-09,85.0,88.76000213623047,83.0999984741211,83.30000305175781,17599700.0
2020-11-10,83.30000305175781,84.48999786376953,82.95999908447266,84.2300033569336,9468700.0
2020-11-11,84.8499984741211,85.18000030517578,83.9800033569336,84.7699966430664,5307900.0
2020-11-12,84.33999633789062,84.79000091552734,83.22000122070312,83.75,3756800.0
2020-11-13,84.12999725341797,86.08000183105469,84.12999725341797,85.94000244140625,4854100.0
2020-11-16,87.4000015258789,87.80999755859375,85.72000122070312,86.63999938964844,7907600.0
2020-11-17,85.98999786376953,87.04000091552734,85.54000091552734,86.70999908447266,5134800.0
2020-11-18,86.94999694824219,87.37000274658203,85.0199966430664,85.1500015258789,7843200.0
2020-11-19,85.05000305175781,85.37999725341797,84.02999877929688,85.31999969482422,4440100.0
2020-11-20,85.27999877929688,85.44000244140625,84.47000122070312,84.91999816894531,3544800.0
2020-11-23,85.36000061035156,85.7300033569336,84.69000244140625,84.8499984741211,4796400.0
2020-11-24,85.87000274658203,86.2699966430664,84.9800033569336,85.08999633789062,4574200.0
2020-11-25,85.23999786376953,85.31999969482422,84.43000030517578,85.16000366210938,3380500.0
2020-11-27,85.36000061035156,85.43000030517578,84.52999877929688,84.9000015258789,1658900.0
2020-11-30,84.75,84.81999969482422,83.76000213623047,84.16000366210938,4633900.0
2020-12-01,85.18000030517578,85.48999786376953,84.77999877929688,85.12000274658203,4831100.0
2020-12-02,84.87999725341797,85.43000030517578,84.2300033569336,84.36000061035156,4372300.0
2020-12-03,84.43000030517578,85.38999938964844,84.29000091552734,84.98999786376953,4539200.0
2020-12-04,85.4000015258789,86.26000213623047,85.3499984741211,86.23999786376953,3714600.0
2020-12-07,85.94999694824219,86.33000183105469,85.23999786376953,85.56999969482422,8254400.0
2020-12-08,85.16999816894531,85.66999816894531,85.05999755859375,85.1500015258789,4100000.0
2020-12-09,85.23999786376953,85.37000274658203,83.95999908447266,84.5,7956700.0
2020-12-10,84.13999938964844,84.68000030517578,83.7300033569336,84.01000213623047,2823000.0
2020-12-11,83.63999938964844,84.1500015258789,83.22000122070312,84.05000305175781,2862700.0
2020-12-14,84.06999969482422,84.69999694824219,82.98999786376953,83.05999755859375,3817000.0
2020-12-15,83.4000015258789,84.68000030517578,82.88999938964844,84.66000366210938,3719700.0
2020-12-16,84.88999938964844,85.33000183105469,84.33000183105469,84.79000091552734,3965600.0
2020-12-17,85.25,85.69000244140625,84.8499984741211,85.62000274658203,3547200.0
2020-12-18,85.68000030517578,85.81999969482422,83.54000091552734,84.08000183105469,4291000.0
2020-12-21,82.91999816894531,83.68000030517578,82.56999969482422,83.54000091552734,4952200.0
2020-12-22,83.70999908447266,84.2699966430664,83.31999969482422,84.19999694824219,3383200.0
2020-12-23,84.55999755859375,85.01000213623047,83.55000305175781,83.62999725341797,4579400.0
2020-12-24,83.93000030517578,84.31999969482422,83.68000030517578,84.29000091552734,981700.0
2020-12-28,84.66000366210938,85.2300033569336,84.26000213623047,85.05999755859375,6311700.0
2020-12-29,85.44999694824219,85.75,84.19000244140625,84.37000274658203,3138900.0
2020-12-30,84.29000091552734,85.31999969482422,84.29000091552734,84.75,4933800.0
2020-12-31,84.73999786376953,85.87999725341797,84.08000183105469,85.6500015258789,4171500.0
2021-01-04,85.86000061035156,85.98999786376953,82.70999908447266,82.73999786376953,14744100.0
2021-01-05,82.72000122070312,83.48999786376953,82.63999938964844,82.7300033569336,13595100.0
2021-01-06,82.66000366210938,83.26000213623047,82.1500015258789,82.69000244140625,18629400.0
2021-01-07,82.69999694824219,83.0,82.19000244140625,82.68000030517578,10663300.0
2021-01-08,82.8499984741211,83.73999786376953,82.80999755859375,83.4800033569336,4345200.0
2021-01-11,83.08000183105469,83.37999725341797,82.06999969482422,82.30000305175781,3548500.0
2021-01-12,82.12999725341797,82.43000030517578,81.45999908447266,82.2699966430664,5314900.0
2021-01-13,82.19000244140625,83.43000030517578,82.19000244140625,83.27999877929688,8842500.0
2021-01-14,83.5,84.16999816894531,83.13999938964844,83.63999938964844,4538600.0
2021-01-15,83.54000091552734,84.88999938964844,83.26000213623047,84.58999633789062,6775200.0
2021-01-19,85.1500015258789,85.1500015258789,84.04000091552734,84.36000061035156,3413600.0
2021-01-20,84.38999938964844,86.37999725341797,84.13999938964844,86.05999755859375,6889500.0
2021-01-21,85.7300033569336,85.93000030517578,85.01000213623047,85.80000305175781,4779600.0
2021-01-22,85.47000122070312,86.16000366210938,85.22000122070312,85.97000122070312,6286300.0
2021-01-25,86.01000213623047,87.20999908447266,85.54000091552734,86.61000061035156,5140000.0
2021-01-26,86.76000213623047,87.5,86.62000274658203,87.23999786376953,3790600.0
2021-01-27,86.69000244140625,87.30999755859375,85.31999969482422,85.79000091552734,5641100.0
2021-01-28,85.69999694824219,87.13999938964844,85.37999725341797,86.16000366210938,5032200.0
2021-01-29,85.86000061035156,86.55999755859375,84.81999969482422,85.27999877929688,5572600.0
2021-02-01,85.79000091552734,87.4000015258789,84.87000274658203,87.33999633789062,13611800.0
2021-02-02,87.87000274658203,88.11000061035156,87.12999725341797,87.80999755859375,12298500.0
2021-02-03,87.51000213623047,87.73999786376953,86.37000274658203,87.56999969482422,11551100.0
2021-02-04,87.5999984741211,88.56999969482422,87.37999725341797,88.06999969482422,11375300.0
2021-02-05,88.2300033569336,88.51000213623047,87.94999694824219,88.23999786376953,5332900.0
2021-02-08,88.23999786376953,88.5,87.80000305175781,88.4800033569336,5033800.0
2021-02-09,88.55000305175781,89.01000213623047,88.30000305175781,88.87000274658203,3279900.0
2021-02-10,89.33999633789062,89.98999786376953,88.94999694824219,89.44000244140625,5026400.0
2021-02-11,89.4800033569336,89.88999938964844,88.98999786376953,89.41999816894531,3177900.0
2021-02-12,89.4000015258789,89.58000183105469,88.76000213623047,89.54000091552734,2701900.0
2021-02-16,89.58999633789062,89.62000274658203,88.1500015258789,88.66000366210938,3652000.0
2021-02-17,88.45999908447266,88.70999908447266,88.05000305175781,88.54000091552734,6557400.0
2021-02-18,88.16000366210938,88.55000305175781,88.05999755859375,88.30000305175781,6013800.0
2021-02-19,88.73999786376953,89.25,88.30000305175781,88.70999908447266,3839200.0
2021-02-22,88.41999816894531,89.55999755859375,88.1500015258789,89.23999786376953,5062000.0
2021-02-23,89.52999877929688,89.94999694824219,89.16999816894531,89.73999786376953,5684500.0
2021-02-24,89.63999938964844,90.4800033569336,89.33000183105469,90.22000122070312,6117200.0
2021-02-25,90.1500015258789,90.8499984741211,88.13999938964844,88.69999694824219,9618100.0
2021-02-26,88.93000030517578,89.04000091552734,87.29000091552734,87.3499984741211,9978600.0
2021-03-01,88.26000213623047,89.08000183105469,87.5,87.56999969482422,12062500.0
2021-03-02,87.55999755859375,87.55999755859375,86.30000305175781,86.86000061035156,14819900.0
2021-03-03,86.76000213623047,87.01000213623047,85.9800033569336,86.0999984741211,15991200.0
2021-03-04,86.36000061035156,86.91999816894531,84.38999938964844,85.25,18710500.0
2021-03-05,86.05000305175781,86.69000244140625,84.05000305175781,86.33000183105469,7882500.0
2021-03-08,86.62000274658203,87.9000015258789,86.08999633789062,87.04000091552734,8494900.0
2021-03-09,87.48999786376953,88.30999755859375,87.41000366210938,87.58999633789062,4385100.0
2021-03-10,87.77999877929688,88.87000274658203,87.52999877929688,88.43000030517578,5016100.0
2021-03-11,88.56999969482422,89.91999816894531,88.4000015258789,89.37999725341797,4329100.0
2021-03-12,89.25,90.87000274658203,89.25,90.87000274658203,5521800.0
2021-03-15,90.9000015258789,92.3499984741211,90.56999969482422,92.12000274658203,5335500.0
2021-03-16,92.11000061035156,92.47000122070312,91.45999908447266,91.91999816894531,4162000.0
2021-03-17,91.75,91.95999908447266,90.93000030517578,91.95999908447266,5849400.0
2021-03-18,91.37000274658203,91.56999969482422,90.66999816894531,91.1500015258789,7539500.0
2021-03-19,90.97000122070312,91.51000213623047,89.91000366210938,90.04000091552734,9974900.0
2021-03-22,89.8499984741211,91.0199966430664,89.69000244140625,90.83999633789062,3748200.0
2021-03-23,90.8499984741211,91.55999755859375,90.44999694824219,90.8499984741211,3981800.0
2021-03-24,90.72000122070312,91.54000091552734,90.37999725341797,90.43000030517578,4046300.0
2021-03-25,89.83999633789062,90.93000030517578,88.87999725341797,90.7300033569336,4701600.0
2021-03-26,91.12000274658203,92.79000091552734,91.0,92.73999786376953,5190300.0
2021-03-29,92.44999694824219,92.83000183105469,91.45999908447266,92.38999938964844,5668600.0
2021-03-30,92.22000122070312,92.58000183105469,91.97000122070312,92.31999969482422,7171800.0
2021-03-31,92.22000122070312,92.88999938964844,91.4800033569336,91.94000244140625,8863600.0
2021-04-01,92.44999694824219,93.62000274658203,92.01000213623047,93.58000183105469,15804700.0
2021-04-05,94.13999938964844,94.13999938964844,93.01000213623047,93.94999694824219,18032000.0
2021-04-06,94.0,94.19999694824219,93.4800033569336,94.19999694824219,15602600.0
2021-04-07,94.36000061035156,94.44999694824219,93.44000244140625,94.19999694824219,14850600.0
2021-04-08,94.2699966430664,94.66999816894531,93.83999633789062,93.97000122070312,5862600.0
2021-04-09,94.12999725341797,94.12999725341797,93.62999725341797,93.95999908447266,5877900.0
2021-04-12,94.11000061035156,94.4800033569336,93.37999725341797,94.47000122070312,4359100.0
2021-04-13,94.43000030517578,95.13999938964844,94.26000213623047,95.04000091552734,7435300.0
2021-04-14,95.08999633789062,95.48999786376953,94.36000061035156,94.45999908447266,7114900.0
2021-04-15,95.05999755859375,96.12999725341797,94.87000274658203,96.12999725341797,9781300.0
2021-04-16,96.4000015258789,96.61000061035156,95.98999786376953,96.31999969482422,4035100.0
2021-04-19,96.37999725341797,96.58000183105469,95.8499984741211,96.55000305175781,4047600.0
2021-04-20,96.33000183105469,97.69999694824219,96.33000183105469,97.55999755859375,5150300.0
2021-04-21,97.66999816894531,98.19999694824219,97.31999969482422,98.01000213623047,4585600.0
2021-04-22,97.94999694824219,98.41000366210938,97.36000061035156,97.61000061035156,6062500.0
2021-04-23,97.80999755859375,98.33999633789062,97.51000213623047,98.19999694824219,5015400.0
2021-04-26,98.68000030517578,98.87000274658203,98.0999984741211,98.36000061035156,4457100.0
2021-04-27,98.68000030517578,98.68000030517578,98.08999633789062,98.38999938964844,3843900.0
2021-04-28,98.44000244140625,98.56999969482422,97.80000305175781,97.9800033569336,5307300.0
2021-04-29,98.55999755859375,99.08000183105469,98.08000183105469,98.77999877929688,4774900.0
2021-04-30,98.48999786376953,99.37000274658203,98.2699966430664,99.19000244140625,4994700.0
2021-05-03,99.61000061035156,99.62000274658203,98.66999816894531,99.02999877929688,15941100.0
2021-05-04,98.75,99.23999786376953,97.7699966430664,98.12999725341797,15545400.0
2021-05-05,98.0999984741211,98.0999984741211,96.37999725341797,96.70999908447266,17545900.0
2021-05-06,96.77999877929688,97.36000061035156,96.44000244140625,97.2300033569336,16013800.0
2021-05-07,97.54000091552734,98.58999633789062,97.25,98.58999633789062,6441200.0
2021-05-10,98.80000305175781,99.75,98.62999725341797,98.62999725341797,7486800.0
2021-05-11,97.9000015258789,97.9000015258789,96.72000122070312,97.51000213623047,8099300.0
2021-05-12,97.30999755859375,97.44000244140625,95.01000213623047,95.0999984741211,9227200.0
2021-05-13,95.27999877929688,96.87999725341797,95.27999877929688,96.26000213623047,10680600.0
2021-05-14,96.77999877929688,97.62000274658203,96.56999969482422,97.33000183105469,5704900.0
2021-05-17,97.54000091552734,97.61000061035156,96.93000030517578,97.41999816894531,4665200.0
2021-05-18,97.37000274658203,98.0999984741211,96.80999755859375,97.55000305175781,3801600.0
2021-05-19,96.7699966430664,97.27999877929688,95.88999938964844,97.27999877929688,8013300.0
2021-05-20,97.30000305175781,98.7300033569336,97.05000305175781,98.4800033569336,6117200.0
2021-05-21,98.61000061035156,98.86000061035156,98.08000183105469,98.30999755859375,6711200.0
2021-05-24,98.80000305175781,99.81999969482422,98.66999816894531,99.41999816894531,4352500.0
2021-05-25,99.55000305175781,99.88999938964844,99.01000213623047,99.51000213623047,8828700.0
2021-05-26,99.70999908447266,100.33999633789062,99.45999908447266,99.83999633789062,6120900.0
2021-05-27,100.05000305175781,100.08999633789062,99.3499984741211,99.5,7308900.0
2021-05-28,100.02999877929688,100.47000122070312,99.77999877929688,100.19000244140625,7383300.0
2021-06-01,100.62999725341797,101.8499984741211,100.27999877929688,101.7699966430664,12740100.0
2021-06-02,102.22000122070312,103.08999633789062,101.79000091552734,102.98999786376953,15539800.0
2021-06-03,102.94999694824219,102.94999694824219,102.18000030517578,102.79000091552734,14727100.0
2021-06-04,103.12000274658203,103.20999908447266,102.27999877929688,102.80000305175781,13005500.0
2021-06-07,102.9000015258789,104.0999984741211,102.9000015258789,103.80999755859375,6510100.0
2021-06-08,103.86000061035156,104.66999816894531,103.86000061035156,104.4800033569336,6112100.0
2021-06-09,104.79000091552734,105.01000213623047,104.51000213623047,104.70999908447266,5928800.0
2021-06-10,104.1500015258789,105.22000122070312,103.86000061035156,104.97000122070312,5998100.0
2021-06-11,104.94999694824219,104.97000122070312,103.97000122070312,104.44999694824219,7348300.0
2021-06-14,104.38999938964844,104.91999816894531,104.26000213623047,104.91000366210938,5301700.0
2021-06-15,104.91000366210938,104.91000366210938,103.75,103.80999755859375,7924200.0
2021-06-16,104.04000091552734,104.41999816894531,102.83999633789062,102.87999725341797,8696000.0
2021-06-17,102.72000122070312,103.19000244140625,102.33999633789062,103.04000091552734,9029000.0
2021-06-18,102.76000213623047,102.9800033569336,101.37999725341797,101.41000366210938,7828200.0
2021-06-21,101.69999694824219,103.7300033569336,101.45999908447266,103.47000122070312,6758900.0
2021-06-22,103.51000213623047,103.54000091552734,102.93000030517578,102.97000122070312,6023100.0
2021-06-23,102.91999816894531,103.25,102.63999938964844,102.69999694824219,6447800.0
2021-06-24,103.0,103.02999877929688,101.94999694824219,102.36000061035156,4016200.0
2021-06-25,102.44999694824219,103.2300033569336,102.29000091552734,103.2300033569336,6519600.0
2021-06-28,103.44000244140625,103.47000122070312,102.08000183105469,102.81999969482422,4205000.0
2021-06-29,102.88999938964844,103.4000015258789,102.48999786376953,102.5199966430664,4639000.0
2021-06-30,102.56999969482422,103.11000061035156,101.81999969482422,101.94000244140625,7737400.0
2021-07-01,102.0,103.0999984741211,101.61000061035156,102.33999633789062,16376200.0
2021-07-02,102.7300033569336,103.16000366210938,102.27999877929688,102.68000030517578,16421400.0
2021-07-06,102.68000030517578,103.70999908447266,101.95999908447266,103.45999908447266,15654200.0
2021-07-07,103.41999816894531,104.3499984741211,103.04000091552734,103.83999633789062,14413500.0
2021-07-08,103.18000030517578,104.1500015258789,102.95999908447266,103.87999725341797,9538400.0
2021-07-09,104.3499984741211,105.44000244140625,104.02999877929688,105.4000015258789,9087900.0
2021-07-12,105.33000183105469,106.33000183105469,105.19000244140625,106.16999816894531,6150500.0
2021-07-13,105.93000030517578,106.08000183105469,104.37999725341797,104.63999938964844,10277000.0
2021-07-14,104.81999969482422,105.80000305175781,104.51000213623047,105.48999786376953,6584500.0
2021-07-15,105.30999755859375,105.87000274658203,105.26000213623047,105.76000213623047,5393200.0
2021-07-16,106.22000122070312,106.54000091552734,105.69999694824219,105.77999877929688,7061100.0
2021-07-19,104.83000183105469,104.88999938964844,103.16999816894531,103.93000030517578,12408200.0
2021-07-20,104.5199966430664,106.6500015258789,104.37999725341797,106.2699966430664,8337700.0
2021-07-21,106.5199966430664,106.80999755859375,105.94000244140625,106.0999984741211,7475900.0
2021-07-22,105.6500015258789,105.76000213623047,104.83000183105469,105.30999755859375,4917100.0
2021-07-23,105.68000030517578,106.41000366210938,105.44000244140625,106.25,5695600.0
2021-07-26,106.13999938964844,106.47000122070312,105.48999786376953,106.18000030517578,4069000.0
2021-07-27,106.1500015258789,107.08999633789062,105.7699966430664,106.95999908447266,6394500.0
2021-07-28,106.81999969482422,106.98999786376953,106.08000183105469,106.44999694824219,7576300.0
2021-07-29,106.72000122070312,107.5,106.36000061035156,106.44999694824219,5299900.0
2021-07-30,106.66000366210938,107.98999786376953,106.5,106.72000122070312,5865600.0
2021-08-02,107.08999633789062,107.94000244140625,106.37000274658203,106.4800033569336,7787900.0
2021-08-03,106.79000091552734,106.9000015258789,105.98999786376953,106.69000244140625,6865200.0
2021-08-04,106.5199966430664,107.0199966430664,105.86000061035156,106.2699966430664,5810300.0
2021-08-05,106.83000183105469,107.37999725341797,106.41999816894531,107.33999633789062,5536800.0
2021-08-06,107.54000091552734,107.80000305175781,106.88999938964844,107.08000183105469,4280800.0
2021-08-09,106.94999694824219,106.94999694824219,106.33999633789062,106.5,3233400.0
2021-08-10,106.69999694824219,106.70999908447266,105.33999633789062,105.43000030517578,5110400.0
2021-08-11,105.94000244140625,106.19000244140625,105.47000122070312,106.02999877929688,5440000.0
2021-08-12,106.30000305175781,106.44000244140625,105.80999755859375,106.44000244140625,4141700.0
2021-08-13,106.69999694824219,107.06999969482422,106.29000091552734,107.05000305175781,6924600.0
2021-08-16,106.95999908447266,107.45999908447266,106.66000366210938,106.91000366210938,5347500.0
2021-08-17,106.4800033569336,106.9800033569336,106.06999969482422,106.91999816894531,4903400.0
2021-08-18,106.76000213623047,106.76000213623047,105.83000183105469,105.87999725341797,4409500.0
2021-08-19,105.62000274658203,106.61000061035156,105.23999786376953,106.45999908447266,6925900.0
2021-08-20,106.44000244140625,107.43000030517578,105.68000030517578,107.0,5076600.0
2021-08-23,107.19999694824219,107.38999938964844,106.5,106.76000213623047,4496400.0
2021-08-24,106.94000244140625,106.98999786376953,105.86000061035156,106.27999877929688,3597100.0
2021-08-25,106.26000213623047,106.7699966430664,105.79000091552734,106.2699966430664,4231900.0
2021-08-26,106.36000061035156,106.56999969482422,105.7699966430664,106.13999938964844,4458700.0
2021-08-27,106.52999877929688,107.48999786376953,106.47000122070312,107.16999816894531,3620800.0
2021-08-30,107.31999969482422,108.33000183105469,106.9800033569336,108.27999877929688,6983800.0
2021-08-31,108.02999877929688,108.97000122070312,107.77999877929688,108.79000091552734,8709400.0
2021-09-01,109.08000183105469,110.75,109.04000091552734,110.75,16250300.0
2021-09-02,110.88999938964844,111.26000213623047,110.0,111.23999786376953,16311700.0
2021-09-03,110.97000122070312,111.44000244140625,110.02999877929688,111.2699966430664,15133700.0
2021-09-07,111.08999633789062,111.19000244140625,109.1500015258789,110.02999877929688,14891200.0
2021-09-08,109.75,110.97000122070312,109.41999816894531,110.63999938964844,10358700.0
2021-09-09,110.0199966430664,110.12000274658203,108.44000244140625,108.48999786376953,6180500.0
2021-09-10,108.66999816894531,108.69999694824219,107.02999877929688,107.05000305175781,7861100.0
2021-09-13,107.94999694824219,108.5,107.27999877929688,107.4800033569336,7833200.0
2021-09-14,108.0,108.12000274658203,106.80999755859375,107.20999908447266,6397200.0
2021-09-15,107.43000030517578,108.16999816894531,106.95999908447266,107.61000061035156,6245100.0
2021-09-16,107.48999786376953,108.29000091552734,106.94999694824219,107.80999755859375,6076200.0
2021-09-17,107.55999755859375,108.0199966430664,106.66000366210938,106.79000091552734,10076900.0
2021-09-20,105.7699966430664,106.83000183105469,105.0,106.2300033569336,12678100.0
2021-09-21,106.77999877929688,107.51000213623047,106.22000122070312,106.2300033569336,8385000.0
2021-09-22,106.94999694824219,107.8499984741211,106.45999908447266,107.2699966430664,7071900.0
2021-09-23,107.48999786376953,107.83000183105469,106.80000305175781,106.9000015258789,6242600.0
2021-09-24,106.29000091552734,106.72000122070312,105.20999908447266,105.38999938964844,7605200.0
2021-09-27,105.43000030517578,106.12000274658203,103.87000274658203,103.95999908447266,6814500.0
2021-09-28,103.4000015258789,103.80999755859375,102.62999725341797,103.22000122070312,11006100.0
2021-09-29,103.75,104.51000213623047,103.63999938964844,104.01000213623047,7849800.0
2021-09-30,104.45999908447266,104.48999786376953,102.37999725341797,102.38999938964844,11283100.0
2021-10-01,102.87999725341797,104.4000015258789,102.33999633789062,103.83000183105469,10761400.0
2021-10-04,103.56999969482422,104.18000030517578,103.05000305175781,103.62000274658203,10771600.0
2021-10-05,103.80000305175781,103.81999969482422,102.62999725341797,103.02999877929688,8068400.0
2021-10-06,102.55000305175781,104.13999938964844,101.55999755859375,104.05000305175781,8038400.0
2021-10-07,104.6500015258789,105.48999786376953,104.0999984741211,104.23999786376953,6938100.0
2021-10-08,104.06999969482422,104.29000091552734,103.20999908447266,103.33000183105469,4286100.0
2021-10-11,103.29000091552734,104.01000213623047,102.83000183105469,103.61000061035156,3609400.0
2021-10-12,103.80000305175781,105.41000366210938,103.52999877929688,105.0199966430664,6262300.0
2021-10-13,104.86000061035156,105.8499984741211,104.22000122070312,105.76000213623047,6317500.0
2021-10-14,106.43000030517578,107.22000122070312,106.1500015258789,107.19000244140625,4335100.0
2021-10-15,107.87000274658203,108.05999755859375,106.63999938964844,107.16999816894531,5649200.0
2021-10-18,106.62000274658203,107.80000305175781,106.5199966430664,107.41999816894531,6011700.0
2021-10-19,107.83999633789062,108.20999908447266,107.51000213623047,107.66000366210938,4084000.0
2021-10-20,107.75,109.26000213623047,107.75,109.26000213623047,4710100.0
2021-10-21,109.19000244140625,109.5,108.95999908447266,109.43000030517578,5806100.0
2021-10-22,109.62999725341797,110.33000183105469,109.54000091552734,110.0199966430664,8094900.0
2021-10-25,110.23999786376953,110.66000366210938,109.41999816894531,110.37000274658203,4816600.0
2021-10-26,110.56999969482422,111.08000183105469,110.3499984741211,110.69999694824219,6085900.0
2021-10-27,111.0999984741211,111.18000030517578,109.55000305175781,109.69000244140625,7741400.0
2021-10-28,109.62999725341797,111.01000213623047,109.5999984741211,110.95999908447266,7503100.0
2021-10-29,110.56999969482422,110.9000015258789,109.25,109.83999633789062,8811200.0
2021-11-01,110.0,110.30000305175781,108.36000061035156,110.04000091552734,9795700.0
2021-11-02,110.51000213623047,110.93000030517578,109.63999938964844,110.47000122070312,6165200.0
2021-11-03,110.5199966430664,111.0,109.87000274658203,110.69000244140625,4774700.0
2021-11-04,110.80999755859375,111.19999694824219,109.36000061035156,109.72000122070312,4961600.0
2021-11-05,110.56999969482422,111.47000122070312,109.93000030517578,110.23999786376953,6082900.0
2021-11-08,110.51000213623047,110.51000213623047,109.26000213623047,110.0199966430664,4248800.0
2021-11-09,110.25,110.47000122070312,109.93000030517578,110.26000213623047,3419100.0
2021-11-10,110.06999969482422,110.62000274658203,109.70999908447266,109.76000213623047,4840900.0
2021-11-11,109.9000015258789,110.05999755859375,109.20999908447266,109.98999786376953,2752100.0
2021-11-12,110.27999877929688,110.33000183105469,109.62999725341797,110.04000091552734,4328300.0
2021-11-15,110.06999969482422,110.72000122070312,109.75,110.69000244140625,4996900.0
2021-11-16,110.80999755859375,110.88999938964844,109.76000213623047,110.04000091552734,4826700.0
2021-11-17,109.73999786376953,110.52999877929688,108.3499984741211,110.43000030517578,6854100.0
2021-11-18,110.5999984741211,110.5999984741211,109.86000061035156,110.37999725341797,5395200.0
2021-11-19,110.44000244140625,110.70999908447266,109.44000244140625,109.87999725341797,6454800.0
2021-11-22,109.91999816894531,110.13999938964844,109.02999877929688,109.13999938964844,4993300.0
2021-11-23,109.23999786376953,110.31999969482422,108.95999908447266,110.0199966430664,6294200.0
2021-11-24,110.05000305175781,111.54000091552734,109.79000091552734,111.3499984741211,5042300.0
2021-11-26,109.76000213623047,109.94000244140625,108.01000213623047,108.2699966430664,7050900.0
2021-11-29,109.16999816894531,110.25,108.43000030517578,109.41000366210938,9997900.0
2021-11-30,108.93000030517578,109.0999984741211,106.91999816894531,107.19000244140625,13914200.0
2021-12-01,108.31999969482422,109.51000213623047,105.51000213623047,105.54000091552734,17616800.0
2021-12-02,106.13999938964844,109.30999755859375,106.01000213623047,108.75,15008700.0
2021-12-03,109.0,109.37999725341797,107.43000030517578,108.26000213623047,14207500.0
2021-12-06,109.06999969482422,110.80000305175781,109.0199966430664,110.0,12441800.0
2021-12-07,110.94999694824219,111.93000030517578,110.58000183105469,111.6500015258789,7534800.0
2021-12-08,111.8499984741211,112.6500015258789,111.37999725341797,112.33999633789062,9311200.0
2021-12-09,112.04000091552734,112.05999755859375,110.83999633789062,110.91000366210938,5102300.0
2021-12-10,111.23999786376953,111.58999633789062,110.76000213623047,111.18000030517578,3593700.0
2021-12-13,109.79000091552734,111.73999786376953,109.62999725341797,111.25,7406800.0
2021-12-14,111.11000061035156,111.11000061035156,109.25,109.88999938964844,11908600.0
2021-12-15,110.0,111.58000183105469,109.94999694824219,111.4000015258789,11106400.0
2021-12-16,111.66999816894531,112.36000061035156,110.83000183105469,111.43000030517578,8093000.0
2021-12-17,111.2300033569336,112.4800033569336,110.93000030517578,111.20999908447266,9501900.0
2021-12-20,110.13999938964844,110.79000091552734,109.23999786376953,110.31999969482422,15275200.0
2021-12-21,111.1500015258789,111.9800033569336,111.0,111.43000030517578,7384800.0
2021-12-22,111.79000091552734,112.5999984741211,111.69000244140625,112.51000213623047,5007700.0
2021-12-23,112.94999694824219,112.94999694824219,111.83999633789062,112.41000366210938,7972000.0
2021-12-27,112.5,114.33000183105469,112.36000061035156,114.29000091552734,8782300.0
2021-12-28,114.36000061035156,114.86000061035156,113.97000122070312,114.68000030517578,7629000.0
2021-12-29,114.87000274658203,115.73999786376953,114.41999816894531,115.43000030517578,6502600.0
2021-12-30,115.43000030517578,116.37000274658203,115.08999633789062,115.94999694824219,7116800.0
2021-12-31,115.91999816894531,116.88999938964844,115.87999725341797,116.13999938964844,3877400.0
2022-01-03,116.5,116.75,113.58000183105469,115.26000213623047,13194000.0
2022-01-04,115.58000183105469,116.13999938964844,114.88999938964844,115.04000091552734,9363000.0
2022-01-05,114.75,114.91000366210938,111.55000305175781,111.62999725341797,12110000.0
2022-01-06,111.73999786376953,112.12999725341797,110.51000213623047,111.61000061035156,7920600.0
2022-01-07,111.30000305175781,111.62999725341797,110.55000305175781,110.86000061035156,7883300.0
2022-01-10,110.25,110.33000183105469,108.8499984741211,110.30000305175781,10109200.0
2022-01-11,110.27999877929688,110.66000366210938,108.87999725341797,110.58000183105469,7339300.0
2022-01-12,110.5,111.38999938964844,110.5,110.69000244140625,5936600.0
2022-01-13,111.08000183105469,111.4800033569336,110.22000122070312,110.33999633789062,6922600.0
2022-01-14,109.79000091552734,109.94000244140625,108.0999984741211,109.29000091552734,12194800.0
2022-01-18,108.58000183105469,108.80999755859375,107.55999755859375,108.30999755859375,9457200.0
2022-01-19,108.77999877929688,109.37000274658203,106.94000244140625,106.94999694824219,7194100.0
2022-01-20,107.19999694824219,108.38999938964844,105.58000183105469,105.62000274658203,12901400.0
2022-01-21,106.2300033569336,106.75,105.12999725341797,105.37000274658203,16205400.0
2022-01-24,104.63999938964844,105.79000091552734,101.7300033569336,105.54000091552734,19913600.0
2022-01-25,104.33999633789062,105.88999938964844,103.19999694824219,105.05999755859375,14780800.0
2022-01-26,105.77999877929688,106.88999938964844,102.76000213623047,103.36000061035156,15672600.0
2022-01-27,104.08999633789062,104.95999908447266,101.4000015258789,101.80999755859375,11946500.0
2022-01-28,101.98999786376953,105.12000274658203,100.80000305175781,104.9800033569336,13488400.0
2022-01-31,104.66000366210938,106.6500015258789,104.33000183105469,106.58000183105469,8569000.0
2022-02-01,106.58999633789062,106.75,105.36000061035156,105.98999786376953,11087000.0
2022-02-02,106.56999969482422,107.70999908447266,106.37000274658203,107.45999908447266,7393800.0
2022-02-03,106.79000091552734,107.19000244140625,106.11000061035156,106.11000061035156,7099600.0
2022-02-04,105.55999755859375,106.38999938964844,104.20999908447266,105.12999725341797,9197300.0
2022-02-07,105.2699966430664,105.70999908447266,104.7300033569336,104.94999694824219,7632100.0
2022-02-08,104.83000183105469,105.26000213623047,104.1500015258789,104.4000015258789,8280000.0
2022-02-09,105.52999877929688,106.87000274658203,105.5199966430664,106.79000091552734,7728600.0
2022-02-10,105.30000305175781,106.69999694824219,103.55999755859375,104.12000274658203,11837300.0
2022-02-11,104.66999816894531,104.98999786376953,102.44000244140625,103.04000091552734,10952300.0
2022-02-14,103.13999938964844,103.80999755859375,101.66000366210938,102.08000183105469,8473000.0
2022-02-15,103.05999755859375,103.54000091552734,102.55999755859375,102.86000061035156,6383600.0
2022-02-16,103.04000091552734,103.4800033569336,102.1500015258789,103.19999694824219,7205200.0
2022-02-17,102.87000274658203,103.16000366210938,101.9000015258789,102.04000091552734,7504500.0
2022-02-18,101.93000030517578,102.83999633789062,101.33000183105469,101.51000213623047,8281700.0
2022-02-22,101.2300033569336,101.81999969482422,100.44999694824219,100.98999786376953,10853700.0
2022-02-23,101.45999908447266,102.19999694824219,99.16000366210938,99.20999908447266,10679800.0
2022-02-24,97.31999969482422,101.33999633789062,97.05000305175781,100.97000122070312,15484100.0
2022-02-25,101.48999786376953,103.52999877929688,100.83999633789062,103.4000015258789,9811200.0
2022-02-28,102.30000305175781,102.86000061035156,100.75,101.69000244140625,13154700.0
2022-03-01,102.11000061035156,102.68000030517578,100.8499984741211,101.43000030517578,11661600.0
2022-03-02,101.91000366210938,103.69000244140625,101.79000091552734,103.18000030517578,10335700.0
2022-03-03,103.80999755859375,104.38999938964844,102.70999908447266,104.02999877929688,7639500.0
2022-03-04,103.16999816894531,104.6500015258789,102.91000366210938,104.54000091552734,9952700.0
2022-03-07,104.31999969482422,104.5199966430664,102.4000015258789,102.4000015258789,10114100.0
2022-03-08,102.25,103.7699966430664,101.62999725341797,101.83000183105469,9401700.0
2022-03-09,103.66999816894531,104.55000305175781,103.27999877929688,103.45999908447266,9432400.0
2022-03-10,102.30999755859375,103.95999908447266,102.06999969482422,103.70999908447266,8782900.0
2022-03-11,104.33999633789062,104.94000244140625,102.80000305175781,102.83999633789062,5966300.0
2022-03-14,103.48999786376953,103.62000274658203,101.66000366210938,102.11000061035156,8515900.0
2022-03-15,103.16000366210938,103.55999755859375,101.91000366210938,102.81999969482422,6331600.0
2022-03-16,103.62000274658203,104.58000183105469,101.86000061035156,104.11000061035156,8138300.0
2022-03-17,103.76000213623047,105.62999725341797,103.6500015258789,105.62999725341797,7172800.0
2022-03-18,105.62999725341797,106.1500015258789,105.1500015258789,105.83000183105469,7229100.0
2022-03-21,105.8499984741211,106.37000274658203,104.75,105.2699966430664,6595600.0
2022-03-22,105.77999877929688,106.08000183105469,105.30000305175781,105.55999755859375,4695000.0
2022-03-23,105.22000122070312,105.58999633789062,104.19999694824219,104.41999816894531,4720800.0
2022-03-24,104.0199966430664,104.68000030517578,103.63999938964844,104.6500015258789,3886600.0
2022-03-25,105.11000061035156,105.91999816894531,104.66999816894531,105.87000274658203,5140500.0
2022-03-28,106.12000274658203,107.08000183105469,105.83000183105469,107.06999969482422,5069500.0
2022-03-29,108.19999694824219,110.33999633789062,108.06999969482422,110.12000274658203,11486900.0
2022-03-30,109.73999786376953,109.8499984741211,108.87999725341797,109.37000274658203,6047100.0
2022-03-31,109.86000061035156,110.0999984741211,107.91999816894531,108.22000122070312,11802300.0
2022-04-01,108.47000122070312,110.11000061035156,108.08999633789062,110.02999877929688,8195800.0
2022-04-04,110.11000061035156,110.36000061035156,108.69999694824219,109.62999725341797,6140300.0
2022-04-05,109.29000091552734,110.75,108.87999725341797,109.2699966430664,8433700.0
2022-04-06,108.68000030517578,110.70999908447266,108.26000213623047,110.55000305175781,9412400.0
2022-04-07,109.97000122070312,110.12000274658203,108.86000061035156,109.72000122070312,8487900.0
2022-04-08,109.75,110.27999877929688,109.01000213623047,109.8499984741211,7789900.0
2022-04-11,109.62999725341797,110.12000274658203,108.36000061035156,108.62999725341797,7436300.0
2022-04-12,108.6500015258789,109.37000274658203,107.95999908447266,108.38999938964844,9739400.0
2022-04-13,108.38999938964844,109.16000366210938,108.06999969482422,109.02999877929688,7387700.0
2022-04-14,109.20999908447266,109.86000061035156,108.43000030517578,108.5,5112400.0
2022-04-18,108.27999877929688,108.8499984741211,107.56999969482422,108.11000061035156,6909300.0
2022-04-19,108.76000213623047,110.6500015258789,108.72000122070312,110.37999725341797,10807200.0
2022-04-20,110.62000274658203,112.5999984741211,110.61000061035156,112.37999725341797,9078600.0
2022-04-21,112.69999694824219,113.12999725341797,111.41000366210938,111.48999786376953,7741400.0
2022-04-22,111.19999694824219,111.30999755859375,109.44000244140625,109.55999755859375,8384400.0
2022-04-25,109.30999755859375,109.66999816894531,107.44000244140625,109.19000244140625,8750500.0
2022-04-26,108.81999969482422,109.58000183105469,107.31999969482422,107.41000366210938,12086000.0
2022-04-27,107.48999786376953,108.41000366210938,106.66999816894531,106.7699966430664,7418700.0
2022-04-28,107.3499984741211,109.08000183105469,106.19999694824219,108.76000213623047,10374600.0
2022-04-29,108.20999908447266,108.20999908447266,103.44999694824219,103.75,17174200.0
2022-05-02,104.06999969482422,104.36000061035156,99.29000091552734,101.19000244140625,20384100.0
2022-05-03,101.83999633789062,103.30999755859375,101.12999725341797,102.70999908447266,10678900.0
2022-05-04,102.62999725341797,104.05999755859375,100.91000366210938,103.83999633789062,11560800.0
2022-05-05,103.25,103.97000122070312,100.37999725341797,101.12999725341797,11247800.0
2022-05-06,100.44999694824219,100.68000030517578,98.87999725341797,99.83000183105469,13089000.0
2022-05-09,99.05999755859375,99.05999755859375,95.2300033569336,95.5999984741211,13663300.0
2022-05-10,96.68000030517578,97.37000274658203,93.05999755859375,93.75,16636100.0
2022-05-11,93.98999786376953,95.69000244140625,93.38999938964844,93.55000305175781,14684100.0
2022-05-12,93.37999725341797,94.37999725341797,92.88999938964844,94.22000122070312,11695300.0
2022-05-13,95.19000244140625,96.8499984741211,94.52999877929688,96.7699966430664,9053100.0
2022-05-16,96.66999816894531,96.98999786376953,95.97000122070312,96.12999725341797,6916400.0
2022-05-17,97.08999633789062,97.30000305175781,95.87000274658203,97.19999694824219,6838500.0
2022-05-18,96.9000015258789,97.12000274658203,94.11000061035156,94.38999938964844,7983200.0
2022-05-19,93.69999694824219,95.2699966430664,93.69999694824219,94.16000366210938,8900600.0
2022-05-20,95.04000091552734,95.19000244140625,93.43000030517578,94.87999725341797,11305000.0
2022-05-23,95.76000213623047,96.3499984741211,94.41000366210938,96.04000091552734,7684400.0
2022-05-24,95.66000366210938,97.0999984741211,94.25,96.95999908447266,8120500.0
2022-05-25,96.58999633789062,97.94000244140625,96.27999877929688,97.6500015258789,5831100.0
2022-05-26,98.06999969482422,98.7300033569336,97.58999633789062,97.73999786376953,5817900.0
2022-05-27,98.31999969482422,100.41999816894531,98.25,100.36000061035156,5921700.0
2022-05-31,99.4800033569336,99.81999969482422,98.63999938964844,99.13999938964844,6680400.0
2022-06-01,99.47000122070312,99.51000213623047,97.08000183105469,98.26000213623047,8342600.0
2022-06-02,97.76000213623047,99.73999786376953,96.72000122070312,99.68000030517578,6916000.0
2022-06-03,98.76000213623047,99.41999816894531,98.12000274658203,98.3499984741211,6051800.0
2022-06-06,99.08999633789062,99.30000305175781,97.83000183105469,98.01000213623047,7749900.0
2022-06-07,97.7300033569336,99.37000274658203,97.13999938964844,99.31999969482422,6406600.0
2022-06-08,98.73999786376953,98.94999694824219,96.80999755859375,97.04000091552734,5968800.0
2022-06-09,96.29000091552734,96.95999908447266,94.5,94.55000305175781,8054300.0
2022-06-10,93.5,93.52999877929688,92.4000015258789,92.47000122070312,8669300.0
2022-06-13,90.5,90.5,87.52999877929688,87.91000366210938,11994400.0
2022-06-14,88.23999786376953,88.37999725341797,86.5999984741211,87.22000122070312,10648500.0
2022-06-15,87.98999786376953,90.44000244140625,87.80000305175781,89.19000244140625,10030500.0
2022-06-16,87.3499984741211,87.91999816894531,86.56999969482422,86.94999694824219,11127100.0
2022-06-17,87.19000244140625,88.7300033569336,86.80999755859375,87.66000366210938,12095000.0
2022-06-21,88.5999984741211,89.86000061035156,88.5,89.02999877929688,5267800.0
2022-06-22,88.26000213623047,91.41000366210938,88.0999984741211,90.30999755859375,7123000.0
2022-06-23,90.69000244140625,92.31999969482422,90.52999877929688,92.08000183105469,5966300.0
2022-06-24,92.72000122070312,94.33000183105469,92.44000244140625,94.04000091552734,5548800.0
2022-06-27,93.87999725341797,94.87999725341797,93.3499984741211,93.83000183105469,6886500.0
2022-06-28,94.38999938964844,95.0,92.56999969482422,92.72000122070312,5507200.0
2022-06-29,92.12999725341797,92.3499984741211,91.0999984741211,92.16000366210938,5278200.0
2022-06-30,91.55999755859375,93.12999725341797,90.87999725341797,91.9800033569336,7746000.0
2022-07-01,91.79000091552734,93.95999908447266,91.72000122070312,93.70999908447266,7157500.0
2022-07-05,92.8499984741211,93.41000366210938,91.2300033569336,93.31999969482422,6353900.0
2022-07-06,93.66999816894531,94.54000091552734,93.02999877929688,93.30999755859375,9022000.0
2022-07-07,93.73999786376953,94.30000305175781,93.19000244140625,93.47000122070312,4296500.0
2022-07-08,93.08999633789062,93.68000030517578,92.55999755859375,93.01000213623047,4098400.0
2022-07-11,92.7300033569336,93.19999694824219,92.13999938964844,92.83000183105469,4060800.0
2022-07-12,92.33000183105469,93.33999633789062,91.69999694824219,92.36000061035156,7560800.0
2022-07-13,91.44999694824219,92.62999725341797,90.76000213623047,91.97000122070312,6089000.0
2022-07-14,90.51000213623047,91.47000122070312,90.4000015258789,91.06999969482422,5904200.0
2022-07-15,92.58000183105469,93.06999969482422,91.70999908447266,92.62000274658203,4818200.0
2022-07-18,93.29000091552734,93.33000183105469,91.52999877929688,91.87000274658203,4728500.0
2022-07-19,92.55999755859375,94.31999969482422,92.52999877929688,94.23999786376953,4771100.0
2022-07-20,94.12000274658203,95.1500015258789,93.56999969482422,93.95999908447266,6332600.0
2022-07-21,94.08000183105469,94.83000183105469,93.2300033569336,94.77999877929688,4335100.0
2022-07-22,95.0,95.95999908447266,94.66000366210938,95.3499984741211,4629200.0
2022-07-25,95.4800033569336,95.9800033569336,94.9800033569336,95.48999786376953,4302200.0
2022-07-26,95.41000366210938,96.08000183105469,95.2300033569336,95.55000305175781,2895000.0
2022-07-27,95.7699966430664,96.58999633789062,95.19999694824219,96.3499984741211,5050500.0
2022-07-28,97.05999755859375,99.63999938964844,97.0199966430664,99.55000305175781,8515600.0
2022-07-29,99.55999755859375,100.45999908447266,99.16999816894531,100.12999725341797,7852900.0
2022-08-01,99.66999816894531,99.87999725341797,98.83999633789062,99.29000091552734,6820100.0
2022-08-02,99.16000366210938,99.47000122070312,97.91999816894531,98.01000213623047,4568800.0
2022-08-03,98.55000305175781,99.29000091552734,98.2699966430664,98.31999969482422,4496000.0
2022-08-04,98.52999877929688,98.62000274658203,97.66000366210938,98.2699966430664,3993900.0
2022-08-05,97.29000091552734,98.56999969482422,97.19999694824219,98.55000305175781,4444900.0
2022-08-08,99.3499984741211,100.19999694824219,98.80999755859375,99.33999633789062,6310300.0
2022-08-09,99.62999725341797,99.94000244140625,99.05000305175781,99.93000030517578,3584900.0
2022-08-10,101.0,101.55999755859375,100.62999725341797,101.41999816894531,6627300.0
2022-08-11,101.79000091552734,102.26000213623047,100.76000213623047,101.06999969482422,5766600.0
2022-08-12,101.69000244140625,102.80000305175781,101.56999969482422,102.69000244140625,4908000.0
2022-08-15,102.52999877929688,103.33000183105469,102.38999938964844,103.19000244140625,4630900.0
2022-08-16,102.73999786376953,103.36000061035156,102.47000122070312,102.80999755859375,4132300.0
2022-08-17,101.9800033569336,102.91999816894531,101.68000030517578,102.37999725341797,3552800.0
2022-08-18,102.44999694824219,102.5999984741211,101.12000274658203,101.58999633789062,3164100.0
2022-08-19,101.27999877929688,101.41999816894531,100.27999877929688,100.66000366210938,4611100.0
2022-08-22,99.87999725341797,99.87999725341797,98.44999694824219,98.55999755859375,5565500.0
2022-08-23,98.33000183105469,98.58000183105469,96.87000274658203,97.25,5346700.0
2022-08-24,97.4000015258789,98.41999816894531,97.2699966430664,97.83000183105469,3863600.0
2022-08-25,98.1500015258789,99.33999633789062,97.93000030517578,99.33999633789062,3076900.0
2022-08-26,99.33999633789062,99.41999816894531,96.81999969482422,96.9000015258789,5300100.0
2022-08-29,96.30999755859375,97.02999877929688,95.83999633789062,96.04000091552734,3996300.0
2022-08-30,96.33000183105469,96.45999908447266,94.38999938964844,94.63999938964844,4343900.0
2022-08-31,95.19999694824219,95.6500015258789,93.94999694824219,94.26000213623047,5569100.0
2022-09-01,93.7699966430664,94.54000091552734,92.81999969482422,94.43000030517578,7122900.0
2022-09-02,95.26000213623047,95.5,93.0,93.20999908447266,5736100.0
2022-09-06,93.69000244140625,94.72000122070312,93.30000305175781,94.27999877929688,7616200.0
2022-09-07,94.30000305175781,96.27999877929688,94.11000061035156,96.12000274658203,4111500.0
2022-09-08,95.6500015258789,96.69000244140625,95.30000305175781,96.4000015258789,4503000.0
2022-09-09,96.63999938964844,97.6500015258789,96.22000122070312,97.31999969482422,4086300.0
2022-09-12,97.4800033569336,98.37999725341797,97.4800033569336,98.16000366210938,3640700.0
2022-09-13,96.26000213623047,96.55999755859375,94.22000122070312,94.52999877929688,7338700.0
2022-09-14,94.19000244140625,94.2699966430664,92.70999908447266,93.29000091552734,7836600.0
2022-09-15,93.62999725341797,93.62999725341797,91.47000122070312,91.58000183105469,7526100.0
2022-09-16,91.08999633789062,91.56999969482422,90.41999816894531,91.51000213623047,8387900.0
2022-09-19,90.69999694824219,91.43000030517578,90.06999969482422,91.38999938964844,6203600.0
2022-09-20,90.69000244140625,90.69000244140625,88.72000122070312,89.16000366210938,9755300.0
2022-09-21,89.75,90.38999938964844,87.80999755859375,87.80999755859375,7923700.0
2022-09-22,87.6500015258789,87.6500015258789,86.5999984741211,86.94000244140625,8593800.0
2022-09-23,86.12999725341797,86.48999786376953,84.8499984741211,85.80000305175781,12200900.0
2022-09-26,84.4800033569336,84.4800033569336,81.72000122070312,82.61000061035156,14629400.0
2022-09-27,83.31999969482422,83.83000183105469,81.20999908447266,81.43000030517578,10180200.0
2022-09-28,82.19999694824219,83.3499984741211,81.37000274658203,83.01000213623047,12138700.0
2022-09-29,82.2300033569336,82.23999786376953,80.08999633789062,80.63999938964844,11420000.0
2022-09-30,81.30999755859375,82.08000183105469,80.87999725341797,81.41999816894531,13320100.0
2022-10-03,82.66000366210938,83.41999816894531,81.29000091552734,82.94000244140625,9489600.0
2022-10-04,83.80000305175781,85.19999694824219,83.75,84.55000305175781,8849400.0
2022-10-05,83.48999786376953,83.55000305175781,81.54000091552734,82.86000061035156,8640700.0
2022-10-06,82.76000213623047,82.98999786376953,80.4000015258789,80.5199966430664,11077100.0
2022-10-07,79.87000274658203,80.22000122070312,78.11000061035156,78.62999725341797,10456000.0
2022-10-10,78.80000305175781,79.37000274658203,77.6500015258789,77.75,6640200.0
2022-10-11,77.76000213623047,79.13999938964844,76.83999633789062,78.61000061035156,8368000.0
2022-10-12,78.56999969482422,78.58000183105469,77.23999786376953,77.72000122070312,7080300.0
2022-10-13,75.98999786376953,79.4000015258789,75.66000366210938,78.98999786376953,10562200.0
2022-10-14,80.04000091552734,80.18000030517578,76.93000030517578,76.97000122070312,9995700.0
2022-10-17,78.41000366210938,80.1500015258789,78.31999969482422,79.80999755859375,7878200.0
2022-10-18,81.20999908447266,81.8499984741211,80.0,80.70999908447266,7811700.0
2022-10-19,80.0,80.16000366210938,78.2699966430664,78.69999694824219,6603000.0
2022-10-20,78.80000305175781,79.61000061035156,78.13999938964844,78.33000183105469,6245700.0
2022-10-21,78.48999786376953,78.91000366210938,77.23999786376953,78.87000274658203,9357400.0
2022-10-24,79.5199966430664,79.83999633789062,78.23999786376953,78.80999755859375,4703400.0
2022-10-25,79.12000274658203,82.0999984741211,79.01000213623047,81.94999694824219,8088000.0
2022-10-26,82.04000091552734,82.83999633789062,81.55000305175781,82.11000061035156,8517600.0
2022-10-27,82.4800033569336,83.18000030517578,81.94000244140625,82.26000213623047,6276500.0
2022-10-28,81.76000213623047,84.30999755859375,81.63999938964844,84.08999633789062,6150400.0
2022-10-31,83.31999969482422,84.43000030517578,83.08000183105469,83.98999786376953,6648600.0
2022-11-01,84.87000274658203,85.12999725341797,83.6500015258789,83.83000183105469,5529200.0
2022-11-02,83.37000274658203,84.38999938964844,81.45999908447266,81.58000183105469,9168500.0
2022-11-03,80.93000030517578,82.18000030517578,80.01000213623047,81.5199966430664,7062500.0
2022-11-04,82.44000244140625,83.13999938964844,81.05000305175781,82.6500015258789,7030500.0
2022-11-07,83.12999725341797,83.54000091552734,82.16999816894531,82.69999694824219,5931000.0
2022-11-08,82.88999938964844,83.9000015258789,82.5,83.08000183105469,6634400.0
2022-11-09,82.9000015258789,83.79000091552734,82.08000183105469,82.26000213623047,5438500.0
2022-11-10,85.33999633789062,88.44000244140625,85.1500015258789,88.25,10527900.0
2022-11-11,88.43000030517578,89.12000274658203,87.87000274658203,88.04000091552734,9455500.0
2022-11-14,87.69000244140625,87.80999755859375,85.93000030517578,86.0199966430664,6217700.0
2022-11-15,87.20999908447266,87.5199966430664,85.9800033569336,87.01000213623047,6334900.0
2022-11-16,86.7300033569336,87.05999755859375,85.97000122070312,86.22000122070312,6578000.0
2022-11-17,85.12000274658203,85.7300033569336,84.76000213623047,85.52999877929688,4469300.0
2022-11-18,86.8499984741211,86.88999938964844,85.6500015258789,86.58999633789062,4822800.0
2022-11-21,86.2699966430664,87.16999816894531,86.05999755859375,87.05999755859375,4889800.0
2022-11-22,87.38999938964844,87.56999969482422,86.87000274658203,87.5,3302700.0
2022-11-23,87.41000366210938,88.02999877929688,86.93000030517578,87.62000274658203,3266100.0
2022-11-25,87.97000122070312,88.20999908447266,87.66999816894531,88.19999694824219,2441800.0
2022-11-28,87.70999908447266,88.08000183105469,85.61000061035156,85.7699966430664,4659500.0
2022-11-29,85.9000015258789,87.25,85.62999725341797,87.19999694824219,4084500.0
2022-11-30,86.95999908447266,89.22000122070312,86.37000274658203,89.16999816894531,7413100.0
2022-12-01,90.04000091552734,90.47000122070312,88.33000183105469,89.05999755859375,8371800.0
2022-12-02,87.91000366210938,89.22000122070312,87.62999725341797,88.77999877929688,5360200.0
2022-12-05,88.16999816894531,88.37999725341797,87.01000213623047,87.19000244140625,10561400.0
2022-12-06,87.44000244140625,87.44000244140625,86.0,86.37000274658203,7308500.0
2022-12-07,86.11000061035156,87.44000244140625,86.06999969482422,86.54000091552734,5575500.0
2022-12-08,87.01000213623047,87.94000244140625,86.69000244140625,87.19999694824219,5272200.0
2022-12-09,87.0199966430664,87.91000366210938,86.75,87.08999633789062,5124600.0
2022-12-12,87.30000305175781,87.7699966430664,86.33000183105469,87.7300033569336,5613700.0
2022-12-13,89.75,89.95999908447266,87.5999984741211,88.56999969482422,10901600.0
2022-12-14,88.56999969482422,89.58999633789062,87.55000305175781,87.97000122070312,8411200.0
2022-12-15,86.77999877929688,87.58000183105469,86.27999877929688,86.70999908447266,8088300.0
2022-12-16,85.91999816894531,85.91999816894531,83.6500015258789,84.5199966430664,7904000.0
2022-12-19,84.25,84.4800033569336,83.02999877929688,83.5199966430664,4759000.0
2022-12-20,83.1500015258789,83.80000305175781,82.3499984741211,83.29000091552734,4732000.0
2022-12-21,83.87999725341797,85.0199966430664,83.80000305175781,84.1500015258789,4836000.0
2022-12-22,83.44000244140625,83.87999725341797,82.27999877929688,83.80999755859375,5294100.0
2022-12-23,83.80000305175781,84.55000305175781,83.22000122070312,84.52999877929688,2958900.0
2022-12-27,84.55999755859375,84.76000213623047,83.73999786376953,84.47000122070312,3787800.0
2022-12-28,84.72000122070312,85.05999755859375,82.97000122070312,83.04000091552734,3734900.0
2022-12-29,83.72000122070312,85.08000183105469,83.43000030517578,84.88999938964844,3904000.0
2022-12-30,84.30999755859375,84.66999816894531,83.23999786376953,84.19000244140625,4576300.0
2023-01-03,84.95999908447266,85.61000061035156,83.41999816894531,84.33999633789062,8371700.0
2023-01-04,85.0999984741211,86.97000122070312,84.7699966430664,86.1500015258789,8849000.0
2023-01-05,85.51000213623047,85.51000213623047,83.72000122070312,83.8499984741211,7553900.0
2023-01-06,84.58000183105469,86.48999786376953,83.91999816894531,86.20999908447266,5508400.0
2023-01-09,86.5,87.19000244140625,85.87000274658203,86.20999908447266,5028500.0
2023-01-10,86.12000274658203,86.44000244140625,85.31999969482422,86.4000015258789,3950500.0
2023-01-11,87.16000366210938,89.55000305175781,87.13999938964844,89.54000091552734,7431800.0
2023-01-12,89.98999786376953,90.66999816894531,88.97000122070312,90.51000213623047,6204500.0
2023-01-13,89.77999877929688,90.3499984741211,89.3499984741211,90.01000213623047,5779600.0
2023-01-17,90.11000061035156,90.63999938964844,89.8499984741211,90.0999984741211,4915600.0
2023-01-18,90.56999969482422,90.66999816894531,88.72000122070312,88.8499984741211,5395000.0
2023-01-19,88.4800033569336,89.37999725341797,88.1500015258789,88.37000274658203,4160500.0
2023-01-20,88.41000366210938,89.51000213623047,87.37999725341797,89.47000122070312,4729000.0
2023-01-23,89.51000213623047,90.30999755859375,88.88999938964844,89.80000305175781,5141800.0
2023-01-24,89.68000030517578,90.4000015258789,88.41999816894531,90.06999969482422,3608000.0
2023-01-25,89.5,90.23999786376953,89.16999816894531,89.97000122070312,3782900.0
2023-01-26,90.4800033569336,91.0199966430664,90.01000213623047,90.97000122070312,3765500.0
2023-01-27,90.80999755859375,92.26000213623047,90.75,91.9000015258789,3790000.0
2023-01-30,91.2300033569336,92.16999816894531,90.75,90.80000305175781,3465700.0
2023-01-31,90.76000213623047,92.66999816894531,90.7300033569336,92.58999633789062,6607000.0
2023-02-01,92.2300033569336,93.80999755859375,91.18000030517578,93.19000244140625,9861300.0
2023-02-02,93.98999786376953,96.0199966430664,93.97000122070312,95.23999786376953,7677400.0
2023-02-03,93.98999786376953,93.98999786376953,92.23999786376953,93.30999755859375,7994000.0
2023-02-06,92.20999908447266,92.81999969482422,91.7300033569336,92.73999786376953,5769400.0
2023-02-07,92.16000366210938,92.98999786376953,91.31999969482422,92.58000183105469,6626200.0
2023-02-08,92.20999908447266,92.66000366210938,91.81999969482422,92.19000244140625,3648700.0
2023-02-09,92.68000030517578,93.0999984741211,90.87999725341797,91.12000274658203,4531700.0
2023-02-10,90.7300033569336,91.62999725341797,90.25,91.41000366210938,5992100.0
2023-02-13,91.75,92.37999725341797,91.62000274658203,92.27999877929688,3022000.0
2023-02-14,91.98999786376953,92.62999725341797,90.91999816894531,91.47000122070312,4286700.0
2023-02-15,90.81999969482422,91.87999725341797,90.68000030517578,91.87000274658203,3061000.0
2023-02-16,90.8499984741211,91.80999755859375,89.88999938964844,91.08000183105469,5476100.0
2023-02-17,90.72000122070312,90.94000244140625,89.79000091552734,90.66000366210938,5494700.0
2023-02-21,90.11000061035156,90.12999725341797,88.5,88.86000061035156,4577500.0
2023-02-22,89.26000213623047,89.26000213623047,87.56999969482422,87.94999694824219,8041600.0
2023-02-23,88.45999908447266,88.8499984741211,87.63999938964844,88.48999786376953,8262700.0
2023-02-24,87.51000213623047,87.62999725341797,86.56999969482422,86.9800033569336,8579100.0
2023-02-27,88.06999969482422,88.41999816894531,86.73999786376953,87.16000366210938,5895700.0
2023-02-28,87.19999694824219,88.13999938964844,86.8499984741211,87.06999969482422,6287800.0
2023-03-01,86.41999816894531,86.6500015258789,85.25,85.87999725341797,7388100.0
2023-03-02,85.27999877929688,87.05999755859375,85.18000030517578,86.9000015258789,6459900.0
2023-03-03,87.48999786376953,88.48999786376953,87.33999633789062,88.31999969482422,6044200.0
2023-03-06,88.68000030517578,88.77999877929688,87.80999755859375,87.97000122070312,6009600.0
2023-03-07,88.0,88.02999877929688,85.79000091552734,85.9000015258789,7663500.0
2023-03-08,86.13999938964844,87.43000030517578,85.8499984741211,86.91000366210938,6873400.0
2023-03-09,86.95999908447266,87.12999725341797,84.7300033569336,84.88999938964844,8018000.0
2023-03-10,84.7300033569336,84.98999786376953,81.72000122070312,82.0999984741211,15665600.0
2023-03-13,81.61000061035156,84.3499984741211,81.41000366210938,83.23999786376953,20371400.0
2023-03-14,84.55999755859375,85.0,83.18000030517578,84.06999969482422,9897000.0
2023-03-15,83.06999969482422,84.27999877929688,82.69000244140625,83.91999816894531,15743700.0
2023-03-16,83.36000061035156,84.27999877929688,82.44999694824219,83.94000244140625,11693900.0
2023-03-17,83.44000244140625,83.66999816894531,81.91000366210938,82.05999755859375,11823400.0
2023-03-20,82.36000061035156,83.2699966430664,81.91000366210938,82.98999786376953,9923600.0
2023-03-21,83.55999755859375,83.66999816894531,81.83999633789062,82.5199966430664,8059000.0
2023-03-22,82.13999938964844,82.13999938964844,79.58999633789062,79.6500015258789,11555300.0
2023-03-23,79.58000183105469,80.61000061035156,78.41000366210938,78.7300033569336,10029600.0
2023-03-24,78.33999633789062,80.7300033569336,78.11000061035156,80.69000244140625,10335800.0
2023-03-27,81.29000091552734,81.4800033569336,80.5,80.58000183105469,5936500.0
2023-03-28,80.01000213623047,80.76000213623047,79.75,80.31999969482422,5155800.0
2023-03-29,81.4000015258789,82.25,81.18000030517578,82.12000274658203,6142200.0
2023-03-30,83.0,83.4000015258789,82.77999877929688,83.1500015258789,7304400.0
2023-03-31,83.62000274658203,85.11000061035156,83.47000122070312,84.9000015258789,9879300.0
2023-04-03,84.80000305175781,85.41000366210938,83.77999877929688,84.2300033569336,16471000.0
2023-04-04,84.41000366210938,84.56999969482422,83.5999984741211,84.16999816894531,14169100.0
2023-04-05,83.87999725341797,84.51000213623047,83.63999938964844,83.70999908447266,13544600.0
2023-04-06,84.02999877929688,84.30000305175781,83.33999633789062,84.22000122070312,13907800.0
2023-04-10,83.77999877929688,84.68000030517578,83.37999725341797,84.62999725341797,7395700.0
2023-04-11,84.87999725341797,85.72000122070312,84.51000213623047,85.08000183105469,6484000.0
2023-04-12,85.88999938964844,85.93000030517578,84.58000183105469,84.66000366210938,6572200.0
2023-04-13,84.83000183105469,84.83000183105469,83.62999725341797,84.41999816894531,4839900.0
2023-04-14,84.56999969482422,84.94999694824219,82.51000213623047,83.05999755859375,7371600.0
2023-04-17,83.16999816894531,84.86000061035156,83.1500015258789,84.86000061035156,6174700.0
2023-04-18,84.97000122070312,84.97000122070312,84.22000122070312,84.69999694824219,4257400.0
2023-04-19,84.25,85.36000061035156,83.94000244140625,85.12000274658203,5031500.0
2023-04-20,84.69000244140625,84.7300033569336,83.93000030517578,84.25,4444100.0
2023-04-21,84.26000213623047,84.79000091552734,83.69999694824219,84.41999816894531,5031500.0
2023-04-24,84.4800033569336,84.77999877929688,83.44999694824219,84.18000030517578,4270900.0
2023-04-25,83.68000030517578,83.98999786376953,83.22000122070312,83.29000091552734,3879800.0
2023-04-26,83.22000122070312,83.95999908447266,82.5,82.63999938964844,4950100.0
2023-04-27,82.87999725341797,84.88999938964844,82.80000305175781,84.66999816894531,6338900.0
2023-04-28,84.88999938964844,86.05000305175781,84.63999938964844,85.68000030517578,5242300.0
2023-05-01,85.36000061035156,85.88999938964844,84.80000305175781,84.91999816894531,4390000.0
2023-05-02,84.69999694824219,84.88999938964844,82.91000366210938,83.47000122070312,5962600.0
2023-05-03,83.91000366210938,84.72000122070312,83.0,83.06999969482422,6510100.0
2023-05-04,83.08000183105469,84.2699966430664,82.55999755859375,83.75,6806900.0
2023-05-05,84.4000015258789,85.30000305175781,84.23999786376953,85.13999938964844,6020500.0
2023-05-08,84.87999725341797,85.19000244140625,84.30999755859375,84.66000366210938,3514600.0
2023-05-09,84.20999908447266,84.62000274658203,83.4000015258789,84.2699966430664,3581800.0
2023-05-10,85.19999694824219,85.38999938964844,84.23999786376953,85.08000183105469,6104000.0
2023-05-11,84.4800033569336,84.55000305175781,83.66000366210938,84.1500015258789,5522900.0
2023-05-12,84.31999969482422,84.41999816894531,83.51000213623047,84.16999816894531,5352800.0
2023-05-15,84.38999938964844,84.54000091552734,83.83000183105469,84.02999877929688,6693400.0
2023-05-16,83.94999694824219,83.9800033569336,81.97000122070312,81.9800033569336,7454200.0
2023-05-17,82.5,83.19000244140625,81.7300033569336,83.04000091552734,5566400.0
2023-05-18,82.66000366210938,83.05999755859375,82.0,82.66999816894531,5176100.0
2023-05-19,83.13999938964844,83.41000366210938,82.16000366210938,82.55999755859375,5054900.0
2023-05-22,82.75,83.58999633789062,82.2300033569336,83.08000183105469,5847400.0
2023-05-23,82.9000015258789,83.68000030517578,82.12000274658203,82.19000244140625,5888800.0
2023-05-24,81.93000030517578,82.02999877929688,80.43000030517578,80.51000213623047,5649000.0
2023-05-25,80.98999786376953,81.11000061035156,79.94000244140625,80.5199966430664,6282500.0
2023-05-26,80.70999908447266,81.6500015258789,80.31999969482422,81.44999694824219,5791800.0
2023-05-30,82.05000305175781,82.69999694824219,81.56999969482422,81.80000305175781,5191700.0
2023-05-31,81.87000274658203,82.38999938964844,81.33000183105469,82.2300033569336,6593100.0
2023-06-01,82.08999633789062,82.66999816894531,81.36000061035156,82.27999877929688,6137700.0
2023-06-02,83.22000122070312,84.37999725341797,82.93000030517578,84.12000274658203,6739000.0
2023-06-05,84.12000274658203,84.51000213623047,83.41999816894531,83.55999755859375,5701300.0
2023-06-06,84.0999984741211,84.43000030517578,83.37999725341797,84.27999877929688,5344500.0
2023-06-07,84.27999877929688,85.44000244140625,83.75,85.19999694824219,6594200.0
2023-06-08,84.83000183105469,84.98999786376953,83.8499984741211,84.76000213623047,4701000.0
2023-06-09,84.87999725341797,84.93000030517578,83.91000366210938,84.23999786376953,5801400.0
2023-06-12,84.68000030517578,84.68000030517578,83.55000305175781,84.33999633789062,5775300.0
2023-06-13,84.4000015258789,85.08000183105469,84.04000091552734,84.95999908447266,6487300.0
2023-06-14,85.31999969482422,85.91999816894531,84.66000366210938,85.38999938964844,7965600.0
2023-06-15,85.01000213623047,86.02999877929688,84.55000305175781,85.83999633789062,7261500.0
2023-06-16,86.16000366210938,86.58000183105469,85.66000366210938,85.80999755859375,7814300.0
2023-06-20,85.44000244140625,85.5999984741211,84.36000061035156,84.91000366210938,5985900.0
2023-06-21,84.45999908447266,84.80999755859375,83.83000183105469,84.54000091552734,6214300.0
2023-06-22,84.66000366210938,84.66000366210938,82.8499984741211,83.30000305175781,7309100.0
2023-06-23,83.0199966430664,83.55999755859375,82.22000122070312,82.23999786376953,6717200.0
2023-06-26,82.30000305175781,84.19999694824219,82.18000030517578,84.11000061035156,5030600.0
2023-06-27,84.41999816894531,85.33000183105469,83.87000274658203,85.12000274658203,5045000.0
2023-06-28,85.16000366210938,85.44999694824219,84.5199966430664,85.25,5234900.0
2023-06-29,84.97000122070312,86.11000061035156,84.62000274658203,86.11000061035156,5753600.0
2023-06-30,86.94000244140625,87.04000091552734,85.45999908447266,86.54000091552734,6301300.0
2023-07-03,86.44000244140625,87.69999694824219,86.08000183105469,87.27999877929688,3903200.0
2023-07-05,87.12000274658203,88.08000183105469,86.38999938964844,87.58000183105469,6291600.0
2023-07-06,86.44000244140625,86.98999786376953,85.2699966430664,86.87999725341797,7128600.0
2023-07-07,86.4800033569336,87.19999694824219,86.2300033569336,86.6500015258789,6739300.0
2023-07-10,86.43000030517578,87.08999633789062,86.18000030517578,87.01000213623047,5419000.0
2023-07-11,87.30000305175781,88.22000122070312,87.0199966430664,88.18000030517578,4294300.0
2023-07-12,89.2300033569336,89.45999908447266,88.58000183105469,88.66000366210938,7678700.0
2023-07-13,88.68000030517578,89.29000091552734,88.13999938964844,89.27999877929688,5869200.0
2023-07-14,89.19999694824219,89.37999725341797,88.54000091552734,89.1500015258789,5566600.0
2023-07-17,88.83999633789062,89.2300033569336,88.41000366210938,88.55000305175781,4058400.0
2023-07-18,88.8499984741211,88.8499984741211,87.2699966430664,88.02999877929688,7295300.0
2023-07-19,88.69999694824219,89.4000015258789,88.47000122070312,89.0,5853400.0
2023-07-20,88.6500015258789,88.73999786376953,87.5999984741211,88.7300033569336,6771000.0
2023-07-21,88.94999694824219,89.37999725341797,88.70999908447266,89.13999938964844,6570200.0
2023-07-24,89.25,89.94000244140625,89.0999984741211,89.86000061035156,5716400.0
2023-07-25,89.75,90.1500015258789,89.19000244140625,89.2300033569336,6629100.0
2023-07-26,89.16000366210938,89.83000183105469,89.11000061035156,89.69000244140625,7138900.0
2023-07-27,90.05000305175781,90.33999633789062,87.62999725341797,87.72000122070312,10635500.0
2023-07-28,88.86000061035156,88.94000244140625,87.37000274658203,87.55000305175781,5812400.0
2023-07-31,87.72000122070312,88.55999755859375,87.5199966430664,88.05000305175781,6546900.0
2023-08-01,87.83000183105469,88.22000122070312,87.47000122070312,87.87999725341797,6867100.0
2023-08-02,87.33999633789062,87.62000274658203,86.87000274658203,87.37000274658203,6499600.0
2023-08-03,86.54000091552734,86.73999786376953,85.23999786376953,86.41000366210938,8494900.0
2023-08-04,86.08999633789062,87.01000213623047,85.4800033569336,85.75,8059900.0
2023-08-07,85.86000061035156,86.83000183105469,85.86000061035156,86.79000091552734,4650900.0
2023-08-08,86.02999877929688,86.45999908447266,85.44999694824219,86.20999908447266,4185900.0
2023-08-09,85.9800033569336,86.70999908447266,85.66000366210938,86.25,3850600.0
2023-08-10,86.62000274658203,87.12999725341797,85.69000244140625,85.91999816894531,4186300.0
2023-08-11,85.5199966430664,86.18000030517578,85.33999633789062,86.08999633789062,3340900.0
2023-08-14,85.87000274658203,85.93000030517578,85.23999786376953,85.48999786376953,3785400.0
2023-08-15,84.83999633789062,85.1500015258789,84.37999725341797,84.47000122070312,4457300.0
2023-08-16,84.56999969482422,84.69000244140625,83.5,83.51000213623047,5295300.0
2023-08-17,83.70999908447266,84.18000030517578,82.87000274658203,82.93000030517578,5909200.0
2023-08-18,82.37999725341797,83.33999633789062,82.12000274658203,83.12999725341797,5194600.0
2023-08-21,83.0,83.05000305175781,81.75,82.4000015258789,4746600.0
2023-08-22,82.7699966430664,83.0199966430664,82.41000366210938,82.66999816894531,5256200.0
2023-08-23,83.2300033569336,84.12000274658203,83.08000183105469,84.0,5131400.0
2023-08-24,84.2300033569336,85.1500015258789,83.62999725341797,83.63999938964844,5419200.0
2023-08-25,83.86000061035156,84.33999633789062,83.41000366210938,83.79000091552734,5789200.0
2023-08-28,84.23999786376953,84.97000122070312,84.16000366210938,84.48999786376953,4479100.0
2023-08-29,84.55999755859375,85.55999755859375,84.20999908447266,85.51000213623047,6630900.0
2023-08-30,85.48999786376953,86.05999755859375,85.44000244140625,85.83000183105469,5658500.0
2023-08-31,85.8499984741211,85.94999694824219,85.08999633789062,85.33999633789062,4463100.0
2023-09-01,85.72000122070312,86.0999984741211,85.12000274658203,85.38999938964844,5769900.0
2023-09-05,85.11000061035156,85.33999633789062,84.33000183105469,84.33000183105469,6565700.0
2023-09-06,84.31999969482422,84.5199966430664,83.52999877929688,84.16000366210938,5332100.0
2023-09-07,84.08000183105469,85.08000183105469,83.93000030517578,84.70999908447266,5260600.0
2023-09-08,84.94000244140625,84.9800033569336,84.13999938964844,84.27999877929688,4260500.0
2023-09-11,84.38999938964844,84.58999633789062,83.91999816894531,84.27999877929688,4085900.0
2023-09-12,84.2300033569336,84.48999786376953,83.73999786376953,84.37999725341797,4518100.0
2023-09-13,84.31999969482422,84.41999816894531,83.25,83.4800033569336,5446500.0
2023-09-14,84.2300033569336,85.16999816894531,84.08999633789062,85.02999877929688,5846200.0
2023-09-15,84.56999969482422,84.91000366210938,84.31999969482422,84.58000183105469,6497000.0
2023-09-18,84.61000061035156,84.6500015258789,83.73999786376953,83.91999816894531,4982500.0
2023-09-19,83.86000061035156,84.19999694824219,83.30000305175781,83.54000091552734,4389800.0
2023-09-20,84.12000274658203,84.6500015258789,83.62999725341797,83.62999725341797,5643400.0
2023-09-21,83.13999938964844,83.18000030517578,80.68000030517578,80.68000030517578,9010000.0
2023-09-22,80.76000213623047,81.26000213623047,80.12999725341797,80.19000244140625,8696000.0
2023-09-25,79.81999969482422,80.1500015258789,79.52999877929688,80.04000091552734,6067800.0
2023-09-26,78.58999633789062,78.86000061035156,77.47000122070312,77.68000030517578,7726200.0
2023-09-27,78.11000061035156,78.37999725341797,76.75,77.12000274658203,8713100.0
2023-09-28,77.45999908447266,78.18000030517578,77.2699966430664,77.87999725341797,8431500.0
2023-09-29,79.2300033569336,79.25,77.70999908447266,78.13999938964844,8764900.0
2023-10-02,77.88999938964844,78.19000244140625,76.20999908447266,76.69999694824219,11887600.0
2023-10-03,76.29000091552734,76.56999969482422,75.01000213623047,75.20999908447266,10290000.0
2023-10-04,75.76000213623047,76.12000274658203,74.69999694824219,76.02999877929688,7980400.0
2023-10-05,76.13999938964844,76.69000244140625,75.66999816894531,76.61000061035156,6656300.0
2023-10-06,75.94999694824219,77.30999755859375,75.20999908447266,76.7699966430664,7606700.0
2023-10-09,76.37999725341797,77.94999694824219,76.33000183105469,77.75,8146600.0
2023-10-10,77.68000030517578,78.69000244140625,77.30000305175781,78.0,5994400.0
2023-10-11,78.69000244140625,79.45999908447266,78.5,79.44000244140625,6364000.0
2023-10-12,79.41000366210938,79.41000366210938,77.8499984741211,78.19999694824219,9653000.0
2023-10-13,78.7300033569336,78.86000061035156,77.75,78.12000274658203,8625100.0
2023-10-16,78.75,79.20999908447266,77.80999755859375,79.0199966430664,6540200.0
2023-10-17,78.26000213623047,79.81999969482422,78.26000213623047,78.80000305175781,10660300.0
2023-10-18,78.26000213623047,78.48999786376953,77.02999877929688,77.08000183105469,8722600.0
2023-10-19,76.47000122070312,77.08000183105469,75.11000061035156,75.23999786376953,12199100.0
2023-10-20,75.37000274658203,75.87000274658203,74.72000122070312,74.75,9323700.0
2023-10-23,74.18000030517578,75.06999969482422,73.83999633789062,74.04000091552734,8808400.0
2023-10-24,74.30000305175781,75.12999725341797,74.11000061035156,74.91999816894531,8164400.0
2023-10-25,74.19999694824219,74.44000244140625,73.16999816894531,73.27999877929688,8236100.0
2023-10-26,73.62000274658203,75.23999786376953,73.5999984741211,74.7300033569336,10955200.0
2023-10-27,75.06999969482422,75.06999969482422,73.3499984741211,73.62000274658203,9656000.0
2023-10-30,74.19999694824219,74.54000091552734,72.87999725341797,73.95999908447266,8309600.0
2023-10-31,74.5999984741211,75.37999725341797,73.94000244140625,75.33000183105469,8676300.0
2023-11-01,75.3499984741211,75.86000061035156,74.94000244140625,75.83999633789062,10792900.0
2023-11-02,76.8499984741211,78.48999786376953,76.6500015258789,78.2300033569336,9187400.0
2023-11-03,79.54000091552734,81.11000061035156,79.48999786376953,80.02999877929688,10154000.0
2023-11-06,80.02999877929688,80.02999877929688,78.5,78.97000122070312,8434400.0
2023-11-07,78.83000183105469,78.97000122070312,78.13999938964844,78.27999877929688,8560900.0
2023-11-08,78.62000274658203,78.88999938964844,78.30999755859375,78.66000366210938,6482600.0
2023-11-09,78.94000244140625,78.9800033569336,77.26000213623047,77.41999816894531,9070100.0
2023-11-10,78.0199966430664,78.30999755859375,77.26000213623047,78.19000244140625,5418400.0
2023-11-13,77.62000274658203,77.81999969482422,77.05999755859375,77.55000305175781,4812700.0
2023-11-14,80.04000091552734,82.41000366210938,79.55999755859375,81.72000122070312,15751000.0
2023-11-15,81.55999755859375,82.63999938964844,81.41999816894531,81.94999694824219,7927800.0
2023-11-16,82.19999694824219,82.3499984741211,81.62999725341797,81.86000061035156,6620600.0
2023-11-17,82.55000305175781,82.58999633789062,81.44000244140625,81.69999694824219,4579400.0
2023-11-20,81.5999984741211,82.37000274658203,81.0199966430664,82.33999633789062,6169900.0
2023-11-21,82.0,82.19000244140625,81.66999816894531,81.94000244140625,4730700.0
2023-11-22,82.4800033569336,82.8499984741211,81.88999938964844,82.25,4303800.0
2023-11-24,82.06999969482422,82.55000305175781,81.68000030517578,82.55000305175781,2314400.0
2023-11-27,82.5999984741211,83.26000213623047,82.19000244140625,82.8499984741211,6466400.0
2023-11-28,82.61000061035156,83.43000030517578,82.18000030517578,83.33999633789062,7386200.0
2023-11-29,83.94999694824219,84.69000244140625,83.8499984741211,83.94999694824219,6359500.0
2023-11-30,83.87000274658203,84.63999938964844,83.5999984741211,84.58999633789062,8109100.0
2023-12-01,84.52999877929688,86.56999969482422,84.27999877929688,86.56999969482422,17020700.0
2023-12-04,86.0199966430664,87.08999633789062,85.95999908447266,87.08999633789062,13459700.0
2023-12-05,86.66000366210938,86.77999877929688,86.11000061035156,86.55999755859375,13199600.0
2023-12-06,86.93000030517578,87.51000213623047,86.16999816894531,86.18000030517578,10876700.0
2023-12-07,86.23999786376953,86.72000122070312,85.87999725341797,86.47000122070312,8795100.0
2023-12-08,86.11000061035156,86.51000213623047,85.41000366210938,86.29000091552734,5477800.0
2023-12-11,85.98999786376953,86.6500015258789,85.81999969482422,86.48999786376953,4347300.0
2023-12-12,86.44999694824219,86.77999877929688,86.0,86.55000305175781,5163800.0
2023-12-13,86.5999984741211,90.05000305175781,86.37999725341797,89.77999877929688,11198900.0
2023-12-14,91.22000122070312,92.8499984741211,91.22000122070312,92.26000213623047,10613300.0
2023-12-15,92.1500015258789,92.1500015258789,90.36000061035156,91.11000061035156,12226800.0
2023-12-18,91.5,91.61000061035156,90.7699966430664,90.97000122070312,7094300.0
2023-12-19,91.30999755859375,91.79000091552734,91.12999725341797,91.58000183105469,6754200.0
2023-12-20,90.77999877929688,91.41999816894531,89.56999969482422,89.62999725341797,7895400.0
2023-12-21,90.41000366210938,90.6500015258789,89.44999694824219,90.4800033569336,6895300.0
2023-12-22,90.7699966430664,91.44000244140625,90.31999969482422,90.77999877929688,4737300.0
2023-12-26,90.83999633789062,91.68000030517578,90.66000366210938,91.47000122070312,3094100.0
2023-12-27,91.63999938964844,91.95999908447266,91.16000366210938,91.94999694824219,5522900.0
2023-12-28,91.73999786376953,92.47000122070312,91.68000030517578,92.45999908447266,4143700.0
2023-12-29,91.91999816894531,92.2300033569336,91.31999969482422,91.41000366210938,4854400.0
2024-01-02,91.0,92.31999969482422,90.70999908447266,92.22000122070312,4613800.0
2024-01-03,91.38999938964844,91.44999694824219,89.83000183105469,90.0199966430664,7145500.0
2024-01-04,90.06999969482422,90.44000244140625,89.47000122070312,89.86000061035156,6303700.0
2024-01-05,89.16000366210938,90.37000274658203,88.68000030517578,89.66000366210938,6890700.0
2024-01-08,89.5,90.9800033569336,89.37999725341797,90.94999694824219,4941900.0
2024-01-09,90.1500015258789,90.69000244140625,89.63999938964844,90.31999969482422,5348300.0
2024-01-10,90.5199966430664,90.81999969482422,90.08999633789062,90.38999938964844,5212200.0
2024-01-11,90.08999633789062,90.19000244140625,89.0999984741211,89.58999633789062,6250400.0
2024-01-12,90.54000091552734,90.73999786376953,89.69000244140625,90.16999816894531,5250900.0
2024-01-16,89.69999694824219,90.08000183105469,89.20999908447266,89.54000091552734,7090200.0
2024-01-17,88.3499984741211,89.41999816894531,86.98999786376953,87.94000244140625,8928100.0
2024-01-18,87.98999786376953,88.30999755859375,86.77999877929688,87.3499984741211,6415800.0
2024-01-19,87.55000305175781,88.63999938964844,86.91999816894531,88.31999969482422,7749000.0
2024-01-22,88.56999969482422,89.68000030517578,88.38999938964844,88.77999877929688,5674500.0
2024-01-23,89.08000183105469,89.36000061035156,87.9000015258789,88.23999786376953,4400900.0
2024-01-24,89.19000244140625,89.19000244140625,86.91999816894531,86.94999694824219,5461800.0
2024-01-25,88.13999938964844,88.48999786376953,87.61000061035156,88.08999633789062,5037700.0
2024-01-26,88.18000030517578,88.44999694824219,87.56999969482422,87.80999755859375,3705400.0
2024-01-29,87.8499984741211,88.51000213623047,87.5199966430664,88.41999816894531,4002600.0
2024-01-30,87.93000030517578,88.2699966430664,87.36000061035156,87.56999969482422,4935100.0
2024-01-31,87.94999694824219,88.47000122070312,86.54000091552734,86.75,9875200.0
2024-02-01,86.87000274658203,88.3499984741211,86.2300033569336,88.30999755859375,12125900.0
2024-02-02,87.37000274658203,87.77999877929688,85.77999877929688,87.11000061035156,15816800.0
2024-02-05,86.08999633789062,86.1500015258789,85.1500015258789,85.33999633789062,12253400.0
2024-02-06,85.4800033569336,86.72000122070312,85.22000122070312,86.5199966430664,10685600.0
2024-02-07,86.88999938964844,86.94000244140625,85.94999694824219,86.5,5407500.0
2024-02-08,86.22000122070312,87.30000305175781,86.22000122070312,87.0999984741211,4580600.0
2024-02-09,87.0199966430664,87.31999969482422,86.20999908447266,87.1500015258789,5128500.0
2024-02-12,87.36000061035156,87.80999755859375,86.93000030517578,87.08999633789062,3816100.0
2024-02-13,85.25,85.43000030517578,84.23999786376953,85.31999969482422,10341700.0
2024-02-14,85.79000091552734,86.55999755859375,85.41000366210938,86.0999984741211,7169700.0
2024-02-15,86.80000305175781,88.1500015258789,86.80000305175781,88.04000091552734,5352200.0
2024-02-16,86.94000244140625,87.63999938964844,86.44999694824219,87.0999984741211,7266700.0
2024-02-20,86.79000091552734,87.37999725341797,86.2699966430664,86.95999908447266,5858200.0
2024-02-21,87.3499984741211,87.63999938964844,86.88999938964844,87.5999984741211,5101000.0
2024-02-22,87.80000305175781,88.18000030517578,87.5,87.66000366210938,5262400.0
2024-02-23,87.93000030517578,88.19999694824219,87.47000122070312,87.7699966430664,5583900.0
2024-02-26,87.4800033569336,87.94999694824219,86.61000061035156,86.77999877929688,5589100.0
2024-02-27,87.27999877929688,87.63999938964844,86.63999938964844,86.94999694824219,5385500.0
2024-02-28,86.4000015258789,88.23999786376953,86.30000305175781,87.81999969482422,5674300.0
2024-02-29,88.48999786376953,88.98999786376953,88.12999725341797,88.5999984741211,8300400.0
2024-03-01,88.56999969482422,89.55999755859375,87.45999908447266,89.55999755859375,14064600.0
2024-03-04,89.30000305175781,90.4800033569336,88.68000030517578,90.43000030517578,12760500.0
2024-03-05,90.0,90.5999984741211,88.91999816894531,89.37999725341797,10980100.0
2024-03-06,89.9000015258789,90.08999633789062,89.26000213623047,89.6500015258789,10676300.0
2024-03-07,90.18000030517578,90.44999694824219,89.33999633789062,89.83999633789062,3898500.0
2024-03-08,90.25,91.06999969482422,90.1500015258789,90.8499984741211,6119400.0
2024-03-11,90.54000091552734,91.19999694824219,90.0199966430664,90.41999816894531,5528300.0
2024-03-12,90.23999786376953,90.54000091552734,89.43000030517578,90.19999694824219,5505100.0
2024-03-13,90.06999969482422,90.62999725341797,89.44999694824219,89.73999786376953,4356500.0
2024-03-14,89.37999725341797,89.55999755859375,87.62000274658203,88.33999633789062,8196000.0
2024-03-15,87.63999938964844,88.52999877929688,87.52999877929688,88.23999786376953,5869000.0
2024-03-18,88.38999938964844,88.70999908447266,88.05999755859375,88.16999816894531,4758500.0
2024-03-19,88.16999816894531,88.52999877929688,87.6500015258789,88.25,5295500.0
2024-03-20,87.55000305175781,89.0199966430664,87.33000183105469,88.79000091552734,6651400.0
2024-03-21,88.83999633789062,89.41000366210938,88.47000122070312,89.06999969482422,5545100.0
2024-03-22,88.98999786376953,89.20999908447266,87.83000183105469,87.88999938964844,4604500.0
2024-03-25,88.05999755859375,88.36000061035156,87.48999786376953,87.48999786376953,3989300.0
2024-03-26,87.63999938964844,87.7300033569336,87.0199966430664,87.06999969482422,3713200.0
2024-03-27,87.88999938964844,89.29000091552734,87.80999755859375,89.26000213623047,5766900.0
2024-03-28,89.6500015258789,90.12999725341797,89.54000091552734,89.9000015258789,6174700.0
2024-04-01,90.04000091552734,90.04000091552734,88.2300033569336,88.41999816894531,6770300.0
2024-04-02,87.72000122070312,87.8499984741211,87.04000091552734,87.31999969482422,6075100.0
2024-04-03,87.23999786376953,87.54000091552734,86.7699966430664,87.43000030517578,5085700.0
2024-04-04,88.18000030517578,88.54000091552734,86.54000091552734,86.80999755859375,5767300.0
2024-04-05,86.7300033569336,87.4800033569336,86.31999969482422,87.19000244140625,6698000.0
2024-04-08,87.54000091552734,88.22000122070312,87.41000366210938,88.16999816894531,5115400.0
2024-04-09,88.62000274658203,89.29000091552734,88.33000183105469,89.2300033569336,6223700.0
2024-04-10,86.93000030517578,87.16999816894531,85.11000061035156,85.61000061035156,13392400.0
2024-04-11,86.22000122070312,86.3499984741211,85.01000213623047,85.70999908447266,8081100.0
2024-04-12,85.4000015258789,85.51000213623047,84.52999877929688,84.80000305175781,8962400.0
2024-04-15,85.41000366210938,85.48999786376953,82.88999938964844,83.41999816894531,8786100.0
2024-04-16,83.0199966430664,83.12999725341797,81.97000122070312,82.18000030517578,7518400.0
2024-04-17,81.9800033569336,82.43000030517578,81.58999633789062,81.62999725341797,6989700.0
2024-04-18,81.91000366210938,82.12000274658203,81.25,81.5999984741211,5545700.0
2024-04-19,81.93000030517578,82.37000274658203,81.6500015258789,81.98999786376953,4579400.0
2024-04-22,82.26000213623047,82.86000061035156,81.75,82.6500015258789,4251400.0
2024-04-23,82.80000305175781,83.72000122070312,82.6500015258789,83.3499984741211,4777200.0
2024-04-24,83.0999984741211,83.7300033569336,82.54000091552734,83.61000061035156,4856200.0
2024-04-25,82.76000213623047,83.30999755859375,82.23999786376953,83.11000061035156,5678400.0
2024-04-26,83.2699966430664,84.05000305175781,83.05999755859375,83.23999786376953,4978900.0
2024-04-29,83.52999877929688,84.33999633789062,83.52999877929688,84.12000274658203,5499900.0
2024-04-30,83.5199966430664,83.9000015258789,82.56999969482422,82.5999984741211,9296300.0
2024-05-01,82.5199966430664,84.23999786376953,82.37999725341797,82.72000122070312,14147700.0
2024-05-02,83.54000091552734,84.0999984741211,82.62000274658203,83.81999969482422,12627400.0
2024-05-03,85.47000122070312,85.8499984741211,84.3499984741211,84.45999908447266,12365700.0
2024-05-06,85.19000244140625,85.30000305175781,84.30000305175781,84.66999816894531,8851900.0
2024-05-07,85.16000366210938,85.66999816894531,85.02999877929688,85.41999816894531,6117700.0
2024-05-08,84.94999694824219,84.98999786376953,84.45999908447266,84.7699966430664,5385400.0
2024-05-09,85.4800033569336,86.47000122070312,85.38999938964844,86.4000015258789,8093800.0
2024-05-10,86.68000030517578,86.69999694824219,85.94999694824219,86.23999786376953,5146200.0
2024-05-13,86.58000183105469,86.97000122070312,86.05000305175781,86.43000030517578,4207700.0
2024-05-14,87.06999969482422,87.48999786376953,86.63999938964844,87.06999969482422,5882100.0
2024-05-15,88.48999786376953,88.73999786376953,88.0999984741211,88.4000015258789,6438100.0
2024-05-16,88.56999969482422,88.7300033569336,88.1500015258789,88.33000183105469,4169700.0
2024-05-17,88.26000213623047,88.54000091552734,87.97000122070312,88.33999633789062,4138500.0
2024-05-20,88.19000244140625,88.38999938964844,87.69000244140625,87.72000122070312,3240500.0
2024-05-21,87.61000061035156,87.91999816894531,87.41000366210938,87.75,2763100.0
2024-05-22,87.45999908447266,87.80000305175781,86.73999786376953,86.94000244140625,3796900.0
2024-05-23,86.97000122070312,87.01000213623047,85.02999877929688,85.08000183105469,5336100.0
2024-05-24,85.62999725341797,85.73999786376953,85.0,85.08999633789062,4392400.0
2024-05-28,85.75,85.87000274658203,84.5,84.56999969482422,3709500.0
2024-05-29,83.7699966430664,83.88999938964844,83.38999938964844,83.77999877929688,4983800.0
2024-05-30,84.33000183105469,85.04000091552734,84.23999786376953,85.0,4901000.0
2024-05-31,85.7300033569336,86.69000244140625,85.13999938964844,86.66999816894531,5354000.0
2024-06-03,86.83000183105469,86.9800033569336,85.94000244140625,86.43000030517578,5413700.0
2024-06-04,86.02999877929688,87.48999786376953,86.02999877929688,87.19999694824219,4294400.0
2024-06-05,87.08999633789062,87.25,86.5199966430664,86.98999786376953,3256000.0
2024-06-06,86.79000091552734,87.25,86.27999877929688,87.12999725341797,4098000.0
2024-06-07,86.02999877929688,86.66999816894531,85.7699966430664,86.43000030517578,5987600.0
2024-06-10,86.26000213623047,87.06999969482422,85.58999633789062,86.66999816894531,3305500.0
2024-06-11,85.80000305175781,86.30999755859375,85.55999755859375,85.87999725341797,3129100.0
2024-06-12,88.02999877929688,88.2699966430664,86.5,86.62000274658203,7425200.0
2024-06-13,86.91999816894531,87.30000305175781,86.33000183105469,87.12999725341797,4051500.0
2024-06-14,86.80999755859375,87.31999969482422,86.33000183105469,87.05999755859375,3743500.0
2024-06-17,86.54000091552734,87.13999938964844,86.16000366210938,86.75,4547500.0
2024-06-18,86.91000366210938,87.3499984741211,86.7699966430664,87.0,3567900.0
2024-06-20,86.80000305175781,87.08000183105469,86.5199966430664,86.7699966430664,3613600.0
2024-06-21,86.91999816894531,87.19999694824219,86.41000366210938,87.12999725341797,3341900.0
2024-06-24,87.19000244140625,88.58999633789062,86.94999694824219,87.6500015258789,4135100.0
2024-06-25,87.58000183105469,87.58999633789062,86.1500015258789,86.58999633789062,3915400.0
2024-06-26,86.13999938964844,86.61000061035156,85.87999725341797,86.33999633789062,2950900.0
2024-06-27,86.63999938964844,87.18000030517578,86.25,87.06999969482422,2865900.0
2024-06-28,87.5199966430664,88.19999694824219,87.0999984741211,87.73999786376953,5015700.0
2024-07-01,87.4800033569336,87.87000274658203,86.37999725341797,86.93000030517578,5124100.0
2024-07-02,87.18000030517578,87.45999908447266,86.81999969482422,87.26000213623047,2963200.0
2024-07-03,87.58999633789062,87.91999816894531,87.20999908447266,87.22000122070312,2833000.0
2024-07-05,87.41999816894531,87.66999816894531,86.91999816894531,87.47000122070312,3871800.0
2024-07-08,87.52999877929688,87.93000030517578,87.37000274658203,87.77999877929688,3107200.0
2024-07-09,87.55000305175781,88.05999755859375,86.9000015258789,87.76000213623047,2348900.0
2024-07-10,88.20999908447266,88.47000122070312,87.55000305175781,88.44000244140625,3444700.0
2024-07-11,89.8499984741211,91.2300033569336,89.69999694824219,90.87999725341797,7488300.0
2024-07-12,91.4800033569336,92.19999694824219,91.2300033569336,91.63999938964844,5344800.0
2024-07-15,91.79000091552734,92.25,91.41999816894531,92.05999755859375,4012600.0
2024-07-16,92.66000366210938,93.19000244140625,92.16000366210938,93.19000244140625,4809900.0
2024-07-17,93.08999633789062,94.37000274658203,93.08999633789062,93.80000305175781,6270100.0
2024-07-18,93.23999786376953,94.87999725341797,92.80000305175781,93.0999984741211,5090200.0
2024-07-19,93.20999908447266,93.44999694824219,92.45999908447266,92.91000366210938,3812800.0
2024-07-22,93.08999633789062,93.87999725341797,92.48999786376953,93.80999755859375,4144000.0
2024-07-23,93.58000183105469,94.25,93.19999694824219,93.69000244140625,4054000.0
2024-07-24,93.54000091552734,94.1500015258789,92.16000366210938,92.19999694824219,4693500.0
2024-07-25,92.86000061035156,93.66999816894531,91.69999694824219,91.88999938964844,6443500.0
2024-07-26,92.31999969482422,93.73999786376953,92.26000213623047,93.44000244140625,4575600.0
2024-07-29,93.72000122070312,94.30000305175781,92.7300033569336,94.04000091552734,5905300.0
2024-07-30,94.33999633789062,94.86000061035156,94.0199966430664,94.68000030517578,3982000.0
2024-07-31,94.43000030517578,95.5,94.12000274658203,94.43000030517578,6431000.0
2024-08-01,95.19999694824219,95.91999816894531,94.56999969482422,95.5199966430664,11377200.0
2024-08-02,95.19999694824219,96.48999786376953,94.69000244140625,95.61000061035156,10929000.0
2024-08-05,93.91999816894531,95.44000244140625,92.68000030517578,92.9000015258789,12392800.0
2024-08-06,92.80999755859375,95.73999786376953,92.48999786376953,94.83999633789062,9250800.0
2024-08-07,95.1500015258789,96.27999877929688,93.9800033569336,94.01000213623047,7478500.0
2024-08-08,94.22000122070312,95.16999816894531,93.80000305175781,95.01000213623047,6434600.0
2024-08-09,95.4000015258789,95.66000366210938,94.43000030517578,95.44000244140625,4156500.0
2024-08-12,95.1500015258789,95.1500015258789,94.13999938964844,94.79000091552734,3658300.0
2024-08-13,95.45999908447266,95.68000030517578,94.94000244140625,95.5199966430664,3203000.0
2024-08-14,95.75,96.30000305175781,95.30999755859375,95.9000015258789,4231500.0
2024-08-15,95.97000122070312,96.0999984741211,95.29000091552734,95.61000061035156,5084500.0
2024-08-16,95.54000091552734,95.94999694824219,95.19999694824219,95.63999938964844,4700100.0
2024-08-19,95.69000244140625,96.38999938964844,95.62000274658203,96.37000274658203,3101400.0
2024-08-20,96.54000091552734,96.62999725341797,95.91000366210938,96.3499984741211,3944000.0
2024-08-21,96.30000305175781,96.80000305175781,95.88999938964844,96.69000244140625,3571700.0
2024-08-22,96.75,97.11000061035156,96.48999786376953,97.05999755859375,2741000.0
2024-08-23,97.44000244140625,99.2300033569336,97.3499984741211,99.13999938964844,6437900.0
2024-08-26,99.52999877929688,99.69999694824219,98.8499984741211,98.98999786376953,3571700.0
2024-08-27,98.25,99.27999877929688,98.19999694824219,99.20999908447266,3713000.0
2024-08-28,99.20999908447266,99.4800033569336,98.30999755859375,98.86000061035156,2873900.0
2024-08-29,98.75,98.91000366210938,98.08000183105469,98.52999877929688,5013900.0
2024-08-30,99.01000213623047,99.52999877929688,98.25,99.52999877929688,4101900.0
2024-09-03,98.80000305175781,99.98999786376953,98.80000305175781,99.52999877929688,7191100.0
2024-09-04,99.80000305175781,100.7300033569336,99.25,99.80999755859375,6448200.0
2024-09-05,100.48999786376953,100.58999633789062,99.27999877929688,99.48999786376953,7729800.0
2024-09-06,99.61000061035156,99.77999877929688,98.62000274658203,99.4000015258789,9306300.0
2024-09-09,99.3499984741211,100.7699966430664,99.30999755859375,100.61000061035156,5657300.0
2024-09-10,100.91999816894531,102.19999694824219,100.69000244140625,102.19999694824219,5856100.0
2024-09-11,101.18000030517578,101.95999908447266,100.01000213623047,101.83999633789062,4270200.0
2024-09-12,102.02999877929688,102.27999877929688,101.12000274658203,102.19999694824219,4537700.0
2024-09-13,102.79000091552734,103.1500015258789,102.55000305175781,103.13999938964844,4797000.0
2024-09-16,103.5999984741211,103.93000030517578,103.1500015258789,103.61000061035156,4680400.0
2024-09-17,103.69999694824219,103.94000244140625,102.48999786376953,102.76000213623047,5279000.0
2024-09-18,102.93000030517578,104.04000091552734,102.41999816894531,102.56999969482422,6219100.0
2024-09-19,103.47000122070312,103.47000122070312,101.9000015258789,102.45999908447266,6329900.0
2024-09-20,102.06999969482422,102.37999725341797,101.72000122070312,102.2699966430664,6514900.0
2024-09-23,102.7699966430664,103.26000213623047,102.61000061035156,103.16999816894531,4126500.0
2024-09-24,102.66000366210938,103.55000305175781,102.33999633789062,103.19999694824219,4173100.0
2024-09-25,102.69000244140625,102.87000274658203,101.63999938964844,101.88999938964844,3969100.0
2024-09-26,101.98999786376953,102.08999633789062,100.66000366210938,100.94999694824219,5236800.0
2024-09-27,101.76000213623047,101.97000122070312,101.0,101.1500015258789,4384500.0
2024-09-30,100.88999938964844,101.9800033569336,100.6500015258789,101.87000274658203,5498600.0
2024-10-01,102.16000366210938,102.31999969482422,100.80000305175781,101.26000213623047,10335000.0
2024-10-02,100.38999938964844,100.95999908447266,100.16000366210938,100.91999816894531,5577200.0
2024-10-03,100.5199966430664,100.77999877929688,99.62999725341797,99.91999816894531,4147200.0
2024-10-04,99.41000366210938,99.66999816894531,98.48999786376953,99.36000061035156,5790600.0
2024-10-07,98.87000274658203,98.87000274658203,98.05000305175781,98.5,5101400.0
2024-10-08,98.93000030517578,99.16999816894531,98.38999938964844,98.7300033569336,5238200.0
2024-10-09,98.54000091552734,98.87000274658203,98.19000244140625,98.80000305175781,3079700.0
2024-10-10,98.3499984741211,99.04000091552734,97.73999786376953,98.01000213623047,3391600.0
2024-10-11,98.54000091552734,99.11000061035156,98.33999633789062,99.11000061035156,3757000.0
2024-10-14,98.75,99.86000061035156,98.55999755859375,99.76000213623047,3193300.0
2024-10-15,100.13999938964844,101.75,100.13999938964844,100.94000244140625,6918700.0
2024-10-16,101.18000030517578,102.0999984741211,100.88999938964844,101.9800033569336,4237900.0
2024-10-17,101.51000213623047,101.69999694824219,100.87000274658203,101.19000244140625,3736000.0
2024-10-18,101.48999786376953,101.97000122070312,101.05000305175781,101.94000244140625,3713600.0
2024-10-21,101.37999725341797,101.83000183105469,99.77999877929688,99.9000015258789,6073600.0
2024-10-22,99.66000366210938,100.44000244140625,99.44000244140625,100.01000213623047,5405900.0
2024-10-23,99.83000183105469,101.08000183105469,99.66999816894531,100.91000366210938,5452700.0
2024-10-24,101.05000305175781,101.7300033569336,100.97000122070312,101.16000366210938,3491500.0
2024-10-25,101.76000213623047,102.18000030517578,100.1500015258789,100.19999694824219,4394800.0
2024-10-28,100.98999786376953,101.45999908447266,100.29000091552734,100.45999908447266,4458800.0
2024-10-29,100.18000030517578,100.55000305175781,99.26000213623047,99.52999877929688,7021200.0
2024-10-30,99.58999633789062,100.7300033569336,99.52999877929688,100.01000213623047,6237600.0
2024-10-31,99.22000122070312,99.7699966430664,98.23999786376953,98.30999755859375,7701000.0
2024-11-01,98.93000030517578,99.0999984741211,97.16000366210938,97.19999694824219,9487500.0
2024-11-04,97.68000030517578,98.52999877929688,97.55000305175781,98.25,3926900.0
2024-11-05,97.72000122070312,99.5999984741211,97.47000122070312,99.58999633789062,5125600.0
2024-11-06,99.30999755859375,99.30999755859375,96.05999755859375,97.08000183105469,10360500.0
2024-11-07,97.62999725341797,98.56999969482422,97.33999633789062,98.27999877929688,7768300.0
2024-11-08,98.73999786376953,100.16000366210938,98.58000183105469,99.88999938964844,7286700.0
2024-11-11,99.66000366210938,100.37000274658203,99.18000030517578,99.2300033569336,3711500.0
2024-11-12,98.91999816894531,99.33000183105469,97.88999938964844,97.88999938964844,7729300.0
2024-11-13,99.01000213623047,99.41000366210938,98.43000030517578,98.55999755859375,4801500.0
2024-11-14,98.54000091552734,98.54000091552734,97.55999755859375,97.69000244140625,6714800.0
2024-11-15,97.26000213623047,97.98999786376953,96.95999908447266,97.80000305175781,6786300.0
2024-11-18,97.38999938964844,98.62000274658203,97.18000030517578,98.5999984741211,4726100.0
2024-11-19,98.30000305175781,99.31999969482422,97.88999938964844,99.12000274658203,5340800.0
2024-11-20,98.52999877929688,99.06999969482422,98.12999725341797,98.91000366210938,4329700.0
2024-11-21,99.05000305175781,99.93000030517578,98.62999725341797,99.62000274658203,3826200.0
2024-11-22,99.9800033569336,100.52999877929688,99.93000030517578,100.36000061035156,3402700.0
2024-11-25,100.94000244140625,102.2300033569336,100.94000244140625,101.76000213623047,5112800.0
2024-11-26,101.69000244140625,102.29000091552734,101.19999694824219,102.08000183105469,3068400.0
2024-11-27,102.75,103.45999908447266,102.63999938964844,102.87000274658203,4141000.0
2024-11-29,102.91000366210938,103.2699966430664,102.2300033569336,102.30999755859375,4566800.0
2024-12-02,101.8499984741211,101.93000030517578,100.56999969482422,100.94000244140625,7207500.0
2024-12-03,100.94000244140625,101.23999786376953,100.23999786376953,100.36000061035156,4252400.0
2024-12-04,100.33000183105469,100.37999725341797,99.51000213623047,100.02999877929688,2553200.0
2024-12-05,99.62000274658203,99.8499984741211,99.19000244140625,99.72000122070312,2955100.0
2024-12-06,100.0199966430664,100.36000061035156,99.19000244140625,99.69000244140625,2913000.0
2024-12-09,99.81999969482422,100.22000122070312,99.58999633789062,99.97000122070312,3739300.0
2024-12-10,99.93000030517578,99.93000030517578,98.0999984741211,98.38999938964844,5809700.0
2024-12-11,98.44999694824219,98.91000366210938,97.9000015258789,98.20999908447266,3654100.0
2024-12-12,98.0199966430664,99.08999633789062,97.95999908447266,98.0199966430664,4411000.0
2024-12-13,97.79000091552734,98.18000030517578,97.54000091552734,97.61000061035156,5145300.0
2024-12-16,97.75,98.5,97.2699966430664,97.33000183105469,4478300.0
2024-12-17,96.19999694824219,96.91999816894531,95.76000213623047,96.05999755859375,3856200.0
2024-12-18,95.83999633789062,96.27999877929688,92.1500015258789,92.1500015258789,9655800.0
2024-12-19,92.4000015258789,93.11000061035156,90.68000030517578,90.73999786376953,12763300.0
2024-12-20,91.0,93.37999725341797,91.0,92.38999938964844,14194600.0
2024-12-23,92.20999908447266,92.9000015258789,91.73999786376953,92.79000091552734,5846900.0
2024-12-24,92.54000091552734,93.5,92.43000030517578,93.41000366210938,2207200.0
2024-12-26,93.06999969482422,93.68000030517578,92.66000366210938,93.5999984741211,3958600.0
2024-12-27,93.0999984741211,93.76000213623047,92.45999908447266,92.66999816894531,5279100.0
2024-12-30,92.45999908447266,92.5199966430664,91.37999725341797,92.27999877929688,4020600.0
2024-12-31,93.08000183105469,93.26000213623047,92.20999908447266,93.05999755859375,5447500.0
2025-01-02,93.19999694824219,93.27999877929688,91.94999694824219,92.29000091552734,8909500.0
2025-01-03,92.41999816894531,93.5999984741211,92.16999816894531,93.43000030517578,4325900.0
2025-01-06,93.58999633789062,93.81999969482422,92.13999938964844,92.2699966430664,5845100.0
2025-01-07,92.83999633789062,93.05000305175781,91.23999786376953,91.4800033569336,7161500.0
2025-01-08,91.43000030517578,91.79000091552734,90.58000183105469,91.72000122070312,4024800.0
2025-01-10,90.20999908447266,90.48999786376953,89.45999908447266,89.48999786376953,9167900.0
2025-01-13,89.3499984741211,90.66999816894531,89.19000244140625,90.61000061035156,6069300.0
2025-01-14,90.91000366210938,91.62999725341797,90.70999908447266,91.45999908447266,6052000.0
2025-01-15,93.91000366210938,94.01000213623047,91.81999969482422,91.83999633789062,6016700.0
2025-01-16,92.0999984741211,93.97000122070312,91.81999969482422,93.95999908447266,4935300.0
2025-01-17,94.23999786376953,94.44000244140625,93.83000183105469,93.86000061035156,4301000.0
2025-01-21,94.36000061035156,95.69000244140625,94.30000305175781,95.6500015258789,4421300.0
2025-01-22,95.48999786376953,95.48999786376953,93.87000274658203,94.0,4114900.0
2025-01-23,94.27999877929688,94.68000030517578,93.23999786376953,94.68000030517578,3626200.0
2025-01-24,94.41999816894531,95.52999877929688,94.29000091552734,94.94000244140625,3929100.0
2025-01-27,94.80999755859375,96.16000366210938,94.80999755859375,96.04000091552734,8961300.0
2025-01-28,95.7300033569336,95.7699966430664,94.69000244140625,95.02999877929688,4576100.0
2025-01-29,95.08000183105469,95.23999786376953,93.33999633789062,93.77999877929688,4515200.0
2025-01-30,95.13999938964844,95.75,94.18000030517578,95.02999877929688,6424500.0
2025-01-31,94.83000183105469,95.72000122070312,94.51000213623047,94.81999969482422,4533200.0
2025-02-03,93.83000183105469,94.97000122070312,93.08999633789062,94.51000213623047,5620100.0
2025-02-04,93.91999816894531,94.87000274658203,93.66999816894531,94.63999938964844,3277600.0
2025-02-05,95.66000366210938,96.2300033569336,94.73999786376953,96.06999969482422,4314600.0
2025-02-06,96.52999877929688,96.54000091552734,95.62999725341797,96.30000305175781,2684000.0
2025-02-07,96.52999877929688,96.55999755859375,95.44999694824219,95.94000244140625,4633400.0
2025-02-10,95.9800033569336,96.26000213623047,95.22000122070312,96.06999969482422,2733400.0
2025-02-11,95.6500015258789,96.5,95.47000122070312,96.47000122070312,3313800.0
2025-02-12,94.5,95.80999755859375,94.37999725341797,95.47000122070312,4453800.0
2025-02-13,95.4000015258789,96.52999877929688,95.05999755859375,96.33999633789062,4864100.0
2025-02-14,96.62000274658203,96.98999786376953,95.91999816894531,95.93000030517578,4054900.0
2025-02-18,95.8499984741211,96.69999694824219,95.66999816894531,96.33000183105469,2489700.0
2025-02-19,96.02999877929688,96.66999816894531,95.77999877929688,96.37000274658203,3298800.0
2025-02-20,96.3499984741211,97.12999725341797,95.91999816894531,96.9800033569336,3493700.0
2025-02-21,96.94999694824219,97.16000366210938,95.62999725341797,96.2699966430664,6317800.0
2025-02-24,96.37999725341797,97.12999725341797,95.83999633789062,96.61000061035156,3948800.0
2025-02-25,96.97000122070312,98.1500015258789,96.87999725341797,97.70999908447266,3863700.0
2025-02-26,97.98999786376953,98.11000061035156,96.9800033569336,97.23999786376953,5702700.0
2025-02-27,97.20999908447266,98.19000244140625,97.08000183105469,97.6500015258789,4903900.0
2025-02-28,98.11000061035156,98.52999877929688,97.33000183105469,98.41000366210938,4077100.0
2025-03-03,98.47000122070312,99.55000305175781,98.36000061035156,98.9000015258789,5133500.0
2025-03-04,99.01000213623047,99.62000274658203,97.68000030517578,97.80000305175781,6905800.0
2025-03-05,96.95999908447266,99.12999725341797,96.87999725341797,98.9800033569336,4505300.0
2025-03-06,98.04000091552734,98.27999877929688,96.16999816894531,96.33999633789062,7146500.0
2025-03-07,96.58000183105469,97.41999816894531,95.83999633789062,96.97000122070312,4387300.0
2025-03-10,96.9800033569336,98.01000213623047,95.58000183105469,96.05000305175781,7317000.0
2025-03-11,96.36000061035156,96.56999969482422,94.37000274658203,94.88999938964844,6252900.0
2025-03-12,95.05999755859375,95.38999938964844,94.19999694824219,94.54000091552734,3970100.0
2025-03-13,94.45999908447266,95.2300033569336,92.61000061035156,92.73999786376953,5084600.0
2025-03-14,93.51000213623047,94.69999694824219,93.06999969482422,94.62999725341797,4021100.0
2025-03-17,94.5,96.5199966430664,94.5,96.12000274658203,5466300.0
2025-03-18,95.80999755859375,96.33000183105469,95.02999877929688,95.38999938964844,4690500.0
2025-03-19,95.4800033569336,96.19999694824219,94.69999694824219,95.52999877929688,4370200.0
2025-03-20,95.58999633789062,95.98999786376953,95.02999877929688,95.31999969482422,3850500.0
2025-03-21,95.05000305175781,95.0999984741211,93.86000061035156,94.41999816894531,4489500.0
2025-03-24,94.94999694824219,95.9000015258789,94.55999755859375,95.72000122070312,4019800.0
2025-03-25,95.56999969482422,95.7300033569336,94.08000183105469,94.66000366210938,5616600.0
2025-03-26,95.0199966430664,95.54000091552734,94.70999908447266,95.18000030517578,4724100.0
2025-03-27,95.20999908447266,96.0199966430664,94.62000274658203,94.87999725341797,3618200.0
2025-03-28,95.26000213623047,95.38999938964844,94.18000030517578,94.73999786376953,3834100.0
2025-03-31,94.79000091552734,96.30000305175781,94.79000091552734,95.75,6051600.0
2025-04-01,95.91000366210938,96.22000122070312,94.61000061035156,95.80999755859375,5926300.0
2025-04-02,95.63999938964844,96.38999938964844,95.13999938964844,96.22000122070312,4359500.0
2025-04-03,95.23999786376953,96.08999633789062,93.16999816894531,93.2300033569336,9122200.0
2025-04-04,92.41000366210938,92.52999877929688,89.0199966430664,89.11000061035156,12928600.0
2025-04-07,87.5199966430664,90.30000305175781,84.87000274658203,86.66999816894531,15195900.0
2025-04-08,88.95999908447266,88.98999786376953,83.58999633789062,84.4800033569336,10084600.0
2025-04-09,83.19000244140625,89.87999725341797,81.52999877929688,89.41999816894531,16319800.0
2025-04-10,88.58000183105469,89.3499984741211,85.22000122070312,87.31999969482422,10549700.0
2025-04-11,87.08999633789062,88.75,85.87000274658203,88.5999984741211,6713600.0
2025-04-14,89.5,90.98999786376953,89.0999984741211,90.45999908447266,5611100.0
2025-04-15,90.80000305175781,91.31999969482422,90.25,90.70999908447266,3457400.0
2025-04-16,91.05999755859375,91.81999969482422,90.0,90.58999633789062,4521800.0
2025-04-17,90.73999786376953,92.69000244140625,90.73999786376953,91.93000030517578,4316500.0
2025-04-21,91.1500015258789,91.3499984741211,88.94999694824219,90.06999969482422,6216400.0
2025-04-22,91.25,92.25,90.88999938964844,91.87000274658203,4494000.0
2025-04-23,92.9000015258789,93.80000305175781,91.45999908447266,92.0,4844900.0
2025-04-24,92.11000061035156,93.02999877929688,91.58999633789062,92.33000183105469,4960200.0
2025-04-25,92.38999938964844,92.55000305175781,91.54000091552734,92.16000366210938,3889000.0
2025-04-28,92.12000274658203,92.94000244140625,91.87000274658203,92.75,4228500.0
2025-04-29,92.62999725341797,93.75,92.4800033569336,93.37000274658203,3690200.0
2025-04-30,92.80000305175781,94.0,92.05999755859375,93.69000244140625,5940200.0
2025-05-01,94.05999755859375,94.75,93.30000305175781,93.94999694824219,4079700.0
2025-05-02,94.97000122070312,95.36000061035156,94.61000061035156,94.95999908447266,5053900.0
2025-05-05,94.72000122070312,95.4000015258789,94.33000183105469,94.86000061035156,2706500.0
2025-05-06,94.36000061035156,94.88999938964844,93.70999908447266,94.16000366210938,4355500.0
2025-05-07,94.48999786376953,94.94000244140625,93.98999786376953,94.1500015258789,3820900.0
2025-05-08,94.62999725341797,94.70999908447266,93.47000122070312,93.73999786376953,4592300.0
2025-05-09,93.94999694824219,94.62999725341797,93.62999725341797,94.37000274658203,2418400.0
2025-05-12,95.5199966430664,95.5199966430664,94.16000366210938,94.66000366210938,4658000.0
2025-05-13,94.68000030517578,94.80000305175781,93.16000366210938,93.5,5842400.0
2025-05-14,93.16999816894531,93.16999816894531,92.2300033569336,92.66999816894531,5890800.0
2025-05-15,93.02999877929688,94.3499984741211,92.91999816894531,94.30000305175781,4542800.0
2025-05-16,94.62000274658203,95.56999969482422,94.16999816894531,95.48999786376953,5230500.0
2025-05-19,94.61000061035156,95.68000030517578,94.54000091552734,95.5999984741211,3847000.0
2025-05-20,95.0199966430664,95.44999694824219,94.83000183105469,95.08999633789062,3631600.0
2025-05-21,94.47000122070312,94.7699966430664,92.43000030517578,92.5199966430664,6449900.0
2025-05-22,92.66000366210938,92.69999694824219,91.4000015258789,92.13999938964844,4599200.0
2025-05-23,92.01000213623047,92.5,91.62000274658203,92.20999908447266,4421600.0
2025-05-27,93.0199966430664,93.94000244140625,92.6500015258789,93.7300033569336,5008200.0
2025-05-28,93.83000183105469,93.83000183105469,93.02999877929688,93.62000274658203,4905800.0
2025-05-29,93.72000122070312,94.87999725341797,93.51000213623047,94.44000244140625,6237500.0
2025-05-30,94.08000183105469,94.75,93.58000183105469,94.54000091552734,4972200.0
2025-06-02,93.94000244140625,94.6500015258789,92.93000030517578,94.58999633789062,6435800.0
2025-06-03,94.25,94.5,93.55999755859375,94.4000015258789,5601100.0
2025-06-04,94.51000213623047,95.0,93.88999938964844,94.6500015258789,4015600.0
2025-06-05,94.86000061035156,95.08999633789062,94.11000061035156,94.56999969482422,4965600.0
2025-06-06,95.12000274658203,95.41999816894531,94.47000122070312,94.95999908447266,3817800.0
2025-06-09,94.83000183105469,95.62000274658203,94.33999633789062,95.05999755859375,6155000.0
2025-06-10,95.3499984741211,95.94000244140625,95.13999938964844,95.91000366210938,5631200.0
2025-06-11,96.11000061035156,96.4000015258789,95.02999877929688,95.41000366210938,3757300.0
2025-06-12,95.27999877929688,96.0,95.20999908447266,95.9000015258789,3829400.0
2025-06-13,95.2699966430664,95.75,94.41999816894531,95.05999755859375,5740500.0
2025-06-16,95.0199966430664,95.75,94.27999877929688,94.58999633789062,6211900.0
2025-06-17,94.55999755859375,94.83999633789062,93.88999938964844,94.23999786376953,4366000.0
2025-06-18,94.41999816894531,95.23999786376953,94.01000213623047,94.55000305175781,4267900.0
2025-06-20,94.88999938964844,95.33999633789062,94.36000061035156,94.55000305175781,5587500.0
2025-06-23,94.63999938964844,95.94999694824219,94.55000305175781,95.87000274658203,4798100.0
2025-06-24,95.9800033569336,96.55999755859375,95.4800033569336,96.25,4600200.0
2025-06-25,95.7300033569336,95.73999786376953,93.97000122070312,94.06999969482422,8770100.0
2025-06-26,94.29000091552734,94.29000091552734,92.87000274658203,93.95999908447266,11713700.0
2025-06-27,94.08000183105469,95.08999633789062,93.76000213623047,94.12999725341797,6663500.0
2025-06-30,94.2300033569336,94.83999633789062,93.12000274658203,94.7699966430664,5805200.0
2025-07-01,94.62999725341797,96.1500015258789,94.47000122070312,95.44000244140625,8372800.0
2025-07-02,95.2699966430664,95.83999633789062,94.87999725341797,95.70999908447266,5912200.0
2025-07-03,95.72000122070312,96.12999725341797,95.38999938964844,95.80000305175781,2864800.0
2025-07-07,95.26000213623047,96.26000213623047,94.5,95.0199966430664,6150600.0
2025-07-08,94.66999816894531,95.41999816894531,94.48999786376953,94.91999816894531,5756800.0
2025-07-09,95.05999755859375,95.25,94.58999633789062,95.0199966430664,4992100.0
2025-07-10,95.05999755859375,96.13999938964844,94.76000213623047,95.52999877929688,6391800.0
2025-07-11,95.02999877929688,95.72000122070312,94.52999877929688,95.48999786376953,6391300.0
2025-07-14,95.52999877929688,96.12000274658203,95.30999755859375,96.05999755859375,4931800.0
2025-07-15,96.19999694824219,96.19999694824219,94.52999877929688,94.69999694824219,8148600.0
2025-07-16,95.54000091552734,95.77999877929688,94.73999786376953,95.63999938964844,8075100.0
2025-07-17,95.76000213623047,95.91999816894531,95.08000183105469,95.51000213623047,5827000.0
2025-07-18,95.68000030517578,96.05999755859375,95.3499984741211,95.80000305175781,4955200.0
2025-07-21,96.26000213623047,96.69999694824219,95.87000274658203,96.06999969482422,6799000.0
2025-07-22,96.37999725341797,97.87000274658203,96.31999969482422,97.79000091552734,6597700.0
2025-07-23,98.0199966430664,98.16000366210938,97.5999984741211,98.01000213623047,5583400.0
2025-07-24,97.94999694824219,98.16999816894531,97.62000274658203,97.76000213623047,7756900.0
2025-07-25,97.9000015258789,97.9800033569336,96.73999786376953,97.73999786376953,7058300.0
2025-07-28,97.72000122070312,97.72000122070312,96.05000305175781,96.08999633789062,6455700.0
2025-07-29,96.77999877929688,97.80999755859375,96.12999725341797,97.72000122070312,11391500.0
2025-07-30,97.5199966430664,97.77999877929688,95.72000122070312,96.30999755859375,9450900.0
2025-07-31,95.66999816894531,96.26000213623047,94.76000213623047,94.87999725341797,11401500.0
2025-08-01,96.02999877929688,96.04000091552734,94.12000274658203,94.75,13441000.0
2025-08-04,95.08999633789062,95.97000122070312,94.91999816894531,95.70999908447266,7438700.0
2025-08-05,95.77999877929688,96.2300033569336,95.38999938964844,95.94999694824219,8608200.0
2025-08-06,96.12000274658203,96.22000122070312,95.26000213623047,95.2699966430664,9069900.0
2025-08-07,95.72000122070312,95.7699966430664,95.02999877929688,95.63999938964844,8007800.0
2025-08-08,95.63999938964844,95.8499984741211,94.63999938964844,94.80000305175781,6343700.0
2025-08-11,94.5,94.91999816894531,94.11000061035156,94.16000366210938,6155000.0
2025-08-12,94.45999908447266,94.5999984741211,93.63999938964844,94.51000213623047,9559300.0
2025-08-13,94.7300033569336,95.47000122070312,94.31999969482422,95.38999938964844,8513600.0
2025-08-14,94.73999786376953,94.91000366210938,94.08000183105469,94.68000030517578,8038400.0
2025-08-15,94.80999755859375,95.54000091552734,94.63999938964844,95.29000091552734,7366800.0
2025-08-18,95.30999755859375,95.38999938964844,94.36000061035156,94.36000061035156,6146500.0
2025-08-19,94.86000061035156,96.06999969482422,94.77999877929688,96.05000305175781,6570900.0
2025-08-20,96.36000061035156,97.12999725341797,96.08999633789062,96.41000366210938,8772100.0
2025-08-21,95.81999969482422,96.38999938964844,95.63999938964844,95.98999786376953,5654300.0
2025-08-22,96.69999694824219,98.18000030517578,96.44999694824219,97.72000122070312,8159500.0
2025-08-25,97.5999984741211,97.83000183105469,97.02999877929688,97.16000366210938,5940800.0
2025-08-26,97.18000030517578,97.37999725341797,96.62000274658203,96.83000183105469,6018500.0
2025-08-27,97.12000274658203,97.70999908447266,97.0199966430664,97.33999633789062,5745300.0
2025-08-28,97.43000030517578,97.5,96.56999969482422,97.0999984741211,4935600.0
2025-08-29,97.22000122070312,97.68000030517578,97.08000183105469,97.63999938964844,5888600.0
2025-09-02,96.87000274658203,96.88999938964844,95.6500015258789,95.97000122070312,8576200.0
2025-09-03,95.79000091552734,96.27999877929688,95.63999938964844,96.02999877929688,6985100.0
2025-09-04,96.43000030517578,96.83000183105469,95.80999755859375,96.70999908447266,7435900.0
2025-09-05,97.37999725341797,98.26000213623047,97.12999725341797,97.76000213623047,9763300.0
2025-09-08,96.5999984741211,97.2300033569336,96.43000030517578,97.19000244140625,9730400.0
2025-09-09,97.02999877929688,97.06999969482422,96.62000274658203,97.01000213623047,6814000.0
2025-09-10,97.0999984741211,97.5999984741211,96.7300033569336,96.87000274658203,5687600.0
2025-09-11,97.05999755859375,98.5999984741211,97.0199966430664,98.45999908447266,7086600.0
2025-09-12,98.31999969482422,98.51000213623047,97.87999725341797,97.98999786376953,4856600.0
2025-09-15,98.2699966430664,98.43000030517578,97.55000305175781,97.83000183105469,5732400.0
2025-09-16,97.22000122070312,97.4000015258789,96.4800033569336,96.75,11477000.0
2025-09-17,97.05000305175781,98.16000366210938,96.5199966430664,96.63999938964844,7424400.0
2025-09-18,96.63999938964844,97.12000274658203,96.4000015258789,96.68000030517578,5939400.0
2025-09-19,96.75,96.91999816894531,96.08000183105469,96.12999725341797,4777700.0
2025-09-22,95.94999694824219,96.36000061035156,95.54000091552734,96.16000366210938,4375700.0
2025-09-23,96.29000091552734,96.98999786376953,96.16000366210938,96.80999755859375,4379800.0
2025-09-24,96.69999694824219,96.7300033569336,95.81999969482422,95.83999633789062,5317900.0
2025-09-25,95.91999816894531,96.25,95.51000213623047,95.58000183105469,6528100.0
2025-09-26,95.94000244140625,96.70999908447266,95.7300033569336,96.55999755859375,5956300.0
2025-09-29,96.70999908447266,96.81999969482422,96.19999694824219,96.6500015258789,5733100.0
2025-09-30,96.80999755859375,97.08000183105469,96.33000183105469,97.08000183105469,7019000.0
2025-10-01,97.01000213623047,97.5,96.80999755859375,97.12999725341797,5928900.0
2025-10-02,96.73999786376953,96.88999938964844,96.05000305175781,96.62000274658203,7053900.0
2025-10-03,96.81999969482422,97.75,96.79000091552734,97.04000091552734,5154300.0
2025-10-06,97.13999938964844,97.13999938964844,96.0,96.0,6187200.0
2025-10-07,96.19999694824219,96.19999694824219,95.33999633789062,95.7300033569336,5417400.0
2025-10-08,95.12999725341797,95.6500015258789,95.05999755859375,95.30999755859375,7233300.0
2025-10-09,95.56999969482422,95.56999969482422,94.56999969482422,94.80999755859375,5294900.0
2025-10-10,95.08000183105469,95.25,93.62999725341797,93.69000244140625,9854100.0
2025-10-13,93.81999969482422,94.33999633789062,93.56999969482422,94.26000213623047,5854000.0
2025-10-14,94.19999694824219,95.3499984741211,94.05999755859375,95.23999786376953,6576400.0
2025-10-15,95.61000061035156,96.86000061035156,95.44999694824219,96.61000061035156,6950300.0
2025-10-16,96.81999969482422,97.16000366210938,96.13999938964844,96.31999969482422,6237900.0
2025-10-17,96.33000183105469,97.05999755859375,95.95999908447266,96.94999694824219,5658600.0
2025-10-20,97.47000122070312,97.9800033569336,97.19000244140625,97.97000122070312,4121700.0
2025-10-21,97.8499984741211,98.26000213623047,97.48999786376953,97.62000274658203,4104800.0
2025-10-22,97.98999786376953,98.19999694824219,97.5199966430664,98.05000305175781,6127900.0
2025-10-23,98.19000244140625,98.38999938964844,97.11000061035156,97.94000244140625,4067500.0
2025-10-24,98.56999969482422,98.73999786376953,98.16999816894531,98.16999816894531,4488400.0
2025-10-27,98.30999755859375,98.5,97.80999755859375,98.5,6274200.0
2025-10-28,98.1500015258789,98.30999755859375,96.4000015258789,96.43000030517578,11003000.0
2025-10-29,95.52999877929688,95.94999694824219,93.69000244140625,93.98999786376953,11430700.0
2025-10-30,93.95999908447266,95.08000183105469,93.76000213623047,94.37999725341797,8772800.0
2025-10-31,93.95999908447266,95.01000213623047,93.62999725341797,94.66000366210938,7858700.0
2025-11-03,93.70999908447266,94.68000030517578,93.31999969482422,94.55999755859375,5586600.0
2025-11-04,94.81999969482422,94.91000366210938,94.30999755859375,94.7699966430664,8916600.0
2025-11-05,95.0,95.13999938964844,94.23999786376953,94.76000213623047,7453100.0
2025-11-06,94.69000244140625,95.05999755859375,94.26000213623047,94.26000213623047,5895700.0
2025-11-07,94.62999725341797,95.69000244140625,94.4000015258789,95.66999816894531,6566800.0
2025-11-10,95.51000213623047,95.9000015258789,94.94000244140625,95.48999786376953,6180100.0
2025-11-11,96.01000213623047,96.66000366210938,95.87999725341797,96.62000274658203,7027900.0
2025-11-12,96.04000091552734,96.48999786376953,95.80000305175781,95.83000183105469,7590100.0
2025-11-13,95.41999816894531,95.7300033569336,94.54000091552734,94.66000366210938,7856600.0
2025-11-14,95.0199966430664,95.08999633789062,94.37999725341797,94.87999725341797,6154800.0
2025-11-17,95.23999786376953,95.23999786376953,93.98999786376953,94.23999786376953,5884900.0
2025-11-18,94.23999786376953,94.9000015258789,93.9800033569336,94.68000030517578,8615400.0
2025-11-19,94.6500015258789,94.72000122070312,93.62999725341797,93.94999694824219,5497400.0
2025-11-20,94.52999877929688,95.05999755859375,93.5999984741211,93.62999725341797,7590500.0
2025-11-21,94.11000061035156,95.41000366210938,93.80000305175781,95.06999969482422,9471800.0
2025-11-24,95.13999938964844,95.3499984741211,94.5199966430664,95.19999694824219,6191800.0
2025-11-25,95.51000213623047,96.47000122070312,95.44999694824219,96.08999633789062,10669000.0
2025-11-26,95.83999633789062,97.02999877929688,95.80999755859375,96.5199966430664,5241200.0
2025-11-28,96.41000366210938,97.18000030517578,96.41000366210938,96.9000015258789,4506200.0
2025-12-01,95.97000122070312,96.36000061035156,95.7300033569336,95.79000091552734,7781800.0
2025-12-02,96.0,96.16000366210938,95.13999938964844,95.48999786376953,7746200.0
2025-12-03,95.4800033569336,95.95999908447266,95.30000305175781,95.7699966430664,5558200.0
2025-12-04,95.5999984741211,96.19999694824219,95.41999816894531,95.52999877929688,5834100.0
2025-12-05,95.4000015258789,95.93000030517578,95.2699966430664,95.47000122070312,6028700.0
2025-12-08,95.44000244140625,95.44000244140625,94.61000061035156,94.6500015258789,7613400.0
2025-12-09,94.95999908447266,95.44000244140625,94.11000061035156,94.16000366210938,6332600.0
2025-12-10,94.55000305175781,95.12999725341797,94.31999969482422,94.51000213623047,6049300.0
2025-12-11,94.76000213623047,95.26000213623047,94.56999969482422,94.88999938964844,6968000.0
2025-12-12,95.33999633789062,95.6500015258789,94.51000213623047,94.76000213623047,6818500.0
2025-12-15,95.13999938964844,95.29000091552734,94.37999725341797,95.08000183105469,5865000.0
2025-12-16,94.33000183105469,94.51000213623047,93.30999755859375,93.41999816894531,6298800.0
2025-12-17,93.4800033569336,94.19000244140625,93.31999969482422,93.8499984741211,6696900.0
2025-12-18,94.2699966430664,94.45999908447266,93.25,93.33000183105469,6719600.0
2025-12-19,93.1500015258789,93.6500015258789,92.98999786376953,93.0199966430664,7238200.0
2025-12-22,92.91999816894531,93.7300033569336,92.68000030517578,93.61000061035156,6096200.0
2025-12-23,93.70999908447266,93.70999908447266,93.19999694824219,93.54000091552734,5873500.0
2025-12-24,93.61000061035156,94.3499984741211,93.61000061035156,94.22000122070312,2939100.0
2025-12-26,94.16000366210938,94.37999725341797,93.87999725341797,94.31999969482422,2635100.0
2025-12-29,94.70999908447266,94.79000091552734,94.23999786376953,94.5,5173300.0
2025-12-30,94.58999633789062,94.75,94.37000274658203,94.70999908447266,3506800.0
2025-12-31,94.70999908447266,94.70999908447266,93.87000274658203,93.88999938964844,4916200.0
2026-01-02,93.87000274658203,94.30000305175781,93.23999786376953,93.98999786376953,5553600.0
2026-01-05,93.7300033569336,94.5199966430664,93.29000091552734,94.12999725341797,8210600.0
2026-01-06,93.86000061035156,95.0199966430664,93.69999694824219,94.79000091552734,8150500.0
2026-01-07,95.20999908447266,95.47000122070312,93.7699966430664,93.77999877929688,10601600.0
2026-01-08,93.44000244140625,94.95999908447266,93.2699966430664,94.58000183105469,5441900.0
2026-01-09,94.66999816894531,95.33000183105469,94.66999816894531,94.73999786376953,5267300.0
2026-01-12,94.88999938964844,95.30000305175781,94.62000274658203,94.88999938964844,5247300.0
2026-01-13,94.94000244140625,95.51000213623047,94.05000305175781,95.43000030517578,7050400.0
2026-01-14,95.43000030517578,96.37999725341797,95.37999725341797,96.3499984741211,6304300.0
2026-01-15,96.8499984741211,97.41999816894531,96.51000213623047,97.02999877929688,5639600.0
2026-01-16,96.76000213623047,98.45999908447266,96.7300033569336,98.30999755859375,7273500.0
2026-01-20,97.45999908447266,97.72000122070312,96.33000183105469,96.41000366210938,7989100.0
2026-01-21,97.08000183105469,97.25,95.94000244140625,96.6500015258789,12414700.0
2026-01-22,96.77999877929688,97.02999877929688,95.72000122070312,95.76000213623047,5703800.0
2026-01-23,95.69999694824219,96.13999938964844,95.33000183105469,96.04000091552734,4445300.0
2026-01-26,96.29000091552734,96.58999633789062,95.80000305175781,95.94000244140625,4752700.0
2026-01-27,96.08000183105469,96.19000244140625,95.56999969482422,96.02999877929688,6117200.0
2026-01-28,95.97000122070312,96.25,94.8499984741211,95.08000183105469,7390700.0
2026-01-29,95.58999633789062,96.38999938964844,95.02999877929688,96.2699966430664,7191800.0
2026-01-30,96.0199966430664,96.30000305175781,95.11000061035156,96.20999908447266,9894200.0
2026-02-02,96.44999694824219,96.6500015258789,95.19000244140625,95.2300033569336,10102200.0
2026-02-03,95.05999755859375,95.58999633789062,94.41000366210938,95.0,11092900.0
2026-02-04,95.5199966430664,96.80000305175781,95.20999908447266,96.36000061035156,10556500.0
2026-02-05,96.1500015258789,96.73999786376953,95.56999969482422,96.13999938964844,9699900.0
2026-02-06,96.83000183105469,97.7699966430664,96.66000366210938,97.66000366210938,6132600.0
2026-02-09,97.5,98.1500015258789,96.94999694824219,98.05999755859375,4903600.0
2026-02-10,98.0,99.56999969482422,98.0,99.31999969482422,7641400.0
2026-02-11,99.63999938964844,99.7300033569336,98.79000091552734,98.93000030517578,9283200.0
2026-02-12,100.18000030517578,100.83000183105469,98.76000213623047,98.87000274658203,20971100.0
2026-02-13,99.26000213623047,100.62999725341797,98.8499984741211,100.22000122070312,9641100.0
2026-02-17,100.62999725341797,101.2699966430664,100.01000213623047,101.20999908447266,7926000.0
2026-02-18,100.91000366210938,101.1500015258789,99.80999755859375,100.01000213623047,8551100.0
2026-02-19,99.79000091552734,100.44999694824219,99.37000274658203,99.83000183105469,6579600.0
2026-02-20,99.88999938964844,100.55000305175781,99.75,100.54000091552734,7190900.0
2026-02-23,100.33999633789062,101.36000061035156,100.12999725341797,100.51000213623047,7073900.0
2026-02-24,100.2699966430664,100.91000366210938,100.05000305175781,100.76000213623047,5886800.0
2026-02-25,100.61000061035156,100.94999694824219,99.9800033569336,100.37000274658203,6401600.0
2026-02-26,100.93000030517578,101.20999908447266,100.44000244140625,101.05000305175781,5522100.0
2026-02-27,100.81999969482422,101.79000091552734,100.68000030517578,101.27999877929688,7241300.0
2026-03-02,100.47000122070312,101.80000305175781,100.11000061035156,101.54000091552734,12055700.0
2026-03-03,100.02999877929688,101.33000183105469,99.16000366210938,100.95999908447266,12429500.0
2026-03-04,100.72000122070312,101.16000366210938,100.0,101.05999755859375,10181700.0
2026-03-05,100.04000091552734,100.29000091552734,99.33999633789062,100.18000030517578,12793800.0
2026-03-06,99.33999633789062,99.37000274658203,98.5,99.0199966430664,11883900.0
2026-03-09,97.95999908447266,99.54000091552734,96.88999938964844,99.2300033569336,9613600.0
2026-03-10,98.7300033569336,99.9800033569336,98.45999908447266,99.12000274658203,9056400.0
2026-03-11,98.61000061035156,98.70999908447266,97.7300033569336,98.01000213623047,8628900.0
2026-03-12,97.1500015258789,98.06999969482422,97.0,97.31999969482422,8282600.0
2026-03-13,98.29000091552734,98.73999786376953,97.41000366210938,97.5,8073300.0
2026-03-16,98.33999633789062,98.9800033569336,98.12000274658203,98.25,7510100.0
2026-03-17,98.62999725341797,99.12999725341797,98.29000091552734,98.37000274658203,9420900.0
2026-03-18,98.02999877929688,98.08000183105469,96.79000091552734,96.83999633789062,8072600.0
2026-03-19,96.51000213623047,97.0199966430664,95.97000122070312,96.47000122070312,10670600.0
2026-03-20,96.4800033569336,96.48999786376953,92.98999786376953,93.44999694824219,12543300.0
2026-03-23,94.91000366210938,95.37999725341797,94.06999969482422,94.11000061035156,9426500.0
2026-03-24,93.48999786376953,94.44999694824219,93.20999908447266,93.48999786376953,8481800.0
2026-03-25,93.83000183105469,94.19999694824219,93.02999877929688,93.48999786376953,7197100.0
2026-03-26,93.30000305175781,94.16000366210938,92.93000030517578,93.33999633789062,7426800.0
2026-03-27,93.19000244140625,93.68000030517578,92.44999694824219,92.61000061035156,7776800.0
2026-03-30,93.61000061035156,94.33000183105469,92.72000122070312,93.05999755859375,7503900.0
2026-03-31,94.01000213623047,95.2699966430664,93.43000030517578,94.55999755859375,10777400.0
2026-04-01,94.61000061035156,95.26000213623047,94.3499984741211,94.87999725341797,10911000.0
2026-04-02,94.33999633789062,96.36000061035156,94.23999786376953,96.25,5593000.0
2026-04-06,95.87999725341797,96.69999694824219,95.73999786376953,96.37000274658203,5048600.0
2026-04-07,96.12999725341797,96.8499984741211,95.69999694824219,96.45999908447266,4685200.0
2026-04-08,97.80999755859375,98.31999969482422,97.54000091552734,98.19000244140625,6755800.0
2026-04-09,97.87999725341797,99.70999908447266,97.68000030517578,98.9000015258789,5300400.0
2026-04-10,98.8499984741211,99.3499984741211,98.5999984741211,99.0199966430664,3885500.0
2026-04-13,98.69999694824219,99.45999908447266,98.38999938964844,99.44999694824219,5518800.0
2026-04-14,99.33999633789062,100.5199966430664,99.11000061035156,100.41999816894531,5568700.0
2026-04-15,100.37999725341797,100.5199966430664,99.79000091552734,100.47000122070312,4728000.0
2026-04-16,100.77999877929688,101.47000122070312,100.69000244140625,101.36000061035156,4417600.0
2026-04-17,101.76000213623047,103.0999984741211,101.4800033569336,102.9800033569336,5843800.0
2026-04-20,102.5199966430664,103.26000213623047,102.5199966430664,103.2300033569336,3527200.0
2026-04-21,103.02999877929688,103.31999969482422,101.4000015258789,101.44999694824219,6975000.0
2026-04-22,101.80000305175781,102.2300033569336,100.19000244140625,100.62999725341797,5517400.0
2026-04-23,101.0199966430664,101.69999694824219,100.5999984741211,101.66000366210938,5020100.0
2026-04-24,101.61000061035156,102.20999908447266,101.31999969482422,101.41000366210938,3991400.0
2026-04-27,101.05000305175781,101.80000305175781,100.69999694824219,100.83000183105469,4001400.0
2026-04-28,101.33999633789062,101.80000305175781,100.44000244140625,101.73999786376953,5244800.0
2026-04-29,101.19999694824219,101.94999694824219,100.5,100.9000015258789,4983900.0
2026-04-30,100.8499984741211,102.7300033569336,100.73999786376953,102.62999725341797,8650100.0
2026-05-01,102.80000305175781,102.98999786376953,102.05999755859375,102.36000061035156,5375500.0
2026-05-04,101.88999938964844,102.56999969482422,101.29000091552734,101.62999725341797,3805700.0
2026-05-05,101.8499984741211,102.16000366210938,101.19000244140625,101.94000244140625,3471800.0
2026-05-06,102.51000213623047,103.58999633789062,102.48999786376953,103.27999877929688,4317900.0
2026-05-07,103.0,103.31999969482422,102.04000091552734,102.55999755859375,4548700.0
2026-05-08,102.87000274658203,103.3499984741211,102.70999908447266,102.7699966430664,4273200.0
2026-05-11,102.80000305175781,103.5199966430664,102.5199966430664,102.83999633789062,4127700.0
2026-05-12,103.05000305175781,103.12000274658203,102.16000366210938,102.8499984741211,5900500.0
2026-05-13,102.41999816894531,102.45999908447266,101.52999877929688,102.01000213623047,9266400.0
2026-05-14,102.38999938964844,102.45999908447266,101.2699966430664,101.33000183105469,6679300.0
2026-05-15,101.12000274658203,101.12000274658203,99.69000244140625,99.80000305175781,7695900.0
2026-05-18,100.0199966430664,101.1500015258789,100.0,100.91000366210938,5194800.0
2026-05-19,100.80000305175781,101.51000213623047,100.36000061035156,101.26000213623047,5231900.0
2026-05-20,101.31999969482422,102.44000244140625,101.11000061035156,102.41000366210938,3865500.0
2026-05-21,102.12000274658203,102.66000366210938,101.36000061035156,102.55999755859375,4862600.0
2026-05-22,102.88999938964844,103.19999694824219,102.02999877929688,102.72000122070312,4142700.0
2026-05-26,103.2300033569336,103.45999908447266,102.72000122070312,103.12000274658203,5585700.0
2026-05-27,103.0,103.63999938964844,102.77999877929688,102.79000091552734,4304400.0
2026-05-28,102.55000305175781,103.02999877929688,102.08000183105469,102.30999755859375,4096300.0
2026-05-29,102.13999938964844,102.13999938964844,101.04000091552734,101.43000030517578,6504800.0
2026-06-01,100.68000030517578,100.94000244140625,99.5999984741211,99.5999984741211,7729700.0
2026-06-02,99.58999633789062,100.1500015258789,99.18000030517578,99.98999786376953,4393400.0
2026-06-03,99.75,100.93000030517578,99.61000061035156,100.0,7678600.0
2026-06-04,101.27999877929688,101.8499984741211,100.58999633789062,101.79000091552734,5266600.0
2026-06-05,101.44000244140625,103.30999755859375,101.33000183105469,102.54000091552734,6791800.0
2026-06-08,102.52999877929688,102.8499984741211,100.91999816894531,101.08000183105469,8100400.0
2026-06-09,101.66999816894531,103.91999816894531,101.54000091552734,103.48999786376953,8192700.0
2026-06-10,103.7699966430664,104.2300033569336,103.48999786376953,103.5199966430664,7844700.0
2026-06-11,103.76000213623047,104.19000244140625,103.01000213623047,103.44999694824219,8923000.0
2026-06-12,103.68000030517578,104.73999786376953,103.68000030517578,104.37000274658203,4907100.0
2026-06-15,103.9000015258789,104.56999969482422,102.83999633789062,103.08000183105469,8028600.0
2026-06-16,103.83000183105469,104.11000061035156,102.98999786376953,103.33999633789062,5032300.0
2026-06-17,103.08999633789062,103.19999694824219,100.38999938964844,100.62000274658203,7734600.0
2026-06-18,101.54000091552734,101.54000091552734,100.37000274658203,100.44999694824219,5268800.0
2026-06-22,100.91999816894531,102.05000305175781,100.44000244140625,101.61000061035156,4525300.0
2026-06-23,101.76000213623047,103.19000244140625,101.76000213623047,102.98999786376953,4736700.0
2026-06-24,103.47000122070312,103.52999877929688,102.3499984741211,102.8499984741211,5904700.0
2026-06-25,103.37000274658203,103.45999908447266,102.02999877929688,103.0999984741211,4386500.0
2026-06-26,103.98999786376953,104.7699966430664,103.56999969482422,104.63999938964844,5327000.0
2026-06-29,104.37000274658203,104.48999786376953,103.18000030517578,104.08999633789062,6485900.0
2026-06-30,102.91999816894531,103.16999816894531,102.16999816894531,102.25,8125000.0
2026-07-01,102.16999816894531,103.47000122070312,102.16999816894531,102.70999908447266,6104100.0
2026-07-02,103.26000213623047,104.02999877929688,103.02999877929688,104.01000213623047,5575800.0
2026-07-06,104.08000183105469,104.12999725341797,102.88999938964844,103.2300033569336,5800200.0
2026-07-07,103.79000091552734,105.16000366210938,103.66999816894531,104.51000213623047,4611600.0
2026-07-08,104.37000274658203,104.37000274658203,102.70999908447266,102.79000091552734,5416500.0
2026-07-09,102.91999816894531,103.5999984741211,102.66999816894531,103.0,4766400.0
2026-07-10,103.58999633789062,103.73999786376953,102.43000030517578,103.31999969482422,4834700.0
2026-07-13,103.66000366210938,104.47000122070312,103.44000244140625,103.91000366210938,5043600.0
2026-07-14,103.97000122070312,104.25,103.38999938964844,103.58999633789062,4143500.0
2026-07-15,103.94000244140625,104.95999908447266,103.44999694824219,103.83000183105469,5591400.0
2026-07-16,104.30000305175781,106.30999755859375,104.08000183105469,106.25,5265900.0
2026-07-17,106.62000274658203,107.37000274658203,105.61000061035156,106.08999633789062,5216700.0
2026-07-20,105.7699966430664,106.25,105.13999938964844,105.55000305175781,3922000.0
2026-07-21,105.66999816894531,105.86000061035156,105.08999633789062,105.5199966430664,4581000.0
2026-07-22,105.8499984741211,105.86000061035156,104.77999877929688,104.94999694824219,3327400.0
2026-07-23,104.63999938964844,105.43000030517578,104.41999816894531,104.70999908447266,4654600.0
2026-07-24,105.51000213623047,107.31999969482422,105.51000213623047,107.0,7884800.0
2026-07-27,106.73999786376953,107.30999755859375,106.43000030517578,106.63999938964844,3666100.0
2026-07-28,107.83999633789062,108.16999816894531,107.22000122070312,107.26000213623047,5245900.0
2026-07-29,107.20999908447266,107.62999725341797,106.48999786376953,107.01000213623047,6530600.0
2026-07-30,107.1500015258789,107.22000122070312,104.68000030517578,105.66999816894531,6438900.0
2026-07-31,105.55000305175781,105.75,104.44999694824219,105.08999633789062,5885700.0
2026-08-03,105.12999725341797,105.83999633789062,104.73999786376953,105.2300033569336,4681100.0
2026-08-04,104.27999877929688,105.23999786376953,103.47000122070312,105.12000274658203,8161200.0
2026-08-05,105.5,105.5,104.12999725341797,105.13999938964844,5916700.0
2026-08-06,105.88999938964844,105.88999938964844,103.88999938964844,104.19000244140625,5592600.0
2026-08-07,104.19999694824219,105.25,104.0,104.69000244140625,4309400.0
2026-08-10,104.0199966430664,104.16000366210938,102.94000244140625,103.3499984741211,5355900.0
2026-08-11,103.08000183105469,103.2699966430664,102.4800033569336,102.56999969482422,5528600.0
2026-08-12,102.93000030517578,103.61000061035156,102.69000244140625,103.51000213623047,4392900.0
2026-08-13,104.04000091552734,105.05999755859375,104.0,104.88999938964844,5838300.0
2026-08-14,104.95999908447266,105.30000305175781,104.66999816894531,105.05999755859375,4256900.0
2026-08-17,104.52999877929688,104.7699966430664,103.9000015258789,104.1500015258789,3604200.0
2026-08-18,104.97000122070312,104.97000122070312,103.73999786376953,103.76000213623047,4375100.0
2026-08-19,104.38999938964844,104.94999694824219,104.0199966430664,104.79000091552734,5122300.0
2026-08-20,104.72000122070312,105.31999969482422,104.36000061035156,104.77999877929688,4081000.0
2026-08-21,105.0999984741211,105.16999816894531,104.38999938964844,104.7300033569336,3431400.0
2026-08-24,105.0,105.62999725341797,104.62000274658203,105.38999938964844,3439400.0
2026-08-25,105.4000015258789,105.66000366210938,104.91000366210938,105.45999908447266,2879400.0
2026-08-26,105.5,105.62000274658203,104.69999694824219,104.73999786376953,3218300.0
2026-08-27,104.08999633789062,104.55000305175781,103.75,103.79000091552734,4285000.0
2026-08-31,103.05000305175781,103.05000305175781,102.08000183105469,102.62999725341797,4895800.0
2026-09-01,102.62000274658203,103.16999816894531,102.11000061035156,102.44999694824219,7097000.0
2026-09-02,102.55000305175781,102.56999969482422,101.45999908447266,101.83999633789062,4931100.0
